do_code;do_ref;do_reftier;do_r1_code;do_r2_code;do_r3_code;do_r4_code;do_type;do_indice;do_date;do_classe;do_url1;do_url2;do_comment;do_creadat;do_majdate;do_majsrc;do_abddate;do_abdsrc
1;34930;9SI-3-T92-050-ZO-04;;;;;200;;;;;;;;;;;
2;34272;9SI-3-T93-006-RT-05;;;;;200;;;;;;;;;;;
3;34837;9SI-3-T93-072-RT-25;;;;;200;;;;;;;;;;;
4;62939;9SI-3-T93-078-RT-26;;;;;200;;;;;;;;;;;
5;34918;9SI-3-T93-071-RT-26;;;;;200;;;;;;;;;;;
6;35644;9SI-3-T91-345-ZO-50;;;;;200;;;;;;;;;;;
7;81685;9SI-3-T93-066-RT-162;;;;;200;;;;;;;;;;;
8;81769;9SI-3-T93-059-RT-27;;;;;200;;;;;;;;;;;
9;70962;9SI-3-T92-050-RT-41;;;;;200;;;;;;;;;;;
10;76611;NUME_9SI-3-T94-028-RT-15;;;;;500;;;;;;;;;;;
11;34455;9SI-3-T93-001-RT-01;;;;;200;;;;;;;;;;;
12;70041;9SI-3-T93-064-RT-05;;;;;200;;;;;;;;;;;
13;62024;9SI-3-T93-027-RT-52;;;;;200;;;;;;;;;;;
14;34710;9SI-3-T93-070-ZO-33;;;;;200;;;;;;;;;;;
15;28624;IRSA-3-T082-S004-PGC-01;;;;;200;;;;;;;;;;;
16;28625;IRSA-3-T068-S001-PGC-01;;;;;200;;;;;;;;;;;
17;33446;9SI-3-T94-081-RT-50;;;;;200;;;;;;;;;;;
18;33448;2Z2-3-T40-S01-RT-01;;;;;200;;;;;;;;;;;
19;33449;2Z2-3-T38-S00-SI-01;;;;;5000;;;;;;;;;;;
20;33450;2Z2-3-T38-S01-RT-01;;;;;200;;;;;;;;;;;
21;33451;2Z2-3-T33-S00-SI-01;;;;;5000;;;;;;;;;;;
22;33470;2Z2-3-T33-S01-RT-01;;;;;200;;;;;;;;;;;
23;33471;2Z2-3-T28-S00-SI-01;;;;;5000;;;;;;;;;;;
24;33473;2Z2-3-T19-S00-SI-01;;;;;5000;;;;;;;;;;;
25;33401;2Z3-3-T07-S00-SI-01;;;;;5000;;;;;;;;;;;
26;33494;2Z2-3-T12-S01-RT-01;;;;;200;;;;;;;;;;;
27;33495;2Z2-3-T07-S00-SI-01;;;;;5000;;;;;;;;;;;
28;33497;2Z1-3-T18-S00-SI-01;;;;;5000;;;;;;;;;;;
29;33402;2Z2-3-T94-S00-SI-01;;;;;5000;;;;;;;;;;;
30;33403;2Z2-3-T80-S00-SI-01;;;;;5000;;;;;;;;;;;
31;33404;2Z2-3-T80-S01-RT-01;;;;;200;;;;;;;;;;;
32;33498;2Z1-3-T18-S01-RT-01;;;;;200;;;;;;;;;;;
33;33499;2Z1-3-T13-S01-RT-03;;;;;200;;;;;;;;;;;
34;33359;9SI-3-T94-081-RT-01;;;;;200;;;;;;;;;;;
35;33360;9SI-3-T94-081-ZO-07;;;;;200;;;;;;;;;;;
36;33361;9SI-3-T94-081-ZO-11;;;;;200;;;;;;;;;;;
37;33362;9SI-3-T94-081-ZO-05;;;;;200;;;;;;;;;;;
38;33423;9SI-3-T94-081-ZO-04;;;;;200;;;;;;;;;;;
39;33424;9SI-3-T94-081-ZO-12;;;;;200;;;;;;;;;;;
40;33425;9SI-3-T94-081-ZO-14;;;;;200;;;;;;;;;;;
41;33474;2Z2-3-T19-S01-RT-01;;;;;200;;;;;;;;;;;
42;33475;2Z2-3-T15-S01-RT-01;;;;;200;;;;;;;;;;;
43;33426;9SI-3-T94-081-ZO-16;;;;;200;;;;;;;;;;;
44;33427;9SI-3-T94-081-IM-52;;;;;500;;;;;;;;;;;
45;34197;LDKC_9SI-3-T92-050-RT-85;;;;;200;;;;;;;;;;;
46;34198;LDKC_9SI-3-T92-050-RT-86;;;;;200;;;;;;;;;;;
47;34199;9SI-3-T93-055-RT-42;;;;;500;;;;;;;;;;;
48;34200;LDKC_9SI-3-T93-066-RT-13;;;;;200;;;;;;;;;;;
49;34201;LDKC_9SI-3-T93-066-RT-15;;;;;200;;;;;;;;;;;
50;34247;9SI-3-T93-066-RT-53;;;;;200;;;;;;;;;;;
51;34248;9SI-3-T93-066-RT-55;;;;;200;;;;;;;;;;;
52;34249;9SI-3-T93-066-RT-57;;;;;200;;;;;;;;;;;
53;34250;9SI-3-T93-059-ZO-32;;;;;200;;;;;;;;;;;
54;34251;9SI-3-T93-059-ZO-30;;;;;200;;;;;;;;;;;
55;34252;9SI-3-T93-048-RT-02;;;;;200;;;;;;;;;;;
56;34253;9SI-3-T93-048-RT-06;;;;;200;;;;;;;;;;;
57;34254;9SI-3-T93-048-RT-12;;;;;200;;;;;;;;;;;
58;34255;9SI-3-T93-001-ZO-07;;;;;200;;;;;;;;;;;
59;34256;9SI-3-T93-001-RT-61;;;;;200;;;;;;;;;;;
60;34257;9SI-3-T93-001-ZO-25;;;;;200;;;;;;;;;;;
61;34258;9SI-3-T93-001-RT-27;;;;;500;;;;;;;;;;;
62;34259;9SI-3-T93-001-RT-25;;;;;500;;;;;;;;;;;
63;34260;9SI-3-T93-064-RT-13;;;;;1000;;;;;;;;;;;
64;34261;9SI-3-T93-064-RT-14;;;;;200;;;;;;;;;;;
65;34202;9SI-3-T93-066-RT-286;;;;;200;;;;;;;;;;;
66;34203;9SI-3-T93-064-RT-31;;;;;200;;;;;;;;;;;
67;34204;9SI-3-T93-064-RT-27;;;;;200;;;;;;;;;;;
68;34205;9SI-3-T93-066-RT-172;;;;;200;;;;;;;;;;;
69;34206;9SI-3-T93-066-RT-176;;;;;200;;;;;;;;;;;
70;34262;9SI-3-T93-064-ZO-30;;;;;200;;;;;;;;;;;
71;34263;9SI-3-T93-064-RT-34;;;;;200;;;;;;;;;;;
72;34264;9SI-3-T93-064-RT-26;;;;;200;;;;;;;;;;;
73;34265;9SI-3-T93-066-ZO-07;;;;;200;;;;;;;;;;;
74;34266;9SI-3-T93-066-ZO-03;;;;;200;;;;;;;;;;;
75;34207;LDKC_9SI-3-T93-066-RT-19;;;;;200;;;;;;;;;;;
76;34208;LDKC_9SI-3-T93-066-RT-21;;;;;200;;;;;;;;;;;
77;34209;LDKC_9SI-3-T93-066-RT-23;;;;;200;;;;;;;;;;;
78;34210;9SI-3-T92-051-RT-52;;;;;500;;;;;;;;;;;
79;34211;9SI-3-T92-050-RT-97;;;;;200;;;;;;;;;;;
80;34273;9SI-3-T93-006-RT-03;;;;;1000;;;;;;;;;;;
81;34274;9SI-3-T93-006-ZO-31;;;;;200;;;;;;;;;;;
82;34275;9SI-3-T92-050-RT-60;;;;;200;;;;;;;;;;;
83;34276;9SI-3-T92-050-RT-37;;;;;200;;;;;;;;;;;
84;34277;9SI-3-T92-050-ZO-25;;;;;200;;;;;;;;;;;
85;34171;LDKC_9SI-3-T93-066-RT-08b;;;;;200;;;;;;;;;;;
86;34212;9SI-3-T92-050-RT-14;;;;;200;;;;;;;;;;;
87;34213;9SI-3-T92-050-RT-12;;;;;200;;;;;;;;;;;
88;34214;9SI-3-T92-050-RT-11;;;;;500;;;;;;;;;;;
89;34215;9SI-3-T93-055-RT-36;;;;;200;;;;;;;;;;;
90;34216;9SI-3-T93-055-RT-34;;;;;200;;;;;;;;;;;
91;34294;9SI-3-T92-050-RT-10;;;;;500;;;;;;;;;;;
92;34295;9SI-3-T92-050-ZO-54;;;;;200;;;;;;;;;;;
93;34296;9SI-3-T93-055-RT-12;;;;;200;;;;;;;;;;;
94;34297;9SI-3-T93-055-RT-11;;;;;200;;;;;;;;;;;
95;34298;9SI-3-T93-055-RT-19;;;;;200;;;;;;;;;;;
96;34172;LDKC_9SI-3-T93-066-RT-08a;;;;;200;;;;;;;;;;;
97;34173;LDKC_9SI-3-T93-066-RT-43;;;;;200;;;;;;;;;;;
98;34174;LDKC_9SI-3-T93-066-RT-37;;;;;200;;;;;;;;;;;
99;34175;LDKC_9SI-3-T93-066-RT-35;;;;;200;;;;;;;;;;;
100;34176;LDKC_9SI-3-T93-066-RT-07;;;;;200;;;;;;;;;;;
101;34217;9SI-3-T93-055-RT-15;;;;;200;;;;;;;;;;;
102;34218;9SI-3-T93-048-RT-47;;;;;200;;;;;;;;;;;
103;34219;9SI-3-T93-048-RT-91;;;;;200;;;;;;;;;;;
104;34220;9SI-3-T93-064-ZO-25;;;;;200;;;;;;;;;;;
105;34221;9SI-3-T93-064-RT-82;;;;;200;;;;;;;;;;;
106;34299;9SI-3-T93-055-RT-18;;;;;200;;;;;;;;;;;
107;34300;9SI-3-T93-055-RT-17;;;;;200;;;;;;;;;;;
108;34301;NOOS_9SI-3-T92-060-RT-53;;;;;500;;;;;;;;;;;
109;34302;LDKC_9SI-3-T92-051-RT-55;;;;;200;;;;;;;;;;;
110;34303;LDKC_9SI-3-T92-051-RT-56;;;;;200;;;;;;;;;;;
111;34177;LDKC_9SI-3-T93-066-RT-05;;;;;200;;;;;;;;;;;
112;34178;LDKC_9SI-3-T93-066-RT-01;;;;;200;;;;;;;;;;;
113;34179;LDKC_9SI-3-T93-066-RT-09;;;;;200;;;;;;;;;;;
114;34180;9SI-3-T93-027-RT-57;;;;;200;;;;;;;;;;;
115;34181;9SI-3-T93-027-RT-63;;;;;200;;;;;;;;;;;
116;34222;9SI-3-T93-064-RT-80;;;;;200;;;;;;;;;;;
117;34223;9SI-3-T93-064-RT-40;;;;;200;;;;;;;;;;;
118;34224;9SI-3-T93-064-ZO-34;;;;;200;;;;;;;;;;;
119;34225;LDKC_9SI-3-T93-066-RT-25;;;;;200;;;;;;;;;;;
120;34226;LDKC_9SI-3-T93-066-RT-29;;;;;200;;;;;;;;;;;
121;34284;9SI-3-T93-064-RT-37;;;;;200;;;;;;;;;;;
122;34285;9SI-3-T93-064-RT-35;;;;;200;;;;;;;;;;;
123;34286;9SI-3-T93-066-RT-37;;;;;200;;;;;;;;;;;
124;34287;9SI-3-T93-066-RT-47;;;;;200;;;;;;;;;;;
125;34288;9SI-3-T93-066-RT-45;;;;;200;;;;;;;;;;;
126;34182;9SI-3-T93-027-RT-25;;;;;200;;;;;;;;;;;
127;34183;9SI-3-T93-027-RT-61;;;;;200;;;;;;;;;;;
128;34184;9SI-3-T93-027-ZO-02;;;;;200;;;;;;;;;;;
129;34185;9SI-3-T93-066-RT-64;;;;;200;;;;;;;;;;;
130;34186;9SI-3-T93-066-ZO-34;;;;;200;;;;;;;;;;;
131;34227;LDKC_9SI-3-T93-066-RT-31;;;;;200;;;;;;;;;;;
132;34228;LDKC_9SI-3-T93-066-RT-33;;;;;200;;;;;;;;;;;
133;34229;9SI-3-T93-066-RT-65;;;;;200;;;;;;;;;;;
134;34230;9SI-3-T93-059-RT-36;;;;;200;;;;;;;;;;;
135;34231;9SI-3-T93-059-RT-50;;;;;200;;;;;;;;;;;
136;34304;LDKC_9SI-3-T92-051-RT-57;;;;;200;;;;;;;;;;;
137;34305;LDKC_9SI-3-T92-051-RT-58;;;;;200;;;;;;;;;;;
138;34306;9SI-3-T93-066-RT-169;;;;;200;;;;;;;;;;;
139;34307;9SI-3-T93-066-RT-32;;;;;200;;;;;;;;;;;
140;34308;9SI-3-T93-064-ZO-35;;;;;200;;;;;;;;;;;
141;34187;9SI-3-T93-066-RT-178;;;;;200;;;;;;;;;;;
142;34188;9SI-3-T93-066-RT-182;;;;;200;;;;;;;;;;;
143;34189;9SI-3-T93-066-RT-180;;;;;200;;;;;;;;;;;
144;34190;9SI-3-T93-006-ZO-30;;;;;200;;;;;;;;;;;
145;34191;9SI-3-T93-006-ZO-28;;;;;200;;;;;;;;;;;
146;34232;9SI-3-T93-059-RT-32;;;;;200;;;;;;;;;;;
147;34233;9SI-3-T93-059-ZO-40;;;;;200;;;;;;;;;;;
148;34234;9SI-3-T93-059-ZO-38;;;;;200;;;;;;;;;;;
149;34235;9SI-3-T93-048-RT-85;;;;;200;;;;;;;;;;;
150;34236;9SI-3-T93-048-RT-83;;;;;200;;;;;;;;;;;
151;34278;9SI-3-T92-050-RT-40;;;;;200;;;;;;;;;;;
152;34280;9SI-3-T92-050-RT-30;;;;;200;;;;;;;;;;;
153;34281;9SI-3-T93-064-ZO-26;;;;;200;;;;;;;;;;;
154;34282;9SI-3-T93-064-RT-30;;;;;200;;;;;;;;;;;
155;34283;9SI-3-T93-064-RT-39;;;;;200;;;;;;;;;;;
156;34192;9SI-3-T93-006-RT-04;;;;;200;;;;;;;;;;;
157;34193;9SI-3-T93-006-RT-02;;;;;200;;;;;;;;;;;
158;34194;9SI-3-T93-006-RT-01;;;;;1000;;;;;;;;;;;
159;34195;LDKC_9SI-3-T92-050-RT-04;;;;;200;;;;;;;;;;;
160;34196;LDKC_9SI-3-T92-050-RT-05;;;;;200;;;;;;;;;;;
161;34237;9SI-3-T93-045-RT-51;;;;;200;;;;;;;;;;;
162;34238;9SI-3-T93-045-ZO-01;;;;;200;;;;;;;;;;;
163;34239;9SI-3-T93-001-RT-37;;;;;200;;;;;;;;;;;
164;34240;9SI-3-T93-064-ZO-32;;;;;200;;;;;;;;;;;
165;34241;9SI-3-T93-064-RT-52;;;;;200;;;;;;;;;;;
166;34289;9SI-3-T93-066-RT-43;;;;;200;;;;;;;;;;;
167;34290;9SI-3-T93-066-RT-25;;;;;200;;;;;;;;;;;
168;34291;9SI-3-T93-006-ZO-25;;;;;200;;;;;;;;;;;
169;34292;NOOS_9SI-3-T93-001-RT-09;;;;;500;;;;;;;;;;;
170;34293;9SI-3-T92-050-RT-09;;;;;500;;;;;;;;;;;
171;34242;9SI-3-T93-064-RT-50;;;;;200;;;;;;;;;;;
172;34243;9SI-3-T93-064-RT-08;;;;;200;;;;;;;;;;;
173;34244;9SI-3-T93-064-RT-04;;;;;200;;;;;;;;;;;
174;34245;9SI-3-T93-066-RT-63;;;;;200;;;;;;;;;;;
175;34246;9SI-3-T93-066-ZO-55;;;;;200;;;;;;;;;;;
176;34309;9SI-3-T93-064-RT-09;;;;;200;;;;;;;;;;;
177;34310;9SI-3-T93-064-RT-07;;;;;200;;;;;;;;;;;
178;34311;9SI-3-T92-050-RT-55;;;;;200;;;;;;;;;;;
179;34312;9SI-3-T92-050-ZO-01;;;;;200;;;;;;;;;;;
180;34313;9SI-3-T93-059-ZO-28;;;;;200;;;;;;;;;;;
181;34267;9SI-3-T93-066-RT-29;;;;;200;;;;;;;;;;;
182;34268;9SI-3-T93-066-RT-27;;;;;200;;;;;;;;;;;
183;34269;9SI-3-T93-066-ZO-31;;;;;200;;;;;;;;;;;
184;34270;9SI-3-T93-048-RT-39;;;;;200;;;;;;;;;;;
185;34271;9SI-3-T93-048-RT-43;;;;;200;;;;;;;;;;;
186;33563;PACC_9SI3T95127_Square de l'Echiquier;;;;;200;;;;;;;;;;;
187;33564;PACC_9SI3T95127_Av. du Hazay 3;;;;;200;;;;;;;;;;;
188;33565;PACC_9SI3T95127_Av. du Hazay1;;;;;200;;;;;;;;;;;
189;33608;PACC_9SI3T95127_Av. du Jour 2;;;;;200;;;;;;;;;;;
190;33609;PACC_9SI3T95127_Av. du Jour 1;;;;;200;;;;;;;;;;;
191;33610;PACC_9SI3T95127_Constellation1;;;;;200;;;;;;;;;;;
192;33652;9SI-3-T95-127-RT-56;;;;;200;;;;;;;;;;;
193;33698;9SI-3-T94-081-RT-82;;;;;200;;;;;;;;;;;
194;33699;9SI-3-T94-081-RT-80;;;;;200;;;;;;;;;;;
195;33700;9SI-3-T94-081-ZO-25;;;;;200;;;;;;;;;;;
196;33701;9SI-3-T94-081-RT-35;;;;;200;;;;;;;;;;;
197;33702;9SI-3-T94-081-RT-33;;;;;200;;;;;;;;;;;
198;33517;2Z1-3-T13-S01-RT-01;;;;;200;;;;;;;;;;;
199;33518;2Z1-3-T12-S01-RT-01;;;;;200;;;;;;;;;;;
200;33519;2Z1-3-T12-S00-SI-01;;;;;5000;;;;;;;;;;;
201;33520;2Z1-3-T03-S00-SI-01;;;;;5000;;;;;;;;;;;
202;33522;9SI-3-T95-585-RT-58;;;;;200;;;;;;;;;;;
203;33583;LEV3_9SI-3-T95-127-RT-01;;;;;1000;;;;;;;;;;;
204;33584;LEV3_9SI-3-T95-127-RT-04;;;;;1000;;;;;;;;;;;
205;33653;9SI-3-T95-127-RT-54;;;;;200;;;;;;;;;;;
206;33654;9SI-3-T95-127-RT-53;;;;;200;;;;;;;;;;;
207;33655;9SI-3-T95-127-RT-14;;;;;200;;;;;;;;;;;
208;33539;9SI-3-T95-585-RT-50;;;;;200;;;;;;;;;;;
209;33540;9SI-3-T95-585-RT-51;;;;;200;;;;;;;;;;;
210;33541;9SI-3-T95-585-RT-53;;;;;200;;;;;;;;;;;
211;33585;LEV3_9SI-3-T95-127-RT-05;;;;;1000;;;;;;;;;;;
212;33586;LEV3_9SI-3-T95-127-RT-07;;;;;1000;;;;;;;;;;;
213;33587;LEV3_9SI-3-T95-127-RT-08;;;;;1000;;;;;;;;;;;
214;33629;PACC_9SI3T95127_Chemin1;;;;;200;;;;;;;;;;;
215;33542;9SI-3-T95-585-RT-56;;;;;200;;;;;;;;;;;
216;33543;9SI-3-T95-585-RT-57;;;;;200;;;;;;;;;;;
217;33630;PACC_9SI3T95127_Moulin 1;;;;;200;;;;;;;;;;;
218;33631;PACC_9SI3T95127_Terroir1;;;;;200;;;;;;;;;;;
219;33632;PACC_9SI3T95127_Terroir2;;;;;200;;;;;;;;;;;
220;33633;PACC_9SI3T95127_Genottes 1;;;;;200;;;;;;;;;;;
221;33675;9SI-3-T95-127-ZO-05;;;;;200;;;;;;;;;;;
222;33676;9SI-3-T95-127-ZO-01;;;;;200;;;;;;;;;;;
223;33606;LEV3_9SI-3-T95-127-RT-03;;;;;1000;;;;;;;;;;;
224;33607;PACC_9SI3T95127_Oise 10;;;;;200;;;;;;;;;;;
225;33677;9SI-3-T95-127-ZO-06;;;;;200;;;;;;;;;;;
226;33678;9SI-3-T95-127-RT-98;;;;;200;;;;;;;;;;;
227;33679;9SI-3-T94-081-RT-81;;;;;200;;;;;;;;;;;
228;33561;PACC_9SI3T95127_Aven1;;;;;200;;;;;;;;;;;
229;33562;PACC_9SI3T95127_Heaumiere 1;;;;;200;;;;;;;;;;;
230;34667;9SI-3-T93-070-ZO-30;;;;;200;;;;;;;;;;;
231;34668;9SI-3-T93-070-ZO-26;;;;;200;;;;;;;;;;;
232;34669;9SI-3-T93-070-RT-26;;;;;200;;;;;;;;;;;
233;34670;NUME_9SI-3-T94-058-RT-03;;;;;500;;;;;;;;;;;
234;34671;9SI-3-T94-058-ZO-03;;;;;200;;;;;;;;;;;
235;34698;9SI-3-T94-028-ZO-01;;;;;200;;;;;;;;;;;
236;34699;9SI-3-T94-028-RT-01;;;;;200;;;;;;;;;;;
237;34700;9SI-3-T94-028-RT-27;;;;;200;;;;;;;;;;;
238;34701;9SI-3-T94-016-ZO-50;;;;;200;;;;;;;;;;;
239;34702;9SI-3-T94-016-RT-56;;;;;200;;;;;;;;;;;
240;34725;9SI-3-T94-015-ZO-01;;;;;200;;;;;;;;;;;
241;34727;9SI-3-T93-070-ZO-31;;;;;200;;;;;;;;;;;
242;34728;9SI-3-T93-070-ZO-25;;;;;200;;;;;;;;;;;
243;34729;9SI-3-T93-070-ZO-27;;;;;200;;;;;;;;;;;
244;34730;9SI-3-T93-070-RT-29;;;;;200;;;;;;;;;;;
245;34741;9SI-3-T94-028-ZO-32;;;;;200;;;;;;;;;;;
246;34742;9SI-3-T94-028-RT-40;;;;;200;;;;;;;;;;;
247;34743;9SI-3-T94-015-RT-55;;;;;200;;;;;;;;;;;
248;34744;9SI-3-T94-015-RT-53;;;;;200;;;;;;;;;;;
249;34745;9SI-3-T94-015-RT-51;;;;;200;;;;;;;;;;;
250;34746;LEV3_9SI-3-T94-015-RT-02;;;;;1000;;;;;;;;;;;
251;34747;9SI-3-T94-011-RT-42;;;;;200;;;;;;;;;;;
252;34748;9SI-3-T94-081-ZO-13;;;;;200;;;;;;;;;;;
253;34749;9SI-3-T94-081-ZO-17;;;;;200;;;;;;;;;;;
254;34750;9SI-3-T94-081-IM-53;;;;;500;;;;;;;;;;;
255;34838;9SI-3-T93-071-RT-25;;;;;200;;;;;;;;;;;
256;34839;9SI-3-T92-050-RT-82;;;;;200;;;;;;;;;;;
257;34840;9SI-3-T92-050-RT-80;;;;;200;;;;;;;;;;;
258;34841;9SI-3-T92-050-RT-79;;;;;200;;;;;;;;;;;
259;34842;9SI-3-T92-050-RT-78;;;;;200;;;;;;;;;;;
260;34888;LEV3_9SI-3-T95-218-RT-01;;;;;1000;;;;;;;;;;;
261;34889;LDKC_9SI-3-T92-023-RT-72;;;;;200;;;;;;;;;;;
262;34890;LDKC_9SI-3-T92-023-RT-57;;;;;200;;;;;;;;;;;
263;34891;LDKC_9SI-3-T92-023-RT-51;;;;;200;;;;;;;;;;;
264;34892;LDKC_9SI-3-T92-023-RT-52;;;;;200;;;;;;;;;;;
265;34751;9SI-3-T94-081-RT-51;;;;;200;;;;;;;;;;;
266;34752;9SI-3-T94-081-RT-53;;;;;500;;;;;;;;;;;
267;34753;NUME_9SI-3-T94-043-RT-04;;;;;500;;;;;;;;;;;
268;34754;NUME_9SI-3-T94-043-RT-02;;;;;500;;;;;;;;;;;
269;34755;LEV3_9SI-3-T94-042-RT-01;;;;;1000;;;;;;;;;;;
270;34791;9SI-3-T94-080-ZO-02;;;;;200;;;;;;;;;;;
271;34792;9SI-3-T94-080-ZO-04;;;;;200;;;;;;;;;;;
272;34793;9SI-3-T94-042-RT-27;;;;;200;;;;;;;;;;;
273;34794;9SI-3-T94-042-RT-25;;;;;200;;;;;;;;;;;
274;34795;9SI-3-T94-042-ZO-07;;;;;200;;;;;;;;;;;
275;34893;9SI-3-T95-612-RT-51;;;;;200;;;;;;;;;;;
276;34894;9SI-3-T92-007-RT-67;;;;;200;;;;;;;;;;;
277;34895;9SI-3-T92-007-RT-68;;;;;200;;;;;;;;;;;
278;34896;9SI-3-T92-007-RT-60;;;;;200;;;;;;;;;;;
279;34897;9SI-3-T92-007-RT-51;;;;;200;;;;;;;;;;;
280;34898;9SI-3-T94-054-RT-50;;;;;200;;;;;;;;;;;
281;34899;LEV3_9SI-3-T77-258-RT-50;;;;;500;;;;;;;;;;;
282;34900;9SI-3-T77-258-RT-71;;;;;200;;;;;;;;;;;
283;34901;9SI-3-T77-258-RT-70;;;;;200;;;;;;;;;;;
284;34902;9SI-3-T77-258-ZO-51;;;;;200;;;;;;;;;;;
285;34756;NUME_9SI-3-T94-042-RT-02;;;;;500;;;;;;;;;;;
286;34757;NUME_9SI-3-T94-042-RT-03;;;;;500;;;;;;;;;;;
287;34758;9SI-3-T94-028-RT-44;;;;;200;;;;;;;;;;;
288;34759;9SI-3-T94-028-RT-42;;;;;200;;;;;;;;;;;
289;34760;9SI-3-T94-028-RT-38;;;;;200;;;;;;;;;;;
290;34796;9SI-3-T94-042-ZO-05;;;;;200;;;;;;;;;;;
291;34797;9SI-3-T94-042-RT-30;;;;;200;;;;;;;;;;;
292;34798;9SI-3-T94-022-RT-52;;;;;200;;;;;;;;;;;
293;34799;9SI-3-T94-022-RT-50;;;;;200;;;;;;;;;;;
294;34800;9SI-3-T94-022-ZO-06;;;;;200;;;;;;;;;;;
295;34843;9SI-3-T92-040-RT-51;;;;;200;;;;;;;;;;;
296;34844;LDKC_9SI-3-T92-025-RT-51;;;;;200;;;;;;;;;;;
297;34845;LDKC_9SI-3-T92-025-RT-64;;;;;200;;;;;;;;;;;
298;34846;LDKC_9SI-3-T92-025-RT-63;;;;;200;;;;;;;;;;;
299;34847;LDKC_9SI-3-T92-025-RT-61;;;;;200;;;;;;;;;;;
300;34903;9SI-3-T77-258-RT-61;;;;;200;;;;;;;;;;;
301;34904;LEV3_9SI-3-T95-218-RT-02;;;;;1000;;;;;;;;;;;
302;34905;LDKC_9SI-3-T92-040-RT-53;;;;;200;;;;;;;;;;;
303;34906;LDKC_9SI-3-T92-040-RT-52;;;;;200;;;;;;;;;;;
304;34907;LEV3_9SI-3-T92-040-RT-02;;;;;200;;;;;;;;;;;
305;34761;9SI-3-T94-028-RT-32;;;;;200;;;;;;;;;;;
306;34762;9SI-3-T94-028-RT-30;;;;;200;;;;;;;;;;;
307;34763;9SI-3-T94-011-ZO-30;;;;;200;;;;;;;;;;;
308;34764;9SI-3-T94-011-RT-26;;;;;200;;;;;;;;;;;
309;34765;9SI-3-T94-011-RT-28;;;;;200;;;;;;;;;;;
310;34801;9SI-3-T94-022-ZO-04;;;;;200;;;;;;;;;;;
311;34802;9SI-3-T94-022-ZO-02;;;;;200;;;;;;;;;;;
312;34803;9SI-3-T94-011-RT-41;;;;;200;;;;;;;;;;;
313;34804;9SI-3-T94-011-RT-51;;;;;200;;;;;;;;;;;
314;34805;9SI-3-T94-011-RT-53;;;;;200;;;;;;;;;;;
315;34848;9SI-3-T92-025-RT-66;;;;;500;;;;;;;;;;;
316;34849;9SI-3-T92-050-ZO-08;;;;;200;;;;;;;;;;;
317;34850;9SI-3-T92-050-ZO-06;;;;;200;;;;;;;;;;;
318;34851;9SI-3-T92-040-ZO-07;;;;;200;;;;;;;;;;;
319;34852;9SI-3-T92-040-ZO-05;;;;;200;;;;;;;;;;;
320;34913;9SI-3-T92-050-ZO-05;;;;;200;;;;;;;;;;;
321;34914;9SI-3-T94-054-ZO-02;;;;;200;;;;;;;;;;;
322;34915;NUME_9SI-3-T94-052-RT-01;;;;;500;;;;;;;;;;;
323;34916;NUME_9SI-3-T94-052-RT-03;;;;;500;;;;;;;;;;;
324;34917;NUME_9SI-3-T94-052-RT-02;;;;;500;;;;;;;;;;;
325;34766;9SI-3-T94-011-RT-29;;;;;200;;;;;;;;;;;
326;34767;9SI-3-T94-011-RT-38;;;;;200;;;;;;;;;;;
327;34768;9SI-3-T94-081-RT-36;;;;;200;;;;;;;;;;;
328;34769;9SI-3-T94-081-RT-32;;;;;200;;;;;;;;;;;
329;34770;9SI-3-T94-081-RT-28;;;;;200;;;;;;;;;;;
330;34806;9SI-3-T94-011-RT-57;;;;;200;;;;;;;;;;;
331;34807;9SI-3-T94-011-RT-59;;;;;200;;;;;;;;;;;
332;34808;9SI-3-T92-024-RT-64;;;;;200;;;;;;;;;;;
333;34809;9SI-3-T92-024-RT-63;;;;;200;;;;;;;;;;;
334;34810;9SI-3-T92-024-RT-62;;;;;500;;;;;;;;;;;
335;34853;9SI-3-T92-040-ZO-04;;;;;200;;;;;;;;;;;
336;34854;9SI-3-T93-071-RT-27;;;;;200;;;;;;;;;;;
337;34855;9SI-3-T93-071-RT-29;;;;;200;;;;;;;;;;;
338;34856;9SI-3-T93-005-RT-28;;;;;200;;;;;;;;;;;
339;34857;9SI-3-T92-078-RT-51;;;;;200;;;;;;;;;;;
340;34935;9SI-3-T92-050-RT-94;;;;;200;;;;;;;;;;;
341;34936;9SI-3-T93-071-RT-28;;;;;200;;;;;;;;;;;
342;34937;9SI-3-T93-071-RT-30;;;;;200;;;;;;;;;;;
343;34938;9SI-3-T93-057-RT-27;;;;;500;;;;;;;;;;;
344;34939;9SI-3-T93-057-RT-25;;;;;1000;;;;;;;;;;;
345;34771;9SI-3-T94-081-ZO-10;;;;;200;;;;;;;;;;;
346;34772;9SI-3-T94-081-ZO-06;;;;;200;;;;;;;;;;;
347;34773;NUME_9SI-3-T94-042-RT-05;;;;;500;;;;;;;;;;;
348;34774;9SI-3-T94-042-RT-50;;;;;200;;;;;;;;;;;
349;34775;9SI-3-T94-042-RT-28;;;;;200;;;;;;;;;;;
350;34811;9SI-3-T91-377-RT-62;;;;;200;;;;;;;;;;;
351;34812;9SI-3-T91-377-RT-61;;;;;200;;;;;;;;;;;
352;34813;9SI-3-T91-377-RT-59;;;;;200;;;;;;;;;;;
353;34814;9SI-3-T91-377-RT-60;;;;;200;;;;;;;;;;;
354;34815;9SI-3-T92-050-RT-77;;;;;200;;;;;;;;;;;
355;34858;9SI-3-T92-078-RT-50;;;;;200;;;;;;;;;;;
356;34859;9SI-3-T92-040-ZO-57;;;;;200;;;;;;;;;;;
357;34860;9SI-3-T92-040-RT-56;;;;;500;;;;;;;;;;;
358;34861;9SI-3-T92-040-ZO-58;;;;;200;;;;;;;;;;;
359;34862;9SI-3-T92-040-RT-57;;;;;500;;;;;;;;;;;
360;34940;9SI-3-T93-057-ZO-25;;;;;200;;;;;;;;;;;
361;34941;9SI-3-T92-050-RT-31;;;;;200;;;;;;;;;;;
362;34942;9SI-3-T92-050-RT-28;;;;;200;;;;;;;;;;;
363;34943;9SI-3-T92-040-RT-60;;;;;500;;;;;;;;;;;
364;34944;9SI-3-T92-040-RT-59;;;;;500;;;;;;;;;;;
365;34776;9SI-3-T94-042-ZO-04;;;;;200;;;;;;;;;;;
366;34777;9SI-3-T94-042-ZO-02;;;;;200;;;;;;;;;;;
367;34778;9SI-3-T94-022-RT-57;;;;;200;;;;;;;;;;;
368;34779;9SI-3-T94-022-RT-55;;;;;200;;;;;;;;;;;
369;34780;9SI-3-T94-022-RT-53;;;;;200;;;;;;;;;;;
370;34816;9SI-3-T92-050-RT-76;;;;;200;;;;;;;;;;;
371;34817;9SI-3-T92-050-RT-74;;;;;200;;;;;;;;;;;
372;34818;9SI-3-T93-046-ZO-25;;;;;200;;;;;;;;;;;
373;34819;SITR_9SI-3-T92-072-RT-50;;;;;500;;;;;;;;;;;
374;34820;9SI-3-T92-072-RT-52;;;;;200;;;;;;;;;;;
375;34863;9SI-3-T92-040-RT-61;;;;;500;;;;;;;;;;;
376;34864;9SI-3-T92-025-RT-65;;;;;500;;;;;;;;;;;
377;34865;LDKC_9SI-3-T92-012-RT-60;;;;;200;;;;;;;;;;;
378;34866;LDKC_9SI-3-T92-012-RT-59;;;;;200;;;;;;;;;;;
379;34867;LDKC_9SI-3-T92-012-RT-61;;;;;200;;;;;;;;;;;
380;34924;9SI-3-T92-050-RT-32;;;;;200;;;;;;;;;;;
381;34925;LEV3_9SI-3-T92-040-RT-09;;;;;200;;;;;;;;;;;
382;34926;LEV3_9SI-3-T92-040-RT-08;;;;;200;;;;;;;;;;;
383;34927;9SI-3-T92-025-ZO-50;;;;;200;;;;;;;;;;;
384;34928;9SI-3-T92-025-RT-79;;;;;500;;;;;;;;;;;
385;34781;9SI-3-T94-022-ZO-07;;;;;200;;;;;;;;;;;
386;34782;9SI-3-T94-022-ZO-03;;;;;200;;;;;;;;;;;
387;34783;9SI-3-T94-011-RT-40;;;;;200;;;;;;;;;;;
388;34784;9SI-3-T94-011-RT-36;;;;;200;;;;;;;;;;;
389;34785;9SI-3-T94-011-RT-31;;;;;200;;;;;;;;;;;
390;34821;9SI-3-T92-072-RT-51;;;;;200;;;;;;;;;;;
391;34822;9SI-3-T92-071-RT-57;;;;;500;;;;;;;;;;;
392;34823;9SI-3-T92-044-RT-27;;;;;200;;;;;;;;;;;
393;34824;9SI-3-T92-044-RT-25;;;;;200;;;;;;;;;;;
394;34825;9SI-3-T92-044-RT-51;;;;;500;;;;;;;;;;;
395;34868;9SI-3-T92-012-RT-79;;;;;500;;;;;;;;;;;
396;34869;9SI-3-T92-040-ZO-03;;;;;200;;;;;;;;;;;
397;34870;9SI-3-T92-040-ZO-02;;;;;200;;;;;;;;;;;
398;34871;9SI-3-T92-040-ZO-32;;;;;200;;;;;;;;;;;
399;34872;LDKC_9SI-3-T92-023-RT-70;;;;;200;;;;;;;;;;;
400;34945;9SI-3-T92-040-RT-72;;;;;500;;;;;;;;;;;
401;34946;9SI-3-T92-025-RT-84;;;;;200;;;;;;;;;;;
402;34947;9SI-3-T92-025-RT-83;;;;;200;;;;;;;;;;;
403;34948;9SI-3-T92-025-RT-81;;;;;200;;;;;;;;;;;
404;34949;9SI-3-T92-012-RT-76;;;;;500;;;;;;;;;;;
405;34786;9SI-3-T94-011-RT-39;;;;;200;;;;;;;;;;;
406;34787;9SI-3-T94-011-RT-35;;;;;200;;;;;;;;;;;
407;34788;9SI-3-T94-081-IM-51;;;;;200;;;;;;;;;;;
408;34789;9SI-3-T94-080-ZO-26;;;;;200;;;;;;;;;;;
409;34790;9SI-3-T94-080-ZO-06;;;;;200;;;;;;;;;;;
410;34826;9SI-3-T92-044-RT-53;;;;;500;;;;;;;;;;;
411;34827;9SI-3-T92-044-RT-50;;;;;500;;;;;;;;;;;
412;34828;9SI-3-T75-112-RT-80;;;;;200;;;;;;;;;;;
413;34829;9SI-3-T95-612-RT-25;;;;;200;;;;;;;;;;;
414;34830;9SI-3-T92-050-RT-21;;;;;500;;;;;;;;;;;
415;34873;LDKC_9SI-3-T92-023-RT-58;;;;;200;;;;;;;;;;;
416;34874;SITR_9SI-3-T92-076-RT-53;;;;;500;;;;;;;;;;;
417;34875;SITR_9SI-3-T92-076-RT-54;;;;;500;;;;;;;;;;;
418;34876;9SI-3-T92-076-ZO-51;;;;;200;;;;;;;;;;;
419;34877;9SI-3-T92-076-RT-53;;;;;200;;;;;;;;;;;
420;34919;9SI-3-T77-258-RT-60;;;;;200;;;;;;;;;;;
421;34920;9SI-3-T77-258-RT-56;;;;;200;;;;;;;;;;;
422;34921;9SI-3-T92-050-RT-58;;;;;500;;;;;;;;;;;
423;34922;9SI-3-T92-050-RT-62;;;;;200;;;;;;;;;;;
424;34923;9SI-3-T92-050-RT-54;;;;;200;;;;;;;;;;;
425;34636;9SI-3-T94-033-RT-53;;;;;200;;;;;;;;;;;
426;34637;9SI-3-T94-033-RT-54;;;;;200;;;;;;;;;;;
427;34638;9SI-3-T94-017-ZO-11;;;;;200;;;;;;;;;;;
428;34639;9SI-3-T94-017-ZO-01;;;;;200;;;;;;;;;;;
429;34640;9SI-3-T94-017-ZO-03;;;;;200;;;;;;;;;;;
430;34831;9SI-3-T92-050-RT-22;;;;;500;;;;;;;;;;;
431;34832;9SI-3-T92-050-RT-04;;;;;200;;;;;;;;;;;
432;34833;9SI-3-T92-050-RT-01;;;;;200;;;;;;;;;;;
433;34835;9SI-3-T93-072-ZO-31;;;;;200;;;;;;;;;;;
434;34836;9SI-3-T93-072-RT-33;;;;;200;;;;;;;;;;;
435;34878;9SI-3-T92-007-RT-66;;;;;200;;;;;;;;;;;
436;34879;LDKC_9SI-3-T92-024-RT-51;;;;;200;;;;;;;;;;;
437;34880;LDKC_9SI-3-T92-024-RT-53;;;;;200;;;;;;;;;;;
438;34881;LDKC_9SI-3-T92-024-RT-54;;;;;200;;;;;;;;;;;
439;34882;LDKC_9SI-3-T92-024-RT-55;;;;;200;;;;;;;;;;;
440;34929;9SI-3-T92-025-RT-85;;;;;200;;;;;;;;;;;
441;34931;9SI-3-T92-050-RT-96;;;;;200;;;;;;;;;;;
442;34932;9SI-3-T92-050-RT-35;;;;;200;;;;;;;;;;;
443;34933;9SI-3-T92-050-RT-36;;;;;200;;;;;;;;;;;
444;34934;9SI-3-T92-050-RT-91;;;;;200;;;;;;;;;;;
445;34641;9SI-3-T94-017-ZO-13;;;;;200;;;;;;;;;;;
446;34642;9SI-3-T94-017-ZO-27;;;;;200;;;;;;;;;;;
447;34644;9SI-3-T93-070-RT-38;;;;;200;;;;;;;;;;;
448;34645;9SI-3-T93-070-ZO-40;;;;;200;;;;;;;;;;;
449;34646;9SI-3-T93-070-RT-34;;;;;1000;;;;;;;;;;;
450;34672;9SI-3-T94-058-RT-26;;;;;200;;;;;;;;;;;
451;34673;9SI-3-T94-058-ZO-02;;;;;200;;;;;;;;;;;
452;34674;9SI-3-T94-058-ZO-04;;;;;200;;;;;;;;;;;
453;34675;NUME_9SI-3-T94-028-RT-03;;;;;500;;;;;;;;;;;
454;34676;NUME_9SI-3-T94-028-RT-01;;;;;500;;;;;;;;;;;
455;34883;LDKC_9SI-3-T92-024-RT-56;;;;;200;;;;;;;;;;;
456;34884;9SI-3-T92-012-RT-78;;;;;500;;;;;;;;;;;
457;34885;9SI-3-T95-257-ZO-01;;;;;200;;;;;;;;;;;
458;34886;LDKC_9SI-3-T95-257-RT-01;;;;;200;;;;;;;;;;;
459;34887;LEV3_9SI-3-T95-257-RT-02;;;;;1000;;;;;;;;;;;
460;34950;9SI-3-T92-012-RT-69;;;;;200;;;;;;;;;;;
461;34951;9SI-3-T92-036-ZO-03;;;;;200;;;;;;;;;;;
462;34952;9SI-3-T92-036-ZO-02;;;;;200;;;;;;;;;;;
463;34953;9SI-3-T92-036-ZO-01;;;;;200;;;;;;;;;;;
464;34954;9SI-3-T92-036-RT-05;;;;;200;;;;;;;;;;;
465;34647;9SI-3-T93-070-RT-36;;;;;1000;;;;;;;;;;;
466;34648;9SI-3-T93-070-ZO-02;;;;;200;;;;;;;;;;;
467;34649;9SI-3-T94-065-ZO-25;;;;;200;;;;;;;;;;;
468;34650;9SI-3-T94-065-ZO-55;;;;;1000;;;;;;;;;;;
469;34651;9SI-3-T94-065-RT-55;;;;;200;;;;;;;;;;;
470;34677;NUME_9SI-3-T94-028-RT-06;;;;;500;;;;;;;;;;;
471;34678;NUME_9SI-3-T94-028-RT-16;;;;;500;;;;;;;;;;;
472;34679;NUME_9SI-3-T94-028-RT-10;;;;;500;;;;;;;;;;;
473;34680;NUME_9SI-3-T94-016-RT-04;;;;;500;;;;;;;;;;;
474;34681;NUME_9SI-3-T94-016-RT-02;;;;;500;;;;;;;;;;;
475;34704;9SI-3-T94-015-ZO-08;;;;;200;;;;;;;;;;;
476;34705;9SI-3-T94-015-ZO-06;;;;;200;;;;;;;;;;;
477;34706;9SI-3-T93-070-RT-33;;;;;1000;;;;;;;;;;;
478;34707;9SI-3-T93-070-RT-37;;;;;1000;;;;;;;;;;;
479;34708;9SI-3-T93-070-RT-03;;;;;200;;;;;;;;;;;
480;34908;LEV3_9SI-3-T92-040-RT-10;;;;;200;;;;;;;;;;;
481;34909;LDKC_9SI-3-T95-539-RT-01;;;;;200;;;;;;;;;;;
482;34910;9SI-3-T95-539-RT-51;;;;;200;;;;;;;;;;;
483;34911;9SI-3-T95-539-RT-52;;;;;200;;;;;;;;;;;
484;34912;LEV3_9SI-3-T95-500-RT-01;;;;;1000;;;;;;;;;;;
485;34652;9SI-3-T94-065-ZO-51;;;;;200;;;;;;;;;;;
486;34653;NUME_9SI-3-T94-058-RT-01;;;;;500;;;;;;;;;;;
487;34654;NUME_9SI-3-T94-028-RT-05;;;;;500;;;;;;;;;;;
488;34655;NUME_9SI-3-T94-028-RT-17;;;;;500;;;;;;;;;;;
489;34656;NUME_9SI-3-T94-028-RT-13;;;;;500;;;;;;;;;;;
490;34682;NUME_9SI-3-T94-016-RT-01;;;;;500;;;;;;;;;;;
491;34683;9SI-3-T94-016-RT-57;;;;;200;;;;;;;;;;;
492;34684;9SI-3-T94-016-RT-52;;;;;200;;;;;;;;;;;
493;34685;9SI-3-T93-070-RT-28;;;;;200;;;;;;;;;;;
494;34686;9SI-3-T93-070-ZO-01;;;;;200;;;;;;;;;;;
495;34709;9SI-3-T93-070-ZO-35;;;;;200;;;;;;;;;;;
496;34711;9SI-3-T93-070-ZO-37;;;;;200;;;;;;;;;;;
497;34712;9SI-3-T94-043-ZO-03;;;;;200;;;;;;;;;;;
498;34713;9SI-3-T94-043-ZO-01;;;;;200;;;;;;;;;;;
499;34714;9SI-3-T94-043-ZO-52;;;;;200;;;;;;;;;;;
500;34731;9SI-3-T93-070-RT-27;;;;;200;;;;;;;;;;;
501;34732;9SI-3-T93-066-RT-66;;;;;200;;;;;;;;;;;
502;34733;NUME_9SI-3-T94-043-RT-03;;;;;500;;;;;;;;;;;
503;34734;NUME_9SI-3-T94-043-RT-05;;;;;500;;;;;;;;;;;
504;34735;NUME_9SI-3-T94-043-RT-07;;;;;500;;;;;;;;;;;
505;34657;NUME_9SI-3-T94-028-RT-11;;;;;500;;;;;;;;;;;
506;34658;NUME_9SI-3-T94-028-RT-09;;;;;500;;;;;;;;;;;
507;34659;9SI-3-T94-017-RT-27;;;;;200;;;;;;;;;;;
508;34660;NUME_9SI-3-T94-016-RT-51;;;;;500;;;;;;;;;;;
509;34661;NUME_9SI-3-T94-016-RT-53;;;;;500;;;;;;;;;;;
510;34687;9SI-3-T93-070-ZO-03;;;;;200;;;;;;;;;;;
511;34689;9SI-3-T93-070-RT-45;;;;;200;;;;;;;;;;;
512;34690;9SI-3-T93-070-RT-43;;;;;200;;;;;;;;;;;
513;34691;9SI-3-T94-058-ZO-06;;;;;200;;;;;;;;;;;
514;34692;9SI-3-T94-058-ZO-05;;;;;200;;;;;;;;;;;
515;34715;9SI-3-T94-043-RT-56;;;;;200;;;;;;;;;;;
516;34716;9SI-3-T94-043-ZO-04;;;;;200;;;;;;;;;;;
517;34717;9SI-3-T94-028-ZO-27;;;;;200;;;;;;;;;;;
518;34718;9SI-3-T94-028-RT-28;;;;;200;;;;;;;;;;;
519;34719;9SI-3-T94-028-ZO-26;;;;;200;;;;;;;;;;;
520;34736;LEV3_9SI-3-T94-043-RT-02;;;;;1000;;;;;;;;;;;
521;34737;LEV3_9SI-3-T94-043-RT-01;;;;;1000;;;;;;;;;;;
522;34738;9SI-3-T94-028-RT-45;;;;;200;;;;;;;;;;;
523;34739;9SI-3-T94-028-RT-31;;;;;200;;;;;;;;;;;
524;34740;9SI-3-T94-028-RT-43;;;;;200;;;;;;;;;;;
525;34662;NUME_9SI-3-T94-016-RT-54;;;;;500;;;;;;;;;;;
526;34663;NUME_9SI-3-T94-016-RT-52;;;;;500;;;;;;;;;;;
527;34664;9SI-3-T93-070-ZO-28;;;;;200;;;;;;;;;;;
528;34665;9SI-3-T93-070-ZO-36;;;;;200;;;;;;;;;;;
529;34666;9SI-3-T93-070-ZO-34;;;;;200;;;;;;;;;;;
530;34693;9SI-3-T94-043-RT-55;;;;;200;;;;;;;;;;;
531;34694;9SI-3-T94-043-RT-53;;;;;200;;;;;;;;;;;
532;34695;9SI-3-T94-043-RT-25;;;;;200;;;;;;;;;;;
533;34696;NUME_9SI-3-T94-028-RT-08;;;;;500;;;;;;;;;;;
534;34697;NUME_9SI-3-T94-028-RT-02;;;;;500;;;;;;;;;;;
535;34720;9SI-3-T94-028-RT-26;;;;;200;;;;;;;;;;;
536;34721;9SI-3-T94-028-RT-39;;;;;200;;;;;;;;;;;
537;34722;9SI-3-T94-015-RT-50;;;;;200;;;;;;;;;;;
538;34723;9SI-3-T94-015-RT-54;;;;;200;;;;;;;;;;;
539;34724;9SI-3-T94-015-RT-52;;;;;200;;;;;;;;;;;
540;34359;LEV3_9SI-3-T92-050-RT-07;;;;;1000;;;;;;;;;;;
541;34360;LEV3_9SI-3-T92-050-RT-11;;;;;1000;;;;;;;;;;;
542;34361;9SI-3-T93-048-RT-45;;;;;200;;;;;;;;;;;
543;34362;9SI-3-T93-048-RT-55;;;;;500;;;;;;;;;;;
544;34363;9SI-3-T93-048-RT-01;;;;;200;;;;;;;;;;;
545;34400;9SI-3-T93-027-RT-50;;;;;200;;;;;;;;;;;
546;34401;9SI-3-T93-027-RT-56;;;;;200;;;;;;;;;;;
547;34402;LDKC_9SI-3-T92-051-RT-53;;;;;200;;;;;;;;;;;
548;34403;LDKC_9SI-3-T92-051-RT-54;;;;;200;;;;;;;;;;;
549;34404;9SI-3-T93-059-ZO-33;;;;;200;;;;;;;;;;;
550;34435;9SI-3-T93-048-RT-53;;;;;200;;;;;;;;;;;
551;34436;9SI-3-T93-048-RT-57;;;;;500;;;;;;;;;;;
552;34437;9SI-3-T93-001-RT-50;;;;;200;;;;;;;;;;;
553;34438;9SI-3-T93-001-RT-02;;;;;200;;;;;;;;;;;
554;34439;9SI-3-T93-001-RT-34;;;;;200;;;;;;;;;;;
555;34466;9SI-3-T93-066-RT-104;;;;;200;;;;;;;;;;;
556;34467;9SI-3-T93-066-ZO-52;;;;;200;;;;;;;;;;;
557;34468;LDKC_9SI-3-T93-066-RT-32;;;;;200;;;;;;;;;;;
558;34469;LDKC_9SI-3-T93-066-RT-44;;;;;200;;;;;;;;;;;
559;34470;LDKC_9SI-3-T93-066-RT-38;;;;;200;;;;;;;;;;;
560;34471;LDKC_9SI-3-T93-066-RT-36;;;;;200;;;;;;;;;;;
561;34472;LDKC_9SI-3-T93-066-RT-42;;;;;200;;;;;;;;;;;
562;34473;9SI-3-T93-001-RT-59;;;;;200;;;;;;;;;;;
563;34474;9SI-3-T93-001-RT-39;;;;;200;;;;;;;;;;;
564;34475;LDKC_9SI-3-T92-050-RT-06;;;;;200;;;;;;;;;;;
565;34476;LDKC_9SI-3-T92-050-RT-02;;;;;200;;;;;;;;;;;
566;34477;LDKC_9SI-3-T92-050-RT-03;;;;;200;;;;;;;;;;;
567;34478;9SI-3-T93-055-ZO-12;;;;;200;;;;;;;;;;;
568;34479;9SI-3-T93-055-ZO-02;;;;;200;;;;;;;;;;;
569;34480;9SI-3-T93-055-ZO-08;;;;;200;;;;;;;;;;;
570;34481;9SI-3-T93-055-ZO-31;;;;;200;;;;;;;;;;;
571;34482;9SI-3-T93-053-RT-60;;;;;200;;;;;;;;;;;
572;34483;9SI-3-T94-011-RT-50;;;;;200;;;;;;;;;;;
573;34484;9SI-3-T94-011-RT-52;;;;;200;;;;;;;;;;;
574;34485;9SI-3-T94-011-RT-54;;;;;200;;;;;;;;;;;
575;34571;LDKC_9SI-3-T94-069-RT-02;;;;;200;;;;;;;;;;;
576;34572;NUME_9SI-3-T94-069-RT-03;;;;;500;;;;;;;;;;;
577;34573;9SI-3-T94-041-RT-66;;;;;500;;;;;;;;;;;
578;34574;9SI-3-T94-041-RT-60;;;;;200;;;;;;;;;;;
579;34575;9SI-3-T94-041-RT-56;;;;;200;;;;;;;;;;;
580;34596;9SI-3-T94-033-ZO-11;;;;;200;;;;;;;;;;;
581;34597;9SI-3-T94-033-ZO-03;;;;;200;;;;;;;;;;;
582;34598;LEV3_9SI-3-T94-017-RT-03;;;;;1000;;;;;;;;;;;
583;34599;9SI-3-T94-017-RT-50;;;;;200;;;;;;;;;;;
584;34600;9SI-3-T94-017-ZO-04;;;;;200;;;;;;;;;;;
585;34486;9SI-3-T94-011-RT-58;;;;;200;;;;;;;;;;;
586;34487;9SI-3-T94-011-ZO-26;;;;;200;;;;;;;;;;;
587;34488;9SI-3-T94-080-RT-05;;;;;200;;;;;;;;;;;
588;34489;LEV3_9SI-3-T94-041-RT-06;;;;;1000;;;;;;;;;;;
589;34490;LEV3_9SI-3-T94-041-RT-03;;;;;1000;;;;;;;;;;;
590;34526;9SI-3-T94-003-RT-26;;;;;200;;;;;;;;;;;
591;34527;9SI-3-T94-003-RT-60;;;;;200;;;;;;;;;;;
592;34528;9SI-3-T94-080-RT-53;;;;;200;;;;;;;;;;;
593;34529;9SI-3-T94-080-RT-52;;;;;200;;;;;;;;;;;
594;34530;9SI-3-T94-080-ZO-25;;;;;200;;;;;;;;;;;
595;34601;9SI-3-T94-017-ZO-10;;;;;200;;;;;;;;;;;
596;34602;9SI-3-T94-017-ZO-02;;;;;200;;;;;;;;;;;
597;34603;LDKC-9SI-3-T93-070-RT-08;;;;;200;;;;;;;;;;;
598;34604;LDKC-9SI-3-T93-070-RT-04;;;;;200;;;;;;;;;;;
599;34605;LDKC-9SI-3-T93-070-RT-05;;;;;200;;;;;;;;;;;
600;34606;LDKC-9SI-3-T93-070-RT-03;;;;;200;;;;;;;;;;;
601;34607;9SI-3-T93-070-RT-42;;;;;200;;;;;;;;;;;
602;34608;9SI-3-T94-068-RT-53;;;;;200;;;;;;;;;;;
603;34609;9SI-3-T94-068-RT-50;;;;;200;;;;;;;;;;;
604;34610;9SI-3-T94-068-RT-54;;;;;200;;;;;;;;;;;
605;34491;LEV3_9SI-3-T94-041-RT-01;;;;;1000;;;;;;;;;;;
606;34492;9SI-3-T94-041-RT-52;;;;;200;;;;;;;;;;;
607;34493;LEV3_9SI-3-T94-041-RT-04;;;;;1000;;;;;;;;;;;
608;34494;9SI-3-T94-041-ZO-08;;;;;200;;;;;;;;;;;
609;34495;9SI-3-T94-041-ZO-06;;;;;200;;;;;;;;;;;
610;34531;9SI-3-T94-080-RT-81;;;;;200;;;;;;;;;;;
611;34532;9SI-3-T94-080-RT-80;;;;;200;;;;;;;;;;;
612;34533;SMAK_9SI-3-T94-021-RT-58;;;;;200;;;;;;;;;;;
613;34534;9SI-3-T94-041-RT-61;;;;;200;;;;;;;;;;;
614;34535;9SI-3-T94-041-RT-55;;;;;200;;;;;;;;;;;
615;34576;9SI-3-T94-033-RT-27;;;;;200;;;;;;;;;;;
616;34577;9SI-3-T94-033-RT-51;;;;;200;;;;;;;;;;;
617;34578;9SI-3-T94-018-RT-57;;;;;500;;;;;;;;;;;
618;34579;9SI-3-T94-018-RT-51;;;;;200;;;;;;;;;;;
619;34580;9SI-3-T94-018-ZO-01;;;;;200;;;;;;;;;;;
620;34611;9SI-3-T94-068-RT-55;;;;;200;;;;;;;;;;;
621;34612;9SI-3-T94-068-RT-52;;;;;200;;;;;;;;;;;
622;34613;9SI-3-T94-033-ZO-01;;;;;200;;;;;;;;;;;
623;34614;9SI-3-T94-033-ZO-07;;;;;200;;;;;;;;;;;
624;34615;9SI-3-T94-033-RT-50;;;;;200;;;;;;;;;;;
625;34496;9SI-3-T94-041-ZO-04;;;;;200;;;;;;;;;;;
626;34497;9SI-3-T94-041-ZO-14;;;;;200;;;;;;;;;;;
627;34498;9SI-3-T94-022-RT-60;;;;;500;;;;;;;;;;;
628;34499;9SI-3-T94-022-RT-58;;;;;200;;;;;;;;;;;
629;34500;SMAK_9SI-3-T94-021-RT-55;;;;;200;;;;;;;;;;;
630;34536;9SI-3-T94-041-RT-54;;;;;200;;;;;;;;;;;
631;34537;9SI-3-T94-041-RT-51;;;;;200;;;;;;;;;;;
632;34538;NUME_9SI-3-T94-018-RT-01;;;;;500;;;;;;;;;;;
633;34539;9SI-3-T94-003-RT-54;;;;;200;;;;;;;;;;;
634;34540;9SI-3-T94-003-RT-52;;;;;200;;;;;;;;;;;
635;34581;9SI-3-T94-018-RT-25;;;;;500;;;;;;;;;;;
636;34582;LEV3_9SI-3-T94-017-RT-02;;;;;1000;;;;;;;;;;;
637;34583;9SI-3-T93-066-RT-161;;;;;200;;;;;;;;;;;
638;34584;9SI-3-T93-066-RT-157;;;;;200;;;;;;;;;;;
639;34585;9SI-3-T93-066-RT-159;;;;;200;;;;;;;;;;;
640;34616;9SI-3-T94-033-ZO-08;;;;;200;;;;;;;;;;;
641;34617;9SI-3-T94-033-ZO-12;;;;;200;;;;;;;;;;;
642;34618;9SI-3-T94-017-ZO-12;;;;;200;;;;;;;;;;;
643;34619;9SI-3-T94-017-ZO-06;;;;;200;;;;;;;;;;;
644;34620;9SI-3-T94-017-ZO-26;;;;;200;;;;;;;;;;;
645;34501;SMAK_9SI-3-T94-021-RT-53;;;;;200;;;;;;;;;;;
646;34502;SMAK_9SI-3-T94-021-RT-51;;;;;200;;;;;;;;;;;
647;34503;9SI-3-T93-066-ZO-02;;;;;200;;;;;;;;;;;
648;34504;9SI-3-T93-066-RT-166;;;;;200;;;;;;;;;;;
649;34505;9SI-3-T93-066-RT-52;;;;;200;;;;;;;;;;;
650;34541;9SI-3-T94-003-ZO-01;;;;;200;;;;;;;;;;;
651;34542;9SI-3-T94-003-RT-57;;;;;200;;;;;;;;;;;
652;34543;9SI-3-T94-003-ZO-04;;;;;200;;;;;;;;;;;
653;34544;9SI-3-T94-003-RT-56;;;;;200;;;;;;;;;;;
654;34545;9SI-3-T94-003-ZO-27;;;;;200;;;;;;;;;;;
655;34586;9SI-3-T93-066-RT-163;;;;;200;;;;;;;;;;;
656;34587;LDKC-9SI-3-T93-070-RT-01;;;;;200;;;;;;;;;;;
657;34588;NUME_9SI-3-T94-069-RT-01;;;;;500;;;;;;;;;;;
658;34589;NUME_9SI-3-T94-068-RT-03;;;;;500;;;;;;;;;;;
659;34590;NUME_9SI-3-T94-068-RT-05;;;;;500;;;;;;;;;;;
660;34626;9SI-3-T93-070-RT-39;;;;;200;;;;;;;;;;;
661;34627;9SI-3-T93-070-RT-46;;;;;200;;;;;;;;;;;
662;34628;NUME_9SI-3-T94-065-RT-50;;;;;500;;;;;;;;;;;
663;34629;NUME_9SI-3-T94-065-RT-53;;;;;500;;;;;;;;;;;
664;34630;9SI-3-T94-065-RT-54;;;;;200;;;;;;;;;;;
665;34506;9SI-3-T93-066-RT-50;;;;;200;;;;;;;;;;;
666;34507;9SI-3-T93-066-ZO-50;;;;;200;;;;;;;;;;;
667;34508;9SI-3-T94-041-ZO-12;;;;;200;;;;;;;;;;;
668;34509;9SI-3-T94-080-RT-03;;;;;200;;;;;;;;;;;
669;34510;9SI-3-T94-080-ZO-07;;;;;200;;;;;;;;;;;
670;34546;9SI-3-T94-003-ZO-25;;;;;200;;;;;;;;;;;
671;34547;9SI-3-T94-003-RT-80;;;;;200;;;;;;;;;;;
672;34548;9SI-3-T94-080-RT-54;;;;;500;;;;;;;;;;;
673;34549;9SI-3-T94-080-RT-01;;;;;1000;;;;;;;;;;;
674;34550;9SI-3-T94-069-ZO-02;;;;;200;;;;;;;;;;;
675;34591;NUME_9SI-3-T94-068-RT-04;;;;;500;;;;;;;;;;;
676;34592;NUME_9SI-3-T94-068-RT-01;;;;;500;;;;;;;;;;;
677;34593;9SI-3-T94-033-RT-52;;;;;200;;;;;;;;;;;
678;34594;9SI-3-T94-033-RT-03;;;;;200;;;;;;;;;;;
679;34595;9SI-3-T94-033-ZO-09;;;;;200;;;;;;;;;;;
680;34631;9SI-3-T94-065-RT-50;;;;;200;;;;;;;;;;;
681;34632;9SI-3-T94-065-ZO-52;;;;;200;;;;;;;;;;;
682;34633;9SI-3-T94-033-ZO-10;;;;;200;;;;;;;;;;;
683;34634;9SI-3-T94-033-ZO-04;;;;;200;;;;;;;;;;;
684;34635;9SI-3-T94-033-RT-04;;;;;200;;;;;;;;;;;
685;34511;9SI-3-T94-080-ZO-05;;;;;200;;;;;;;;;;;
686;34512;9SI-3-T94-080-ZO-01;;;;;200;;;;;;;;;;;
687;34513;9SI-3-T94-041-RT-63;;;;;200;;;;;;;;;;;
688;34514;9SI-3-T94-041-RT-64;;;;;200;;;;;;;;;;;
689;34515;SMAK_9SI-3-T94-021-RT-59;;;;;200;;;;;;;;;;;
690;34551;9SI-3-T94-069-RT-02;;;;;200;;;;;;;;;;;
691;34552;9SI-3-T94-069-ZO-01;;;;;200;;;;;;;;;;;
692;34553;9SI-3-T94-041-ZO-01;;;;;200;;;;;;;;;;;
693;34554;9SI-3-T94-041-ZO-11;;;;;200;;;;;;;;;;;
694;34555;9SI-3-T94-041-ZO-07;;;;;200;;;;;;;;;;;
695;34314;9SI-3-T93-059-RT-30;;;;;200;;;;;;;;;;;
696;34315;9SI-3-T93-059-RT-28;;;;;200;;;;;;;;;;;
697;34316;9SI-3-T93-045-RT-01;;;;;1000;;;;;;;;;;;
698;34317;9SI-3-T93-045-RT-50;;;;;500;;;;;;;;;;;
699;34318;9SI-3-T93-045-ZO-02;;;;;200;;;;;;;;;;;
700;34621;9SI-3-T94-017-ZO-28;;;;;200;;;;;;;;;;;
701;34622;9SI-3-T94-017-RT-26;;;;;200;;;;;;;;;;;
702;34623;9SI-3-T93-070-ZO-39;;;;;200;;;;;;;;;;;
703;34624;9SI-3-T93-070-RT-31;;;;;200;;;;;;;;;;;
704;34625;9SI-3-T93-070-RT-01;;;;;200;;;;;;;;;;;
705;34516;SMAK_9SI-3-T94-021-RT-57;;;;;200;;;;;;;;;;;
706;34517;SMAK_9SI-3-T94-021-RT-50;;;;;200;;;;;;;;;;;
707;34518;SMAK_9SI-3-T94-021-RT-52;;;;;200;;;;;;;;;;;
708;34519;9SI-3-T94-021-RT-59;;;;;200;;;;;;;;;;;
709;34520;9SI-3-T94-021-ZO-50;;;;;200;;;;;;;;;;;
710;34556;9SI-3-T94-041-ZO-05;;;;;200;;;;;;;;;;;
711;34557;9SI-3-T94-041-RT-70;;;;;200;;;;;;;;;;;
712;34558;9SI-3-T94-003-RT-55;;;;;200;;;;;;;;;;;
713;34559;9SI-3-T94-003-RT-51;;;;;200;;;;;;;;;;;
714;34560;9SI-3-T94-018-RT-56;;;;;200;;;;;;;;;;;
715;34319;9SI-3-T93-027-RT-62;;;;;200;;;;;;;;;;;
716;34320;9SI-3-T93-027-ZO-03;;;;;200;;;;;;;;;;;
717;34321;LDKC_9SI-3-T92-051-RT-51;;;;;200;;;;;;;;;;;
718;34322;LDKC_9SI-3-T93-059-RT-19;;;;;200;;;;;;;;;;;
719;34323;9SI-3-T93-059-RT-04;;;;;200;;;;;;;;;;;
720;34364;9SI-3-T93-048-RT-03;;;;;200;;;;;;;;;;;
721;34365;9SI-3-T93-008-RT-16;;;;;200;;;;;;;;;;;
722;34366;9SI-3-T93-066-RT-164;;;;;200;;;;;;;;;;;
723;34367;9SI-3-T93-066-RT-156;;;;;200;;;;;;;;;;;
724;34368;9SI-3-T93-066-ZO-26;;;;;200;;;;;;;;;;;
725;34521;9SI-3-T94-021-RT-60;;;;;200;;;;;;;;;;;
726;34522;9SI-3-T94-021-RT-62;;;;;500;;;;;;;;;;;
727;34523;NOOS_9SI-3-T94-003-RT-01;;;;;500;;;;;;;;;;;
728;34524;NOOS_9SI-3-T94-003-RT-03;;;;;500;;;;;;;;;;;
729;34525;NUME_9SI-3-T94-003-RT-02;;;;;500;;;;;;;;;;;
730;34561;9SI-3-T94-018-RT-55;;;;;200;;;;;;;;;;;
731;34562;9SI-3-T94-018-RT-53;;;;;200;;;;;;;;;;;
732;34563;9SI-3-T93-066-RT-31;;;;;200;;;;;;;;;;;
733;34564;9SI-3-T93-066-RT-35;;;;;200;;;;;;;;;;;
734;34565;9SI-3-T93-066-RT-155;;;;;500;;;;;;;;;;;
735;34324;9SI-3-T93-059-RT-51;;;;;200;;;;;;;;;;;
736;34325;9SI-3-T93-059-RT-33;;;;;200;;;;;;;;;;;
737;34326;9SI-3-T93-064-RT-15;;;;;200;;;;;;;;;;;
738;34327;9SI-3-T93-064-RT-01;;;;;1000;;;;;;;;;;;
739;34328;9SI-3-T93-066-RT-26;;;;;200;;;;;;;;;;;
740;34369;9SI-3-T93-066-RT-167;;;;;200;;;;;;;;;;;
741;34370;9SI-3-T93-066-RT-175;;;;;200;;;;;;;;;;;
742;34371;NOOS_9SI-3-T93-001-RT-07;;;;;500;;;;;;;;;;;
743;34372;NOOS_9SI-3-T93-001-RT-06;;;;;500;;;;;;;;;;;
744;34373;NOOS_9SI-3-T93-001-RT-04;;;;;500;;;;;;;;;;;
745;34405;9SI-3-T93-059-ZO-29;;;;;200;;;;;;;;;;;
746;34406;9SI-3-T93-059-ZO-27;;;;;200;;;;;;;;;;;
747;34407;9SI-3-T93-066-RT-44;;;;;200;;;;;;;;;;;
748;34408;9SI-3-T93-066-RT-46;;;;;200;;;;;;;;;;;
749;34409;9SI-3-T93-066-RT-40;;;;;200;;;;;;;;;;;
750;34566;9SI-3-T93-066-RT-151;;;;;500;;;;;;;;;;;
751;34567;9SI-3-T93-066-RT-153;;;;;500;;;;;;;;;;;
752;34568;9SI-3-T94-069-RT-25;;;;;200;;;;;;;;;;;
753;34569;9SI-3-T94-069-RT-50;;;;;200;;;;;;;;;;;
754;34570;NUME_9SI-3-T94-069-RT-04;;;;;500;;;;;;;;;;;
755;34329;9SI-3-T93-066-ZO-29;;;;;200;;;;;;;;;;;
756;34330;9SI-3-T93-066-ZO-25;;;;;200;;;;;;;;;;;
757;34331;9SI-3-T93-059-RT-26;;;;;200;;;;;;;;;;;
758;34332;9SI-3-T93-059-ZO-26;;;;;200;;;;;;;;;;;
759;34333;9SI-3-T93-055-ZO-27;;;;;200;;;;;;;;;;;
760;34374;NOOS_9SI-3-T93-001-RT-03;;;;;500;;;;;;;;;;;
761;34375;NOOS_9SI-3-T93-001-RT-01;;;;;500;;;;;;;;;;;
762;34376;LEV3_9SI-3-T92-050-RT-10;;;;;1000;;;;;;;;;;;
763;34377;LEV3_9SI-3-T92-050-RT-09;;;;;1000;;;;;;;;;;;
764;34378;LEV3_9SI-3-T92-050-RT-08;;;;;1000;;;;;;;;;;;
765;34410;9SI-3-T93-066-RT-02;;;;;1000;;;;;;;;;;;
766;34411;LDKC_9SI-3-T93-066-RT-46;;;;;200;;;;;;;;;;;
767;34412;9SI-3-T92-050-RT-39;;;;;200;;;;;;;;;;;
768;34413;9SI-3-T93-055-RT-03;;;;;1000;;;;;;;;;;;
769;34414;9SI-3-T93-055-ZO-01;;;;;200;;;;;;;;;;;
770;34440;9SI-3-T92-050-RT-51;;;;;500;;;;;;;;;;;
771;34441;9SI-3-T92-050-RT-52;;;;;500;;;;;;;;;;;
772;34442;9SI-3-T93-048-RT-13;;;;;200;;;;;;;;;;;
773;34443;9SI-3-T93-048-RT-11;;;;;200;;;;;;;;;;;
774;34444;9SI-3-T93-048-RT-05;;;;;200;;;;;;;;;;;
775;34334;9SI-3-T93-055-RT-25;;;;;200;;;;;;;;;;;
776;34335;9SI-3-T93-048-RT-20;;;;;200;;;;;;;;;;;
777;34336;9SI-3-T93-027-RT-60;;;;;200;;;;;;;;;;;
778;34337;9SI-3-T93-001-RT-29;;;;;200;;;;;;;;;;;
779;34338;9SI-3-T93-001-ZO-09;;;;;200;;;;;;;;;;;
780;34379;9SI-3-T93-055-RT-35;;;;;200;;;;;;;;;;;
781;34380;9SI-3-T93-055-RT-41;;;;;200;;;;;;;;;;;
782;34381;9SI-3-T93-008-RT-36;;;;;500;;;;;;;;;;;
783;34382;9SI-3-T93-008-RT-28;;;;;200;;;;;;;;;;;
784;34383;LDKC_9SI-3-T92-051-RT-50;;;;;200;;;;;;;;;;;
785;34415;9SI-3-T93-055-ZO-09;;;;;200;;;;;;;;;;;
786;34416;9SI-3-T93-055-ZO-03;;;;;200;;;;;;;;;;;
787;34417;9SI-3-T93-027-RT-58;;;;;200;;;;;;;;;;;
788;34418;9SI-3-T93-027-RT-51;;;;;200;;;;;;;;;;;
789;34419;0I21_9SI-3-T93-001-RT-05;;;;;200;;;;;;;;;;;
790;34445;9SI-3-T93-048-RT-89;;;;;200;;;;;;;;;;;
791;34446;9SI-3-T93-048-RT-14;;;;;1000;;;;;;;;;;;
792;34447;LDKC_9SI-3-T93-066-RT-18;;;;;200;;;;;;;;;;;
793;34448;LDKC_9SI-3-T93-066-RT-20;;;;;200;;;;;;;;;;;
794;34449;LDKC_9SI-3-T93-066-RT-22;;;;;200;;;;;;;;;;;
795;34339;0I21_9SI-3-T93-001-RT-02;;;;;200;;;;;;;;;;;
796;34340;LDKC_9SI-3-T93-001-RT-02;;;;;200;;;;;;;;;;;
797;34341;9SI-3-T93-059-ZO-39;;;;;200;;;;;;;;;;;
798;34342;9SI-3-T93-059-ZO-35;;;;;200;;;;;;;;;;;
799;34343;9SI-3-T93-048-RT-34;;;;;200;;;;;;;;;;;
800;34384;LDKC_9SI-3-T92-051-RT-01;;;;;200;;;;;;;;;;;
801;34385;LDKC_9SI-3-T92-051-RT-52;;;;;200;;;;;;;;;;;
802;34386;9SI-3-T93-066-RT-237;;;;;200;;;;;;;;;;;
803;34387;9SI-3-T93-066-RT-177;;;;;200;;;;;;;;;;;
804;34388;9SI-3-T93-066-RT-185;;;;;200;;;;;;;;;;;
805;34420;0I21_9SI-3-T93-001-RT-03;;;;;200;;;;;;;;;;;
806;34421;0I21_9SI-3-T93-001-RT-01;;;;;200;;;;;;;;;;;
807;34422;9SI-3-T93-059-RT-29;;;;;200;;;;;;;;;;;
808;34423;9SI-3-T93-059-ZO-25;;;;;200;;;;;;;;;;;
809;34424;9SI-3-T93-059-ZO-31;;;;;200;;;;;;;;;;;
810;34450;LDKC_9SI-3-T93-066-RT-24;;;;;200;;;;;;;;;;;
811;34451;LDKC_9SI-3-T93-066-RT-28;;;;;200;;;;;;;;;;;
812;34452;9SI-3-T93-048-RT-59;;;;;200;;;;;;;;;;;
813;34453;9SI-3-T93-048-RT-81;;;;;200;;;;;;;;;;;
814;34454;9SI-3-T93-001-RT-57;;;;;200;;;;;;;;;;;
815;34344;9SI-3-T93-048-RT-52;;;;;200;;;;;;;;;;;
816;34345;9SI-3-T93-048-RT-58;;;;;500;;;;;;;;;;;
817;34346;9SI-3-T93-066-RT-34;;;;;200;;;;;;;;;;;
818;34347;9SI-3-T93-066-RT-36;;;;;200;;;;;;;;;;;
819;34348;9SI-3-T93-066-RT-28;;;;;200;;;;;;;;;;;
820;34389;9SI-3-T93-066-RT-181;;;;;200;;;;;;;;;;;
821;34390;9SI-3-T93-066-RT-171;;;;;200;;;;;;;;;;;
822;34391;9SI-3-T92-050-RT-49;;;;;200;;;;;;;;;;;
823;34392;9SI-3-T92-050-RT-48;;;;;200;;;;;;;;;;;
824;34394;9SI-3-T92-050-RT-44;;;;;200;;;;;;;;;;;
825;34425;9SI-3-T93-059-RT-35;;;;;200;;;;;;;;;;;
826;34426;9SI-3-T93-048-RT-09;;;;;200;;;;;;;;;;;
827;34427;LDKC_9SI-3-T93-066-RT-06;;;;;200;;;;;;;;;;;
828;34428;LDKC_9SI-3-T93-066-RT-02;;;;;200;;;;;;;;;;;
829;34429;LDKC_9SI-3-T93-066-RT-34;;;;;200;;;;;;;;;;;
830;34456;9SI-3-T93-001-RT-35;;;;;200;;;;;;;;;;;
831;34457;9SI-3-T92-050-RT-50;;;;;500;;;;;;;;;;;
832;34458;9SI-3-T92-050-RT-23;;;;;200;;;;;;;;;;;
833;34459;9SI-3-T92-050-RT-24;;;;;200;;;;;;;;;;;
834;34460;9SI-3-T92-050-RT-95;;;;;200;;;;;;;;;;;
835;34349;9SI-3-T93-066-RT-154;;;;;500;;;;;;;;;;;
836;34350;9SI-3-T93-066-RT-152;;;;;500;;;;;;;;;;;
837;34351;9SI-3-T93-048-RT-18;;;;;200;;;;;;;;;;;
838;34352;9SI-3-T93-048-RT-16;;;;;200;;;;;;;;;;;
839;34353;9SI-3-T93-048-RT-31;;;;;200;;;;;;;;;;;
840;34395;9SI-3-T92-050-RT-42;;;;;200;;;;;;;;;;;
841;34396;9SI-3-T92-050-RT-43;;;;;200;;;;;;;;;;;
842;34397;9SI-3-T93-055-RT-37;;;;;200;;;;;;;;;;;
843;34398;9SI-3-T93-055-ZO-26;;;;;200;;;;;;;;;;;
844;34399;9SI-3-T93-055-RT-30;;;;;200;;;;;;;;;;;
845;34430;LDKC_9SI-3-T93-066-RT-14;;;;;200;;;;;;;;;;;
846;34431;LDKC_9SI-3-T93-066-RT-16;;;;;200;;;;;;;;;;;
847;34432;9SI-3-T93-055-ZO-05;;;;;200;;;;;;;;;;;
848;34433;9SI-3-T93-048-RT-35;;;;;200;;;;;;;;;;;
849;34434;9SI-3-T93-048-RT-51;;;;;200;;;;;;;;;;;
850;34461;9SI-3-T92-050-RT-92;;;;;200;;;;;;;;;;;
851;34462;9SI-3-T93-055-ZO-06;;;;;200;;;;;;;;;;;
852;34463;9SI-3-T93-066-RT-58;;;;;200;;;;;;;;;;;
853;34464;9SI-3-T93-066-ZO-04;;;;;200;;;;;;;;;;;
854;34465;9SI-3-T93-066-RT-102;;;;;200;;;;;;;;;;;
855;34354;9SI-3-T93-048-RT-27;;;;;200;;;;;;;;;;;
856;34355;9SI-3-T93-048-RT-29;;;;;200;;;;;;;;;;;
857;34356;LDKC_9SI-3-T93-001-RT-01;;;;;200;;;;;;;;;;;
858;34357;LDKC_9SI-3-T93-001-RT-03;;;;;200;;;;;;;;;;;
859;34358;LEV3_9SI-3-T92-050-RT-06;;;;;1000;;;;;;;;;;;
860;35305;9SI-3-T95-277-RT-36;;;;;200;;;;;;;;;;;
861;35306;9SI-3-T95-277-RT-35;;;;;200;;;;;;;;;;;
862;35307;9SI-3-T95-277-RT-34;;;;;200;;;;;;;;;;;
863;35308;9SI-3-T93-051-RT-55;;;;;200;;;;;;;;;;;
864;35309;9SI-3-T93-051-RT-53;;;;;200;;;;;;;;;;;
865;35335;9SI-3-T93-048-RT-212;;;;;200;;;;;;;;;;;
866;35336;9SI-3-T93-048-RT-19;;;;;200;;;;;;;;;;;
867;35337;9SI-3-T93-048-ZO-30;;;;;200;;;;;;;;;;;
868;35338;LEV3_9SI-3-T95-306-RT-10;;;;;1000;;;;;;;;;;;
869;35339;LEV3_9SI-3-T95-306-RT-01;;;;;1000;;;;;;;;;;;
870;35360;9SI-3-T95-306-ZO-01;;;;;200;;;;;;;;;;;
871;35361;9SI-3-T95-306-ZO-06;;;;;200;;;;;;;;;;;
872;35362;9SI-3-T92-049-RT-72;;;;;500;;;;;;;;;;;
873;35363;LDKC_9SI-3-T92-025-RT-55;;;;;200;;;;;;;;;;;
874;35364;LDKC_9SI-3-T92-025-RT-54;;;;;200;;;;;;;;;;;
875;35375;9SI-3-T93-008-RT-46;;;;;200;;;;;;;;;;;
876;35376;9SI-3-T93-008-RT-18;;;;;200;;;;;;;;;;;
877;35377;9SI-3-T95-500-ZO-01;;;;;200;;;;;;;;;;;
878;35378;9SI-3-T92-049-RT-74;;;;;500;;;;;;;;;;;
879;35379;9SI-3-T92-049-RT-75;;;;;500;;;;;;;;;;;
880;35380;9SI-3-T92-049-RT-76;;;;;200;;;;;;;;;;;
881;35381;LDKC_9SI-3-T92-026-RT-07;;;;;200;;;;;;;;;;;
882;35382;9SI-3-T92-026-ZO-02;;;;;200;;;;;;;;;;;
883;35383;9SI-3-T93-010-RT-08;;;;;200;;;;;;;;;;;
884;35384;9SI-3-T93-001-RT-38;;;;;200;;;;;;;;;;;
885;35476;9SI-3-T78-586-ZO-02;;;;;200;;;;;;;;;;;
886;35477;LDKC_9SI-3-T78-311-RT-01;;;;;200;;;;;;;;;;;
887;35478;LDKC_9SI-3-T78-311-RT-03;;;;;200;;;;;;;;;;;
888;35539;LDKC_9SI-3-T78-586-RT-11;;;;;200;;;;;;;;;;;
889;35385;9SI-3-T93-001-RT-36;;;;;200;;;;;;;;;;;
890;35386;9SI-3-T93-001-ZO-26;;;;;200;;;;;;;;;;;
891;35387;9SI-3-T93-001-RT-32;;;;;200;;;;;;;;;;;
892;35388;9SI-3-T93-051-ZO-01;;;;;200;;;;;;;;;;;
893;35389;9SI-3-T93-051-ZO-25;;;;;200;;;;;;;;;;;
894;35425;9SI-3-T93-063-RT-50;;;;;500;;;;;;;;;;;
895;35426;9SI-3-T93-053-RT-58;;;;;200;;;;;;;;;;;
896;35427;9SI-3-T93-053-RT-52;;;;;200;;;;;;;;;;;
897;35428;9SI-3-T93-008-RT-45;;;;;200;;;;;;;;;;;
898;35429;9SI-3-T93-008-RT-43;;;;;200;;;;;;;;;;;
899;35550;LDKC_9SI-3-T75-116-RT-53;;;;;200;;;;;;;;;;;
900;35551;LDKC_9SI-3-T75-116-RT-51;;;;;200;;;;;;;;;;;
901;35552;9SI-3-T75-116-RT-50;;;;;200;;;;;;;;;;;
902;35390;9SI-3-T93-051-RT-56;;;;;200;;;;;;;;;;;
903;35391;9SI-3-T93-051-ZO-26;;;;;200;;;;;;;;;;;
904;35392;9SI-3-T93-051-ZO-52;;;;;200;;;;;;;;;;;
905;35393;LEV3_9SI-3-T95-476-RT-05;;;;;1000;;;;;;;;;;;
906;35394;LEV3_9SI-3-T95-476-RT-01;;;;;1000;;;;;;;;;;;
907;35430;9SI-3-T92-062-RT-50;;;;;200;;;;;;;;;;;
908;35431;9SI-3-T92-060-RT-68;;;;;200;;;;;;;;;;;
909;35432;9SI-3-T92-060-RT-66;;;;;200;;;;;;;;;;;
910;35433;9SI-3-T92-036-ZO-27;;;;;200;;;;;;;;;;;
911;35434;9SI-3-T92-036-RT-25;;;;;200;;;;;;;;;;;
912;35553;LDKC_9SI-3-T75-116-RT-61;;;;;200;;;;;;;;;;;
913;35554;LDKC_9SI-3-T75-116-RT-64;;;;;200;;;;;;;;;;;
914;35395;LEV3_9SI-3-T95-476-RT-02;;;;;1000;;;;;;;;;;;
915;35396;LEV3_9SI-3-T95-476-RT-03;;;;;1000;;;;;;;;;;;
916;35397;9SI-3-T95-476-ZO-01;;;;;200;;;;;;;;;;;
917;35398;9SI-3-T92-026-ZO-01;;;;;200;;;;;;;;;;;
918;35399;9SI-3-T92-026-ZO-25;;;;;200;;;;;;;;;;;
919;35435;9SI-3-T92-036-RT-60;;;;;500;;;;;;;;;;;
920;35436;9SI-3-T92-036-RT-59;;;;;200;;;;;;;;;;;
921;35437;9SI-3-T92-036-RT-02;;;;;500;;;;;;;;;;;
922;35438;9SI-3-T95-277-RT-29;;;;;200;;;;;;;;;;;
923;35439;9SI-3-T95-277-RT-26;;;;;200;;;;;;;;;;;
924;35400;9SI-3-T92-026-RT-52;;;;;500;;;;;;;;;;;
925;35401;9SI-3-T92-026-RT-50;;;;;200;;;;;;;;;;;
926;35402;9SI-3-T92-023-RT-71;;;;;200;;;;;;;;;;;
927;35403;9SI-3-T93-001-RT-28;;;;;500;;;;;;;;;;;
928;35404;9SI-3-T93-064-RT-11;;;;;1000;;;;;;;;;;;
929;35440;9SI-3-T95-277-RT-25;;;;;200;;;;;;;;;;;
930;35441;9SI-3-T95-268-RT-51;;;;;200;;;;;;;;;;;
931;35442;9SI-3-T95-268-RT-50;;;;;200;;;;;;;;;;;
932;35497;LDKC_9SI-3-T78-311-RT-04;;;;;200;;;;;;;;;;;
933;35498;LDKC_9SI-3-T78-311-RT-06;;;;;200;;;;;;;;;;;
934;35591;9SI-3-T78-311-RT-04;;;;;200;;;;;;;;;;;
935;35592;9SI-3-T78-311-RT-03;;;;;200;;;;;;;;;;;
936;35593;9SI-3-T78-311-RT-02;;;;;200;;;;;;;;;;;
937;35594;LDKC_9SI-3-T78-124-RT-02;;;;;200;;;;;;;;;;;
938;35405;9SI-3-T93-064-ZO-31;;;;;200;;;;;;;;;;;
939;35406;9SI-3-T93-064-ZO-29;;;;;200;;;;;;;;;;;
940;35407;9SI-3-T93-063-RT-30;;;;;200;;;;;;;;;;;
941;35408;9SI-3-T93-051-ZO-50;;;;;200;;;;;;;;;;;
942;35409;9SI-3-T93-008-RT-03;;;;;200;;;;;;;;;;;
943;35447;LDKC_9SI-3-T75-116-RT-62;;;;;200;;;;;;;;;;;
944;35448;LDKC_9SI-3-T75-116-RT-60;;;;;200;;;;;;;;;;;
945;35449;LDKC_9SI-3-T75-116-RT-57;;;;;200;;;;;;;;;;;
946;35450;LDKC_9SI-3-T75-116-RT-55;;;;;200;;;;;;;;;;;
947;35410;9SI-3-T93-008-ZO-07;;;;;200;;;;;;;;;;;
948;35411;9SI-3-T93-008-ZO-05;;;;;200;;;;;;;;;;;
949;35412;9SI-3-T93-008-ZO-01;;;;;200;;;;;;;;;;;
950;35413;9SI-3-T92-050-RT-16;;;;;200;;;;;;;;;;;
951;35414;LEV3_9SI-3-T92-049-RT-05;;;;;200;;;;;;;;;;;
952;35451;LDKC_9SI-3-T75-116-RT-54;;;;;200;;;;;;;;;;;
953;35415;LEV3_9SI-3-T92-049-RT-03;;;;;200;;;;;;;;;;;
954;35416;LEV3_9SI-3-T92-049-RT-02;;;;;200;;;;;;;;;;;
955;35417;9SI-3-T92-049-RT-01;;;;;500;;;;;;;;;;;
956;35418;9SI-3-T92-023-RT-12;;;;;200;;;;;;;;;;;
957;35419;9SI-3-T92-023-RT-62;;;;;200;;;;;;;;;;;
958;35512;9SI-3-T77-146-RT-57;;;;;200;;;;;;;;;;;
959;35513;9SI-3-T77-146-RT-56;;;;;200;;;;;;;;;;;
960;35420;9SI-3-T92-014-RT-56;;;;;500;;;;;;;;;;;
961;35421;9SI-3-T92-014-RT-54;;;;;500;;;;;;;;;;;
962;35422;9SI-3-T95-277-RT-31;;;;;200;;;;;;;;;;;
963;35423;9SI-3-T93-063-RT-37;;;;;200;;;;;;;;;;;
964;35424;9SI-3-T93-063-RT-25;;;;;200;;;;;;;;;;;
965;35517;9SI-3-T78-646-RT-53;;;;;200;;;;;;;;;;;
966;35518;9SI-3-T78-646-RT-52;;;;;200;;;;;;;;;;;
967;35519;9SI-3-T78-646-RT-51;;;;;200;;;;;;;;;;;
968;35571;9SI-3-T78-311-RT-07;;;;;200;;;;;;;;;;;
969;35572;9SI-3-T78-311-RT-06;;;;;200;;;;;;;;;;;
970;35573;9SI-3-T75-115-RT-25;;;;;200;;;;;;;;;;;
971;35275;9SI-3-T93-008-RT-33;;;;;200;;;;;;;;;;;
972;35276;9SI-3-T93-008-RT-31;;;;;200;;;;;;;;;;;
973;35277;9SI-3-T93-008-RT-27;;;;;200;;;;;;;;;;;
974;35278;9SI-3-T92-049-ZO-03;;;;;200;;;;;;;;;;;
975;35279;9SI-3-T92-049-RT-83;;;;;200;;;;;;;;;;;
976;35280;9SI-3-T92-049-RT-82;;;;;200;;;;;;;;;;;
977;35281;9SI-3-T92-049-RT-81;;;;;200;;;;;;;;;;;
978;35282;9SI-3-T92-049-RT-80;;;;;200;;;;;;;;;;;
979;35283;9SI-3-T92-012-RT-29;;;;;200;;;;;;;;;;;
980;35284;9SI-3-T92-012-RT-25;;;;;200;;;;;;;;;;;
981;35310;9SI-3-T93-051-ZO-53;;;;;200;;;;;;;;;;;
982;35311;9SI-3-T93-010-RT-04;;;;;1000;;;;;;;;;;;
983;35312;9SI-3-T93-010-RT-01;;;;;1000;;;;;;;;;;;
984;35313;9SI-3-T92-060-RT-72;;;;;200;;;;;;;;;;;
985;35314;9SI-3-T92-060-RT-71;;;;;200;;;;;;;;;;;
986;35532;9SI-3-T77-121-RT-53;;;;;200;;;;;;;;;;;
987;35612;LDKC_9SI-3-T78-586-RT-09;;;;;200;;;;;;;;;;;
988;35285;LDKC_9SI-3-T92-012-RT-58;;;;;200;;;;;;;;;;;
989;35286;LDKC_9SI-3-T92-012-RT-57;;;;;200;;;;;;;;;;;
990;35287;LDKC_9SI-3-T92-012-RT-54;;;;;200;;;;;;;;;;;
991;35288;9SI-3-T93-063-ZO-25;;;;;200;;;;;;;;;;;
992;35289;9SI-3-T93-063-RT-45;;;;;200;;;;;;;;;;;
993;35315;LDKC_9SI-3-T92-060-RT-79;;;;;200;;;;;;;;;;;
994;35316;LDKC_9SI-3-T93-059-RT-11;;;;;200;;;;;;;;;;;
995;35317;LDKC_9SI-3-T93-059-RT-12;;;;;200;;;;;;;;;;;
996;35318;9SI-3-T92-023-RT-83;;;;;200;;;;;;;;;;;
997;35319;9SI-3-T92-023-ZO-54;;;;;200;;;;;;;;;;;
998;35340;LEV3_9SI-3-T95-306-RT-02;;;;;1000;;;;;;;;;;;
999;35341;9SI-3-T95-306-ZO-04;;;;;200;;;;;;;;;;;
1000;35342;9SI-3-T95-306-ZO-05;;;;;200;;;;;;;;;;;
1001;35343;LDKC_9SI-3-T92-044-RT-01;;;;;200;;;;;;;;;;;
1002;35344;9SI-3-T92-044-RT-26;;;;;200;;;;;;;;;;;
1003;35290;9SI-3-T93-063-RT-39;;;;;200;;;;;;;;;;;
1004;35291;LEV3_9SI-3-T93-051-RT-50;;;;;1000;;;;;;;;;;;
1005;35292;9SI-3-T93-051-RT-57;;;;;200;;;;;;;;;;;
1006;35293;9SI-3-T93-008-RT-02;;;;;1000;;;;;;;;;;;
1007;35294;9SI-3-T92-060-ZO-51;;;;;200;;;;;;;;;;;
1008;35320;9SI-3-T92-023-ZO-55;;;;;200;;;;;;;;;;;
1009;35321;9SI-3-T92-023-RT-82;;;;;200;;;;;;;;;;;
1010;35322;9SI-3-T92-023-ZO-52;;;;;200;;;;;;;;;;;
1011;35323;9SI-3-T95-277-RT-33;;;;;200;;;;;;;;;;;
1012;35324;9SI-3-T95-277-RT-32;;;;;200;;;;;;;;;;;
1013;35345;LDKC_9SI-3-T92-025-RT-59;;;;;200;;;;;;;;;;;
1014;35346;LDKC_9SI-3-T92-025-RT-57;;;;;200;;;;;;;;;;;
1015;35347;LDKC_9SI-3-T92-025-RT-56;;;;;200;;;;;;;;;;;
1016;35348;9SI-3-T92-075-ZO-04;;;;;200;;;;;;;;;;;
1017;35349;9SI-3-T92-075-ZO-02;;;;;200;;;;;;;;;;;
1018;35365;LDKC_9SI-3-T92-025-RT-52;;;;;200;;;;;;;;;;;
1019;35366;LDKC_9SI-3-T92-012-RT-53;;;;;200;;;;;;;;;;;
1020;35367;LDKC_9SI-3-T92-012-RT-52;;;;;200;;;;;;;;;;;
1021;35368;9SI-3-T93-063-RT-35;;;;;200;;;;;;;;;;;
1022;35369;9SI-3-T93-063-RT-27;;;;;200;;;;;;;;;;;
1023;35295;9SI-3-T92-060-ZO-50;;;;;200;;;;;;;;;;;
1024;35296;9SI-3-T92-060-RT-50;;;;;500;;;;;;;;;;;
1025;35297;9SI-3-T92-060-RT-69;;;;;200;;;;;;;;;;;
1026;35298;9SI-3-T92-036-RT-53;;;;;200;;;;;;;;;;;
1027;35299;9SI-3-T92-036-RT-08;;;;;500;;;;;;;;;;;
1028;35325;LDKC_9SI-3-T92-044-RT-50;;;;;200;;;;;;;;;;;
1029;35326;LDKC_9SI-3-T92-044-RT-51;;;;;200;;;;;;;;;;;
1030;35327;LDKC_9SI-3-T92-044-RT-52;;;;;200;;;;;;;;;;;
1031;35328;9SI-3-T93-010-RT-28;;;;;200;;;;;;;;;;;
1032;35329;OPAL_9SI-3-T93-008-RT-26;;;;;200;;;;;;;;;;;
1033;35350;9SI-3-T92-075-RT-03;;;;;500;;;;;;;;;;;
1034;35351;9SI-3-T92-075-RT-02;;;;;500;;;;;;;;;;;
1035;35352;9SI-3-T92-075-RT-01;;;;;500;;;;;;;;;;;
1036;35353;9SI-3-T93-048-RT-30;;;;;200;;;;;;;;;;;
1037;35354;9SI-3-T93-048-RT-26;;;;;200;;;;;;;;;;;
1038;35370;9SI-3-T93-061-ZO-01;;;;;200;;;;;;;;;;;
1039;35371;9SI-3-T93-061-RT-26;;;;;200;;;;;;;;;;;
1040;35372;9SI-3-T93-061-RT-02;;;;;1000;;;;;;;;;;;
1041;35373;9SI-3-T93-008-RT-44;;;;;200;;;;;;;;;;;
1042;35374;9SI-3-T93-008-ZO-26;;;;;200;;;;;;;;;;;
1043;35300;9SI-3-T92-036-ZO-04;;;;;200;;;;;;;;;;;
1044;35301;LDKC_9SI-3-T92-026-RT-11;;;;;200;;;;;;;;;;;
1045;35302;LDKC_9SI-3-T92-026-RT-09;;;;;200;;;;;;;;;;;
1046;35303;LDKC_9SI-3-T95-288-RT-02;;;;;200;;;;;;;;;;;
1047;35304;LDKC_9SI-3-T95-288-RT-01;;;;;200;;;;;;;;;;;
1048;35330;9SI-3-T93-008-ZO-31;;;;;200;;;;;;;;;;;
1049;35331;9SI-3-T92-075-ZO-06;;;;;200;;;;;;;;;;;
1050;35332;9SI-3-T92-075-ZO-05;;;;;200;;;;;;;;;;;
1051;35333;LDKC_9SI-3-T93-059-RT-15;;;;;200;;;;;;;;;;;
1052;35334;LDKC_9SI-3-T93-059-RT-17;;;;;200;;;;;;;;;;;
1053;35355;9SI-3-T93-048-RT-28;;;;;200;;;;;;;;;;;
1054;35356;9SI-3-T93-008-ZO-06;;;;;200;;;;;;;;;;;
1055;35357;9SI-3-T93-008-ZO-04;;;;;200;;;;;;;;;;;
1056;35358;9SI-3-T95-306-ZO-03;;;;;200;;;;;;;;;;;
1057;35359;9SI-3-T95-306-ZO-02;;;;;200;;;;;;;;;;;
1058;35000;9SI-3-T94-044-RT-55;;;;;200;;;;;;;;;;;
1059;35001;9SI-3-T77-258-RT-53;;;;;200;;;;;;;;;;;
1060;35002;9SI-3-T77-258-ZO-25;;;;;200;;;;;;;;;;;
1061;35003;9SI-3-T77-258-RT-59;;;;;200;;;;;;;;;;;
1062;35004;9SI-3-T77-258-RT-67;;;;;200;;;;;;;;;;;
1063;35040;LEV3_9SI-3-T92-073-RT-26;;;;;1000;;;;;;;;;;;
1064;35041;9SI-3-T92-040-RT-29;;;;;200;;;;;;;;;;;
1065;35042;9SI-3-T92-040-RT-30;;;;;200;;;;;;;;;;;
1066;35043;9SI-3-T92-040-RT-31;;;;;200;;;;;;;;;;;
1067;35044;9SI-3-T92-040-ZO-26;;;;;200;;;;;;;;;;;
1068;35075;9SI-3-T93-005-RT-34;;;;;200;;;;;;;;;;;
1069;35076;9SI-3-T93-005-RT-30;;;;;1000;;;;;;;;;;;
1070;35077;9SI-3-T92-004-ZO-50;;;;;200;;;;;;;;;;;
1071;35078;9SI-3-T92-004-RT-50;;;;;200;;;;;;;;;;;
1072;35079;9SI-3-T92-004-ZO-02;;;;;200;;;;;;;;;;;
1073;35105;9SI-3-T95-268-RT-27;;;;;200;;;;;;;;;;;
1074;35106;9SI-3-T95-268-RT-26;;;;;200;;;;;;;;;;;
1075;35107;9SI-3-T92-040-RT-68;;;;;500;;;;;;;;;;;
1076;35108;9SI-3-T92-040-RT-62;;;;;200;;;;;;;;;;;
1077;35109;9SI-3-T92-024-RT-68;;;;;200;;;;;;;;;;;
1078;35110;9SI-3-T92-024-RT-66;;;;;200;;;;;;;;;;;
1079;35111;9SI-3-T92-024-RT-65;;;;;200;;;;;;;;;;;
1080;35112;9SI-3-T94-067-RT-52;;;;;500;;;;;;;;;;;
1081;35113;9SI-3-T94-067-RT-50;;;;;500;;;;;;;;;;;
1082;35114;9SI-3-T94-054-ZO-51;;;;;200;;;;;;;;;;;
1083;35115;9SI-3-T94-054-RT-53;;;;;200;;;;;;;;;;;
1084;35116;9SI-3-T94-054-RT-51;;;;;200;;;;;;;;;;;
1085;35117;9SI-3-T93-046-RT-33;;;;;200;;;;;;;;;;;
1086;35118;9SI-3-T93-046-RT-29;;;;;200;;;;;;;;;;;
1087;35119;9SI-3-T93-046-RT-34;;;;;200;;;;;;;;;;;
1088;35120;9SI-3-T93-046-RT-28;;;;;200;;;;;;;;;;;
1089;35121;9SI-3-T93-046-RT-26;;;;;1000;;;;;;;;;;;
1090;35122;9SI-3-T92-049-RT-70;;;;;500;;;;;;;;;;;
1091;35123;9SI-3-T92-049-RT-69;;;;;500;;;;;;;;;;;
1092;35124;9SI-3-T92-049-RT-62;;;;;500;;;;;;;;;;;
1093;35210;LEV3_9SI-3-T93-051-RT-53;;;;;1000;;;;;;;;;;;
1094;35211;LEV3_9SI-3-T93-051-RT-51;;;;;1000;;;;;;;;;;;
1095;35212;LEV3_9SI-3-T93-051-RT-52;;;;;1000;;;;;;;;;;;
1096;35213;NOOS_9SI-3-T92-060-RT-54;;;;;500;;;;;;;;;;;
1097;35214;NOOS_9SI-3-T92-060-RT-55;;;;;500;;;;;;;;;;;
1098;35235;LDKC_9SI-3-T93-059-RT-07;;;;;200;;;;;;;;;;;
1099;35236;LDKC_9SI-3-T93-059-RT-08;;;;;200;;;;;;;;;;;
1100;35237;LDKC_9SI-3-T93-059-RT-10;;;;;200;;;;;;;;;;;
1101;35238;9SI-3-T92-023-RT-95;;;;;500;;;;;;;;;;;
1102;35239;9SI-3-T92-023-RT-94;;;;;200;;;;;;;;;;;
1103;35125;9SI-3-T92-049-RT-66;;;;;500;;;;;;;;;;;
1104;35126;9SI-3-T92-049-RT-67;;;;;500;;;;;;;;;;;
1105;35127;9SI-3-T93-053-RT-26;;;;;200;;;;;;;;;;;
1106;35128;9SI-3-T93-053-RT-59;;;;;200;;;;;;;;;;;
1107;35129;9SI-3-T93-053-RT-57;;;;;200;;;;;;;;;;;
1108;35165;SITR_9SI-3-T92-026-RT-20;;;;;500;;;;;;;;;;;
1109;35166;LDKC_9SI-3-T92-026-RT-01;;;;;200;;;;;;;;;;;
1110;35167;LDKC_9SI-3-T92-026-RT-02;;;;;200;;;;;;;;;;;
1111;35168;9SI-3-T93-001-RT-52;;;;;200;;;;;;;;;;;
1112;35169;9SI-3-T93-001-ZO-04;;;;;200;;;;;;;;;;;
1113;35240;9SI-3-T92-023-RT-91;;;;;200;;;;;;;;;;;
1114;35241;9SI-3-T92-023-RT-84;;;;;500;;;;;;;;;;;
1115;35242;LEV3_9SI-3-T95-306-RT-03;;;;;1000;;;;;;;;;;;
1116;35243;9SI-3-T92-046-RT-51;;;;;500;;;;;;;;;;;
1117;35244;9SI-3-T92-046-RT-02;;;;;500;;;;;;;;;;;
1118;35245;9SI-3-T92-046-ZO-02;;;;;200;;;;;;;;;;;
1119;35246;9SI-3-T92-046-ZO-01;;;;;200;;;;;;;;;;;
1120;35247;LDKC_9SI-3-T92-026-RT-14;;;;;200;;;;;;;;;;;
1121;35248;9SI-3-T93-010-RT-03;;;;;1000;;;;;;;;;;;
1122;35249;9SI-3-T92-075-ZO-51;;;;;200;;;;;;;;;;;
1123;35130;9SI-3-T93-053-RT-53;;;;;200;;;;;;;;;;;
1124;35131;9SI-3-T93-010-RT-51;;;;;500;;;;;;;;;;;
1125;35132;9SI-3-T92-060-RT-59;;;;;200;;;;;;;;;;;
1126;35133;9SI-3-T92-060-RT-60;;;;;200;;;;;;;;;;;
1127;35134;9SI-3-T93-061-ZO-02;;;;;200;;;;;;;;;;;
1128;35170;LEV3_9SI-3-T92-075-RT-06;;;;;200;;;;;;;;;;;
1129;35171;LEV3_9SI-3-T92-075-RT-05;;;;;200;;;;;;;;;;;
1130;35172;LEV3_9SI-3-T92-075-RT-04;;;;;200;;;;;;;;;;;
1131;35173;9SI-3-T93-048-RT-86;;;;;500;;;;;;;;;;;
1132;35174;9SI-3-T93-048-RT-84;;;;;200;;;;;;;;;;;
1133;35215;9SI-3-T92-060-RT-57;;;;;500;;;;;;;;;;;
1134;35216;9SI-3-T92-060-ZO-52;;;;;200;;;;;;;;;;;
1135;35217;LDKC_9SI-3-T93-059-RT-05;;;;;200;;;;;;;;;;;
1136;35218;9SI-3-T92-036-RT-56;;;;;200;;;;;;;;;;;
1137;35219;9SI-3-T92-036-RT-55;;;;;200;;;;;;;;;;;
1138;35250;9SI-3-T92-075-ZO-50;;;;;200;;;;;;;;;;;
1139;35251;9SI-3-T92-075-RT-50;;;;;500;;;;;;;;;;;
1140;35252;9SI-3-T92-075-RT-27;;;;;200;;;;;;;;;;;
1141;35253;9SI-3-T93-048-RT-48;;;;;200;;;;;;;;;;;
1142;35254;9SI-3-T93-048-ZO-38;;;;;200;;;;;;;;;;;
1143;35135;9SI-3-T93-061-RT-27;;;;;200;;;;;;;;;;;
1144;35136;9SI-3-T93-061-RT-25;;;;;200;;;;;;;;;;;
1145;35137;9SI-3-T92-036-RT-01;;;;;500;;;;;;;;;;;
1146;35138;9SI-3-T92-023-RT-93;;;;;200;;;;;;;;;;;
1147;35139;9SI-3-T92-023-RT-50;;;;;500;;;;;;;;;;;
1148;35175;9SI-3-T93-048-RT-92;;;;;200;;;;;;;;;;;
1149;35176;9SI-3-T93-008-RT-41;;;;;200;;;;;;;;;;;
1150;35177;9SI-3-T93-008-ZO-27;;;;;200;;;;;;;;;;;
1151;35178;LEV3_9SI-3-T95-424-RT-02;;;;;1000;;;;;;;;;;;
1152;35179;9SI-3-T95-424-ZO-01;;;;;200;;;;;;;;;;;
1153;35220;9SI-3-T92-036-RT-54;;;;;200;;;;;;;;;;;
1154;35221;9SI-3-T92-036-RT-52;;;;;200;;;;;;;;;;;
1155;35222;9SI-3-T92-023-RT-97;;;;;500;;;;;;;;;;;
1156;35223;LEV3_9SI-3-T95-257-RT-05;;;;;1000;;;;;;;;;;;
1157;35224;LEV3_9SI-3-T95-257-RT-06;;;;;1000;;;;;;;;;;;
1158;35255;9SI-3-T93-048-RT-46;;;;;200;;;;;;;;;;;
1159;35256;9SI-3-T93-048-RT-38;;;;;200;;;;;;;;;;;
1160;35257;9SI-3-T93-048-RT-36;;;;;200;;;;;;;;;;;
1161;35258;LEV3_9SI-3-T95-306-RT-04;;;;;1000;;;;;;;;;;;
1162;35259;LEV3_9SI-3-T95-306-RT-07;;;;;1000;;;;;;;;;;;
1163;35140;9SI-3-T92-023-RT-16;;;;;200;;;;;;;;;;;
1164;35141;9SI-3-T92-023-RT-52;;;;;500;;;;;;;;;;;
1165;35142;9SI-3-T92-023-RT-51;;;;;500;;;;;;;;;;;
1166;35143;LDKC_9SI-3-T92-012-RT-50;;;;;200;;;;;;;;;;;
1167;35144;LDKC_9SI-3-T92-012-RT-65;;;;;200;;;;;;;;;;;
1168;35180;9SI-3-T92-049-RT-52;;;;;500;;;;;;;;;;;
1169;35181;9SI-3-T92-049-RT-50;;;;;500;;;;;;;;;;;
1170;35182;9SI-3-T92-049-RT-53;;;;;200;;;;;;;;;;;
1171;35183;SITR_9SI-3-T92-026-RT-18;;;;;500;;;;;;;;;;;
1172;35184;LDKC_9SI-3-T92-026-RT-16;;;;;200;;;;;;;;;;;
1173;35225;LDKC_9SI-3-T95-257-RT-03;;;;;200;;;;;;;;;;;
1174;35226;9SI-3-T92-049-ZO-01;;;;;200;;;;;;;;;;;
1175;35227;9SI-3-T92-046-RT-52;;;;;200;;;;;;;;;;;
1176;35228;9SI-3-T93-010-RT-25;;;;;1000;;;;;;;;;;;
1177;35229;9SI-3-T93-010-RT-09;;;;;200;;;;;;;;;;;
1178;35265;LDKC_9SI-3-T92-026-RT-04;;;;;200;;;;;;;;;;;
1179;35266;LDKC_9SI-3-T92-025-RT-50;;;;;200;;;;;;;;;;;
1180;35267;LDKC_9SI-3-T92-025-RT-60;;;;;200;;;;;;;;;;;
1181;35268;9SI-3-T92-075-RT-26;;;;;200;;;;;;;;;;;
1182;35269;9SI-3-T92-075-ZO-07;;;;;200;;;;;;;;;;;
1183;35145;LDKC_9SI-3-T92-012-RT-64;;;;;200;;;;;;;;;;;
1184;35146;9SI-3-T95-268-RT-37;;;;;200;;;;;;;;;;;
1185;35147;9SI-3-T95-268-RT-36;;;;;200;;;;;;;;;;;
1186;35148;9SI-3-T93-010-ZO-01;;;;;200;;;;;;;;;;;
1187;35149;9SI-3-T93-010-ZO-29;;;;;200;;;;;;;;;;;
1188;35185;9SI-3-T92-014-RT-51;;;;;500;;;;;;;;;;;
1189;35186;9SI-3-T92-014-RT-52;;;;;200;;;;;;;;;;;
1190;35187;9SI-3-T92-014-RT-58;;;;;500;;;;;;;;;;;
1191;35188;9SI-3-T93-063-RT-42;;;;;200;;;;;;;;;;;
1192;35189;9SI-3-T93-063-RT-44;;;;;200;;;;;;;;;;;
1193;35230;9SI-3-T93-010-RT-50;;;;;500;;;;;;;;;;;
1194;35231;9SI-3-T93-010-RT-06;;;;;200;;;;;;;;;;;
1195;35232;9SI-3-T93-010-ZO-02;;;;;200;;;;;;;;;;;
1196;35233;LDKC_9SI-3-T93-059-RT-04;;;;;200;;;;;;;;;;;
1197;35234;LDKC_9SI-3-T93-059-RT-06;;;;;200;;;;;;;;;;;
1198;35270;9SI-3-T93-063-RT-51;;;;;500;;;;;;;;;;;
1199;35271;9SI-3-T93-063-RT-31;;;;;200;;;;;;;;;;;
1200;35272;9SI-3-T93-063-RT-43;;;;;200;;;;;;;;;;;
1201;35273;9SI-3-T93-048-RT-42;;;;;200;;;;;;;;;;;
1202;35274;9SI-3-T93-008-RT-35;;;;;500;;;;;;;;;;;
1203;35150;9SI-3-T93-010-ZO-25;;;;;200;;;;;;;;;;;
1204;35151;9SI-3-T93-010-ZO-27;;;;;200;;;;;;;;;;;
1205;35152;9SI-3-T93-001-RT-58;;;;;200;;;;;;;;;;;
1206;35153;9SI-3-T93-061-RT-03;;;;;1000;;;;;;;;;;;
1207;35154;LDKC_9SI-3-T93-059-RT-02;;;;;200;;;;;;;;;;;
1208;35190;9SI-3-T93-063-RT-40;;;;;200;;;;;;;;;;;
1209;35191;9SI-3-T93-063-RT-32;;;;;200;;;;;;;;;;;
1210;35192;9SI-3-T93-053-RT-51;;;;;200;;;;;;;;;;;
1211;35193;9SI-3-T93-008-RT-19;;;;;200;;;;;;;;;;;
1212;35194;9SI-3-T93-008-RT-48;;;;;200;;;;;;;;;;;
1213;34955;9SI-3-T92-036-RT-03;;;;;200;;;;;;;;;;;
1214;34956;9SI-3-T92-076-RT-52;;;;;200;;;;;;;;;;;
1215;34957;9SI-3-T92-076-RT-51;;;;;200;;;;;;;;;;;
1216;34958;9SI-3-T92-076-RT-50;;;;;200;;;;;;;;;;;
1217;34959;9SI-3-T92-076-ZO-52;;;;;200;;;;;;;;;;;
1218;35260;LEV3_9SI-3-T95-306-RT-08;;;;;1000;;;;;;;;;;;
1219;35261;LEV3_9SI-3-T95-306-RT-09;;;;;1000;;;;;;;;;;;
1220;35262;9SI-3-T92-049-ZO-55;;;;;200;;;;;;;;;;;
1221;35263;LDKC_9SI-3-T92-026-RT-12;;;;;200;;;;;;;;;;;
1222;35264;LDKC_9SI-3-T92-026-RT-05;;;;;200;;;;;;;;;;;
1223;35155;9SI-3-T93-048-ZO-32;;;;;200;;;;;;;;;;;
1224;35156;9SI-3-T93-048-RT-88;;;;;200;;;;;;;;;;;
1225;35157;9SI-3-T93-048-ZO-34;;;;;200;;;;;;;;;;;
1226;35158;9SI-3-T92-023-RT-98;;;;;200;;;;;;;;;;;
1227;35159;9SI-3-T92-023-ZO-51;;;;;200;;;;;;;;;;;
1228;35195;9SI-3-T93-008-RT-17;;;;;200;;;;;;;;;;;
1229;35196;9SI-3-T92-060-RT-65;;;;;200;;;;;;;;;;;
1230;35197;9SI-3-T92-060-RT-64;;;;;200;;;;;;;;;;;
1231;35198;9SI-3-T92-049-RT-59;;;;;500;;;;;;;;;;;
1232;35199;9SI-3-T92-049-RT-57;;;;;500;;;;;;;;;;;
1233;34960;LEV3_9SI-3-T92-073-RT-64;;;;;1000;;;;;;;;;;;
1234;34961;9SI-3-T92-040-RT-25;;;;;200;;;;;;;;;;;
1235;34962;9SI-3-T92-040-RT-37;;;;;200;;;;;;;;;;;
1236;34963;9SI-3-T92-040-RT-38;;;;;200;;;;;;;;;;;
1237;34964;LDKC_9SI-3-T92-024-RT-60;;;;;200;;;;;;;;;;;
1238;35005;9SI-3-T92-050-RT-26;;;;;200;;;;;;;;;;;
1239;35006;LEV3_9SI-3-T92-040-RT-04;;;;;200;;;;;;;;;;;
1240;35007;LEV3_9SI-3-T92-040-RT-03;;;;;200;;;;;;;;;;;
1241;35008;9SI-3-T92-040-RT-73;;;;;200;;;;;;;;;;;
1242;35009;9SI-3-T92-040-RT-27;;;;;200;;;;;;;;;;;
1243;35160;9SI-3-T95-476-RT-03;;;;;200;;;;;;;;;;;
1244;35161;9SI-3-T95-476-RT-01;;;;;200;;;;;;;;;;;
1245;35162;LDKC_9SI-3-T95-427-RT-02;;;;;200;;;;;;;;;;;
1246;35163;9SI-3-T92-049-RT-64;;;;;500;;;;;;;;;;;
1247;35164;SITR_9SI-3-T92-026-RT-19;;;;;500;;;;;;;;;;;
1248;35200;9SI-3-T92-049-RT-56;;;;;500;;;;;;;;;;;
1249;35201;9SI-3-T92-036-ZO-50;;;;;200;;;;;;;;;;;
1250;35202;9SI-3-T92-036-RT-57;;;;;200;;;;;;;;;;;
1251;35203;9SI-3-T92-012-RT-28;;;;;200;;;;;;;;;;;
1252;35204;9SI-3-T92-012-RT-32;;;;;200;;;;;;;;;;;
1253;34965;LDKC_9SI-3-T92-023-RT-73;;;;;200;;;;;;;;;;;
1254;34966;9SI-3-T92-012-RT-70;;;;;200;;;;;;;;;;;
1255;34967;9SI-3-T92-012-RT-68;;;;;200;;;;;;;;;;;
1256;34968;9SI-3-T92-012-RT-67;;;;;500;;;;;;;;;;;
1257;34969;9SI-3-T92-050-RT-87;;;;;200;;;;;;;;;;;
1258;35010;9SI-3-T92-040-RT-28;;;;;200;;;;;;;;;;;
1259;35011;9SI-3-T92-009-RT-53;;;;;500;;;;;;;;;;;
1260;35012;9SI-3-T92-007-RT-80;;;;;200;;;;;;;;;;;
1261;35013;9SI-3-T92-007-RT-81;;;;;200;;;;;;;;;;;
1262;35014;9SI-3-T94-071-RT-30;;;;;200;;;;;;;;;;;
1263;35045;9SI-3-T92-040-ZO-25;;;;;200;;;;;;;;;;;
1264;35046;9SI-3-T92-012-RT-73;;;;;200;;;;;;;;;;;
1265;35047;9SI-3-T92-012-RT-71;;;;;200;;;;;;;;;;;
1266;35048;9SI-3-T92-012-RT-72;;;;;200;;;;;;;;;;;
1267;35049;9SI-3-T92-012-RT-50;;;;;500;;;;;;;;;;;
1268;35205;9SI-3-T95-268-RT-34;;;;;200;;;;;;;;;;;
1269;35206;9SI-3-T95-268-RT-32;;;;;200;;;;;;;;;;;
1270;35207;LEV3_9SI-3-T95-257-RT-03;;;;;1000;;;;;;;;;;;
1271;35208;9SI-3-T93-053-RT-55;;;;;200;;;;;;;;;;;
1272;35209;9SI-3-T93-053-RT-25;;;;;200;;;;;;;;;;;
1273;34970;9SI-3-T92-050-RT-85;;;;;200;;;;;;;;;;;
1274;34971;9SI-3-T92-036-ZO-26;;;;;200;;;;;;;;;;;
1275;34972;LDKC_9SI-3-T92-023-RT-54;;;;;200;;;;;;;;;;;
1276;34973;LDKC_9SI-3-T92-023-RT-53;;;;;200;;;;;;;;;;;
1277;34974;LDKC_9SI-3-T92-023-RT-77;;;;;200;;;;;;;;;;;
1278;35015;9SI-3-T94-071-RT-28;;;;;200;;;;;;;;;;;
1279;35016;9SI-3-T94-044-RT-53;;;;;200;;;;;;;;;;;
1280;35017;9SI-3-T94-044-RT-60;;;;;200;;;;;;;;;;;
1281;35018;9SI-3-T93-057-ZO-28;;;;;200;;;;;;;;;;;
1282;35019;9SI-3-T93-047-RT-28;;;;;200;;;;;;;;;;;
1283;35050;9SI-3-T91-377-RT-56;;;;;200;;;;;;;;;;;
1284;35051;9SI-3-T93-072-RT-34;;;;;200;;;;;;;;;;;
1285;35052;9SI-3-T93-072-RT-28;;;;;200;;;;;;;;;;;
1286;35053;9SI-3-T93-072-RT-26;;;;;200;;;;;;;;;;;
1287;35054;9SI-3-T93-072-ZO-29;;;;;200;;;;;;;;;;;
1288;35080;9SI-3-T92-004-RT-01;;;;;500;;;;;;;;;;;
1289;35081;9SI-3-T94-044-RT-56;;;;;200;;;;;;;;;;;
1290;35082;LDKC_9SI-3-T92-023-RT-69;;;;;200;;;;;;;;;;;
1291;35083;9SI-3-T77-258-RT-65;;;;;200;;;;;;;;;;;
1292;35084;9SI-3-T77-258-RT-64;;;;;200;;;;;;;;;;;
1293;34975;LDKC_9SI-3-T92-023-RT-75;;;;;200;;;;;;;;;;;
1294;34976;LEV3_9SI-3-T92-073-RT-63;;;;;1000;;;;;;;;;;;
1295;34977;9SI-3-T92-007-RT-52;;;;;200;;;;;;;;;;;
1296;34978;9SI-3-T92-007-RT-53;;;;;200;;;;;;;;;;;
1297;34979;9SI-3-T92-007-RT-56;;;;;200;;;;;;;;;;;
1298;35020;9SI-3-T93-047-RT-27;;;;;200;;;;;;;;;;;
1299;35021;9SI-3-T92-050-RT-25;;;;;200;;;;;;;;;;;
1300;35022;9SI-3-T92-050-RT-18;;;;;200;;;;;;;;;;;
1301;35023;9SI-3-T92-050-RT-19;;;;;200;;;;;;;;;;;
1302;35024;9SI-3-T92-050-RT-20;;;;;500;;;;;;;;;;;
1303;35055;9SI-3-T93-072-ZO-27;;;;;200;;;;;;;;;;;
1304;35056;LEV3_9SI-3-T92-073-RT-65;;;;;1000;;;;;;;;;;;
1305;35057;9SI-3-T92-073-RT-25;;;;;200;;;;;;;;;;;
1306;35058;9SI-3-T92-073-ZO-25;;;;;200;;;;;;;;;;;
1307;35059;9SI-3-T92-073-RT-62;;;;;200;;;;;;;;;;;
1308;35085;LEV3_9SI-3-T77-258-RT-52;;;;;500;;;;;;;;;;;
1309;35086;LEV3_9SI-3-T77-258-RT-51;;;;;500;;;;;;;;;;;
1310;35087;9SI-3-T92-050-RT-73;;;;;500;;;;;;;;;;;
1311;35088;9SI-3-T92-040-RT-32;;;;;200;;;;;;;;;;;
1312;35089;9SI-3-T92-040-RT-36;;;;;200;;;;;;;;;;;
1313;34980;9SI-3-T92-007-RT-57;;;;;200;;;;;;;;;;;
1314;34981;LDKC_9SI-3-T92-023-RT-60;;;;;200;;;;;;;;;;;
1315;34982;LDKC_9SI-3-T92-023-RT-61;;;;;200;;;;;;;;;;;
1316;34983;LDKC_9SI-3-T92-023-RT-62;;;;;200;;;;;;;;;;;
1317;34984;9SI-3-T77-258-ZO-50;;;;;200;;;;;;;;;;;
1318;35025;9SI-3-T92-050-RT-99;;;;;500;;;;;;;;;;;
1319;35026;9SI-3-T92-025-RT-77;;;;;200;;;;;;;;;;;
1320;35027;9SI-3-T92-024-RT-25;;;;;200;;;;;;;;;;;
1321;35028;9SI-3-T92-024-ZO-25;;;;;200;;;;;;;;;;;
1322;35029;9SI-3-T92-024-RT-71;;;;;500;;;;;;;;;;;
1323;35060;9SI-3-T92-004-RT-53;;;;;500;;;;;;;;;;;
1324;35061;LDKC_9SI-3-T92-023-RT-64;;;;;200;;;;;;;;;;;
1325;35062;LDKC_9SI-3-T92-023-RT-65;;;;;200;;;;;;;;;;;
1326;35063;LDKC_9SI-3-T92-023-RT-66;;;;;200;;;;;;;;;;;
1327;35064;LDKC_9SI-3-T92-023-RT-68;;;;;200;;;;;;;;;;;
1328;35090;9SI-3-T92-040-RT-35;;;;;200;;;;;;;;;;;
1329;35091;9SI-3-T92-040-RT-71;;;;;500;;;;;;;;;;;
1330;35092;9SI-3-T92-007-RT-55;;;;;200;;;;;;;;;;;
1331;35093;9SI-3-T92-007-RT-69;;;;;200;;;;;;;;;;;
1332;35094;9SI-3-T92-007-RT-71;;;;;200;;;;;;;;;;;
1333;34985;9SI-3-T77-258-RT-57;;;;;200;;;;;;;;;;;
1334;34986;9SI-3-T92-050-RT-72;;;;;500;;;;;;;;;;;
1335;34987;9SI-3-T92-050-RT-71;;;;;500;;;;;;;;;;;
1336;34988;9SI-3-T92-050-RT-63;;;;;200;;;;;;;;;;;
1337;34989;9SI-3-T92-050-RT-83;;;;;500;;;;;;;;;;;
1338;35030;9SI-3-T92-024-RT-72;;;;;500;;;;;;;;;;;
1339;35031;9SI-3-T94-071-RT-26;;;;;200;;;;;;;;;;;
1340;35032;9SI-3-T94-071-ZO-25;;;;;200;;;;;;;;;;;
1341;35033;9SI-3-T94-071-ZO-27;;;;;200;;;;;;;;;;;
1342;35034;9SI-3-T94-071-RT-29;;;;;200;;;;;;;;;;;
1343;35065;LDKC_9SI-3-T92-023-RT-67;;;;;200;;;;;;;;;;;
1344;35066;9SI-3-T91-377-RT-53;;;;;200;;;;;;;;;;;
1345;35067;9SI-3-T92-050-RT-67;;;;;500;;;;;;;;;;;
1346;35068;9SI-3-T92-050-RT-65;;;;;500;;;;;;;;;;;
1347;35069;9SI-3-T92-050-RT-64;;;;;500;;;;;;;;;;;
1348;35095;9SI-3-T92-007-RT-70;;;;;200;;;;;;;;;;;
1349;35096;9SI-3-T92-007-RT-64;;;;;200;;;;;;;;;;;
1350;35097;9SI-3-T94-044-RT-54;;;;;200;;;;;;;;;;;
1351;35098;9SI-3-T94-044-RT-50;;;;;200;;;;;;;;;;;
1352;35099;LEV3_9SI-3-T94-037-RT-02;;;;;1000;;;;;;;;;;;
1353;34990;LEV3_9SI-3-T92-040-RT-06;;;;;200;;;;;;;;;;;
1354;34991;9SI-3-T92-023-RT-85;;;;;500;;;;;;;;;;;
1355;34992;9SI-3-T92-023-RT-01;;;;;500;;;;;;;;;;;
1356;34993;9SI-3-T92-019-RT-52;;;;;200;;;;;;;;;;;
1357;34994;LDKC_9SI-3-T92-009-RT-51;;;;;200;;;;;;;;;;;
1358;35035;9SI-3-T94-071-RT-27;;;;;200;;;;;;;;;;;
1359;35036;9SI-3-T93-047-RT-26;;;;;200;;;;;;;;;;;
1360;35037;9SI-3-T93-047-RT-25;;;;;200;;;;;;;;;;;
1361;35038;9SI-3-T93-046-ZO-27;;;;;200;;;;;;;;;;;
1362;35039;9SI-3-T93-046-RT-31;;;;;200;;;;;;;;;;;
1363;35070;9SI-3-T92-050-RT-68;;;;;200;;;;;;;;;;;
1364;35071;9SI-3-T92-050-RT-70;;;;;500;;;;;;;;;;;
1365;35072;9SI-3-T93-005-ZO-32;;;;;200;;;;;;;;;;;
1366;35073;9SI-3-T93-005-ZO-28;;;;;200;;;;;;;;;;;
1367;35074;9SI-3-T93-005-ZO-30;;;;;200;;;;;;;;;;;
1368;35100;LEV3_9SI-3-T94-037-RT-01;;;;;1000;;;;;;;;;;;
1369;35101;9SI-3-T94-037-RT-54;;;;;200;;;;;;;;;;;
1370;35102;9SI-3-T95-268-RT-35;;;;;200;;;;;;;;;;;
1371;35103;9SI-3-T95-268-RT-31;;;;;200;;;;;;;;;;;
1372;35104;9SI-3-T95-268-RT-29;;;;;200;;;;;;;;;;;
1373;34995;LDKC_9SI-3-T92-009-RT-50;;;;;200;;;;;;;;;;;
1374;34996;SITR_9SI-3-T92-004-RT-03;;;;;500;;;;;;;;;;;
1375;34997;9SI-3-T94-052-ZO-01;;;;;200;;;;;;;;;;;
1376;34998;9SI-3-T94-044-RT-59;;;;;200;;;;;;;;;;;
1377;34999;9SI-3-T94-044-RT-57;;;;;200;;;;;;;;;;;
1378;36001;9SI-3-T93-030-RT-58;;;;;200;;;;;;;;;;;
1379;36002;9SI-3-T93-030-RT-50;;;;;200;;;;;;;;;;;
1380;36003;9SI-3-T93-030-RT-52;;;;;200;;;;;;;;;;;
1381;36004;LDKC_9SI-3-T95-063-RT-04;;;;;200;;;;;;;;;;;
1382;36005;LDKC_9SI-3-T95-063-RT-01;;;;;200;;;;;;;;;;;
1383;36032;9SI-3-T94-077-RT-54;;;;;200;;;;;;;;;;;
1384;36033;9SI-3-T94-077-RT-52;;;;;200;;;;;;;;;;;
1385;36034;9SI-3-T94-077-RT-50;;;;;200;;;;;;;;;;;
1386;36060;9SI-3-T77-337-RT-52;;;;;200;;;;;;;;;;;
1387;36061;9SI-3-T92-002-RT-53;;;;;500;;;;;;;;;;;
1388;36072;9SI-3-T93-072-ZO-32;;;;;200;;;;;;;;;;;
1389;36073;9SI-3-T93-072-ZO-30;;;;;200;;;;;;;;;;;
1390;36074;9SI-3-T93-007-ZO-28;;;;;200;;;;;;;;;;;
1391;36075;9SI-3-T93-005-RT-31;;;;;1000;;;;;;;;;;;
1392;36076;9SI-3-T92-071-RT-52;;;;;500;;;;;;;;;;;
1393;36077;9SI-3-T92-071-RT-53;;;;;500;;;;;;;;;;;
1394;36078;9SI-3-T92-002-RT-76;;;;;200;;;;;;;;;;;
1395;36079;9SI-3-T92-002-RT-63;;;;;200;;;;;;;;;;;
1396;36080;9SI-3-T92-002-RT-54;;;;;500;;;;;;;;;;;
1397;36081;NUME_9SI-3-T94-034-RT-58;;;;;500;;;;;;;;;;;
1398;36082;NUME_9SI-3-T94-034-RT-62;;;;;500;;;;;;;;;;;
1399;36083;9SI-3-T93-030-RT-26;;;;;200;;;;;;;;;;;
1400;36084;9SI-3-T93-030-RT-28;;;;;200;;;;;;;;;;;
1401;36085;9SI-3-T93-030-RT-55;;;;;200;;;;;;;;;;;
1402;36086;LDKC_9SI-3-T95-063-RT-05;;;;;200;;;;;;;;;;;
1403;36124;LEV3_9SI-3-T92-064-RT-29;;;;;1000;;;;;;;;;;;
1404;36125;SITR_9SI-3-T92-064-RT-56;;;;;500;;;;;;;;;;;
1405;36126;9SI-3-T95-218-ZO-01;;;;;200;;;;;;;;;;;
1406;36127;9SI-3-T93-007-RT-52;;;;;200;;;;;;;;;;;
1407;36128;9SI-3-T93-007-RT-42;;;;;200;;;;;;;;;;;
1408;36087;9SI-3-T95-063-RT-32;;;;;200;;;;;;;;;;;
1409;36088;9SI-3-T95-063-RT-30;;;;;200;;;;;;;;;;;
1410;36089;9SI-3-T95-063-RT-29;;;;;200;;;;;;;;;;;
1411;36090;LDKC_9SI-3-T95-018-RT-02;;;;;200;;;;;;;;;;;
1412;36091;9SI-3-T93-005-RT-29;;;;;1000;;;;;;;;;;;
1413;36129;9SI-3-T93-007-RT-40;;;;;200;;;;;;;;;;;
1414;36130;9SI-3-T93-007-RT-34;;;;;200;;;;;;;;;;;
1415;36131;9SI-3-T93-007-RT-36;;;;;200;;;;;;;;;;;
1416;36132;LEV3_9SI-3-T77-468-RT-54;;;;;500;;;;;;;;;;;
1417;36133;LEV3_9SI-3-T77-468-RT-53;;;;;500;;;;;;;;;;;
1418;36092;9SI-3-T93-005-RT-25;;;;;1000;;;;;;;;;;;
1419;36093;9SI-3-T93-005-RT-33;;;;;200;;;;;;;;;;;
1420;36094;9SI-3-T93-005-RT-27;;;;;200;;;;;;;;;;;
1421;36095;9SI-3-T93-005-ZO-27;;;;;200;;;;;;;;;;;
1422;36096;9SI-3-T92-002-RT-66;;;;;200;;;;;;;;;;;
1423;36134;LEV3_9SI-3-T77-468-RT-52;;;;;500;;;;;;;;;;;
1424;36135;LEV3_9SI-3-T77-468-RT-50;;;;;500;;;;;;;;;;;
1425;36136;9SI-3-T77-468-RT-58;;;;;200;;;;;;;;;;;
1426;36097;9SI-3-T92-002-RT-65;;;;;200;;;;;;;;;;;
1427;36098;9SI-3-T94-037-RT-58;;;;;200;;;;;;;;;;;
1428;36099;9SI-3-T94-037-RT-56;;;;;200;;;;;;;;;;;
1429;36100;9SI-3-T94-037-RT-57;;;;;200;;;;;;;;;;;
1430;36101;9SI-3-T93-030-RT-59;;;;;200;;;;;;;;;;;
1431;36102;9SI-3-T93-030-RT-57;;;;;200;;;;;;;;;;;
1432;36103;9SI-3-T93-030-RT-25;;;;;200;;;;;;;;;;;
1433;36104;SITR_9SI-3-T92-064-RT-54;;;;;500;;;;;;;;;;;
1434;36105;SITR_9SI-3-T92-064-RT-52;;;;;500;;;;;;;;;;;
1435;36106;9SI-3-T93-079-RT-51;;;;;200;;;;;;;;;;;
1436;36107;9SI-3-T93-079-RT-53;;;;;200;;;;;;;;;;;
1437;36108;9SI-3-T93-079-RT-27;;;;;200;;;;;;;;;;;
1438;36110;9SI-3-T93-079-RT-31;;;;;200;;;;;;;;;;;
1439;36117;9SI-3-T94-037-RT-55;;;;;200;;;;;;;;;;;
1440;36118;9SI-3-T94-037-RT-51;;;;;200;;;;;;;;;;;
1441;36119;9SI-3-T94-037-RT-63;;;;;200;;;;;;;;;;;
1442;36120;9SI-3-T93-046-RT-25;;;;;1000;;;;;;;;;;;
1443;36121;9SI-3-T93-046-ZO-26;;;;;200;;;;;;;;;;;
1444;36122;SITR_9SI-3-T92-064-RT-50;;;;;500;;;;;;;;;;;
1445;36123;LEV3_9SI-3-T92-064-RT-26;;;;;1000;;;;;;;;;;;
1446;35970;9SI-3-T93-078-RT-29;;;;;200;;;;;;;;;;;
1447;35971;9SI-3-T93-078-RT-25;;;;;200;;;;;;;;;;;
1448;35972;9SI-3-T93-078-RT-51;;;;;200;;;;;;;;;;;
1449;35974;9SI-3-T77-468-ZO-52;;;;;200;;;;;;;;;;;
1450;35975;9SI-3-T77-468-ZO-51;;;;;200;;;;;;;;;;;
1451;35976;LEV3_9SI-3-T77-337-RT-50;;;;;500;;;;;;;;;;;
1452;35977;9SI-3-T77-337-ZO-25;;;;;200;;;;;;;;;;;
1453;35978;9SI-3-T94-037-RT-50;;;;;200;;;;;;;;;;;
1454;35979;NUME_9SI-3-T94-034-RT-55;;;;;500;;;;;;;;;;;
1455;36006;LDKC_9SI-3-T95-063-RT-03;;;;;200;;;;;;;;;;;
1456;36007;9SI-3-T94-004-RT-50;;;;;200;;;;;;;;;;;
1457;36008;9SI-3-T94-002-ZO-50;;;;;200;;;;;;;;;;;
1458;36009;9SI-3-T93-007-RT-33;;;;;200;;;;;;;;;;;
1459;36010;9SI-3-T93-007-ZO-30;;;;;200;;;;;;;;;;;
1460;35980;NUME_9SI-3-T94-034-RT-59;;;;;500;;;;;;;;;;;
1461;35981;NUME_9SI-3-T94-034-RT-61;;;;;500;;;;;;;;;;;
1462;35982;9SI-3-T93-031-RT-54;;;;;500;;;;;;;;;;;
1463;35983;9SI-3-T92-035-ZO-50;;;;;200;;;;;;;;;;;
1464;35984;LDKC_9SI-3-T92-035-RT-02;;;;;200;;;;;;;;;;;
1465;36011;9SI-3-T92-020-RT-50;;;;;500;;;;;;;;;;;
1466;36012;9SI-3-T92-019-RT-50;;;;;500;;;;;;;;;;;
1467;36013;9SI-3-T92-019-RT-53;;;;;200;;;;;;;;;;;
1468;36041;9SI-3-T92-002-RT-59;;;;;200;;;;;;;;;;;
1469;35985;9SI-3-T95-063-RT-52;;;;;200;;;;;;;;;;;
1470;35986;9SI-3-T95-063-RT-51;;;;;200;;;;;;;;;;;
1471;35987;LDKC_9SI-3-T95-063-RT-06;;;;;200;;;;;;;;;;;
1472;35988;9SI-3-T93-078-RT-33;;;;;1000;;;;;;;;;;;
1473;35989;9SI-3-T93-078-RT-32;;;;;1000;;;;;;;;;;;
1474;36020;9SI-3-T92-064-ZO-55;;;;;200;;;;;;;;;;;
1475;36021;9SI-3-T92-064-ZO-54;;;;;200;;;;;;;;;;;
1476;36042;9SI-3-T92-002-RT-51;;;;;500;;;;;;;;;;;
1477;36043;9SI-3-T92-002-RT-52;;;;;500;;;;;;;;;;;
1478;36044;9SI-3-T92-002-RT-57;;;;;500;;;;;;;;;;;
1479;36045;9SI-3-T92-002-RT-58;;;;;500;;;;;;;;;;;
1480;36046;9SI-3-T93-013-RT-52;;;;;200;;;;;;;;;;;
1481;36062;9SI-3-T92-002-RT-55;;;;;500;;;;;;;;;;;
1482;36063;NUME_9SI-3-T94-034-RT-64;;;;;500;;;;;;;;;;;
1483;36064;NUME_9SI-3-T94-034-RT-57;;;;;500;;;;;;;;;;;
1484;36065;NUME_9SI-3-T94-034-RT-54;;;;;500;;;;;;;;;;;
1485;36066;LDKC_9SI-3-T92-035-RT-04;;;;;200;;;;;;;;;;;
1486;35990;9SI-3-T93-007-RT-37;;;;;200;;;;;;;;;;;
1487;35991;9SI-3-T93-007-RT-39;;;;;200;;;;;;;;;;;
1488;35992;9SI-3-T93-007-RT-27;;;;;200;;;;;;;;;;;
1489;35993;9SI-3-T77-337-RT-57;;;;;200;;;;;;;;;;;
1490;35994;9SI-3-T77-337-RT-56;;;;;200;;;;;;;;;;;
1491;36022;9SI-3-T92-064-ZO-52;;;;;200;;;;;;;;;;;
1492;36023;9SI-3-T92-064-ZO-51;;;;;200;;;;;;;;;;;
1493;36024;9SI-3-T92-064-ZO-50;;;;;200;;;;;;;;;;;
1494;36025;9SI-3-T94-002-ZO-01;;;;;200;;;;;;;;;;;
1495;36026;9SI-3-T93-079-RT-26;;;;;200;;;;;;;;;;;
1496;36047;9SI-3-T93-013-RT-54;;;;;200;;;;;;;;;;;
1497;36048;9SI-3-T93-013-ZO-28;;;;;200;;;;;;;;;;;
1498;36049;9SI-3-T93-007-RT-32;;;;;1000;;;;;;;;;;;
1499;36050;LDKC_9SI-3-T92-035-RT-01;;;;;200;;;;;;;;;;;
1500;36051;9SI-3-T94-073-RT-50;;;;;500;;;;;;;;;;;
1501;36067;LDKC_9SI-3-T92-035-RT-06;;;;;200;;;;;;;;;;;
1502;36068;LDKC_9SI-3-T92-035-RT-50;;;;;200;;;;;;;;;;;
1503;36069;9SI-3-T92-033-RT-54;;;;;200;;;;;;;;;;;
1504;36070;9SI-3-T92-033-RT-53;;;;;200;;;;;;;;;;;
1505;36071;9SI-3-T93-073-RT-27;;;;;1000;;;;;;;;;;;
1506;35999;9SI-3-T93-030-RT-29;;;;;200;;;;;;;;;;;
1507;36000;9SI-3-T93-030-RT-27;;;;;200;;;;;;;;;;;
1508;36027;9SI-3-T93-079-RT-54;;;;;500;;;;;;;;;;;
1509;36028;9SI-3-T93-079-RT-57;;;;;500;;;;;;;;;;;
1510;36029;9SI-3-T93-079-RT-55;;;;;500;;;;;;;;;;;
1511;36030;9SI-3-T92-019-RT-54;;;;;200;;;;;;;;;;;
1512;36031;9SI-3-T92-019-RT-55;;;;;500;;;;;;;;;;;
1513;36052;9SI-3-T94-073-RT-51;;;;;500;;;;;;;;;;;
1514;36053;9SI-3-T93-078-RT-27;;;;;200;;;;;;;;;;;
1515;36054;9SI-3-T93-077-RT-50;;;;;200;;;;;;;;;;;
1516;36055;9SI-3-T93-073-ZO-25;;;;;200;;;;;;;;;;;
1517;35718;9SI-3-T91-161-RT-52;;;;;500;;;;;;;;;;;
1518;35806;9SI-3-T77-468-RT-57;;;;;200;;;;;;;;;;;
1519;35900;9SI-3-T92-048-ZO-50;;;;;200;;;;;;;;;;;
1520;35901;SITR_9SI-3-T92-047-RT-51;;;;;500;;;;;;;;;;;
1521;35902;9SI-3-T95-078-RT-05;;;;;200;;;;;;;;;;;
1522;35903;9SI-3-T95-078-RT-01;;;;;200;;;;;;;;;;;
1523;35904;9SI-3-T95-063-RT-53;;;;;200;;;;;;;;;;;
1524;35926;9SI-3-T92-022-RT-60;;;;;200;;;;;;;;;;;
1525;35927;9SI-3-T92-022-RT-50;;;;;200;;;;;;;;;;;
1526;35928;9SI-3-T92-022-RT-54;;;;;200;;;;;;;;;;;
1527;35929;9SI-3-T92-022-RT-51;;;;;200;;;;;;;;;;;
1528;35930;9SI-3-T92-022-RT-58;;;;;200;;;;;;;;;;;
1529;35812;9SI-3-T93-039-RT-25;;;;;200;;;;;;;;;;;
1530;35813;9SI-3-T93-039-ZO-25;;;;;200;;;;;;;;;;;
1531;35814;9SI-3-T93-039-RT-50;;;;;200;;;;;;;;;;;
1532;35815;9SI-3-T93-031-RT-51;;;;;500;;;;;;;;;;;
1533;35816;9SI-3-T92-071-RT-54;;;;;500;;;;;;;;;;;
1534;35853;SITR_9SI-3-T92-004-RT-02;;;;;500;;;;;;;;;;;
1535;35854;9SI-3-T92-004-ZO-07;;;;;200;;;;;;;;;;;
1536;35855;9SI-3-T92-004-ZO-06;;;;;200;;;;;;;;;;;
1537;35856;9SI-3-T92-004-ZO-05;;;;;200;;;;;;;;;;;
1538;35857;9SI-3-T92-004-ZO-04;;;;;200;;;;;;;;;;;
1539;35937;9SI-3-T92-064-ZO-26;;;;;200;;;;;;;;;;;
1540;35938;9SI-3-T92-064-RT-58;;;;;200;;;;;;;;;;;
1541;35939;9SI-3-T92-002-RT-50;;;;;500;;;;;;;;;;;
1542;35940;9SI-3-T92-002-RT-79;;;;;500;;;;;;;;;;;
1543;35941;9SI-3-T92-002-RT-78;;;;;500;;;;;;;;;;;
1544;35942;9SI-3-T94-019-RT-27;;;;;200;;;;;;;;;;;
1545;35817;9SI-3-T95-218-RT-54;;;;;200;;;;;;;;;;;
1546;35818;9SI-3-T95-218-RT-53;;;;;200;;;;;;;;;;;
1547;35819;9SI-3-T95-218-RT-50;;;;;200;;;;;;;;;;;
1548;35820;LDKC_9SI-3-T95-176-RT-02;;;;;200;;;;;;;;;;;
1549;35821;9SI-3-T94-034-RT-68;;;;;200;;;;;;;;;;;
1550;35858;9SI-3-T93-014-RT-30;;;;;200;;;;;;;;;;;
1551;35859;9SI-3-T93-014-RT-31;;;;;200;;;;;;;;;;;
1552;35860;9SI-3-T93-014-RT-32;;;;;200;;;;;;;;;;;
1553;35861;9SI-3-T93-014-RT-33;;;;;200;;;;;;;;;;;
1554;35862;9SI-3-T93-014-RT-27;;;;;200;;;;;;;;;;;
1555;35905;9SI-3-T93-007-ZO-31;;;;;200;;;;;;;;;;;
1556;35906;9SI-3-T93-007-ZO-33;;;;;200;;;;;;;;;;;
1557;35907;9SI-3-T93-007-ZO-27;;;;;200;;;;;;;;;;;
1558;35908;9SI-3-T93-007-RT-35;;;;;200;;;;;;;;;;;
1559;35909;9SI-3-T92-032-RT-50;;;;;500;;;;;;;;;;;
1560;35943;9SI-3-T93-014-RT-25;;;;;200;;;;;;;;;;;
1561;35944;9SI-3-T93-013-RT-25;;;;;1000;;;;;;;;;;;
1562;35945;9SI-3-T93-013-RT-53;;;;;200;;;;;;;;;;;
1563;35946;9SI-3-T93-013-RT-51;;;;;200;;;;;;;;;;;
1564;35947;9SI-3-T95-018-RT-54;;;;;200;;;;;;;;;;;
1565;35822;9SI-3-T93-007-RT-26;;;;;1000;;;;;;;;;;;
1566;35823;9SI-3-T92-033-RT-52;;;;;200;;;;;;;;;;;
1567;35824;9SI-3-T92-033-RT-51;;;;;200;;;;;;;;;;;
1568;35825;9SI-3-T92-032-RT-55;;;;;500;;;;;;;;;;;
1569;35826;9SI-3-T92-032-RT-54;;;;;500;;;;;;;;;;;
1570;35863;LDKC_9SI-3-T95-018-RT-06;;;;;200;;;;;;;;;;;
1571;35864;LDKC_9SI-3-T95-018-RT-04;;;;;200;;;;;;;;;;;
1572;35865;LDKC_9SI-3-T95-018-RT-03;;;;;200;;;;;;;;;;;
1573;35866;9SI-3-T93-079-RT-52;;;;;200;;;;;;;;;;;
1574;35867;9SI-3-T93-079-RT-28;;;;;200;;;;;;;;;;;
1575;35948;9SI-3-T95-018-RT-53;;;;;200;;;;;;;;;;;
1576;35949;9SI-3-T95-018-RT-52;;;;;200;;;;;;;;;;;
1577;35950;9SI-3-T95-018-RT-51;;;;;200;;;;;;;;;;;
1578;35951;LEV3_9SI-3-T94-079-RT-01;;;;;1000;;;;;;;;;;;
1579;35827;9SI-3-T77-337-RT-54;;;;;200;;;;;;;;;;;
1580;35828;9SI-3-T77-337-RT-53;;;;;200;;;;;;;;;;;
1581;35829;9SI-3-T77-337-ZO-51;;;;;200;;;;;;;;;;;
1582;35830;9SI-3-T77-146-RT-50;;;;;200;;;;;;;;;;;
1583;35831;9SI-3-T77-146-RT-54;;;;;200;;;;;;;;;;;
1584;35916;9SI-3-T93-031-RT-52;;;;;200;;;;;;;;;;;
1585;35917;9SI-3-T93-031-RT-50;;;;;500;;;;;;;;;;;
1586;35918;9SI-3-T93-031-RT-58;;;;;500;;;;;;;;;;;
1587;35919;9SI-3-T92-064-RT-57;;;;;200;;;;;;;;;;;
1588;35920;9SI-3-T92-064-ZO-27;;;;;200;;;;;;;;;;;
1589;35960;9SI-3-T92-002-RT-74;;;;;200;;;;;;;;;;;
1590;35961;9SI-3-T94-037-ZO-03;;;;;200;;;;;;;;;;;
1591;35962;9SI-3-T94-037-RT-52;;;;;200;;;;;;;;;;;
1592;35963;9SI-3-T93-013-RT-55;;;;;200;;;;;;;;;;;
1593;35964;9SI-3-T93-013-ZO-25;;;;;200;;;;;;;;;;;
1594;35832;9SI-3-T92-071-RT-50;;;;;500;;;;;;;;;;;
1595;35833;9SI-3-T92-071-RT-60;;;;;500;;;;;;;;;;;
1596;35834;9SI-3-T92-071-RT-58;;;;;500;;;;;;;;;;;
1597;35835;9SI-3-T92-071-RT-59;;;;;500;;;;;;;;;;;
1598;35836;LEV3_9SI-3-T92-064-RT-25;;;;;1000;;;;;;;;;;;
1599;35874;9SI-3-T94-037-RT-64;;;;;200;;;;;;;;;;;
1600;35875;9SI-3-T94-037-RT-60;;;;;200;;;;;;;;;;;
1601;35876;9SI-3-T94-037-RT-62;;;;;200;;;;;;;;;;;
1602;35877;9SI-3-T94-037-ZO-50;;;;;200;;;;;;;;;;;
1603;35878;9SI-3-T94-037-ZO-02;;;;;200;;;;;;;;;;;
1604;35921;9SI-3-T94-034-RT-54;;;;;500;;;;;;;;;;;
1605;35922;9SI-3-T94-019-RT-29;;;;;200;;;;;;;;;;;
1606;35923;9SI-3-T94-019-RT-28;;;;;200;;;;;;;;;;;
1607;35924;9SI-3-T94-019-RT-26;;;;;200;;;;;;;;;;;
1608;35925;9SI-3-T94-019-ZO-26;;;;;200;;;;;;;;;;;
1609;35965;SITR_9SI-3-T92-047-RT-50;;;;;500;;;;;;;;;;;
1610;35966;9SI-3-T92-047-ZO-52;;;;;200;;;;;;;;;;;
1611;35967;9SI-3-T92-047-ZO-50;;;;;200;;;;;;;;;;;
1612;35968;9SI-3-T93-078-ZO-25;;;;;200;;;;;;;;;;;
1613;35969;9SI-3-T93-078-RT-31;;;;;200;;;;;;;;;;;
1614;35837;9SI-3-T94-034-RT-66;;;;;200;;;;;;;;;;;
1615;35838;9SI-3-T94-034-RT-67;;;;;200;;;;;;;;;;;
1616;35839;9SI-3-T94-034-RT-69;;;;;200;;;;;;;;;;;
1617;35840;9SI-3-T94-034-RT-51;;;;;200;;;;;;;;;;;
1618;35841;9SI-3-T94-034-RT-53;;;;;500;;;;;;;;;;;
1619;35879;9SI-3-T93-014-RT-26;;;;;200;;;;;;;;;;;
1620;35880;SITR_9SI-3-T92-064-RT-51;;;;;500;;;;;;;;;;;
1621;35881;LDKC_9SI-3-T92-048-RT-53;;;;;200;;;;;;;;;;;
1622;35882;LDKC_9SI-3-T92-048-RT-52;;;;;200;;;;;;;;;;;
1623;35883;LDKC_9SI-3-T92-048-RT-50;;;;;200;;;;;;;;;;;
1624;35613;LDKC_9SI-3-T78-586-RT-07;;;;;200;;;;;;;;;;;
1625;35958;9SI-3-T92-002-RT-71;;;;;200;;;;;;;;;;;
1626;35959;9SI-3-T92-002-RT-70;;;;;200;;;;;;;;;;;
1627;35842;9SI-3-T92-032-RT-53;;;;;500;;;;;;;;;;;
1628;35843;9SI-3-T92-032-RT-52;;;;;500;;;;;;;;;;;
1629;35844;LDKC_9SI-3-T95-018-RT-10;;;;;200;;;;;;;;;;;
1630;35845;LDKC_9SI-3-T95-018-RT-09;;;;;200;;;;;;;;;;;
1631;35846;LDKC_9SI-3-T95-018-RT-08;;;;;200;;;;;;;;;;;
1632;35884;9SI-3-T93-079-RT-32;;;;;200;;;;;;;;;;;
1633;35885;9SI-3-T93-078-RT-30;;;;;200;;;;;;;;;;;
1634;35886;9SI-3-T93-078-RT-50;;;;;200;;;;;;;;;;;
1635;35887;9SI-3-T93-078-RT-34;;;;;1000;;;;;;;;;;;
1636;35888;9SI-3-T93-007-ZO-26;;;;;200;;;;;;;;;;;
1637;35622;9SI-3-T92-002-RT-61;;;;;200;;;;;;;;;;;
1638;35623;9SI-3-T92-002-RT-60;;;;;200;;;;;;;;;;;
1639;35624;9SI-3-T91-689-ZO-50;;;;;200;;;;;;;;;;;
1640;35892;9SI-3-T77-468-RT-56;;;;;200;;;;;;;;;;;
1641;35893;9SI-3-T77-468-RT-55;;;;;200;;;;;;;;;;;
1642;35625;9SI-3-T77-121-RT-50;;;;;200;;;;;;;;;;;
1643;35626;LEV3_9SI-3-T77-083-RT-54;;;;;500;;;;;;;;;;;
1644;35627;LEV3_9SI-3-T77-083-RT-53;;;;;500;;;;;;;;;;;
1645;35628;LEV3_9SI-3-T77-083-RT-52;;;;;500;;;;;;;;;;;
1646;35721;9SI-3-T77-083-ZO-52;;;;;200;;;;;;;;;;;
1647;35722;9SI-3-T77-083-ZO-55;;;;;200;;;;;;;;;;;
1648;35723;9SI-3-T77-083-ZO-50;;;;;200;;;;;;;;;;;
1649;35895;9SI-3-T94-037-ZO-01;;;;;200;;;;;;;;;;;
1650;35896;9SI-3-T93-031-RT-59;;;;;500;;;;;;;;;;;
1651;35897;9SI-3-T93-031-RT-25;;;;;200;;;;;;;;;;;
1652;35898;9SI-3-T93-031-RT-60;;;;;200;;;;;;;;;;;
1653;35899;9SI-3-T93-031-RT-26;;;;;200;;;;;;;;;;;
1654;35630;LDKC_9SI-3-T78-586-RT-06;;;;;200;;;;;;;;;;;
1655;35631;LDKC_9SI-3-T78-586-RT-02;;;;;200;;;;;;;;;;;
1656;35632;LDKC_9SI-3-T78-586-RT-01;;;;;200;;;;;;;;;;;
1657;35633;LDKC_9SI-3-T78-586-RT-03;;;;;200;;;;;;;;;;;
1658;35724;LDKC_9SI-3-T78-586-RT-08;;;;;200;;;;;;;;;;;
1659;35725;9SI-3-T78-586-ZO-03;;;;;200;;;;;;;;;;;
1660;35726;9SI-3-T78-586-RT-03;;;;;200;;;;;;;;;;;
1661;35727;9SI-3-T78-586-RT-02;;;;;200;;;;;;;;;;;
1662;35728;9SI-3-T78-586-RT-01;;;;;200;;;;;;;;;;;
1663;35641;9SI-3-T91-589-RT-51;;;;;200;;;;;;;;;;;
1664;35642;9SI-3-T91-589-RT-52;;;;;200;;;;;;;;;;;
1665;35643;9SI-3-T91-479-ZO-25;;;;;200;;;;;;;;;;;
1666;35735;9SI-3-T91-161-RT-51;;;;;200;;;;;;;;;;;
1667;35736;9SI-3-T91-161-RT-53;;;;;200;;;;;;;;;;;
1668;35737;9SI-3-T91-161-ZO-52;;;;;200;;;;;;;;;;;
1669;35738;9SI-3-T78-686-RT-50;;;;;200;;;;;;;;;;;
1670;35739;9SI-3-T78-686-RT-51;;;;;200;;;;;;;;;;;
1671;35740;LDKC_9SI-3-T75-116-RT-63;;;;;200;;;;;;;;;;;
1672;36796;LDKC_9SI-3-T92-036-RT-01;;;;;-999;;;;;;;;;;;
1673;39923;2Z1-3-T50-S00-SI-01;;;;;5000;;;;;;;;;;;
1674;40312;LDKC_9SI-3-T92-036-RT-02;;;;;-999;;;;;;;;;;;
1675;40035;2Z1-3-T49-S01-RT-01;;;;;200;;;;;;;;;;;
1676;40036;2Z1-3-T50-S01-RT-01;;;;;200;;;;;;;;;;;
1677;40041;2Z1-3-T49-S01-RT-02;;;;;200;;;;;;;;;;;
1678;42902;2Z1-3-T58-S00-SI-01;;;;;5000;;;;;;;;;;;
1679;43137;2Z2-3-T73-S00-SI-01;;;;;5000;;;;;;;;;;;
1680;43138;2Z1-3-T77-S00-SI-01;;;;;5000;;;;;;;;;;;
1681;43157;2Z1-3-T77-S01-RT-01;;;;;200;;;;;;;;;;;
1682;43159;2Z1-3-T74-S04-RT-02;;;;;200;;;;;;;;;;;
1683;43160;2Z1-3-T74-S04-RT-03;;;;;200;;;;;;;;;;;
1684;45893;2Z3-3-T02-S00-SI-01;;;;;5000;;;;;;;;;;;
1685;45894;2Z3-3-T02-S01-RT-01;;;;;200;;;;;;;;;;;
1686;45895;2Z2-3-T92-S00-SI-01;;;;;5000;;;;;;;;;;;
1687;45983;2Z2-3-T68-S01-RT-04;;;;;200;;;;;;;;;;;
1688;45984;2Z2-3-T68-S01-RT-03;;;;;200;;;;;;;;;;;
1689;51636;2Z3-3-T11-S00-SI-01;;;;;5000;;;;;;;;;;;
1690;51638;2Z2-3-T70-S00-SI-01;;;;;5000;;;;;;;;;;;
1691;51355;2Z1-3-T98-S01-RT-01;;;;;200;;;;;;;;;;;
1692;51452;2Z1-3-T76-S01-RT-01;;;;;200;;;;;;;;;;;
1693;51545;2Z2-3-T66-S00-SI-01;;;;;5000;;;;;;;;;;;
1694;51546;2Z2-3-T66-S03-RT-01;;;;;200;;;;;;;;;;;
1695;51548;2Z2-3-T66-S01-RT-01;;;;;200;;;;;;;;;;;
1696;51639;2Z2-3-T64-S00-SI-01;;;;;5000;;;;;;;;;;;
1697;51640;2Z2-3-T64-S01-RT-01;;;;;200;;;;;;;;;;;
1698;51641;2Z2-3-T14-S00-SI-01;;;;;5000;;;;;;;;;;;
1699;51642;2Z2-3-T09-S01-RT-01;;;;;200;;;;;;;;;;;
1700;51644;2Z1-3-T43-S00-SI-01;;;;;5000;;;;;;;;;;;
1701;51731;2Z2-3-T63-S00-SI-01;;;;;5000;;;;;;;;;;;
1702;51732;2Z2-3-T63-S01-RT-01;;;;;200;;;;;;;;;;;
1703;51356;2Z1-3-T94-S00-SI-01;;;;;5000;;;;;;;;;;;
1704;51357;2Z1-3-T64-S03-RT-01;;;;;200;;;;;;;;;;;
1705;51358;2Z1-3-T64-S01-RT-01;;;;;200;;;;;;;;;;;
1706;51359;2Z1-3-T20-S00-SI-01;;;;;5000;;;;;;;;;;;
1707;51454;2Z2-3-T69-S02-RT-01;;;;;200;;;;;;;;;;;
1708;51455;2Z2-3-T69-S01-RT-01;;;;;200;;;;;;;;;;;
1709;51549;2Z2-3-T51-S00-SI-01;;;;;5000;;;;;;;;;;;
1710;51550;2Z2-3-T51-S01-RT-02;;;;;200;;;;;;;;;;;
1711;51645;2Z1-3-T43-S01-RT-01;;;;;200;;;;;;;;;;;
1712;51646;2Z1-3-T36-S00-SI-01;;;;;5000;;;;;;;;;;;
1713;51737;2Z1-3-T02-S00-SI-01;;;;;5000;;;;;;;;;;;
1714;51738;2Z1-3-T02-S01-RT-01;;;;;200;;;;;;;;;;;
1715;51739;2Z1-3-T02-S01-RT-03;;;;;200;;;;;;;;;;;
1716;52209;2Z2-3-T58-S01-RT-01;;;;;200;;;;;;;;;;;
1717;51836;2Z1-3-T02-S01-RT-02;;;;;200;;;;;;;;;;;
1718;51837;2Z1-3-T01-S01-RT-01;;;;;200;;;;;;;;;;;
1719;52210;2Z2-3-T57-S02-RT-01;;;;;200;;;;;;;;;;;
1720;52211;2Z2-3-T57-S01-RT-01;;;;;200;;;;;;;;;;;
1721;52212;2Z2-3-T56-S00-SI-01;;;;;5000;;;;;;;;;;;
1722;52213;2Z2-3-T56-S01-RT-01;;;;;200;;;;;;;;;;;
1723;52215;2Z2-3-T44-S01-RT-01;;;;;200;;;;;;;;;;;
1724;52216;2Z2-3-T43-S01-RT-01;;;;;200;;;;;;;;;;;
1725;52217;2Z2-3-T43-S01-SI-01;;;;;5000;;;;;;;;;;;
1726;52218;2Z2-3-T37-S00-SI-01;;;;;5000;;;;;;;;;;;
1727;52219;2Z2-3-T20-S01-RT-01;;;;;200;;;;;;;;;;;
1728;50942;2Z1-3-T79-S00-SI-01;;;;;5000;;;;;;;;;;;
1729;50943;2Z1-3-T54-S00-SI-01;;;;;5000;;;;;;;;;;;
1730;51883;2Z1-3-T55-S01-RT-01;;;;;200;;;;;;;;;;;
1731;51884;2Z1-3-T69-S01-RT-01;;;;;200;;;;;;;;;;;
1732;51885;2Z1-3-T69-S00-SI-01;;;;;5000;;;;;;;;;;;
1733;50944;2Z1-3-T54-S02-RT-01;;;;;200;;;;;;;;;;;
1734;51518;IRSA-3-T070-S001-PGC-01;;;;;200;;;;;;;;;;;
1735;51978;2Z1-3-T69-S03-RT-01;;;;;200;;;;;;;;;;;
1736;50414;2Z2-3-T78-S00-SI-01;;;;;5000;;;;;;;;;;;
1737;50415;2Z2-3-T24-S00-SI-01;;;;;5000;;;;;;;;;;;
1738;50090;2Z1-3-T48-S00-SI-01;;;;;5000;;;;;;;;;;;
1739;50102;2Z3-3-T80-S00-SI-01;;;;;5000;;;;;;;;;;;
1740;50103;2Z3-3-T13-S00-SI-01;;;;;5000;;;;;;;;;;;
1741;48060;9SI-3-T94-068-SI-50;;;;;-999;;;;;;;;;;;
1742;48061;9SI-3-T93-051-SI-50;;;;;-999;;;;;;;;;;;
1743;48062;9SI-3-T94-076-RT-28;;;;;-999;;;;;;;;;;;
1744;48063;9SI-3-T94-076-RT-63;;;;;-999;;;;;;;;;;;
1745;48065;9SI-3-T94-076-ZO-11;;;;;-999;;;;;;;;;;;
1746;48195;9SI-3-T92-009-SI-50;;;;;-999;;;;;;;;;;;
1747;48196;9SI-3-T94-018-SI-01;;;;;-999;;;;;;;;;;;
1748;48197;9SI-3-T93-027-SI-25;;;;;-999;;;;;;;;;;;
1749;48199;9SI-3-T94-038-SI-50;;;;;-999;;;;;;;;;;;
1750;48200;9SI-3-T92-035-SI-01;;;;;-999;;;;;;;;;;;
1751;48201;9SI-3-T92-036-SI-50;;;;;-999;;;;;;;;;;;
1752;48203;9SI-3-T93-006-SI-25;;;;;-999;;;;;;;;;;;
1753;48205;9SI-3-T92-012-SI-25;;;;;-999;;;;;;;;;;;
1754;47585;9SI-3-T92-050-SI-01;;;;;-999;;;;;;;;;;;
1755;47586;9SI-3-T94-079-SI-01;;;;;-999;;;;;;;;;;;
1756;47587;9SI-3-T93-030-SI-50;;;;;-999;;;;;;;;;;;
1757;47588;9SI-3-T93-064-SI-01;;;;;-999;;;;;;;;;;;
1758;47589;9SI-3-T94-052-SI-25;;;;;-999;;;;;;;;;;;
1759;47590;9SI-3-T92-073-SI-25;;;;;-999;;;;;;;;;;;
1760;47593;9SI-3-T92-047-SI-50;;;;;-999;;;;;;;;;;;
1761;47706;2Z2-3-T74-S00-SI-01;;;;;5000;;;;;;;;;;;
1762;47707;2Z2-3-T55-S00-SI-01;;;;;5000;;;;;;;;;;;
1763;47708;2Z1-3-T73-S00-SI-01;;;;;5000;;;;;;;;;;;
1764;47801;9SI-3-T92-063-RT-25;;;;;-999;;;;;;;;;;;
1765;47804;9SI-3-T92-063-RT-27;;;;;-999;;;;;;;;;;;
1766;47805;9SI-3-T92-063-RT-26;;;;;-999;;;;;;;;;;;
1767;47806;9SI-3-T92-063-RT-50;;;;;-999;;;;;;;;;;;
1768;47807;9SI-3-T94-038-RT-66;;;;;-999;;;;;;;;;;;
1769;47809;NUME_9SI-3-T94-038-RT-53;;;;;-999;;;;;;;;;;;
1770;47810;9SI-3-T94-038-RT-67;;;;;-999;;;;;;;;;;;
1771;47811;SMAK_9SI-3-T94-038-RT-58;;;;;-999;;;;;;;;;;;
1772;47812;2Z1-3-T96-S00-SI-01;;;;;5000;;;;;;;;;;;
1773;47813;2Z1-3-T96-S01-RT-02;;;;;200;;;;;;;;;;;
1774;47929;9SI-3-T94-076-ZO-52;;;;;-999;;;;;;;;;;;
1775;47930;9SI-3-T94-076-RT-70;;;;;-999;;;;;;;;;;;
1776;47932;LEV3_9SI-3-T94-046-RT-01;;;;;-999;;;;;;;;;;;
1777;47933;9SI-3-T92-063-RT-54;;;;;-999;;;;;;;;;;;
1778;47934;9SI-3-T92-063-RT-29;;;;;-999;;;;;;;;;;;
1779;47935;9SI-3-T94-076-RT-69;;;;;-999;;;;;;;;;;;
1780;47937;9SI-3-T94-076-RT-27;;;;;-999;;;;;;;;;;;
1781;47938;9SI-3-T94-076-ZO-06;;;;;-999;;;;;;;;;;;
1782;47939;9SI-3-T94-076-RT-71;;;;;-999;;;;;;;;;;;
1783;47940;9SI-3-T94-076-RT-32;;;;;-999;;;;;;;;;;;
1784;47942;9SI-3-T94-046-RT-02;;;;;-999;;;;;;;;;;;
1785;47945;9SI-3-T94-076-ZO-08;;;;;-999;;;;;;;;;;;
1786;48067;9SI-3-T94-019-SI-25;;;;;-999;;;;;;;;;;;
1787;48068;9SI-3-T93-061-SI-25;;;;;-999;;;;;;;;;;;
1788;48069;9SI-3-T94-017-SI-50;;;;;-999;;;;;;;;;;;
1789;48071;9SI-3-T92-024-SI-50;;;;;-999;;;;;;;;;;;
1790;48072;9SI-3-T93-006-SI-01;;;;;-999;;;;;;;;;;;
1791;48073;9SI-3-T92-022-SI-50;;;;;-999;;;;;;;;;;;
1792;48074;9SI-3-T94-081-SI-25;;;;;-999;;;;;;;;;;;
1793;48076;9SI-3-T93-031-SI-50;;;;;-999;;;;;;;;;;;
1794;48078;9SI-3-T94-037-SI-50;;;;;-999;;;;;;;;;;;
1795;48081;9SI-3-T91-161-SI-50;;;;;-999;;;;;;;;;;;
1796;48082;9SI-3-T95-500-SI-01;;;;;-999;;;;;;;;;;;
1797;48083;9SI-3-T94-022-SI-50;;;;;-999;;;;;;;;;;;
1798;48206;9SI-3-T93-001-SI-01;;;;;-999;;;;;;;;;;;
1799;48208;9SI-3-T94-081-SI-02;;;;;-999;;;;;;;;;;;
1800;48209;9SI-3-T92-075-SI-25;;;;;-999;;;;;;;;;;;
1801;48210;9SI-3-T95-539-SI-50;;;;;-999;;;;;;;;;;;
1802;48211;9SI-3-T93-064-SI-25;;;;;-999;;;;;;;;;;;
1803;48212;9SI-3-T95-585-SI-50;;;;;-999;;;;;;;;;;;
1804;47594;9SI-3-T92-040-SI-26;;;;;-999;;;;;;;;;;;
1805;47595;9SI-3-T94-028-SI-25;;;;;-999;;;;;;;;;;;
1806;47599;9SI-3-T92-051-SI-50;;;;;-999;;;;;;;;;;;
1807;47600;9SI-3-T93-071-SI-25;;;;;-999;;;;;;;;;;;
1808;47601;9SI-3-T93-053-SI-01;;;;;-999;;;;;;;;;;;
1809;47709;2Z1-3-T52-S03-RT-01;;;;;200;;;;;;;;;;;
1810;47710;2Z1-3-T52-S01-RT-01;;;;;200;;;;;;;;;;;
1811;47814;2Z1-3-T96-S01-RT-01;;;;;200;;;;;;;;;;;
1812;47947;9SI-3-T94-076-ZO-12;;;;;-999;;;;;;;;;;;
1813;47948;9SI-3-T94-076-ZO-50;;;;;-999;;;;;;;;;;;
1814;47950;9SI-3-T94-076-RT-65;;;;;-999;;;;;;;;;;;
1815;47952;9SI-3-T93-077-SI-50;;;;;-999;;;;;;;;;;;
1816;47953;9SI-3-T94-043-SI-01;;;;;-999;;;;;;;;;;;
1817;47955;9SI-3-T95-306-SI-01;;;;;-999;;;;;;;;;;;
1818;47956;9SI-3-T95-612-SI-50;;;;;-999;;;;;;;;;;;
1819;47957;9SI-3-T92-060-SI-51;;;;;-999;;;;;;;;;;;
1820;47958;9SI-3-T93-005-SI-25;;;;;-999;;;;;;;;;;;
1821;47961;9SI-3-T94-052-SI-01;;;;;-999;;;;;;;;;;;
1822;47962;9SI-3-T92-049-SI-52;;;;;-999;;;;;;;;;;;
1823;47963;9SI-3-T92-049-SI-51;;;;;-999;;;;;;;;;;;
1824;48086;9SI-3-T92-060-SI-50;;;;;-999;;;;;;;;;;;
1825;48087;9SI-3-T94-033-SI-50;;;;;-999;;;;;;;;;;;
1826;48088;9SI-3-T94-037-SI-01;;;;;-999;;;;;;;;;;;
1827;48089;9SI-3-T94-002-SI-01;;;;;-999;;;;;;;;;;;
1828;48090;9SI-3-T93-048-SI-26;;;;;-999;;;;;;;;;;;
1829;48092;9SI-3-T92-063-RT-53;;;;;-999;;;;;;;;;;;
1830;48094;NUME_9SI-3-T94-038-RT-57;;;;;-999;;;;;;;;;;;
1831;48095;9SI-3-T94-076-RT-31;;;;;-999;;;;;;;;;;;
1832;48331;IRSA-3-T007-S001-PGC-01;;;;;200;;;;;;;;;;;
1833;48424;IRSA-3-T038-S001-PGC-01;;;;;200;;;;;;;;;;;
1834;48425;IRSA-3-T039-S001-PGC-01;;;;;200;;;;;;;;;;;
1835;48426;IRSA-3-T039-S003-PGC-01;;;;;200;;;;;;;;;;;
1836;48428;IRSA-3-T059-S001-PGC-01;;;;;200;;;;;;;;;;;
1837;47722;2D2-3-T12-S00-SI-01;;;;;5000;;;;;;;;;;;
1838;48333;IRSA-3-T020-S001-PGC-01;;;;;200;;;;;;;;;;;
1839;47855;NUME_9SI-3-T94-038-RT-56;;;;;-999;;;;;;;;;;;
1840;48001;9SI-3-T94-058-SI-25;;;;;-999;;;;;;;;;;;
1841;48132;9SI-3-T92-025-SI-50;;;;;-999;;;;;;;;;;;
1842;48133;9SI-3-T92-048-SI-50;;;;;-999;;;;;;;;;;;
1843;48134;9SI-3-T92-062-SI-50;;;;;-999;;;;;;;;;;;
1844;48135;9SI-3-T92-064-SI-25;;;;;-999;;;;;;;;;;;
1845;48136;9SI-3-T78-646-SI-50;;;;;-999;;;;;;;;;;;
1846;48137;9SI-3-T91-136-SI-50;;;;;-999;;;;;;;;;;;
1847;48140;9SI-3-T93-008-SI-26;;;;;-999;;;;;;;;;;;
1848;48254;9SI-3-T93-007-SI-26;;;;;-999;;;;;;;;;;;
1849;48255;9SI-3-T78-586-SI-01;;;;;-999;;;;;;;;;;;
1850;48256;9SI-3-T78-686-SI-50;;;;;-999;;;;;;;;;;;
1851;48257;9SI-3-T93-010-SI-50;;;;;-999;;;;;;;;;;;
1852;48259;9SI-3-T94-069-SI-01;;;;;-999;;;;;;;;;;;
1853;48260;9SI-3-T93-066-SI-01;;;;;-999;;;;;;;;;;;
1854;48261;9SI-3-T93-059-SI-25;;;;;-999;;;;;;;;;;;
1855;48264;9SI-3-T95-476-SI-01;;;;;-999;;;;;;;;;;;
1856;48265;9SI-3-T92-036-SI-01;;;;;-999;;;;;;;;;;;
1857;48266;9SI-3-T92-051-SI-25;;;;;-999;;;;;;;;;;;
1858;47647;9SI-3-T92-049-SI-53;;;;;-999;;;;;;;;;;;
1859;47649;9SI-3-T94-042-SI-01;;;;;-999;;;;;;;;;;;
1860;47650;9SI-3-T93-005-SI-26;;;;;-999;;;;;;;;;;;
1861;47652;9SI-3-T92-072-SI-50;;;;;-999;;;;;;;;;;;
1862;47653;9SI-3-T94-017-SI-25;;;;;-999;;;;;;;;;;;
1863;47654;9SI-3-T92-075-SI-50;;;;;-999;;;;;;;;;;;
1864;47758;2Z3-3-T73-S00-SI-01;;;;;5000;;;;;;;;;;;
1865;47858;SMAK_9SI-3-T94-038-RT-59;;;;;-999;;;;;;;;;;;
1866;47859;9SI-3-T94-038-ZO-50;;;;;-999;;;;;;;;;;;
1867;47861;NUME_9SI-3-T94-038-RT-51;;;;;-999;;;;;;;;;;;
1868;47862;9SI-3-T94-076-RT-62;;;;;-999;;;;;;;;;;;
1869;47863;9SI-3-T94-076-RT-30;;;;;-999;;;;;;;;;;;
1870;47864;NUME_9SI-3-T94-046-RT-01;;;;;-999;;;;;;;;;;;
1871;47866;9SI-3-T94-046-ZO-27;;;;;-999;;;;;;;;;;;
1872;47867;9SI-3-T94-076-ZO-10;;;;;-999;;;;;;;;;;;
1873;47868;9SI-3-T94-076-RT-56;;;;;-999;;;;;;;;;;;
1874;47871;9SI-3-T94-076-RT-51;;;;;-999;;;;;;;;;;;
1875;47872;9SI-3-T94-076-RT-66;;;;;-999;;;;;;;;;;;
1876;47873;9SI-3-T92-064-SI-50;;;;;-999;;;;;;;;;;;
1877;48002;9SI-3-T94-058-SI-01;;;;;-999;;;;;;;;;;;
1878;48003;9SI-3-T94-016-SI-01;;;;;-999;;;;;;;;;;;
1879;48004;9SI-3-T92-050-SI-50;;;;;-999;;;;;;;;;;;
1880;48006;9SI-3-T93-059-SI-50;;;;;-999;;;;;;;;;;;
1881;48007;9SI-3-T95-078-SI-01;;;;;-999;;;;;;;;;;;
1882;48011;9SI-3-T95-277-SI-25;;;;;-999;;;;;;;;;;;
1883;48012;9SI-3-T77-468-SI-50;;;;;-999;;;;;;;;;;;
1884;48013;9SI-3-T77-337-SI-50;;;;;-999;;;;;;;;;;;
1885;48014;9SI-3-T91-589-SI-50;;;;;-999;;;;;;;;;;;
1886;48016;9SI-3-T94-068-SI-01;;;;;-999;;;;;;;;;;;
1887;48141;9SI-3-T94-069-SI-50;;;;;-999;;;;;;;;;;;
1888;48142;9SI-3-T94-015-SI-01;;;;;-999;;;;;;;;;;;
1889;48143;9SI-3-T93-027-SI-01;;;;;-999;;;;;;;;;;;
1890;48145;9SI-3-T94-076-ZO-02;;;;;-999;;;;;;;;;;;
1891;48146;9SI-3-T92-064-SI-51;;;;;-999;;;;;;;;;;;
1892;48148;9SI-3-T93-013-SI-25;;;;;-999;;;;;;;;;;;
1893;48150;2Z2-3-T98-S01-RT-01;;;;;200;;;;;;;;;;;
1894;48151;2Z2-3-T98-S00-SI-01;;;;;5000;;;;;;;;;;;
1895;48268;9SI-3-T93-048-SI-01;;;;;-999;;;;;;;;;;;
1896;48269;9SI-3-T92-023-SI-01;;;;;-999;;;;;;;;;;;
1897;48270;9SI-3-T92-049-SI-01;;;;;-999;;;;;;;;;;;
1898;47655;9SI-3-T94-080-SI-50;;;;;-999;;;;;;;;;;;
1899;47656;9SI-3-T92-044-SI-01;;;;;-999;;;;;;;;;;;
1900;47657;9SI-3-T92-014-SI-50;;;;;-999;;;;;;;;;;;
1901;47658;9SI-3-T94-021-SI-50;;;;;-999;;;;;;;;;;;
1902;47660;9SI-3-T94-003-SI-01;;;;;-999;;;;;;;;;;;
1903;47661;9SI-3-T94-016-SI-50;;;;;-999;;;;;;;;;;;
1904;47759;2Z2-3-T86-S00-SI-01;;;;;5000;;;;;;;;;;;
1905;47760;2Z2-3-T72-S01-RT-01;;;;;200;;;;;;;;;;;
1906;47761;2Z2-3-T34-S00-SI-01;;;;;5000;;;;;;;;;;;
1907;47876;9SI-3-T78-124-SI-01;;;;;-999;;;;;;;;;;;
1908;47877;9SI-3-T92-004-SI-50;;;;;-999;;;;;;;;;;;
1909;47878;9SI-3-T92-009-SI-51;;;;;-999;;;;;;;;;;;
1910;47879;9SI-3-T92-019-SI-51;;;;;-999;;;;;;;;;;;
1911;47880;9SI-3-T94-028-SI-01;;;;;-999;;;;;;;;;;;
1912;47881;9SI-3-T93-010-SI-01;;;;;-999;;;;;;;;;;;
1913;47882;9SI-3-T93-070-SI-01;;;;;-999;;;;;;;;;;;
1914;47883;9SI-3-T93-008-SI-25;;;;;-999;;;;;;;;;;;
1915;47884;9SI-3-T93-051-SI-25;;;;;-999;;;;;;;;;;;
1916;47885;9SI-3-T93-078-SI-25;;;;;-999;;;;;;;;;;;
1917;47889;9SI-3-T93-055-SI-01;;;;;-999;;;;;;;;;;;
1918;47890;9SI-3-T93-053-SI-50;;;;;-999;;;;;;;;;;;
1919;47462;9SI-3-T93-027-SI-50;;;;;-999;;;;;;;;;;;
1920;47463;9SI-3-T94-080-SI-01;;;;;-999;;;;;;;;;;;
1921;47464;9SI-3-T93-066-SI-02;;;;;-999;;;;;;;;;;;
1922;47465;9SI-3-T94-015-SI-25;;;;;-999;;;;;;;;;;;
1923;47468;9SI-3-T93-073-SI-26;;;;;-999;;;;;;;;;;;
1924;47057;2Z2-3-T96-S00-SI-01;;;;;5000;;;;;;;;;;;
1925;47341;9SI-3-T94-080-SI-25;;;;;-999;;;;;;;;;;;
1926;47343;9SI-3-T95-176-SI-01;;;;;-999;;;;;;;;;;;
1927;47344;9SI-3-T92-075-SI-01;;;;;-999;;;;;;;;;;;
1928;47346;9SI-3-T92-063-SI-52;;;;;-999;;;;;;;;;;;
1929;47347;9SI-3-T92-071-SI-50;;;;;-999;;;;;;;;;;;
1930;47348;9SI-3-T91-345-SI-50;;;;;-999;;;;;;;;;;;
1931;46970;2Z3-3-T62-S00-SI-01;;;;;5000;;;;;;;;;;;
1932;47058;2Z2-3-T52-S00-SI-01;;;;;5000;;;;;;;;;;;
1933;47349;9SI-3-T91-377-SI-50;;;;;-999;;;;;;;;;;;
1934;47350;9SI-3-T94-037-SI-51;;;;;-999;;;;;;;;;;;
1935;47352;9SI-3-T95-063-SI-50;;;;;-999;;;;;;;;;;;
1936;47354;9SI-3-T93-057-SI-25;;;;;-999;;;;;;;;;;;
1937;47356;9SI-3-T93-045-SI-01;;;;;-999;;;;;;;;;;;
1938;46787;2Z2-3-T45-S00-SI-01;;;;;5000;;;;;;;;;;;
1939;47064;2Z2-3-T45-S01-RT-02;;;;;200;;;;;;;;;;;
1940;46615;2Z2-3-T50-S00-SI-01;;;;;5000;;;;;;;;;;;
1941;46703;2Z2-3-T50-S01-RT-01;;;;;200;;;;;;;;;;;
1942;46886;2Z3-3-T68-S01-RT-01;;;;;200;;;;;;;;;;;
1943;46887;2Z3-3-T58-S01-RT-01;;;;;200;;;;;;;;;;;
1944;46070;2Z2-3-T68-S01-RT-01;;;;;200;;;;;;;;;;;
1945;46071;2Z1-3-T95-S02-RT-01;;;;;200;;;;;;;;;;;
1946;46073;2Z1-3-T95-S00-SI-01;;;;;5000;;;;;;;;;;;
1947;46250;2Z3-3-T68-S00-SI-01;;;;;5000;;;;;;;;;;;
1948;47265;2Z3-3-T29-S00-SI-01;;;;;5000;;;;;;;;;;;
1949;46538;2Z3-3-T42-S00-SI-01;;;;;5000;;;;;;;;;;;
1950;46539;2Z2-3-T97-S03-RT-01;;;;;200;;;;;;;;;;;
1951;46540;2Z2-3-T97-S00-SI-01;;;;;5000;;;;;;;;;;;
1952;46542;2Z2-3-T97-S01-RT-01;;;;;200;;;;;;;;;;;
1953;46630;2Z2-3-T90-S00-SI-01;;;;;5000;;;;;;;;;;;
1954;46631;2Z2-3-T29-S00-SI-01;;;;;5000;;;;;;;;;;;
1955;46633;2Z2-3-T11-S01-RT-01;;;;;200;;;;;;;;;;;
1956;46543;2Z2-3-T90-S01-RT-01;;;;;200;;;;;;;;;;;
1957;46634;2Z2-3-T11-S00-SI-01;;;;;5000;;;;;;;;;;;
1958;46635;2Z1-3-T91-S00-SI-01;;;;;5000;;;;;;;;;;;
1959;47393;9SI-3-T94-043-SI-50;;;;;-999;;;;;;;;;;;
1960;47394;9SI-3-T93-045-SI-50;;;;;-999;;;;;;;;;;;
1961;47395;9SI-3-T92-035-SI-50;;;;;-999;;;;;;;;;;;
1962;47396;9SI-3-T92-040-SI-50;;;;;-999;;;;;;;;;;;
1963;47398;9SI-3-T92-012-SI-51;;;;;-999;;;;;;;;;;;
1964;47523;9SI-3-T77-258-SI-50;;;;;-999;;;;;;;;;;;
1965;47524;9SI-3-T77-258-SI-25;;;;;-999;;;;;;;;;;;
1966;47525;9SI-3-T91-689-SI-50;;;;;-999;;;;;;;;;;;
1967;47526;9SI-3-T94-076-ZO-13;;;;;-999;;;;;;;;;;;
1968;47527;9SI-3-T94-076-RT-60;;;;;-999;;;;;;;;;;;
1969;47528;9SI-3-T94-076-RT-25;;;;;-999;;;;;;;;;;;
1970;47531;9SI-3-T94-076-RT-50;;;;;-999;;;;;;;;;;;
1971;47400;9SI-3-T94-033-SI-25;;;;;-999;;;;;;;;;;;
1972;47402;9SI-3-T94-081-SI-01;;;;;-999;;;;;;;;;;;
1973;47404;9SI-3-T92-032-SI-50;;;;;-999;;;;;;;;;;;
1974;47405;9SI-3-T77-146-SI-50;;;;;-999;;;;;;;;;;;
1975;47406;9SI-3-T93-010-SI-25;;;;;-999;;;;;;;;;;;
1976;47407;9SI-3-T93-070-SI-25;;;;;-999;;;;;;;;;;;
1977;47409;9SI-3-T93-055-SI-25;;;;;-999;;;;;;;;;;;
1978;47410;9SI-3-T94-022-SI-01;;;;;-999;;;;;;;;;;;
1979;47411;9SI-3-T94-033-SI-01;;;;;-999;;;;;;;;;;;
1980;47414;9SI-3-T92-026-SI-50;;;;;-999;;;;;;;;;;;
1981;47415;9SI-3-T93-079-SI-50;;;;;-999;;;;;;;;;;;
1982;47416;9SI-3-T93-053-SI-25;;;;;-999;;;;;;;;;;;
1983;47532;9SI-3-T94-076-RT-61;;;;;-999;;;;;;;;;;;
1984;47534;9SI-3-T94-076-RT-33;;;;;-999;;;;;;;;;;;
1985;47535;9SI-3-T94-046-RT-25;;;;;-999;;;;;;;;;;;
1986;47536;9SI-3-T94-076-ZO-07;;;;;-999;;;;;;;;;;;
1987;47537;9SI-3-T94-076-ZO-01;;;;;-999;;;;;;;;;;;
1988;47538;9SI-3-T94-076-RT-68;;;;;-999;;;;;;;;;;;
1989;47539;9SI-3-T94-076-RT-59;;;;;-999;;;;;;;;;;;
1990;47540;9SI-3-T94-076-RT-57;;;;;-999;;;;;;;;;;;
1991;47418;9SI-3-T92-049-SI-50;;;;;-999;;;;;;;;;;;
1992;47419;9SI-3-T93-001-SI-25;;;;;-999;;;;;;;;;;;
1993;47420;9SI-3-T93-001-SI-50;;;;;-999;;;;;;;;;;;
1994;47423;9SI-3-T93-079-SI-25;;;;;-999;;;;;;;;;;;
1995;47425;9SI-3-T92-044-SI-25;;;;;-999;;;;;;;;;;;
1996;46205;2Z3-3-T54-S00-SI-01;;;;;5000;;;;;;;;;;;
1997;46206;2Z3-3-T10-S00-SI-01;;;;;5000;;;;;;;;;;;
1998;57418;IRSA-3-T071-S001-PGC-01;;;;;200;;;;;;;;;;;
1999;58454;2Z3-3-T75-S01-RT-02;;;;;200;;;;;;;;;;;
2000;57155;2Z2-3-T41-S00-SI-01;;;;;5000;;;;;;;;;;;
2001;57279;IRSA-3-T015-S001-PGC-01;;;;;200;;;;;;;;;;;
2002;55649;IRSA-3-T027-S001-PGC-01;;;;;200;;;;;;;;;;;
2003;53989;2Z1-3-T38-S01-RT-02;;;;;200;;;;;;;;;;;
2004;53993;2Z1-3-T99-S01-RT-01;;;;;500;;;;;;;;;;;
2005;54086;2Z1-3-T88-S00-SI-01;;;;;5000;;;;;;;;;;;
2006;53809;2Z1-3-T72-S00-SI-01;;;;;5000;;;;;;;;;;;
2007;53811;2Z3-3-T66-S01-RT-01;;;;;200;;;;;;;;;;;
2008;53998;2Z1-3-T21-S00-SI-01;;;;;5000;;;;;;;;;;;
2009;54000;2Z1-3-T56-S03-RT-01;;;;;200;;;;;;;;;;;
2010;54001;2Z1-3-T30-S03-RT-01;;;;;200;;;;;;;;;;;
2011;54189;2Z3-3-T21-S00-SI-01;;;;;5000;;;;;;;;;;;
2012;54190;2Z2-3-T85-S00-SI-01;;;;;5000;;;;;;;;;;;
2013;53910;2Z1-3-T78-S00-SI-01;;;;;5000;;;;;;;;;;;
2014;53911;2Z1-3-T53-S01-RT-01;;;;;200;;;;;;;;;;;
2015;53912;2Z1-3-T62-S01-RT-01;;;;;200;;;;;;;;;;;
2016;54191;2Z2-3-T08-S00-SI-01;;;;;5000;;;;;;;;;;;
2017;54192;2Z2-3-T08-S01-RT-01;;;;;200;;;;;;;;;;;
2018;53837;IRSA-3-T006-S001-PGC-01;;;;;200;;;;;;;;;;;
2019;54114;2Z3-3-T25-S00-SI-01;;;;;5000;;;;;;;;;;;
2020;54115;2Z2-3-T87-S01-RT-01;;;;;200;;;;;;;;;;;
2021;54116;2Z2-3-T42-S00-SI-01;;;;;5000;;;;;;;;;;;
2022;54117;2Z2-3-T27-S00-SI-01;;;;;5000;;;;;;;;;;;
2023;54212;2Z3-3-T82-S00-SI-01;;;;;5000;;;;;;;;;;;
2024;53935;2Z3-3-T19-S00-SI-01;;;;;5000;;;;;;;;;;;
2025;53936;2Z3-3-T19-S00-SI-02;;;;;5000;;;;;;;;;;;
2026;53984;2Z1-3-T33-S00-SI-01;;;;;5000;;;;;;;;;;;
2027;54265;2Z1-3-T15-S01-RT-01;;;;;200;;;;;;;;;;;
2028;53891;2Z1-3-T87-S00-SI-01;;;;;5000;;;;;;;;;;;
2029;53892;2Z1-3-T87-S01-RT-01;;;;;200;;;;;;;;;;;
2030;53893;2Z1-3-T85-S01-RT-01;;;;;200;;;;;;;;;;;
2031;53894;2Z1-3-T85-S00-SI-01;;;;;5000;;;;;;;;;;;
2032;53706;2Z3-3-T22-S01-RT-01;;;;;200;;;;;;;;;;;
2033;53708;2Z2-3-T98-S00-SI-01;;;;;5000;;;;;;;;;;;
2034;53526;2Z3-3-T34-S00-SI-01;;;;;5000;;;;;;;;;;;
2035;53527;2Z3-3-T33-S00-SI-01;;;;;5000;;;;;;;;;;;
2036;53619;2Z1-3-T38-S00-SI-01;;;;;5000;;;;;;;;;;;
2037;53342;2Z1-3-T65-S00-SI-01;;;;;5000;;;;;;;;;;;
2038;53534;2Z1-3-T53-S03-RT-01;;;;;200;;;;;;;;;;;
2039;53629;2Z3-3-T12-S00-SI-01;;;;;5000;;;;;;;;;;;
2040;53630;2Z2-3-T06-S00-SI-01;;;;;5000;;;;;;;;;;;
2041;53631;2Z1-3-T68-S00-SI-01;;;;;5000;;;;;;;;;;;
2042;53632;2Z1-3-T53-S00-SI-01;;;;;5000;;;;;;;;;;;
2043;52304;2Z3-3-T76-S00-SI-02;;;;;5000;;;;;;;;;;;
2044;52400;2Z3-3-T72-S00-SI-01;;;;;5000;;;;;;;;;;;
2045;52494;2Z3-3-T49-S00-SI-01;;;;;5000;;;;;;;;;;;
2046;52496;2Z2-3-T95-S00-SI-01;;;;;5000;;;;;;;;;;;
2047;52588;2Z2-3-T69-S03-RT-01;;;;;200;;;;;;;;;;;
2048;52589;2Z3-3-T41-S01-RT-01;;;;;5000;;;;;;;;;;;
2049;52591;2Z3-3-T36-S00-SI-01;;;;;5000;;;;;;;;;;;
2050;52682;2Z3-3-T32-S02-RT-01;;;;;200;;;;;;;;;;;
2051;52683;2Z3-3-T32-S00-SI-01;;;;;5000;;;;;;;;;;;
2052;52684;2Z3-3-T24-S00-SI-01;;;;;5000;;;;;;;;;;;
2053;52686;2Z3-3-T09-S02-RT-01;;;;;200;;;;;;;;;;;
2054;52777;2Z3-3-T06-S01-RT-01;;;;;200;;;;;;;;;;;
2055;52778;2Z3-3-T04-S01-RT-01;;;;;200;;;;;;;;;;;
2056;52779;2Z3-3-T04-S01-RT-02;;;;;200;;;;;;;;;;;
2057;52780;2Z2-3-T56-S03-RT-01;;;;;200;;;;;;;;;;;
2058;52782;2Z1-3-T98-S00-SI-01;;;;;5000;;;;;;;;;;;
2059;53253;2Z1-3-T86-S01-RT-01;;;;;200;;;;;;;;;;;
2060;53255;2Z1-3-T67-S00-SI-01;;;;;5000;;;;;;;;;;;
2061;53256;2Z1-3-T63-S00-SI-01;;;;;5000;;;;;;;;;;;
2062;52305;2Z3-3-T76-S02-RT-02;;;;;200;;;;;;;;;;;
2063;52306;2Z3-3-T76-S02-RT-01;;;;;200;;;;;;;;;;;
2064;52307;2Z3-3-T75-S00-SI-01;;;;;5000;;;;;;;;;;;
2065;52308;2Z3-3-T75-S02-RT-01;;;;;200;;;;;;;;;;;
2066;52310;2Z2-3-T14-S01-RT-01;;;;;200;;;;;;;;;;;
2067;52401;2Z3-3-T55-S00-SI-01;;;;;5000;;;;;;;;;;;
2068;52402;2Z3-3-T53-S00-SI-01;;;;;5000;;;;;;;;;;;
2069;52403;2Z3-3-T53-S01-RT-02;;;;;200;;;;;;;;;;;
2070;52404;2Z3-3-T53-S01-RT-01;;;;;200;;;;;;;;;;;
2071;52497;2Z2-3-T82-S00-SI-01;;;;;5000;;;;;;;;;;;
2072;52498;2Z2-3-T75-S01-RT-01;;;;;200;;;;;;;;;;;
2073;52499;2Z2-3-T75-S00-SI-01;;;;;5000;;;;;;;;;;;
2074;52592;2Z3-3-T32-S01-RT-01;;;;;200;;;;;;;;;;;
2075;52593;2Z3-3-T32-S03-RT-01;;;;;200;;;;;;;;;;;
2076;52687;2Z3-3-T09-S01-RT-01;;;;;200;;;;;;;;;;;
2077;53071;2Z1-3-T35-S00-SI-01;;;;;5000;;;;;;;;;;;
2078;53262;2Z1-3-T60-S00-SI-01;;;;;5000;;;;;;;;;;;
2079;52887;2Z1-3-T21-S01-RT-01;;;;;200;;;;;;;;;;;
2080;52890;2Z1-3-T70-S01-RT-01;;;;;200;;;;;;;;;;;
2081;52796;2Z1-3-T56-S01-RT-01;;;;;200;;;;;;;;;;;
2082;52800;2Z1-3-T72-S01-RT-01;;;;;200;;;;;;;;;;;
2083;52986;2Z2-3-T02-S01-RT-01;;;;;200;;;;;;;;;;;
2084;53271;2Z1-3-T99-S01-RT-02;;;;;500;;;;;;;;;;;
2085;53467;2Z3-3-T77-S00-SI-01;;;;;5000;;;;;;;;;;;
2086;53559;2Z2-3-T16-S00-SI-01;;;;;5000;;;;;;;;;;;
2087;53560;2Z1-3-T17-S00-SI-01;;;;;5000;;;;;;;;;;;
2088;53561;2Z1-3-T16-S00-SI-01;;;;;5000;;;;;;;;;;;
2089;53658;2Z2-3-T54-S01-RT-01;;;;;200;;;;;;;;;;;
2090;53468;2Z3-3-T77-S01-RT-01;;;;;200;;;;;;;;;;;
2091;53469;2Z3-3-T14-S00-SI-01;;;;;5000;;;;;;;;;;;
2092;53470;2Z3-3-T14-S00-SI-02;;;;;5000;;;;;;;;;;;
2093;53471;2Z2-3-T88-S01-RT-02;;;;;200;;;;;;;;;;;
2094;53473;2Z3-3-T17-S00-SI-01;;;;;5000;;;;;;;;;;;
2095;53565;2Z2-3-T60-S02-RT-01;;;;;200;;;;;;;;;;;
2096;53566;2Z2-3-T21-S01-RT-01;;;;;200;;;;;;;;;;;
2097;53568;2Z3-3-T38-S01-RT-01;;;;;200;;;;;;;;;;;
2098;53659;2Z2-3-T54-S00-SI-01;;;;;5000;;;;;;;;;;;
2099;53660;2Z2-3-T26-S00-SI-01;;;;;5000;;;;;;;;;;;
2100;53661;2Z2-3-T26-S01-RT-01;;;;;200;;;;;;;;;;;
2101;53474;2Z3-3-T17-S00-SI-02;;;;;5000;;;;;;;;;;;
2102;53475;2Z2-3-T61-S00-SI-01;;;;;5000;;;;;;;;;;;
2103;53476;2Z2-3-T61-S02-RT-01;;;;;200;;;;;;;;;;;
2104;53477;2Z2-3-T60-S00-SI-01;;;;;5000;;;;;;;;;;;
2105;53569;2Z2-3-T54-S03-RT-01;;;;;200;;;;;;;;;;;
2106;53570;2Z2-3-T54-S02-RT-01;;;;;200;;;;;;;;;;;
2107;52817;2Z2-3-T45-S01-RT-01;;;;;200;;;;;;;;;;;
2108;52818;2Z2-3-T32-S01-RT-01;;;;;200;;;;;;;;;;;
2109;53195;2Z3-3-T46-S00-SI-01;;;;;5000;;;;;;;;;;;
2110;52824;2Z2-3-T30-S00-SI-01;;;;;5000;;;;;;;;;;;
2111;52915;2Z1-3-T80-S01-RT-01;;;;;200;;;;;;;;;;;
2112;52916;2Z1-3-T59-S00-SI-01;;;;;5000;;;;;;;;;;;
2113;52917;2Z1-3-T59-S03-RT-01;;;;;200;;;;;;;;;;;
2114;52918;2Z1-3-T59-S01-RT-01;;;;;200;;;;;;;;;;;
2115;52920;2Z1-3-T14-S01-RT-01;;;;;200;;;;;;;;;;;
2116;53015;2Z3-3-T78-S01-RT-01;;;;;200;;;;;;;;;;;
2117;53105;2Z3-3-T84-S00-SI-01;;;;;5000;;;;;;;;;;;
2118;53106;2Z3-3-T81-S00-SI-01;;;;;5000;;;;;;;;;;;
2119;53107;2Z3-3-T46-S01-RT-01;;;;;200;;;;;;;;;;;
2120;53108;2Z3-3-T46-S01-RT-02;;;;;200;;;;;;;;;;;
2121;53392;2Z1-3-T45-S01-RT-01;;;;;200;;;;;;;;;;;
2122;52825;2Z2-3-T30-S01-RT-01;;;;;200;;;;;;;;;;;
2123;52826;2Z3-3-T40-S01-RT-01;;;;;200;;;;;;;;;;;
2124;52827;2Z3-3-T03-S00-SI-01;;;;;5000;;;;;;;;;;;
2125;52828;2Z3-3-T03-S01-RT-01;;;;;200;;;;;;;;;;;
2126;53016;2Z2-3-T48-S00-SI-01;;;;;5000;;;;;;;;;;;
2127;53017;2Z2-3-T48-S01-RT-01;;;;;200;;;;;;;;;;;
2128;53018;2Z2-3-T47-S01-RT-02;;;;;200;;;;;;;;;;;
2129;53019;2Z2-3-T47-S01-RT-01;;;;;200;;;;;;;;;;;
2130;53794;IRSA-3-T023-S001-PGC-02;;;;;200;;;;;;;;;;;
2131;53795;IRSA-3-T023-S001-PGC-01;;;;;200;;;;;;;;;;;
2132;63296;2Z1-3-T49-S00-SI-01;;;;;5000;;;;;;;;;;;
2133;64575;9SI-3-T94-080-ZO-03;;;;;200;;;;;;;;;;;
2134;64576;NUME_9SI-3-T94-058-RT-02;;;;;500;;;;;;;;;;;
2135;64577;NUME_9SI-3-T94-043-RT-06;;;;;500;;;;;;;;;;;
2136;64578;9SI-3-T94-041-RT-58;;;;;200;;;;;;;;;;;
2137;64658;9SI-3-T94-017-ZO-07;;;;;200;;;;;;;;;;;
2138;64659;9SI-3-T94-015-ZO-26;;;;;200;;;;;;;;;;;
2139;64660;9SI-3-T94-003-RT-81;;;;;200;;;;;;;;;;;
2140;64661;9SI-3-T93-066-RT-60;;;;;200;;;;;;;;;;;
2141;64662;9SI-3-T93-066-ZO-01;;;;;200;;;;;;;;;;;
2142;63583;9SI-3-T92-040-ZO-31;;;;;200;;;;;;;;;;;
2143;64491;9SI-3-T94-081-RT-34;;;;;200;;;;;;;;;;;
2144;64579;9SI-3-T94-022-ZO-01;;;;;200;;;;;;;;;;;
2145;63490;9SI-3-T93-008-RT-01;;;;;1000;;;;;;;;;;;
2146;63491;9SI-3-T92-049-RT-60;;;;;500;;;;;;;;;;;
2147;63492;9SI-3-T92-012-ZO-53;;;;;200;;;;;;;;;;;
2148;63493;9SI-3-T91-377-RT-50;;;;;200;;;;;;;;;;;
2149;63494;9SI-3-T77-258-RT-69;;;;;200;;;;;;;;;;;
2150;63584;9SI-3-T93-005-RT-32;;;;;200;;;;;;;;;;;
2151;63585;9SI-3-T94-054-ZO-03;;;;;200;;;;;;;;;;;
2152;64585;9SI-3-T92-036-ZO-51;;;;;200;;;;;;;;;;;
2153;64586;9SI-3-T92-026-RT-53;;;;;200;;;;;;;;;;;
2154;64587;9SI-3-T92-012-RT-33;;;;;200;;;;;;;;;;;
2155;64588;9SI-3-T92-012-RT-30;;;;;200;;;;;;;;;;;
2156;64589;9SI-3-T92-002-RT-56;;;;;500;;;;;;;;;;;
2157;63413;2Z1-3-T55-S00-SI-01;;;;;5000;;;;;;;;;;;
2158;64599;2Z2-3-T99-S00-SI-01;;;;;5000;;;;;;;;;;;
2159;63882;2Z1-3-T81-S00-SI-01;;;;;5000;;;;;;;;;;;
2160;63883;2Z1-3-T65-S01-RT-01;;;;;200;;;;;;;;;;;
2161;64512;2Z3-3-T30-S00-SI-01;;;;;5000;;;;;;;;;;;
2162;64528;2Z2-3-T44-S00-SI-01;;;;;5000;;;;;;;;;;;
2163;63527;2Z3-3-T66-S00-SI-01;;;;;5000;;;;;;;;;;;
2164;64440;2Z3-3-T75-S01-RT-04;;;;;200;;;;;;;;;;;
2165;64441;2Z2-3-T95-S01-RT-01;;;;;200;;;;;;;;;;;
2166;34688;9SI-3-T93-070-ZO-05;;;;;200;;;;;;;;;;;
2167;34393;9SI-3-T92-050-RT-45;;;;;200;;;;;;;;;;;
2168;34643;9SI-3-T93-070-RT-40;;;;;200;;;;;;;;;;;
2169;63286;9SI-3-T94-028-ZO-30;;;;;200;;;;;;;;;;;
2170;63287;LEV3_9SI-3-T94-017-RT-04;;;;;1000;;;;;;;;;;;
2171;63288;NUME_9SI-3-T94-016-RT-03;;;;;500;;;;;;;;;;;
2172;63376;9SI-3-T93-070-ZO-04;;;;;200;;;;;;;;;;;
2173;63377;9SI-3-T93-066-RT-150;;;;;500;;;;;;;;;;;
2174;63378;LDKC_9SI-3-T93-066-RT-45;;;;;200;;;;;;;;;;;
2175;63379;LDKC_9SI-3-T93-066-RT-41;;;;;200;;;;;;;;;;;
2176;63289;9SI-3-T94-011-RT-44;;;;;200;;;;;;;;;;;
2177;63290;9SI-3-T94-003-ZO-02;;;;;200;;;;;;;;;;;
2178;63380;9SI-3-T93-048-RT-41;;;;;200;;;;;;;;;;;
2179;63849;9SI-3-T94-081-RT-52;;;;;500;;;;;;;;;;;
2180;63114;LDKC_9SI-3-T78-311-RT-05;;;;;200;;;;;;;;;;;
2181;62759;9SI-3-T92-025-RT-67;;;;;500;;;;;;;;;;;
2182;62849;9SI-3-T93-005-RT-26;;;;;1000;;;;;;;;;;;
2183;62850;9SI-3-T92-076-RT-54;;;;;200;;;;;;;;;;;
2184;62937;NUME_9SI-3-T94-034-RT-56;;;;;500;;;;;;;;;;;
2185;62938;9SI-3-T94-034-ZO-50;;;;;200;;;;;;;;;;;
2186;62940;9SI-3-T93-007-ZO-29;;;;;200;;;;;;;;;;;
2187;63028;9SI-3-T77-121-RT-51;;;;;200;;;;;;;;;;;
2188;63125;2Z3-3-T58-S02-RT-01;;;;;200;;;;;;;;;;;
2189;62023;9SI-3-T93-027-RT-26;;;;;200;;;;;;;;;;;
2190;62673;9SI-3-T95-277-RT-27;;;;;200;;;;;;;;;;;
2191;62674;LDKC_9SI-3-T92-026-RT-03;;;;;200;;;;;;;;;;;
2192;62760;9SI-3-T92-040-ZO-27;;;;;200;;;;;;;;;;;
2193;62761;9SI-3-T92-040-RT-40;;;;;200;;;;;;;;;;;
2194;62762;9SI-3-T92-036-RT-06;;;;;500;;;;;;;;;;;
2195;62763;9SI-3-T93-072-RT-27;;;;;200;;;;;;;;;;;
2196;62851;LEV3_9SI-3-T92-073-RT-27;;;;;1000;;;;;;;;;;;
2197;62852;9SI-3-T92-073-RT-59;;;;;200;;;;;;;;;;;
2198;62853;9SI-3-T94-037-RT-59;;;;;200;;;;;;;;;;;
2199;62026;9SI-3-T93-001-RT-56;;;;;200;;;;;;;;;;;
2200;62027;9SI-3-T92-023-RT-90;;;;;500;;;;;;;;;;;
2201;62676;2Z1-3-T74-S02-RT-01;;;;;200;;;;;;;;;;;
2202;63040;2Z2-3-T52-S01-RT-02;;;;;200;;;;;;;;;;;
2203;62606;2Z1-3-T73-S01-RT-01;;;;;200;;;;;;;;;;;
2204;62607;2Z2-3-T72-S00-SI-01;;;;;5000;;;;;;;;;;;
2205;62694;2Z3-3-T81-S01-RT-01;;;;;200;;;;;;;;;;;
2206;62695;2Z2-3-T61-S01-RT-01;;;;;200;;;;;;;;;;;
2207;62786;2Z1-3-T99-S01-RT-03;;;;;500;;;;;;;;;;;
2208;62150;2Z1-3-T64-S00-SI-01;;;;;5000;;;;;;;;;;;
2209;63194;PACC_9SI3T95127_Av. du Hazay 2;;;;;200;;;;;;;;;;;
2210;63195;PACC_9SI3T95127_Heaumiere 2;;;;;200;;;;;;;;;;;
2211;63196;NUME_9SI-3-T94-043-RT-01;;;;;500;;;;;;;;;;;
2212;63198;NUME_9SI-3-T94-028-RT-12;;;;;500;;;;;;;;;;;
2213;63106;2Z2-3-T79-S01-RT-01;;;;;200;;;;;;;;;;;
2214;60663;9SI-3-T94-081-ZO-02;;;;;200;;;;;;;;;;;
2215;60755;LDKC_9SI-3-T93-066-RT-12;;;;;200;;;;;;;;;;;
2216;60756;LDKC_9SI-3-T93-066-RT-26;;;;;200;;;;;;;;;;;
2217;60757;9SI-3-T93-064-ZO-27;;;;;200;;;;;;;;;;;
2218;60849;LDKC_9SI-3-T92-050-RT-08;;;;;200;;;;;;;;;;;
2219;60850;9SI-3-T93-048-RT-15;;;;;200;;;;;;;;;;;
2220;60851;9SI-3-T92-050-RT-15;;;;;200;;;;;;;;;;;
2221;60852;9SI-3-T92-050-RT-34;;;;;200;;;;;;;;;;;
2222;60574;9SI-3-T95-585-RT-59;;;;;200;;;;;;;;;;;
2223;60665;9SI-3-T94-058-ZO-01;;;;;200;;;;;;;;;;;
2224;60666;9SI-3-T94-022-RT-51;;;;;200;;;;;;;;;;;
2225;60758;9SI-3-T93-048-RT-37;;;;;200;;;;;;;;;;;
2226;60759;9SI-3-T92-050-RT-47;;;;;200;;;;;;;;;;;
2227;61137;9SI-3-T78-586-RT-05;;;;;200;;;;;;;;;;;
2228;60766;9SI-3-T92-012-RT-66;;;;;500;;;;;;;;;;;
2229;60767;LDKC_9SI-3-T92-024-RT-52;;;;;200;;;;;;;;;;;
2230;60768;LDKC_9SI-3-T92-024-RT-59;;;;;200;;;;;;;;;;;
2231;60860;9SI-3-T92-007-RT-61;;;;;200;;;;;;;;;;;
2232;60861;9SI-3-T92-007-RT-50;;;;;200;;;;;;;;;;;
2233;60862;NUME_9SI-3-T94-052-RT-04;;;;;500;;;;;;;;;;;
2234;60863;9SI-3-T92-004-RT-52;;;;;500;;;;;;;;;;;
2235;60952;9SI-3-T93-014-RT-28;;;;;200;;;;;;;;;;;
2236;60953;9SI-3-T94-019-RT-25;;;;;200;;;;;;;;;;;
2237;60954;9SI-3-T93-078-RT-53;;;;;200;;;;;;;;;;;
2238;60955;LEV3_9SI-3-T77-337-RT-51;;;;;500;;;;;;;;;;;
2239;61048;9SI-3-T91-161-RT-50;;;;;500;;;;;;;;;;;
2240;61140;9SI-3-T78-311-RT-01;;;;;200;;;;;;;;;;;
2241;61709;2Z1-3-T89-S01-RT-01;;;;;200;;;;;;;;;;;
2242;60677;9SI-3-T92-023-RT-13;;;;;200;;;;;;;;;;;
2243;60678;9SI-3-T92-012-RT-74;;;;;500;;;;;;;;;;;
2244;60769;9SI-3-T77-258-RT-58;;;;;200;;;;;;;;;;;
2245;60770;9SI-3-T92-040-ZO-01;;;;;200;;;;;;;;;;;
2246;60864;9SI-3-T95-218-RT-51;;;;;200;;;;;;;;;;;
2247;61720;2Z1-3-T86-S00-SI-01;;;;;5000;;;;;;;;;;;
2248;61722;2Z1-3-T71-S00-SI-01;;;;;5000;;;;;;;;;;;
2249;61534;2Z2-3-T48-S01-RT-02;;;;;200;;;;;;;;;;;
2250;61353;2Z2-3-T56-S02-RT-01;;;;;200;;;;;;;;;;;
2251;58869;IRSA-3-T072-S001-PGC-01;;;;;200;;;;;;;;;;;
2252;58886;IRSA-3-T069-S001-PGC-01;;;;;200;;;;;;;;;;;
2253;69733;9SI-3-T92-076-ZO-53;;;;;200;;;;;;;;;;;
2254;69553;9SI-3-T93-051-ZO-02;;;;;200;;;;;;;;;;;
2255;69641;9SI-3-T92-050-RT-81;;;;;200;;;;;;;;;;;
2256;69642;9SI-3-T77-258-RT-66;;;;;200;;;;;;;;;;;
2257;69643;9SI-3-T95-612-RT-52;;;;;200;;;;;;;;;;;
2258;69644;9SI-3-T92-023-RT-10;;;;;200;;;;;;;;;;;
2259;69734;9SI-3-T92-004-ZO-52;;;;;200;;;;;;;;;;;
2260;69289;9SI-3-T93-064-RT-12;;;;;200;;;;;;;;;;;
2261;69377;9SI-3-T93-055-RT-40;;;;;200;;;;;;;;;;;
2262;69378;9SI-3-T93-045-ZO-03;;;;;200;;;;;;;;;;;
2263;69379;9SI-3-T92-050-ZO-27;;;;;200;;;;;;;;;;;
2264;69380;9SI-3-T93-055-RT-20;;;;;200;;;;;;;;;;;
2265;69466;9SI-3-T93-027-RT-27;;;;;200;;;;;;;;;;;
2266;69467;9SI-3-T93-001-RT-62;;;;;200;;;;;;;;;;;
2267;69468;9SI-3-T93-063-RT-46;;;;;200;;;;;;;;;;;
2268;69469;9SI-3-T93-063-RT-36;;;;;200;;;;;;;;;;;
2269;69470;9SI-3-T92-062-RT-52;;;;;200;;;;;;;;;;;
2270;69554;9SI-3-T93-048-RT-40;;;;;1000;;;;;;;;;;;
2271;69555;9SI-3-T93-008-RT-29;;;;;200;;;;;;;;;;;
2272;69556;LEV3_9SI-3-T92-049-RT-04;;;;;200;;;;;;;;;;;
2273;69557;9SI-3-T92-024-RT-70;;;;;200;;;;;;;;;;;
2274;69645;9SI-3-T93-072-RT-32;;;;;200;;;;;;;;;;;
2275;69198;9SI-3-T94-015-ZO-02;;;;;200;;;;;;;;;;;
2276;69199;LEV3_9SI-3-T94-015-RT-01;;;;;1000;;;;;;;;;;;
2277;69200;9SI-3-T94-011-RT-56;;;;;200;;;;;;;;;;;
2278;69201;9SI-3-T93-070-RT-32;;;;;200;;;;;;;;;;;
2279;69202;9SI-3-T93-066-RT-41;;;;;200;;;;;;;;;;;
2280;69290;9SI-3-T93-008-RT-12;;;;;200;;;;;;;;;;;
2281;69291;9SI-3-T93-048-RT-07;;;;;1000;;;;;;;;;;;
2282;69292;9SI-3-T93-048-RT-10;;;;;200;;;;;;;;;;;
2283;69381;9SI-3-T93-055-ZO-04;;;;;200;;;;;;;;;;;
2284;69113;9SI-3-T94-033-RT-01;;;;;200;;;;;;;;;;;
2285;69114;9SI-3-T94-033-ZO-02;;;;;200;;;;;;;;;;;
2286;69115;NUME_9SI-3-T94-028-RT-04;;;;;500;;;;;;;;;;;
2287;69116;9SI-3-T94-022-RT-59;;;;;200;;;;;;;;;;;
2288;69117;9SI-3-T94-017-RT-01;;;;;200;;;;;;;;;;;
2289;69203;LDKC_9SI-3-T78-586-RT-04;;;;;200;;;;;;;;;;;
2290;69927;2Z1-3-T91-S01-RT-01;;;;;200;;;;;;;;;;;
2291;69118;9SI-3-T92-022-RT-56;;;;;200;;;;;;;;;;;
2292;69119;9SI-3-T77-083-ZO-53;;;;;200;;;;;;;;;;;
2293;69120;LDKC_9SI-3-T75-116-RT-56;;;;;200;;;;;;;;;;;
2294;69121;9SI-3-T75-115-RT-50;;;;;500;;;;;;;;;;;
2295;69122;LDKC_9SI-3-T78-586-RT-13;;;;;200;;;;;;;;;;;
2296;70215;9SI-3-T93-059-ZO-36;;;;;200;;;;;;;;;;;
2297;70307;9SI-3-T93-055-RT-26;;;;;200;;;;;;;;;;;
2298;69411;9SI-3-T95-585-RT-52;;;;;200;;;;;;;;;;;
2299;69412;PACC_9SI3T95127_Entreprise 2;;;;;200;;;;;;;;;;;
2300;69413;PACC_9SI3T95127_Centaure1;;;;;200;;;;;;;;;;;
2301;69864;9SI-3-T94-069-ZO-03;;;;;200;;;;;;;;;;;
2302;69865;9SI-3-T94-042-ZO-01;;;;;200;;;;;;;;;;;
2303;69950;9SI-3-T94-018-RT-54;;;;;200;;;;;;;;;;;
2304;69951;LEV3_9SI-3-T94-017-RT-06;;;;;1000;;;;;;;;;;;
2305;69952;9SI-3-T94-011-RT-27;;;;;200;;;;;;;;;;;
2306;69953;9SI-3-T94-011-RT-55;;;;;200;;;;;;;;;;;
2307;70124;9SI-3-T93-066-RT-48;;;;;200;;;;;;;;;;;
2308;70125;9SI-3-T93-066-ZO-33;;;;;200;;;;;;;;;;;
2309;70126;9SI-3-T93-059-ZO-37;;;;;200;;;;;;;;;;;
2310;70127;9SI-3-T93-008-RT-34;;;;;200;;;;;;;;;;;
2311;70128;9SI-3-T93-006-RT-58;;;;;200;;;;;;;;;;;
2312;70216;9SI-3-T92-050-ZO-03;;;;;200;;;;;;;;;;;
2313;70217;9SI-3-T93-055-ZO-11;;;;;200;;;;;;;;;;;
2314;70309;9SI-3-T93-010-RT-07;;;;;200;;;;;;;;;;;
2315;70310;9SI-3-T93-051-RT-51;;;;;200;;;;;;;;;;;
2316;69326;2Z1-3-T18-S01-RT-02;;;;;200;;;;;;;;;;;
2317;69954;LDKC-9SI-3-T93-070-RT-06;;;;;200;;;;;;;;;;;
2318;70037;9SI-3-T93-070-RT-02;;;;;200;;;;;;;;;;;
2319;70038;9SI-3-T93-070-ZO-41;;;;;200;;;;;;;;;;;
2320;70039;9SI-3-T93-066-RT-184;;;;;200;;;;;;;;;;;
2321;70040;9SI-3-T93-066-RT-56;;;;;200;;;;;;;;;;;
2322;70317;9SI-3-T92-023-RT-92;;;;;200;;;;;;;;;;;
2323;69149;9SI-3-T92-050-RT-03;;;;;200;;;;;;;;;;;
2324;69698;2Z1-3-T84-S00-SI-01;;;;;5000;;;;;;;;;;;
2325;69790;2Z3-3-T70-S00-SI-01;;;;;5000;;;;;;;;;;;
2326;69064;LEV3_9SI-3-T92-040-RT-05;;;;;200;;;;;;;;;;;
2327;69065;LDKC_9SI-3-T92-024-RT-61;;;;;200;;;;;;;;;;;
2328;69066;9SI-3-T92-050-RT-84;;;;;500;;;;;;;;;;;
2329;69151;9SI-3-T93-057-ZO-29;;;;;200;;;;;;;;;;;
2330;69152;9SI-3-T93-046-RT-30;;;;;200;;;;;;;;;;;
2331;69155;9SI-3-T77-146-RT-52;;;;;200;;;;;;;;;;;
2332;69427;2Z3-3-T78-S00-SI-01;;;;;5000;;;;;;;;;;;
2333;70144;2Z2-3-T41-S00-SI-01;;;;;5000;;;;;;;;;;;
2334;70238;2Z2-3-T27-S01-RT-01;;;;;200;;;;;;;;;;;
2335;70331;IRSA-3-T006-S003-PGC-01;;;;;200;;;;;;;;;;;
2336;69067;9SI-3-T92-050-RT-29;;;;;200;;;;;;;;;;;
2337;69068;9SI-3-T77-258-RT-55;;;;;200;;;;;;;;;;;
2338;69069;9SI-3-T93-079-RT-58;;;;;500;;;;;;;;;;;
2339;69070;9SI-3-T93-079-RT-56;;;;;500;;;;;;;;;;;
2340;69071;9SI-3-T93-007-RT-41;;;;;200;;;;;;;;;;;
2341;69156;9SI-3-T77-146-RT-59;;;;;200;;;;;;;;;;;
2342;69072;LDKC_9SI-3-T95-018-RT-01;;;;;200;;;;;;;;;;;
2343;69528;2Z2-3-T58-S03-RT-01;;;;;200;;;;;;;;;;;
2344;69529;2Z3-3-T36-S01-RT-01;;;;;200;;;;;;;;;;;
2345;69530;2Z1-3-T46-S00-SI-01;;;;;5000;;;;;;;;;;;
2346;68675;9SI-3-T93-008-RT-13;;;;;200;;;;;;;;;;;
2347;68504;9SI-3-T93-027-RT-28;;;;;200;;;;;;;;;;;
2348;68591;9SI-3-T93-053-RT-01;;;;;1000;;;;;;;;;;;
2349;68592;9SI-3-T92-075-ZO-25;;;;;200;;;;;;;;;;;
2350;68593;9SI-3-T93-051-ZO-51;;;;;200;;;;;;;;;;;
2351;68594;OPAL_9SI-3-T93-008-RT-25;;;;;200;;;;;;;;;;;
2352;68676;9SI-3-T93-048-RT-80;;;;;200;;;;;;;;;;;
2353;68677;9SI-3-T92-060-RT-70;;;;;200;;;;;;;;;;;
2354;68678;LDKC_9SI-3-T93-059-RT-16;;;;;200;;;;;;;;;;;
2355;68679;9SI-3-T92-036-RT-26;;;;;200;;;;;;;;;;;
2356;68757;9SI-3-T92-023-RT-99;;;;;200;;;;;;;;;;;
2357;68758;9SI-3-T95-476-RT-04;;;;;200;;;;;;;;;;;
2358;68338;9SI-3-T93-064-RT-28;;;;;200;;;;;;;;;;;
2359;68420;9SI-3-T93-048-RT-08;;;;;200;;;;;;;;;;;
2360;68421;9SI-3-T93-006-ZO-29;;;;;200;;;;;;;;;;;
2361;68422;NOOS_9SI-3-T93-001-RT-10;;;;;500;;;;;;;;;;;
2362;68423;9SI-3-T92-050-RT-53;;;;;500;;;;;;;;;;;
2363;68424;9SI-3-T93-055-RT-01;;;;;1000;;;;;;;;;;;
2364;68505;9SI-3-T93-001-ZO-03;;;;;200;;;;;;;;;;;
2365;68506;9SI-3-T92-050-RT-90;;;;;200;;;;;;;;;;;
2366;68507;9SI-3-T93-055-ZO-10;;;;;200;;;;;;;;;;;
2367;68508;9SI-3-T93-063-RT-34;;;;;200;;;;;;;;;;;
2368;68509;LDKC_9SI-3-T78-311-RT-02;;;;;200;;;;;;;;;;;
2369;68595;9SI-3-T93-051-RT-52;;;;;200;;;;;;;;;;;
2370;68169;9SI-3-T94-003-ZO-03;;;;;200;;;;;;;;;;;
2371;68170;9SI-3-T94-017-RT-28;;;;;200;;;;;;;;;;;
2372;68171;9SI-3-T94-015-ZO-07;;;;;200;;;;;;;;;;;
2373;68251;9SI-3-T93-066-RT-42;;;;;200;;;;;;;;;;;
2374;68252;9SI-3-T93-066-RT-59;;;;;200;;;;;;;;;;;
2375;68253;9SI-3-T93-066-RT-33;;;;;200;;;;;;;;;;;
2376;68254;9SI-3-T93-066-RT-39;;;;;200;;;;;;;;;;;
2377;68255;9SI-3-T93-064-ZO-01;;;;;200;;;;;;;;;;;
2378;68339;9SI-3-T93-008-RT-38;;;;;200;;;;;;;;;;;
2379;68340;9SI-3-T93-059-RT-25;;;;;200;;;;;;;;;;;
2380;68341;9SI-3-T92-051-RT-50;;;;;500;;;;;;;;;;;
2381;68342;9SI-3-T95-018-RT-50;;;;;200;;;;;;;;;;;
2382;68343;9SI-3-T93-007-RT-25;;;;;1000;;;;;;;;;;;
2383;68425;LDKC_9SI-3-T75-116-RT-52;;;;;200;;;;;;;;;;;
2384;68427;9SI-3-T78-686-RT-52;;;;;200;;;;;;;;;;;
2385;68428;LDKC_9SI-3-T78-586-RT-10;;;;;200;;;;;;;;;;;
2386;68511;LDKC_9SI-3-T78-124-RT-01;;;;;200;;;;;;;;;;;
2387;67916;9SI-3-T94-081-ZO-08;;;;;200;;;;;;;;;;;
2388;67917;9SI-3-T94-081-IM-54;;;;;200;;;;;;;;;;;
2389;67918;9SI-3-T94-069-RT-01;;;;;200;;;;;;;;;;;
2390;67919;9SI-3-T94-068-RT-56;;;;;200;;;;;;;;;;;
2391;67999;NUME_9SI-3-T94-042-RT-01;;;;;500;;;;;;;;;;;
2392;68000;9SI-3-T94-041-RT-67;;;;;500;;;;;;;;;;;
2393;68001;9SI-3-T94-041-ZO-09;;;;;200;;;;;;;;;;;
2394;68002;9SI-3-T94-033-RT-25;;;;;200;;;;;;;;;;;
2395;68084;9SI-3-T94-028-RT-41;;;;;200;;;;;;;;;;;
2396;68085;9SI-3-T94-028-RT-33;;;;;200;;;;;;;;;;;
2397;68086;9SI-3-T94-028-RT-34;;;;;200;;;;;;;;;;;
2398;68087;9SI-3-T94-022-ZO-05;;;;;200;;;;;;;;;;;
2399;68088;9SI-3-T94-022-ZO-10;;;;;200;;;;;;;;;;;
2400;68172;9SI-3-T94-011-RT-33;;;;;200;;;;;;;;;;;
2401;68173;9SI-3-T93-070-RT-35;;;;;1000;;;;;;;;;;;
2402;68174;9SI-3-T92-004-ZO-51;;;;;200;;;;;;;;;;;
2403;68175;9SI-3-T92-064-ZO-58;;;;;200;;;;;;;;;;;
2404;68176;9SI-3-T93-029-RT-25;;;;;200;;;;;;;;;;;
2405;68256;9SI-3-T93-079-RT-25;;;;;200;;;;;;;;;;;
2406;68257;9SI-3-T93-079-RT-50;;;;;200;;;;;;;;;;;
2407;68258;9SI-3-T93-007-RT-38;;;;;200;;;;;;;;;;;
2408;68259;LDKC_9SI-3-T95-018-RT-05;;;;;200;;;;;;;;;;;
2409;68260;9SI-3-T92-022-RT-52;;;;;200;;;;;;;;;;;
2410;68344;9SI-3-T93-072-ZO-28;;;;;200;;;;;;;;;;;
2411;68345;9SI-3-T77-337-RT-58;;;;;200;;;;;;;;;;;
2412;68346;9SI-3-T77-146-RT-53;;;;;200;;;;;;;;;;;
2413;67663;9SI-3-T94-041-ZO-10;;;;;200;;;;;;;;;;;
2414;67664;NUME_9SI-3-T94-068-RT-02;;;;;500;;;;;;;;;;;
2415;67665;9SI-3-T94-043-ZO-02;;;;;200;;;;;;;;;;;
2416;67666;SMAK_9SI-3-T94-021-RT-60;;;;;200;;;;;;;;;;;
2417;67667;9SI-3-T94-041-RT-59;;;;;200;;;;;;;;;;;
2418;67753;9SI-3-T92-023-ZO-50;;;;;200;;;;;;;;;;;
2419;67754;9SI-3-T92-026-RT-51;;;;;500;;;;;;;;;;;
2420;67755;9SI-3-T92-014-RT-50;;;;;200;;;;;;;;;;;
2421;67835;9SI-3-T95-585-RT-54;;;;;200;;;;;;;;;;;
2422;67836;9SI-3-T95-127-RT-99;;;;;200;;;;;;;;;;;
2423;67837;9SI-3-T94-081-ZO-09;;;;;200;;;;;;;;;;;
2424;67838;9SI-3-T92-012-RT-27;;;;;200;;;;;;;;;;;
2425;67839;LDKC_9SI-3-T95-288-RT-04;;;;;200;;;;;;;;;;;
2426;67920;9SI-3-T94-043-ZO-51;;;;;200;;;;;;;;;;;
2427;67921;9SI-3-T91-377-RT-55;;;;;200;;;;;;;;;;;
2428;67922;9SI-3-T92-050-RT-69;;;;;200;;;;;;;;;;;
2429;67923;9SI-3-T92-040-RT-63;;;;;500;;;;;;;;;;;
2430;67924;9SI-3-T91-377-RT-52;;;;;200;;;;;;;;;;;
2431;68003;9SI-3-T94-033-RT-02;;;;;200;;;;;;;;;;;
2432;68004;LDKC_9SI-3-T92-024-RT-57;;;;;200;;;;;;;;;;;
2433;68005;9SI-3-T92-050-RT-33;;;;;200;;;;;;;;;;;
2434;68006;9SI-3-T92-040-ZO-50;;;;;200;;;;;;;;;;;
2435;68007;LDKC_9SI-3-T92-023-RT-59;;;;;200;;;;;;;;;;;
2436;68089;9SI-3-T77-258-RT-62;;;;;200;;;;;;;;;;;
2437;68090;9SI-3-T92-050-RT-93;;;;;200;;;;;;;;;;;
2438;68091;9SI-3-T92-009-RT-52;;;;;500;;;;;;;;;;;
2439;68092;9SI-3-T93-072-RT-30;;;;;200;;;;;;;;;;;
2440;68093;9SI-3-T93-057-ZO-27;;;;;200;;;;;;;;;;;
2441;68177;9SI-3-T93-013-RT-50;;;;;200;;;;;;;;;;;
2442;68178;9SI-3-T95-063-RT-54;;;;;200;;;;;;;;;;;
2443;67577;9SI-3-T95-127-RT-55;;;;;200;;;;;;;;;;;
2444;67756;9SI-3-T92-049-RT-65;;;;;500;;;;;;;;;;;
2445;67757;9SI-3-T95-268-RT-28;;;;;200;;;;;;;;;;;
2446;67840;9SI-3-T92-044-RT-30;;;;;200;;;;;;;;;;;
2447;67841;LEV3_9SI-3-T92-040-RT-07;;;;;200;;;;;;;;;;;
2448;67842;9SI-3-T92-050-ZO-66;;;;;200;;;;;;;;;;;
2449;67925;9SI-3-T92-050-RT-57;;;;;500;;;;;;;;;;;
2450;68008;9SI-3-T92-050-RT-98;;;;;500;;;;;;;;;;;
2451;67598;2Z3-3-T63-S00-SI-01;;;;;5000;;;;;;;;;;;
2452;67599;2Z3-3-T26-S00-SI-01;;;;;5000;;;;;;;;;;;
2453;66263;9SI-3-T77-083-ZO-51;;;;;200;;;;;;;;;;;
2454;66361;2Z1-3-T34-S00-SI-01;;;;;5000;;;;;;;;;;;
2455;66803;2Z3-3-T09-S00-SI-01;;;;;5000;;;;;;;;;;;
2456;66804;2Z2-3-T51-S01-RT-01;;;;;200;;;;;;;;;;;
2457;34834;9SI-3-T94-054-ZO-01;;;;;200;;;;;;;;;;;
2458;66605;9SI-3-T93-055-RT-43;;;;;500;;;;;;;;;;;
2459;66692;LDKC_9SI-3-T93-059-RT-01;;;;;200;;;;;;;;;;;
2460;66777;9SI-3-T93-008-RT-42;;;;;200;;;;;;;;;;;
2461;66778;9SI-3-T95-539-RT-50;;;;;200;;;;;;;;;;;
2462;66779;9SI-3-T92-007-RT-62;;;;;200;;;;;;;;;;;
2463;66961;LDKC_9SI-3-T75-116-RT-58;;;;;200;;;;;;;;;;;
2464;66337;9SI-3-T94-033-RT-29;;;;;200;;;;;;;;;;;
2465;66338;9SI-3-T94-003-RT-53;;;;;200;;;;;;;;;;;
2466;66339;9SI-3-T94-017-ZO-08;;;;;200;;;;;;;;;;;
2467;66340;9SI-3-T94-011-RT-32;;;;;200;;;;;;;;;;;
2468;66426;9SI-3-T93-070-ZO-43;;;;;200;;;;;;;;;;;
2469;66427;9SI-3-T93-066-RT-54;;;;;200;;;;;;;;;;;
2470;66428;9SI-3-T93-066-RT-101;;;;;200;;;;;;;;;;;
2471;66429;9SI-3-T93-064-RT-51;;;;;200;;;;;;;;;;;
2472;66515;9SI-3-T93-059-RT-31;;;;;200;;;;;;;;;;;
2473;66516;9SI-3-T93-008-RT-32;;;;;200;;;;;;;;;;;
2474;66517;9SI-3-T92-051-RT-55;;;;;500;;;;;;;;;;;
2475;66518;9SI-3-T93-006-RT-57;;;;;200;;;;;;;;;;;
2476;66519;LDKC_9SI-3-T92-050-RT-07;;;;;200;;;;;;;;;;;
2477;66606;9SI-3-T93-053-RT-56;;;;;200;;;;;;;;;;;
2478;66607;LEV3_9SI-3-T93-051-RT-02;;;;;1000;;;;;;;;;;;
2479;66608;9SI-3-T93-061-ZO-03;;;;;200;;;;;;;;;;;
2480;66609;LEV3_9SI-3-T95-257-RT-04;;;;;1000;;;;;;;;;;;
2481;66610;9SI-3-T92-046-RT-50;;;;;500;;;;;;;;;;;
2482;66693;9SI-3-T92-060-RT-63;;;;;200;;;;;;;;;;;
2483;66694;LDKC_9SI-3-T93-059-RT-09;;;;;200;;;;;;;;;;;
2484;66695;LDKC_9SI-3-T93-059-RT-13;;;;;200;;;;;;;;;;;
2485;66696;9SI-3-T92-040-RT-33;;;;;200;;;;;;;;;;;
2486;66697;9SI-3-T92-040-RT-65;;;;;200;;;;;;;;;;;
2487;66780;9SI-3-T92-007-RT-54;;;;;200;;;;;;;;;;;
2488;66782;9SI-3-T92-002-RT-73;;;;;200;;;;;;;;;;;
2489;66783;NUME_9SI-3-T94-034-RT-53;;;;;500;;;;;;;;;;;
2490;66784;LEV3_9SI-3-T92-064-RT-28;;;;;1000;;;;;;;;;;;
2491;66872;LDKC_9SI-3-T92-035-RT-05;;;;;200;;;;;;;;;;;
2492;66873;9SI-3-T92-032-RT-51;;;;;500;;;;;;;;;;;
2493;66874;9SI-3-T94-077-RT-51;;;;;200;;;;;;;;;;;
2494;66876;9SI-3-T77-337-RT-55;;;;;200;;;;;;;;;;;
2495;66963;LDKC_9SI-3-T78-586-RT-05;;;;;200;;;;;;;;;;;
2496;66256;9SI-3-T93-064-ZO-36;;;;;200;;;;;;;;;;;
2497;66341;LDKC-9SI-3-T93-070-RT-07;;;;;200;;;;;;;;;;;
2498;66430;LDKC_9SI-3-T93-066-RT-11;;;;;200;;;;;;;;;;;
2499;66611;LDKC_9SI-3-T92-025-RT-58;;;;;200;;;;;;;;;;;
2500;66612;LEV3_9SI-3-T95-218-RT-03;;;;;1000;;;;;;;;;;;
2501;66613;9SI-3-T92-025-RT-75;;;;;200;;;;;;;;;;;
2502;66698;LDKC_9SI-3-T92-023-RT-80;;;;;200;;;;;;;;;;;
2503;66699;9SI-3-T92-072-ZO-50;;;;;200;;;;;;;;;;;
2504;66700;9SI-3-T92-064-ZO-25;;;;;200;;;;;;;;;;;
2505;66785;9SI-3-T93-013-RT-27;;;;;1000;;;;;;;;;;;
2506;66786;9SI-3-T94-002-ZO-02;;;;;200;;;;;;;;;;;
2507;66171;9SI-3-T93-070-ZO-29;;;;;200;;;;;;;;;;;
2508;66172;9SI-3-T93-066-RT-173;;;;;200;;;;;;;;;;;
2509;66173;LDKC_9SI-3-T93-066-RT-40;;;;;200;;;;;;;;;;;
2510;66174;9SI-3-T93-064-RT-33;;;;;200;;;;;;;;;;;
2511;66175;9SI-3-T93-064-RT-36;;;;;200;;;;;;;;;;;
2512;66257;LDKC_9SI-3-T92-060-RT-78;;;;;200;;;;;;;;;;;
2513;66258;9SI-3-T93-048-RT-50;;;;;500;;;;;;;;;;;
2514;66259;9SI-3-T92-050-RT-07;;;;;500;;;;;;;;;;;
2515;66260;9SI-3-T93-048-ZO-31;;;;;200;;;;;;;;;;;
2516;66261;9SI-3-T92-019-RT-56;;;;;200;;;;;;;;;;;
2517;66176;9SI-3-T92-064-ZO-53;;;;;200;;;;;;;;;;;
2518;66177;9SI-3-T94-034-RT-65;;;;;200;;;;;;;;;;;
2519;66178;9SI-3-T95-218-ZO-02;;;;;200;;;;;;;;;;;
2520;66179;9SI-3-T95-063-RT-50;;;;;200;;;;;;;;;;;
2521;66180;9SI-3-T92-022-RT-55;;;;;200;;;;;;;;;;;
2522;66089;9SI-3-T93-046-ZO-28;;;;;200;;;;;;;;;;;
2523;66090;LDKC_9SI-3-T93-039-RT-01;;;;;200;;;;;;;;;;;
2524;66091;9SI-3-T92-071-RT-61;;;;;200;;;;;;;;;;;
2525;66092;9SI-3-T93-031-RT-53;;;;;500;;;;;;;;;;;
2526;66093;9SI-3-T93-030-RT-56;;;;;200;;;;;;;;;;;
2527;64838;9SI-3-T93-053-RT-54;;;;;200;;;;;;;;;;;
2528;64839;9SI-3-T93-010-RT-53;;;;;200;;;;;;;;;;;
2529;64840;9SI-3-T93-061-RT-28;;;;;200;;;;;;;;;;;
2530;65923;LDKC_9SI-3-T92-012-RT-51;;;;;200;;;;;;;;;;;
2531;65924;LDKC_9SI-3-T92-012-RT-56;;;;;200;;;;;;;;;;;
2532;65925;9SI-3-T92-025-RT-78;;;;;200;;;;;;;;;;;
2533;66005;NUME_9SI-3-T94-018-RT-02;;;;;500;;;;;;;;;;;
2534;66006;9SI-3-T92-019-RT-51;;;;;200;;;;;;;;;;;
2535;66007;9SI-3-T92-007-RT-65;;;;;200;;;;;;;;;;;
2536;66008;9SI-3-T93-072-ZO-25;;;;;200;;;;;;;;;;;
2537;66009;9SI-3-T94-044-RT-58;;;;;200;;;;;;;;;;;
2538;66010;9SI-3-T93-046-RT-27;;;;;200;;;;;;;;;;;
2539;66098;2Z3-3-T70-S02-RT-01;;;;;200;;;;;;;;;;;
2540;65838;9SI-3-T92-049-RT-78;;;;;500;;;;;;;;;;;
2541;65839;9SI-3-T92-049-RT-73;;;;;200;;;;;;;;;;;
2542;65840;9SI-3-T92-014-RT-55;;;;;200;;;;;;;;;;;
2543;65926;9SI-3-T92-050-RT-02;;;;;200;;;;;;;;;;;
2544;65927;LDKC_9SI-3-T92-023-RT-71;;;;;200;;;;;;;;;;;
2545;64669;9SI-3-T95-078-RT-02;;;;;200;;;;;;;;;;;
2546;64852;9SI-3-T78-586-RT-04;;;;;200;;;;;;;;;;;
2547;65750;LEV3_9SI-3-T95-306-RT-05;;;;;1000;;;;;;;;;;;
2548;65751;9SI-3-T92-049-ZO-50;;;;;200;;;;;;;;;;;
2549;65752;LDKC_9SI-3-T92-026-RT-10;;;;;200;;;;;;;;;;;
2550;65841;LDKC_9SI-3-T92-044-RT-53;;;;;200;;;;;;;;;;;
2551;64670;9SI-3-T95-063-RT-33;;;;;200;;;;;;;;;;;
2552;64671;9SI-3-T92-022-RT-53;;;;;200;;;;;;;;;;;
2553;64672;9SI-3-T93-007-RT-28;;;;;1000;;;;;;;;;;;
2554;64673;9SI-3-T93-073-RT-26;;;;;200;;;;;;;;;;;
2555;64862;2Z2-3-T32-S00-SI-01;;;;;5000;;;;;;;;;;;
2556;64954;9SI-3-T93-001-ZO-01;;;;;200;;;;;;;;;;;
2557;64955;9SI-3-T93-001-RT-31;;;;;200;;;;;;;;;;;
2558;64956;9SI-3-T93-055-RT-16;;;;;200;;;;;;;;;;;
2559;64957;9SI-3-T93-001-ZO-27;;;;;200;;;;;;;;;;;
2560;64958;9SI-3-T93-001-RT-30;;;;;200;;;;;;;;;;;
2561;65042;9SI-3-T93-010-RT-27;;;;;200;;;;;;;;;;;
2562;65043;9SI-3-T93-001-RT-54;;;;;200;;;;;;;;;;;
2563;65044;9SI-3-T93-001-ZO-06;;;;;200;;;;;;;;;;;
2564;65045;9SI-3-T93-010-ZO-04;;;;;200;;;;;;;;;;;
2565;65046;NOOS_9SI-3-T92-060-RT-52;;;;;500;;;;;;;;;;;
2566;65130;9SI-3-T93-008-RT-50;;;;;200;;;;;;;;;;;
2567;65131;LEV3_9SI-3-T95-476-RT-04;;;;;1000;;;;;;;;;;;
2568;65132;LEV3_9SI-3-T95-424-RT-01;;;;;1000;;;;;;;;;;;
2569;65133;9SI-3-T92-049-RT-58;;;;;500;;;;;;;;;;;
2570;64781;2Z3-3-T83-S00-SI-01;;;;;5000;;;;;;;;;;;
2571;64875;2Z1-3-T72-S03-RT-01;;;;;200;;;;;;;;;;;
2572;66084;9SI-3-T94-018-RT-50;;;;;500;;;;;;;;;;;
2573;66085;9SI-3-T94-017-ZO-25;;;;;200;;;;;;;;;;;
2574;66086;9SI-3-T94-017-RT-25;;;;;200;;;;;;;;;;;
2575;66087;NUME_9SI-3-T94-003-RT-01;;;;;500;;;;;;;;;;;
2576;66088;9SI-3-T93-070-RT-30;;;;;200;;;;;;;;;;;
2577;64836;9SI-3-T92-050-ZO-26;;;;;200;;;;;;;;;;;
2578;66001;LEV3_9SI-3-T95-127-RT-06;;;;;1000;;;;;;;;;;;
2579;66002;9SI-3-T94-081-ZO-15;;;;;200;;;;;;;;;;;
2580;66003;9SI-3-T94-080-RT-27;;;;;200;;;;;;;;;;;
2581;66004;9SI-3-T94-065-ZO-26;;;;;200;;;;;;;;;;;
2582;64746;9SI-3-T93-066-ZO-35;;;;;200;;;;;;;;;;;
2583;64747;9SI-3-T93-064-RT-02;;;;;200;;;;;;;;;;;
2584;64748;9SI-3-T93-064-RT-81;;;;;200;;;;;;;;;;;
2585;64749;9SI-3-T93-006-ZO-27;;;;;200;;;;;;;;;;;
2586;64750;9SI-3-T92-050-RT-89;;;;;500;;;;;;;;;;;
2587;75318;2Z2-3-T34-S01-RT-01;;;;;200;;;;;;;;;;;
2588;75228;2Z3-3-T22-S00-SI-01;;;;;5000;;;;;;;;;;;
2589;75229;2Z2-3-T86-S01-RT-01;;;;;200;;;;;;;;;;;
2590;75695;2Z2-3-T35-S00-SI-01;;;;;5000;;;;;;;;;;;
2591;74861;2D2-3-T12-S00-SI-01;;;;;5000;;;;;;;;;;;
2592;74966;2Z1-3-T61-S00-SI-01;;;;;5000;;;;;;;;;;;
2593;75247;2Z1-3-T52-S00-SI-01;;;;;5000;;;;;;;;;;;
2594;74967;2Z1-3-T32-S00-SI-01;;;;;5000;;;;;;;;;;;
2595;75899;LDKC_9SI-3-T92-012-RT-62;;;;;200;;;;;;;;;;;
2596;76084;2Z2-3-T60-S01-RT-01;;;;;200;;;;;;;;;;;
2597;76085;2Z2-3-T21-S00-SI-01;;;;;5000;;;;;;;;;;;
2598;76087;2Z2-3-T47-S00-SI-01;;;;;5000;;;;;;;;;;;
2599;75279;2Z3-3-T07-S01-RT-01;;;;;200;;;;;;;;;;;
2600;75280;9SI-3-T94-081-IM-50;;;;;500;;;;;;;;;;;
2601;75370;PACC_9SI3T95127_Genottes 2;;;;;200;;;;;;;;;;;
2602;75380;9SI-3-T95-078-RT-03;;;;;200;;;;;;;;;;;
2603;75473;9SI-3-T77-121-RT-52;;;;;200;;;;;;;;;;;
2604;75287;9SI-3-T93-008-RT-26;;;;;200;;;;;;;;;;;
2605;75288;LDKC_9SI-3-T93-059-RT-14;;;;;200;;;;;;;;;;;
2606;75289;SITR_9SI-3-T92-076-RT-52;;;;;500;;;;;;;;;;;
2607;75290;9SI-3-T92-002-RT-77;;;;;200;;;;;;;;;;;
2608;75291;9SI-3-T95-078-RT-04;;;;;200;;;;;;;;;;;
2609;75382;LEV3_9SI-3-T77-468-RT-51;;;;;500;;;;;;;;;;;
2610;75383;9SI-3-T77-146-RT-58;;;;;200;;;;;;;;;;;
2611;75385;9SI-3-T93-001-RT-53;;;;;200;;;;;;;;;;;
2612;75199;LEV3_9SI-3-T94-041-RT-02;;;;;1000;;;;;;;;;;;
2613;75386;9SI-3-T93-063-RT-26;;;;;200;;;;;;;;;;;
2614;75387;9SI-3-T93-061-RT-01;;;;;1000;;;;;;;;;;;
2615;74750;2Z2-3-T68-S00-SI-01;;;;;5000;;;;;;;;;;;
2616;73436;2Z2-3-T84-S00-SI-01;;;;;5000;;;;;;;;;;;
2617;73720;2Z2-3-T85-S01-RT-01;;;;;200;;;;;;;;;;;
2618;73724;9SI-3-T94-011-RT-37;;;;;200;;;;;;;;;;;
2619;34279;9SI-3-T92-050-RT-06;;;;;200;;;;;;;;;;;
2620;73845;2Z1-3-T13-S01-RT-02;;;;;200;;;;;;;;;;;
2621;73755;2Z2-3-T23-S00-SI-01;;;;;5000;;;;;;;;;;;
2622;73846;LEV3_9SI-3-T94-041-RT-05;;;;;1000;;;;;;;;;;;
2623;73847;9SI-3-T94-041-RT-50;;;;;200;;;;;;;;;;;
2624;73756;2Z1-3-T13-S01-RT-04;;;;;200;;;;;;;;;;;
2625;74052;9SI-3-T93-027-ZO-01;;;;;200;;;;;;;;;;;
2626;74145;9SI-3-T78-586-RT-06;;;;;200;;;;;;;;;;;
2627;73962;NOOS_9SI-3-T93-001-RT-05;;;;;500;;;;;;;;;;;
2628;74053;9SI-3-T94-044-RT-52;;;;;200;;;;;;;;;;;
2629;74054;SITR_9SI-3-T92-064-RT-53;;;;;500;;;;;;;;;;;
2630;74169;2Z2-3-T52-S01-RT-01;;;;;200;;;;;;;;;;;
2631;73983;2Z2-3-T83-S00-SI-01;;;;;5000;;;;;;;;;;;
2632;74173;2Z2-3-T88-S01-RT-01;;;;;200;;;;;;;;;;;
2633;73522;2Z3-3-T56-S00-SI-01;;;;;5000;;;;;;;;;;;
2634;72095;2Z1-3-T81-S02-RT-01;;;;;200;;;;;;;;;;;
2635;72361;IRSA-3-T041-S001-PGC-01;;;;;200;;;;;;;;;;;
2636;73066;LDKC_9SI-3-T92-012-RT-55;;;;;200;;;;;;;;;;;
2637;72185;2Z1-3-T89-S00-SI-01;;;;;5000;;;;;;;;;;;
2638;82043;9SI-3-T91-377-RT-54;;;;;200;;;;;;;;;;;
2639;73220;2Z1-3-T48-S01-RT-01;;;;;200;;;;;;;;;;;
2640;72782;2Z1-3-T54-S01-RT-01;;;;;200;;;;;;;;;;;
2641;73136;9SI-3-T93-070-RT-41;;;;;200;;;;;;;;;;;
2642;73137;9SI-3-T93-066-ZO-06;;;;;200;;;;;;;;;;;
2643;72342;2Z2-3-T70-S01-RT-01;;;;;200;;;;;;;;;;;
2644;72432;2Z3-3-T06-S00-SI-01;;;;;5000;;;;;;;;;;;
2645;72433;2Z1-3-T94-S01-RT-01;;;;;200;;;;;;;;;;;
2646;73050;9SI-3-T94-016-RT-25;;;;;200;;;;;;;;;;;
2647;73051;LDKC-9SI-3-T93-070-RT-02;;;;;200;;;;;;;;;;;
2648;71899;2Z1-3-T55-S02-RT-01;;;;;200;;;;;;;;;;;
2649;72081;IRSA-3-T067-S001-PGC-01;;;;;200;;;;;;;;;;;
2650;72345;2Z2-3-T57-S00-SI-01;;;;;5000;;;;;;;;;;;
2651;72346;2Z2-3-T75-S01-RT-02;;;;;200;;;;;;;;;;;
2652;72347;2Z3-3-T23-S00-SI-01;;;;;5000;;;;;;;;;;;
2653;72434;2Z1-3-T36-S01-RT-01;;;;;200;;;;;;;;;;;
2654;70446;9SI-3-T94-043-ZO-53;;;;;200;;;;;;;;;;;
2655;70447;9SI-3-T94-043-ZO-50;;;;;200;;;;;;;;;;;
2656;70358;9SI-3-T94-081-RT-31;;;;;200;;;;;;;;;;;
2657;70359;9SI-3-T94-081-ZO-01;;;;;200;;;;;;;;;;;
2658;70360;9SI-3-T94-081-RT-30;;;;;200;;;;;;;;;;;
2659;70361;9SI-3-T94-080-RT-02;;;;;1000;;;;;;;;;;;
2660;70362;9SI-3-T94-065-RT-01;;;;;200;;;;;;;;;;;
2661;70448;9SI-3-T94-042-RT-26;;;;;200;;;;;;;;;;;
2662;70449;9SI-3-T94-041-RT-71;;;;;200;;;;;;;;;;;
2663;70450;9SI-3-T94-041-RT-68;;;;;500;;;;;;;;;;;
2664;70451;9SI-3-T92-071-RT-55;;;;;500;;;;;;;;;;;
2665;70452;LDKC_9SI-3-T95-176-RT-01;;;;;200;;;;;;;;;;;
2666;70363;9SI-3-T92-049-ZO-02;;;;;200;;;;;;;;;;;
2667;70364;LDKC_9SI-3-T92-026-RT-06;;;;;200;;;;;;;;;;;
2668;70365;9SI-3-T92-014-RT-57;;;;;200;;;;;;;;;;;
2669;70366;9SI-3-T92-044-RT-52;;;;;500;;;;;;;;;;;
2670;70367;9SI-3-T92-025-RT-82;;;;;200;;;;;;;;;;;
2671;70453;9SI-3-T94-019-ZO-25;;;;;200;;;;;;;;;;;
2672;70454;9SI-3-T93-014-ZO-25;;;;;200;;;;;;;;;;;
2673;70455;9SI-3-T93-007-RT-29;;;;;1000;;;;;;;;;;;
2674;70395;9SI-3-T92-060-RT-61;;;;;200;;;;;;;;;;;
2675;70396;9SI-3-T93-048-RT-82;;;;;200;;;;;;;;;;;
2676;70397;9SI-3-T93-008-RT-11;;;;;200;;;;;;;;;;;
2677;70398;9SI-3-T92-060-RT-51;;;;;200;;;;;;;;;;;
2678;70399;9SI-3-T92-036-ZO-25;;;;;200;;;;;;;;;;;
2679;70400;9SI-3-T92-049-RT-77;;;;;500;;;;;;;;;;;
2680;70401;9SI-3-T92-023-ZO-56;;;;;200;;;;;;;;;;;
2681;70402;9SI-3-T95-277-RT-30;;;;;200;;;;;;;;;;;
2682;70403;9SI-3-T92-049-RT-63;;;;;500;;;;;;;;;;;
2683;70404;9SI-3-T92-025-RT-80;;;;;500;;;;;;;;;;;
2684;70412;2Z3-3-T56-S01-RT-01;;;;;200;;;;;;;;;;;
2685;70956;2Z2-3-T40-S00-SI-01;;;;;5000;;;;;;;;;;;
2686;71041;9SI-3-T77-146-RT-55;;;;;200;;;;;;;;;;;
2687;70957;2Z2-3-T15-S00-SI-01;;;;;5000;;;;;;;;;;;
2688;70958;9SI-3-T92-050-ZO-07;;;;;200;;;;;;;;;;;
2689;70960;NOOS_9SI-3-T93-001-RT-08;;;;;500;;;;;;;;;;;
2690;70961;9SI-3-T92-050-RT-46;;;;;200;;;;;;;;;;;
2691;71044;9SI-3-T77-083-ZO-54;;;;;200;;;;;;;;;;;
2692;70419;2Z1-3-T79-S01-RT-01;;;;;200;;;;;;;;;;;
2693;70963;9SI-3-T93-057-RT-26;;;;;1000;;;;;;;;;;;
2694;70964;LDKC_9SI-3-T78-124-RT-03;;;;;200;;;;;;;;;;;
2695;80946;2Z1-3-T90-S00-SI-01;;;;;5000;;;;;;;;;;;
2696;81994;LDKC_9SI-3-T92-025-RT-62;;;;;200;;;;;;;;;;;
2697;81995;9SI-3-T92-012-RT-75;;;;;500;;;;;;;;;;;
2698;81904;9SI-3-T93-008-RT-30;;;;;200;;;;;;;;;;;
2699;81905;9SI-3-T93-006-ZO-26;;;;;200;;;;;;;;;;;
2700;81906;9SI-3-T92-051-RT-51;;;;;500;;;;;;;;;;;
2701;81907;9SI-3-T93-059-ZO-34;;;;;200;;;;;;;;;;;
2702;81736;9SI-3-T94-080-RT-26;;;;;200;;;;;;;;;;;
2703;81819;9SI-3-T93-064-RT-38;;;;;200;;;;;;;;;;;
2704;81820;9SI-3-T93-064-RT-32;;;;;200;;;;;;;;;;;
2705;81821;9SI-3-T93-064-ZO-33;;;;;200;;;;;;;;;;;
2706;81822;NOOS_9SI-3-T92-060-RT-56;;;;;500;;;;;;;;;;;
2707;81823;9SI-3-T93-048-RT-54;;;;;500;;;;;;;;;;;
2708;81908;9SI-3-T93-059-RT-34;;;;;200;;;;;;;;;;;
2709;81909;9SI-3-T93-001-RT-51;;;;;200;;;;;;;;;;;
2710;81910;9SI-3-T93-055-RT-14;;;;;200;;;;;;;;;;;
2711;81911;9SI-3-T93-048-RT-87;;;;;200;;;;;;;;;;;
2712;81912;9SI-3-T93-055-RT-13;;;;;200;;;;;;;;;;;
2713;81653;9SI-3-T95-585-RT-55;;;;;200;;;;;;;;;;;
2714;81654;9SI-3-T95-127-ZO-04;;;;;200;;;;;;;;;;;
2715;81737;9SI-3-T93-066-RT-183;;;;;200;;;;;;;;;;;
2716;81738;9SI-3-T93-064-RT-03;;;;;200;;;;;;;;;;;
2717;81739;9SI-3-T93-066-ZO-28;;;;;200;;;;;;;;;;;
2718;81740;9SI-3-T93-066-RT-179;;;;;200;;;;;;;;;;;
2719;81741;9SI-3-T94-033-RT-05;;;;;1000;;;;;;;;;;;
2720;81824;9SI-3-T94-028-ZO-28;;;;;200;;;;;;;;;;;
2721;81825;9SI-3-T94-022-RT-54;;;;;200;;;;;;;;;;;
2722;81826;9SI-3-T94-003-RT-59;;;;;200;;;;;;;;;;;
2723;81827;9SI-3-T93-048-RT-49;;;;;200;;;;;;;;;;;
2724;81828;9SI-3-T93-055-ZO-13;;;;;200;;;;;;;;;;;
2725;81913;9SI-3-T93-045-RT-02;;;;;1000;;;;;;;;;;;
2726;80967;9SI-3-T93-071-RT-32;;;;;200;;;;;;;;;;;
2727;81655;9SI-3-T94-081-RT-29;;;;;200;;;;;;;;;;;
2728;81656;9SI-3-T94-080-ZO-08;;;;;200;;;;;;;;;;;
2729;81657;9SI-3-T94-080-ZO-09;;;;;200;;;;;;;;;;;
2730;81658;9SI-3-T94-065-ZO-53;;;;;200;;;;;;;;;;;
2731;81659;9SI-3-T94-058-RT-25;;;;;200;;;;;;;;;;;
2732;81742;9SI-3-T94-033-RT-26;;;;;200;;;;;;;;;;;
2733;81743;NUME_9SI-3-T94-028-RT-07;;;;;500;;;;;;;;;;;
2734;81744;9SI-3-T94-028-ZO-33;;;;;200;;;;;;;;;;;
2735;81745;9SI-3-T94-028-ZO-31;;;;;200;;;;;;;;;;;
2736;80714;9SI-3-T92-049-RT-61;;;;;500;;;;;;;;;;;
2737;80800;9SI-3-T92-049-RT-79;;;;;200;;;;;;;;;;;
2738;80801;9SI-3-T92-014-RT-53;;;;;500;;;;;;;;;;;
2739;80802;9SI-3-T91-136-ZO-50;;;;;200;;;;;;;;;;;
2740;80803;9SI-3-T92-040-RT-58;;;;;500;;;;;;;;;;;
2741;80881;LDKC_9SI-3-T92-023-RT-55;;;;;200;;;;;;;;;;;
2742;80882;LDKC_9SI-3-T92-023-RT-76;;;;;200;;;;;;;;;;;
2743;80883;9SI-3-T92-023-ZO-64;;;;;200;;;;;;;;;;;
2744;80884;9SI-3-T94-071-RT-25;;;;;200;;;;;;;;;;;
2745;80885;9SI-3-T93-072-RT-31;;;;;200;;;;;;;;;;;
2746;80969;9SI-3-T77-083-ZO-27;;;;;200;;;;;;;;;;;
2747;80971;9SI-3-T91-589-RT-50;;;;;200;;;;;;;;;;;
2748;80973;LDKC_9SI-3-T95-018-RT-11;;;;;200;;;;;;;;;;;
2749;80974;9SI-3-T93-078-RT-52;;;;;200;;;;;;;;;;;
2750;81060;9SI-3-T93-078-RT-28;;;;;200;;;;;;;;;;;
2751;81148;9SI-3-T78-311-RT-05;;;;;200;;;;;;;;;;;
2752;81660;9SI-3-T94-042-ZO-06;;;;;200;;;;;;;;;;;
2753;81661;SMAK_9SI-3-T94-021-RT-61;;;;;200;;;;;;;;;;;
2754;81662;9SI-3-T94-041-ZO-03;;;;;200;;;;;;;;;;;
2755;81834;2Z2-3-T04-S00-SI-01;;;;;5000;;;;;;;;;;;
2756;80630;9SI-3-T93-055-RT-29;;;;;200;;;;;;;;;;;
2757;80631;9SI-3-T93-048-RT-44;;;;;200;;;;;;;;;;;
2758;80632;9SI-3-T93-008-ZO-02;;;;;200;;;;;;;;;;;
2759;80633;9SI-3-T93-008-RT-40;;;;;500;;;;;;;;;;;
2760;80634;LEV3_9SI-3-T92-049-RT-06;;;;;200;;;;;;;;;;;
2761;80715;9SI-3-T95-476-RT-02;;;;;200;;;;;;;;;;;
2762;80716;9SI-3-T92-049-RT-51;;;;;500;;;;;;;;;;;
2763;80717;9SI-3-T95-424-RT-01;;;;;200;;;;;;;;;;;
2764;80718;LDKC_9SI-3-T92-026-RT-08;;;;;200;;;;;;;;;;;
2765;80719;9SI-3-T93-063-RT-38;;;;;200;;;;;;;;;;;
2766;80804;9SI-3-T92-040-RT-39;;;;;200;;;;;;;;;;;
2767;80805;9SI-3-T93-048-RT-90;;;;;200;;;;;;;;;;;
2768;80806;9SI-3-T93-008-RT-39;;;;;200;;;;;;;;;;;
2769;80807;9SI-3-T92-049-RT-68;;;;;500;;;;;;;;;;;
2770;80808;9SI-3-T92-014-RT-59;;;;;200;;;;;;;;;;;
2771;80886;9SI-3-T92-071-RT-51;;;;;500;;;;;;;;;;;
2772;80887;9SI-3-T92-071-RT-56;;;;;500;;;;;;;;;;;
2773;80888;9SI-3-T95-218-RT-52;;;;;200;;;;;;;;;;;
2774;80889;9SI-3-T93-013-RT-26;;;;;1000;;;;;;;;;;;
2775;80890;9SI-3-T93-013-ZO-27;;;;;200;;;;;;;;;;;
2776;80975;9SI-3-T93-007-ZO-25;;;;;200;;;;;;;;;;;
2777;80976;9SI-3-T92-022-RT-57;;;;;200;;;;;;;;;;;
2778;80977;9SI-3-T95-018-RT-55;;;;;200;;;;;;;;;;;
2779;81062;9SI-3-T93-073-RT-25;;;;;200;;;;;;;;;;;
2780;80635;9SI-3-T93-027-RT-54;;;;;200;;;;;;;;;;;
2781;80636;9SI-3-T93-055-RT-02;;;;;1000;;;;;;;;;;;
2782;80637;9SI-3-T93-010-RT-52;;;;;200;;;;;;;;;;;
2783;80638;9SI-3-T93-053-RT-50;;;;;200;;;;;;;;;;;
2784;80639;9SI-3-T93-001-RT-26;;;;;500;;;;;;;;;;;
2785;80720;9SI-3-T92-075-RT-51;;;;;500;;;;;;;;;;;
2786;80721;9SI-3-T93-061-ZO-25;;;;;200;;;;;;;;;;;
2787;80722;9SI-3-T93-008-RT-51;;;;;200;;;;;;;;;;;
2788;80723;9SI-3-T93-061-ZO-26;;;;;200;;;;;;;;;;;
2789;80809;LEV3_9SI-3-T94-037-RT-03;;;;;1000;;;;;;;;;;;
2790;81336;LEV3_9SI-3-T94-017-RT-01;;;;;1000;;;;;;;;;;;
2791;81337;9SI-3-T94-017-RT-29;;;;;200;;;;;;;;;;;
2792;81338;9SI-3-T94-016-RT-55;;;;;200;;;;;;;;;;;
2793;81851;9SI-3-T92-050-ZO-02;;;;;200;;;;;;;;;;;
2794;81937;LDKC_9SI-3-T92-023-RT-56;;;;;200;;;;;;;;;;;
2795;81938;9SI-3-T93-005-RT-50;;;;;200;;;;;;;;;;;
2796;81939;SITR_9SI-3-T92-076-RT-51;;;;;500;;;;;;;;;;;
2797;81940;9SI-3-T94-052-RT-25;;;;;200;;;;;;;;;;;
2798;81941;9SI-3-T92-076-ZO-50;;;;;200;;;;;;;;;;;
2799;80902;9SI-3-T93-066-RT-30;;;;;200;;;;;;;;;;;
2800;80989;9SI-3-T93-066-ZO-05;;;;;200;;;;;;;;;;;
2801;80990;9SI-3-T95-268-RT-30;;;;;200;;;;;;;;;;;
2802;80991;9SI-3-T92-012-RT-26;;;;;200;;;;;;;;;;;
2803;81339;9SI-3-T94-015-ZO-25;;;;;200;;;;;;;;;;;
2804;81340;9SI-3-T94-011-ZO-28;;;;;200;;;;;;;;;;;
2805;81767;9SI-3-T93-008-RT-37;;;;;200;;;;;;;;;;;
2806;81852;9SI-3-T92-050-RT-17;;;;;200;;;;;;;;;;;
2807;81853;LDKC_9SI-3-T92-023-RT-74;;;;;200;;;;;;;;;;;
2808;81854;9SI-3-T77-258-RT-63;;;;;200;;;;;;;;;;;
2809;81855;9SI-3-T92-040-ZO-06;;;;;200;;;;;;;;;;;
2810;81856;9SI-3-T92-007-RT-59;;;;;200;;;;;;;;;;;
2811;81942;9SI-3-T92-004-ZO-03;;;;;200;;;;;;;;;;;
2812;81943;9SI-3-T92-004-RT-51;;;;;500;;;;;;;;;;;
2813;81944;9SI-3-T92-002-RT-72;;;;;200;;;;;;;;;;;
2814;81945;SITR_9SI-3-T92-064-RT-55;;;;;500;;;;;;;;;;;
2815;81946;9SI-3-T94-019-RT-30;;;;;200;;;;;;;;;;;
2816;80822;9SI-3-T94-011-ZO-29;;;;;200;;;;;;;;;;;
2817;80823;9SI-3-T94-011-RT-45;;;;;200;;;;;;;;;;;
2818;80824;LDKC-9SI-3-T93-070-RT-09;;;;;200;;;;;;;;;;;
2819;80903;9SI-3-T93-066-ZO-30;;;;;200;;;;;;;;;;;
2820;80904;9SI-3-T93-066-ZO-36;;;;;200;;;;;;;;;;;
2821;80905;9SI-3-T93-066-RT-170;;;;;200;;;;;;;;;;;
2822;80906;9SI-3-T93-066-ZO-51;;;;;200;;;;;;;;;;;
2823;80992;LDKC_9SI-3-T92-012-RT-63;;;;;200;;;;;;;;;;;
2824;80993;9SI-3-T92-044-RT-28;;;;;200;;;;;;;;;;;
2825;81348;9SI-3-T94-043-ZO-05;;;;;200;;;;;;;;;;;
2826;81349;9SI-3-T94-043-RT-54;;;;;200;;;;;;;;;;;
2827;81350;LEV3_9SI-3-T94-043-RT-03;;;;;1000;;;;;;;;;;;
2828;81432;9SI-3-T94-028-RT-29;;;;;200;;;;;;;;;;;
2829;81433;9SI-3-T94-021-RT-64;;;;;200;;;;;;;;;;;
2830;81434;9SI-3-T93-048-RT-33;;;;;200;;;;;;;;;;;
2831;81435;9SI-3-T93-001-RT-33;;;;;200;;;;;;;;;;;
2832;81436;9SI-3-T93-001-ZO-05;;;;;200;;;;;;;;;;;
2833;81520;0I21_9SI-3-T93-001-RT-04;;;;;200;;;;;;;;;;;
2834;81521;9SI-3-T93-027-RT-55;;;;;200;;;;;;;;;;;
2835;81522;9SI-3-T93-001-RT-60;;;;;200;;;;;;;;;;;
2836;81606;9SI-3-T94-081-RT-26;;;;;200;;;;;;;;;;;
2837;81684;9SI-3-T94-041-ZO-02;;;;;200;;;;;;;;;;;
2838;81770;9SI-3-T93-006-ZO-01;;;;;200;;;;;;;;;;;
2839;81771;9SI-3-T92-050-RT-08;;;;;500;;;;;;;;;;;
2840;81772;9SI-3-T93-008-RT-14;;;;;200;;;;;;;;;;;
2841;81773;9SI-3-T92-036-RT-07;;;;;500;;;;;;;;;;;
2842;81774;9SI-3-T92-023-RT-14;;;;;200;;;;;;;;;;;
2843;81857;9SI-3-T93-057-ZO-26;;;;;200;;;;;;;;;;;
2844;81858;LEV3_9SI-3-T92-073-RT-28;;;;;1000;;;;;;;;;;;
2845;81859;LDKC_9SI-3-T92-072-RT-53;;;;;500;;;;;;;;;;;
2846;81860;9SI-3-T93-031-RT-57;;;;;500;;;;;;;;;;;
2847;80825;9SI-3-T93-066-RT-168;;;;;200;;;;;;;;;;;
2848;81351;9SI-3-T94-042-RT-29;;;;;200;;;;;;;;;;;
2849;81352;9SI-3-T94-041-RT-69;;;;;200;;;;;;;;;;;
2850;81523;9SI-3-T93-010-ZO-03;;;;;200;;;;;;;;;;;
2851;81524;9SI-3-T93-010-RT-26;;;;;1000;;;;;;;;;;;
2852;81607;9SI-3-T93-063-RT-52;;;;;500;;;;;;;;;;;
2853;81608;9SI-3-T93-010-RT-54;;;;;500;;;;;;;;;;;
2854;81609;9SI-3-T93-010-RT-05;;;;;1000;;;;;;;;;;;
2855;81610;9SI-3-T93-063-RT-33;;;;;200;;;;;;;;;;;
2856;81611;9SI-3-T93-051-RT-58;;;;;200;;;;;;;;;;;
2857;81687;LDKC_9SI-3-T93-066-RT-30;;;;;200;;;;;;;;;;;
2858;81688;LDKC_9SI-3-T93-059-RT-20;;;;;200;;;;;;;;;;;
2859;81689;9SI-3-T93-051-RT-54;;;;;200;;;;;;;;;;;
2860;81690;9SI-3-T92-062-RT-51;;;;;200;;;;;;;;;;;
2861;81691;9SI-3-T93-008-RT-15;;;;;200;;;;;;;;;;;
2862;81775;9SI-3-T95-277-RT-28;;;;;200;;;;;;;;;;;
2863;81776;LDKC_9SI-3-T92-026-RT-17;;;;;200;;;;;;;;;;;
2864;81692;9SI-3-T92-060-RT-62;;;;;200;;;;;;;;;;;
2865;81693;LDKC_9SI-3-T93-059-RT-18;;;;;200;;;;;;;;;;;
2866;80663;9SI-3-T77-146-RT-51;;;;;200;;;;;;;;;;;
2867;80664;9SI-3-T92-002-RT-75;;;;;200;;;;;;;;;;;
2868;80665;9SI-3-T78-646-RT-54;;;;;200;;;;;;;;;;;
2869;80752;9SI-3-T94-073-RT-64;;;;;200;;;;;;;;;;;
2870;80753;9SI-3-T93-005-ZO-31;;;;;200;;;;;;;;;;;
2871;81536;LEV3_9SI-3-T94-017-RT-05;;;;;1000;;;;;;;;;;;
2872;81537;9SI-3-T94-017-ZO-05;;;;;200;;;;;;;;;;;
2873;80668;9SI-3-T92-047-ZO-51;;;;;200;;;;;;;;;;;
2874;80669;LDKC_9SI-3-T95-063-RT-02;;;;;200;;;;;;;;;;;
2875;80670;LDKC_9SI-3-T92-035-RT-51;;;;;200;;;;;;;;;;;
2876;80671;9SI-3-T92-033-RT-50;;;;;200;;;;;;;;;;;
2877;80672;9SI-3-T94-077-RT-53;;;;;200;;;;;;;;;;;
2878;81538;9SI-3-T94-011-RT-30;;;;;200;;;;;;;;;;;
2879;81539;9SI-3-T94-011-ZO-27;;;;;200;;;;;;;;;;;
2880;81623;NOOS_9SI-3-T94-003-RT-02;;;;;500;;;;;;;;;;;
2881;81624;LDKC_9SI-3-T93-066-RT-27;;;;;200;;;;;;;;;;;
2882;81625;9SI-3-T93-066-RT-51;;;;;200;;;;;;;;;;;
2883;81626;LDKC_9SI-3-T92-044-RT-54;;;;;200;;;;;;;;;;;
2884;81627;LEV3_9SI-3-T95-257-RT-01;;;;;1000;;;;;;;;;;;
2885;81704;9SI-3-T92-040-RT-26;;;;;200;;;;;;;;;;;
2886;81705;9SI-3-T92-024-RT-69;;;;;200;;;;;;;;;;;
2887;81706;9SI-3-T92-024-RT-67;;;;;200;;;;;;;;;;;
2888;80519;LDKC_9SI-3-T92-048-RT-51;;;;;200;;;;;;;;;;;
2889;80520;LDKC_9SI-3-T92-035-RT-03;;;;;200;;;;;;;;;;;
2890;80521;9SI-3-T93-013-ZO-26;;;;;200;;;;;;;;;;;
2891;80522;9SI-3-T94-079-RT-50;;;;;200;;;;;;;;;;;
2892;80523;9SI-3-T93-005-ZO-29;;;;;200;;;;;;;;;;;
2893;79986;LDKC_9SI-3-T92-024-RT-50;;;;;200;;;;;;;;;;;
2894;79987;LDKC_9SI-3-T92-024-RT-58;;;;;200;;;;;;;;;;;
2895;79988;LDKC_9SI-3-T92-023-RT-63;;;;;200;;;;;;;;;;;
2896;79989;9SI-3-T92-050-RT-27;;;;;200;;;;;;;;;;;
2897;80074;9SI-3-T92-036-RT-04;;;;;200;;;;;;;;;;;
2898;80075;9SI-3-T94-067-RT-51;;;;;200;;;;;;;;;;;
2899;80076;9SI-3-T92-007-RT-63;;;;;200;;;;;;;;;;;
2900;80166;9SI-3-T93-048-RT-17;;;;;200;;;;;;;;;;;
2901;80252;9SI-3-T92-023-RT-15;;;;;200;;;;;;;;;;;
2902;80253;9SI-3-T92-007-RT-58;;;;;200;;;;;;;;;;;
2903;80254;9SI-3-T92-073-ZO-26;;;;;200;;;;;;;;;;;
2904;80340;9SI-3-T92-002-RT-64;;;;;200;;;;;;;;;;;
2905;80341;9SI-3-T92-002-RT-62;;;;;200;;;;;;;;;;;
2906;80342;9SI-3-T94-037-RT-61;;;;;200;;;;;;;;;;;
2907;80343;LEV3_9SI-3-T92-064-RT-30;;;;;1000;;;;;;;;;;;
2908;80431;9SI-3-T93-030-RT-54;;;;;200;;;;;;;;;;;
2909;80432;9SI-3-T92-064-ZO-56;;;;;200;;;;;;;;;;;
2910;80433;9SI-3-T93-030-RT-51;;;;;200;;;;;;;;;;;
2911;80434;9SI-3-T94-034-RT-50;;;;;200;;;;;;;;;;;
2912;80435;9SI-3-T93-014-RT-29;;;;;200;;;;;;;;;;;
2913;79731;NUME_9SI-3-T94-065-RT-51;;;;;500;;;;;;;;;;;
2914;79819;9SI-3-T94-022-RT-56;;;;;200;;;;;;;;;;;
2915;79902;9SI-3-T94-081-RT-27;;;;;200;;;;;;;;;;;
2916;79903;9SI-3-T94-081-ZO-03;;;;;200;;;;;;;;;;;
2917;79904;9SI-3-T92-040-RT-55;;;;;500;;;;;;;;;;;
2918;79905;LDKC_9SI-3-T93-066-RT-03;;;;;200;;;;;;;;;;;
2919;79906;9SI-3-T93-064-RT-10;;;;;200;;;;;;;;;;;
2920;79990;9SI-3-T95-612-RT-50;;;;;200;;;;;;;;;;;
2921;79991;NOOS_9SI-3-T93-001-RT-02;;;;;500;;;;;;;;;;;
2922;79992;9SI-3-T93-048-RT-25;;;;;200;;;;;;;;;;;
2923;79993;9SI-3-T93-055-RT-39;;;;;200;;;;;;;;;;;
2924;79994;9SI-3-T93-027-RT-53;;;;;200;;;;;;;;;;;
2925;80080;9SI-3-T93-063-RT-28;;;;;200;;;;;;;;;;;
2926;80081;9SI-3-T93-010-ZO-26;;;;;200;;;;;;;;;;;
2927;80082;9SI-3-T93-010-ZO-28;;;;;200;;;;;;;;;;;
2928;80083;LDKC_9SI-3-T93-059-RT-03;;;;;200;;;;;;;;;;;
2929;80084;9SI-3-T93-008-ZO-28;;;;;200;;;;;;;;;;;
2930;80167;9SI-3-T95-476-ZO-02;;;;;200;;;;;;;;;;;
2931;80168;LDKC_9SI-3-T95-427-RT-01;;;;;200;;;;;;;;;;;
2932;80169;9SI-3-T92-023-RT-96;;;;;500;;;;;;;;;;;
2933;80170;LEV3_9SI-3-T95-306-RT-06;;;;;1000;;;;;;;;;;;
2934;80255;9SI-3-T92-004-ZO-01;;;;;200;;;;;;;;;;;
2935;80256;9SI-3-T93-046-RT-32;;;;;200;;;;;;;;;;;
2936;80344;NUME_9SI-3-T94-034-RT-63;;;;;500;;;;;;;;;;;
2937;79648;NUME_9SI-3-T94-069-RT-02;;;;;500;;;;;;;;;;;
2938;79732;NUME_9SI-3-T94-042-RT-04;;;;;500;;;;;;;;;;;
2939;79733;SMAK_9SI-3-T94-021-RT-54;;;;;200;;;;;;;;;;;
2940;79734;9SI-3-T94-041-RT-62;;;;;200;;;;;;;;;;;
2941;79735;9SI-3-T94-028-ZO-29;;;;;200;;;;;;;;;;;
2942;79820;9SI-3-T94-018-RT-52;;;;;200;;;;;;;;;;;
2943;79821;9SI-3-T93-066-RT-103;;;;;200;;;;;;;;;;;
2944;79822;LDKC_9SI-3-T93-066-RT-10;;;;;200;;;;;;;;;;;
2945;79907;9SI-3-T92-051-RT-53;;;;;500;;;;;;;;;;;
2946;79908;9SI-3-T93-048-ZO-33;;;;;200;;;;;;;;;;;
2947;79909;9SI-3-T93-048-RT-04;;;;;200;;;;;;;;;;;
2948;79995;9SI-3-T93-001-ZO-02;;;;;200;;;;;;;;;;;
2949;79216;9SI-3-T78-586-ZO-01;;;;;200;;;;;;;;;;;
2950;79402;9SI-3-T94-016-RT-51;;;;;200;;;;;;;;;;;
2951;79659;9SI-3-T92-040-RT-70;;;;;500;;;;;;;;;;;
2952;79403;9SI-3-T94-003-RT-50;;;;;200;;;;;;;;;;;
2953;79404;9SI-3-T93-070-RT-25;;;;;200;;;;;;;;;;;
2954;79486;9SI-3-T93-070-RT-44;;;;;200;;;;;;;;;;;
2955;79487;9SI-3-T92-049-ZO-05;;;;;200;;;;;;;;;;;
2956;79488;LDKC_9SI-3-T92-026-RT-15;;;;;200;;;;;;;;;;;
2957;79489;LDKC_9SI-3-T92-026-RT-13;;;;;200;;;;;;;;;;;
2958;79490;LDKC_9SI-3-T95-288-RT-03;;;;;200;;;;;;;;;;;
2959;79573;9SI-3-T95-268-RT-33;;;;;200;;;;;;;;;;;
2960;79574;LDKC_9SI-3-T95-257-RT-02;;;;;200;;;;;;;;;;;
2961;79575;9SI-3-T92-012-RT-51;;;;;200;;;;;;;;;;;
2962;79576;9SI-3-T92-050-RT-61;;;;;200;;;;;;;;;;;
2963;79577;9SI-3-T92-050-RT-75;;;;;200;;;;;;;;;;;
2964;79660;9SI-3-T91-377-RT-51;;;;;200;;;;;;;;;;;
2965;78376;NUME_9SI-3-T94-016-RT-50;;;;;500;;;;;;;;;;;
2966;78377;9SI-3-T94-011-ZO-31;;;;;200;;;;;;;;;;;
2967;78378;9SI-3-T93-066-RT-174;;;;;200;;;;;;;;;;;
2968;78465;9SI-3-T92-050-RT-88;;;;;200;;;;;;;;;;;
2969;78466;9SI-3-T91-377-RT-58;;;;;200;;;;;;;;;;;
2970;79014;9SI-3-T92-012-RT-77;;;;;500;;;;;;;;;;;
2971;79015;LEV3_9SI-3-T92-040-RT-01;;;;;200;;;;;;;;;;;
2972;77864;2Z1-3-T83-S00-SI-01;;;;;5000;;;;;;;;;;;
2973;77952;2Z3-3-T70-S01-RT-01;;;;;200;;;;;;;;;;;
2974;77865;2Z2-3-T98-S00-SI-01;;;;;5000;;;;;;;;;;;
2975;34703;9SI-3-T94-016-RT-58;;;;;200;;;;;;;;;;;
2976;79154;9SI-3-T94-081-RT-37;;;;;200;;;;;;;;;;;
2977;79155;9SI-3-T94-022-ZO-08;;;;;200;;;;;;;;;;;
2978;79156;LDKC_9SI-3-T93-066-RT-04b;;;;;200;;;;;;;;;;;
2979;79157;9SI-3-T93-048-RT-60;;;;;200;;;;;;;;;;;
2980;79158;9SI-3-T93-048-ZO-29;;;;;200;;;;;;;;;;;
2981;79064;9SI-3-T94-068-RT-51;;;;;200;;;;;;;;;;;
2982;79065;NUME_9SI-3-T94-065-RT-52;;;;;500;;;;;;;;;;;
2983;79066;9SI-3-T94-065-ZO-50;;;;;200;;;;;;;;;;;
2984;79159;9SI-3-T93-055-RT-38;;;;;200;;;;;;;;;;;
2985;79067;9SI-3-T94-033-RT-06;;;;;1000;;;;;;;;;;;
2986;79068;9SI-3-T94-022-ZO-09;;;;;200;;;;;;;;;;;
2987;77820;9SI-3-T77-258-RT-54;;;;;200;;;;;;;;;;;
2988;77821;9SI-3-T93-072-ZO-26;;;;;200;;;;;;;;;;;
2989;77822;9SI-3-T92-007-RT-25;;;;;200;;;;;;;;;;;
2990;77823;9SI-3-T94-054-RT-52;;;;;200;;;;;;;;;;;
2991;77914;9SI-3-T92-075-ZO-03;;;;;200;;;;;;;;;;;
2992;77915;9SI-3-T93-048-RT-32;;;;;200;;;;;;;;;;;
2993;77916;9SI-3-T92-064-ZO-57;;;;;200;;;;;;;;;;;
2994;78003;9SI-3-T94-034-RT-52;;;;;200;;;;;;;;;;;
2995;78004;9SI-3-T93-007-RT-30;;;;;1000;;;;;;;;;;;
2996;78005;9SI-3-T95-063-RT-31;;;;;200;;;;;;;;;;;
2997;78006;9SI-3-T93-007-RT-50;;;;;200;;;;;;;;;;;
2998;78092;9SI-3-T93-007-ZO-32;;;;;200;;;;;;;;;;;
2999;78093;9SI-3-T93-007-RT-51;;;;;200;;;;;;;;;;;
3000;78094;9SI-3-T77-468-ZO-50;;;;;200;;;;;;;;;;;
3001;78095;LEV3_9SI-3-T77-083-RT-51;;;;;500;;;;;;;;;;;
3002;78179;LDKC_9SI-3-T75-116-RT-50;;;;;200;;;;;;;;;;;
3003;77825;9SI-3-T92-050-RT-38;;;;;200;;;;;;;;;;;
3004;77826;9SI-3-T93-063-RT-29;;;;;200;;;;;;;;;;;
3005;77827;9SI-3-T93-063-RT-41;;;;;200;;;;;;;;;;;
3006;77828;LEV3_9SI-3-T93-051-RT-01;;;;;1000;;;;;;;;;;;
3007;77829;9SI-3-T93-051-ZO-27;;;;;200;;;;;;;;;;;
3008;77917;9SI-3-T93-030-RT-53;;;;;200;;;;;;;;;;;
3009;77918;LEV3_9SI-3-T92-064-RT-27;;;;;1000;;;;;;;;;;;
3010;78007;LDKC_9SI-3-T95-018-RT-07;;;;;200;;;;;;;;;;;
3011;78097;2Z1-3-T80-S00-SI-01;;;;;5000;;;;;;;;;;;
3012;78463;LDKC_9SI-3-T92-025-RT-53;;;;;200;;;;;;;;;;;
3013;78464;9SI-3-T92-025-RT-74;;;;;200;;;;;;;;;;;
3014;76429;9SI-3-T93-048-ZO-27;;;;;200;;;;;;;;;;;
3015;76430;9SI-3-T92-050-ZO-28;;;;;200;;;;;;;;;;;
3016;76431;9SI-3-T93-008-ZO-03;;;;;200;;;;;;;;;;;
3017;76432;9SI-3-T78-646-RT-55;;;;;200;;;;;;;;;;;
3018;76520;LDKC_9SI-3-T94-069-RT-01;;;;;500;;;;;;;;;;;
3019;76613;9SI-3-T93-064-RT-25;;;;;200;;;;;;;;;;;
3020;76706;9SI-3-T94-071-ZO-26;;;;;200;;;;;;;;;;;
3021;76799;NUME_9SI-3-T94-034-RT-60;;;;;500;;;;;;;;;;;
3022;77001;2Z3-3-T57-S00-SI-01;;;;;5000;;;;;;;;;;;
3023;77670;9SI-3-T94-003-RT-25;;;;;200;;;;;;;;;;;
3024;77671;9SI-3-T94-003-RT-82;;;;;200;;;;;;;;;;;
3025;77672;9SI-3-T92-012-RT-31;;;;;200;;;;;;;;;;;
3026;77301;2Z2-3-T69-S00-SI-01;;;;;5000;;;;;;;;;;;
3027;77117;2Z3-3-T58-S00-SI-01;;;;;5000;;;;;;;;;;;
3028;77210;2Z2-3-T58-S00-SI-01;;;;;5000;;;;;;;;;;;
3029;77213;2Z2-3-T88-S00-SI-01;;;;;5000;;;;;;;;;;;
3030;77322;9SI-3-T93-070-ZO-38;;;;;200;;;;;;;;;;;
3031;77141;2Z1-3-T99-S01-RT-05;;;;;200;;;;;;;;;;;
3032;76673;2Z2-3-T18-S00-SI-01;;;;;5000;;;;;;;;;;;
3033;77145;2Z1-3-T70-S00-SI-01;;;;;5000;;;;;;;;;;;
3034;77425;2Z2-3-T58-S02-RT-01;;;;;200;;;;;;;;;;;
3035;77426;2Z3-3-T55-S01-RT-01;;;;;200;;;;;;;;;;;
3036;77427;2Z2-3-T14-S01-RT-02;;;;;200;;;;;;;;;;;
3037;77519;2Z2-3-T20-S00-SI-01;;;;;5000;;;;;;;;;;;
3038;76492;9SI-3-T95-268-RT-25;;;;;200;;;;;;;;;;;
3039;77347;PACC_9SI-3-T95-127_Av.Beguines1+Av. Genottes;;;;;200;;;;;;;;;;;
3040;76609;NUME_9SI-3-T94-068-RT-06;;;;;500;;;;;;;;;;;
3041;76610;SMAK_9SI-3-T94-021-RT-56;;;;;200;;;;;;;;;;;
3042;76612;NUME_9SI-3-T94-028-RT-18;;;;;500;;;;;;;;;;;
3043;76702;9SI-3-T93-064-RT-06;;;;;200;;;;;;;;;;;
3044;76703;9SI-3-T92-036-RT-58;;;;;200;;;;;;;;;;;
3045;76704;9SI-3-T92-049-ZO-04;;;;;200;;;;;;;;;;;
3046;76705;9SI-3-T92-049-RT-71;;;;;500;;;;;;;;;;;
3047;76795;9SI-3-T93-005-ZO-25;;;;;200;;;;;;;;;;;
3048;76796;9SI-3-T94-044-RT-51;;;;;200;;;;;;;;;;;
3049;76797;9SI-3-T94-037-RT-53;;;;;200;;;;;;;;;;;
3050;76798;9SI-3-T94-037-ZO-04;;;;;200;;;;;;;;;;;
3051;76888;9SI-3-T92-047-RT-50;;;;;200;;;;;;;;;;;
3052;76889;9SI-3-T93-079-RT-30;;;;;200;;;;;;;;;;;
3053;91521;IRSA-3-T019-S001-PGC-01;;;;;200;;;;;;;;;;;
3054;82042;9SI-3-T92-025-RT-76;;;;;200;;;;;;;;;;;
3055;82044;9SI-3-T92-050-RT-66;;;;;500;;;;;;;;;;;
3056;82045;9SI-3-T92-040-RT-50;;;;;200;;;;;;;;;;;
3057;82160;IRSA-3-T020-S001-PGC-01;;;;;200;;;;;;;;;;;
3058;48070;9SI-3-T95-424-SI-01;;;;;-999;;;;;;;;;;;
3059;48075;9SI-3-T92-026-SI-01;;;;;-999;;;;;;;;;;;
3060;48084;9SI-3-T92-050-SI-25;;;;;-999;;;;;;;;;;;
3061;48091;9SI-3-T94-077-SI-50;;;;;-999;;;;;;;;;;;
3062;48139;9SI-3-T92-019-SI-50;;;;;-999;;;;;;;;;;;
3063;48144;9SI-3-T93-073-SI-25;;;;;-999;;;;;;;;;;;
3064;48149;9SI-3-T78-311-SI-01;;;;;-999;;;;;;;;;;;
3065;48204;9SI-3-T93-048-SI-50;;;;;-999;;;;;;;;;;;
3066;48262;9SI-3-T94-004-SI-50;;;;;-999;;;;;;;;;;;
3067;318082;IRSA-3-T096-S001-PGC-01;;;;;200;;;;;;;;;;;
3068;318084;IRSA-3-T102-S001-PGC-01;;;;;200;;;;;;;;;;;
3069;318085;IRSA-3-T107-S001-PGC-01;;;;;200;;;;;;;;;;;
3070;318086;IRSA-3-T109-S001-PGC-01;;;;;200;;;;;;;;;;;
3071;318096;IRSA-3-T088-S003-PGC-01;;;;;200;;;;;;;;;;;
3072;318095;IRSA-3-T088-S001-PGC-01;;;;;200;;;;;;;;;;;
3073;47651;9SI-3-T75-015-SI-50;;;;;-999;;;;;;;;;;;
3074;48085;9SI-3-T92-033-SI-50;;;;;-999;;;;;;;;;;;
3075;48093;9SI-3-T92-063-RT-52;;;;;-999;;;;;;;;;;;
3076;47802;9SI-3-T92-063-RT-30;;;;;-999;;;;;;;;;;;
3077;48207;9SI-3-T92-050-SI-52;;;;;-999;;;;;;;;;;;
3078;48267;9SI-3-T92-051-SI-01;;;;;-999;;;;;;;;;;;
3079;47461;9SI-3-T93-051-SI-01;;;;;-999;;;;;;;;;;;
3080;48008;9SI-3-T93-039-SI-50;;;;;-999;;;;;;;;;;;
3081;48080;9SI-3-T93-030-SI-25;;;;;-999;;;;;;;;;;;
3082;48147;9SI-3-T92-076-SI-51;;;;;-999;;;;;;;;;;;
3083;47874;9SI-3-T93-007-SI-25;;;;;-999;;;;;;;;;;;
3084;318402;IRSA-3-T097-S002-PGC-01;;;;;200;;;;;;;;;;;
3085;318405;IRSA-3-T103-S002-PGC-01;;;;;200;;;;;;;;;;;
3086;318406;IRSA-3-T103-S003-PGC-01;;;;;200;;;;;;;;;;;
3087;318407;IRSA-3-T108-S001-PGC-01;;;;;200;;;;;;;;;;;
3088;47888;9SI-3-T93-014-SI-25;;;;;-999;;;;;;;;;;;
3089;48077;9SI-3-T93-031-SI-25;;;;;-999;;;;;;;;;;;
3090;47340;9SI-3-T93-072-SI-26;;;;;-999;;;;;;;;;;;
3091;47401;9SI-3-T94-067-SI-50;;;;;-999;;;;;;;;;;;
3092;47533;9SI-3-T94-076-RT-64;;;;;-999;;;;;;;;;;;
3093;47886;9SI-3-T94-003-SI-50;;;;;-999;;;;;;;;;;;
3094;47944;9SI-3-T94-076-ZO-53;;;;;-999;;;;;;;;;;;
3095;47951;9SI-3-T93-066-SI-50;;;;;-999;;;;;;;;;;;
3096;48000;9SI-3-T94-042-SI-50;;;;;-999;;;;;;;;;;;
3097;48198;9SI-3-T94-044-SI-50;;;;;-999;;;;;;;;;;;
3098;48258;9SI-3-T94-069-SI-25;;;;;-999;;;;;;;;;;;
3099;47424;9SI-3-T95-268-SI-25;;;;;-999;;;;;;;;;;;
3100;47529;9SI-3-T94-076-ZO-09;;;;;-999;;;;;;;;;;;
3101;47597;9SI-3-T94-017-SI-01;;;;;-999;;;;;;;;;;;
3102;47648;9SI-3-T95-268-SI-50;;;;;-999;;;;;;;;;;;
3103;47857;9SI-3-T94-038-RT-65;;;;;-999;;;;;;;;;;;
3104;47943;9SI-3-T94-046-ZO-25;;;;;-999;;;;;;;;;;;
3105;47596;9SI-3-T93-061-SI-01;;;;;-999;;;;;;;;;;;
3106;47355;9SI-3-T93-063-SI-50;;;;;-999;;;;;;;;;;;
3107;47413;9SI-3-T94-081-SI-50;;;;;-999;;;;;;;;;;;
3108;47417;9SI-3-T94-073-SI-50;;;;;-999;;;;;;;;;;;
3109;47421;9SI-3-T94-079-SI-50;;;;;-999;;;;;;;;;;;
3110;47467;9SI-3-T94-041-SI-01;;;;;-999;;;;;;;;;;;
3111;47592;9SI-3-T77-121-SI-50;;;;;-999;;;;;;;;;;;
3112;47598;9SI-3-T92-046-SI-50;;;;;-999;;;;;;;;;;;
3113;47659;9SI-3-T92-002-SI-50;;;;;-999;;;;;;;;;;;
3114;47803;9SI-3-T92-063-RT-28;;;;;-999;;;;;;;;;;;
3115;47869;9SI-3-T94-076-RT-53;;;;;-999;;;;;;;;;;;
3116;47875;9SI-3-T92-073-SI-50;;;;;-999;;;;;;;;;;;
3117;47887;9SI-3-T92-046-SI-01;;;;;-999;;;;;;;;;;;
3118;47928;9SI-3-T94-076-RT-58;;;;;-999;;;;;;;;;;;
3119;47946;9SI-3-T94-046-RT-01;;;;;-999;;;;;;;;;;;
3120;47949;9SI-3-T94-076-ZO-51;;;;;-999;;;;;;;;;;;
3121;47960;9SI-3-T92-012-SI-52;;;;;-999;;;;;;;;;;;
3122;48009;9SI-3-T92-078-SI-50;;;;;-999;;;;;;;;;;;
3123;48066;9SI-3-T92-044-SI-50;;;;;-999;;;;;;;;;;;
3124;48079;9SI-3-T94-043-SI-25;;;;;-999;;;;;;;;;;;
3125;48138;9SI-3-T92-007-SI-50;;;;;-999;;;;;;;;;;;
3126;48202;9SI-3-T92-024-SI-25;;;;;-999;;;;;;;;;;;
3127;48263;9SI-3-T93-013-SI-50;;;;;-999;;;;;;;;;;;
3128;318083;IRSA-3-T100-S001-PGC-01;;;;;200;;;;;;;;;;;
3129;318089;IRSA-3-T117-S001-PGC-01;;;;;200;;;;;;;;;;;
3130;318403;IRSA-3-T097-S001-PGC-01;;;;;200;;;;;;;;;;;
3131;318087;IRSA-3-T110-S001-PGC-01;;;;;200;;;;;;;;;;;
3132;47351;9SI-3-T93-066-SI-25;;;;;-999;;;;;;;;;;;
3133;47342;9SI-3-T94-054-SI-01;;;;;-999;;;;;;;;;;;
3134;47399;9SI-3-T92-012-SI-50;;;;;-999;;;;;;;;;;;
3135;318081;IRSA-3-T095-S001-PGC-01;;;;;200;;;;;;;;;;;
3136;318088;IRSA-3-T116-S001-PGC-01;;;;;200;;;;;;;;;;;
3137;318097;IRSA-3-T088-S005-PGC-01;;;;;200;;;;;;;;;;;
3138;318404;IRSA-3-T103-S001-PGC-01;;;;;200;;;;;;;;;;;
3139;47345;9SI-3-T92-020-SI-50;;;;;-999;;;;;;;;;;;
3140;47353;9SI-3-T94-015-SI-50;;;;;-999;;;;;;;;;;;
3141;47397;9SI-3-T93-048-SI-25;;;;;-999;;;;;;;;;;;
3142;47403;9SI-3-T77-083-SI-50;;;;;-999;;;;;;;;;;;
3143;47408;9SI-3-T93-008-SI-01;;;;;-999;;;;;;;;;;;
3144;47412;9SI-3-T94-054-SI-50;;;;;-999;;;;;;;;;;;
3145;47422;9SI-3-T94-002-SI-50;;;;;-999;;;;;;;;;;;
3146;47466;9SI-3-T94-041-SI-50;;;;;-999;;;;;;;;;;;
3147;47530;9SI-3-T94-076-RT-54;;;;;-999;;;;;;;;;;;
3148;47591;9SI-3-T75-016-SI-50;;;;;-999;;;;;;;;;;;
3149;47808;NUME_9SI-3-T94-038-RT-55;;;;;-999;;;;;;;;;;;
3150;47860;NUME_9SI-3-T94-038-RT-52;;;;;-999;;;;;;;;;;;
3151;47865;9SI-3-T94-046-ZO-26;;;;;-999;;;;;;;;;;;
3152;47870;9SI-3-T94-076-RT-52;;;;;-999;;;;;;;;;;;
3153;47931;LEV3_9SI-3-T94-076-RT-01;;;;;-999;;;;;;;;;;;
3154;47936;9SI-3-T94-076-RT-29;;;;;-999;;;;;;;;;;;
3155;47941;9SI-3-T94-076-RT-26;;;;;-999;;;;;;;;;;;
3156;47954;9SI-3-T94-018-SI-50;;;;;-999;;;;;;;;;;;
3157;47959;9SI-3-T92-023-SI-50;;;;;-999;;;;;;;;;;;
3158;48005;9SI-3-T92-050-SI-51;;;;;-999;;;;;;;;;;;
3159;48010;9SI-3-T93-064-SI-50;;;;;-999;;;;;;;;;;;
3160;48015;9SI-3-T92-004-SI-01;;;;;-999;;;;;;;;;;;
3161;48064;9SI-3-T94-076-RT-67;;;;;-999;;;;;;;;;;;
3162;319045;IRSA-3-T088-S001-PGC-01;;;;;200;;;;;;;;;;;
3163;319047;IRSA-3-T088-S005-PGC-01;;;;;200;;;;;;;;;;;
3164;316812;IRSA-3-T112-S001-PGC-01;;;;;200;;;;;;;;;;;
3165;319046;IRSA-3-T088-S003-PGC-01;;;;;200;;;;;;;;;;;
3166;321601;IRSA-3-T113-S001-PGC-01;;;;;200;;;;;;;;;;;
3167;321602;IRSA-3-T113-S001-PGC-01;;;;;200;;;;;;;;;;;
3168;321603;IRSA-3-T115-S001-PGC-01;;;;;200;;;;;;;;;;;
3169;320322;IRSA-3-T111-S001-PGC-01;;;;;200;;;;;;;;;;;
3170;47856;NUME_9SI-3-T94-038-RT-50;;;;;-999;;;;;;;;;;;
3171;320323;IRSA-3-T101-S001-PGC-01;;;;;200;;;;;;;;;;;
3172;91522;IRSA-3-T019-S002-PGC-01;;;;;200;;;;;;;;;;;
3173;328019;IRSA-3-T106-S001-PGC-01;;;;;200;;;;;;;;;;;
3174;320321;IRSA-3-T118-S001-PGC-01;;;;;200;;;;;;;;;;;
3175;314565;IRSA-3-T093-S001-PGC-01;;;;;200;;;;;;;;;;;
3176;448608;NUME_9SI-3-T94-028-RT-09;;;;;500;;;;;;;;;;;
3177;448961;9SI-3-T94-028-SI-01;;;;;-999;;;;;;;;;;;
3178;448604;9SI-3-T94-028-SI-25;;;;;-999;;;;;;;;;;;
3179;396161;IRSA-3-T135-S001-PGC-01;;;;;200;;;;;;;;;;;
3180;396166;IRSA-3-T126-S001-PGC-01;;;;;200;;;;;;;;;;;
3181;319693;IRSA-3-T092-S001-PGC-01;;;;;200;;;;;;;;;;;
3182;33447;9SI-3-T94-081-RT-54;;;;;500;;;;;;;;;;;
3183;33472;2Z2-3-T25-S00-SI-01;;;;;5000;;;;;;;;;;;
3184;33400;2Z3-3-T27-S00-SI-01;;;;;5000;;;;;;;;;;;
3185;33496;2Z2-3-T07-S01-RT-01;;;;;200;;;;;;;;;;;
3186;33358;9SI-3-T94-081-RT-25;;;;;200;;;;;;;;;;;
3187;36109;9SI-3-T93-079-RT-29;;;;;200;;;;;;;;;;;
3188;34170;LDKC_9SI-3-T93-066-RT-04a;;;;;200;;;;;;;;;;;
3189;33521;2Z1-3-T03-S01-RT-01;;;;;200;;;;;;;;;;;
3190;33656;9SI-3-T95-127-ZO-02;;;;;200;;;;;;;;;;;
3191;39924;2Z1-3-T50-S01-RT-02;;;;;200;;;;;;;;;;;
3192;34726;9SI-3-T94-015-ZO-09;;;;;200;;;;;;;;;;;
3193;35538;LDKC_9SI-3-T78-586-RT-12;;;;;200;;;;;;;;;;;
3194;51838;2Z1-3-T01-S00-SI-01;;;;;5000;;;;;;;;;;;
3195;46072;2Z1-3-T95-S01-RT-01;;;;;200;;;;;;;;;;;
3196;52220;2Z2-3-T17-S00-SI-01;;;;;5000;;;;;;;;;;;
3197;722243;IRSA-3-T160-S001-PGC-01;;;;;200;;;;;;;;;;;
3198;51451;2Z1-3-T76-S03-RT-01;;;;;200;;;;;;;;;;;
3199;51547;2Z2-3-T66-S02-RT-01;;;;;200;;;;;;;;;;;
3200;51643;2Z1-3-T46-S01-RT-01;;;;;200;;;;;;;;;;;
3201;45896;2Z2-3-T84-S01-RT-01;;;;;200;;;;;;;;;;;
3202;50941;2Z1-3-T79-S03-RT-01;;;;;200;;;;;;;;;;;
3203;46541;2Z2-3-T97-S02-RT-01;;;;;200;;;;;;;;;;;
3204;46632;2Z2-3-T29-S01-RT-01;;;;;200;;;;;;;;;;;
3205;51360;2Z1-3-T20-S01-RT-01;;;;;200;;;;;;;;;;;
3206;51637;2Z3-3-T11-S01-RT-01;;;;;200;;;;;;;;;;;
3207;511053;IRSA-3-T154-S001-PGC-01;;;;;200;;;;;;;;;;;
3208;511054;IRSA-3-T154-S002-PGC-01;;;;;200;;;;;;;;;;;
3209;511055;IRSA-3-T138-S001-PGC-01;;;;;200;;;;;;;;;;;
3210;511056;IRSA-3-T141-S001-PGC-01;;;;;200;;;;;;;;;;;
3211;511365;IRSA-3-T142-S001-PGC-01;;;;;200;;;;;;;;;;;
3212;511366;IRSA-3-T142-S002-PGC-01;;;;;200;;;;;;;;;;;
3213;43158;2Z1-3-T74-S04-RT-01;;;;;200;;;;;;;;;;;
3214;42903;2Z1-3-T58-S01-RT-01;;;;;200;;;;;;;;;;;
3215;70878;9SI-3-T94-028-ZO-25;;;;;200;;;;;;;;;;;
3216;79818;9SI-3-T94-022-ZO-51;;;;;200;;;;;;;;;;;
3217;77348;9SI-3-T94-081-RT-83;;;;;200;;;;;;;;;;;
3218;82457;2Z2-3-T78-S00-SI-01;;;;;5000;;;;;;;;;;;
3219;81061;9SI-3-T93-007-RT-31;;;;;1000;;;;;;;;;;;
3220;79007;IRSA-3-T060-S001-PGC-01;;;;;200;;;;;;;;;;;
3221;81768;9SI-3-T92-051-RT-56;;;;;200;;;;;;;;;;;
3222;77192;2Z2-3-T87-S00-SI-01;;;;;5000;;;;;;;;;;;
3223;81686;9SI-3-T93-066-RT-01;;;;;1000;;;;;;;;;;;
3224;77869;2Z1-3-T68-S03-RT-01;;;;;200;;;;;;;;;;;
3225;77783;2Z2-3-T68-S01-RT-02;;;;;200;;;;;;;;;;;
3226;79153;LEV3_9SI-3-T95-127-RT-02;;;;;1000;;;;;;;;;;;
3227;81707;9SI-3-T91-377-RT-57;;;;;200;;;;;;;;;;;
3228;52781;2Z2-3-T56-S04-RT-01;;;;;200;;;;;;;;;;;
3229;53067;2Z2-3-T98-S01-RT-01;;;;;200;;;;;;;;;;;
3230;61444;2Z2-3-T89-S01-RT-01;;;;;200;;;;;;;;;;;
3231;53820;2Z1-3-T66-S00-SI-01;;;;;5000;;;;;;;;;;;
3232;53257;2Z1-3-T30-S00-SI-01;;;;;5000;;;;;;;;;;;
3233;62062;2Z2-3-T56-S05-RT-01;;;;;200;;;;;;;;;;;
3234;52309;2Z3-3-T75-S01-RT-01;;;;;200;;;;;;;;;;;
3235;60664;9SI-3-T94-068-ZO-01;;;;;200;;;;;;;;;;;
3236;69863;9SI-3-T94-080-RT-04;;;;;200;;;;;;;;;;;
3237;57156;2Z2-3-T24-S00-SI-01;;;;;5000;;;;;;;;;;;
3238;53073;2Z1-3-T35-S01-RT-01;;;;;200;;;;;;;;;;;
3239;60573;2Z2-3-T79-S00-SI-01;;;;;5000;;;;;;;;;;;
3240;70214;9SI-3-T92-050-RT-13;;;;;200;;;;;;;;;;;
3241;52823;2Z2-3-T89-S00-SI-01;;;;;5000;;;;;;;;;;;
3242;52919;2Z1-3-T14-S00-SI-01;;;;;5000;;;;;;;;;;;
3243;62025;9SI-3-T93-027-RT-59;;;;;200;;;;;;;;;;;
3244;60667;9SI-3-T93-066-RT-160;;;;;200;;;;;;;;;;;
3245;70308;9SI-3-T92-050-RT-05;;;;;200;;;;;;;;;;;
3246;69866;9SI-3-T94-033-ZO-06;;;;;200;;;;;;;;;;;
3247;63197;NUME_9SI-3-T94-028-RT-14;;;;;500;;;;;;;;;;;
3248;70218;9SI-3-T93-001-RT-55;;;;;200;;;;;;;;;;;
3249;70311;9SI-3-T92-075-ZO-01;;;;;200;;;;;;;;;;;
3250;53717;2Z1-3-T15-S00-SI-01;;;;;5000;;;;;;;;;;;
3251;62672;9SI-3-T92-023-RT-86;;;;;500;;;;;;;;;;;
3252;53901;2Z1-3-T99-S01-RT-04;;;;;200;;;;;;;;;;;
3253;53990;2Z1-3-T99-S00-SI-01;;;;;5000;;;;;;;;;;;
3254;53020;2Z2-3-T13-S00-SI-01;;;;;5000;;;;;;;;;;;
3255;52892;2Z1-3-T63-S01-RT-01;;;;;200;;;;;;;;;;;
3256;52987;2Z2-3-T02-S00-SI-01;;;;;5000;;;;;;;;;;;
3257;54089;2Z1-3-T68-S01-RT-01;;;;;200;;;;;;;;;;;
3258;61619;2Z2-3-T98-S01-RT-01;;;;;200;;;;;;;;;;;
3259;53532;2Z1-3-T67-S01-RT-01;;;;;200;;;;;;;;;;;
3260;53812;2Z1-3-T63-S03-RT-01;;;;;200;;;;;;;;;;;
3261;53983;2Z1-3-T83-S01-RT-01;;;;;200;;;;;;;;;;;
3262;53633;2Z1-3-T30-S01-RT-01;;;;;200;;;;;;;;;;;
3263;53567;2Z3-3-T38-S00-SI-01;;;;;5000;;;;;;;;;;;
3264;64527;2Z1-3-T76-S00-SI-01;;;;;5000;;;;;;;;;;;
3265;69288;LDKC_9SI-3-T93-066-RT-17;;;;;200;;;;;;;;;;;
3266;53913;2Z1-3-T61-S01-RT-01;;;;;200;;;;;;;;;;;
3267;53895;2Z1-3-T84-S01-RT-01;;;;;200;;;;;;;;;;;
3268;52399;2Z3-3-T75-S01-RT-03;;;;;200;;;;;;;;;;;
3269;52495;2Z3-3-T04-S00-SI-01;;;;;5000;;;;;;;;;;;
3270;52590;2Z3-3-T41-S01-RT-01;;;;;200;;;;;;;;;;;
3271;52685;2Z3-3-T09-S03-RT-01;;;;;200;;;;;;;;;;;
3272;316811;IRSA-3-T099-S001-PGC-01;;;;;200;;;;;;;;;;;
3273;68337;9SI-3-T93-066-RT-158;;;;;200;;;;;;;;;;;
3274;67834;2Z2-3-T77-S00-SI-01;;;;;5000;;;;;;;;;;;
3275;67148;2Z2-3-T92-S01-RT-01;;;;;200;;;;;;;;;;;
3276;73581;LEV3_9SI-3-T77-083-RT-50;;;;;500;;;;;;;;;;;
3277;73240;2Z2-3-T18-S01-RT-01;;;;;200;;;;;;;;;;;
3278;73065;9SI-3-T92-044-RT-29;;;;;200;;;;;;;;;;;
3279;65837;9SI-3-T92-023-ZO-53;;;;;200;;;;;;;;;;;
3280;74250;2Z1-3-T74-S00-SI-01;;;;;5000;;;;;;;;;;;
3281;69150;9SI-3-T93-071-RT-31;;;;;200;;;;;;;;;;;
3282;69789;2Z1-3-T38-S01-RT-01;;;;;200;;;;;;;;;;;
3283;65848;2Z1-3-T80-S03-RT-01;;;;;200;;;;;;;;;;;
3284;75054;2Z1-3-T45-S00-SI-01;;;;;5000;;;;;;;;;;;
3285;69158;LDKC_9SI-3-T75-116-RT-59;;;;;200;;;;;;;;;;;
3286;64876;2Z1-3-T61-S03-RT-01;;;;;200;;;;;;;;;;;
3287;73725;9SI-3-T93-070-ZO-32;;;;;200;;;;;;;;;;;
3288;64696;2Z1-3-T16-S01-RT-01;;;;;200;;;;;;;;;;;
3289;75058;2Z1-3-T56-S00-SI-01;;;;;5000;;;;;;;;;;;
3290;75898;LDKC_9SI-3-T92-040-RT-54;;;;;200;;;;;;;;;;;
3291;66604;9SI-3-T93-055-ZO-32;;;;;200;;;;;;;;;;;
3292;66691;9SI-3-T92-060-RT-67;;;;;200;;;;;;;;;;;
3293;64837;9SI-3-T93-001-ZO-08;;;;;200;;;;;;;;;;;
3294;75369;PACC_9SI3T95127_Av. de l'Embellie1;;;;;200;;;;;;;;;;;
3295;73485;LDKC_9SI-3-T93-066-RT-39;;;;;200;;;;;;;;;;;
3296;532161;IRSA-3-T135-S001-PGC-01;;;;;200;;;;;;;;;;;
3297;28623;IRSA-3-T082-S002-PGC-01;;;;;200;;;;;;;;;;;
3298;547521;IRSA-3-T150-S001-PGC-01;;;;;200;;;;;;;;;;;
3299;530883;IRSA-3-T132-S001-PGC-01;;;;;200;;;;;;;;;;;
3300;631370;IRSA-3-T155-S001-PGC-01;;;;;200;;;;;;;;;;;
3301;631371;IRSA-3-T153-S001-PGC-01;;;;;200;;;;;;;;;;;
3302;631682;IRSA-3-T114-S001-PGC-01;;;;;200;;;;;;;;;;;
3303;547522;IRSA-3-T151-S001-PGC-01;;;;;200;;;;;;;;;;;
3304;551687;IRSA-3-T152-S001-PGC-01;;;;;200;;;;;;;;;;;
3305;532483;IRSA-3-T130-S002-PGC-01;;;;;200;;;;;;;;;;;
3306;532484;IRSA-3-T130-S001-PGC-01;;;;;200;;;;;;;;;;;
3307;532801;IRSA-3-T144-S001-PGC-01;;;;;200;;;;;;;;;;;
3308;533476;IRSA-3-T146-S001-PGC-01;;;;;200;;;;;;;;;;;
3309;539208;IRSA-3-T147-S001-PGC-01;;;;;200;;;;;;;;;;;
3310;531521;IRSA-3-T134-S001-PGC-01;;;;;200;;;;;;;;;;;
3311;539207;IRSA-3-T149-S001-PGC-01;;;;;200;;;;;;;;;;;
3312;529613;IRSA-3-T133-S001-PGC-01;;;;;200;;;;;;;;;;;
3313;529615;IRSA-3-T129-S001-PGC-01;;;;;200;;;;;;;;;;;
3314;530881;IRSA-3-T131-S001-PGC-01;;;;;200;;;;;;;;;;;
3315;530882;IRSA-3-T140-S001-PGC-01;;;;;200;;;;;;;;;;;
3316;790082;IRSA-3-T094-S001-PGC-01;;;;;200;;;;;;;;;;;
3317;790083;IRSA-3-T136-S001-PGC-01;;;;;200;;;;;;;;;;;
3318;773455;IRSA-3-T158-S001-PGC-01;;;;;200;;;;;;;;;;;
