cb_code;cb_codeext;cb_etiquet;cb_nd1;cb_nd2;cb_r1_code;cb_r2_code;cb_r3_code;cb_r4_code;cb_prop;cb_gest;cb_user;cb_proptyp;cb_statut;cb_etat;cb_dateins;cb_datemes;cb_avct;cb_tech;cb_typephy;cb_typelog;cb_rf_code;cb_capafo;cb_fo_disp;cb_fo_util;cb_modulo;cb_diam;cb_color;cb_lgreel;cb_localis;cb_comment;cb_creadat;cb_majdate;cb_majsrc;cb_abddate;cb_abdsrc
4605287;TERRITOIRE;IRS - 144FO - AV DE LA REPUBLIQUE / IRS -11 BOULEVARD DE REPUBLIQUE;;;SFR_COLL;DSP_MAJ_IRISE;;;OR21;OR1;OR21;CST;MCO;OK;26/06/2004;26/06/2004;C;OPT;C;LH;RF22;144;144;0;12;;4;229,9156;;;26/06/2004;;;;
7560882;TERRITOIRE;IRS - 144 FO - N-1 VILLENEUVE LE ROI (HAUT) / FT 113 - 3 RUE DE LA MAIRIE (VILLENEUVE LE ROI);;;SFR_COLL;DSP_MAJ_IRISE;;;OR21;OR1;OR21;CST;MCO;OK;02/12/2013;02/12/2013;C;OPT;C;LH;RF22;144;136;8;12;;4;264,8721;;;02/12/2013;;;;
25134210;TERRITOIRE;IRS - 36 FO - IRS - FT 2569 - 27 RUE DES CHAMPS / IRS - FT 2213 - COULEE VERTE;;;SFR_COLL;DSP_MAJ_IRISE;;;OR21;OR1;OR21;CST;MCO;OK;06/08/2021;06/08/2021;C;OPT;C;TR;RF50;36;36;0;3;;4;1169,3959;;;06/08/2021;;;;
33364903;TERRITOIRE;IRS - 36 FO - RUE DE LA MOTTE - BPE 3  / FT 160 - 35 AVENUE EDOUARD VAILLANT;;;SFR_COLL;DSP_MAJ_IRISE;;;OR21;OR1;OR21;CST;MCO;OK;22/08/2022;22/08/2022;C;OPT;C;TR;RF50;36;36;0;3;;4;1135,5928;;;22/08/2022;;;;
5935891;HORS TERRITOIRE;IRS - 72 FO - 9 BD HELOISE D909 ENTREE SQUARE BAGUETTE BPE1-BPE2;;;SFR_COLL;DSP_MAJ_IRISE;;;OR21;OR1;OR21;CST;MCO;OK;20/03/2013;20/03/2013;C;OPT;C;TR;RF28;72;66;6;6;;4;11,6310;;;20/03/2013;;;;
15189494;TERRITOIRE;IRS - 12 FO - AVE BARBUSSE-CONVENTION/POP ECOLE LOUISSE MICHEL ( LA COURNEUVE)-AA;;;SFR_COLL;DSP_MAJ_IRISE;;;OR21;OR1;OR21;CST;MCO;OK;01/07/2019;01/07/2019;C;OPT;C;DI;RF27;12;8;4;2;;5;280,6816;;;01/07/2019;;;;
4609791;TERRITOIRE;IRS - VERDUN CLAVIZIS/COLONEL FABIEN BONNEUIL;;;SFR_COLL;DSP_MAJ_IRISE;;;OR21;OR1;OR21;CST;MCO;OK;29/07/2005;29/07/2005;C;OPT;C;TR;RF16;72;33;39;6;;4;373,9443;;;29/07/2005;;;;
9319761;TERRITOIRE;IRS - 12 FO - POP NOVEXX RUNGIS/RUE DES SOLETS-ANGLE RUE DES CEVENNES;;;SFR_COLL;DSP_MAJ_IRISE;;;OR21;OR1;OR21;CST;MCO;OK;15/09/2015;15/09/2015;C;OPT;C;DI;RF45;12;12;0;2;;4;97,8206;;;15/09/2015;;;;
4631507;TERRITOIRE;IRS - 24FO BI/POP MONASTERE (D24);;;SFR_COLL;DSP_MAJ_IRISE;;;OR21;OR1;OR21;CST;MCO;OK;24/07/2009;24/07/2009;C;OPT;C;DI;RF15;24;22;2;4;;4;35,3555;;;24/07/2009;;;;
4609657;TERRITOIRE;IRS - 24FO 1 - ANGLE TESSIER LUSSAC / PRC INEO 2 TESSIER;;;SFR_COLL;DSP_MAJ_IRISE;;;OR21;OR1;OR21;CST;MCO;OK;01/02/2011;01/02/2011;C;OPT;C;DI;RF15;24;22;2;4;;4;44,2721;;;01/02/2011;;;;
4630889;TERRITOIRE;IRS - 24FO - N-1 GS DAGUERRE/GS DAGUERRE;;;SFR_COLL;DSP_MAJ_IRISE;;;OR21;OR1;OR21;CST;MCO;OK;23/09/2009;23/09/2009;C;OPT;C;DI;RF15;24;20;4;4;;4;38,4484;;;23/09/2009;;;;
4610946;TERRITOIRE;IRS - 12FO - AV DU PRESIDENT WILSON/POP CNAM ST DENIS;;;SFR_COLL;DSP_MAJ_IRISE;;;OR21;OR1;OR21;CST;MCO;OK;19/07/2006;19/07/2006;C;OPT;C;DI;RF14;12;6;6;2;;4;100,1675;;;19/07/2006;;;;
4624008;TERRITOIRE;IRS - 72FO - RUE LGJMEAU/RUE ARCUEIL;;;SFR_COLL;DSP_MAJ_IRISE;;;OR21;OR1;OR21;CST;MCO;OK;18/05/2011;18/05/2011;C;OPT;C;TR;RF16;72;70;2;6;;4;299,4169;;;18/05/2011;;;;
34618022;TERRITOIRE;IRS - BAGUETTE 144 FO - 38 RUE DE FONTENAY BPE 1 / 38 RUE DE FONTENAY BPE 2;;;SFR_COLL;DSP_MAJ_IRISE;;;OR21;OR1;OR21;CST;MCO;OK;25/10/2022;25/10/2022;C;OPT;C;LH;RF22;144;144;0;12;;4;47,2634;;;25/10/2022;;;;
4607268;TERRITOIRE;IRS - 144FO - 54 AVENUE ANDRE MORIZET - BPE 1 / 38 RUE PAUL BERT - BPE 1;;;SFR_COLL;DSP_MAJ_IRISE;;;OR21;OR1;OR21;CST;MCO;OK;20/03/2007;20/03/2007;C;OPT;C;LH;RF22;144;105;39;12;;4;391,0383;;;20/03/2007;;;;
31730354;TERRITOIRE;IRS - 24 FO - CH SAT RUE GARE DE DUGNY / POP ARMOIRE DE RUE GARE DE DUGNY LA COURNEUVE - AA;;;SFR_COLL;DSP_MAJ_IRISE;;;OR21;OR1;OR21;CST;MCO;OK;24/05/2022;24/05/2022;C;OPT;C;DI;RF29;24;22;2;4;;5;4,5945;;;24/05/2022;;;;
4603874;TERRITOIRE;IRS - RN3-PASTEUR/ARTHUR GROUSSIER - TRACE?????;;;SFR_COLL;DSP_MAJ_IRISE;;;OR21;OR1;OR21;CST;MCO;OK;03/05/2004;03/05/2004;C;OPT;C;TR;RF16;72;23;49;6;;4;304,4617;;;03/05/2004;;;;
8565393;TERRITOIRE;IRS - 144 FO - AV GENERAL LECLERC (CHEVILLY LARUE)/BI 88 AV GENERAL DE GAULLE (CHEVILLY LARUE);;;SFR_COLL;DSP_MAJ_IRISE;;;OR21;OR1;OR21;CST;MCO;OK;09/09/2014;09/09/2014;C;OPT;C;LH;RF22;144;140;4;12;;4;100,4726;;;09/09/2014;;;;
16893522;TERRITOIRE;IRS - 12 FO - IRS - FT 1215 - 151 AVENUE DE PARIS /  PRC CH IRISE BOULEVARD MAXIME GORK  1201;;;SFR_COLL;DSP_MAJ_IRISE;;;OR21;OR1;OR21;CST;MCO;OK;24/12/2019;24/12/2019;C;OPT;C;DI;RF27;12;10;2;2;;5;146,1961;;;24/12/2019;;;;
4608006;TERRITOIRE;IRS - 72FO - SAINT JUST RFF/GUIGNOIS SAINT JUST IRISE;;;SFR_COLL;DSP_MAJ_IRISE;;;OR21;OR1;OR21;CST;MCO;OK;25/11/2004;25/11/2004;C;OPT;C;TR;RF75;72;43;29;6;;144;202,4274;;;25/11/2004;;;;
4636020;TERRITOIRE;IRS - 24FO - POP EDF NANTERRE / IRS-RUE DE STALINGRAD -AA;;;SFR_COLL;DSP_MAJ_IRISE;;;OR21;OR1;OR21;CST;MCO;OK;26/04/2010;26/04/2010;C;OPT;C;DI;RF24;24;22;2;2;;4;8,9630;;;26/04/2010;;;;
4639978;TERRITOIRE;IRS - 12 FO - BI 6 AVENUE HOCHE (THIAIS)/FTTS THIAIS HOCHE - AA;;;SFR_COLL;DSP_MAJ_IRISE;;;OR21;OR1;OR21;CST;MCO;OK;22/02/2012;22/02/2012;C;OPT;C;DI;RF38;12;8;4;1;;4;11,6619;;;22/02/2012;;;;
17392998;TERRITOIRE;IRS - 72 FO - FT 1323 - 103 RUE DE STALINGRAD / FT 1225 - 8 RUE DE LA RENARDIERE 1;;;SFR_COLL;DSP_MAJ_IRISE;;;OR21;OR1;OR21;CST;MCO;OK;13/02/2020;13/02/2020;C;OPT;C;TR;RF179;72;72;0;6;;4;841,3907;;;13/02/2020;;;;
4599472;TERRITOIRE;IRS - INTERSECTION CHALAIS/HAMEAU/RUE DE VERDUN;;;SFR_COLL;DSP_MAJ_IRISE;;;OR21;OR1;OR21;CST;MCO;OK;20/08/2002;20/08/2002;C;OPT;C;TR;RF12;48;24;24;6;;5;1808,3837;;;20/08/2002;;;;
7147282;HORS TERRITOIRE;IRS - 144FO - ALLEE DES COTEAUX - BPE1 / FT 2765 - RUE DE PONTOISE - BPE1;;;SFR_COLL;DSP_MAJ_IRISE;;;OR21;OR1;OR21;CST;MCO;OK;25/07/2013;25/07/2013;C;OPT;C;LH;RF22;144;140;4;12;;4;345,4184;;;25/07/2013;;;;
4614418;TERRITOIRE;IRS - 38 RUE HAUTES_PATURES/MGP RUE HAUTES_PATURES;;;SFR_COLL;DSP_MAJ_IRISE;;;OR21;OR1;OR21;CST;MCO;OK;31/07/2007;31/07/2007;C;OPT;C;DI;RF38;12;10;2;1;;4;26,5238;;;31/07/2007;;;;
4619189;TERRITOIRE;IRS - 24FO N-1 / POP CAP HORN;;;SFR_COLL;DSP_MAJ_IRISE;;;OR21;OR1;OR21;CST;MCO;OK;04/09/2009;04/09/2009;C;OPT;C;DI;RF15;24;19;5;4;;4;19,8298;;;04/09/2009;;;;
36651321;TERRITOIRE;IRS - 12FO - PAPIN - CURIE / POP CENTRE TECHNIQUE TERRITORIAL - AA;;;SFR_COLL;DSP_MAJ_IRISE;;;OR21;OR1;OR21;CST;MCO;OK;10/02/2023;10/02/2023;C;OPT;C;DI;RF27;12;10;2;2;;5;977,0130;;;10/02/2023;;;;
36352429;TERRITOIRE;IRS - 24 FO - FT 220 - ALLEE ROBILLARD / POP ECOLE ROBILLARD LES PAVILLONS SOUS BOIS - AA;;;SFR_COLL;DSP_MAJ_IRISE;;;OR21;OR1;OR21;CST;MCO;OK;26/01/2023;26/01/2023;C;OPT;C;DI;RF29;24;7;17;4;;5;40,9652;;;26/01/2023;;;;
4611520;TERRITOIRE;IRS - 53 AV DE VERDUN/4 RUE DE PARIS ROMAINVILLE;;;SFR_COLL;DSP_MAJ_IRISE;;;OR21;OR1;OR21;CST;MCO;OK;03/11/2006;03/11/2006;C;OPT;C;TR;RF16;72;51;21;6;;4;928,7499;;;03/11/2006;;;;
6775249;TERRITOIRE;IRS - 144FO - 5 RUE DE LA LEGION D HONNEUR / IRS RUE DE LA BOULANGERIE;;;SFR_COLL;DSP_MAJ_IRISE;;;OR21;OR1;OR21;CST;MCO;OK;21/06/2013;21/06/2013;C;OPT;C;LH;RF22;144;144;0;12;;4;194,3146;;;21/06/2013;;;;
4630016;TERRITOIRE;IRS - 24FO BI/POP COROLLE (D40);;;SFR_COLL;DSP_MAJ_IRISE;;;OR21;OR1;OR21;CST;MCO;OK;29/07/2009;29/07/2009;C;OPT;C;DI;RF15;24;22;2;4;;4;180,1221;;;29/07/2009;;;;
4607238;TERRITOIRE;IRS - 24FO 84 AV JEAN JAURES/POP CLUB 14-17 - AA;;;SFR_COLL;DSP_MAJ_IRISE;;;OR21;OR1;OR21;CST;MCO;OK;06/08/2008;06/08/2008;C;OPT;C;DI;RF15;24;20;4;4;;4;125,2492;;;06/08/2008;;;;
4607194;TERRITOIRE;IRS - 9 RUE DE PARIS/MAIRIE DE PIERREFITTE - AB;;;SFR_COLL;DSP_MAJ_IRISE;;;OR21;OR1;OR21;CST;MCO;OK;25/02/2005;25/02/2005;C;OPT;C;DI;RF14;12;10;2;2;;4;31,2969;;;25/02/2005;;;;
4636907;TERRITOIRE;IRS - 144FO - 39 AV DES GUILLERAIS/AV DES GUILLERAIS NANTERRE;;;SFR_COLL;DSP_MAJ_IRISE;;;OR21;OR1;OR21;CST;MCO;OK;05/05/2010;05/05/2010;C;OPT;C;LH;RF40;144;138;6;12;;4;276,9267;;;05/05/2010;;;;
4614664;TERRITOIRE;IRS - 72FO - IRS ANGLE CHOISSY/PASTEUR/IRS ALLENDE/CHOISY;;;SFR_COLL;DSP_MAJ_IRISE;;;OR21;OR1;OR21;CST;MCO;OK;27/09/2007;27/09/2007;C;OPT;C;TR;RF16;72;43;29;6;;4;246,4182;;;27/09/2007;;;;
4607753;TERRITOIRE;IRS - BD CHARLES DE GAULLE/PLACE DU GAL LECLERC;;;SFR_COLL;DSP_MAJ_IRISE;;;OR21;OR1;OR21;CST;MCO;OK;21/03/2005;21/03/2005;C;OPT;C;TR;RF19;48;42;6;4;;4;314,7207;;;21/03/2005;;;;
4603677;HORS TERRITOIRE;IRS - 72FO - PLACE MAGENTA/RUE GOUNOD (ST CLOUD);;;SFR_COLL;DSP_MAJ_IRISE;;;OR21;OR1;OR21;CST;MCO;OK;27/09/2004;27/09/2004;C;OPT;C;TR;RF16;72;19;53;6;;4;623,5802;;;27/09/2004;;;;
7764386;TERRITOIRE;IRS - 72FO - LD - POP PTC TD_BAGNEUX COQUARTS CGTEL/SARRAZINE/FRERES LUMIERE BPE2 - AA;;;SFR_COLL;DSP_MAJ_IRISE;;;OR21;OR1;OR21;CST;MCO;OK;29/01/2014;29/01/2014;C;OPT;C;TR;RF28;72;64;8;6;;4;148,9066;;;29/01/2014;;;;
4614882;TERRITOIRE;144 FO - IRISE - BAG 1 - ANGLE GARDINOUX-HUGO - BPE 1 / 23 RUE DES GARDINOUX - BPE 2;;;SFR_COLL;DSP_MAJ_IRISE;;;OR21;OR1;OR21;CST;MCO;OK;11/06/2007;11/06/2007;C;OPT;C;LH;RF40;144;93;51;12;;4;413,2412;;;11/06/2007;;;;
4633306;TERRITOIRE;IRS - 144FO TOURNELLES_3 (D44)/JARDINS_DISPAN (D12);;;SFR_COLL;DSP_MAJ_IRISE;;;OR21;OR1;OR21;CST;MCO;OK;20/07/2009;20/07/2009;C;OPT;C;LH;RF40;144;140;4;12;;4;321,4729;;;20/07/2009;;;;
30276902;TERRITOIRE;IRS - 36 FO - FT 881 - IRS - 36 ALLEE DATHENES / FT 99 - AV DU 14 JUILLET;;;SFR_COLL;DSP_MAJ_IRISE;;;OR21;OR1;OR21;CST;MCO;OK;21/03/2022;21/03/2022;C;OPT;C;TR;RF50;36;36;0;3;;4;536,9089;;;21/03/2022;;;;
4596648;TERRITOIRE;IRS - 72FO SOLETS_ARCUEIL/RUE DU VERSEAU;;;SFR_COLL;DSP_MAJ_IRISE;;;OR21;OR1;OR21;CST;MCO;OK;05/08/2008;05/08/2008;C;OPT;C;TR;RF16;72;68;4;6;;4;135,1101;;;05/08/2008;;;;
4595172;TERRITOIRE;IRS - 36FO - N-1 CAA CACHAN/CACHAN N??2 PT;;;SFR_COLL;DSP_MAJ_IRISE;;;OR21;OR1;OR21;CST;MCO;OK;25/11/2004;25/11/2004;C;OPT;C;TR;RF76;36;26;10;3;;145;15,6524;;;25/11/2004;;;;
4613095;HORS TERRITOIRE;IRS - 72FO - PK 101+030 LONGJUMEAU/GARE DE CHILLY MAZARIN;;;SFR_COLL;DSP_MAJ_IRISE;;;OR21;OR1;OR21;CST;MCO;OK;15/05/2006;15/05/2006;C;OPT;C;TR;RF18;72;29;43;6;;145;1127,8634;;;15/05/2006;;;;
14842916;TERRITOIRE;IRS - 144 FO - FT 1214 - 42 RUE JULES AUFFRET DRANCY / AV EDOUARD VAILLANT;;;SFR_COLL;DSP_MAJ_IRISE;;;OR21;OR1;OR21;CST;MCO;OK;20/05/2019;20/05/2019;C;OPT;C;LH;RF22;144;144;0;12;;4;1225,3865;;;20/05/2019;;;;
8781057;HORS TERRITOIRE;36FO - IRS - AVE DES BERTHUNES (SAINT OUEN L'AUMONE) / 15 RUE DES OZIERS (SAINT OUEN L'AUMONE);;;SFR_COLL;DSP_MAJ_IRISE;;;OR21;OR1;OR21;CST;MCO;OK;12/11/2014;12/11/2014;C;OPT;C;TR;RF50;36;34;2;3;;4;322,5797;;;12/11/2014;;;;
4638699;TERRITOIRE;IRS 48 FO  26 RUE TENINE /POP CRECHE SABLONIERE - AA;;;SFR_COLL;DSP_MAJ_IRISE;;;OR21;OR1;OR21;CST;MCO;OK;29/09/2011;29/09/2011;C;OPT;C;TR;RF19;48;46;2;4;;4;629,3121;;;29/09/2011;;;;
4633206;TERRITOIRE;IRS - 24FO BI/POP AREPA (D86);;;SFR_COLL;DSP_MAJ_IRISE;;;OR21;OR1;OR21;CST;MCO;OK;28/07/2009;28/07/2009;C;OPT;C;DI;RF15;24;20;4;4;;4;28,4643;;;28/07/2009;;;;
17810273;TERRITOIRE;IRS - 144 FO - IRISE 1594 - RUE DE LA COMMUNE  / IRS - FT 396 - RUE DCARPEAUX;;;SFR_COLL;DSP_MAJ_IRISE;;;OR21;OR1;OR21;CST;MCO;OK;23/03/2020;23/03/2020;C;OPT;C;LH;RF22;144;144;0;12;;4;1093,3482;;;23/03/2020;;;;
4603618;TERRITOIRE;IRS - FRUITIER/INNOVATIS - ODF A CONFIRMER;;;SFR_COLL;DSP_MAJ_IRISE;;;OR21;OR1;OR21;CST;MCO;OK;13/04/2005;13/04/2005;C;OPT;C;LH;RF40;144;127;17;12;;4;217,0390;;;13/04/2005;;;;
4600889;TERRITOIRE;IRS - CHAMBRE 21A PLACE DE BELGIQUE/AV FRANCOIS ARAGO (CHGMT DE COULEUR) (CA-FR-000421YZ-IRIS-144);;;SFR_COLL;DSP_MAJ_IRISE;;;OR21;OR1;OR21;CST;MCO;OK;30/01/2001;30/01/2001;C;OPT;C;LH;RF40;144;26;118;12;;4;1406,7618;;;30/01/2001;;;;
4622119;TERRITOIRE;IRS - 72FO - HALAGE LAFERIERE / LAFERIERE PLAISANCE;;;SFR_COLL;DSP_MAJ_IRISE;;;OR21;OR1;OR21;CST;MCO;OK;29/06/2011;29/06/2011;C;OPT;C;TR;RF16;72;70;2;6;;4;970,8316;;;29/06/2011;;;;
4609708;TERRITOIRE;IRS - 24FO - BD GALLIENI / PRC INEO 5 GALLIENI;;;SFR_COLL;DSP_MAJ_IRISE;;;OR21;OR1;OR21;CST;MCO;OK;01/02/2011;01/02/2011;C;OPT;C;DI;RF15;24;20;4;4;;4;27,0181;;;01/02/2011;;;;
4610078;TERRITOIRE;IRS - 72FO - 9 RUE DE PARIS/SENTIER DU BOIS DE RICHEBOURG PIERREFITTE;;;SFR_COLL;DSP_MAJ_IRISE;;;OR21;OR1;OR21;CST;MCO;OK;14/11/2006;14/11/2006;C;OPT;C;TR;RF16;72;62;10;6;;4;187,9221;;;14/11/2006;;;;
4608196;TERRITOIRE;IRS - PAPIN CURIE/AV MOLIERE;;;SFR_COLL;DSP_MAJ_IRISE;;;OR21;OR1;OR21;CST;MCO;OK;22/03/2005;22/03/2005;C;OPT;C;TR;RF19;48;44;4;4;;4;290,4815;;;22/03/2005;;;;
17201649;TERRITOIRE;IRS - 144 FO - FT 123 - 5 RUE JULLIEN  / FT 807 - 27 RUE LOUIS VICAT;;;SFR_COLL;DSP_MAJ_IRISE;;;OR21;OR1;OR21;CST;MCO;OK;28/01/2020;28/01/2020;C;OPT;C;LH;RF22;144;144;0;12;;4;795,0270;;;28/01/2020;;;;
4602848;TERRITOIRE;IRS - REAUMUR/PAPIN-GALILEE;;;SFR_COLL;DSP_MAJ_IRISE;;;OR21;OR1;OR21;CST;MCO;OK;04/05/2005;04/05/2005;C;OPT;C;DI;RF14;12;6;6;2;;4;446,5766;;;04/05/2005;;;;
4599732;TERRITOIRE;IRS - 48FO - 20 RUE THOMAS/PLACE LENINE;;;SFR_COLL;DSP_MAJ_IRISE;;;OR21;OR1;OR21;CST;MCO;OK;29/04/2005;29/04/2005;C;OPT;C;TR;RF19;48;46;2;4;;4;118,0049;;;29/04/2005;;;;
11115591;TERRITOIRE;IRS - 12FO - SILIC B/BI SILIC B RUNGIS - IRISE;;;SFR_COLL;DSP_MAJ_IRISE;;;OR21;OR1;OR21;CST;MCO;OK;21/11/2007;21/11/2007;C;OPT;C;DI;RF14;12;8;4;2;;4;62,6617;;;21/11/2007;;;;
4632374;TERRITOIRE;IRS - 48FO - AV F MAURIAC/RUE DEMENITROUX;;;SFR_COLL;DSP_MAJ_IRISE;;;OR21;OR1;OR21;CST;MCO;OK;16/09/2009;16/09/2009;C;OPT;C;TR;RF19;48;21;27;4;;4;525,3407;;;16/09/2009;;;;
4594598;TERRITOIRE;IRS - 72FO - RFF - RUE DU 11NOV/PK12430 - IRS A CONFIRMER;;;SFR_COLL;DSP_MAJ_IRISE;;;OR21;OR1;OR21;CST;MCO;OK;25/08/2004;25/08/2004;C;OPT;C;TR;RF23;72;31;41;6;;145;3727,5790;;;25/08/2004;;;;
16696081;TERRITOIRE;IRS - 12FO - RUE DE LA BIEVRE (BOURG LA REINE)/POP ECOLE NATIONALE DE MUSIQUE ET DANSE;;;SFR_COLL;DSP_MAJ_IRISE;;;OR21;OR1;OR21;CST;MCO;OK;05/12/2019;05/12/2019;C;OPT;C;DI;RF37;12;12;0;2;;5;543,9080;;;05/12/2019;;;;
4597524;TERRITOIRE;IRS - RUE DU CHEMIN VERT/QUAI DERVAUX;;;SFR_COLL;DSP_MAJ_IRISE;;;OR21;OR1;OR21;CST;MCO;OK;09/09/2002;09/09/2002;C;OPT;C;TR;RF16;72;18;54;6;;4;578,7624;;;09/09/2002;;;;
4611430;TERRITOIRE;IRS-BD THEOPHILE SUEUR/NOUVELLE FRANCE-THEOPHILE SUEUR MONTREUIL;;;SFR_COLL;DSP_MAJ_IRISE;;;OR21;OR1;OR21;CST;MCO;OK;20/07/2006;20/07/2006;C;OPT;C;TR;RF16;72;66;6;6;;4;400,0596;;;20/07/2006;;;;
4608717;TERRITOIRE;IRS - 36FO - N-1 POP FTSS PAVILLONS SOUS BOIS/RN3 - GARDE CHASSE;;;SFR_COLL;DSP_MAJ_IRISE;;;OR21;OR1;OR21;CST;MCO;OK;19/01/2012;19/01/2012;C;OPT;C;TR;RF42;36;32;4;6;;4;345,3931;;;19/01/2012;;;;
4605758;TERRITOIRE;IRS - 144FO - RUE D'ORLY/POP IRISE ESSEN RUNGIS - AA;;;SFR_COLL;DSP_MAJ_IRISE;;;OR21;OR1;OR21;CST;MCO;OK;01/01/2007;01/01/2007;C;OPT;C;LH;RF16;72;45;27;6;;4;416,3343;;;01/01/2007;;;;
4611220;TERRITOIRE;IRS- 8 D22 RUE DHALENNE/POP CHATEAU SAINT OUEN;;;SFR_COLL;DSP_MAJ_IRISE;;;OR21;OR1;OR21;CST;MCO;OK;19/10/2006;19/10/2006;C;OPT;C;DI;RF14;12;4;8;2;;4;49,7324;;;19/10/2006;;;;
19279080;HORS TERRITOIRE;IRS - 24 FO - FT221 -1 AVENUE DES LUATS / POP CENTRE DE LOISIRS FRANCOISE DOLTO;;;SFR_COLL;DSP_MAJ_IRISE;;;OR21;OR1;OR21;CST;MCO;OK;16/07/2020;16/07/2020;C;OPT;C;DI;RF29;24;19;5;4;;5;179,0712;;;16/07/2020;;;;
8556116;HORS TERRITOIRE;IRS - 144 FO - BD MELIES/MONTAIGNE;;;SFR_COLL;DSP_MAJ_IRISE;;;OR21;OR1;OR21;CST;MCO;OK;05/09/2014;05/09/2014;C;OPT;C;LH;RF108;144;47;97;12;;5;675,8571;;;05/09/2014;;;;
36352426;TERRITOIRE;CH SAT SECURISEE CAM52 _FT256 / CH SAT SECURISEE CAM31_FT218;;;SFR_COLL;DSP_MAJ_IRISE;;;OR21;OR1;OR21;CST;MCO;OK;26/01/2023;26/01/2023;C;OPT;C;DI;RF27;12;5;7;2;;5;40,2704;;;26/01/2023;;;;
4637358;HORS TERRITOIRE;IRS-24-BI GENERALLI LUNDBECK/VERIZON GENERALLI LUNDBECK AA;;;SFR_COLL;DSP_MAJ_IRISE;;;OR21;OR1;OR21;CST;MCO;OK;13/05/2011;13/05/2011;C;OPT;C;DI;RF15;24;20;4;4;;4;97,1974;;;13/05/2011;;;;
15755273;TERRITOIRE;IRS - 72FO BAGUETTE - 22 RUE PV COUTURIER CLAMART/N-1 CENTRE ADMINISTRATIF;;;SFR_COLL;DSP_MAJ_IRISE;;;OR21;OR1;OR21;CST;MCO;OK;06/09/2019;06/09/2019;C;OPT;C;TR;RF78;72;52;20;6;;5;19,6345;;;06/09/2019;;;;
19279081;HORS TERRITOIRE;IRS - 12 FO -FT221 -1 AVENUE DES LUATS / FT1248 - 12 AVENUE HENRI DUNANT;;;SFR_COLL;DSP_MAJ_IRISE;;;OR21;OR1;OR21;CST;MCO;OK;16/07/2020;16/07/2020;C;OPT;C;DI;RF27;12;11;1;2;;5;610,5009;;;16/07/2020;;;;
36654817;TERRITOIRE;12 FO - 2 EME BI CHAUFFERIE  / BI SOUS SOL  CHAUFFERIE;;;SFR_COLL;DSP_MAJ_IRISE;;;OR21;OR1;OR21;CST;MCO;OK;10/02/2023;10/02/2023;C;OPT;C;DI;RF27;12;10;2;2;;5;42,1442;;;10/02/2023;;;;
8861185;TERRITOIRE;IRS - 144FO - AV DES FRUITIERS/FRUITIERS-CAMPRA - BIS;;;SFR_COLL;DSP_MAJ_IRISE;;;OR21;OR1;OR21;CST;MCO;OK;09/12/2014;09/12/2014;C;OPT;C;LH;RF22;144;143;1;12;;4;225,1115;;;09/12/2014;;;;
4632772;TERRITOIRE;IRS - 24FO - BOULEVARD JULES GUESDE / POP SAINT DENIS 15 RUE CATULIENNE;;;SFR_COLL;DSP_MAJ_IRISE;;;OR21;OR1;OR21;CST;MCO;OK;23/11/2009;23/11/2009;C;OPT;C;DI;RF15;24;18;6;4;;4;68,6745;;;23/11/2009;;;;
14840038;TERRITOIRE;IRS - 144 FO - FT 1036 - 5 RUE HEMET / ANGLE KARMAN-CHARRON;;;SFR_COLL;DSP_MAJ_IRISE;;;OR21;OR1;OR21;CST;MCO;OK;20/05/2019;20/05/2019;C;OPT;C;LH;RF22;144;142;2;12;;4;598,4573;;;20/05/2019;;;;
4602070;HORS TERRITOIRE;IRS - 12FO - BI 27 RUE DE LA REPUBLIQUE (VILLIERS SUR MARNE)/FTTS BRY SUR MARNE - AA;;;SFR_COLL;DSP_MAJ_IRISE;;;OR21;OR1;OR21;CST;MCO;OK;07/02/2012;07/02/2012;C;OPT;C;DI;RF38;12;8;4;1;;4;16,4013;;;07/02/2012;;;;
7328558;TERRITOIRE;IRS - 144FO - N-1 ECOLE DE DANSE DE PANTIN - BPE2/IRS AUGER-CONGO;;;SFR_COLL;DSP_MAJ_IRISE;;;OR21;OR1;OR21;CST;MCO;OK;24/09/2013;24/09/2013;C;OPT;C;LH;RF22;144;140;4;12;;4;369,5172;;;24/09/2013;;;;
7134465;TERRITOIRE;IRS - 144FO - ROUGET DE LISLE-CAMILLE DESMOULINS / ANGLE BD GALLIENI/BD FRERES VOISIN;;;SFR_COLL;DSP_MAJ_IRISE;;;OR21;OR1;OR21;CST;MCO;OK;22/07/2013;22/07/2013;C;OPT;C;LH;RF22;144;116;28;12;;4;334,1835;;;22/07/2013;;;;
10801714;TERRITOIRE;IRS - 72FO - BI POP ANCIENNE MAIRIE ANNEXE / RUE PIERRE KOHLMANN (ANTONY);;;SFR_COLL;DSP_MAJ_IRISE;;;OR21;OR1;OR21;CST;MCO;OK;06/12/2012;06/12/2012;C;OPT;C;TR;RF28;72;70;2;6;;4;59,0350;;;06/12/2012;;;;
4605490;TERRITOIRE;IRS - 72FO - AV DU GENERAL LECLERC/RUE DE LA BIEVRE BOURG LA REINE;;;SFR_COLL;DSP_MAJ_IRISE;;;OR21;OR1;OR21;CST;MCO;OK;01/03/2006;01/03/2006;C;OPT;C;TR;RF16;72;61;11;6;;4;349,8228;;;01/03/2006;;;;
4607061;HORS TERRITOIRE;IRS - 144FO - PK 21040 /IRS SORTIE RFF PK 21040 VIRY;;;SFR_COLL;DSP_MAJ_IRISE;;;OR21;OR1;OR21;CST;MCO;OK;19/09/2006;19/09/2006;C;OPT;C;LH;RF21;144;113;31;12;;145;109,7067;;;19/09/2006;;;;
22988266;TERRITOIRE;IRS - 12FO - FT1431 - 9 BOULEVARD ROUGET DE L'ISLE / POP PAVILLON MEDIATION MONTREUIL - AA;;;SFR_COLL;DSP_MAJ_IRISE;;;OR21;OR1;OR21;CST;MCO;OK;02/04/2021;02/04/2021;C;OPT;C;DI;RF27;12;10;2;2;;5;56,8884;;;02/04/2021;;;;
4638101;HORS TERRITOIRE;IRS - BD OISE-RUE DES CHAUFFOURS/N-1 POP ENERTRAG CERGY;;;SFR_COLL;DSP_MAJ_IRISE;;;OR21;OR1;OR21;CST;MCO;OK;11/01/2012;11/01/2012;C;OPT;C;DI;RF14;12;8;4;2;;4;218,1690;;;11/01/2012;;;;
44806819;TERRITOIRE;IRS - 24FO - FT AV DE LA REPUBLIQUE_R ELISEE RECLUS / FT 1351  RUE KARL MARX;;;SFR_COLL;DSP_MAJ_IRISE;;;OR21;OR1;OR21;CST;MCO;OK;15/05/2024;15/05/2024;C;OPT;C;DI;RF27;12;10;2;2;;5;330,9598;;;15/05/2024;;;;
7261333;TERRITOIRE;IRS - 144FO - RUE DU CHEMIN VERT / BD VOLTAIRE;;;SFR_COLL;DSP_MAJ_IRISE;;;OR21;OR1;OR21;CST;MCO;OK;04/09/2013;04/09/2013;C;OPT;C;LH;RF22;144;139;5;12;;4;1401,5905;;;04/09/2013;;;;
15480054;TERRITOIRE;IRISE - 24FO - N-1 POP DSI (LES LILAS) / POP DSI LES LILAS - AA;;;SFR_COLL;DSP_MAJ_IRISE;;;OR21;OR1;OR21;CST;MCO;OK;02/08/2019;02/08/2019;C;OPT;C;DI;RF29;24;16;8;4;;5;48,2496;;;02/08/2019;;;;
4633205;TERRITOIRE;IRS - 24FO BI/POP GS_PAUL_BERT_GYMNASE (D41);;;SFR_COLL;DSP_MAJ_IRISE;;;OR21;OR1;OR21;CST;MCO;OK;28/07/2009;28/07/2009;C;OPT;C;DI;RF15;24;20;4;4;;4;23,2597;;;28/07/2009;;;;
7177825;HORS TERRITOIRE;IRS - 36 FO - POP VINCI ENERGIES /  N-1 POP VINCI ENERGIES  - AA;;;SFR_COLL;DSP_MAJ_IRISE;;;OR21;OR1;OR21;CST;MCO;OK;05/08/2013;05/08/2013;C;OPT;C;TR;RF26;36;34;2;6;;4;25,5945;;;05/08/2013;;;;
4604622;TERRITOIRE;IRS - 24 FO - AV. EMILE ZOLA - POP MINISTERE DE LA CULTURE - AA;;;SFR_COLL;DSP_MAJ_IRISE;;;OR21;OR1;OR21;CST;MCO;OK;17/10/2011;17/10/2011;C;OPT;C;DI;RF15;24;22;2;4;;4;215,9174;;;17/10/2011;;;;
4605635;TERRITOIRE;IRS - 12FO - MEDIAPOST/BD DU GENERAL DE GAULLE - AA;;;SFR_COLL;DSP_MAJ_IRISE;;;OR21;OR1;OR21;CST;MCO;OK;25/10/2004;25/10/2004;C;OPT;C;DI;RF14;12;12;0;2;;4;27,2031;;;25/10/2004;;;;
5038936;HORS TERRITOIRE;IRS- 36 FO - POP CERGY PONTOISE AMENAGEMENT/ 10 BD DE L OISE -  AA;;;SFR_COLL;DSP_MAJ_IRISE;;;OR21;OR1;OR21;CST;MCO;OK;23/11/2012;23/11/2012;C;OPT;C;TR;RF26;36;36;0;6;;4;202,5116;;;23/11/2012;;;;
4608983;TERRITOIRE;IRS - 12FO - AVENUE KARL MARX/POP SEMECO KARL MARX - AA;;;SFR_COLL;DSP_MAJ_IRISE;;;OR21;OR1;OR21;CST;MCO;OK;09/11/2004;09/11/2004;C;OPT;C;DI;RF38;12;8;4;1;;4;60,5582;;;09/11/2004;;;;
4622118;TERRITOIRE;IRS - 72FO - AVENUE VERDUN / HALAGE LAFERIERE;;;SFR_COLL;DSP_MAJ_IRISE;;;OR21;OR1;OR21;CST;MCO;OK;29/06/2011;29/06/2011;C;OPT;C;TR;RF16;72;70;2;6;;4;1060,8879;;;29/06/2011;;;;
4622723;TERRITOIRE;IRS - 24FO - RUE ARCUEIL/N-1 LOS ANGELES;;;SFR_COLL;DSP_MAJ_IRISE;;;OR21;OR1;OR21;CST;MCO;OK;01/02/2010;01/02/2010;C;OPT;C;DI;RF24;24;22;2;2;;4;162,1649;;;01/02/2010;;;;
4632363;TERRITOIRE;IRS - 24FO - BI/POP SECHOIR_AUX_CORNETTES (D90);;;SFR_COLL;DSP_MAJ_IRISE;;;OR21;OR1;OR21;CST;MCO;OK;22/07/2009;22/07/2009;C;OPT;C;DI;RF15;24;20;4;4;;4;25,0004;;;22/07/2009;;;;
4608190;TERRITOIRE;IRS - AV GALLIENI SENTIER FORT/SENTIER FORT DELESCLUZE;;;SFR_COLL;DSP_MAJ_IRISE;;;OR21;OR1;OR21;CST;MCO;OK;21/03/2005;21/03/2005;C;OPT;C;TR;RF19;48;44;4;4;;4;201,5451;;;21/03/2005;;;;
4605439;TERRITOIRE;IRS - DOLET-METZ/CHEMIN DES CARROUGES;;;SFR_COLL;DSP_MAJ_IRISE;;;OR21;OR1;OR21;CST;MCO;OK;15/10/2004;15/10/2004;C;OPT;C;TR;RF28;72;24;48;6;;4;174,9622;;;15/10/2004;;;;
4624303;TERRITOIRE;IRS - 72FO - N-1 POP CDC ARCUEIL/AV BRIAND - RUE BERTHOLLET ARCUEIL;;;SFR_COLL;DSP_MAJ_IRISE;;;OR21;OR1;OR21;CST;MCO;OK;02/07/2009;02/07/2009;C;OPT;C;TR;RF16;72;66;6;6;;4;364,1001;;;02/07/2009;;;;
4614895;TERRITOIRE;IRS-ADD 1 BPE IMM/GENDARMERIE ROSNY - AA;;;SFR_COLL;DSP_MAJ_IRISE;;;OR21;OR1;OR21;CST;MCO;OK;13/06/2007;13/06/2007;C;OPT;C;TR;RF50;36;27;9;3;;4;27,2950;;;13/06/2007;;;;
4626127;TERRITOIRE;IRS - 144 FO - N-1 BOBIGNY(VAILLANT)/RUE ROBESPIERRE(BOBIGNY);;;SFR_COLL;DSP_MAJ_IRISE;;;OR21;OR1;OR21;CST;MCO;OK;13/06/2012;13/06/2012;C;OPT;C;LH;RF40;144;140;4;12;;4;453,2690;;;13/06/2012;;;;
10939438;TERRITOIRE;IRS - 36FO - LD - AVENUE JEAN JAURES/BI 128 BIS AVENUE JEAN JAURES;;;SFR_COLL;DSP_MAJ_IRISE;;;OR21;OR1;OR21;CST;MCO;OK;16/10/2013;16/10/2013;C;OPT;C;TR;RF26;36;35;1;6;;4;26,7687;;;16/10/2013;;;;
4611265;TERRITOIRE;IRS-RUE LUIGI CHERUBINI/LT ARCELOR SAINT DENIS - AA;;;SFR_COLL;DSP_MAJ_IRISE;;;OR21;OR1;OR21;CST;MCO;OK;10/02/2006;10/02/2006;C;OPT;C;DI;RF24;24;18;6;2;;4;97,7025;;;10/02/2006;;;;
4608628;TERRITOIRE;IRS - CHURCHILL_NORDLING/N-1 MAIRIE CLICHY SOUS-BOIS;;;SFR_COLL;DSP_MAJ_IRISE;;;OR21;OR1;OR21;CST;MCO;OK;24/06/2005;24/06/2005;C;OPT;C;LH;RF40;144;113;31;12;;4;1448,8955;;;24/06/2005;;;;
4607060;HORS TERRITOIRE;IRS - 72FO - RUE DE LA MONTAGNE PAVEE IRISE/RUE DE LA MONTAGNE PAVEE 9T;;;SFR_COLL;DSP_MAJ_IRISE;;;OR21;OR1;OR21;CST;MCO;OK;19/09/2006;19/09/2006;C;OPT;C;TR;RF16;72;49;23;6;;4;20,2370;;;19/09/2006;;;;
11108693;TERRITOIRE;IRS - 144FO - LD - SQUARE RAOUL DUFY / BI 1 RUE GIOVANNI BATISTA (ST MAURICE);;;SFR_COLL;DSP_MAJ_IRISE;;;OR21;OR1;OR21;CST;MCO;OK;08/01/2014;08/01/2014;C;OPT;C;LH;RF22;144;143;1;12;;4;230,7523;;;08/01/2014;;;;
17810275;TERRITOIRE;IRS - 144 FO - IRS - FT 843 -BOULEVARD DE STALINGRAD / IRS - FT 603 - RUE GAGNEE;;;SFR_COLL;DSP_MAJ_IRISE;;;OR21;OR1;OR21;CST;MCO;OK;23/03/2020;23/03/2020;C;OPT;C;LH;RF22;144;144;0;12;;4;1059,3556;;;23/03/2020;;;;
4601267;TERRITOIRE;IRS - ( NETCENTER (PC1)) ODF D/CH0 D - DC;;;SFR_COLL;DSP_MAJ_IRISE;;;OR21;OR1;OR21;CST;MCO;OK;12/04/2002;12/04/2002;C;OPT;C;LH;RF56;144;64;80;12;;4;268,1913;;;12/04/2002;;;;
17726791;TERRITOIRE;IRS - 24 FO - FT1221 - RUE AMBROISE CROIZAT / FT 1060 - 16 SENTIER RABELAIS VILLEJUIF;;;SFR_COLL;DSP_MAJ_IRISE;;;OR21;OR1;OR21;CST;MCO;OK;13/03/2020;13/03/2020;C;OPT;C;DI;RF29;24;22;2;4;;5;1212,9211;;;13/03/2020;;;;
17177011;TERRITOIRE;IRS - 36 FO - RUE DE L EGALITE BAGNEUX / FT 277 - 49 RUE ALPHONSE PLUCHET BAGNEUX;;;SFR_COLL;DSP_MAJ_IRISE;;;OR21;OR1;OR21;CST;MCO;OK;24/01/2020;24/01/2020;C;OPT;C;TR;RF50;36;36;0;3;;4;1532,9254;;;24/01/2020;;;;
10934468;TERRITOIRE;24 FO - IRS - BI 5 AVENUE DES COQUELICOTS/POP KAERCHER COQUELICOTS - AA;;;SFR_COLL;DSP_MAJ_IRISE;;;OR21;OR1;OR21;CST;MCO;OK;20/02/2017;20/02/2017;C;OPT;C;DI;RF30;24;22;2;4;;4;6,8537;;;20/02/2017;;;;
15583780;TERRITOIRE;IRISE - 24 FO - 35 AVENUE GEORGES CLEMENCEAU / N-1 POP DSI;;;SFR_COLL;DSP_MAJ_IRISE;;;OR21;OR1;OR21;CST;MCO;OK;19/08/2019;19/08/2019;C;OPT;C;DI;RF29;24;16;8;4;;5;371,2776;;;19/08/2019;;;;
7960337;TERRITOIRE;IRS - 72FO - ROUTE DE LA SEINE (10) / BD ANATOLE FRANCE;;;SFR_COLL;DSP_MAJ_IRISE;;;OR21;OR1;OR21;CST;MCO;OK;18/03/2014;18/03/2014;C;OPT;C;TR;RF28;72;68;4;6;;4;227,8406;;;18/03/2014;;;;
34070821;TERRITOIRE;IRS - 144 FO - 1 BD DE LA REPUBLIQUE / FT 1088 - 43 RUE HOCHE (COURBEVOIE);;;SFR_COLL;DSP_MAJ_IRISE;;;OR21;OR1;OR21;CST;MCO;OK;27/09/2022;27/09/2022;C;OPT;C;LH;RF22;144;144;0;12;;4;1207,9679;;;27/09/2022;;;;
28552418;TERRITOIRE;IRS  - 12FO - FT2570 - 107 RUE DES ROCHES (MONTREUIL) - BPE 1 / POP RELAIS PETITE ENFANCE BOISSIERE MONTREUIL - AA;;;SFR_COLL;DSP_MAJ_IRISE;;;OR21;OR1;OR21;CST;MCO;OK;24/12/2021;24/12/2021;C;OPT;C;DI;RF27;12;10;2;2;;5;250,0364;;;24/12/2021;;;;
22878817;TERRITOIRE;IRS - 12FO - COMPAGNONS_LIBERATION / BPI - POP COMMISSARIAT DE LA POLICE NATIONALE CRETEIL;;;SFR_COLL;DSP_MAJ_IRISE;;;OR21;OR1;OR21;CST;MCO;OK;25/03/2021;25/03/2021;C;OPT;C;DI;RF27;12;10;2;2;;5;104,1013;;;25/03/2021;;;;
4610786;TERRITOIRE;IRS - 12FO - RUE LAFARGE/CENTRE ADMINISTRATIF ST OUEN;;;SFR_COLL;DSP_MAJ_IRISE;;;OR21;OR1;OR21;CST;MCO;OK;18/10/2006;18/10/2006;C;OPT;C;DI;RF14;12;8;4;2;;4;30,4342;;;18/10/2006;;;;
16619875;TERRITOIRE;IRS - 12 FO - PRC - 24  RUE DE VERDUN VILLEJUIF / FT 512  - 70 AV PAUL VAILLANT COUTURIER (VILLEJUIF);;;SFR_COLL;DSP_MAJ_IRISE;;;OR21;OR1;OR21;CST;MCO;OK;28/11/2019;28/11/2019;C;OPT;C;DI;RF25;12;8;4;2;;5;328,4418;;;28/11/2019;;;;
4631453;TERRITOIRE;IRS - 24FO BI/POP PLAINE (D09);;;SFR_COLL;DSP_MAJ_IRISE;;;OR21;OR1;OR21;CST;MCO;OK;24/07/2009;24/07/2009;C;OPT;C;DI;RF15;24;20;4;4;;4;16,1245;;;24/07/2009;;;;
29197862;TERRITOIRE;24FO - IRS  - FT 1377  RUE COLMET LEPINAY (MONTREUIL) - BPE 1 / IRS  - FT1457 - RUE MOLIERE - BPE 1;;;SFR_COLL;DSP_MAJ_IRISE;;;OR21;OR1;OR21;CST;MCO;OK;27/01/2022;27/01/2022;C;OPT;C;DI;RF29;24;22;2;4;;5;452,9439;;;27/01/2022;;;;
4611147;TERRITOIRE;IRS - 48FO - GIRATOIRE MEDICIS/RUE STE GENEVIEVE_RUE LAGUE;;;SFR_COLL;DSP_MAJ_IRISE;;;OR21;OR1;OR21;CST;MCO;OK;15/02/2007;15/02/2007;C;OPT;C;TR;RF19;48;17;31;4;;4;1444,1984;;;15/02/2007;;;;
4615479;TERRITOIRE;IRS - 99 AV HENRI GINOUX/N-1PISCINE;;;SFR_COLL;DSP_MAJ_IRISE;;;OR21;OR1;OR21;CST;MCO;OK;07/10/2010;07/10/2010;C;OPT;C;TR;RF19;48;38;10;4;;4;47,4116;;;07/10/2010;;;;
12760018;TERRITOIRE;IRS - 12FO - BI - POP PIERREFITTE GROUPE SCOLAIRE EUGENE VARLIN / POP PIERREFITTE GROUPE SCOLAIRE EUGENE VARLIN;;;SFR_COLL;DSP_MAJ_IRISE;;;OR21;OR1;OR21;CST;MCO;OK;16/04/2018;16/04/2018;C;OPT;C;DI;RF27;12;8;4;2;;5;40,5890;;;16/04/2018;;;;
4629896;TERRITOIRE;IRS - 48FO CLOSERIE (D88)/JARDINS (D87);;;SFR_COLL;DSP_MAJ_IRISE;;;OR21;OR1;OR21;CST;MCO;OK;21/07/2009;21/07/2009;C;OPT;C;TR;RF19;48;46;2;4;;4;125,9774;;;21/07/2009;;;;
6338182;HORS TERRITOIRE;IRS - 144FO - FT 1764 - PT1 RUE ARISTIDE BRIAND (OSNY)/ RUE PASTEUR (OSNY) - BPE1;;;SFR_COLL;DSP_MAJ_IRISE;;;OR21;OR1;OR21;CST;MCO;OK;07/05/2013;07/05/2013;C;OPT;C;LH;RF22;144;134;10;12;;4;368,4257;;;07/05/2013;;;;
4639981;TERRITOIRE;IRS - 48FO - PLACE VOLTAIRE - PRC PLACE VOLTAIRE;;;SFR_COLL;DSP_MAJ_IRISE;;;OR21;OR1;OR21;CST;MCO;OK;15/05/2012;15/05/2012;C;OPT;C;TR;RF98;48;38;10;12;;5;34,3861;;;15/05/2012;;;;
4620978;TERRITOIRE;IRS - 24FO - 64 AV DE LA REPUBLIQUE/BAT DRH AUBERVILLIERS;;;SFR_COLL;DSP_MAJ_IRISE;;;OR21;OR1;OR21;CST;MCO;OK;04/01/2008;04/01/2008;C;OPT;C;DI;RF15;24;16;8;4;;4;122,3286;;;04/01/2008;;;;
16288195;TERRITOIRE;IRS - 24FO - FT 1221 - RUE AMBROISE CROIZAT VILLEJUIF/POP ANNEXE AMBROISE CROIZAT VILLEJUIF;;;SFR_COLL;DSP_MAJ_IRISE;;;OR21;OR1;OR21;CST;MCO;OK;29/10/2019;29/10/2019;C;OPT;C;DI;RF100;24;18;6;4;;236;16,2222;;;29/10/2019;;;;
9959492;TERRITOIRE;144 FO - IRISE - JD-C16775740 / RUE DES FRERES VOISINS;;;SFR_COLL;DSP_MAJ_IRISE;;;OR21;OR1;OR21;CST;MCO;OK;29/04/2003;29/04/2003;C;OPT;C;LH;RF56;144;40;104;12;;4;213,5208;;;29/04/2003;;;;
34654513;TERRITOIRE;IRS - 15 AV DU PRESIDENT SALVADOR ALLENDE / N-1 POP TI VITRY PATTE OUEST;;;SFR_COLL;DSP_MAJ_IRISE;;;OR21;OR1;OR21;CST;MCO;OK;21/11/2007;21/11/2007;C;OPT;C;TR;RF16;72;68;4;6;;4;259,9723;;;21/11/2007;;;;
4629729;TERRITOIRE;IRS - 72FO - CHURCHILL_NORDLING/IRS - AV DU CONSUL GENERAL NORDLING;;;SFR_COLL;DSP_MAJ_IRISE;;;OR21;OR1;OR21;CST;MCO;OK;13/08/2012;13/08/2012;C;OPT;C;TR;RF16;72;61;11;6;;4;270,0898;;;13/08/2012;;;;
22214178;TERRITOIRE;IRS- 72 RUE LENAIN DE TILLEMONT/RUE DOUMER-BEL AIR MONTREUIL;;;SFR_COLL;DSP_MAJ_IRISE;;;OR21;OR1;OR21;CST;MCO;OK;03/11/2006;03/11/2006;C;OPT;C;TR;RF16;72;64;8;6;;4;269,8064;;;03/11/2006;;;;
4636422;TERRITOIRE;IRS - ANGLE JOFFRE MICHELE/AV RABELAIS;;;SFR_COLL;DSP_MAJ_IRISE;;;OR21;OR1;OR21;CST;MCO;OK;02/02/2011;02/02/2011;C;OPT;C;LH;RF56;144;40;104;12;;4;573,8709;;;02/02/2011;;;;
4608092;TERRITOIRE;IRS - ECOLE ELEMENTAIRE BOILEAU/CONSERVATOIRE DE MUSIQUE;;;SFR_COLL;DSP_MAJ_IRISE;;;OR21;OR1;OR21;CST;MCO;OK;03/10/2005;03/10/2005;C;OPT;C;DI;RF14;12;8;4;2;;4;36,2353;;;03/10/2005;;;;
34629226;TERRITOIRE;IRS - BAGUETTE - 36 FO - FT1496 - RUE GASTON LAURIAU - BPE 1 / FT1496 - RUE GASTON LAURIAU - BPE 2;;;SFR_COLL;DSP_MAJ_IRISE;;;OR21;OR1;OR21;CST;MCO;OK;28/01/2022;28/01/2022;C;OPT;C;TR;RF50;36;36;0;3;;4;8,1748;;;28/01/2022;;;;
4614067;TERRITOIRE;IRS - AVENUE CURIE FOREST HILL/IRS - ARAGO CURIE (CA-FR-000421Z4-IRS1-144-1);;;SFR_COLL;DSP_MAJ_IRISE;;;OR21;OR1;OR21;CST;MCO;OK;19/07/2007;19/07/2007;C;OPT;C;LH;RF56;144;18;126;12;;4;351,8425;;;19/07/2007;;;;
42902180;TERRITOIRE;IRS - 24FO - FT106 - 20 AV DU PONT ROYAL / POP ECOLE MATERNELLE PONT ROYAL CACHAN - AA;;;SFR_COLL;DSP_MAJ_IRISE;;;OR21;OR1;OR21;CST;MCO;OK;18/01/2024;18/01/2024;C;OPT;C;DI;RF29;24;20;4;4;;5;12,3661;;;18/01/2024;;;;
14862849;TERRITOIRE;IRS - 144FO - FT 1618 - 16 RUE DES CAILLOTS / IRS - 58 RUE FRANKLIN;;;SFR_COLL;DSP_MAJ_IRISE;;;OR21;OR1;OR21;CST;MCO;OK;22/05/2019;22/05/2019;C;OPT;C;LH;RF93;144;144;0;12;;5;708,1831;;;22/05/2019;;;;
4595310;TERRITOIRE;IRS - LIRAISON NOOS-PELLETAN;;;SFR_COLL;DSP_MAJ_IRISE;;;OR21;OR1;OR21;CST;MCO;OK;25/06/2001;25/06/2001;C;OPT;C;DI;RF73;12;6;6;6;;5;22,4041;;;25/06/2001;;;;
4605004;TERRITOIRE;IRS - 72FO TCT/IRS - PLACE DES CACQUETS/PK 1190 PLACE DES POULIES;;;SFR_COLL;DSP_MAJ_IRISE;;;OR21;OR1;OR21;CST;MCO;OK;01/01/2002;01/01/2002;C;OPT;C;TR;RF41;72;41;31;6;;5;269,7882;;;01/01/2002;;;;
4624042;TERRITOIRE;IRS - 24FO POP CENTRE SPORTIF DU MONT VALERIEN / 1 RUE DE SURESNES - AA;;;SFR_COLL;DSP_MAJ_IRISE;;;OR21;OR1;OR21;CST;MCO;OK;04/04/2011;04/04/2011;C;OPT;C;DI;RF15;24;22;2;4;;4;111,1388;;;04/04/2011;;;;
22082020;TERRITOIRE;IRS - 12FO - FT166  - 36 AVENUE DU PRESIDENT ALLENDE / PRC - IRISE - FT184 -  58 AV DU PDT ALLENDE_RUE DESMOULINS VILLEJUIF;;;SFR_COLL;DSP_MAJ_IRISE;;;OR21;OR1;OR21;CST;MCO;OK;30/01/2021;30/01/2021;C;OPT;C;DI;RF27;12;10;2;2;;5;60,7045;;;30/01/2021;;;;
22910503;HORS TERRITOIRE;IRS - BAGUETTE 24FO - FT 379 - ROUTE DE BRY - RUE ADRIEN MENTIENNE  - BPE 1 /  FT 379 - ROUTE DE BRY - RUE ADRIEN MENTIENNE  - BPE 2;;;SFR_COLL;DSP_MAJ_IRISE;;;OR21;OR1;OR21;CST;MCO;OK;29/03/2021;29/03/2021;C;OPT;C;DI;RF29;24;20;4;4;;5;8,1931;;;29/03/2021;;;;
16518759;TERRITOIRE;IRS - 12 FO - VANZETTI_CROIZAT / FT625 - RUE AMBROISE CROIZAT (VILLEJUIF);;;SFR_COLL;DSP_MAJ_IRISE;;;OR21;OR1;OR21;CST;MCO;OK;19/11/2019;19/11/2019;C;OPT;C;DI;RF66;12;10;2;2;;236;28,0971;;;19/11/2019;;;;
12740853;HORS TERRITOIRE;12FO - IRS - BD OISE-RUE DES CHAUFFOURS - POP SANTE SERVICE POLE OUEST CERGY CHAUFFOURS CERGY - AA;;;SFR_COLL;DSP_MAJ_IRISE;;;OR21;OR1;OR21;CST;MCO;OK;10/04/2018;10/04/2018;C;OPT;C;DI;RF27;12;11;1;2;;5;273,9025;;;10/04/2018;;;;
4623780;HORS TERRITOIRE;IRS - 24FO - POP RELIANCE/BI RELIANCE - AA;;;SFR_COLL;DSP_MAJ_IRISE;;;OR21;OR1;OR21;CST;MCO;OK;19/07/2012;19/07/2012;C;OPT;C;DI;RF15;24;22;2;4;;4;16,9735;;;19/07/2012;;;;
4640937;HORS TERRITOIRE;IRS - 72 FO - AV FERDINAND CHATELAIN/ANGLE BD GENERAL DE GAULLE;;;SFR_COLL;DSP_MAJ_IRISE;;;OR21;OR1;OR21;CST;MCO;OK;16/02/2012;16/02/2012;C;OPT;C;TR;RF16;72;72;0;6;;4;306,3999;;;16/02/2012;;;;
10871091;HORS TERRITOIRE;36 FO - IRS - BI POP CPAM CERGY /POP CPAM CERGY -AA;;;SFR_COLL;DSP_MAJ_IRISE;;;OR21;OR1;OR21;CST;MCO;OK;27/04/2015;27/04/2015;C;OPT;C;TR;RF26;36;34;2;6;;4;17,5462;;;27/04/2015;;;;
8433880;TERRITOIRE;144 FO - IRS - PARKING AIR FRANCE / 131 AV DE LA VICTOIRE;;;SFR_COLL;DSP_MAJ_IRISE;;;OR21;OR1;OR21;CST;MCO;OK;24/07/2014;24/07/2014;C;OPT;C;LH;RF22;144;144;0;12;;4;507,5553;;;24/07/2014;;;;
11062488;TERRITOIRE;IRS - 24FO - LD -  POP QUALI-STE BONNEUIL 2 AV DES ORANGERS (BONNEUIL SUR MARNE)-AA;;;SFR_COLL;DSP_MAJ_IRISE;;;OR21;OR1;OR21;CST;MCO;OK;17/03/2017;17/03/2017;C;OPT;C;DI;RF30;24;24;0;4;;4;7,4618;;;17/03/2017;;;;
4594837;TERRITOIRE;IRS - 144FO - 21 RUE DU BAC LE PERREUX/FERRY ALSACE LORRAINE;;;SFR_COLL;DSP_MAJ_IRISE;;;OR21;OR1;OR21;CST;MCO;OK;15/11/2002;15/11/2002;C;OPT;C;LH;RF40;144;108;36;12;;4;905,3185;;;15/11/2002;;;;
8464277;TERRITOIRE;IRS - 144FO - RUE WALDECK ROCHER/AV DU GENERAL DE GAULLE;;;SFR_COLL;DSP_MAJ_IRISE;;;OR21;OR1;OR21;CST;MCO;OK;05/08/2014;05/08/2014;C;OPT;C;LH;RF22;144;138;6;12;;4;916,7828;;;05/08/2014;;;;
4602825;TERRITOIRE;IRISE - 144 FO - PLACE DE LA GARE ST-DENIS / B601 CHAMBRE 10;;;SFR_COLL;DSP_MAJ_IRISE;;;OR21;OR1;OR21;CST;MCO;OK;15/09/2004;15/09/2004;C;OPT;C;LH;RF56;144;28;116;12;;4;62,8472;;;15/09/2004;;;;
4632348;TERRITOIRE;IRS - 24FO - BI/POP CHAUFFERIE_LES_SORBIERS (A06);;;SFR_COLL;DSP_MAJ_IRISE;;;OR21;OR1;OR21;CST;MCO;OK;22/07/2009;22/07/2009;C;OPT;C;DI;RF15;24;20;4;4;;4;17,8045;;;22/07/2009;;;;
4614494;TERRITOIRE;IRS - 24FO - PRC / VERS RESEAU UPC;;;SFR_COLL;DSP_MAJ_IRISE;;;OR21;OR1;OR21;CST;MCO;OK;26/07/2012;26/07/2012;C;OPT;C;DI;RF67;24;22;2;2;;5;20,8675;;;26/07/2012;;;;
8803219;TERRITOIRE;144 FO - BAG 18 AV DES FRERES LUMIERES - BPE1/BPE2;;;SFR_COLL;DSP_MAJ_IRISE;;;OR21;OR1;OR21;CST;MCO;OK;19/11/2014;19/11/2014;C;OPT;C;LH;RF22;144;144;0;12;;4;5,2758;;;19/11/2014;;;;
11023122;HORS TERRITOIRE;IRS - 144FO - BI 10 ALLEE BIENVENUE/IRS BD MELIES - BPE2;;;SFR_COLL;DSP_MAJ_IRISE;;;OR21;OR1;OR21;CST;MCO;OK;08/03/2013;08/03/2013;C;OPT;C;LH;RF22;144;139;5;12;;4;798,0879;;;08/03/2013;;;;
7515735;TERRITOIRE;IRS - 144FO - AV DES TROIS MARCHES - BPE1 / RUE DE LA VANNE;;;SFR_COLL;DSP_MAJ_IRISE;;;OR21;OR1;OR21;CST;MCO;OK;19/11/2013;19/11/2013;C;OPT;C;LH;RF22;144;142;2;12;;4;645,5940;;;19/11/2013;;;;
15512993;TERRITOIRE;IRISE - 24FO - ANGLE RUE CHARLES PEGUY/ RUE DU PRESIDENT ROBERT SCHUMANN / N-1 ATELIERS ESPACES VERTS;;;SFR_COLL;DSP_MAJ_IRISE;;;OR21;OR1;OR21;CST;MCO;OK;07/08/2019;07/08/2019;C;OPT;C;DI;RF29;24;22;2;4;;5;862,1951;;;07/08/2019;;;;
4611163;TERRITOIRE;IRS - 12FO - MAIRIE DE LHAY LES ROSES/RUE DES JARDINS LHAY LES ROSES;;;SFR_COLL;DSP_MAJ_IRISE;;;OR21;OR1;OR21;CST;MCO;OK;19/02/2007;19/02/2007;C;OPT;C;DI;RF70;12;10;2;2;;5;112,3026;;;19/02/2007;;;;
17589201;TERRITOIRE;IRS - 12 FO - FT 1699 - 143 BOULEVARD MAXIME GORKI VILLEJUIF / FT1104- 22 Rue Jean Baptiste Cl?Æment VILLEJUIF;;;SFR_COLL;DSP_MAJ_IRISE;;;OR21;OR1;OR21;CST;MCO;OK;03/03/2020;03/03/2020;C;OPT;C;DI;RF37;12;10;2;2;;5;675,9353;;;03/03/2020;;;;
26123035;TERRITOIRE;IRS - 24 FO - FT397 - RUE DE LA BIEVRE / POP CENTRE TECHNIQUE MUNICIPAL BOURG LA REINE - AA;;;SFR_COLL;DSP_MAJ_IRISE;;;OR21;OR1;OR21;CST;MCO;OK;01/10/2021;01/10/2021;C;OPT;C;DI;RF31;24;20;4;2;;5;106,5634;;;01/10/2021;;;;
4609579;TERRITOIRE;IRS - 72 FO SANZILLON HUGO/BPE INTEROUTE HUGO;;;SFR_COLL;DSP_MAJ_IRISE;;;OR21;OR1;OR21;CST;MCO;OK;08/01/2008;08/01/2008;C;OPT;C;TR;RF16;72;62;10;6;;4;60,9151;;;08/01/2008;;;;
41994979;TERRITOIRE;IRIS - 12 FO - PERI-GINOUX / CRECHE LES OLIVIERS;;;SFR_COLL;DSP_MAJ_IRISE;;;OR21;OR1;OR21;CST;MCO;OK;28/11/2023;28/11/2023;C;OPT;C;DI;RF27;12;4;8;2;;5;46,7984;;;28/11/2023;;;;
23845873;TERRITOIRE;IRS - 144 FO - N-1 VILLENEUVE LE ROI HAUT / FT 1382 - 29 RUE DU MARECHAL LYAUTEY (VILLENEUVE-LE-ROI);;;SFR_COLL;DSP_MAJ_IRISE;;;OR21;OR1;OR21;CST;MCO;OK;14/02/2020;14/02/2020;C;OPT;C;LH;RF22;144;144;0;12;;4;921,3264;;;14/02/2020;;;;
7145505;TERRITOIRE;IRS - 75 BIS AV DE ROSNY 9T/53 AV DE ROSNY;;;SFR_COLL;DSP_MAJ_IRISE;;;OR21;OR1;OR21;CST;MCO;OK;24/07/2013;24/07/2013;C;OPT;C;TR;RF47;48;22;26;4;;4;203,5344;;;24/07/2013;;;;
6702289;TERRITOIRE;IRS - 144FO - RUE DE LA MOTTE(RUE DES PRESLES) - BPE 1/138 BD JEAN JAURES;;;SFR_COLL;DSP_MAJ_IRISE;;;OR21;OR1;OR21;CST;MCO;OK;17/06/2013;17/06/2013;C;OPT;C;LH;RF22;144;130;14;12;;4;157,2155;;;17/06/2013;;;;
4610945;TERRITOIRE;IRS- 7 RUE DE LA CROIX FARON/IUT PLAINE ST DENIS;;;SFR_COLL;DSP_MAJ_IRISE;;;OR21;OR1;OR21;CST;MCO;OK;19/07/2006;19/07/2006;C;OPT;C;DI;RF14;12;6;6;2;;4;22,8027;;;19/07/2006;;;;
4600011;TERRITOIRE;IRS - BOURBON-VICTOR/QUAI MICHELET-ANATOLE FRANCE;;;SFR_COLL;DSP_MAJ_IRISE;;;OR21;OR1;OR21;CST;MCO;OK;04/10/2004;04/10/2004;C;OPT;C;LH;RF40;144;118;26;12;;4;513,6507;;;04/10/2004;;;;
4610026;TERRITOIRE;IRS - 288FO - POP 9T BOULOGNE/QUAI OUEST IRISE - AG;;;SFR_COLL;DSP_MAJ_IRISE;;;OR21;OR1;OR21;CST;MCO;OK;21/10/2004;21/10/2004;C;OPT;C;LH;RF51;288;288;0;24;;102;71,0855;;;21/10/2004;;;;
4642527;TERRITOIRE;IRS - 72FO - BI POP VEOLIA WATER / ANGLE RUE DU NORD-RUE VELPEAU;;;SFR_COLL;DSP_MAJ_IRISE;;;OR21;OR1;OR21;CST;MCO;OK;09/03/2012;09/03/2012;C;OPT;C;TR;RF16;72;72;0;6;;4;343,8762;;;09/03/2012;;;;
7443443;HORS TERRITOIRE;IRS - 144FO - ANGLZ AV DU PARC/BD DE L'HAUTIL / BVD DE L'HAUTIL;;;SFR_COLL;DSP_MAJ_IRISE;;;OR21;OR1;OR21;CST;MCO;OK;28/10/2013;28/10/2013;C;OPT;C;LH;RF22;144;141;3;12;;4;559,9401;;;28/10/2013;;;;
7683461;TERRITOIRE;IRS - 24FO - RUE DES SOLETS/BPI PAPRIKA (RUNGIS);;;SFR_COLL;DSP_MAJ_IRISE;;;OR21;OR1;OR21;CST;MCO;OK;09/01/2014;09/01/2014;C;OPT;C;DI;RF30;24;22;2;4;;4;109,3473;;;09/01/2014;;;;
4602986;TERRITOIRE;IRS - 48FO - FT - VERS 9 RUE HEYRAULT;;;SFR_COLL;DSP_MAJ_IRISE;;;OR21;OR1;OR21;CST;MCO;OK;02/07/2004;02/07/2004;C;OPT;C;TR;RF59;48;48;0;4;;5;335,7876;;;02/07/2004;;;;
16550754;TERRITOIRE;IRS - 12FO - BI SOUS SOL CRECHE HAUTES BRUYERES / FT121 - 1 PLACE DES ONZE ARPENTS;;;SFR_COLL;DSP_MAJ_IRISE;;;OR21;OR1;OR21;CST;MCO;OK;19/09/2019;19/09/2019;C;OPT;C;DI;RF27;12;10;2;2;;5;13,2763;;;19/09/2019;;;;
4630736;HORS TERRITOIRE;IRS - 12FO - ROUGET DE L'ISLE_DESMOULINS/RESEAU WIFI ISSY LES MOULINEAUX;;;SFR_COLL;DSP_MAJ_IRISE;;;OR21;OR1;OR21;CST;MCO;OK;06/03/2009;06/03/2009;C;OPT;C;DI;RF38;12;6;6;1;;4;19,7229;;;06/03/2009;;;;
4639041;TERRITOIRE;IRS 72 FO JULES FERRY PK 3703/ANGLE FERRY CONVENTION;;;SFR_COLL;DSP_MAJ_IRISE;;;OR21;OR1;OR21;CST;MCO;OK;05/09/2011;05/09/2011;C;OPT;C;TR;RF16;72;58;14;6;;4;8,6727;;;05/09/2011;;;;
8916818;TERRITOIRE;IRS - 24 FO - IRS  66 AV ANATOLE FRANCE (VITRY SUR SEINE) / IRS BI POP CASINO ROSA PARKS (VITRY SUR SEINE);;;SFR_COLL;DSP_MAJ_IRISE;;;OR21;OR1;OR21;CST;MCO;OK;12/01/2015;12/01/2015;C;OPT;C;DI;RF30;24;23;1;4;;4;250,6654;;;12/01/2015;;;;
4594516;TERRITOIRE;IRS - 48FO - POP SEMECO CHEMIN VERT/CHEMIN VERT BOBIGNY;;;SFR_COLL;DSP_MAJ_IRISE;;;OR21;OR1;OR21;CST;MCO;OK;10/11/2004;10/11/2004;C;OPT;C;TR;RF19;48;38;10;4;;4;81,8809;;;10/11/2004;;;;
4604902;TERRITOIRE;IRS - 72FO IMM_PYTHAGORE/IMM_CLIENT;;;SFR_COLL;DSP_MAJ_IRISE;;;OR21;OR1;OR21;CST;MCO;OK;03/08/2009;03/08/2009;C;OPT;C;TR;RF16;72;68;4;6;;4;43,6840;;;03/08/2009;;;;
7814306;TERRITOIRE;IRS - 72FO - AV DE LA VICTOIRE SOUS PONT SNCF / AV DE LA VICTOIRE;;;SFR_COLL;DSP_MAJ_IRISE;;;OR21;OR1;OR21;CST;MCO;OK;18/10/2005;18/10/2005;C;OPT;C;TR;RF16;72;25;47;6;;4;74,6006;;;18/10/2005;;;;
4637503;TERRITOIRE;IRS - N-1 OPHLM GAGARINE VITRY/N-1 MAIRIE;;;SFR_COLL;DSP_MAJ_IRISE;;;OR21;OR1;OR21;CST;MCO;OK;25/01/2011;25/01/2011;C;OPT;C;TR;RF16;72;72;0;6;;4;290,6893;;;25/01/2011;;;;
4632338;TERRITOIRE;IRS - 12 FO - POP FTTS NANTERRE/IRS -  AV GUILLERAIS - AA;;;SFR_COLL;DSP_MAJ_IRISE;;;OR21;OR1;OR21;CST;MCO;OK;15/12/2011;15/12/2011;C;OPT;C;DI;RF14;12;8;4;2;;4;109,5417;;;15/12/2011;;;;
8433878;TERRITOIRE;144 FO - IRS - 32 RUE HENRI BARBUSSE  / 92 AV DE L'AERODROME;;;SFR_COLL;DSP_MAJ_IRISE;;;OR21;OR1;OR21;CST;MCO;OK;24/07/2014;24/07/2014;C;OPT;C;LH;RF22;144;140;4;12;;4;588,9277;;;24/07/2014;;;;
12760019;TERRITOIRE;IRS - 12FO - CHATENAY-PREVERT / BI - POP PIERREFITTE GROUPE SCOLAIRE EUGENE VARLIN;;;SFR_COLL;DSP_MAJ_IRISE;;;OR21;OR1;OR21;CST;MCO;OK;16/04/2018;16/04/2018;C;OPT;C;DI;RF27;12;8;4;2;;5;163,8739;;;16/04/2018;;;;
4628998;TERRITOIRE;IRS - 48FO - POP SEMECO PAUL ELUARD/AV ELUARD - AA;;;SFR_COLL;DSP_MAJ_IRISE;;;OR21;OR1;OR21;CST;MCO;OK;04/09/2008;04/09/2008;C;OPT;C;TR;RF19;48;42;6;4;;4;138,9935;;;04/09/2008;;;;
5548369;HORS TERRITOIRE;IRS - 48FO - ROUTE DE GONNESSE/N-1 URA GONESSE-RUE D ORGEMONT - 1;;;SFR_COLL;DSP_MAJ_IRISE;;;OR21;OR1;OR21;CST;MCO;OK;18/10/2004;18/10/2004;C;OPT;C;TR;RF19;48;36;12;4;;4;2450,3827;;;18/10/2004;;;;
4637998;TERRITOIRE;IRS - 48FO - N-1 DBD/N-1 LE CORBUSIER;;;SFR_COLL;DSP_MAJ_IRISE;;;OR21;OR1;OR21;CST;MCO;OK;01/12/2011;01/12/2011;C;OPT;C;TR;RF19;48;46;2;4;;4;383,4945;;;01/12/2011;;;;
4614819;TERRITOIRE;IRS - 48FO - BRECHE_ARCHIVE (CRETEIL)/FRANCE LIBRE (CRETEIL);;;SFR_COLL;DSP_MAJ_IRISE;;;OR21;OR1;OR21;CST;MCO;OK;24/07/2007;24/07/2007;C;OPT;C;TR;RF19;48;48;0;4;;4;364,3474;;;24/07/2007;;;;
4636097;TERRITOIRE;IRS - 72FO - CHEMIN DE PETITS PONTS/CARREFOUR BEAUJART N-1 CAA CLAMART;;;SFR_COLL;DSP_MAJ_IRISE;;;OR21;OR1;OR21;CST;MCO;OK;29/11/2010;29/11/2010;C;OPT;C;TR;RF28;72;19;53;6;;4;431,6121;;;29/11/2010;;;;
4614081;TERRITOIRE;IRS - 72FO - N-1 ADD2 BROUSSE/IRS VANZETTI_CROIZAT (Villejuif);;;SFR_COLL;DSP_MAJ_IRISE;;;OR21;OR1;OR21;CST;MCO;OK;25/10/2007;25/10/2007;C;OPT;C;TR;RF16;72;66;6;6;;4;856,2139;;;25/10/2007;;;;
4608202;TERRITOIRE;IRS - 65 RUE DOLET/E DOLET POMPIERS;;;SFR_COLL;DSP_MAJ_IRISE;;;OR21;OR1;OR21;CST;MCO;OK;22/03/2005;22/03/2005;C;OPT;C;TR;RF16;72;10;62;6;;4;249,0104;;;22/03/2005;;;;
4608588;TERRITOIRE;IRS - 12FO - RUE DU SCORPION/SYDNEY 1;;;SFR_COLL;DSP_MAJ_IRISE;;;OR21;OR1;OR21;CST;MCO;OK;16/01/2006;16/01/2006;C;OPT;C;DI;RF14;12;8;4;2;;4;38,3273;;;16/01/2006;;;;
4601443;TERRITOIRE;IRS - 144FO - ANGLE R. NEUILLY-BD. GALLIENI/FACE 23 RUE LEROUX GUERIN;;;SFR_COLL;DSP_MAJ_IRISE;;;OR21;OR1;OR21;CST;MCO;OK;23/07/2012;23/07/2012;C;OPT;C;LH;RF40;144;142;2;12;;4;372,0840;;;23/07/2012;;;;
4627696;TERRITOIRE;144 FO - IRISE - RUE AMBROISE CROIZAT/ CHAMBRE 7 DEVANT MSP ST-DENIS - BPE 1;;;SFR_COLL;DSP_MAJ_IRISE;;;OR21;OR1;OR21;CST;MCO;OK;18/07/2008;18/07/2008;C;OPT;C;LH;RF40;144;66;78;12;;4;246,1409;;;18/07/2008;;;;
11030150;TERRITOIRE;24 FO - IRS - IRS - ADD2 BI 163 QUAI DOCTEUR DERVEAUX/POP LABORDE GESTION QUAI DOCTEUR DERVEAUX - BA;;;SFR_COLL;DSP_MAJ_IRISE;;;OR21;OR1;OR21;CST;MCO;OK;13/03/2017;13/03/2017;C;OPT;C;DI;RF30;24;22;2;4;;4;2,0155;;;13/03/2017;;;;
4604418;TERRITOIRE;IRS - 72 FO - 34 RUE DE CHOISY - RONDENAY / CHOISY IRISE;;;SFR_COLL;DSP_MAJ_IRISE;;;OR21;OR1;OR21;CST;MCO;OK;08/08/2002;08/08/2002;C;OPT;C;TR;RF16;72;31;41;6;;4;719,8469;;;08/08/2002;;;;
10801637;HORS TERRITOIRE;IRS - 36FO - BI POP FTTS HERBLAY LA FOLIE / RUE DE PONTOISE (HERBLAY);;;SFR_COLL;DSP_MAJ_IRISE;;;OR21;OR1;OR21;CST;MCO;OK;01/07/2013;01/07/2013;C;OPT;C;TR;RF26;36;32;4;6;;4;18,6310;;;01/07/2013;;;;
45204257;HORS TERRITOIRE;IRS - 48 FO - ANGLE  R. DE  LA PREFECTURE / POP MAISON DES ADOS CERGY;;;SFR_COLL;DSP_MAJ_IRISE;;;OR21;OR1;OR21;CST;MCO;OK;07/06/2024;07/06/2024;C;OPT;C;DI;RF20;48;48;0;8;;5;143,7182;;;07/06/2024;;;;
4602402;TERRITOIRE;IRS - ANGLE ANATOLE-MICHELET CH10/RUE DU BAC-2;;;SFR_COLL;DSP_MAJ_IRISE;;;OR21;OR1;OR21;CST;MCO;OK;04/05/2005;04/05/2005;C;OPT;C;LH;RF40;144;53;91;12;;4;1079,5077;;;04/05/2005;;;;
17229474;TERRITOIRE;IRS - 48 FO - N-1 CAA CACHAN - 2 RUE DE LA COOPERATIVE / FT 734 - 17 IMPASSE BENOIT GUICHON CACHAN;;;SFR_COLL;DSP_MAJ_IRISE;;;OR21;OR1;OR21;CST;MCO;OK;23/02/2005;23/02/2005;C;OPT;C;TR;RF19;48;37;11;4;;4;242,1007;;;23/02/2005;;;;
4605636;TERRITOIRE;IRS - 48FO - RUE BARBES-RUE DE LA VANNE/AV COUTURIER;;;SFR_COLL;DSP_MAJ_IRISE;;;OR21;OR1;OR21;CST;MCO;OK;25/10/2004;25/10/2004;C;OPT;C;TR;RF19;48;29;19;4;;4;386,3116;;;25/10/2004;;;;
7503585;TERRITOIRE;IRS - 36FO - 17 RUE VAL DE MARNE / POP IBIS VAL DE MARNE GENTILLY - AA;;;SFR_COLL;DSP_MAJ_IRISE;;;OR21;OR1;OR21;CST;MCO;OK;15/11/2013;15/11/2013;C;OPT;C;TR;RF26;36;34;2;6;;4;11,8186;;;15/11/2013;;;;
45395623;TERRITOIRE;IRS - 12 FO - FT451 - AVENUE ARISTIDE BRIAND / IRS - N-1 CAM71;;;SFR_COLL;DSP_MAJ_IRISE;;;OR21;OR1;OR21;CST;MCO;OK;21/06/2024;21/06/2024;C;OPT;C;DI;RF27;12;10;2;2;;5;63,3572;;;21/06/2024;;;;
4602989;TERRITOIRE;IRS - 144FO - 2 RUE DU HAMEAU FLEUR/21 AV G LECLERC;;;SFR_COLL;DSP_MAJ_IRISE;;;OR21;OR1;OR21;CST;MCO;OK;02/07/2004;02/07/2004;C;OPT;C;LH;RF56;144;81;63;12;;4;134,2688;;;02/07/2004;;;;
10953023;TERRITOIRE;IRS - 24FO - BI POP FSEF SCEAUX (DUPRE) / POP FSEF SCEAUX (DUPRE) - AA;;;SFR_COLL;DSP_MAJ_IRISE;;;OR21;OR1;OR21;CST;MCO;OK;23/02/2017;23/02/2017;C;OPT;C;DI;RF30;24;24;0;4;;4;11,6684;;;23/02/2017;;;;
7166951;TERRITOIRE;IRS - DANIELLE CASANOVA/POP MAIRIE D'IVRY;;;SFR_COLL;DSP_MAJ_IRISE;;;OR21;OR1;OR21;CST;MCO;OK;01/01/2002;01/01/2002;C;OPT;C;TR;RF42;36;34;2;6;;4;405,5151;;;01/01/2002;;;;
4594357;TERRITOIRE;IRS - RUE DE PARIS/BD DE LA LIBERTE;;;SFR_COLL;DSP_MAJ_IRISE;;;OR21;OR1;OR21;CST;MCO;OK;28/04/2004;28/04/2004;C;OPT;C;LH;RF40;144;68;76;12;;4;145,5777;;;28/04/2004;;;;
24913384;TERRITOIRE;IRS - 24FO - FT1905 - RUE BEL AIR (MONTREUIL) BPE 1 / FT1967 - RUE ST JUST (MONTREUIL) BPE 1;;;SFR_COLL;DSP_MAJ_IRISE;;;OR21;OR1;OR21;CST;MCO;OK;26/07/2021;26/07/2021;C;OPT;C;DI;RF29;24;20;4;4;;5;400,6713;;;26/07/2021;;;;
31521702;TERRITOIRE;IRS - 12FO - FT 223 - 3 RUE FRAGONARD / PRC IRIS - CH ORANGE 275 - AA;;;SFR_COLL;DSP_MAJ_IRISE;;;OR21;OR1;OR21;CST;MCO;OK;16/05/2022;16/05/2022;C;OPT;C;DI;RF27;12;10;2;2;;5;220,3098;;;16/05/2022;;;;
4633202;TERRITOIRE;IRS - 24FO BI/POP FOYER_DES_ANCIENS (D64);;;SFR_COLL;DSP_MAJ_IRISE;;;OR21;OR1;OR21;CST;MCO;OK;28/07/2009;28/07/2009;C;OPT;C;DI;RF15;24;22;2;4;;4;14,8661;;;28/07/2009;;;;
7643457;HORS TERRITOIRE;IRS - 12FO - POP FTTS OSNY ZAC (OSNY) / N-1 POP FTTS OSNY ZAC (OSNY) - AA;;;SFR_COLL;DSP_MAJ_IRISE;;;OR21;OR1;OR21;CST;MCO;OK;20/12/2013;20/12/2013;C;OPT;C;DI;RF57;12;8;4;1;;4;42,8244;;;20/12/2013;;;;
14842595;TERRITOIRE;NE PLUS UTILISER - MIGRATIONS PN U398573 - IRS - 36 FO - IRS - FT916 - 13 AVENUE HENRI BARBUSSE / RUE LAUTREAMONT BOBIGNY;;;SFR_COLL;DSP_MAJ_IRISE;;;OR21;OR1;OR21;CST;MCO;OK;20/05/2019;20/05/2019;C;OPT;C;TR;RF50;36;36;0;3;;4;1716,1519;;;20/05/2019;;;;
15288133;TERRITOIRE;IRS - 144 FO - FT 4 - 106 VOIE DE PROMENADE (VILLENEUVE-LA-GARENNE) / 48 Fo CH Mairie Ile St Denis;;;SFR_COLL;DSP_MAJ_IRISE;;;OR21;OR1;OR21;CST;MCO;OK;11/07/2019;11/07/2019;C;OPT;C;LH;RF22;144;142;2;12;;4;758,3192;;;11/07/2019;;;;
4609310;TERRITOIRE;IRS - RUE DU DOCTEUR ROUX/CARREFOUR DES BLAGIS;;;SFR_COLL;DSP_MAJ_IRISE;;;OR21;OR1;OR21;CST;MCO;OK;31/08/2005;31/08/2005;C;OPT;C;TR;RF16;72;37;35;6;;4;106,5434;;;31/08/2005;;;;
4640671;TERRITOIRE;IRS - 36 FO - BI 10 RUE SAINTOT (VILLENEUVE LE ROI)/N-1 VILLENEUVE LE ROI (HAUT);;;SFR_COLL;DSP_MAJ_IRISE;;;OR21;OR1;OR21;CST;MCO;OK;14/03/2012;14/03/2012;C;OPT;C;TR;RF42;36;28;8;6;;4;55,4442;;;14/03/2012;;;;
15232370;TERRITOIRE;IRS - 72 FO - FT952 - RUE DU FAUSSE BLANC / FT943 - 105 RUE DU FAUSSE BLANC GENNEVILLIERS;;;SFR_COLL;DSP_MAJ_IRISE;;;OR21;OR1;OR21;CST;MCO;OK;05/07/2019;05/07/2019;C;OPT;C;TR;RF28;72;72;0;6;;4;497,1938;;;05/07/2019;;;;
4614604;TERRITOIRE;IRS - 144FO - 173 GENERAL DE GAULE/LEDRU-ROLLIN;;;SFR_COLL;DSP_MAJ_IRISE;;;OR21;OR1;OR21;CST;MCO;OK;26/07/2012;26/07/2012;C;OPT;C;LH;RF56;144;73;71;12;;4;616,6554;;;26/07/2012;;;;
4637221;TERRITOIRE;IRS 24 FO POP ECOLE DE DANSE PANTIN / N-1 ECOLE DE DANSE PANTIN - AA;;;SFR_COLL;DSP_MAJ_IRISE;;;OR21;OR1;OR21;CST;MCO;OK;15/03/2011;15/03/2011;C;OPT;C;DI;RF15;24;22;2;4;;4;43,2090;;;15/03/2011;;;;
6088561;HORS TERRITOIRE;IRS - 144FO - LD - BAG BPE1/BPE2;;;SFR_COLL;DSP_MAJ_IRISE;;;OR21;OR1;OR21;CST;MCO;OK;08/04/2013;08/04/2013;C;OPT;C;LH;RF36;144;114;30;12;;145;2,0901;;;08/04/2013;;;;
4603457;HORS TERRITOIRE;IRS - 12FO - POP FRANCE BOISSON/RUE DES 2 GARES - AA;;;SFR_COLL;DSP_MAJ_IRISE;;;OR21;OR1;OR21;CST;MCO;OK;28/10/2004;28/10/2004;C;OPT;C;DI;RF38;12;12;0;1;;4;122,9782;;;28/10/2004;;;;
23266337;TERRITOIRE;144 FO - IRS - 74  AVENUE FRANKLIN ROOSEVELT / IRS - RUE MONT VALERIEN;;;SFR_COLL;DSP_MAJ_IRISE;;;OR21;OR1;OR21;CST;MCO;OK;26/03/2009;26/03/2009;C;OPT;C;LH;RF40;144;133;11;12;;4;890,7693;;;26/03/2009;;;;
19046131;TERRITOIRE;IRS - 36 FO - FT 164 - 68 RUE CHARLES MICHELS / 11 BD DE LA LIBERATION (ST DENIS);;;SFR_COLL;DSP_MAJ_IRISE;;;OR21;OR1;OR21;CST;MCO;OK;29/06/2020;29/06/2020;C;OPT;C;TR;RF50;36;36;0;3;;4;469,9269;;;29/06/2020;;;;
42551137;HORS TERRITOIRE;IRS - 72FO - IRS - 1 AVENUE ALICE GUY / IRS - RUE GARRY LIMEIL-BREVANNES;;;SFR_COLL;DSP_MAJ_IRISE;;;OR21;OR1;OR21;CST;MCO;OK;22/10/2007;22/10/2007;C;OPT;C;TR;RF16;72;66;6;6;;4;132,9029;;;22/10/2007;;;;
22608098;TERRITOIRE;IRS - 12FO - FT2157 - 179 BOULEVARD ARISTIDE BRIAND / POP ELEMENTAIRES BOISSIERE MONTREUIL - AA;;;SFR_COLL;DSP_MAJ_IRISE;;;OR21;OR1;OR21;CST;MCO;OK;08/03/2021;08/03/2021;C;OPT;C;DI;RF27;12;6;6;2;;5;86,7370;;;08/03/2021;;;;
4614528;HORS TERRITOIRE;IRS - 35 RUE GABRIEL PERI/POP DURAN TV- AA;;;SFR_COLL;DSP_MAJ_IRISE;;;OR21;OR1;OR21;CST;MCO;OK;18/09/2007;18/09/2007;C;OPT;C;DI;RF79;24;20;4;4;;5;18,3677;;;18/09/2007;;;;
4613010;TERRITOIRE;(N'EXISTE PAS D'APRES RECOLE BPE LE 17/05/10) - IRS - WILSON_MITTERRAND/MGP WILSON_MITTERRAND;;;SFR_COLL;DSP_MAJ_IRISE;;;OR21;OR1;OR21;CST;MCO;OK;30/07/2007;30/07/2007;C;OPT;C;DI;RF38;12;10;2;1;;4;21,3997;;;30/07/2007;;;;
4643196;TERRITOIRE;IRS - 72 FO - ANGLE PARIS_FAYS/ANGLE LAGNY_JOFFRE;;;SFR_COLL;DSP_MAJ_IRISE;;;OR21;OR1;OR21;CST;MCO;OK;09/07/2012;09/07/2012;C;OPT;C;TR;RF16;72;61;11;6;;4;398,0010;;;09/07/2012;;;;
4607278;TERRITOIRE;IRS - 72FO - PONT DE JOINVILLE-BROSSOLETE /1 BOULEVARD ARISTIDE BRIAND ( CHAMPIGNY-SUR-MARNE );;;SFR_COLL;DSP_MAJ_IRISE;;;OR21;OR1;OR21;CST;MCO;OK;03/12/2009;03/12/2009;C;OPT;C;TR;RF16;72;17;55;6;;4;1725,8658;;;03/12/2009;;;;
6436705;HORS TERRITOIRE;IRS - 72FO - FT 980 ANGLE BEAUX SOLEILS BD MERITES/BD DES MERITES;;;SFR_COLL;DSP_MAJ_IRISE;;;OR21;OR1;OR21;CST;MCO;OK;23/05/2013;23/05/2013;C;OPT;C;TR;RF28;72;68;4;6;;4;446,3826;;;23/05/2013;;;;
33342500;TERRITOIRE;IRS - 36 FO - FT 1999 -  AVENUE DE LA BANQUE / FT 3517 - RUE DU BOIS DES MOINES x AV. ALBERT 1;;;SFR_COLL;DSP_MAJ_IRISE;;;OR21;OR1;OR21;CST;MCO;OK;19/08/2022;19/08/2022;C;OPT;C;TR;RF50;36;36;0;3;;4;1421,2662;;;19/08/2022;;;;
4636685;TERRITOIRE;IRS - 72FO - 10 AV DE PARIS/IRS - ANGLE RUE DES NOAILLES_AVE DE PARIS;;;SFR_COLL;DSP_MAJ_IRISE;;;OR21;OR1;OR21;CST;MCO;OK;06/04/2011;06/04/2011;C;OPT;C;TR;RF16;72;53;19;6;;4;321,9910;;;06/04/2011;;;;
4636008;HORS TERRITOIRE;IRS - 24FO - BI LEYTON ASSOCIES / POP LEYTON ASSOCIES SAINT-CLOUD - AA;;;SFR_COLL;DSP_MAJ_IRISE;;;OR21;OR1;OR21;CST;MCO;OK;20/09/2010;20/09/2010;C;OPT;C;DI;RF15;24;23;1;4;;4;51,0428;;;20/09/2010;;;;
7428627;HORS TERRITOIRE;IRS - 12FO - 65 ROUTE DE LA LIBERATION/ POP FTTS CHENNEVIERES-MARNE (ZI) - AA;;;SFR_COLL;DSP_MAJ_IRISE;;;OR21;OR1;OR21;CST;MCO;OK;23/10/2013;23/10/2013;C;OPT;C;DI;RF45;12;10;2;2;;4;48,1209;;;23/10/2013;;;;
4631474;TERRITOIRE;IRS - 24FO - 147 RUE DU DR BAUER/POP CMS BAUER SAINT OUEN - AA;;;SFR_COLL;DSP_MAJ_IRISE;;;OR21;OR1;OR21;CST;MCO;OK;09/04/2009;09/04/2009;C;OPT;C;DI;RF15;24;16;8;4;;4;18,4389;;;09/04/2009;;;;
8130194;TERRITOIRE;IRS - 24FO - LD - ANGLE AV GENERAL LECLERC_BD DE CHEVILLY / POP ANNEXE MAIRIE CHARLES DE GAULLE -AA;;;SFR_COLL;DSP_MAJ_IRISE;;;OR21;OR1;OR21;CST;MCO;OK;30/04/2014;30/04/2014;C;OPT;C;DI;RF30;24;20;4;4;;4;76,8422;;;30/04/2014;;;;
4613105;TERRITOIRE;IRS-QUAI JULES GUESDES/POP SANOFI VITRY;;;SFR_COLL;DSP_MAJ_IRISE;;;OR21;OR1;OR21;CST;MCO;OK;16/05/2006;16/05/2006;C;OPT;C;DI;RF14;12;10;2;2;;4;313,5468;;;16/05/2006;;;;
4607462;TERRITOIRE;IRS - 48FO PLACE JEAN JAURES/84 AV JEAN JAURES;;;SFR_COLL;DSP_MAJ_IRISE;;;OR21;OR1;OR21;CST;MCO;OK;06/08/2008;06/08/2008;C;OPT;C;TR;RF19;48;44;4;4;;4;209,2275;;;06/08/2008;;;;
23670498;HORS TERRITOIRE;IRS - 24 FO - 65 AVENUE MARECHAL DE LATTRE DE TASSIGNY / FT221 -1 AVENUE DES LUATS;;;SFR_COLL;DSP_MAJ_IRISE;;;OR21;OR1;OR21;CST;MCO;OK;18/05/2021;18/05/2021;C;OPT;C;DI;RF29;24;22;2;4;;5;543,2783;;;18/05/2021;;;;
24196594;TERRITOIRE;IRS - 5 RUE DES TERTRES (BAGNEUX) - BPE 1/IRS - FT778 - PLACE DE LA LIBERATION (SCEAUX) - BPE 1;;;SFR_COLL;DSP_MAJ_IRISE;;;OR21;OR1;OR21;CST;MCO;OK;16/06/2021;16/06/2021;C;OPT;C;TR;RF33;48;46;2;4;;5;1156,2296;;;16/06/2021;;;;
4597781;TERRITOIRE;IRS - 72FO - PRC OPALYS RUE FAIDHERBE / RUE HAIDHERBE;;;SFR_COLL;DSP_MAJ_IRISE;;;OR21;OR1;OR21;CST;MCO;OK;09/12/2009;09/12/2009;C;OPT;C;TR;RF16;72;60;12;6;;4;2,8489;;;09/12/2009;;;;
16697634;TERRITOIRE;IRS - 72 FO - FT 866 - 209 BD PASTEUR (LES PAVILLONS SOUS BOIS) / FT 346 - 71 BD DE LA REPUBLIQUE (LIVRY GARGAN);;;SFR_COLL;DSP_MAJ_IRISE;;;OR21;OR1;OR21;CST;MCO;OK;05/12/2019;05/12/2019;C;OPT;C;TR;RF28;72;72;0;6;;4;638,7541;;;05/12/2019;;;;
17394612;TERRITOIRE;IRS - 36 FO - 57 AV HENRI RAVERA / FT 26 AVENUE HENRI RAVERA;;;SFR_COLL;DSP_MAJ_IRISE;;;OR21;OR1;OR21;CST;MCO;OK;13/02/2020;13/02/2020;C;OPT;C;TR;RF50;36;36;0;3;;4;894,0461;;;13/02/2020;;;;
4603467;TERRITOIRE;IRS 24 FO ANGLE VILAINS -DELAVAQUERIE/POP MAIRIE ANNEXE MONTREAU - AA;;;SFR_COLL;DSP_MAJ_IRISE;;;OR21;OR1;OR21;CST;MCO;OK;20/06/2011;20/06/2011;C;OPT;C;DI;RF15;24;20;4;4;;4;19,3282;;;20/06/2011;;;;
32684897;TERRITOIRE;24 FO - IRS - 84 RUE DU QUATRIEME ZOUAVE / PRC IRS - BD BOISSIERE FT45;;;SFR_COLL;DSP_MAJ_IRISE;;;OR21;OR1;OR21;CST;MCO;OK;12/07/2022;12/07/2022;C;OPT;C;DI;RF29;24;22;2;4;;5;8,1438;;;12/07/2022;;;;
19396546;TERRITOIRE;IRS - 36 FO - FT 622 - RUE JULES VALLES / IRS - FT 304 - RUE MATHIEU;;;SFR_COLL;DSP_MAJ_IRISE;;;OR21;OR1;OR21;CST;MCO;OK;23/07/2020;23/07/2020;C;OPT;C;TR;RF50;36;36;0;3;;4;576,2488;;;23/07/2020;;;;
4618846;TERRITOIRE;IRS -144FO- ANGLE BOBET GRANGE / RUE CARNOT;;;SFR_COLL;DSP_MAJ_IRISE;;;OR21;OR1;OR21;CST;MCO;OK;19/12/2011;19/12/2011;C;OPT;C;LH;RF40;144;142;2;12;;4;328,8849;;;19/12/2011;;;;
7188377;TERRITOIRE;IRS - 144 FO - 20 RUE HIPPOLYTE PINSON / 14BIS RUE DES RESERVOIRS;;;SFR_COLL;DSP_MAJ_IRISE;;;OR21;OR1;OR21;CST;MCO;OK;08/08/2013;08/08/2013;C;OPT;C;LH;RF22;144;140;4;12;;4;189,7424;;;08/08/2013;;;;
4627387;TERRITOIRE;IRS - 72FO - PRESIDENT WILSON AB PROD ADD2  / IMPASSE ST-JUSTE;;;SFR_COLL;DSP_MAJ_IRISE;;;OR21;OR1;OR21;CST;MCO;OK;16/06/2008;16/06/2008;C;OPT;C;TR;RF16;72;70;2;6;;4;250,2938;;;16/06/2008;;;;
19898275;HORS TERRITOIRE;12 FO - IRISE - FT 404 - 31 RUE DU MARECHAL FOCH / POP ECOLE PERRAULT VILLIERS SUR MARNE - AA;;;SFR_COLL;DSP_MAJ_IRISE;;;OR21;OR1;OR21;CST;MCO;OK;28/08/2020;28/08/2020;C;OPT;C;DI;RF27;12;8;4;2;;5;112,4287;;;28/08/2020;;;;
10958276;TERRITOIRE;IRS - 144FO - LD- BI 23 - 25 AV ARISTIDE BRIAND /  FT112-  23-25 AV ARISTIDE BRIAND (ARCUEIL);;;SFR_COLL;DSP_MAJ_IRISE;;;OR21;OR1;OR21;CST;MCO;OK;23/01/2014;23/01/2014;C;OPT;C;LH;RF22;144;143;1;12;;4;25,5739;;;23/01/2014;;;;
11012222;TERRITOIRE;IRS - 36 FO - B2S LE SIGNAC/IRS - BI PLACE DES HAUTS TILLIERS;;;SFR_COLL;DSP_MAJ_IRISE;;;OR21;OR1;OR21;CST;MCO;OK;10/06/2013;10/06/2013;C;OPT;C;TR;RF26;36;36;0;6;;4;205,5985;;;10/06/2013;;;;
5822946;TERRITOIRE;IRS - 288FO - SFR - BAGUETTE BPE1-BPE2 ARAGO CURIE;;;SFR_COLL;DSP_MAJ_IRISE;;;OR21;OR1;OR21;CST;MCO;OK;06/03/2013;06/03/2013;C;OPT;C;LH;RF86;288;245;43;12;;4;0,2655;;;06/03/2013;;;;
6586146;HORS TERRITOIRE;IRS - 144FO - FT 669 - RUE DE ROUEN (PONTOISE) / FT 210 - RUE DE ROUEN (PONTOISE);;;SFR_COLL;DSP_MAJ_IRISE;;;OR21;OR1;OR21;CST;MCO;OK;05/06/2013;05/06/2013;C;OPT;C;LH;RF22;144;141;3;12;;4;316,0272;;;05/06/2013;;;;
29236901;TERRITOIRE;IRS - 24 FO - FT1543- 142B AV DE STALINGRAD VILLEJUIF/FT1581- 90 AV DE STALINGRAD VILLEJUIF;;;SFR_COLL;DSP_MAJ_IRISE;;;OR21;OR1;OR21;CST;MCO;OK;28/01/2022;28/01/2022;C;OPT;C;DI;RF29;24;22;2;4;;5;324,7878;;;28/01/2022;;;;
4610789;TERRITOIRE;IRS - INTERSECTION PERI-RENAN/42 AV GABRIEL PERI SAINT OUEN;;;SFR_COLL;DSP_MAJ_IRISE;;;OR21;OR1;OR21;CST;MCO;OK;18/10/2006;18/10/2006;C;OPT;C;TR;RF19;48;44;4;4;;4;59,2839;;;18/10/2006;;;;
8114241;TERRITOIRE;IRS - 72FO -LD - ANGLE AV GENERAL LECLERC_BD DE CHEVILLY/BI AV GENERAL LECLERC;;;SFR_COLL;DSP_MAJ_IRISE;;;OR21;OR1;OR21;CST;MCO;OK;25/04/2014;25/04/2014;C;OPT;C;TR;RF28;72;68;4;6;;4;95,8063;;;25/04/2014;;;;
4609604;TERRITOIRE;IRS - 72FO AV DESCARTES/BOURSIDIERE KERGUELEN;;;SFR_COLL;DSP_MAJ_IRISE;;;OR21;OR1;OR21;CST;MCO;OK;30/01/2008;30/01/2008;C;OPT;C;TR;RF16;72;56;16;6;;4;456,7929;;;30/01/2008;;;;
4601645;HORS TERRITOIRE;IRS - PAIX-COLOMB/20 RUE TURGOT;;;SFR_COLL;DSP_MAJ_IRISE;;;OR21;OR1;OR21;CST;MCO;OK;24/05/2004;24/05/2004;C;OPT;C;LH;RF74;144;101;43;12;;100;964,2723;;;24/05/2004;;;;
36586674;TERRITOIRE;POP CAMERA 23 / CH SAT SECURISEE CAM23 _FT869;;;SFR_COLL;DSP_MAJ_IRISE;;;OR21;OR1;OR21;CST;MCO;OK;07/02/2023;07/02/2023;C;OPT;C;DI;RF27;12;10;2;2;;5;7,1960;;;07/02/2023;;;;
4597652;TERRITOIRE;IRS - 144FO - 412 AV COUTURIER/JULES GUESDES VIA B501 BOB 003;;;SFR_COLL;DSP_MAJ_IRISE;;;OR21;OR1;OR21;CST;MCO;OK;26/02/2007;26/02/2007;C;OPT;C;LH;RF56;144;59;85;12;;4;1699,7024;;;26/02/2007;;;;
4608501;TERRITOIRE;IRS - 12FO - RUE DE LA COUTURE BPE 2/BRUGES;;;SFR_COLL;DSP_MAJ_IRISE;;;OR21;OR1;OR21;CST;MCO;OK;17/01/2006;17/01/2006;C;OPT;C;DI;RF14;12;10;2;2;;4;111,1869;;;17/01/2006;;;;
7826884;HORS TERRITOIRE;72 FO - IRS-RUE DES HAUTS CHATEAUX / DEBITEX- RUE DES VERTS BATONS;;;SFR_COLL;DSP_MAJ_IRISE;;;OR21;OR1;OR21;CST;MCO;OK;17/02/2014;17/02/2014;C;OPT;C;TR;RF28;72;69;3;6;;4;76,2506;;;17/02/2014;;;;
7166342;TERRITOIRE;IRS - 144FO - N-1 CAA NANTERRE (J.MANSARD) / FT - IRS - DB FRANCOIS RASPAIL (NANTERRE);;;SFR_COLL;DSP_MAJ_IRISE;;;OR21;OR1;OR21;CST;MCO;OK;31/07/2013;31/07/2013;C;OPT;C;LH;RF22;144;142;2;12;;4;820,6843;;;31/07/2013;;;;
8787953;TERRITOIRE;IRS - 36FO - LD - FT_IRS 72 AV GENERAL GALIENI / FT_IRS 5 AV DE PALISSY (JOINVILLE LE PONT);;;SFR_COLL;DSP_MAJ_IRISE;;;OR21;OR1;OR21;CST;MCO;OK;14/11/2014;14/11/2014;C;OPT;C;TR;RF50;36;34;2;3;;4;849,5827;;;14/11/2014;;;;
4633315;TERRITOIRE;IRS - 48FO PISCINE_HAY (D18)/RCE BERGERE (D89);;;SFR_COLL;DSP_MAJ_IRISE;;;OR21;OR1;OR21;CST;MCO;OK;20/07/2009;20/07/2009;C;OPT;C;TR;RF19;48;46;2;4;;4;485,0096;;;20/07/2009;;;;
4638267;TERRITOIRE;IRS 72 FO JULES FERRY PK 3703/PRC SEQUANTIC JULES FERRY;;;SFR_COLL;DSP_MAJ_IRISE;;;OR21;OR1;OR21;CST;MCO;OK;05/08/2011;05/08/2011;C;OPT;C;TR;RF16;72;68;4;6;;4;10,0000;;;05/08/2011;;;;
4631569;TERRITOIRE;IRS - 288FO RESI_ETUD_P&M_CURIE (E01)/CEN_GEOTH_CHEVILLY_LARUE (C01);;;SFR_COLL;DSP_MAJ_IRISE;;;OR21;OR1;OR21;CST;MCO;OK;23/07/2009;23/07/2009;C;OPT;C;LH;RF51;288;286;2;24;;102;1439,4591;;;23/07/2009;;;;
4611247;TERRITOIRE;BPE 5 ESSEN/LT ESSEN RUNGIS;;;SFR_COLL;DSP_MAJ_IRISE;;;OR21;OR1;OR21;CST;MCO;OK;06/02/2006;06/02/2006;C;OPT;C;DI;RF14;12;8;4;2;;4;16,9640;;;06/02/2006;;;;
4610331;TERRITOIRE;IRS - 72FO - AV DE L'EUROPE_/18 AV DES FRERES LUMIERES;;;SFR_COLL;DSP_MAJ_IRISE;;;OR21;OR1;OR21;CST;MCO;OK;20/04/2012;20/04/2012;C;OPT;C;TR;RF16;72;30;42;6;;4;227,2393;;;20/04/2012;;;;
4603679;HORS TERRITOIRE;IRS - 72FO - VERS DE GAULLE/HOPITAL POINCARE;;;SFR_COLL;DSP_MAJ_IRISE;;;OR21;OR1;OR21;CST;MCO;OK;27/09/2004;27/09/2004;C;OPT;C;TR;RF16;72;23;49;6;;4;528,4046;;;27/09/2004;;;;
4625662;TERRITOIRE;IRS - CAB2 - N-1 MAIRIE AUBERVILLIERS/MAIRIE AUBERVILLIERS;;;SFR_COLL;DSP_MAJ_IRISE;;;OR21;OR1;OR21;CST;MCO;OK;30/01/2008;30/01/2008;C;OPT;C;DI;RF15;24;6;18;4;;4;36,1899;;;30/01/2008;;;;
4639359;TERRITOIRE;IRS - 72FO - ROND POINT RUE DE STRASBOURG / IRS - RUE DE STRASBOURG ADD1;;;SFR_COLL;DSP_MAJ_IRISE;;;OR21;OR1;OR21;CST;MCO;OK;20/04/2012;20/04/2012;C;OPT;C;TR;RF16;72;70;2;6;;4;338,6731;;;20/04/2012;;;;
23569061;TERRITOIRE;IRS - 72 FO - FT 1127 - 19 RUE DES GRAVIERS / FT 438 - 7 RUE MONTROSIER;;;SFR_COLL;DSP_MAJ_IRISE;;;OR21;OR1;OR21;CST;MCO;OK;11/05/2021;11/05/2021;C;OPT;C;TR;RF28;72;72;0;6;;4;1428,9268;;;11/05/2021;;;;
4632108;TERRITOIRE;IRS - 48FO CILOF DOUANES (D61)/ARMAND_GAUTIER (D13);;;SFR_COLL;DSP_MAJ_IRISE;;;OR21;OR1;OR21;CST;MCO;OK;17/07/2009;17/07/2009;C;OPT;C;TR;RF19;48;46;2;4;;4;300,6125;;;17/07/2009;;;;
14942130;TERRITOIRE;IRS - 36 FO - FT 429 - RUE DE STALINGRAD - BPE 1/AVENUE DE LA DIVISION LECLERC ( PANTIN) - BPE 1;;;SFR_COLL;DSP_MAJ_IRISE;;;OR21;OR1;OR21;CST;MCO;OK;31/05/2019;31/05/2019;C;OPT;C;TR;RF26;36;36;0;6;;4;953,6930;;;31/05/2019;;;;
11092243;HORS TERRITOIRE;24FO - IRS - BI 1-5 RUE JEANNE D ARC/CCA INTERNATIONAL - AB;;;SFR_COLL;DSP_MAJ_IRISE;;;OR21;OR1;OR21;CST;MCO;OK;23/03/2017;23/03/2017;C;OPT;C;DI;RF48;24;24;0;4;;4;6,8803;;;23/03/2017;;;;
16761009;TERRITOIRE;IRS - 24FO - FT 799 - RUE JEAN LURCAT / FT1581- 90 AV DE STALINGRAD VILLEJUIF;;;SFR_COLL;DSP_MAJ_IRISE;;;OR21;OR1;OR21;CST;MCO;OK;12/12/2019;12/12/2019;C;OPT;C;DI;RF29;24;22;2;4;;5;695,6989;;;12/12/2019;;;;
8636451;TERRITOIRE;IRS - 24FO - FT 214 - ARTHUR RANC - FONTENAY / POP CENTRE CHIRURGICAL M. LANNELONGUE - AA;;;SFR_COLL;DSP_MAJ_IRISE;;;OR21;OR1;OR21;CST;MCO;OK;30/09/2014;30/09/2014;C;OPT;C;DI;RF87;24;23;1;4;;4;151,4324;;;30/09/2014;;;;
4614889;TERRITOIRE;IRS-RUE DE LA MONJOIE/POP DUBBING BROTHERS;;;SFR_COLL;DSP_MAJ_IRISE;;;OR21;OR1;OR21;CST;MCO;OK;11/06/2007;11/06/2007;C;OPT;C;DI;RF14;12;10;2;2;;4;62,2157;;;11/06/2007;;;;
15505313;TERRITOIRE;IRISE - 24FO -  159 RUE DE PARIS / PRC IRISE - CAMERA PDL 8;;;SFR_COLL;DSP_MAJ_IRISE;;;OR21;OR1;OR21;CST;MCO;OK;06/08/2019;06/08/2019;C;OPT;C;DI;RF29;24;22;2;4;;5;7,7181;;;06/08/2019;;;;
4622104;TERRITOIRE;IRS - 72 FO - RABELAIS LUCIA / VOI LUCIA;;;SFR_COLL;DSP_MAJ_IRISE;;;OR21;OR1;OR21;CST;MCO;OK;29/06/2011;29/06/2011;C;OPT;C;TR;RF16;72;70;2;6;;4;6,1581;;;29/06/2011;;;;
4633307;TERRITOIRE;IRS - 144FO JARDINS_DISPAN (D12)/FRETTES_1 (D45);;;SFR_COLL;DSP_MAJ_IRISE;;;OR21;OR1;OR21;CST;MCO;OK;20/07/2009;20/07/2009;C;OPT;C;LH;RF40;144;142;2;12;;4;215,6911;;;20/07/2009;;;;
4633311;TERRITOIRE;IRS - 144FO JEAN_MERMOZ (D63)/GS_BLONDEAUX (D33);;;SFR_COLL;DSP_MAJ_IRISE;;;OR21;OR1;OR21;CST;MCO;OK;20/07/2009;20/07/2009;C;OPT;C;LH;RF40;144;140;4;12;;4;1109,6815;;;20/07/2009;;;;
6645329;HORS TERRITOIRE;IRS - 36FO - N-1 / POP ENTREPOSE SERVICE PETIT ALBI - AA;;;SFR_COLL;DSP_MAJ_IRISE;;;OR21;OR1;OR21;CST;MCO;OK;11/06/2013;11/06/2013;C;OPT;C;TR;RF88;36;36;0;6;;4;46,9368;;;11/06/2013;;;;
4604826;TERRITOIRE;IRS - 24FO N-1/POP HOTEL_DEPARTEMENT;;;SFR_COLL;DSP_MAJ_IRISE;;;OR21;OR1;OR21;CST;MCO;OK;03/08/2009;03/08/2009;C;OPT;C;DI;RF15;24;20;4;4;;4;146,9918;;;03/08/2009;;;;
4632276;TERRITOIRE;IRS - 24FO - BI/POP CHAUFFERIE_JULES_FERRY (A03);;;SFR_COLL;DSP_MAJ_IRISE;;;OR21;OR1;OR21;CST;MCO;OK;22/07/2009;22/07/2009;C;OPT;C;DI;RF15;24;22;2;4;;4;26,3059;;;22/07/2009;;;;
10965948;TERRITOIRE;IRS - 24FO - BI 21 R MORICE GRANDCOING /  POP NSIS MAURICE GRANDCOING - AA;;;SFR_COLL;DSP_MAJ_IRISE;;;OR21;OR1;OR21;CST;MCO;OK;27/02/2017;27/02/2017;C;OPT;C;DI;RF30;24;24;0;4;;4;3,1918;;;27/02/2017;;;;
4632257;TERRITOIRE;IRS - 24FO - BI/POP ANATOLE_FRANCE (D37) - AA1;;;SFR_COLL;DSP_MAJ_IRISE;;;OR21;OR1;OR21;CST;MCO;OK;22/07/2009;22/07/2009;C;OPT;C;DI;RF15;24;20;4;4;;4;29,4109;;;22/07/2009;;;;
4632339;TERRITOIRE;IRS - 36 FO - BPI 2 AVENUE BENOIT/ANGLE BD G.LECLERC;;;SFR_COLL;DSP_MAJ_IRISE;;;OR21;OR1;OR21;CST;MCO;OK;15/12/2011;15/12/2011;C;OPT;C;TR;RF42;36;32;4;6;;4;11,8396;;;15/12/2011;;;;
4603990;TERRITOIRE;IRS - 48FO - VERS TELCITE/N-1 CAA DAUMESNIL;;;SFR_COLL;DSP_MAJ_IRISE;;;OR21;OR1;OR21;CST;MCO;OK;16/07/2004;16/07/2004;C;OPT;C;TR;RF89;48;35;13;8;;5;22,5614;;;16/07/2004;;;;
4637493;TERRITOIRE;IRS - 144FO - MAURICE THOREZ/C606 SDE 005 RUE DE LA LIBERTE;;;SFR_COLL;DSP_MAJ_IRISE;;;OR21;OR1;OR21;CST;MCO;OK;18/01/2011;18/01/2011;C;OPT;C;LH;RF40;144;142;2;12;;4;1509,5243;;;18/01/2011;;;;
4635300;TERRITOIRE;IRS - 24FO POP ROSA BONHEUR/BI FERME ANDRYVON;;;SFR_COLL;DSP_MAJ_IRISE;;;OR21;OR1;OR21;CST;MCO;OK;26/11/2010;26/11/2010;C;OPT;C;DI;RF24;24;20;4;2;;4;12,6489;;;26/11/2010;;;;
4633341;TERRITOIRE;IRS - 48FO - FERME- 8MAI/N-1 SEMECO;;;SFR_COLL;DSP_MAJ_IRISE;;;OR21;OR1;OR21;CST;MCO;OK;21/04/2010;21/04/2010;C;OPT;C;TR;RF19;48;46;2;4;;4;71,7974;;;21/04/2010;;;;
7847283;TERRITOIRE;IRS-RUE DE LA MONJOIE/36 RUE DE LA MONTJOIE ST DENIS;;;SFR_COLL;DSP_MAJ_IRISE;;;OR21;OR1;OR21;CST;MCO;OK;20/02/2014;20/02/2014;C;OPT;C;DI;RF30;24;20;4;4;;4;98,0232;;;20/02/2014;;;;
4632637;TERRITOIRE;IRS - 288FO - BD REPUBLIQUE/IRS QUAI DU HAUT POINT D'ISSY (IB)-2;;;SFR_COLL;DSP_MAJ_IRISE;;;OR21;OR1;OR21;CST;MCO;OK;10/12/2009;10/12/2009;C;OPT;C;LH;RF32;288;208;80;24;;4;319,8552;;;10/12/2009;;;;
24843618;TERRITOIRE;IRS - 12FO - FT2722 - RUE CHARLES DELAVACQUERIE / BPI - FOYER PERSONNES AGEES LES BLANCS VILAINS MONTREUIL;;;SFR_COLL;DSP_MAJ_IRISE;;;OR21;OR1;OR21;CST;MCO;OK;21/07/2021;21/07/2021;C;OPT;C;DI;RF27;12;8;4;2;;5;172,5484;;;21/07/2021;;;;
7259814;HORS TERRITOIRE;IRS - 144FO - ROUE DE PARIS /FT 692 - AVENUE DES BELLEVUES;;;SFR_COLL;DSP_MAJ_IRISE;;;OR21;OR1;OR21;CST;MCO;OK;04/09/2013;04/09/2013;C;OPT;C;LH;RF22;144;135;9;12;;4;294,5584;;;04/09/2013;;;;
4600027;TERRITOIRE;IRS - RUE DU BAC/RUE PETIT-BEREGOVOY;;;SFR_COLL;DSP_MAJ_IRISE;;;OR21;OR1;OR21;CST;MCO;OK;26/04/2005;26/04/2005;C;OPT;C;LH;RF40;144;53;91;12;;4;527,9400;;;26/04/2005;;;;
25618034;TERRITOIRE;12FO -  IRS - 131 AV DE LA VICTOIRE (ORLY) / POP SALLE CONVIVIALITE ORLY;;;SFR_COLL;DSP_MAJ_IRISE;;;OR21;OR1;OR21;CST;MCO;OK;07/09/2021;07/09/2021;C;OPT;C;DI;RF27;12;10;2;2;;5;563,6706;;;07/09/2021;;;;
4595202;TERRITOIRE;IRS - RUE PASTEUR-RUE DE PANTIN/46 AVENUE DE STALINGRAD;;;SFR_COLL;DSP_MAJ_IRISE;;;OR21;OR1;OR21;CST;MCO;OK;19/02/2003;19/02/2003;C;OPT;C;LH;RF56;144;73;71;12;;4;181,1488;;;19/02/2003;;;;
4598173;TERRITOIRE;IRS - 144FO - TCT - VERS ST DENIS - CONVENTION/SORTIE LC016-23  (OPEX 653);;;SFR_COLL;DSP_MAJ_IRISE;;;OR21;OR1;OR21;CST;MCO;OK;27/04/2005;27/04/2005;C;OPT;C;LH;RF90;144;90;54;12;;5;1204,1202;;;27/04/2005;;;;
36786021;TERRITOIRE;IRS - 12FO - FT175 CH SAT SECURISEE CAM24 / CAMERA24 - AA;;;SFR_COLL;DSP_MAJ_IRISE;;;OR21;OR1;OR21;CST;MCO;OK;16/02/2023;16/02/2023;C;OPT;C;DI;RF27;12;10;2;2;;5;9,3400;;;16/02/2023;;;;
4610014;TERRITOIRE;IRS - 36FO - BPE POP TISCALI/POP TISCALI;;;SFR_COLL;DSP_MAJ_IRISE;;;OR21;OR1;OR21;CST;MCO;OK;21/10/2004;21/10/2004;C;OPT;C;TR;RF42;36;34;2;6;;4;19,4409;;;21/10/2004;;;;
4600449;TERRITOIRE;IRS - DANTON THOMAS/57 AV FONTAINBLEAU;;;SFR_COLL;DSP_MAJ_IRISE;;;OR21;OR1;OR21;CST;MCO;OK;19/02/2010;19/02/2010;C;OPT;C;TR;RF12;48;40;8;6;;5;398,4024;;;19/02/2010;;;;
4641297;TERRITOIRE;IRS - 72FO - LA FERRIERE-PLAISANCE/RUE DE BONNE;;;SFR_COLL;DSP_MAJ_IRISE;;;OR21;OR1;OR21;CST;MCO;OK;29/02/2012;29/02/2012;C;OPT;C;TR;RF16;72;63;9;6;;4;821,3330;;;29/02/2012;;;;
7328561;HORS TERRITOIRE;IRS - 144 FO - BAG - IRS RUE DES 2 GARES BPE  1 / BPE 2;;;SFR_COLL;DSP_MAJ_IRISE;;;OR21;OR1;OR21;CST;MCO;OK;24/09/2013;24/09/2013;C;OPT;C;LH;RF22;144;142;2;12;;4;0,4421;;;24/09/2013;;;;
7728036;TERRITOIRE;IRS - 144FO - LD - AV DU P?‰RC DE L'ILE /ANGLE FRANCOIS JACOB_ARMAND PEUGEOT;;;SFR_COLL;DSP_MAJ_IRISE;;;OR21;OR1;OR21;CST;MCO;OK;21/01/2014;21/01/2014;C;OPT;C;LH;RF22;144;144;0;12;;4;277,5045;;;21/01/2014;;;;
15491565;TERRITOIRE;IRISE - 24FO - AVENUE GEORGES CLEMENCEAU / AVENUE PAUL DE KOCK;;;SFR_COLL;DSP_MAJ_IRISE;;;OR21;OR1;OR21;CST;MCO;OK;05/08/2019;05/08/2019;C;OPT;C;DI;RF29;24;18;6;4;;5;118,3845;;;05/08/2019;;;;
7085969;TERRITOIRE;IRS - 288FO - CONVENTION-CACHIN (TELCITE PK 3962)/AVE MARCEL CACHIN (LA COURNEUVE);;;SFR_COLL;DSP_MAJ_IRISE;;;OR21;OR1;OR21;CST;MCO;OK;17/07/2013;17/07/2013;C;OPT;C;LH;RF32;288;172;116;24;;4;7,0867;;;17/07/2013;;;;
36975779;TERRITOIRE;IRS - BAQUETTE - 12FO - IRS - AV DU GENERAL DE GAULLE FT1155 - BPE 1 / AV CHARLES DE GAULLE N-1 B2S LE SIGNAC - BPE 2;;;SFR_COLL;DSP_MAJ_IRISE;;;OR21;OR1;OR21;CST;MCO;OK;28/02/2023;28/02/2023;C;OPT;C;DI;RF27;12;11;1;2;;5;3,5491;;;28/02/2023;;;;
4607747;TERRITOIRE;IRS - MATERNELLE JAURES/PRIMAIRE JAURES;;;SFR_COLL;DSP_MAJ_IRISE;;;OR21;OR1;OR21;CST;MCO;OK;21/03/2005;21/03/2005;C;OPT;C;DI;RF14;12;8;4;2;;4;43,1854;;;21/03/2005;;;;
19501185;TERRITOIRE;IRS - 36 FO - 7 RUE PIERRE SEMARD ( MAISON ALFORT ) / FT 722 - 50 RUE ETIENNE DOLET;;;SFR_COLL;DSP_MAJ_IRISE;;;OR21;OR1;OR21;CST;MCO;OK;30/07/2020;30/07/2020;C;OPT;C;TR;RF50;36;36;0;3;;4;1606,6874;;;30/07/2020;;;;
4634671;TERRITOIRE;IRS - ANGLE GAMBETTA HOCHE/GAMBETTA-LAHAYE;;;SFR_COLL;DSP_MAJ_IRISE;;;OR21;OR1;OR21;CST;MCO;OK;26/01/2011;26/01/2011;C;OPT;C;TR;RF19;48;16;32;4;;4;180,0555;;;26/01/2011;;;;
7443729;HORS TERRITOIRE;IRS - 36FO - AVENUE DU GENERAL LECLERC / RUE DU GENERAL GALLIENI;;;SFR_COLL;DSP_MAJ_IRISE;;;OR21;OR1;OR21;CST;MCO;OK;28/10/2013;28/10/2013;C;OPT;C;TR;RF26;36;32;4;6;;4;392,6031;;;28/10/2013;;;;
8841921;TERRITOIRE;IRS - 24 FO - POP FTTH LE BLANC-MESNIL/AV DE LA DIVISION LECLERC - IA - 2;;;SFR_COLL;DSP_MAJ_IRISE;;;OR21;OR1;OR21;CST;MCO;OK;02/12/2014;02/12/2014;C;OPT;C;DI;RF17;24;19;5;2;;4;39,2046;;;02/12/2014;;;;
4607560;TERRITOIRE;IRS - 48FO AREPA (D86)/SEMINAIRE_HOPITAL (D58);;;SFR_COLL;DSP_MAJ_IRISE;;;OR21;OR1;OR21;CST;MCO;OK;17/07/2009;17/07/2009;C;OPT;C;TR;RF19;48;46;2;4;;4;341,7312;;;17/07/2009;;;;
7953221;TERRITOIRE;IRS - 72FO - BAGUETTE 198 RUE DE FONTENAY BPE1 / BPE2;;;SFR_COLL;DSP_MAJ_IRISE;;;OR21;OR1;OR21;CST;MCO;OK;17/03/2014;17/03/2014;C;OPT;C;TR;RF28;72;66;6;6;;4;23,6385;;;17/03/2014;;;;
4614422;TERRITOIRE;IRS - BRECHE_ARCHIVE (CRETEIL)/MGP BRECHE_ARCHIVE (CRETEIL);;;SFR_COLL;DSP_MAJ_IRISE;;;OR21;OR1;OR21;CST;MCO;OK;31/07/2007;31/07/2007;C;OPT;C;DI;RF38;12;8;4;1;;4;13,8981;;;31/07/2007;;;;
4610330;TERRITOIRE;IRS - 72FO - BD MELIES_PASTEUR (MELIES 2)/18 AV DE L'EUROPE;;;SFR_COLL;DSP_MAJ_IRISE;;;OR21;OR1;OR21;CST;MCO;OK;20/04/2012;20/04/2012;C;OPT;C;TR;RF16;72;30;42;6;;4;277,1713;;;20/04/2012;;;;
28666659;TERRITOIRE;IRS - 32 RUE CARVES (MONTROUGE) - BPE 1 / POP N008 CHAMBRE IRISEE MONTROUGE;;;SFR_COLL;DSP_MAJ_IRISE;;;OR21;OR1;OR21;CST;MCO;OK;30/12/2021;30/12/2021;C;OPT;C;DI;RF37;12;10;2;2;;5;158,5259;;;30/12/2021;;;;
22871161;TERRITOIRE;IRS - 12FO - FT3625 - 2 SQUARE JEAN-PIERRE TIMBAUD / POP MAISON DE QUARTIER ANNIE FRATELLINI - AA;;;SFR_COLL;DSP_MAJ_IRISE;;;OR21;OR1;OR21;CST;MCO;OK;25/03/2021;25/03/2021;C;OPT;C;DI;RF27;12;8;4;2;;5;9,2533;;;25/03/2021;;;;
4594523;TERRITOIRE;IRS - 12FO LD - BOITIER CTM NANTERRE/RUE MONTESQUIEU;;;SFR_COLL;DSP_MAJ_IRISE;;;OR21;OR1;OR21;CST;MCO;OK;10/11/2004;10/11/2004;C;OPT;C;DI;RF91;12;0;12;1;;126;116,6222;;;10/11/2004;;;;
4614885;TERRITOIRE;NE PLUS UTILISER - IRS-RUE DE LA PROCESSION ITX3 ADD 1 - AB;;;SFR_COLL;DSP_MAJ_IRISE;;;OR21;OR1;OR21;CST;MCO;OK;11/06/2007;11/06/2007;C;OPT;C;LH;RF40;144;112;32;12;;4;117,7927;;;11/06/2007;;;;
4609735;TERRITOIRE;IRS - 144FO - GUIGNOIS ST JUST/PAPIN MOLIERE IRISE;;;SFR_COLL;DSP_MAJ_IRISE;;;OR21;OR1;OR21;CST;MCO;OK;31/03/2005;31/03/2005;C;OPT;C;LH;RF56;144;44;100;12;;4;426,6442;;;31/03/2005;;;;
4594330;TERRITOIRE;IRS - 144FO - ANGLE D EGLANTINE/PT IRISE;;;SFR_COLL;DSP_MAJ_IRISE;;;OR21;OR1;OR21;CST;MCO;OK;30/01/2001;30/01/2001;C;OPT;C;LH;RF56;144;81;63;12;;4;1231,8106;;;30/01/2001;;;;
4620743;TERRITOIRE;IRS - 48FO - ROSNY_FRANKLIN/MONTREUIL BATIMENT 7 - AA;;;SFR_COLL;DSP_MAJ_IRISE;;;OR21;OR1;OR21;CST;MCO;OK;23/04/2009;23/04/2009;C;OPT;C;TR;RF19;48;5;43;4;;4;47,4414;;;23/04/2009;;;;
4636779;TERRITOIRE;IRS - 24FO - POP MAIRIE DE CACHAN / IRS - L3T - MAIRIE DE CACHAN - AA;;;SFR_COLL;DSP_MAJ_IRISE;;;OR21;OR1;OR21;CST;MCO;OK;18/11/2010;18/11/2010;C;OPT;C;DI;RF30;24;11;13;4;;4;25,8559;;;18/11/2010;;;;
22876277;TERRITOIRE;IRS - 12FO -  FT841 - 32 RUE PARMENTIER (MONTREUIL) / POP ECOLE MATERNELLE JULES FERRY MONTREUIL - AA;;;SFR_COLL;DSP_MAJ_IRISE;;;OR21;OR1;OR21;CST;MCO;OK;25/03/2021;25/03/2021;C;OPT;C;DI;RF27;12;8;4;2;;5;18,7226;;;25/03/2021;;;;
4609707;TERRITOIRE;IRS - 24FO - BD GALLIENI / PRC INEO 4 ROLLAND;;;SFR_COLL;DSP_MAJ_IRISE;;;OR21;OR1;OR21;CST;MCO;OK;01/02/2011;01/02/2011;C;OPT;C;DI;RF15;24;20;4;4;;4;29,7321;;;01/02/2011;;;;
4641525;TERRITOIRE;IRS - 36 FO - N-1 VILLETANEUSE/IRS-RUE ALBERT WALTER;;;SFR_COLL;DSP_MAJ_IRISE;;;OR21;OR1;OR21;CST;MCO;OK;17/02/2012;17/02/2012;C;OPT;C;TR;RF42;36;32;4;6;;4;139,8094;;;17/02/2012;;;;
4639851;TERRITOIRE;IRS - 12FO - POP FTTS FONTENAY LA GARE/BI 8 BLD DE VINCENNES - AA;;;SFR_COLL;DSP_MAJ_IRISE;;;OR21;OR1;OR21;CST;MCO;OK;20/02/2012;20/02/2012;C;OPT;C;DI;RF38;12;8;4;1;;4;24,1658;;;20/02/2012;;;;
4597609;TERRITOIRE;IRS - 41 RUE MEHUL/ECOLE DE PANTIN;;;SFR_COLL;DSP_MAJ_IRISE;;;OR21;OR1;OR21;CST;MCO;OK;15/11/2002;15/11/2002;C;OPT;C;DI;RF38;12;7;5;1;;4;39,9998;;;15/11/2002;;;;
13949154;TERRITOIRE;IRS - 12 FO - IRS - PARC DES ANCIENNES MAIRIES (NANTERRE) - BPE 1 / POP CS MAURICE THOREZ -AA;;;SFR_COLL;DSP_MAJ_IRISE;;;OR21;OR1;OR21;CST;MCO;OK;08/01/2019;08/01/2019;C;OPT;C;DI;RF27;12;11;1;2;;5;110,3758;;;08/01/2019;;;;
22876278;TERRITOIRE;IRS - 24FO -  FT842 - 56 RUE PARMENTIER  / FT841 - 32 RUE PARMENTIER;;;SFR_COLL;DSP_MAJ_IRISE;;;OR21;OR1;OR21;CST;MCO;OK;25/03/2021;25/03/2021;C;OPT;C;DI;RF29;24;22;2;4;;5;174,7383;;;25/03/2021;;;;
4627333;TERRITOIRE;IRS - 48FO - RUE DES MARAIS/PL LIBERATION BOBIGNY;;;SFR_COLL;DSP_MAJ_IRISE;;;OR21;OR1;OR21;CST;MCO;OK;04/09/2008;04/09/2008;C;OPT;C;TR;RF19;48;40;8;4;;4;170,1834;;;04/09/2008;;;;
7163745;HORS TERRITOIRE;IRS - 144 FO - FT-3 RUE JOSEPH MONIER (RUEIL MAILMAISON) / IRS - MANCHON 96/72 PK6210 TCT;;;SFR_COLL;DSP_MAJ_IRISE;;;OR21;OR1;OR21;CST;MCO;OK;30/07/2013;30/07/2013;C;OPT;C;LH;RF22;144;139;5;12;;4;1188,3047;;;30/07/2013;;;;
7035410;TERRITOIRE;144FO - IRS - RUE DARTHE (THIAIS) / FT 664 - IRS - AV DE VERSAILLES;;;SFR_COLL;DSP_MAJ_IRISE;;;OR21;OR1;OR21;CST;MCO;OK;15/07/2013;15/07/2013;C;OPT;C;LH;RF22;144;140;4;12;;4;620,3716;;;15/07/2013;;;;
10803926;HORS TERRITOIRE;IRS - 12 FO - FT994 - AVENUE DU GROS CHENE / AV GROS CHENE/ROSA LUXEMBOURG;;;SFR_COLL;DSP_MAJ_IRISE;;;OR21;OR1;OR21;CST;MCO;OK;23/01/2017;23/01/2017;C;OPT;C;DI;RF37;12;11;1;2;;5;200,0136;;;23/01/2017;;;;
4630888;TERRITOIRE;IRS - 144FO - N-1 GS DAGUERRE/N-1 MAIRIE BRY SUR MARNE;;;SFR_COLL;DSP_MAJ_IRISE;;;OR21;OR1;OR21;CST;MCO;OK;23/09/2009;23/09/2009;C;OPT;C;LH;RF40;144;106;38;12;;4;266,2979;;;23/09/2009;;;;
4632346;TERRITOIRE;IRS - 24FO - BI/POP GS_JARDIN_PRINCIPAL (D38);;;SFR_COLL;DSP_MAJ_IRISE;;;OR21;OR1;OR21;CST;MCO;OK;22/07/2009;22/07/2009;C;OPT;C;DI;RF15;24;20;4;4;;4;25,0000;;;22/07/2009;;;;
8238354;TERRITOIRE;IRS - 144FO - 18 AV DES FRERES LUMIERES / BD MELIES;;;SFR_COLL;DSP_MAJ_IRISE;;;OR21;OR1;OR21;CST;MCO;OK;04/06/2014;04/06/2014;C;OPT;C;LH;RF22;144;141;3;12;;4;659,3008;;;04/06/2014;;;;
4633361;TERRITOIRE;IRS - BRECHE_ARCHIVE (CRETEIL)/DE GAULLE_ FRANCE LIBRE;;;SFR_COLL;DSP_MAJ_IRISE;;;OR21;OR1;OR21;CST;MCO;OK;23/09/2009;23/09/2009;C;OPT;C;TR;RF19;48;23;25;4;;4;236,4411;;;23/09/2009;;;;
10871092;HORS TERRITOIRE;36 FO - IRS -ANGLE RUE DU CHEMIN DE FER /AV DES GUENOTTES (CERGY) /BI POP CPAM CERGY;;;SFR_COLL;DSP_MAJ_IRISE;;;OR21;OR1;OR21;CST;MCO;OK;27/04/2015;27/04/2015;C;OPT;C;TR;RF26;36;34;2;6;;4;200,8118;;;27/04/2015;;;;
4604910;TERRITOIRE;IRS - 24FO EULER/POP CG94 - AB;;;SFR_COLL;DSP_MAJ_IRISE;;;OR21;OR1;OR21;CST;MCO;OK;03/08/2009;03/08/2009;C;OPT;C;DI;RF15;24;6;18;4;;4;41,5754;;;03/08/2009;;;;
4602675;TERRITOIRE;IRS - 288FO IRS - QUAI HAUT PONT D'ISSY IRISE/RUE ROUGET DE L ISLE-QUAI STALINGRAD;;;SFR_COLL;DSP_MAJ_IRISE;;;OR21;OR1;OR21;CST;MCO;OK;23/11/2004;23/11/2004;C;OPT;C;LH;RF32;288;212;76;24;;4;452,5724;;;23/11/2004;;;;
7049811;TERRITOIRE;IRS - 144FO - FT 1014 - IRS - ANGLE STALINGRAD/PIERRE BIGLE / IRS - RUE DES AUBEPINES;;;SFR_COLL;DSP_MAJ_IRISE;;;OR21;OR1;OR21;CST;MCO;OK;16/07/2013;16/07/2013;C;OPT;C;LH;RF22;144;140;4;12;;4;488,3308;;;16/07/2013;;;;
4633198;TERRITOIRE;IRS - 24FO BI/POP SERVICE_TECHNIQUE (D67);;;SFR_COLL;DSP_MAJ_IRISE;;;OR21;OR1;OR21;CST;MCO;OK;28/07/2009;28/07/2009;C;OPT;C;DI;RF15;24;22;2;4;;4;16,0314;;;28/07/2009;;;;
4596871;TERRITOIRE;IRS - 87 AV ARISTIDE BRIAND/MATERNELLE ARISTIDE BRIAND MONTROUGE - AA;;;SFR_COLL;DSP_MAJ_IRISE;;;OR21;OR1;OR21;CST;MCO;OK;07/07/2005;07/07/2005;C;OPT;C;TR;RF42;36;32;4;6;;4;96,4625;;;07/07/2005;;;;
11655157;TERRITOIRE;IRS - BPE 1 ESSEN/BPE 5 ESSEN;;;SFR_COLL;DSP_MAJ_IRISE;;;OR21;OR1;OR21;CST;MCO;OK;28/07/2017;28/07/2017;C;OPT;C;TR;RF47;48;29;19;4;;4;1,5298;;;28/07/2017;;;;
4613107;TERRITOIRE;IRS - RONDENAY-CHOISY/DOCTEUR ROUX-LUGO VITRY;;;SFR_COLL;DSP_MAJ_IRISE;;;OR21;OR1;OR21;CST;MCO;OK;16/05/2006;16/05/2006;C;OPT;C;TR;RF16;72;38;34;6;;4;1315,8363;;;16/05/2006;;;;
4628441;TERRITOIRE;IRS - 48FO - N-1 MEDIATHEQUE/LT POP MEDIATHEQUE CACHIN (ROMAINVILLE);;;SFR_COLL;DSP_MAJ_IRISE;;;OR21;OR1;OR21;CST;MCO;OK;28/03/2008;28/03/2008;C;OPT;C;TR;RF19;48;30;18;4;;4;29,5558;;;28/03/2008;;;;
5884706;HORS TERRITOIRE;IRS - 72FO - LD - AVEN BEGUINES/IRS - GENOTTES BD DE LA PAIX;;;SFR_COLL;DSP_MAJ_IRISE;;;OR21;OR1;OR21;CST;MCO;OK;14/03/2013;14/03/2013;C;OPT;C;TR;RF28;72;39;33;6;;4;279,0729;;;14/03/2013;;;;
41994978;TERRITOIRE;IRS - PERI-GINOUX/JARDINS D'ENFANTS ZAC NORD MONTROUGE;;;SFR_COLL;DSP_MAJ_IRISE;;;OR21;OR1;OR21;CST;MCO;OK;04/08/2005;04/08/2005;C;OPT;C;DI;RF14;12;4;8;2;;4;10,2211;;;04/08/2005;;;;
42599778;TERRITOIRE;IRS - 36FO - BPE FT 1239 / BOULEVARD PIERRE BROSSOLETTE (ANTONY);;;SFR_COLL;DSP_MAJ_IRISE;;;OR21;OR1;OR21;CST;MCO;OK;26/12/2023;26/12/2023;C;OPT;C;TR;RF50;36;34;2;3;;4;825,8028;;;26/12/2023;;;;
15515347;TERRITOIRE;12 FO - FT1181- 141 AV DE PARIS  VILLEJUIF / IRS VANZETTI_CROIZAT;;;SFR_COLL;DSP_MAJ_IRISE;;;OR21;OR1;OR21;CST;MCO;OK;07/08/2019;07/08/2019;C;OPT;C;DI;RF66;12;10;2;2;;236;484,8890;;;07/08/2019;;;;
4629438;HORS TERRITOIRE;IRS - 72FO - QUAI STALINGRAD / AV JMONNET;;;SFR_COLL;DSP_MAJ_IRISE;;;OR21;OR1;OR21;CST;MCO;OK;17/12/2008;17/12/2008;C;OPT;C;TR;RF16;72;70;2;6;;4;279,6044;;;17/12/2008;;;;
26141857;TERRITOIRE;IRS - 12 FO - FT 772 - AV DU GENERAL LECLERC / FT 216 - AVENUE DU PETIT CHAMBORD;;;SFR_COLL;DSP_MAJ_IRISE;;;OR21;OR1;OR21;CST;MCO;OK;03/10/2021;03/10/2021;C;OPT;C;DI;RF27;12;10;2;2;;5;790,8994;;;03/10/2021;;;;
4598956;TERRITOIRE;IRS - BELBEOCH/SH IRS JOINVILLE - VERS KREMLIN - AA;;;SFR_COLL;DSP_MAJ_IRISE;;;OR21;OR1;OR21;CST;MCO;OK;30/01/2001;30/01/2001;C;OPT;C;LH;RF56;144;84;60;12;;4;70,3041;;;30/01/2001;;;;
4598445;TERRITOIRE;IRS - 72 - ECOLE INFIRMIERE IRISE/LT POP IRISE KREMLIN;;;SFR_COLL;DSP_MAJ_IRISE;;;OR21;OR1;OR21;CST;MCO;OK;23/08/2002;23/08/2002;C;OPT;C;TR;RF16;72;56;16;6;;4;203,9229;;;23/08/2002;;;;
12114641;HORS TERRITOIRE;IRS - 12 FO -  AV GROS CHENE/ROSA LUWEMBOURG - BPE2 / BI - POP COMPTOIR  D ELECTRICITE FRANCO BELGE;;;SFR_COLL;DSP_MAJ_IRISE;;;OR21;OR1;OR21;CST;MCO;OK;06/11/2017;06/11/2017;C;OPT;C;DI;RF27;12;11;1;2;;5;189,9231;;;06/11/2017;;;;
4602851;TERRITOIRE;IRS - 12FO - 67 BD ANATOLE/POP GDF ST DENIS - AA;;;SFR_COLL;DSP_MAJ_IRISE;;;OR21;OR1;OR21;CST;MCO;OK;09/05/2005;09/05/2005;C;OPT;C;DI;RF14;12;8;4;2;;4;19,6467;;;09/05/2005;;;;
4642046;TERRITOIRE;IRS - 36 FO - BI POP FTTS PIERREFITTE BUTTE PINSON/N-1 POP FTTS PIERREFITTE BUTTE PINSON;;;SFR_COLL;DSP_MAJ_IRISE;;;OR21;OR1;OR21;CST;MCO;OK;22/05/2012;22/05/2012;C;OPT;C;TR;RF42;36;32;4;6;;4;59,4226;;;22/05/2012;;;;
8683809;TERRITOIRE;IRS - 144 FO - BAGUETTE 2 AV DES VIOLETTES - BPE 1 / BPE 2;;;SFR_COLL;DSP_MAJ_IRISE;;;OR21;OR1;OR21;CST;MCO;OK;14/10/2014;14/10/2014;C;OPT;C;LH;RF22;144;143;1;12;;4;0,4012;;;14/10/2014;;;;
4610791;TERRITOIRE;IRS - 12FO - INTERSECTION PERI-RENAN/POP SERVICE MUNICIPAL DE L'ENFANCE ST OUEN;;;SFR_COLL;DSP_MAJ_IRISE;;;OR21;OR1;OR21;CST;MCO;OK;18/10/2006;18/10/2006;C;OPT;C;DI;RF14;12;4;8;2;;4;56,3614;;;18/10/2006;;;;
4627316;TERRITOIRE;IRS - GALERIE 3 FONTANOTS/MGP GALERIE 3 FONTANOTS;;;SFR_COLL;DSP_MAJ_IRISE;;;OR21;OR1;OR21;CST;MCO;OK;01/02/2008;01/02/2008;C;OPT;C;TR;RF19;48;44;4;4;;4;15,2971;;;01/02/2008;;;;
4633403;TERRITOIRE;IRS - 72FO - RUE DU PORT ITX4 ADD2/PRC SEQUANTIS NANTERRE;;;SFR_COLL;DSP_MAJ_IRISE;;;OR21;OR1;OR21;CST;MCO;OK;24/07/2009;24/07/2009;C;OPT;C;TR;RF16;72;72;0;6;;4;13,1572;;;24/07/2009;;;;
4625844;TERRITOIRE;IRS - 24FO - BPI SHISHEIDO / POP SHISHEIDO BOULOGNE - AA;;;SFR_COLL;DSP_MAJ_IRISE;;;OR21;OR1;OR21;CST;MCO;OK;25/06/2008;25/06/2008;C;OPT;C;DI;RF15;24;22;2;4;;4;97,9573;;;25/06/2008;;;;
8747527;TERRITOIRE;IRS - 48FO - RESISTANCE-VERDUN/M CACHIN RESISTANCE;;;SFR_COLL;DSP_MAJ_IRISE;;;OR21;OR1;OR21;CST;MCO;OK;20/03/2008;20/03/2008;C;OPT;C;TR;RF19;48;34;14;4;;4;44,8203;;;20/03/2008;;;;
4609532;HORS TERRITOIRE;IRS - 2 AV PIERRE MENDES FRANCE/CIMV BANQUE DE FRANCE NOISIEL - AA;;;SFR_COLL;DSP_MAJ_IRISE;;;OR21;OR1;OR21;CST;MCO;OK;07/12/2005;07/12/2005;C;OPT;C;DI;RF15;24;22;2;4;;4;220,9213;;;07/12/2005;;;;
4615494;TERRITOIRE;IRS 48FO - N-1 RELAIS MAIRIE/BI RESIDENCE CROIX DU SUD;;;SFR_COLL;DSP_MAJ_IRISE;;;OR21;OR1;OR21;CST;MCO;OK;13/10/2010;13/10/2010;C;OPT;C;TR;RF19;48;44;4;4;;4;253,7392;;;13/10/2010;;;;
4598000;TERRITOIRE;IRS - 36FO - AVENUE LECLERC ADDUCTION TELEMARKET / POP TELEMARKET PANTIN - AA;;;SFR_COLL;DSP_MAJ_IRISE;;;OR21;OR1;OR21;CST;MCO;OK;13/11/2008;13/11/2008;C;OPT;C;TR;RF42;36;34;2;6;;4;121,6106;;;13/11/2008;;;;
4609520;HORS TERRITOIRE;IRS - 24FO RUE JEAN MOULIN/POP CTM (GARGES LES GONESSE);;;SFR_COLL;DSP_MAJ_IRISE;;;OR21;OR1;OR21;CST;MCO;OK;28/08/2007;28/08/2007;C;OPT;C;DI;RF15;24;22;2;4;;4;331,7466;;;28/08/2007;;;;
4632277;TERRITOIRE;IRS - 24FO - BI/POP CEN_GEOTH_LGTS_JARDIN_PARISIEN (D59) - AB;;;SFR_COLL;DSP_MAJ_IRISE;;;OR21;OR1;OR21;CST;MCO;OK;22/07/2009;22/07/2009;C;OPT;C;DI;RF15;24;14;10;4;;4;23,0333;;;22/07/2009;;;;
4633360;TERRITOIRE;IRS - 24FO N-1 PICASSO BOBIGNY/POP SEM P PICASSO;;;SFR_COLL;DSP_MAJ_IRISE;;;OR21;OR1;OR21;CST;MCO;OK;23/09/2009;23/09/2009;C;OPT;C;DI;RF15;24;20;4;4;;4;274,4127;;;23/09/2009;;;;
4609278;TERRITOIRE;IRS - MAIRIE DE MONTROUGE/PERI-CHAMPEAUD MONTROUGE;;;SFR_COLL;DSP_MAJ_IRISE;;;OR21;OR1;OR21;CST;MCO;OK;18/01/2006;18/01/2006;C;OPT;C;TR;RF16;72;72;0;6;;4;87,5322;;;18/01/2006;;;;
19887729;HORS TERRITOIRE;IRS - 12 FO - FT852 -11 ROUTE COMBAULT / POP ECOLE RENON VILLIERS SUR MARNE - AA;;;SFR_COLL;DSP_MAJ_IRISE;;;OR21;OR1;OR21;CST;MCO;OK;28/08/2020;28/08/2020;C;OPT;C;DI;RF27;12;0;12;2;;5;40,2775;;;28/08/2020;;;;
4605958;TERRITOIRE;IRS - 72FO - SEMARD/MANOUCHIAN IRISE;;;SFR_COLL;DSP_MAJ_IRISE;;;OR21;OR1;OR21;CST;MCO;OK;04/11/2004;04/11/2004;C;OPT;C;TR;RF16;72;49;23;6;;4;1299,2374;;;04/11/2004;;;;
4639195;TERRITOIRE;IRS - 36FO - BI 1ER SS/PTC BAGNEUX SEMARD - AA;;;SFR_COLL;DSP_MAJ_IRISE;;;OR21;OR1;OR21;CST;MCO;OK;20/06/2011;20/06/2011;C;OPT;C;TR;RF42;36;28;8;6;;4;18,4825;;;20/06/2011;;;;
4641142;TERRITOIRE;IRS - 24FO - BI/POP METEO FRANCE ST MANDE -AA;;;SFR_COLL;DSP_MAJ_IRISE;;;OR21;OR1;OR21;CST;MCO;OK;29/02/2012;29/02/2012;C;OPT;C;DI;RF15;24;22;2;4;;4;23,2626;;;29/02/2012;;;;
4610944;TERRITOIRE;IRS-RUE DE LA METALURGIE-RUE PROCESSION/7 RUE DE LA CROIX FARON (ST DENIS);;;SFR_COLL;DSP_MAJ_IRISE;;;OR21;OR1;OR21;CST;MCO;OK;19/07/2006;19/07/2006;C;OPT;C;TR;RF19;48;43;5;4;;4;380,4212;;;19/07/2006;;;;
42123635;TERRITOIRE;IRS - 12 FO - RUE DU COLONEL RAYNAL / POP LOUIS ARAGON MONTREUIL;;;SFR_COLL;DSP_MAJ_IRISE;;;OR21;OR1;OR21;CST;MCO;OK;06/12/2023;06/12/2023;C;OPT;C;DI;RF27;12;10;2;2;;5;84,7923;;;06/12/2023;;;;
11106582;TERRITOIRE;IRS - 24FO - IRS-BI 88 AV GENERAL DE GAULLE/POP MARIE CHEVILLY LARUE NEW - AA;;;SFR_COLL;DSP_MAJ_IRISE;;;OR21;OR1;OR21;CST;MCO;OK;27/03/2017;27/03/2017;C;OPT;C;DI;RF17;24;20;4;2;;4;3,6713;;;27/03/2017;;;;
4614083;TERRITOIRE;24FO LD AP-HP - HOPITAL CHARLES FOIX (XXXX)/ADD2 APHP CHARLES FOIX (BA);;;SFR_COLL;DSP_MAJ_IRISE;;;OR21;OR1;OR21;CST;MCO;OK;25/10/2007;25/10/2007;C;OPT;C;DI;RF15;24;18;6;4;;4;142,0561;;;25/10/2007;;;;
4610214;TERRITOIRE;IRS-ANGLE H BARBUSSE-P BERT/RUE DE LA MOTTE-RUE PRESLE AUBERVILLIERS;;;SFR_COLL;DSP_MAJ_IRISE;;;OR21;OR1;OR21;CST;MCO;OK;26/07/2006;26/07/2006;C;OPT;C;TR;RF16;72;23;49;6;;4;332,1652;;;26/07/2006;;;;
33977389;TERRITOIRE;IRS - 72 FO - EGALITE - PERI / FT1374 - 294 GABRIEL PERI;;;SFR_COLL;DSP_MAJ_IRISE;;;OR21;OR1;OR21;CST;MCO;OK;23/09/2022;23/09/2022;C;OPT;C;TR;RF28;72;72;0;6;;4;552,2471;;;23/09/2022;;;;
7408545;TERRITOIRE;IRS - 24FO - RUE ANATOLE FRANCE / POP MEDIATHEQUE J.JAURES - AA;;;SFR_COLL;DSP_MAJ_IRISE;;;OR21;OR1;OR21;CST;MCO;OK;17/10/2013;17/10/2013;C;OPT;C;DI;RF17;24;23;1;2;;4;524,9276;;;17/10/2013;;;;
4633192;TERRITOIRE;IRS - 24FO BI/POP MONTJOIE (D34);;;SFR_COLL;DSP_MAJ_IRISE;;;OR21;OR1;OR21;CST;MCO;OK;28/07/2009;28/07/2009;C;OPT;C;DI;RF15;24;22;2;4;;4;23,0159;;;28/07/2009;;;;
15580343;TERRITOIRE;IRS - 36 FO - IRS - 8 D22 RUE ALBERT DHALENN  / FT 173 - BD MARCEL PAUL (ILE ST-DENIS);;;SFR_COLL;DSP_MAJ_IRISE;;;OR21;OR1;OR21;CST;MCO;OK;17/08/2019;17/08/2019;C;OPT;C;TR;RF50;36;36;0;3;;4;435,7547;;;17/08/2019;;;;
4633295;TERRITOIRE;IRS - 48FO FOYER_ADEF (D54)/ANATOLE_FRANCE (D37);;;SFR_COLL;DSP_MAJ_IRISE;;;OR21;OR1;OR21;CST;MCO;OK;20/07/2009;20/07/2009;C;OPT;C;TR;RF19;48;46;2;4;;4;107,8162;;;20/07/2009;;;;
4632366;TERRITOIRE;IRS - 24FO - BI/POP FOYER_SONACOTRA (D21);;;SFR_COLL;DSP_MAJ_IRISE;;;OR21;OR1;OR21;CST;MCO;OK;22/07/2009;22/07/2009;C;OPT;C;DI;RF15;24;20;4;4;;4;26,9257;;;22/07/2009;;;;
8234897;TERRITOIRE;IRS - 24FO - LD - IRS 7 AV PAPIN- IRISE - BPE 1 / POP VEOLIA VEDIF 7 AV DENIS PAPIN (LE PLESSIS ROBINSON) -AA;;;SFR_COLL;DSP_MAJ_IRISE;;;OR21;OR1;OR21;CST;MCO;OK;03/06/2014;03/06/2014;C;OPT;C;DI;RF30;24;23;1;4;;4;23,3695;;;03/06/2014;;;;
4608257;TERRITOIRE;IRS - 48FO - MALON-GIDE/FACE 52 AV CHARLES GIDE;;;SFR_COLL;DSP_MAJ_IRISE;;;OR21;OR1;OR21;CST;MCO;OK;14/11/2005;14/11/2005;C;OPT;C;TR;RF19;48;44;4;4;;4;24,2811;;;14/11/2005;;;;
15086136;TERRITOIRE;IRS-12FO-FT1014-IRS-ANGLE STALINGRAD/POP COMMISARIAT;;;SFR_COLL;DSP_MAJ_IRISE;;;OR21;OR1;OR21;CST;MCO;OK;20/06/2019;20/06/2019;C;OPT;C;DI;RF175;12;10;2;2;;5;144,5341;;;20/06/2019;;;;
22608097;TERRITOIRE;IRS - 12FO - FT2969 - 15 RUE DANIELLE CASANOVA / POP ECOLE MATERNELLE DANIELLE CASANOVA MONTREUIL - AA;;;SFR_COLL;DSP_MAJ_IRISE;;;OR21;OR1;OR21;CST;MCO;OK;08/03/2021;08/03/2021;C;OPT;C;DI;RF27;12;8;4;2;;5;50,5419;;;08/03/2021;;;;
6338181;HORS TERRITOIRE;IRS - 144FO - FT 757 - PT2 RUE DE MONTGEROULT (OSNY)/ RUE PASTEUR (OSNY) - BPE1;;;SFR_COLL;DSP_MAJ_IRISE;;;OR21;OR1;OR21;CST;MCO;OK;07/05/2013;07/05/2013;C;OPT;C;LH;RF22;144;140;4;12;;4;373,3028;;;07/05/2013;;;;
17213157;TERRITOIRE;IRS - 144 FO - FT 1414 - 29 RUE DE LA SABLIERE / FT 778 - 42 RUE CHANZY;;;SFR_COLL;DSP_MAJ_IRISE;;;OR21;OR1;OR21;CST;MCO;OK;29/01/2020;29/01/2020;C;OPT;C;LH;RF22;144;144;0;12;;4;457,6059;;;29/01/2020;;;;
4631473;TERRITOIRE;IRS - 72FO - GUINOT-PERRIN/147 RUE DR BAUER;;;SFR_COLL;DSP_MAJ_IRISE;;;OR21;OR1;OR21;CST;MCO;OK;09/04/2009;09/04/2009;C;OPT;C;TR;RF16;72;63;9;6;;4;244,6649;;;09/04/2009;;;;
4602165;TERRITOIRE;IRS - AUBERVILLIERS - 2EME 72FO (RECOLE TERRAIN) - AD;;;SFR_COLL;DSP_MAJ_IRISE;;;OR21;OR1;OR21;CST;MCO;OK;05/07/2002;05/07/2002;C;OPT;C;TR;RF16;72;48;24;6;;4;307,3645;;;05/07/2002;;;;
4634700;TERRITOIRE;IRS - 24FO - LT ARISTON/CGTEL_P9306-PT6030 - BA - C?Ûble non pr?Æsent sur le terrain;;;SFR_COLL;DSP_MAJ_IRISE;;;OR21;OR1;OR21;CST;MCO;OK;13/04/2010;13/04/2010;C;OPT;C;DI;RF24;24;24;0;2;;4;200,7809;;;13/04/2010;;;;
4640091;TERRITOIRE;IRS - 12 FO - POP FTTS NANTERRE GARE BIS/235 RUE DE LA GARENNE - AA;;;SFR_COLL;DSP_MAJ_IRISE;;;OR21;OR1;OR21;CST;MCO;OK;19/12/2011;19/12/2011;C;OPT;C;DI;RF14;12;12;0;2;;4;29,2419;;;19/12/2011;;;;
19731594;TERRITOIRE;IRS - 144 FO - 122  RUE DU MARECHAL LECLERC / 120 RUE MARECHAL LECLERC JOINTVILLE-LE-PONT;;;SFR_COLL;DSP_MAJ_IRISE;;;OR21;OR1;OR21;CST;MCO;OK;17/08/2020;17/08/2020;C;OPT;C;LH;RF22;144;140;4;12;;4;3,9189;;;17/08/2020;;;;
4603858;TERRITOIRE;IRS - 12FO - RUE P CAVARE/CENTRE CULTUREL DE ROSNY;;;SFR_COLL;DSP_MAJ_IRISE;;;OR21;OR1;OR21;CST;MCO;OK;19/10/2004;19/10/2004;C;OPT;C;DI;RF14;12;10;2;2;;4;269,1657;;;19/10/2004;;;;
22082017;TERRITOIRE;IRS - 24FO - FT 512  - 70 AV PAUL VAILLANT COUTURIER / FT 166  - 36 AVENUE DU PRESIDENT ALLENDE;;;SFR_COLL;DSP_MAJ_IRISE;;;OR21;OR1;OR21;CST;MCO;OK;30/01/2021;30/01/2021;C;OPT;C;DI;RF29;24;20;4;4;;5;318,1513;;;30/01/2021;;;;
22082018;TERRITOIRE;IRS - 12FO -  FT 6  - 87 AVENUE PAUL VAILLANT COUTURIER (ARCEUIL) / PRC CH IRISE (CH FT 5 PASSAGE CHARLES DEHAN);;;SFR_COLL;DSP_MAJ_IRISE;;;OR21;OR1;OR21;CST;MCO;OK;30/01/2021;30/01/2021;C;OPT;C;DI;RF27;12;10;2;2;;5;30,1608;;;30/01/2021;;;;
5141969;TERRITOIRE;IRS - 48FO - AV DE LA RESIDENCE / ANGLE RUE PIERRE KOHLMANN - RUE DE LA FONTAINE GRELOT (ANTONY);;;SFR_COLL;DSP_MAJ_IRISE;;;OR21;OR1;OR21;CST;MCO;OK;01/03/2006;01/03/2006;C;OPT;C;TR;RF19;48;46;2;4;;4;126,0385;;;01/03/2006;;;;
15413810;TERRITOIRE;12 FO - IRS - CONVENTION-CACHIN (TELCITE PK 3962) - BPE 2 / POP HALTE GARDERIE GOUTTE DE LAIT LA COURNEUVE - AA;;;SFR_COLL;DSP_MAJ_IRISE;;;OR21;OR1;OR21;CST;MCO;OK;26/07/2019;26/07/2019;C;OPT;C;DI;RF27;12;10;2;2;;5;1070,6658;;;26/07/2019;;;;
7138148;HORS TERRITOIRE;IRS - 144 FO - N-1 URA SUCY EN BRIE - GENERAL GRAND VAL / RUE DU GRAND VAL;;;SFR_COLL;DSP_MAJ_IRISE;;;OR21;OR1;OR21;CST;MCO;OK;23/07/2013;23/07/2013;C;OPT;C;LH;RF22;144;140;4;12;;4;319,2086;;;23/07/2013;;;;
16653175;TERRITOIRE;IRS - 48 FO - FT353 / FT343 - AVENUE ROGER SALENGRO;;;SFR_COLL;DSP_MAJ_IRISE;;;OR21;OR1;OR21;CST;MCO;OK;02/12/2019;02/12/2019;C;OPT;C;TR;RF20;48;48;0;8;;5;570,4860;;;02/12/2019;;;;
4606980;TERRITOIRE;IRS - 45 RUE DE TROISY/22 RUE PV COUTURIER;;;SFR_COLL;DSP_MAJ_IRISE;;;OR21;OR1;OR21;CST;MCO;OK;26/10/2005;26/10/2005;C;OPT;C;TR;RF19;48;26;22;4;;4;183,9018;;;26/10/2005;;;;
36669542;TERRITOIRE;POP CAMERA55 / CH SAT SECURISEE CAM55_FT878;;;SFR_COLL;DSP_MAJ_IRISE;;;OR21;OR1;OR21;CST;MCO;OK;10/02/2023;10/02/2023;C;OPT;C;DI;RF27;12;10;2;2;;5;9,9911;;;10/02/2023;;;;
4605561;TERRITOIRE;IRS - 144FO - TCT - RUE DE STALINGRAD/243 AV.JEAN JAURES;;;SFR_COLL;DSP_MAJ_IRISE;;;OR21;OR1;OR21;CST;MCO;OK;01/06/2004;01/06/2004;C;OPT;C;LH;RF56;144;97;47;12;;4;1107,5702;;;01/06/2004;;;;
23375473;TERRITOIRE;IRS - 36 FO - FT 410 - 38 RUE ESCUDIER / FT 590 - 35 BOULEVARD JEAN JAURES;;;SFR_COLL;DSP_MAJ_IRISE;;;OR21;OR1;OR21;CST;MCO;OK;29/04/2021;29/04/2021;C;OPT;C;TR;RF50;36;36;0;3;;4;335,6501;;;29/04/2021;;;;
15512994;TERRITOIRE;IRISE - 24FO - N-1 ATELIERS ESPACES VERTS / POP ATELIERS ESPACES VERTS LES LILAS - AA;;;SFR_COLL;DSP_MAJ_IRISE;;;OR21;OR1;OR21;CST;MCO;OK;07/08/2019;07/08/2019;C;OPT;C;DI;RF29;24;22;2;4;;5;18,5557;;;07/08/2019;;;;
7373089;HORS TERRITOIRE;IRS - 72FO  - BAGUETTE - N-1 XEROX VILLEPINTE - BPE1 / N-1 XEROX VILLEPINTE - BPE2;;;SFR_COLL;DSP_MAJ_IRISE;;;OR21;OR1;OR21;CST;MCO;OK;08/10/2013;08/10/2013;C;OPT;C;TR;RF28;72;72;0;6;;4;6,5901;;;08/10/2013;;;;
7890531;TERRITOIRE;IRS - 144 FO - 76 R RAYMON BARBET / HUGO_COURBEVOIE;;;SFR_COLL;DSP_MAJ_IRISE;;;OR21;OR1;OR21;CST;MCO;OK;03/03/2014;03/03/2014;C;OPT;C;LH;RF22;144;140;4;12;;4;228,1357;;;03/03/2014;;;;
23016448;TERRITOIRE;IRS - 72 FO - FT952 - RUE DU FAUSSE BLANC (GENNEVILLIERS) - BPE 1 / IRS - 55 RUE GABRIEL PERI (ASNIERES) - BPE 1;;;SFR_COLL;DSP_MAJ_IRISE;;;OR21;OR1;OR21;CST;MCO;OK;06/04/2021;06/04/2021;C;OPT;C;TR;RF28;72;72;0;6;;4;1512,6266;;;06/04/2021;;;;
16681012;TERRITOIRE;IRS - 144 FO - FT 269 - 88 RUE VERON / FT  7 - 36 QUAI BLANQUI (ALFORTVILLE);;;SFR_COLL;DSP_MAJ_IRISE;;;OR21;OR1;OR21;CST;MCO;OK;04/12/2019;04/12/2019;C;OPT;C;LH;RF22;144;144;0;12;;4;1001,2311;;;04/12/2019;;;;
4600843;TERRITOIRE;IRS - RUE DU GAL DE GAULLE/LE BOURGET MAIRIE;;;SFR_COLL;DSP_MAJ_IRISE;;;OR21;OR1;OR21;CST;MCO;OK;01/01/2003;01/01/2003;C;OPT;C;TR;RF16;72;9;63;6;;4;1512,1477;;;01/01/2003;;;;
4600628;TERRITOIRE;IRISE - 24 FO - N-1 MAIRIE ILE ST DENIS / PLACE DE LA GARE - BPE 2;;;SFR_COLL;DSP_MAJ_IRISE;;;OR21;OR1;OR21;CST;MCO;OK;30/01/2001;30/01/2001;C;OPT;C;DI;RF79;24;19;5;4;;5;566,2745;;;30/01/2001;;;;
11082260;TERRITOIRE;IRS - 72 FO - 54 RUE DU LANDY (CLICHY)/IRS - BI 67 BOULEVARD GENERAL LECLERC(CLICHY LA GARENNE);;;SFR_COLL;DSP_MAJ_IRISE;;;OR21;OR1;OR21;CST;MCO;OK;21/01/2013;21/01/2013;C;OPT;C;TR;RF28;72;71;1;6;;4;273,6468;;;21/01/2013;;;;
4631631;TERRITOIRE;IRS - 48FO 52_LGTS_SICAMO (D80)/MEDIATHEQUE (D92);;;SFR_COLL;DSP_MAJ_IRISE;;;OR21;OR1;OR21;CST;MCO;OK;20/08/2009;20/08/2009;C;OPT;C;TR;RF19;48;44;4;4;;4;32,6883;;;20/08/2009;;;;
16337122;TERRITOIRE;IRS - 24FO - FT 448 -  ANGLE RUE E.VARLIN R.ROLLAND / FT 512  - 70 AV PAUL VAILLANT COUTURIER;;;SFR_COLL;DSP_MAJ_IRISE;;;OR21;OR1;OR21;CST;MCO;OK;04/11/2019;04/11/2019;C;OPT;C;DI;RF146;24;22;2;4;;5;723,1656;;;04/11/2019;;;;
4607227;TERRITOIRE;IRS - 48 FO - 13 RUE CHARLES FLOQUET / ECOLE ELEMENTAIRE BUFFALO - AA;;;SFR_COLL;DSP_MAJ_IRISE;;;OR21;OR1;OR21;CST;MCO;OK;03/10/2005;03/10/2005;C;OPT;C;DI;RF14;12;6;6;2;;4;100,6879;;;03/10/2005;;;;
4612709;TERRITOIRE;IRS - 12FO - 64 RUE BLEUZEN/POP HACHETTE - AA;;;SFR_COLL;DSP_MAJ_IRISE;;;OR21;OR1;OR21;CST;MCO;OK;25/10/2007;25/10/2007;C;OPT;C;DI;RF14;12;4;8;2;;4;22,6210;;;25/10/2007;;;;
4607750;TERRITOIRE;IRS-65 RUE ETIENNE DOLET/CONSERVATOIRE PIERREFITTE;;;SFR_COLL;DSP_MAJ_IRISE;;;OR21;OR1;OR21;CST;MCO;OK;21/03/2005;21/03/2005;C;OPT;C;DI;RF14;12;8;4;2;;4;23,1952;;;21/03/2005;;;;
4639555;TERRITOIRE;IRS - 12FO - BI CHAMPIGNY LES BOULEREAUX/POP FTTS CHAMPIGNY LES BOULEREAUX - AA;;;SFR_COLL;DSP_MAJ_IRISE;;;OR21;OR1;OR21;CST;MCO;OK;06/02/2012;06/02/2012;C;OPT;C;DI;RF38;12;8;4;1;;4;24,9996;;;06/02/2012;;;;
4598669;TERRITOIRE;IRS - 72FO - 43 AV ARISTIDE BRIAND/N-1 CAA BERNY ANTONY;;;SFR_COLL;DSP_MAJ_IRISE;;;OR21;OR1;OR21;CST;MCO;OK;30/01/2001;30/01/2001;C;OPT;C;TR;RF82;72;40;32;6;;193;552,6369;;;30/01/2001;;;;
15580344;TERRITOIRE;IRS - 36 FO - N-1 MAIRIE ILE ST DENIS / FT 50 - 3 AV JEAN JAURES (ILE-ST-DENIS);;;SFR_COLL;DSP_MAJ_IRISE;;;OR21;OR1;OR21;CST;MCO;OK;17/08/2019;17/08/2019;C;OPT;C;TR;RF50;36;36;0;3;;4;837,9277;;;17/08/2019;;;;
4607832;TERRITOIRE;IRS - 72FO RFF - PK 83435 CHOISY/NEW PK 80435 VALENTON;;;SFR_COLL;DSP_MAJ_IRISE;;;OR21;OR1;OR21;CST;MCO;OK;05/11/2004;05/11/2004;C;OPT;C;TR;RF23;72;35;37;6;;145;3131,6089;;;05/11/2004;;;;
41893868;TERRITOIRE;IRS - 12 FO - 49 AVENUE DE L'EUROPE / 1 BD DE LA REPUBLIQUE;;;SFR_COLL;DSP_MAJ_IRISE;;;OR21;OR1;OR21;CST;MCO;OK;23/11/2023;23/11/2023;C;OPT;C;DI;RF27;12;11;1;2;;5;305,6383;;;23/11/2023;;;;
32578977;TERRITOIRE;POP MAIRIE DES PAVILLONS-SOUS-BOIS / POP ECOLE PIERRE BROSSOLETTE LES PAVILLONS SOUS BOIS;;;SFR_COLL;DSP_MAJ_IRISE;;;OR21;OR1;OR21;CST;MCO;OK;05/07/2022;05/07/2022;C;OPT;C;DI;RF27;12;10;2;2;;5;776,9525;;;05/07/2022;;;;
4597855;HORS TERRITOIRE;IRS - 48FO - EBOUE / GENERAL EBOUE MARCEAU;;;SFR_COLL;DSP_MAJ_IRISE;;;OR21;OR1;OR21;CST;MCO;OK;14/10/2008;14/10/2008;C;OPT;C;TR;RF19;48;34;14;4;;4;284,1484;;;14/10/2008;;;;
4597854;HORS TERRITOIRE;IRS - 48FO -  EBOUE/RUE SEVERINE;;;SFR_COLL;DSP_MAJ_IRISE;;;OR21;OR1;OR21;CST;MCO;OK;14/10/2008;14/10/2008;C;OPT;C;TR;RF19;48;36;12;4;;4;979,5808;;;14/10/2008;;;;
4637360;HORS TERRITOIRE;IRS 72 FO RUE ROUGET DE L'ISLE QUAI STALINGRAD/STALINGRAD_ROUGET DE L'ISLE;;;SFR_COLL;DSP_MAJ_IRISE;;;OR21;OR1;OR21;CST;MCO;OK;13/05/2011;13/05/2011;C;OPT;C;TR;RF28;72;37;35;6;;4;51,1304;;;13/05/2011;;;;
18573505;TERRITOIRE;36 FO - 2 AVENUE DE PARIS - BPE 1  / IRS - FT 6013 - 14 RUE DE LA PORTE DE BUC;;;SFR_COLL;DSP_MAJ_IRISE;;;OR21;OR1;OR21;CST;MCO;OK;28/05/2020;28/05/2020;C;OPT;C;TR;RF26;36;36;0;6;;4;1149,8001;;;28/05/2020;;;;
4604307;TERRITOIRE;IRS - 72FO - OPALYS - BD NATIONAL RESIDENCE IDF;;;SFR_COLL;DSP_MAJ_IRISE;;;OR21;OR1;OR21;CST;MCO;OK;08/01/2010;08/01/2010;C;OPT;C;TR;RF16;72;66;6;6;;4;33,6154;;;08/01/2010;;;;
27533540;TERRITOIRE;IRS - 12FO - FT 143 - D60 - (BONEUIL SUR MARNE) / POP SERVICE DES SPORTS BONNEUIL SUR MARNE;;;SFR_COLL;DSP_MAJ_IRISE;;;OR21;OR1;OR21;CST;MCO;OK;23/11/2021;23/11/2021;C;OPT;C;DI;RF27;12;10;2;2;;5;315,4664;;;23/11/2021;;;;
36726177;TERRITOIRE;IRS - 12FO - FT718 -  CH SAT SECURISEE CAM22 / POP CAM22 LES PAVILLONS SOUS BOIS - AA;;;SFR_COLL;DSP_MAJ_IRISE;;;OR21;OR1;OR21;CST;MCO;OK;14/02/2023;14/02/2023;C;OPT;C;DI;RF27;12;10;2;2;;5;2,5150;;;14/02/2023;;;;
4603785;TERRITOIRE;IRS - 48FO - RUE VAILLANT COUTURIER-SAINT ROCH VILLEJUIF/N-1 CAA RAMEAU;;;SFR_COLL;DSP_MAJ_IRISE;;;OR21;OR1;OR21;CST;MCO;OK;09/10/2002;09/10/2002;C;OPT;C;TR;RF12;48;14;34;6;;5;21,1599;;;09/10/2002;;;;
29196270;TERRITOIRE;IRS - 12FO - BOULEVARD JULES GUESDE / POP CAMERA 68 CHAMBRE FT ST DENIS - AA;;;SFR_COLL;DSP_MAJ_IRISE;;;OR21;OR1;OR21;CST;MCO;OK;27/01/2022;27/01/2022;C;OPT;C;DI;RF27;12;10;2;2;;5;301,7569;;;27/01/2022;;;;
4605042;TERRITOIRE;IRS - CAB 1 - 77 AV DE LA RESISTANCE/63 AV HENRIOT;;;SFR_COLL;DSP_MAJ_IRISE;;;OR21;OR1;OR21;CST;MCO;OK;30/01/2001;30/01/2001;C;OPT;C;TR;RF43;48;14;34;6;;183;1300,4977;;;30/01/2001;;;;
4596034;TERRITOIRE;IRS - 144FO - RUE AUFFRET/33 AV JAURES;;;SFR_COLL;DSP_MAJ_IRISE;;;OR21;OR1;OR21;CST;MCO;OK;30/01/2001;30/01/2001;C;OPT;C;LH;RF40;144;71;73;12;;4;937,9493;;;30/01/2001;;;;
27535778;TERRITOIRE;IRS - 36 FO - CH IRISE 686 - PLACE MARQUIS-RUE DES ROCHERS / FT 238 - 63 RUE DE L EGALITE;;;SFR_COLL;DSP_MAJ_IRISE;;;OR21;OR1;OR21;CST;MCO;OK;23/11/2021;23/11/2021;C;OPT;C;TR;RF50;36;36;0;3;;4;1278,1403;;;23/11/2021;;;;
4603857;TERRITOIRE;IRS - 48FO - RUE P CAVARE/RUE DU GENERAL GALLIENI;;;SFR_COLL;DSP_MAJ_IRISE;;;OR21;OR1;OR21;CST;MCO;OK;19/10/2004;19/10/2004;C;OPT;C;TR;RF95;48;46;2;6;;4;286,2330;;;19/10/2004;;;;
4630982;TERRITOIRE;24FO - BAGUETTE - PAUL VAILLANT/IRS COUTURIER;;;SFR_COLL;DSP_MAJ_IRISE;;;OR21;OR1;OR21;CST;MCO;OK;13/05/2011;13/05/2011;C;OPT;C;DI;RF15;24;15;9;4;;4;21,7906;;;13/05/2011;;;;
8929058;TERRITOIRE;72 FO - LD - IRS - BATANY-ESTIENNE D'ORVES - BPE 1 / BPE 2;;;SFR_COLL;DSP_MAJ_IRISE;;;OR21;OR1;OR21;CST;MCO;OK;16/01/2015;16/01/2015;C;OPT;C;TR;RF28;72;64;8;6;;4;6,4927;;;16/01/2015;;;;
7134467;TERRITOIRE;IRS - 144FO - ANGLE BD FRERES VOISIN/RUE VICTOR HUGO / 6 BD VOLTAIRE;;;SFR_COLL;DSP_MAJ_IRISE;;;OR21;OR1;OR21;CST;MCO;OK;22/07/2013;22/07/2013;C;OPT;C;LH;RF22;144;114;30;12;;4;555,4552;;;22/07/2013;;;;
4612083;TERRITOIRE;IRS - 20 RUE ROGET DE LISLE/ROUGET DE L ISLE-GALLIENI;;;SFR_COLL;DSP_MAJ_IRISE;;;OR21;OR1;OR21;CST;MCO;OK;13/04/2007;13/04/2007;C;OPT;C;LH;RF40;144;35;109;12;;4;240,7255;;;13/04/2007;;;;
4597729;TERRITOIRE;IRS - 72FO - PLACE GEORGES CLEMENCEAU/QUAI PRESIDENT CARNOT;;;SFR_COLL;DSP_MAJ_IRISE;;;OR21;OR1;OR21;CST;MCO;OK;29/09/2004;29/09/2004;C;OPT;C;TR;RF16;72;17;55;6;;4;344,7832;;;29/09/2004;;;;
19913010;HORS TERRITOIRE;12 FO - IRISE - FT - BOULEVARD DE BISHOP'S STORTFORD / FT 1806 - ANG THEOPHILE GAUTIER_CHEMIN DES HAUTES NOUES;;;SFR_COLL;DSP_MAJ_IRISE;;;OR21;OR1;OR21;CST;MCO;OK;31/08/2020;31/08/2020;C;OPT;C;DI;RF27;12;6;6;2;;5;589,6845;;;31/08/2020;;;;
4612492;TERRITOIRE;IRS 72FO IRS - EGALITE / PERI/IRS - 22 MARECHAL JOFFRE COLOMBES (BARBUSSE/MARECHAL JOFFRE);;;SFR_COLL;DSP_MAJ_IRISE;;;OR21;OR1;OR21;CST;MCO;OK;05/11/2007;05/11/2007;C;OPT;C;TR;RF16;72;57;15;6;;4;1082,4605;;;05/11/2007;;;;
7685075;TERRITOIRE;IRS - 144FO - LD - 53 RUE ROMAIN ROLLAND/RUE LAUTREAMONT BPE2;;;SFR_COLL;DSP_MAJ_IRISE;;;OR21;OR1;OR21;CST;MCO;OK;09/01/2014;09/01/2014;C;OPT;C;LH;RF127;144;144;0;12;;4;293,9196;;;09/01/2014;;;;
17812836;TERRITOIRE;IRS - 36 FO - FT 1262 - 7 AVENUE DE L ABBE ROGER DERRY / FT 1204 - 88 AVENUE DE LA BRUYERE;;;SFR_COLL;DSP_MAJ_IRISE;;;OR21;OR1;OR21;CST;MCO;OK;23/03/2020;23/03/2020;C;OPT;C;TR;RF50;36;36;0;3;;4;1079,3910;;;23/03/2020;;;;
38676577;TERRITOIRE;IRS - 24FO - FT76 - POP BASCH-DORTOIR MONTROUGE / 84 RUE CARVES;;;SFR_COLL;DSP_MAJ_IRISE;;;OR21;OR1;OR21;CST;MCO;OK;31/05/2023;31/05/2023;C;OPT;C;DI;RF31;24;22;2;2;;5;392,8894;;;31/05/2023;;;;
36538659;TERRITOIRE;12 FO - IRS - FT 80 - 10 AV. DU 14 JUILLET / FT 83 - N-1 DECHETERIE;;;SFR_COLL;DSP_MAJ_IRISE;;;OR21;OR1;OR21;CST;MCO;OK;06/02/2023;06/02/2023;C;OPT;C;DI;RF27;12;5;7;2;;5;311,0524;;;06/02/2023;;;;
4600609;TERRITOIRE;IRS - 144FO - INTER RABELAIS/43 AV ARISTIDE BRIAND;;;SFR_COLL;DSP_MAJ_IRISE;;;OR21;OR1;OR21;CST;MCO;OK;30/01/2001;30/01/2001;C;OPT;C;LH;RF46;144;93;51;12;;100;649,2720;;;30/01/2001;;;;
4638828;TERRITOIRE;IRS - 36 FO - 112 BIS / 2 RUE FONTENAY;;;SFR_COLL;DSP_MAJ_IRISE;;;OR21;OR1;OR21;CST;MCO;OK;29/12/2011;29/12/2011;C;OPT;C;TR;RF42;36;34;2;6;;4;206,4715;;;29/12/2011;;;;
12723412;TERRITOIRE;IRS - 72FO - BAGUETTE (BLEU) VERS RFF - ALLE D'AULNAY / XCO RFF - LDO 0201;;;SFR_COLL;DSP_MAJ_IRISE;;;OR21;OR1;OR21;CST;MCO;OK;06/04/2018;06/04/2018;C;OPT;C;TR;RF18;72;36;36;6;;145;25,3857;;;06/04/2018;;;;
16712035;TERRITOIRE;IRS - 72 FO - 4 PLACE DU PARC / FT451 - 86-84 AVENUE DE RIGNY;;;SFR_COLL;DSP_MAJ_IRISE;;;OR21;OR1;OR21;CST;MCO;OK;07/12/2019;07/12/2019;C;OPT;C;TR;RF178;72;72;0;6;;4;648,0807;;;07/12/2019;;;;
4606593;TERRITOIRE;IRS - 12FO A CONFIRMER - SQUARE STALINGRAD/BIBLIOTHEQUE;;;SFR_COLL;DSP_MAJ_IRISE;;;OR21;OR1;OR21;CST;MCO;OK;28/11/2006;28/11/2006;C;OPT;C;DI;RF45;12;10;2;2;;4;120,6413;;;28/11/2006;;;;
8692417;TERRITOIRE;IRS - 72FO - RUE DES FRERES LUMIERES DUGNY / CDD PARIS NORD (DEA);;;SFR_COLL;DSP_MAJ_IRISE;;;OR21;OR1;OR21;CST;MCO;OK;23/12/2009;23/12/2009;C;OPT;C;TR;RF16;72;24;48;6;;4;2286,5338;;;23/12/2009;;;;
4640809;TERRITOIRE;IRS - 12 FO - BI STADE 2 AVENUE DE NEPTUNE (ST MAUR)/FTTS ST MAUR CHERON - AA;;;SFR_COLL;DSP_MAJ_IRISE;;;OR21;OR1;OR21;CST;MCO;OK;13/04/2012;13/04/2012;C;OPT;C;DI;RF38;12;10;2;1;;4;17,0294;;;13/04/2012;;;;
22790536;TERRITOIRE;IRS - 24FO - FT1164 - 11 RUE EMILE REYNAUD / FT1185 - 41 RUE ERNEST SAVART;;;SFR_COLL;DSP_MAJ_IRISE;;;OR21;OR1;OR21;CST;MCO;OK;19/03/2021;19/03/2021;C;OPT;C;DI;RF29;24;22;2;4;;5;352,0696;;;19/03/2021;;;;
34476258;TERRITOIRE;IRS - 12FO - BI - IRS - RUE DU 19 MARS 1962 / FT 426 - N-1 POP MEDIATHEQUE DE VILLEJUIF;;;SFR_COLL;DSP_MAJ_IRISE;;;OR21;OR1;OR21;CST;MCO;OK;17/10/2022;17/10/2022;C;OPT;C;DI;RF27;12;10;2;2;;5;175,1995;;;17/10/2022;;;;
5811429;TERRITOIRE;IRS - 144FO - ACHAT OPALYS T1 A T6 - BAG - BPE1/BPE2;;;SFR_COLL;DSP_MAJ_IRISE;;;OR21;OR1;OR21;CST;MCO;OK;05/03/2013;05/03/2013;C;OPT;C;LH;RF22;144;56;88;12;;4;9,6061;;;05/03/2013;;;;
4609145;TERRITOIRE;IRS - RUE P  CAVARE/N-1 MAIRIE DE ROSNY SOUS BOIS;;;SFR_COLL;DSP_MAJ_IRISE;;;OR21;OR1;OR21;CST;MCO;OK;19/08/2005;19/08/2005;C;OPT;C;TR;RF28;72;53;19;6;;4;193,4644;;;19/08/2005;;;;
4600067;TERRITOIRE;IRS - RUE MOCQUET- ALLEE BECQUEREL/POP EPITA;;;SFR_COLL;DSP_MAJ_IRISE;;;OR21;OR1;OR21;CST;MCO;OK;01/01/2003;01/01/2003;C;OPT;C;DI;RF99;12;10;2;1;;198;90,1286;;;01/01/2003;;;;
7264246;HORS TERRITOIRE;IRS - 144FO - FT 307 - RUE DU MAIL / N-1 URA SAINT OUEN L AUMONE;;;SFR_COLL;DSP_MAJ_IRISE;;;OR21;OR1;OR21;CST;MCO;OK;05/09/2013;05/09/2013;C;OPT;C;LH;RF22;144;141;3;12;;4;504,8791;;;05/09/2013;;;;
8130193;TERRITOIRE;IRS - 72FO - LD - AV DE LA REPUBLIQUE/ANGLE AV 11 NOVEMBRE 1968 / JULES FERRAT;;;SFR_COLL;DSP_MAJ_IRISE;;;OR21;OR1;OR21;CST;MCO;OK;30/04/2014;30/04/2014;C;OPT;C;TR;RF28;72;70;2;6;;4;831,4592;;;30/04/2014;;;;
44187937;TERRITOIRE;IRS - 72FO - CHANDON_COUTURIER/FT 322 - 84 AVENUE CHANDON (GENNEVILLIERS);;;SFR_COLL;DSP_MAJ_IRISE;;;OR21;OR1;OR21;CST;MCO;OK;05/04/2024;05/04/2024;C;OPT;C;DI;RF28;72;26;46;6;;4;20,0560;;;05/04/2024;;;;
41619297;TERRITOIRE;24 FO - IRIS - POP DGAC GTA ORLY / CHEMIN DES AVERNAISES;;;SFR_COLL;DSP_MAJ_IRISE;;;OR21;OR1;OR21;CST;MCO;OK;07/11/2023;07/11/2023;C;OPT;C;DI;RF29;24;23;1;4;;5;2863,5631;;;07/11/2023;;;;
25876259;TERRITOIRE;IRS - 36FO - AVENUE DU 8 MAI / LUGO IRISE/N-1 THIAIS HOCHE (THIAIS);;;SFR_COLL;DSP_MAJ_IRISE;;;OR21;OR1;OR21;CST;MCO;OK;21/02/2012;21/02/2012;C;OPT;C;TR;RF42;36;30;6;6;;4;1198,1987;;;21/02/2012;;;;
4631222;TERRITOIRE;IRS - 8 D22 RUE DHALENNE/40 RUE DE ST DENIS;;;SFR_COLL;DSP_MAJ_IRISE;;;OR21;OR1;OR21;CST;MCO;OK;09/04/2009;09/04/2009;C;OPT;C;TR;RF16;72;34;14;6;;4;272,8037;;;09/04/2009;;;;
16844242;TERRITOIRE;36 FO - FT396 - 116 AVENUE ROGER SALONGRO / FT304 - 109 RUE DE VERDUN;;;SFR_COLL;DSP_MAJ_IRISE;;;OR21;OR1;OR21;CST;MCO;OK;19/12/2019;19/12/2019;C;OPT;C;TR;RF50;36;36;0;6;;4;442,2748;;;19/12/2019;;;;
4604222;TERRITOIRE;IRS - 144FO - 6 BLD DE VERDUN (COURBEVOIE)/BD GENERAL LECLERC;;;SFR_COLL;DSP_MAJ_IRISE;;;OR21;OR1;OR21;CST;MCO;OK;12/04/2002;12/04/2002;C;OPT;C;LH;RF56;144;113;31;12;;4;1238,9851;;;12/04/2002;;;;
5485332;TERRITOIRE;IRS - BD BOISSIERE/194 RUE DE ROSNY-2;;;SFR_COLL;DSP_MAJ_IRISE;;;OR21;OR1;OR21;CST;MCO;OK;01/03/2005;01/03/2005;C;OPT;C;TR;RF28;72;29;43;6;;4;522,7647;;;01/03/2005;;;;
4641751;HORS TERRITOIRE;IRS - 144FO N-1/POP AMEC SPIE CERGY  -BA;;;SFR_COLL;DSP_MAJ_IRISE;;;OR21;OR1;OR21;CST;MCO;OK;03/05/2012;03/05/2012;C;OPT;C;LH;RF40;144;60;84;12;;4;79,4532;;;03/05/2012;;;;
4598409;TERRITOIRE;IRS - 72FO - QUAI DERVAUX/BD VOLTAIRE;;;SFR_COLL;DSP_MAJ_IRISE;;;OR21;OR1;OR21;CST;MCO;OK;09/09/2002;09/09/2002;C;OPT;C;LH;RF28;72;18;54;6;;4;829,9932;;;09/09/2002;;;;
33048740;TERRITOIRE;IRS - 12FO - PRC CAM 9.1_9.2_70_71 -FT1606 / POP CAM 70-71 ROSNY SOUS BOIS - AA;;;SFR_COLL;DSP_MAJ_IRISE;;;OR21;OR1;OR21;CST;MCO;OK;03/08/2022;03/08/2022;C;OPT;C;DI;RF27;12;11;1;2;;5;16,0442;;;03/08/2022;;;;
22031474;TERRITOIRE;IRS - VERTE-COLONNEL FABIEN / IRS - RUE VERTE;;;SFR_COLL;DSP_MAJ_IRISE;;;OR21;OR1;OR21;CST;MCO;OK;15/11/2002;15/11/2002;C;OPT;C;TR;RF43;48;16;32;6;;183;627,0286;;;15/11/2002;;;;
20453859;TERRITOIRE;IRS - RUE DES MEUNIERS-LOUIS PASTEURS/ 21 RUE MEUNIER;;;SFR_COLL;DSP_MAJ_IRISE;;;OR21;OR1;OR21;CST;MCO;OK;27/01/2006;27/01/2006;C;OPT;C;TR;RF19;48;37;11;4;;4;590,2638;;;27/01/2006;;;;
16119089;TERRITOIRE;IRS - 36 FO - RUE DE STRASBOURG ADD1 / FT 2175 - 3 RUE DIDEROT;;;SFR_COLL;DSP_MAJ_IRISE;;;OR21;OR1;OR21;CST;MCO;OK;11/10/2019;11/10/2019;C;OPT;C;TR;RF50;36;36;0;3;;4;832,7764;;;11/10/2019;;;;
4603653;TERRITOIRE;IRS - ADD 1 - POP TISCALLI FRUCTIDOR/POP TISCALLI FRUCTIDOR - AA;;;SFR_COLL;DSP_MAJ_IRISE;;;OR21;OR1;OR21;CST;MCO;OK;21/09/2004;21/09/2004;C;OPT;C;TR;RF42;36;34;2;6;;4;4,8179;;;21/09/2004;;;;
35496099;TERRITOIRE;IRIS - 12 - FO - CAM01 LES PAVILLONS SOUS BOIS / POP POLICE MUNICIPALE LES PAVILLONS SOUS BOIS;;;SFR_COLL;DSP_MAJ_IRISE;;;OR21;OR1;OR21;CST;MCO;OK;08/12/2022;08/12/2022;C;OPT;C;DI;RF130;12;10;2;1;;5;169,6545;;;08/12/2022;;;;
34311476;TERRITOIRE;IRS - 48 FO - BOULEVARD PIERRE BROSSOLETTE / IRS - PRC ??;;;SFR_COLL;DSP_MAJ_IRISE;;;OR21;OR1;OR21;CST;MCO;OK;07/10/2022;07/10/2022;C;OPT;C;TR;RF33;48;48;0;4;;4;16,9252;;;07/10/2022;;;;
19138608;TERRITOIRE;IRS - 12FO - FT 836 -  40  AVENUE DE STALINGRAD (VILLEJUIF)/FT1581 - 90 AV DE STALINGRAD (VILLEJUIF);;;SFR_COLL;DSP_MAJ_IRISE;;;OR21;OR1;OR21;CST;MCO;OK;05/07/2020;05/07/2020;C;OPT;C;DI;RF27;12;10;2;2;;5;313,1833;;;05/07/2020;;;;
17333217;TERRITOIRE;IRS - FT2344 - 156 RUE LENAIN DE TILLEMONT / 72 RUE LENAIN DE TILLEMONT MONTREUIL;;;SFR_COLL;DSP_MAJ_IRISE;;;OR21;OR1;OR21;CST;MCO;OK;07/02/2020;07/02/2020;C;OPT;C;TR;RF50;36;36;0;6;;4;585,9834;;;07/02/2020;;;;
4613017;TERRITOIRE;IRS - BOURGELAT/MGP BOURGELAT (ALFORT);;;SFR_COLL;DSP_MAJ_IRISE;;;OR21;OR1;OR21;CST;MCO;OK;09/08/2007;09/08/2007;C;OPT;C;DI;RF38;12;10;2;1;;4;9,8995;;;09/08/2007;;;;
45515627;TERRITOIRE;IRS - 24FO - AVENUE GEORGES CLEMENCEAU / 20 RUE DES FONTENELLES;;;SFR_COLL;DSP_MAJ_IRISE;;;OR21;OR1;OR21;CST;MCO;OK;27/06/2024;27/06/2024;C;OPT;C;DI;RF30;24;22;2;4;;4;305,4227;;;27/06/2024;;;;
4608784;TERRITOIRE;IRS -144FO - ADAMOV REPUBLIQUE/NEW ADAMOV REPUBLIQUE;;;SFR_COLL;DSP_MAJ_IRISE;;;OR21;OR1;OR21;CST;MCO;OK;06/07/2005;06/07/2005;C;OPT;C;LH;RF40;144;113;31;12;;4;2,7865;;;06/07/2005;;;;
4636502;TERRITOIRE;IRS - 72 FO RUE VAILLANT COUTURIER/7 RUE PIERRE SEMARD ( MAISON ALFORT );;;SFR_COLL;DSP_MAJ_IRISE;;;OR21;OR1;OR21;CST;MCO;OK;19/05/2011;19/05/2011;C;OPT;C;TR;RF16;72;72;0;6;;4;267,5942;;;19/05/2011;;;;
17201653;TERRITOIRE;IRS - 144 FO - 2 AVENUE VICTOR HUGO (VANVES) / IRS - FT 123 - 5 RUE JULLIEN VANVES;;;SFR_COLL;DSP_MAJ_IRISE;;;OR21;OR1;OR21;CST;MCO;OK;28/01/2020;28/01/2020;C;OPT;C;LH;RF22;144;144;0;12;;4;443,4898;;;28/01/2020;;;;
4605044;TERRITOIRE;IRS - 144FO - RUE GARDEBLED-SAINT CLAUDE/RUE DU GENERAL GALLIENI;;;SFR_COLL;DSP_MAJ_IRISE;;;OR21;OR1;OR21;CST;MCO;OK;30/01/2001;30/01/2001;C;OPT;C;LH;RF56;144;79;65;12;;4;188,2141;;;30/01/2001;;;;
43953379;TERRITOIRE;IRS - 72 FO - JAURES / MANOUCHIAN IRISE / IRS - 34 RUE DE CHOISY;;;SFR_COLL;DSP_MAJ_IRISE;;;OR21;OR1;OR21;CST;MCO;OK;08/08/2002;08/08/2002;C;OPT;C;DI;RF16;72;45;27;6;;4;2375,0852;;;08/08/2002;;;;
45231790;HORS TERRITOIRE;IRS - 12FO  - BVD DE L'HAUTIL / POP VERGER CERGY PONTOISE - AA;;;SFR_COLL;DSP_MAJ_IRISE;;;OR21;OR1;OR21;CST;MCO;OK;11/06/2024;11/06/2024;C;OPT;C;DI;RF27;12;11;1;2;;5;116,3966;;;11/06/2024;;;;
12933224;TERRITOIRE;IRS - 72 FO - 84 RUE GABRIEL PERI/52 AVENUE GABRIEL PERI;;;SFR_COLL;DSP_MAJ_IRISE;;;OR21;OR1;OR21;CST;MCO;OK;05/06/2018;05/06/2018;C;OPT;C;TR;RF94;72;56;16;6;;5;1052,0514;;;05/06/2018;;;;
4609655;TERRITOIRE;IRS - 144FO - 16 RUE D'EGLANTINE/ANGLE TESSIER LUSSAC;;;SFR_COLL;DSP_MAJ_IRISE;;;OR21;OR1;OR21;CST;MCO;OK;01/02/2011;01/02/2011;C;OPT;C;LH;RF56;144;81;63;12;;4;300,3407;;;01/02/2011;;;;
4640478;TERRITOIRE;IRS - 36FO - N-1 POP FTTS ROMAINVILLE/RUE ANATOLE FRANCE;;;SFR_COLL;DSP_MAJ_IRISE;;;OR21;OR1;OR21;CST;MCO;OK;13/02/2012;13/02/2012;C;OPT;C;TR;RF42;36;34;2;6;;4;690,8244;;;13/02/2012;;;;
16531587;TERRITOIRE;IRS - 24FO - FT 2713 - 120 BOULEVARD DE STALINGRAD /GROUPE SCOLAIRE SIMONE VEIL - AA;;;SFR_COLL;DSP_MAJ_IRISE;;;OR21;OR1;OR21;CST;MCO;OK;20/11/2019;20/11/2019;C;OPT;C;DI;RF29;24;18;6;4;;5;215,8982;;;20/11/2019;;;;
4614080;TERRITOIRE;IRS VANZETTI_CROIZAT (Villejuif)/RUE AMBROISE CROIZAT-RUE MARCEL PAUL-2;;;SFR_COLL;DSP_MAJ_IRISE;;;OR21;OR1;OR21;CST;MCO;OK;25/10/2007;25/10/2007;C;OPT;C;TR;RF19;48;36;12;4;;4;524,7230;;;25/10/2007;;;;
4631454;TERRITOIRE;IRS - 24FO BI/POP GS_LALLIER (D65);;;SFR_COLL;DSP_MAJ_IRISE;;;OR21;OR1;OR21;CST;MCO;OK;24/07/2009;24/07/2009;C;OPT;C;DI;RF15;24;20;4;4;;4;18,0277;;;24/07/2009;;;;
4612473;TERRITOIRE;IRS - 72FO - SENTIER DU BOIS DE RICHEBOURG/RUE ALBERT WALTER (VILLETANEUSE);;;SFR_COLL;DSP_MAJ_IRISE;;;OR21;OR1;OR21;CST;MCO;OK;27/11/2006;27/11/2006;C;OPT;C;TR;RF16;72;64;8;6;;4;1085,8271;;;27/11/2006;;;;
4632275;TERRITOIRE;IRS - 24FO - BI/POP CEN_GEOTH_LGTS_JARDIN_PARISIEN (D59) - AA;;;SFR_COLL;DSP_MAJ_IRISE;;;OR21;OR1;OR21;CST;MCO;OK;22/07/2009;22/07/2009;C;OPT;C;DI;RF15;24;8;16;4;;4;23,0219;;;22/07/2009;;;;
17863751;TERRITOIRE;IRS - 144 FO -  FT 858 - AVENUE DES MESANGES / FT 1083 - AVENUE DE LA FOLIE;;;SFR_COLL;DSP_MAJ_IRISE;;;OR21;OR1;OR21;CST;MCO;OK;26/03/2020;26/03/2020;C;OPT;C;LH;RF22;144;144;0;12;;4;869,0849;;;26/03/2020;;;;
45509229;TERRITOIRE;IRS - 24FO - 20 RUE DES FONTENELLES / N-1 CENTRE SOCIAL ET CULTUREL NANTERRE;;;SFR_COLL;DSP_MAJ_IRISE;;;OR21;OR1;OR21;CST;MCO;OK;27/06/2024;27/06/2024;C;OPT;C;DI;RF30;24;22;2;4;;4;601,2010;;;27/06/2024;;;;
22088144;TERRITOIRE;12 FO - BPE FT 435 / POP CENTRE DE LOISIRS GARIBALDI MONTREUIL;;;SFR_COLL;DSP_MAJ_IRISE;;;OR21;OR1;OR21;CST;MCO;OK;02/02/2021;02/02/2021;C;OPT;C;DI;RF27;12;8;4;2;;5;43,8492;;;02/02/2021;;;;
22910505;HORS TERRITOIRE;IRS - 24FO - FT 379 - ROUTE DE BRY - RUE ADRIEN MENTIENNE - BPE 2 / FT 1806 - ANG THEOPHILE GAUTIER_CHEMIN DES HAUTES NOUES;;;SFR_COLL;DSP_MAJ_IRISE;;;OR21;OR1;OR21;CST;MCO;OK;29/03/2021;29/03/2021;C;OPT;C;DI;RF29;24;20;4;4;;5;365,2558;;;29/03/2021;;;;
7534003;TERRITOIRE;IRS - 24FO - LD - 9 BIS BD DE LA MARNE / POP OCRE BLEUE NOGENT SUR MARNE - AA;;;SFR_COLL;DSP_MAJ_IRISE;;;OR21;OR1;OR21;CST;MCO;OK;25/11/2013;25/11/2013;C;OPT;C;DI;RF30;24;23;1;4;;4;45,6629;;;25/11/2013;;;;
12710247;TERRITOIRE;IRS - 12FO - N-1 MAIRIE DE JOINVILLE/ POP MAIRIE DE JOINVILLE-LE-PONTIRS - BB;;;SFR_COLL;DSP_MAJ_IRISE;;;OR21;OR1;OR21;CST;MCO;OK;04/04/2018;04/04/2018;C;OPT;C;DI;RF37;12;10;2;2;;5;22,4232;;;04/04/2018;;;;
4599548;TERRITOIRE;IRS - 48FO - ANGLE AV K MARX-S ALLENDE/AV DU PRESIDENT SALVADOR ALLENDE;;;SFR_COLL;DSP_MAJ_IRISE;;;OR21;OR1;OR21;CST;MCO;OK;01/09/2008;01/09/2008;C;OPT;C;TR;RF19;48;26;22;4;;4;178,9996;;;01/09/2008;;;;
4629777;TERRITOIRE;IRS - PHILIBERT HOFFMAN_FRERES LUMIERE/RUE J MONTGOLFIER-2;;;SFR_COLL;DSP_MAJ_IRISE;;;OR21;OR1;OR21;CST;MCO;OK;06/01/2009;06/01/2009;C;OPT;C;LH;RF40;144;91;53;12;;4;318,3906;;;06/01/2009;;;;
11097620;HORS TERRITOIRE;IRS - 24FO - BI 5 AVENUE BERNARD HIRSCH / POP DGFIP BERNARD HIRSCH (CERGY) - BA;;;SFR_COLL;DSP_MAJ_IRISE;;;OR21;OR1;OR21;CST;MCO;OK;24/03/2017;24/03/2017;C;OPT;C;DI;RF48;24;24;0;4;;4;9,7780;;;24/03/2017;;;;
4614475;TERRITOIRE;IRS - CAB 1 -18 RUE ROUGET DE L'ISLE/ROUGET DE L ISLE CAMILLE DES MOULINS ISSY LES MOULLINEAUX;;;SFR_COLL;DSP_MAJ_IRISE;;;OR21;OR1;OR21;CST;MCO;OK;26/04/2007;26/04/2007;C;OPT;C;TR;RF16;72;11;61;6;;4;60,5723;;;26/04/2007;;;;
4607051;HORS TERRITOIRE;IRS-SORTIE RFF PK21040/RUE DE LA MONTAGNE VIRY;;;SFR_COLL;DSP_MAJ_IRISE;;;OR21;OR1;OR21;CST;MCO;OK;19/09/2006;19/09/2006;C;OPT;C;TR;RF16;72;49;23;6;;4;359,9716;;;19/09/2006;;;;
4610079;TERRITOIRE;IRS - CAB1 - N-1 MAIRIE AUBERVILLIERS /MAIRIE AUBERVILLIERS;;;SFR_COLL;DSP_MAJ_IRISE;;;OR21;OR1;OR21;CST;MCO;OK;14/11/2006;14/11/2006;C;OPT;C;DI;RF38;12;6;6;1;;4;34,6828;;;14/11/2006;;;;
4623270;TERRITOIRE;IRS - 144FO - AUGER-CONGO/25 RUE DES GRILLES (PANTIN);;;SFR_COLL;DSP_MAJ_IRISE;;;OR21;OR1;OR21;CST;MCO;OK;30/06/2011;30/06/2011;C;OPT;C;LH;RF56;144;39;105;12;;4;752,4952;;;30/06/2011;;;;
7735602;TERRITOIRE;IRS - 288 FO - ANGLE KARMAN-CHARRON / IRS-RUE DE LA MOTTE - BPE  2;;;SFR_COLL;DSP_MAJ_IRISE;;;OR21;OR1;OR21;CST;MCO;OK;22/01/2014;22/01/2014;C;OPT;C;LH;RF32;288;263;25;24;;4;1332,3922;;;22/01/2014;;;;
4606379;HORS TERRITOIRE;IRS - 12FO ISH - LD - POP FTTS STADE VAUCRESSON/IRS 23 RU DU PR VICTOR PAUCHET - AA;;;SFR_COLL;DSP_MAJ_IRISE;;;OR21;OR1;OR21;CST;MCO;OK;19/12/2011;19/12/2011;C;OPT;C;DI;RF14;12;10;2;2;;4;39,8504;;;19/12/2011;;;;
4613100;HORS TERRITOIRE;IRS - 144FO - PK 103-950 MASSY/RUE GALVANI MASSY;;;SFR_COLL;DSP_MAJ_IRISE;;;OR21;OR1;OR21;CST;MCO;OK;15/05/2006;15/05/2006;C;OPT;C;LH;RF21;144;64;80;12;;145;107,4893;;;15/05/2006;;;;
15518113;TERRITOIRE;IRISE - 24FO - PRC CAMERA C47 / ANGLE AVENUE PASTEUR - RUE DE NOISY LE SEC;;;SFR_COLL;DSP_MAJ_IRISE;;;OR21;OR1;OR21;CST;MCO;OK;07/08/2019;07/08/2019;C;OPT;C;DI;RF29;24;22;2;4;;5;4,4099;;;07/08/2019;;;;
4637159;TERRITOIRE;IRS - 72FO - 8 AV FONTENAY / LOUISON BOBET;;;SFR_COLL;DSP_MAJ_IRISE;;;OR21;OR1;OR21;CST;MCO;OK;02/08/2011;02/08/2011;C;OPT;C;TR;RF16;72;70;2;6;;4;312,0392;;;02/08/2011;;;;
15499554;TERRITOIRE;IRISE - AVENUE WALDECK ROUSSEAU / POP THEATRE LES LILAS - AA;;;SFR_COLL;DSP_MAJ_IRISE;;;OR21;OR1;OR21;CST;MCO;OK;05/08/2019;05/08/2019;C;OPT;C;DI;RF29;24;20;4;4;;5;31,0124;;;05/08/2019;;;;
4632357;TERRITOIRE;IRS - 24FO - BI/POP LES_BOSQUETS (D98);;;SFR_COLL;DSP_MAJ_IRISE;;;OR21;OR1;OR21;CST;MCO;OK;22/07/2009;22/07/2009;C;OPT;C;DI;RF15;24;22;2;4;;4;33,5574;;;22/07/2009;;;;
13049009;HORS TERRITOIRE;IRS - 12FO - 40 AV DES GROS CHENES / POP DILIGENCE LOCATION SERVICE HERBLAY - AA;;;SFR_COLL;DSP_MAJ_IRISE;;;OR21;OR1;OR21;CST;MCO;OK;06/07/2018;06/07/2018;C;OPT;C;DI;RF27;12;11;1;2;;5;341,2620;;;06/07/2018;;;;
44339943;TERRITOIRE;IRS - 48FO - 4 RUE DESIRE DAUTIER / POP MAIRIE DE BONNEUIL SUR MARNE - AB;;;SFR_COLL;DSP_MAJ_IRISE;;;OR21;OR1;OR21;CST;MCO;OK;16/04/2024;16/04/2024;C;OPT;C;DI;RF47;48;44;4;4;;4;107,7240;;;16/04/2024;;;;
16653171;TERRITOIRE;IRS - 12 FO - D986 - AVENUE DE LA DIVISION LECLERC / PETITE VOIE GROGNEUSE / POP THEATRE FIRMIN PISCINE CHATENAY MALABRY - AA;;;SFR_COLL;DSP_MAJ_IRISE;;;OR21;OR1;OR21;CST;MCO;OK;02/12/2019;02/12/2019;C;OPT;C;DI;RF27;12;12;0;2;;5;108,4381;;;02/12/2019;;;;
9448561;HORS TERRITOIRE;IRS - 12 FO - POP ULTRAFLUX ERAGNY SUR OISE / IRS N-1 WIKA INSTRUMENT - AA;;;SFR_COLL;DSP_MAJ_IRISE;;;OR21;OR1;OR21;CST;MCO;OK;19/11/2015;19/11/2015;C;OPT;C;DI;RF27;12;11;1;2;;5;161,1584;;;19/11/2015;;;;
4610518;TERRITOIRE;IRS - 72FO - RUE VELPEAU TELCITE/SORTIE TCT ANTHONY;;;SFR_COLL;DSP_MAJ_IRISE;;;OR21;OR1;OR21;CST;MCO;OK;01/02/2005;01/02/2005;C;OPT;C;TR;RF23;72;28;44;6;;145;842,3071;;;01/02/2005;;;;
7465217;HORS TERRITOIRE;IRS - 144 FO - RUE ETIENNE DORVES/13 BOULEVARD DU MARECHAL FOCH;;;SFR_COLL;DSP_MAJ_IRISE;;;OR21;OR1;OR21;CST;MCO;OK;04/11/2013;04/11/2013;C;OPT;C;LH;RF22;144;142;2;12;;4;418,6233;;;04/11/2013;;;;
4610400;TERRITOIRE;IRS - 107 AV ARISTIDE BRIAND/AV PT ALLENDE MONTROUGE;;;SFR_COLL;DSP_MAJ_IRISE;;;OR21;OR1;OR21;CST;MCO;OK;27/01/2006;27/01/2006;C;OPT;C;TR;RF19;48;9;39;4;;4;450,7224;;;27/01/2006;;;;
4611162;TERRITOIRE;IRS - 48FO - COSARDE-LARROUMES L HAY LES ROSES/RUE DES JARDINS LHAY LES ROSES;;;SFR_COLL;DSP_MAJ_IRISE;;;OR21;OR1;OR21;CST;MCO;OK;19/02/2007;19/02/2007;C;OPT;C;TR;RF59;48;46;2;4;;5;1057,2053;;;19/02/2007;;;;
4613125;TERRITOIRE;IRS-PAVE BLANC/BP IMMEUBLE CLAMART;;;SFR_COLL;DSP_MAJ_IRISE;;;OR21;OR1;OR21;CST;MCO;OK;22/05/2006;22/05/2006;C;OPT;C;TR;RF97;72;62;10;6;;4;281,6438;;;22/05/2006;;;;
4611451;TERRITOIRE;IRS - CAB 2 - GARDINOUX 2 IRISE/RUE DES FILLETTES BPE 2 IRISE;;;SFR_COLL;DSP_MAJ_IRISE;;;OR21;OR1;OR21;CST;MCO;OK;21/11/2006;21/11/2006;C;OPT;C;LH;RF40;144;0;144;12;;4;471,0362;;;21/11/2006;;;;
4631221;TERRITOIRE;IRS - 24FO - BAUER-MONET/POP ATLAS SAINT OUEN -AA;;;SFR_COLL;DSP_MAJ_IRISE;;;OR21;OR1;OR21;CST;MCO;OK;09/04/2009;09/04/2009;C;OPT;C;DI;RF15;24;16;8;4;;4;113,7100;;;09/04/2009;;;;
4641596;TERRITOIRE;144 FO - IRS - RUE DU LIEUTENANT BATANY CLAMART /IRS-RUE RAOUL BATANY;;;SFR_COLL;DSP_MAJ_IRISE;;;OR21;OR1;OR21;CST;MCO;OK;16/02/2012;16/02/2012;C;OPT;C;LH;RF40;144;114;30;12;;4;512,0713;;;16/02/2012;;;;
4595994;TERRITOIRE;IRS - MALON/GIDE/POP NUMERICABLE KREMLIN;;;SFR_COLL;DSP_MAJ_IRISE;;;OR21;OR1;OR21;CST;MCO;OK;30/01/2001;30/01/2001;C;OPT;C;DI;RF70;12;8;4;2;;5;48,0681;;;30/01/2001;;;;
30295527;TERRITOIRE;IRS - 36 FO - RUE DE VILLIERS LEVALLOIS / FT 25 - 118 RUE ANATOLE FRANCE;;;SFR_COLL;DSP_MAJ_IRISE;;;OR21;OR1;OR21;CST;MCO;OK;22/03/2022;22/03/2022;C;OPT;C;TR;RF50;36;36;0;3;;4;865,9765;;;22/03/2022;;;;
4632101;TERRITOIRE;IRS - 48FO GS_PAUL_BERT_GYMNASE (D41)/FOYER_DES_ANCIENS (D64);;;SFR_COLL;DSP_MAJ_IRISE;;;OR21;OR1;OR21;CST;MCO;OK;17/07/2009;17/07/2009;C;OPT;C;TR;RF19;48;46;2;4;;4;191,3652;;;17/07/2009;;;;
7683457;TERRITOIRE;IRS - 12FO - RUE DE VILLENEUVE BPE 2/KINGSTON (RUNGIS);;;SFR_COLL;DSP_MAJ_IRISE;;;OR21;OR1;OR21;CST;MCO;OK;09/01/2014;09/01/2014;C;OPT;C;DI;RF45;12;10;2;2;;4;236,3859;;;09/01/2014;;;;
7204417;TERRITOIRE;IRS - 144FO - AV P.WILSON_AV GAL GALLIENI (JOINVILLE LE PONT)/15 AV PRESIDENT WILSON (JOINVILLE LE PONT);;;SFR_COLL;DSP_MAJ_IRISE;;;OR21;OR1;OR21;CST;MCO;OK;14/08/2013;14/08/2013;C;OPT;C;LH;RF22;144;140;4;12;;4;298,6719;;;14/08/2013;;;;
8922946;HORS TERRITOIRE;36 FO - IRS - RUE DU MORVAN / POP OCTI PYRENEES - BA;;;SFR_COLL;DSP_MAJ_IRISE;;;OR21;OR1;OR21;CST;MCO;OK;14/01/2015;14/01/2015;C;OPT;C;TR;RF26;36;35;1;6;;4;188,1285;;;14/01/2015;;;;
4630892;TERRITOIRE;IRS - NEW 144FO - BD MELIES_ST CATHERINE/DE GAULLE-LECLERC;;;SFR_COLL;DSP_MAJ_IRISE;;;OR21;OR1;OR21;CST;MCO;OK;23/09/2009;23/09/2009;C;OPT;C;LH;RF40;144;47;97;12;;4;1161,0916;;;23/09/2009;;;;
4594712;TERRITOIRE;IRS - PERI-DISPENSAIRE/MALON/GIDE;;;SFR_COLL;DSP_MAJ_IRISE;;;OR21;OR1;OR21;CST;MCO;OK;09/10/2002;09/10/2002;C;OPT;C;TR;RF16;72;18;54;6;;4;1159,9862;;;09/10/2002;;;;
4603959;TERRITOIRE;IRS - 40 QUAI V HUGO/POP AIR LIQUIDE;;;SFR_COLL;DSP_MAJ_IRISE;;;OR21;OR1;OR21;CST;MCO;OK;28/06/2004;28/06/2004;C;OPT;C;DI;RF14;12;12;0;2;;4;109,9839;;;28/06/2004;;;;
4605626;HORS TERRITOIRE;IRS - 72FO - BAG VERS RFF - GARE DE VILLEPARISIS/AV SALOMON;;;SFR_COLL;DSP_MAJ_IRISE;;;OR21;OR1;OR21;CST;MCO;OK;31/08/2004;31/08/2004;C;OPT;C;TR;RF18;72;32;40;6;;145;9,2989;;;31/08/2004;;;;
4614902;TERRITOIRE;IRS - 72FO - RUE VARAGNAT;;;SFR_COLL;DSP_MAJ_IRISE;;;OR21;OR1;OR21;CST;MCO;OK;12/07/2007;12/07/2007;C;OPT;C;TR;RF16;72;45;27;6;;4;654,4128;;;12/07/2007;;;;
25643970;TERRITOIRE;IRS 144 FO - IRS - FT 967 - 50 RUE LOUISE MICHEL / IRS - RUE DE NORMANDIE;;;SFR_COLL;DSP_MAJ_IRISE;;;OR21;OR1;OR21;CST;MCO;OK;08/09/2021;08/09/2021;C;OPT;C;LH;RF22;144;143;1;12;;4;1044,0308;;;08/09/2021;;;;
4614837;HORS TERRITOIRE;IRS - AV. CLICHY SOUS_BOIS/BD. HARDY_PAUL BERT;;;SFR_COLL;DSP_MAJ_IRISE;;;OR21;OR1;OR21;CST;MCO;OK;25/09/2007;25/09/2007;C;OPT;C;TR;RF16;72;71;1;6;;4;175,3004;;;25/09/2007;;;;
4609574;TERRITOIRE;IRS - 12FO - FACE 41 RUE GABRIEL PERI/MAIRIE DE LEVALLOIS PERRET - AA;;;SFR_COLL;DSP_MAJ_IRISE;;;OR21;OR1;OR21;CST;MCO;OK;17/01/2008;17/01/2008;C;OPT;C;DI;RF14;12;12;0;2;;4;15,6526;;;17/01/2008;;;;
4602023;TERRITOIRE;IRS - FRATACCI/LT POP MAIRIE DE VANVES;;;SFR_COLL;DSP_MAJ_IRISE;;;OR21;OR1;OR21;CST;MCO;OK;01/01/2002;01/01/2002;C;OPT;C;TR;RF16;72;70;2;6;;4;215,0287;;;01/01/2002;;;;
4600900;TERRITOIRE;IRS - PAUL DOUMER/MAIRIE D'ARCUEIL;;;SFR_COLL;DSP_MAJ_IRISE;;;OR21;OR1;OR21;CST;MCO;OK;11/12/2003;11/12/2003;C;OPT;C;DI;RF38;12;10;2;1;;4;62,1691;;;11/12/2003;;;;
25240101;TERRITOIRE;IRS - 144 FO - FT 353 - 129 AVENUE ROGER SALENGRO  / IRS - FT 213 - 295 AVENUE DE LA DIVISION LECLERC;;;SFR_COLL;DSP_MAJ_IRISE;;;OR21;OR1;OR21;CST;MCO;OK;16/08/2021;16/08/2021;C;OPT;C;LH;RF22;144;144;0;12;;4;1235,7353;;;16/08/2021;;;;
17132865;TERRITOIRE;IRS - 24FO - ANGLE D. CASANOVA - ANGLE A. HUZARD / ROND POINT RUE HERMINIER - CREVECOEUR - CASANOVA - HEMET;;;SFR_COLL;DSP_MAJ_IRISE;;;OR21;OR1;OR21;CST;MCO;OK;20/01/2020;20/01/2020;C;OPT;C;DI;RF29;24;20;4;4;;5;180,8519;;;20/01/2020;;;;
4640890;TERRITOIRE;IRS - 12FO - BI 13 GUY GOUYON/POP FTTS ARCUEIL BRIAND - AA;;;SFR_COLL;DSP_MAJ_IRISE;;;OR21;OR1;OR21;CST;MCO;OK;24/01/2012;24/01/2012;C;OPT;C;DI;RF14;12;8;4;2;;4;4,7386;;;24/01/2012;;;;
22560424;TERRITOIRE;IRS - 24FO - FT2969 - 15 RUE DANIELLE CASANOVA / FT2157 - 179 BOULEVARD ARISTIDE BRIAND;;;SFR_COLL;DSP_MAJ_IRISE;;;OR21;OR1;OR21;CST;MCO;OK;04/03/2021;04/03/2021;C;OPT;C;DI;RF29;24;18;6;4;;5;100,7420;;;04/03/2021;;;;
23748257;TERRITOIRE;POP IMP6 MONTROUGE / IRS - FT 1159 AV ARISTIDE BRIAND - RN20 MONTROUGE;;;SFR_COLL;DSP_MAJ_IRISE;;;OR21;OR1;OR21;CST;MCO;OK;22/05/2021;22/05/2021;C;OPT;C;DI;RF37;12;10;2;2;;5;285,0648;;;22/05/2021;;;;
4631506;TERRITOIRE;IRS - 24FO BI/POP LA_LIBERTE (D95);;;SFR_COLL;DSP_MAJ_IRISE;;;OR21;OR1;OR21;CST;MCO;OK;24/07/2009;24/07/2009;C;OPT;C;DI;RF15;24;20;4;4;;4;18,3842;;;24/07/2009;;;;
7356081;HORS TERRITOIRE;IRS - 36FO - POP DISMO FRANCE / N-1 POP DISMO FRANCE - AA;;;SFR_COLL;DSP_MAJ_IRISE;;;OR21;OR1;OR21;CST;MCO;OK;03/10/2013;03/10/2013;C;OPT;C;TR;RF88;36;36;0;6;;4;68,3809;;;03/10/2013;;;;
10939457;HORS TERRITOIRE;IRS - 12 FO - BI POP COGNE FRANCE / POP COGNE FRANCE HERBLAY - AA;;;SFR_COLL;DSP_MAJ_IRISE;;;OR21;OR1;OR21;CST;MCO;OK;21/02/2017;21/02/2017;C;OPT;C;DI;RF27;12;11;1;2;;5;224,0913;;;21/02/2017;;;;
15859589;TERRITOIRE;IRS - 24FO - IRS - FT- N-1 POP MEDIATHEQUE DE VILLEJUIF / IRS - FT 1060 - 16 SENTIER RABELAIS VILLEJUIF;;;SFR_COLL;DSP_MAJ_IRISE;;;OR21;OR1;OR21;CST;MCO;OK;17/09/2019;17/09/2019;C;OPT;C;DI;RF29;24;22;2;4;;5;626,7960;;;17/09/2019;;;;
15518114;TERRITOIRE;IRISE - 24FO - N-1 HOTEL DE VILLE / ANGLE RUE DE PARIS - RUE DU COQ FRANCAIS;;;SFR_COLL;DSP_MAJ_IRISE;;;OR21;OR1;OR21;CST;MCO;OK;07/08/2019;07/08/2019;C;OPT;C;DI;RF29;24;2;22;4;;5;139,1751;;;07/08/2019;;;;
4632110;TERRITOIRE;IRS - 144FO LES_ROSES_ROUGES (D96)/LES_BOSQUETS (D98);;;SFR_COLL;DSP_MAJ_IRISE;;;OR21;OR1;OR21;CST;MCO;OK;17/07/2009;17/07/2009;C;OPT;C;LH;RF40;144;138;6;12;;4;493,2030;;;17/07/2009;;;;
4641074;TERRITOIRE;IRS - WILSON-TENINE/CONVENTION-PERI-1;;;SFR_COLL;DSP_MAJ_IRISE;;;OR21;OR1;OR21;CST;MCO;OK;23/01/2012;23/01/2012;C;OPT;C;LH;RF56;144;79;65;12;;4;471,6446;;;23/01/2012;;;;
4611398;TERRITOIRE;IRS - 48FO COOP_PTT (D48)/MONTJOIE (D34);;;SFR_COLL;DSP_MAJ_IRISE;;;OR21;OR1;OR21;CST;MCO;OK;21/07/2009;21/07/2009;C;OPT;C;TR;RF19;48;46;2;4;;4;90,2796;;;21/07/2009;;;;
6173649;TERRITOIRE;IRS - 72 FO - AUGER-CONGO / IRS- 12 RUE AUGER (PANTIN);;;SFR_COLL;DSP_MAJ_IRISE;;;OR21;OR1;OR21;CST;MCO;OK;16/04/2013;16/04/2013;C;OPT;C;TR;RF28;72;72;0;6;;4;173,8005;;;16/04/2013;;;;
4602686;HORS TERRITOIRE;IRS - 72 FO - BI CNAV RUE DES CHAUFFOURS - ANGLE BD OISE RUE DES CHAFFOURS;;;SFR_COLL;DSP_MAJ_IRISE;;;OR21;OR1;OR21;CST;MCO;OK;25/11/2011;25/11/2011;C;OPT;C;TR;RF16;72;70;2;6;;4;586,2002;;;25/11/2011;;;;
4620266;TERRITOIRE;IRS- 72FO CARNOT-LECLERC/VAILLANT-DEBARCADERE;;;SFR_COLL;DSP_MAJ_IRISE;;;OR21;OR1;OR21;CST;MCO;OK;24/03/2009;24/03/2009;C;OPT;C;TR;RF16;72;65;7;6;;4;275,5625;;;24/03/2009;;;;
4609285;TERRITOIRE;IRS - 12FO - SITE B MAIRIE/SITE A  MAIRIE MONTROUGE;;;SFR_COLL;DSP_MAJ_IRISE;;;OR21;OR1;OR21;CST;MCO;OK;18/01/2006;18/01/2006;C;OPT;C;DI;RF14;12;10;2;2;;4;15,2644;;;18/01/2006;;;;
4609562;TERRITOIRE;IRS - 24FO - BI UBISOFT LAGNY/POP UBISOFT LAGNY MONTREUIL - AA;;;SFR_COLL;DSP_MAJ_IRISE;;;OR21;OR1;OR21;CST;MCO;OK;03/01/2008;03/01/2008;C;OPT;C;DI;RF15;24;18;6;4;;4;5,5289;;;03/01/2008;;;;
24851634;TERRITOIRE;IRS - 12FO - FT2722 - CHARLES DELAVACQUERIE / FT2743 - RUE DES BLANES-VILAINS;;;SFR_COLL;DSP_MAJ_IRISE;;;OR21;OR1;OR21;CST;MCO;OK;21/07/2021;21/07/2021;C;OPT;C;DI;RF27;12;10;2;2;;5;276,5983;;;21/07/2021;;;;
37022501;TERRITOIRE;IRS - 12 FO - FT 218 - ALLEE ROBILLARD / PRC CAMERA 31 LES PAVILLONS SOUS BOIS;;;SFR_COLL;DSP_MAJ_IRISE;;;OR21;OR1;OR21;CST;MCO;OK;02/03/2023;02/03/2023;C;OPT;C;DI;RF27;12;10;2;2;;5;8,0142;;;02/03/2023;;;;
4637957;TERRITOIRE;IRS - 24FO - POP MEDIATHEQUE/AV FRERES LUMIERES;;;SFR_COLL;DSP_MAJ_IRISE;;;OR21;OR1;OR21;CST;MCO;OK;02/12/2011;02/12/2011;C;OPT;C;DI;RF15;24;22;2;4;;4;317,6475;;;02/12/2011;;;;
4631764;TERRITOIRE;IRS - 34, AVENUE DE LA DIVISION LECLERC/60 RUE CAMILLE DESMOULINS;;;SFR_COLL;DSP_MAJ_IRISE;;;OR21;OR1;OR21;CST;MCO;OK;30/11/2009;30/11/2009;C;OPT;C;TR;RF16;72;26;46;6;;4;312,5512;;;30/11/2009;;;;
4633313;TERRITOIRE;IRS - 144FO ECOLE_VAL_AUX_RENARDS (D83)/CHAUFFERIE_VAL_AUX_RENARDS (D82);;;SFR_COLL;DSP_MAJ_IRISE;;;OR21;OR1;OR21;CST;MCO;OK;20/07/2009;20/07/2009;C;OPT;C;LH;RF40;144;142;2;12;;4;126,9769;;;20/07/2009;;;;
5265171;TERRITOIRE;IRS - 72FO - LD- BPE1/BPE2 - IRS - DE GAULLE LECLERC NOISY;;;SFR_COLL;DSP_MAJ_IRISE;;;OR21;OR1;OR21;CST;MCO;OK;20/12/2012;20/12/2012;C;OPT;C;TR;RF28;72;26;46;6;;4;6,6123;;;20/12/2012;;;;
4604875;HORS TERRITOIRE;IRS - GENOTTES/CENTAURE??;;;SFR_COLL;DSP_MAJ_IRISE;;;OR21;OR1;OR21;CST;MCO;OK;26/08/2004;26/08/2004;C;OPT;C;LH;RF40;144;44;100;12;;4;1413,6100;;;26/08/2004;;;;
4632117;TERRITOIRE;IRS - 48FO IRIS (D17)/HORTENSIAS (D39);;;SFR_COLL;DSP_MAJ_IRISE;;;OR21;OR1;OR21;CST;MCO;OK;17/07/2009;17/07/2009;C;OPT;C;TR;RF19;48;46;2;4;;4;210,1918;;;17/07/2009;;;;
5137826;TERRITOIRE;IRS - 144 FO - QUAI JULES GUESDE / FT2087 - 29 RUE EDITH CAVELL;;;SFR_COLL;DSP_MAJ_IRISE;;;OR21;OR1;OR21;CST;MCO;OK;06/12/2012;06/12/2012;C;OPT;C;LH;RF35;144;143;1;12;;4;536,1694;;;06/12/2012;;;;
4607558;TERRITOIRE;IRS - 48FO 52_LGTS_SICAMO (D80)/31_LGTS_TERR_PLEIN_COEUR_EDITH_PIAF (D79);;;SFR_COLL;DSP_MAJ_IRISE;;;OR21;OR1;OR21;CST;MCO;OK;17/07/2009;17/07/2009;C;OPT;C;TR;RF19;48;46;2;4;;4;99,4276;;;17/07/2009;;;;
4633930;HORS TERRITOIRE;IRS - 24FO - POP EDF CHAMPS SUR MARNE/ANGLE NOBEL-LUMIERE - AA;;;SFR_COLL;DSP_MAJ_IRISE;;;OR21;OR1;OR21;CST;MCO;OK;03/10/2011;03/10/2011;C;OPT;C;DI;RF15;24;22;2;4;;4;130,9542;;;03/10/2011;;;;
4640613;TERRITOIRE;IRS - 144 FO - N-1 POP LA DOCUMENTATION/IRS - ANGLE HENRI BARBUSSE -  PAUL BERT (AUBERVILLIERS);;;SFR_COLL;DSP_MAJ_IRISE;;;OR21;OR1;OR21;CST;MCO;OK;24/04/2012;24/04/2012;C;OPT;C;LH;RF40;144;142;2;12;;4;203,5334;;;24/04/2012;;;;
16464609;TERRITOIRE;IRS - 12 FO - VANZETTI_CROIZAT (Villejuif) - BPE 1 / POP ANNEXE AMBROISE CROIZAT VILLEJUIF - AA;;;SFR_COLL;DSP_MAJ_IRISE;;;OR21;OR1;OR21;CST;MCO;OK;14/11/2019;14/11/2019;C;OPT;C;DI;RF66;12;10;2;2;;236;188,0864;;;14/11/2019;;;;
4639666;HORS TERRITOIRE;IRS - 144 FO - N-1 POP FRANCE CARGO/ANGLE GROS CHENE;;;SFR_COLL;DSP_MAJ_IRISE;;;OR21;OR1;OR21;CST;MCO;OK;03/05/2012;03/05/2012;C;OPT;C;LH;RF40;144;130;14;12;;4;1271,2222;;;03/05/2012;;;;
4633197;TERRITOIRE;IRS - 24FO BI/POP MAIRIE_DE_CHAVILLY_LARUE;;;SFR_COLL;DSP_MAJ_IRISE;;;OR21;OR1;OR21;CST;MCO;OK;28/07/2009;28/07/2009;C;OPT;C;DI;RF15;24;22;2;4;;4;21,5937;;;28/07/2009;;;;
42169378;TERRITOIRE;IRS - 12FO - FT2587 - 142 RUE EDOUARD BRANLY / POP GYMNASE AUGUSTE DELAUNE MONTREUIL - AA;;;SFR_COLL;DSP_MAJ_IRISE;;;OR21;OR1;OR21;CST;MCO;OK;07/12/2023;07/12/2023;C;OPT;C;DI;RF27;12;10;2;2;;5;81,8948;;;07/12/2023;;;;
44339942;TERRITOIRE;IRS - 48FO - 4 RUE DESIRE DAUTIER / N-1 CTM BONNEUIL;;;SFR_COLL;DSP_MAJ_IRISE;;;OR21;OR1;OR21;CST;MCO;OK;16/04/2024;16/04/2024;C;OPT;C;DI;RF47;48;44;4;4;;4;1136,3797;;;16/04/2024;;;;
4604602;TERRITOIRE;IRS - 44 RUE JEAN JAURES/1 RUE VARLIN;;;SFR_COLL;DSP_MAJ_IRISE;;;OR21;OR1;OR21;CST;MCO;OK;10/09/2002;10/09/2002;C;OPT;C;TR;RF82;72;35;37;6;;193;543,5292;;;10/09/2002;;;;
4609605;HORS TERRITOIRE;IRS - 24FO RUE GOUJON/POP PETITE ENFANCE (GARGES LES GONESSE);;;SFR_COLL;DSP_MAJ_IRISE;;;OR21;OR1;OR21;CST;MCO;OK;28/08/2007;28/08/2007;C;OPT;C;DI;RF15;24;22;2;4;;4;57,8684;;;28/08/2007;;;;
8678418;HORS TERRITOIRE;IRS - 36 FO - RUE DES CHAUFFOURS_QUAI DE LIVRAISON /POP AMETIF CHAUFFOURS - AA;;;SFR_COLL;DSP_MAJ_IRISE;;;OR21;OR1;OR21;CST;MCO;OK;13/10/2014;13/10/2014;C;OPT;C;TR;RF26;36;34;2;6;;4;241,3457;;;13/10/2014;;;;
4632213;TERRITOIRE;IRS - 24FO - 54 RUE SAINT DENIS/POP PMI SAINT DENIS;;;SFR_COLL;DSP_MAJ_IRISE;;;OR21;OR1;OR21;CST;MCO;OK;10/04/2009;10/04/2009;C;OPT;C;DI;RF15;24;16;8;4;;4;29,1797;;;10/04/2009;;;;
6338177;HORS TERRITOIRE;IRS - 144FO - FT 1433 - PT1 ROUTE DE PARIS A DIEPPE (OSNY) / PT2 - ROUTE DE PARIS A DIEPPE (OSNY);;;SFR_COLL;DSP_MAJ_IRISE;;;OR21;OR1;OR21;CST;MCO;OK;07/05/2013;07/05/2013;C;OPT;C;LH;RF22;144;140;4;12;;4;316,2042;;;07/05/2013;;;;
4604747;TERRITOIRE;IRS - 201 RUE HAUTES_PATURES (NANTERRE)/CHR 20 RUE DE SARTROUVILLE NANTERRE-2;;;SFR_COLL;DSP_MAJ_IRISE;;;OR21;OR1;OR21;CST;MCO;OK;20/07/2007;20/07/2007;C;OPT;C;TR;RF16;72;18;54;6;;4;585,5584;;;20/07/2007;;;;
4633296;TERRITOIRE;IRS - 48FO ANATOLE_FRANCE (D37)/LES_LILAS (D97);;;SFR_COLL;DSP_MAJ_IRISE;;;OR21;OR1;OR21;CST;MCO;OK;20/07/2009;20/07/2009;C;OPT;C;TR;RF19;48;46;2;4;;4;269,3161;;;20/07/2009;;;;
22554049;TERRITOIRE;IRS - 24FO - FT2097 - 2 RUE CLAUDE BERNARD / FT2138 RUE SAINT DENIS (MONTREUIL);;;SFR_COLL;DSP_MAJ_IRISE;;;OR21;OR1;OR21;CST;MCO;OK;03/03/2021;03/03/2021;C;OPT;C;DI;RF29;24;22;2;4;;5;499,9667;;;03/03/2021;;;;
4599731;TERRITOIRE;IRS - 12FO - PLACE LENINE/MEDIATHEQUE;;;SFR_COLL;DSP_MAJ_IRISE;;;OR21;OR1;OR21;CST;MCO;OK;29/04/2005;29/04/2005;C;OPT;C;DI;RF14;12;10;2;2;;4;21,0238;;;29/04/2005;;;;
4621347;TERRITOIRE;IRS - 72FO - BI PTC BAGNEUX SEMARD/ANGLE RUE BLANCHARD;;;SFR_COLL;DSP_MAJ_IRISE;;;OR21;OR1;OR21;CST;MCO;OK;08/03/2011;08/03/2011;C;OPT;C;TR;RF16;72;64;8;6;;4;222,2936;;;08/03/2011;;;;
22082019;TERRITOIRE;IRS - 24FO -  FT 166  - 36 AVENUE DU PRESIDENT ALLENDE / FT 6  - 87 AVENUE PAUL VAILLANT COUTURIER (ARCEUIL);;;SFR_COLL;DSP_MAJ_IRISE;;;OR21;OR1;OR21;CST;MCO;OK;30/01/2021;30/01/2021;C;OPT;C;DI;RF29;24;22;2;4;;5;405,2835;;;30/01/2021;;;;
22107958;TERRITOIRE;IRS - 12FO - FT913 - 31 BOULEVARD CHANZY / POP CENTRE JEAN LURCAT MONTREUIL - AA;;;SFR_COLL;DSP_MAJ_IRISE;;;OR21;OR1;OR21;CST;MCO;OK;02/02/2021;02/02/2021;C;OPT;C;DI;RF27;12;8;4;2;;5;93,0578;;;02/02/2021;;;;
25545065;TERRITOIRE;IRS - 48FO - IRS - 112 BIS RUE HOUDAN SCEAUX - BPE 2/IRS - FT506 - 21 AVENUE DE VERDUN (SCEAUX) - BPE 1;;;SFR_COLL;DSP_MAJ_IRISE;;;OR21;OR1;OR21;CST;MCO;OK;02/09/2021;02/09/2021;C;OPT;C;TR;RF20;48;46;2;8;;5;634,9349;;;02/09/2021;;;;
14969317;TERRITOIRE;36 FO - IRS - FT 592 - 26 RUE EMILE PALADILHE / 21 AV. PAUL VAILLANT COUTURIER;;;SFR_COLL;DSP_MAJ_IRISE;;;OR21;OR1;OR21;CST;MCO;OK;04/06/2019;04/06/2019;C;OPT;C;TR;RF50;36;34;2;3;;4;1712,8529;;;04/06/2019;;;;
34084900;TERRITOIRE;IRS - 144 FO - FT 414 - 32 RUE DE BITCHE / FT 210 - 9 VILLA STE CECILE (COURBEVOIE);;;SFR_COLL;DSP_MAJ_IRISE;;;OR21;OR1;OR21;CST;MCO;OK;28/09/2022;28/09/2022;C;OPT;C;LH;RF22;144;144;0;12;;4;808,4450;;;28/09/2022;;;;
4612496;TERRITOIRE;IRS - 144FO - ROBINSON-GUESDE/N-1 MAIRIE SCEAUX;;;SFR_COLL;DSP_MAJ_IRISE;;;OR21;OR1;OR21;CST;MCO;OK;30/11/2007;30/11/2007;C;OPT;C;LH;RF46;144;73;71;12;;100;667,9891;;;30/11/2007;;;;
4613230;TERRITOIRE;IRS - 48FO - POP CUISINE CENTRALE / ROUTE DE SAINT LEU (EPINAY SUR SEINE);;;SFR_COLL;DSP_MAJ_IRISE;;;OR21;OR1;OR21;CST;MCO;OK;03/02/2010;03/02/2010;C;OPT;C;TR;RF19;48;46;2;4;;4;88,4664;;;03/02/2010;;;;
4632888;TERRITOIRE;IRS - 24FO - ANGLE RUE DU CEL MANES/PALAIS DES SPORTS NANTERRE - AA;;;SFR_COLL;DSP_MAJ_IRISE;;;OR21;OR1;OR21;CST;MCO;OK;16/12/2011;16/12/2011;C;OPT;C;DI;RF67;24;19;5;2;;5;152,3948;;;16/12/2011;;;;
4640375;HORS TERRITOIRE;IRS - 144FO GLAISE/ ANGLE BD GENERAL GAULLE - ROUTE ERAGNY-2;;;SFR_COLL;DSP_MAJ_IRISE;;;OR21;OR1;OR21;CST;MCO;OK;28/03/2012;28/03/2012;C;OPT;C;LH;RF40;144;73;71;12;;4;4124,6347;;;28/03/2012;;;;
11103379;TERRITOIRE;24FO - BI ECOLE BARBARA  HENRI BARBUSSE FRESNES / POP ECOLE BARBARA HENRI BARBUSSE FRESNES - AA;;;SFR_COLL;DSP_MAJ_IRISE;;;OR21;OR1;OR21;CST;MCO;OK;27/03/2017;27/03/2017;C;OPT;C;DI;RF30;24;22;2;4;;4;13,7720;;;27/03/2017;;;;
7717377;TERRITOIRE;IRS - 36FO - LD - 7 AV DENIS PAPIN / POP COBHAM 5 AV DENIS PAPIN (LE PLESSIS ROBINSON) - AA;;;SFR_COLL;DSP_MAJ_IRISE;;;OR21;OR1;OR21;CST;MCO;OK;17/01/2014;17/01/2014;C;OPT;C;TR;RF26;36;36;0;6;;4;29,6207;;;17/01/2014;;;;
4610918;TERRITOIRE;IRS - POP MAIRIE DE VERSAILLES/2 AV DE PARIS;;;SFR_COLL;DSP_MAJ_IRISE;;;OR21;OR1;OR21;CST;MCO;OK;04/08/2010;04/08/2010;C;OPT;C;DI;RF15;24;24;0;4;;4;164,3442;;;04/08/2010;;;;
4640785;TERRITOIRE;IRS - 12FO - FTTS ROMAINVILLE/BI RESIDENCE YOURI GAGARINE - AA;;;SFR_COLL;DSP_MAJ_IRISE;;;OR21;OR1;OR21;CST;MCO;OK;20/01/2012;20/01/2012;C;OPT;C;DI;RF38;12;8;4;1;;4;26,4206;;;20/01/2012;;;;
4597390;TERRITOIRE;IRS - 144FO - RUE JULES FERRY/RUE DU 4EME ZOUAVE;;;SFR_COLL;DSP_MAJ_IRISE;;;OR21;OR1;OR21;CST;MCO;OK;30/01/2001;30/01/2001;C;OPT;C;LH;RF56;144;79;65;12;;4;141,4602;;;30/01/2001;;;;
4602993;TERRITOIRE;IRS - POP GENERALI ODF A /- DO;;;SFR_COLL;DSP_MAJ_IRISE;;;OR21;OR1;OR21;CST;MCO;OK;03/07/2004;03/07/2004;C;OPT;C;LH;RF40;144;62;82;12;;4;244,9484;;;03/07/2004;;;;
17404853;TERRITOIRE;IRS - 144 FO - FT 760 - 9007B AVENUE DE A CARELLE / FT 373 - 33 AV POINCARE VILLENEUVE LE ROI;;;SFR_COLL;DSP_MAJ_IRISE;;;OR21;OR1;OR21;CST;MCO;OK;14/02/2020;14/02/2020;C;OPT;C;LH;RF22;144;144;0;12;;4;1688,0145;;;14/02/2020;;;;
5009491;TERRITOIRE;IRS - 72FO - BAGUETTE SFR/IRS 147 RUE DU DR BAUER;;;SFR_COLL;DSP_MAJ_IRISE;;;OR21;OR1;OR21;CST;MCO;OK;20/11/2012;20/11/2012;C;OPT;C;TR;RF28;72;71;1;6;;4;8,8858;;;20/11/2012;;;;
7033173;TERRITOIRE;IRS - 144FO - AV DE VERSAILLES / FT 653 - IRS - AV DE VERSAILLES;;;SFR_COLL;DSP_MAJ_IRISE;;;OR21;OR1;OR21;CST;MCO;OK;15/07/2013;15/07/2013;C;OPT;C;LH;RF22;144;140;4;12;;4;369,4855;;;15/07/2013;;;;
4627756;TERRITOIRE;IRS - 48FO - BI NEOPRESS / BD GAULLE RUE VANNE;;;SFR_COLL;DSP_MAJ_IRISE;;;OR21;OR1;OR21;CST;MCO;OK;26/11/2008;26/11/2008;C;OPT;C;TR;RF19;48;47;1;4;;4;108,3407;;;26/11/2008;;;;
4631544;HORS TERRITOIRE;IRS - 36FO - QUAI STALINGRAD - BD DES ILES (PLACE DE BILLANCOURT)/BI QUAI DE STALINGRAD;;;SFR_COLL;DSP_MAJ_IRISE;;;OR21;OR1;OR21;CST;MCO;OK;11/05/2009;11/05/2009;C;OPT;C;TR;RF42;36;36;0;6;;4;126,7345;;;11/05/2009;;;;
11031074;TERRITOIRE;IRS - 36 FO - BI 36 AVENUE GALLIENI/IRS N-1 OPH AVENUE GALLIENI;;;SFR_COLL;DSP_MAJ_IRISE;;;OR21;OR1;OR21;CST;MCO;OK;11/12/2012;11/12/2012;C;OPT;C;TR;RF88;36;35;1;6;;4;51,8446;;;11/12/2012;;;;
4631470;TERRITOIRE;IRS - 48FO - PERRIN-BERTHOUD/EUGENE BERTHOUD;;;SFR_COLL;DSP_MAJ_IRISE;;;OR21;OR1;OR21;CST;MCO;OK;09/04/2009;09/04/2009;C;OPT;C;TR;RF19;48;40;8;4;;4;87,3485;;;09/04/2009;;;;
19898273;HORS TERRITOIRE;12 FO - IRISE - FT 457 - 18 RUE - LOUIS LENOIR / POP RPA VILLIERS SUR MARNE - AA;;;SFR_COLL;DSP_MAJ_IRISE;;;OR21;OR1;OR21;CST;MCO;OK;28/08/2020;28/08/2020;C;OPT;C;DI;RF27;12;10;2;2;;5;17,8675;;;28/08/2020;;;;
4632120;TERRITOIRE;IRS - 48FO CHAUFFERIE_THIRARD (A07)/CTM_HAY (D70);;;SFR_COLL;DSP_MAJ_IRISE;;;OR21;OR1;OR21;CST;MCO;OK;17/07/2009;17/07/2009;C;OPT;C;TR;RF19;48;46;2;4;;4;704,6341;;;17/07/2009;;;;
4602175;HORS TERRITOIRE;IRS - PRC LIVRAISON WCM (VERIZON);;;SFR_COLL;DSP_MAJ_IRISE;;;OR21;OR1;OR21;CST;MCO;OK;18/11/2002;18/11/2002;C;OPT;C;DI;RF73;12;8;4;6;;5;11,1051;;;18/11/2002;;;;
7057171;HORS TERRITOIRE;IRS - 24 FO - 13 BOULEVARD DU MARECHAL FOCH/POP MAIRIE MARECHAL FOCH RUEIL MALMAISON - AA;;;SFR_COLL;DSP_MAJ_IRISE;;;OR21;OR1;OR21;CST;MCO;OK;16/07/2013;16/07/2013;C;OPT;C;DI;RF30;24;22;2;4;;4;18,7862;;;16/07/2013;;;;
4604908;TERRITOIRE;IRS - 24FO RUE/POP ECHAT;;;SFR_COLL;DSP_MAJ_IRISE;;;OR21;OR1;OR21;CST;MCO;OK;03/08/2009;03/08/2009;C;OPT;C;DI;RF15;24;16;8;4;;4;44,2355;;;03/08/2009;;;;
6586148;HORS TERRITOIRE;IRS - 144FO - FT 2322 - RUE M ROUSIER (PONTOISE) / RUE PIERRE BUTIN (PONTOISE);;;SFR_COLL;DSP_MAJ_IRISE;;;OR21;OR1;OR21;CST;MCO;OK;05/06/2013;05/06/2013;C;OPT;C;LH;RF22;144;141;3;12;;4;288,1453;;;05/06/2013;;;;
4638614;HORS TERRITOIRE;IRS - 24FO N-1/BAT RAMEAU;;;SFR_COLL;DSP_MAJ_IRISE;;;OR21;OR1;OR21;CST;MCO;OK;25/03/2011;25/03/2011;C;OPT;C;DI;RF15;24;22;2;4;;4;1124,4606;;;25/03/2011;;;;
4601266;TERRITOIRE;IRS - 16 RUE SEVERINE/ECOLE INFIRMIERE;;;SFR_COLL;DSP_MAJ_IRISE;;;OR21;OR1;OR21;CST;MCO;OK;12/04/2002;12/04/2002;C;OPT;C;LH;RF56;144;140;4;12;;4;440,3407;;;12/04/2002;;;;
7309947;HORS TERRITOIRE;IRS - 144 FO - ANGLE COURS ARCHE QUEDON_JULES FERRY / ANGLE CHOCOLATERIE_COURS ARCHE QUEDON;;;SFR_COLL;DSP_MAJ_IRISE;;;OR21;OR1;OR21;CST;MCO;OK;18/09/2013;18/09/2013;C;OPT;C;LH;RF22;144;140;4;12;;4;377,3471;;;18/09/2013;;;;
4612472;TERRITOIRE;IRS - 72FO - SALENGRO_UTRILLO/23 RUE SALENGRO (N-1 MAIRIE VILLETANEUSE);;;SFR_COLL;DSP_MAJ_IRISE;;;OR21;OR1;OR21;CST;MCO;OK;27/11/2006;27/11/2006;C;OPT;C;TR;RF41;72;60;12;6;;5;144,7890;;;27/11/2006;;;;
4609748;TERRITOIRE;IRS - QUAI ERIC TABARLY/QUAI ERIC TABARLY-ALLE DE L'EUROPE CLICHY;;;SFR_COLL;DSP_MAJ_IRISE;;;OR21;OR1;OR21;CST;MCO;OK;14/09/2005;14/09/2005;C;OPT;C;TR;RF19;48;42;6;4;;4;106,0830;;;14/09/2005;;;;
15491554;TERRITOIRE;IRISE - 24FO - ALLEE DU DOCTEUR CALMETTE / POP LOUISE MICHEL LES LILAS - AA;;;SFR_COLL;DSP_MAJ_IRISE;;;OR21;OR1;OR21;CST;MCO;OK;05/08/2019;05/08/2019;C;OPT;C;DI;RF29;24;16;8;4;;5;66,8684;;;05/08/2019;;;;
4641489;TERRITOIRE;IRS - 36 FO - N-1 CHOISY LE ROI A86/BI 39 AVENUE DE LUGO (CHOISY-LE-ROI);;;SFR_COLL;DSP_MAJ_IRISE;;;OR21;OR1;OR21;CST;MCO;OK;21/02/2012;21/02/2012;C;OPT;C;TR;RF42;36;32;4;6;;4;226,8974;;;21/02/2012;;;;
4634190;TERRITOIRE;IRS - 288FO - IRS - RUE DE LA MOTTE - BPE 2  /RUE DE LA MOTTE (RUE DES PRESLES);;;SFR_COLL;DSP_MAJ_IRISE;;;OR21;OR1;OR21;CST;MCO;OK;05/12/2011;05/12/2011;C;OPT;C;LH;RF51;288;174;114;24;;102;5,4792;;;05/12/2011;;;;
4615008;TERRITOIRE;IRS - 16 RUE STE CLAIRE DEVILLE/13 RUE LAVOISIER (NANTERRE);;;SFR_COLL;DSP_MAJ_IRISE;;;OR21;OR1;OR21;CST;MCO;OK;12/11/2007;12/11/2007;C;OPT;C;TR;RF47;48;28;20;4;;4;378,9724;;;12/11/2007;;;;
4631203;HORS TERRITOIRE;IRS - 24FO - BD OISE-RUE DES CHAUFFOURS/POP CNAMTS CERGY - AA;;;SFR_COLL;DSP_MAJ_IRISE;;;OR21;OR1;OR21;CST;MCO;OK;17/02/2009;17/02/2009;C;OPT;C;DI;RF15;24;22;2;4;;4;127,9357;;;17/02/2009;;;;
4595312;TERRITOIRE;IRS - CHAMBRE 21A PLACE DE BELGIQUE/IRS CH 12 (CA-FR-000421YW-IRIS-144);;;SFR_COLL;DSP_MAJ_IRISE;;;OR21;OR1;OR21;CST;MCO;OK;25/06/2001;25/06/2001;C;OPT;C;LH;RF40;144;25;119;12;;4;222,3079;;;25/06/2001;;;;
35496098;TERRITOIRE;IRIS - 12FO - POP MAIRIE DES PAVILLONS-SOUS-BOIS / POP CAM35;;;SFR_COLL;DSP_MAJ_IRISE;;;OR21;OR1;OR21;CST;MCO;OK;08/12/2022;08/12/2022;C;OPT;C;DI;RF27;12;10;2;2;;5;421,3012;;;08/12/2022;;;;
22082022;TERRITOIRE;IRS - 24FO - FT313 - 116 RUE DE PARIS / FT349 - 3 RUE PAUL ELUARD;;;SFR_COLL;DSP_MAJ_IRISE;;;OR21;OR1;OR21;CST;MCO;OK;30/01/2021;30/01/2021;C;OPT;C;DI;RF29;24;22;2;4;;5;449,8036;;;30/01/2021;;;;
5053011;TERRITOIRE;IRS - 72 FO - N-1 POP CG94 DBD/IRS - N-1 POP C G94 (CRETEIL) - ADD2;;;SFR_COLL;DSP_MAJ_IRISE;;;OR21;OR1;OR21;CST;MCO;OK;26/11/2012;26/11/2012;C;OPT;C;TR;RF52;72;70;2;6;;4;472,8729;;;26/11/2012;;;;
4608928;TERRITOIRE;IRS - 24FO AP-HP - HOPITAL JEAN VERDIER BONDY (XXXX)/IRS - N-1 BONDY SFR ADD2 (BA);;;SFR_COLL;DSP_MAJ_IRISE;;;OR21;OR1;OR21;CST;MCO;OK;30/10/2007;30/10/2007;C;OPT;C;DI;RF105;24;20;4;2;;4;165,6795;;;30/10/2007;;;;
29197859;TERRITOIRE;IRS - 24 FO - BPE FT765 / FT 818  RUE DE VINCENNES  (MONTREUIL) - BPE 1;;;SFR_COLL;DSP_MAJ_IRISE;;;OR21;OR1;OR21;CST;MCO;OK;27/01/2022;27/01/2022;C;OPT;C;DI;RF29;24;22;2;4;;5;219,4935;;;27/01/2022;;;;
4610802;TERRITOIRE;IRS - 144FO - TCT - PK 1800/ROND POINT RUE DE STRASBOURG;;;SFR_COLL;DSP_MAJ_IRISE;;;OR21;OR1;OR21;CST;MCO;OK;04/02/2010;04/02/2010;C;OPT;C;LH;RF90;144;57;87;12;;5;831,7016;;;04/02/2010;;;;
4631455;TERRITOIRE;IRS - 24FO BI/POP BICETRE (D31);;;SFR_COLL;DSP_MAJ_IRISE;;;OR21;OR1;OR21;CST;MCO;OK;24/07/2009;24/07/2009;C;OPT;C;DI;RF15;24;22;2;4;;4;21,6333;;;24/07/2009;;;;
4608787;TERRITOIRE;IRS - 107 AV ARISTIDE BRIAND-RN20/CLUB 14/17 MONTROUGE;;;SFR_COLL;DSP_MAJ_IRISE;;;OR21;OR1;OR21;CST;MCO;OK;07/07/2005;07/07/2005;C;OPT;C;DI;RF14;12;6;6;2;;4;65,8052;;;07/07/2005;;;;
7617523;HORS TERRITOIRE;IRS - 144 FO - 64 RUE CONSTANTIN LIMPENS / FT-13 ROUTE DE PROVINS;;;SFR_COLL;DSP_MAJ_IRISE;;;OR21;OR1;OR21;CST;MCO;OK;16/12/2013;16/12/2013;C;OPT;C;LH;RF22;144;142;2;12;;4;473,5867;;;16/12/2013;;;;
4633645;TERRITOIRE;IRS - 72FO - RUE ARCUEIL/N-1 AUGUSTA RUNGIS;;;SFR_COLL;DSP_MAJ_IRISE;;;OR21;OR1;OR21;CST;MCO;OK;08/04/2010;08/04/2010;C;OPT;C;TR;RF16;72;68;4;6;;4;235,9753;;;08/04/2010;;;;
7683458;TERRITOIRE;IRS - 48FO - RUE DE VILLENEUVE BPE 2/BPI PAPRIKA (RUNGIS);;;SFR_COLL;DSP_MAJ_IRISE;;;OR21;OR1;OR21;CST;MCO;OK;09/01/2014;09/01/2014;C;OPT;C;TR;RF47;48;46;2;4;;4;182,7896;;;09/01/2014;;;;
11518491;TERRITOIRE;IRS - 12 FO - FT - BI POP ABN AMRO ST DENIS - ADDUCTION AA / ADDUCTION CA;;;SFR_COLL;DSP_MAJ_IRISE;;;OR21;OR1;OR21;CST;MCO;OK;29/06/2017;29/06/2017;C;OPT;C;DI;RF27;12;11;1;2;;5;2,8581;;;29/06/2017;;;;
34192102;TERRITOIRE;144 FO - IRS - RUE GARDEBLED - PERI / IRS - FT 1440 - 3 VILLA CHANGIS (ROSNY-SOUS-BOIS);;;SFR_COLL;DSP_MAJ_IRISE;;;OR21;OR1;OR21;CST;MCO;OK;30/09/2022;30/09/2022;C;OPT;C;LH;RF22;144;142;2;12;;4;699,2669;;;30/09/2022;;;;
6325010;HORS TERRITOIRE;IRS - 144FO - N-1 POP FTTS OSNY CENTRE/RUE DE VAUVAROIS (OSNY);;;SFR_COLL;DSP_MAJ_IRISE;;;OR21;OR1;OR21;CST;MCO;OK;03/05/2013;03/05/2013;C;OPT;C;LH;RF22;144;144;0;12;;4;151,6220;;;03/05/2013;;;;
10803921;HORS TERRITOIRE;IRS - BAG - 72 FO - IRS-AV GROS CHENE/ROSA LUXEMBOURG - BPE 1 / BPE 2;;;SFR_COLL;DSP_MAJ_IRISE;;;OR21;OR1;OR21;CST;MCO;OK;23/01/2017;23/01/2017;C;OPT;C;TR;RF94;72;70;2;6;;5;0,0085;;;23/01/2017;;;;
4628026;TERRITOIRE;IRS - 144FO - CACHIN RESISTANCE / N-1 MAISON ENFANCE;;;SFR_COLL;DSP_MAJ_IRISE;;;OR21;OR1;OR21;CST;MCO;OK;09/06/2008;09/06/2008;C;OPT;C;LH;RF40;144;140;4;12;;4;44,5401;;;09/06/2008;;;;
8376385;TERRITOIRE;IRS - 144FO - N-1 MEDIATHEQUE CACHIN / CITE MARCEL CACHIN;;;SFR_COLL;DSP_MAJ_IRISE;;;OR21;OR1;OR21;CST;MCO;OK;09/06/2008;09/06/2008;C;OPT;C;LH;RF40;144;134;10;12;;4;65,5962;;;09/06/2008;;;;
15514914;TERRITOIRE;IRISE - 24FO - N-1 POP CENTRE CULTUREL ANGLEMONT / POP CENTRE CULTUREL ANGLEMONT LES LILAS - AA;;;SFR_COLL;DSP_MAJ_IRISE;;;OR21;OR1;OR21;CST;MCO;OK;07/08/2019;07/08/2019;C;OPT;C;DI;RF29;24;14;10;4;;5;19,7199;;;07/08/2019;;;;
4609232;TERRITOIRE;IRS - 36FO - BI CHAVILLE/N-1 POP FTTS CHAVILLE;;;SFR_COLL;DSP_MAJ_IRISE;;;OR21;OR1;OR21;CST;MCO;OK;17/01/2012;17/01/2012;C;OPT;C;TR;RF42;36;32;4;6;;4;2,1476;;;17/01/2012;;;;
4603697;TERRITOIRE;IRS - 48FO - SALENGRO/26 RUE TENINE;;;SFR_COLL;DSP_MAJ_IRISE;;;OR21;OR1;OR21;CST;MCO;OK;04/05/2004;04/05/2004;C;OPT;C;TR;RF19;48;32;16;4;;4;245,4446;;;04/05/2004;;;;
41354339;TERRITOIRE;IRS - 12FO - FT163 - 44 RUE DU 8 MAI 1945 / POP CENTRE GERMAINE TILLION - AB;;;SFR_COLL;DSP_MAJ_IRISE;;;OR21;OR1;OR21;CST;MCO;OK;23/10/2023;23/10/2023;C;OPT;C;DI;RF27;12;10;2;2;;5;625,3051;;;23/10/2023;;;;
34246177;TERRITOIRE;IRS- ARMOIRE DE RUE BOBIGNY/BPE OPALYS PICASSO BOBIGNY;;;SFR_COLL;DSP_MAJ_IRISE;;;OR21;OR1;OR21;CST;MCO;OK;18/08/2008;18/08/2008;C;OPT;C;TR;RF19;48;38;10;4;;4;15,6296;;;18/08/2008;;;;
4641032;TERRITOIRE;IRS - 36 FO - BI FTTS FRESNES/N-1 FTTS FRESNES;;;SFR_COLL;DSP_MAJ_IRISE;;;OR21;OR1;OR21;CST;MCO;OK;04/04/2012;04/04/2012;C;OPT;C;TR;RF42;36;32;4;6;;4;50,9298;;;04/04/2012;;;;
4599005;TERRITOIRE;IRS - 24FO - SITE PIZZORNO/ANGLE ALBRECHT/CAVELL;;;SFR_COLL;DSP_MAJ_IRISE;;;OR21;OR1;OR21;CST;MCO;OK;01/04/2011;01/04/2011;C;OPT;C;DI;RF15;24;21;3;4;;4;117,1417;;;01/04/2011;;;;
4614443;TERRITOIRE;IRS - 29 RUE JB POTIN/2 AVENUE VICTOR HUGO (VANVES);;;SFR_COLL;DSP_MAJ_IRISE;;;OR21;OR1;OR21;CST;MCO;OK;18/09/2007;18/09/2007;C;OPT;C;LH;RF122;144;108;36;12;;5;609,9743;;;18/09/2007;;;;
4626411;HORS TERRITOIRE;IRS - 36FO - ABEIGLE_CERGY/OSNY N?1 PT;;;SFR_COLL;DSP_MAJ_IRISE;;;OR21;OR1;OR21;CST;MCO;OK;05/03/2007;05/03/2007;C;OPT;C;TR;RF101;36;14;22;6;;145;595,8066;;;05/03/2007;;;;
18081633;TERRITOIRE;IRS - 48FO - IRS - 112 BIS RUE HOUDAN SCEAUX - BPE 2/POP THEATRE LES GEMEAUX SCEAUX - AA;;;SFR_COLL;DSP_MAJ_IRISE;;;OR21;OR1;OR21;CST;MCO;OK;17/04/2020;17/04/2020;C;OPT;C;TR;RF20;48;48;0;8;;5;1553,8679;;;17/04/2020;;;;
9959495;TERRITOIRE;144 FO - IRS - RP SCHUMAN (RUE ROUGET DE L'ISLE / BD GALLIENI) / JD-C16775740;;;SFR_COLL;DSP_MAJ_IRISE;;;OR21;OR1;OR21;CST;MCO;OK;29/04/2003;29/04/2003;C;OPT;C;LH;RF56;144;40;104;12;;4;81,6533;;;29/04/2003;;;;
8198423;TERRITOIRE;IRS - 144 FO - LD - 5 RUE DES TERTRES (BAGNEUX) / CARREFOUR DES BLAGIS (SCEAUX);;;SFR_COLL;DSP_MAJ_IRISE;;;OR21;OR1;OR21;CST;MCO;OK;22/05/2014;22/05/2014;C;OPT;C;LH;RF22;144;143;1;12;;4;305,3767;;;22/05/2014;;;;
4632441;TERRITOIRE;IRS - 72FO - RN2-SANTOS DUMONT/228 AV 8 MAI 1945;;;SFR_COLL;DSP_MAJ_IRISE;;;OR21;OR1;OR21;CST;MCO;OK;12/06/2009;12/06/2009;C;OPT;C;TR;RF16;72;26;46;6;;4;228,2305;;;12/06/2009;;;;
4608599;TERRITOIRE;IRS - 48FO - RUE DES VOGES-ALPES/RUE DU MORVAN RUNGIS;;;SFR_COLL;DSP_MAJ_IRISE;;;OR21;OR1;OR21;CST;MCO;OK;17/01/2006;17/01/2006;C;OPT;C;TR;RF44;48;43;5;4;;5;225,7099;;;17/01/2006;;;;
6338180;HORS TERRITOIRE;IRS - 144FO - PT1 RUE DE MONTGEROULT (OSNY) / FT 757 - PT2 RUE DE MONTGEROULT (OSNY);;;SFR_COLL;DSP_MAJ_IRISE;;;OR21;OR1;OR21;CST;MCO;OK;07/05/2013;07/05/2013;C;OPT;C;LH;RF22;144;140;4;12;;4;626,0118;;;07/05/2013;;;;
4632887;TERRITOIRE;IRS - 24FO - AVENUE CURIE/RUE DU CEL MANES;;;SFR_COLL;DSP_MAJ_IRISE;;;OR21;OR1;OR21;CST;MCO;OK;16/12/2011;16/12/2011;C;OPT;C;DI;RF67;24;11;13;2;;5;167,7519;;;16/12/2011;;;;
10868242;TERRITOIRE;IRS - 144FO - BI 67 RUE BARBES/IRS - ANGLE RUE HOCHE_PIERRE ET MARIE CURIE;;;SFR_COLL;DSP_MAJ_IRISE;;;OR21;OR1;OR21;CST;MCO;OK;04/04/2013;04/04/2013;C;OPT;C;LH;RF22;144;143;1;12;;4;417,7724;;;04/04/2013;;;;
4632272;TERRITOIRE;IRS - 24FO - BI/POP CEN_GEOTH_CHEVILLY_LARUE (C01)_2;;;SFR_COLL;DSP_MAJ_IRISE;;;OR21;OR1;OR21;CST;MCO;OK;22/07/2009;22/07/2009;C;OPT;C;DI;RF15;24;18;6;4;;4;16,4145;;;22/07/2009;;;;
4602595;TERRITOIRE;IRS - 13 RUE LAVOISIER/APHP PHARMACIE CENTRALE NANTERRE ADD1 (AA);;;SFR_COLL;DSP_MAJ_IRISE;;;OR21;OR1;OR21;CST;MCO;OK;22/04/2005;22/04/2005;C;OPT;C;DI;RF15;24;20;4;4;;4;109,3319;;;22/04/2005;;;;
4639798;TERRITOIRE;IRS - 72FO - BI POP MACSF NANTERRE / RUE DU PORT_RUE DES FONDRIERES (ITX4 ADD1);;;SFR_COLL;DSP_MAJ_IRISE;;;OR21;OR1;OR21;CST;MCO;OK;08/06/2012;08/06/2012;C;OPT;C;TR;RF16;72;70;2;6;;4;383,6442;;;08/06/2012;;;;
4606013;HORS TERRITOIRE;IRS-RUE DE LA PRAIRIE/MAUPASSANT DECHART SARTROUVILLE;;;SFR_COLL;DSP_MAJ_IRISE;;;OR21;OR1;OR21;CST;MCO;OK;15/02/2006;15/02/2006;C;OPT;C;LH;RF51;288;245;43;24;;102;217,9900;;;15/02/2006;;;;
7735954;TERRITOIRE;IRS - 144FO - LD -  14 RUE CHARLES DE GAULLE/133 RUE SADI CARNOT (DRANCY);;;SFR_COLL;DSP_MAJ_IRISE;;;OR21;OR1;OR21;CST;MCO;OK;22/01/2014;22/01/2014;C;OPT;C;LH;RF22;144;139;5;12;;4;821,4486;;;22/01/2014;;;;
4631472;TERRITOIRE;IRS - 24FO - EUGENE BERTHOUD/POP LUDOTHEQUE SAINT OUEN -AA;;;SFR_COLL;DSP_MAJ_IRISE;;;OR21;OR1;OR21;CST;MCO;OK;09/04/2009;09/04/2009;C;OPT;C;DI;RF15;24;16;8;4;;4;35,7296;;;09/04/2009;;;;
4609873;HORS TERRITOIRE;IRS - 48FO - N-1/RN17;;;SFR_COLL;DSP_MAJ_IRISE;;;OR21;OR1;OR21;CST;MCO;OK;05/10/2005;05/10/2005;C;OPT;C;TR;RF19;48;46;2;4;;4;284,1763;;;05/10/2005;;;;
8464276;TERRITOIRE;IRS - 144FO - 19 RUE WALDECK ROCHER/RUE WALDECK ROCHER;;;SFR_COLL;DSP_MAJ_IRISE;;;OR21;OR1;OR21;CST;MCO;OK;05/08/2014;05/08/2014;C;OPT;C;LH;RF22;144;138;6;12;;4;1064,6018;;;05/08/2014;;;;
7959602;TERRITOIRE;IRS - 72FO - 25 RUE FRANCOIS DEBERGUES / IRS CROIX CHAVAUX_RESISTANCE;;;SFR_COLL;DSP_MAJ_IRISE;;;OR21;OR1;OR21;CST;MCO;OK;18/03/2014;18/03/2014;C;OPT;C;TR;RF28;72;66;6;6;;4;199,3340;;;18/03/2014;;;;
4617865;TERRITOIRE;IRS - 144FO - RUE DES SOLETS/RUE DE VILLENEUVE (RUNGIS);;;SFR_COLL;DSP_MAJ_IRISE;;;OR21;OR1;OR21;CST;MCO;OK;12/04/2012;12/04/2012;C;OPT;C;LH;RF40;144;101;43;12;;4;100,6214;;;12/04/2012;;;;
4610947;TERRITOIRE;IRS - 144FO - WILSON-PRESSENCE IRISE/AV DU PRESIDENT WILSON;;;SFR_COLL;DSP_MAJ_IRISE;;;OR21;OR1;OR21;CST;MCO;OK;19/07/2006;19/07/2006;C;OPT;C;LH;RF40;144;54;90;12;;4;486,9411;;;19/07/2006;;;;
4598679;TERRITOIRE;IRS - BRIAND-STALINGRAD/OHRESSER;;;SFR_COLL;DSP_MAJ_IRISE;;;OR21;OR1;OR21;CST;MCO;OK;30/01/2001;30/01/2001;C;OPT;C;TR;RF16;72;19;53;6;;4;218,8970;;;30/01/2001;;;;
4605746;HORS TERRITOIRE;IRS - 48FO - N-1 URA BOISSY L AILERIE/RUE ROGER ALNO;;;SFR_COLL;DSP_MAJ_IRISE;;;OR21;OR1;OR21;CST;MCO;OK;26/08/2004;26/08/2004;C;OPT;C;TR;RF80;48;16;32;8;;4;2088,8102;;;26/08/2004;;;;
4631503;TERRITOIRE;IRS - 24FO BI/POP LGTS_A (D71);;;SFR_COLL;DSP_MAJ_IRISE;;;OR21;OR1;OR21;CST;MCO;OK;24/07/2009;24/07/2009;C;OPT;C;DI;RF15;24;20;4;4;;4;29,5102;;;24/07/2009;;;;
4601483;TERRITOIRE;IRS - 48FO ILOT_E2 (D52'D53)/FFF_123_LGTS (D50);;;SFR_COLL;DSP_MAJ_IRISE;;;OR21;OR1;OR21;CST;MCO;OK;21/07/2009;21/07/2009;C;OPT;C;TR;RF19;48;46;2;4;;4;440,4268;;;21/07/2009;;;;
4602474;TERRITOIRE;IRS - 72FO - RN3 PASTEUR/55  JULES GUESDES;;;SFR_COLL;DSP_MAJ_IRISE;;;OR21;OR1;OR21;CST;MCO;OK;01/09/2004;01/09/2004;C;OPT;C;TR;RF28;72;10;62;6;;4;1257,4484;;;01/09/2004;;;;
6855891;HORS TERRITOIRE;IRS - 144FO - FT 664 - RUE DE PARIS / RUE DE PONTOISE;;;SFR_COLL;DSP_MAJ_IRISE;;;OR21;OR1;OR21;CST;MCO;OK;01/07/2013;01/07/2013;C;OPT;C;LH;RF22;144;140;4;12;;4;432,6033;;;01/07/2013;;;;
4640400;HORS TERRITOIRE;IRS 24 FO RUE VANESSE/PARKING DE VANESSE;;;SFR_COLL;DSP_MAJ_IRISE;;;OR21;OR1;OR21;CST;MCO;OK;16/01/2012;16/01/2012;C;OPT;C;DI;RF24;24;22;2;2;;4;487,9231;;;16/01/2012;;;;
4608360;TERRITOIRE;IRS - CARNOT_LECLERC/70 AV. DU GENERAL LECLERC;;;SFR_COLL;DSP_MAJ_IRISE;;;OR21;OR1;OR21;CST;MCO;OK;22/10/2007;22/10/2007;C;OPT;C;LH;RF40;144;128;16;12;;4;66,3146;;;22/10/2007;;;;
6338184;HORS TERRITOIRE;IRS - 144FO - RUE DU VAUVAROIS (OSNY) / PT2 RUE ARISTIDE BRIAND (OSNY);;;SFR_COLL;DSP_MAJ_IRISE;;;OR21;OR1;OR21;CST;MCO;OK;07/05/2013;07/05/2013;C;OPT;C;LH;RF22;144;140;4;12;;4;484,6222;;;07/05/2013;;;;
4628063;TERRITOIRE;IRS - 12FO - N-1 MAISON ENFANCE/POP MAISON ENFANCE;;;SFR_COLL;DSP_MAJ_IRISE;;;OR21;OR1;OR21;CST;MCO;OK;20/03/2008;20/03/2008;C;OPT;C;DI;RF38;12;8;4;1;;4;47,1032;;;20/03/2008;;;;
4631220;TERRITOIRE;IRS-BAUER - MONET/CORDON-BAUER ST OUEN;;;SFR_COLL;DSP_MAJ_IRISE;;;OR21;OR1;OR21;CST;MCO;OK;09/04/2009;09/04/2009;C;OPT;C;TR;RF19;48;29;19;4;;4;239,1585;;;09/04/2009;;;;
4614990;TERRITOIRE;IRS - 48FO - RUE DE LA LIBERTE / POP CENTRE TECHNIQUE MUNICIPAL;;;SFR_COLL;DSP_MAJ_IRISE;;;OR21;OR1;OR21;CST;MCO;OK;03/02/2010;03/02/2010;C;OPT;C;TR;RF19;48;46;2;4;;4;520,6512;;;03/02/2010;;;;
4633057;HORS TERRITOIRE;IRS - 72FO - SANEF A4 LOGNES/IRS - AV DE LA SOUBRIARDE SUD;;;SFR_COLL;DSP_MAJ_IRISE;;;OR21;OR1;OR21;CST;MCO;OK;18/03/2010;18/03/2010;C;OPT;C;TR;RF16;72;70;2;6;;4;306,1427;;;18/03/2010;;;;
4603877;HORS TERRITOIRE;IRS - 72FO - RFF - LD0203/GARE DE VILLEPARISI - IRS A CONFIRMER;;;SFR_COLL;DSP_MAJ_IRISE;;;OR21;OR1;OR21;CST;MCO;OK;03/05/2004;03/05/2004;C;OPT;C;TR;RF23;72;51;21;6;;145;3207,7757;;;03/05/2004;;;;
7233490;TERRITOIRE;IRS - 36FO - RUE DES SOLETS-ANGLE RUE DES CEVENNES/RUE  DE VILLENEUVE;;;SFR_COLL;DSP_MAJ_IRISE;;;OR21;OR1;OR21;CST;MCO;OK;27/08/2013;27/08/2013;C;OPT;C;TR;RF26;36;36;0;6;;4;257,7097;;;27/08/2013;;;;
4609828;TERRITOIRE;IRS - CARREFOUR DES BLAGIS/SARRAZIN-FRERES LUMIERES;;;SFR_COLL;DSP_MAJ_IRISE;;;OR21;OR1;OR21;CST;MCO;OK;03/08/2005;03/08/2005;C;OPT;C;TR;RF19;48;13;35;4;;4;828,0018;;;03/08/2005;;;;
6084050;TERRITOIRE;IRS - 72FO - 20 ROUTE DE SARTROUVILLE/VERS APHP-2;;;SFR_COLL;DSP_MAJ_IRISE;;;OR21;OR1;OR21;CST;MCO;OK;19/05/2004;19/05/2004;C;OPT;C;TR;RF16;72;55;17;6;;4;1054,1410;;;19/05/2004;;;;
4634866;TERRITOIRE;IRS - 24FO - PLACE DR PIERRE/CRECHE ROUGET DE L'ISLE;;;SFR_COLL;DSP_MAJ_IRISE;;;OR21;OR1;OR21;CST;MCO;OK;23/12/2010;23/12/2010;C;OPT;C;DI;RF15;24;22;2;4;;4;145,0952;;;23/12/2010;;;;
4606114;TERRITOIRE;IRS - 107 RUE MAURICE ARNOUX/STADE MUNICIPAL MONTROUGE;;;SFR_COLL;DSP_MAJ_IRISE;;;OR21;OR1;OR21;CST;MCO;OK;17/11/2005;17/11/2005;C;OPT;C;DI;RF14;12;8;4;2;;4;60,2818;;;17/11/2005;;;;
8781059;HORS TERRITOIRE;36FO - IRS - 4 RUE DES OZIERS / POP PENTAIR OZIERS SAINT OUEN L'AUMONE - AA;;;SFR_COLL;DSP_MAJ_IRISE;;;OR21;OR1;OR21;CST;MCO;OK;12/11/2014;12/11/2014;C;OPT;C;TR;RF26;36;35;1;6;;4;52,0016;;;12/11/2014;;;;
4631508;TERRITOIRE;IRS - 24FO BI/POP FRETTES_1_&_MAIRIE (D45'D46);;;SFR_COLL;DSP_MAJ_IRISE;;;OR21;OR1;OR21;CST;MCO;OK;24/07/2009;24/07/2009;C;OPT;C;DI;RF15;24;20;4;4;;4;66,5977;;;24/07/2009;;;;
4632567;TERRITOIRE;IRS - 72FO - BRY SUR MARNE N9 PT/18 AV DES FRERES LUMIERES;;;SFR_COLL;DSP_MAJ_IRISE;;;OR21;OR1;OR21;CST;MCO;OK;07/10/2009;07/10/2009;C;OPT;C;TR;RF16;72;28;44;6;;4;474,3350;;;07/10/2009;;;;
4600632;TERRITOIRE;IRS - 24FO - N-1 CAA ST DENIS/CAA ST DENIS;;;SFR_COLL;DSP_MAJ_IRISE;;;OR21;OR1;OR21;CST;MCO;OK;01/01/2004;01/01/2004;C;OPT;C;DI;RF71;24;16;8;12;;5;219,9065;;;01/01/2004;;;;
4607868;TERRITOIRE;IRS - 48FO LES_SORBIERS_BAT_B&A (EXX)/SORBIERS_BAT_E&D&G (EXX EDG);;;SFR_COLL;DSP_MAJ_IRISE;;;OR21;OR1;OR21;CST;MCO;OK;17/07/2009;17/07/2009;C;OPT;C;TR;RF19;48;44;4;4;;4;227,5392;;;17/07/2009;;;;
4631816;TERRITOIRE;IRS - INTERSECTION GODILLOT-DIEUMEGARD/MARRONNIERS-HELBRONNER ST OUEN-2;;;SFR_COLL;DSP_MAJ_IRISE;;;OR21;OR1;OR21;CST;MCO;OK;08/04/2009;08/04/2009;C;OPT;C;TR;RF19;48;29;19;4;;4;487,7704;;;08/04/2009;;;;
4642044;TERRITOIRE;IRS - 144 FO - N-1 PARKING ETIENNE D'ORVES (BOBIGNY)/AV EDOUARD VAILLANT(DRANCY);;;SFR_COLL;DSP_MAJ_IRISE;;;OR21;OR1;OR21;CST;MCO;OK;21/05/2012;21/05/2012;C;OPT;C;LH;RF40;144;32;4;12;;4;908,0289;;;21/05/2012;;;;
21941559;TERRITOIRE;24 FO - IRS - RUE DU GENERAL GALLIENI / FT 382 - 118 RUE JEAN JAURES;;;SFR_COLL;DSP_MAJ_IRISE;;;OR21;OR1;OR21;CST;MCO;OK;20/01/2021;20/01/2021;C;OPT;C;DI;RF29;24;14;10;4;;5;377,7016;;;20/01/2021;;;;
8177281;TERRITOIRE;36FO-IRS-RUE DES BRETONS/POP SQLI SAINT DENIS-AB;;;SFR_COLL;DSP_MAJ_IRISE;;;OR21;OR1;OR21;CST;MCO;OK;16/05/2014;16/05/2014;C;OPT;C;TR;RF26;36;36;0;6;;4;68,2292;;;16/05/2014;;;;
12714033;TERRITOIRE;IRS - 12 FO - VANZETTI_CROIZAT (Villejuif) - BPE 1 / POP ANNEXE AMBROISE CROIZAT VILLEJUIF - AA;;;SFR_COLL;DSP_MAJ_IRISE;;;OR21;OR1;OR21;CST;MCO;OK;04/04/2018;04/04/2018;C;OPT;C;DI;RF37;12;6;6;2;;5;172,4023;;;04/04/2018;;;;
4613008;TERRITOIRE;IRS - 12FO - AV PIERRE BROSSOLETTE/MGP AV PIERRE BROSSOLETTE;;;SFR_COLL;DSP_MAJ_IRISE;;;OR21;OR1;OR21;CST;MCO;OK;30/07/2007;30/07/2007;C;OPT;C;DI;RF38;12;8;4;1;;4;9,9998;;;30/07/2007;;;;
6613330;HORS TERRITOIRE;IRS - 144FO - ROUTE DES CARRIERES / FT 327 - RUE DES ENTREPRENEURS;;;SFR_COLL;DSP_MAJ_IRISE;;;OR21;OR1;OR21;CST;MCO;OK;07/06/2013;07/06/2013;C;OPT;C;LH;RF22;144;140;4;12;;4;208,4616;;;07/06/2013;;;;
33717858;TERRITOIRE;IRS - 36 FO -  FT 367 - 14 RUE DU JEU DE PAUME / IRS - 12 RUE DE COULMIERS(NOGENT SUR MARNE);;;SFR_COLL;DSP_MAJ_IRISE;;;OR21;OR1;OR21;CST;MCO;OK;12/09/2022;12/09/2022;C;OPT;C;TR;RF50;36;36;0;3;;4;904,2862;;;12/09/2022;;;;
19633029;TERRITOIRE;144 FO - IRISE - FT 592 - 26 RUE EMILE PALADILHE / FT 928 - AV GAMBETTA;;;SFR_COLL;DSP_MAJ_IRISE;;;OR21;OR1;OR21;CST;MCO;OK;10/08/2020;10/08/2020;C;OPT;C;LH;RF22;144;142;2;12;;4;923,3209;;;10/08/2020;;;;
6761827;HORS TERRITOIRE;IRS - 144FO - FT 1701 - AVENUE ALBERT CAMUS / AVENUE ALBERT CAMUS;;;SFR_COLL;DSP_MAJ_IRISE;;;OR21;OR1;OR21;CST;MCO;OK;21/06/2013;21/06/2013;C;OPT;C;LH;RF22;144;140;4;12;;4;263,1580;;;21/06/2013;;;;
8198424;TERRITOIRE;IRS - 144 FO - LD - CARREFOUR DES BLAGIS (SCEAUX) / RUE DU DOCTEUR ROUX (NOOS);;;SFR_COLL;DSP_MAJ_IRISE;;;OR21;OR1;OR21;CST;MCO;OK;22/05/2014;22/05/2014;C;OPT;C;LH;RF22;144;143;1;12;;4;108,6593;;;22/05/2014;;;;
4596480;TERRITOIRE;IRS - 48FO - FACE AU 7 RUE DE VILLENEUVE/VILLENEUVE_PAYMAL;;;SFR_COLL;DSP_MAJ_IRISE;;;OR21;OR1;OR21;CST;MCO;OK;25/05/2009;25/05/2009;C;OPT;C;TR;RF19;48;24;24;4;;4;703,1949;;;25/05/2009;;;;
15542798;TERRITOIRE;BAG 48FO - 44 AVENUE DU PRESIDENT WILSON- IRISE - BPE2 / BPE 1;;;SFR_COLL;DSP_MAJ_IRISE;;;OR21;OR1;OR21;CST;MCO;OK;20/11/2006;20/11/2006;C;OPT;C;TR;RF43;48;22;26;6;;183;59,9456;;;20/11/2006;;;;
4595235;TERRITOIRE;IRS - 11 RUE PIERRE BROSSOLETTE/160 AVENUE HENRI BARBUSSE;;;SFR_COLL;DSP_MAJ_IRISE;;;OR21;OR1;OR21;CST;MCO;OK;06/02/2003;06/02/2003;C;OPT;C;TR;RF12;48;11;37;6;;5;991,6548;;;06/02/2003;;;;
6613333;TERRITOIRE;IRS - 144FO - ROUTE DES CARRIERES / IRS - RUE DAUBIGNY;;;SFR_COLL;DSP_MAJ_IRISE;;;OR21;OR1;OR21;CST;MCO;OK;07/06/2013;07/06/2013;C;OPT;C;LH;RF22;144;140;4;12;;4;418,0969;;;07/06/2013;;;;
4764097;TERRITOIRE;IRS - 48FO - LD - IRS-N-1 MAIRIE ILE ST DENIS / 48Fo CH Mairie Ile st Denis;;;SFR_COLL;DSP_MAJ_IRISE;;;OR21;OR1;OR21;CST;MCO;OK;08/10/2012;08/10/2012;C;OPT;C;TR;RF47;48;45;3;4;;4;714,9523;;;08/10/2012;;;;
4632114;TERRITOIRE;IRS - 48FO CEN_GEOTH_LGTS_JARDIN_PARISIEN/GS_JARDIN_PRINCIPAL (D38);;;SFR_COLL;DSP_MAJ_IRISE;;;OR21;OR1;OR21;CST;MCO;OK;17/07/2009;17/07/2009;C;OPT;C;TR;RF19;48;46;2;4;;4;132,1542;;;17/07/2009;;;;
19136686;TERRITOIRE;IRIS 12FO - PRC IRS - FT 786 -  42  AVENUE DE STALINGRAD (VILLEJUIF)/ FT 836 -  40  AVENUE DE STALINGRAD (VILLEJUIF);;;SFR_COLL;DSP_MAJ_IRISE;;;OR21;OR1;OR21;CST;MCO;OK;05/07/2020;05/07/2020;C;OPT;C;DI;RF27;12;10;2;2;;5;86,6463;;;05/07/2020;;;;
4603788;TERRITOIRE;IRS-C606 CH5 RUE DE LA LIBERTE/UNIVERSITE PARIS VIII;;;SFR_COLL;DSP_MAJ_IRISE;;;OR21;OR1;OR21;CST;MCO;OK;18/07/2006;18/07/2006;C;OPT;C;DI;RF14;12;8;4;2;;4;107,6912;;;18/07/2006;;;;
4632776;TERRITOIRE;IRS - 288FO CHAUFFERIE_LA_SAUSSAIE (A05)/CHAUFFERIE_LES_SORBIERS (A06);;;SFR_COLL;DSP_MAJ_IRISE;;;OR21;OR1;OR21;CST;MCO;OK;16/07/2009;16/07/2009;C;OPT;C;LH;RF51;288;274;14;24;;102;189,5489;;;16/07/2009;;;;
4633836;TERRITOIRE;IRS - 24FO - N-1 POP COMELI / POP COMELI - AA;;;SFR_COLL;DSP_MAJ_IRISE;;;OR21;OR1;OR21;CST;MCO;OK;30/03/2011;30/03/2011;C;OPT;C;DI;RF15;24;22;2;4;;4;29,8331;;;30/03/2011;;;;
7681508;TERRITOIRE;IRS - 24FO - RUE DE LA COUTURE BPE 1/BARCELONE;;;SFR_COLL;DSP_MAJ_IRISE;;;OR21;OR1;OR21;CST;MCO;OK;08/01/2014;08/01/2014;C;OPT;C;DI;RF30;24;22;2;4;;4;158,5630;;;08/01/2014;;;;
7966977;TERRITOIRE;IRS - 72FO - LD - 124 RUE ADELAIDE LAHAYE/N-1 MEDIATHEQUE BAGNOLET;;;SFR_COLL;DSP_MAJ_IRISE;;;OR21;OR1;OR21;CST;MCO;OK;19/03/2014;19/03/2014;C;OPT;C;TR;RF28;72;71;1;6;;4;54,0284;;;19/03/2014;;;;
4632352;TERRITOIRE;IRS - 288FO GS_JEAN-MOULIN (D15)/LES_SORBIERS_BAT_B&A (EXX BA);;;SFR_COLL;DSP_MAJ_IRISE;;;OR21;OR1;OR21;CST;MCO;OK;22/07/2009;22/07/2009;C;OPT;C;LH;RF107;288;280;8;24;;180;375,5552;;;22/07/2009;;;;
33722345;TERRITOIRE;IRS - 12 FO - 45 AVENUE GEORGETTE BACH / POP CRECHE DES MOUSSAILLONS LES PAVILLONS SOUS BOIS - AA;;;SFR_COLL;DSP_MAJ_IRISE;;;OR21;OR1;OR21;CST;MCO;OK;12/09/2022;12/09/2022;C;OPT;C;DI;RF130;12;8;4;1;;5;19,9333;;;12/09/2022;;;;
7852082;TERRITOIRE;IRS-METALLURGIE-EIIFFEL / 132 AV DU PRESIDENT WILSON - AB PROD ADD1;;;SFR_COLL;DSP_MAJ_IRISE;;;OR21;OR1;OR21;CST;MCO;OK;21/02/2014;21/02/2014;C;OPT;C;TR;RF28;72;65;7;6;;4;279,6489;;;21/02/2014;;;;
4605413;TERRITOIRE;IRS - 48FO - IRS RUE PIERRE KOHLMANN_RUE DE LA FONTAINE GRELOT (ANTONY) / ARON-BEAUSEJOUR ANTONY;;;SFR_COLL;DSP_MAJ_IRISE;;;OR21;OR1;OR21;CST;MCO;OK;01/03/2006;01/03/2006;C;OPT;C;TR;RF19;48;44;4;4;;4;464,6930;;;01/03/2006;;;;
15232369;TERRITOIRE;IRS - 72 FO - FT945 - 145 RUE DU FAUSSE BLANC / 1 RUE VARLIN GENNEVILLIERS;;;SFR_COLL;DSP_MAJ_IRISE;;;OR21;OR1;OR21;CST;MCO;OK;05/07/2019;05/07/2019;C;OPT;C;TR;RF28;72;72;0;6;;4;1746,1026;;;05/07/2019;;;;
16584041;TERRITOIRE;IRS - 24FO - FT 9 - PLACE CARNOT / FT 899 - 10 RUE JEAN JAURES;;;SFR_COLL;DSP_MAJ_IRISE;;;OR21;OR1;OR21;CST;MCO;OK;26/11/2019;26/11/2019;C;OPT;C;DI;RF29;24;22;2;4;;5;197,1914;;;26/11/2019;;;;
27470819;TERRITOIRE;IRS - 24FO - FT 1004 - Rue Jean Moulin / FT 167 - 303 MAIL DE LA RESISTANCE (BONEUIL SUR MARNE);;;SFR_COLL;DSP_MAJ_IRISE;;;OR21;OR1;OR21;CST;MCO;OK;22/11/2021;22/11/2021;C;OPT;C;DI;RF29;24;20;4;4;;5;377,9514;;;22/11/2021;;;;
4600330;TERRITOIRE;IRS - CAB 1 - 77 AV DE LA RESISTANCE/79 AV ROBINSON;;;SFR_COLL;DSP_MAJ_IRISE;;;OR21;OR1;OR21;CST;MCO;OK;10/04/2001;10/04/2001;C;OPT;C;TR;RF12;48;14;34;6;;5;871,8661;;;10/04/2001;;;;
27779937;TERRITOIRE;IRS - 24FO -  FT2697 - RUE PAUL LAFARGUE / FT 2713 - RUE DANIEL RENOULT;;;SFR_COLL;DSP_MAJ_IRISE;;;OR21;OR1;OR21;CST;MCO;OK;30/11/2021;30/11/2021;C;OPT;C;DI;RF29;24;22;2;4;;5;479,9663;;;30/11/2021;;;;
22660900;TERRITOIRE;IRS -12FO - FT2197 - 13 RUE ANTOINETTE / POP THEATRE DES ROCHES MONTREUIL - AA;;;SFR_COLL;DSP_MAJ_IRISE;;;OR21;OR1;OR21;CST;MCO;OK;10/03/2021;10/03/2021;C;OPT;C;DI;RF27;12;6;6;2;;5;52,8587;;;10/03/2021;;;;
6305169;TERRITOIRE;IRS - 144FO - AVENUE DE METZ (PANTIN) - BPE1/AVENUE JEAN JAURES/RUE DE LA FOLIE (BOBIGNY) - BPE1;;;SFR_COLL;DSP_MAJ_IRISE;;;OR21;OR1;OR21;CST;MCO;OK;30/04/2013;30/04/2013;C;OPT;C;LH;RF22;144;135;9;12;;4;513,2377;;;30/04/2013;;;;
8198419;TERRITOIRE;IRS - 144 FO - LD - AV PAUL VAILLANT COUTURIER / RUE DES BUTTES (BAGNEUX);;;SFR_COLL;DSP_MAJ_IRISE;;;OR21;OR1;OR21;CST;MCO;OK;22/05/2014;22/05/2014;C;OPT;C;LH;RF22;144;136;8;12;;4;689,7810;;;22/05/2014;;;;
16692235;TERRITOIRE;IRS - 144 FO - FT2136 - 733 AVENUE MAURICE THOREZ / FT2110 - 29 BD DU CH?ÈTEAU;;;SFR_COLL;DSP_MAJ_IRISE;;;OR21;OR1;OR21;CST;MCO;OK;05/12/2019;05/12/2019;C;OPT;C;LH;RF22;144;144;0;12;;4;607,6668;;;05/12/2019;;;;
4609330;TERRITOIRE;IRS - QUAI STALINGRAD-BD DES ILES/RUE DE MEUDON;;;SFR_COLL;DSP_MAJ_IRISE;;;OR21;OR1;OR21;CST;MCO;OK;24/01/2005;24/01/2005;C;OPT;C;LH;RF40;144;140;4;12;;4;173,2710;;;24/01/2005;;;;
4617932;TERRITOIRE;IRS - 24FO - RUE DE VILLENEUVE BPE 1/KINGSTON (RUNGIS);;;SFR_COLL;DSP_MAJ_IRISE;;;OR21;OR1;OR21;CST;MCO;OK;12/04/2012;12/04/2012;C;OPT;C;DI;RF15;24;22;2;4;;4;239,1347;;;12/04/2012;;;;
4597491;TERRITOIRE;IRS-412 AV COUTURIER/N-1 BATIMENT C BOBIGNY;;;SFR_COLL;DSP_MAJ_IRISE;;;OR21;OR1;OR21;CST;MCO;OK;26/02/2007;26/02/2007;C;OPT;C;TR;RF16;72;72;0;6;;4;373,5272;;;26/02/2007;;;;
4610792;TERRITOIRE;IRS- 62 AV G PERI/INTERSECTION PERI-RENAN ST OUEN;;;SFR_COLL;DSP_MAJ_IRISE;;;OR21;OR1;OR21;CST;MCO;OK;18/10/2006;18/10/2006;C;OPT;C;TR;RF19;48;40;8;4;;4;147,8150;;;18/10/2006;;;;
7138146;HORS TERRITOIRE;IRS - 144 FO - RUE LUDOVIC HALEVY / RUE MAURICE BERTEAUX;;;SFR_COLL;DSP_MAJ_IRISE;;;OR21;OR1;OR21;CST;MCO;OK;23/07/2013;23/07/2013;C;OPT;C;LH;RF22;144;140;4;12;;4;512,7632;;;23/07/2013;;;;
4624746;TERRITOIRE;IRS - 24FO - N-1/MINEFI BOBIGNY - AA;;;SFR_COLL;DSP_MAJ_IRISE;;;OR21;OR1;OR21;CST;MCO;OK;19/07/2010;19/07/2010;C;OPT;C;DI;RF15;24;24;0;4;;4;167,4336;;;19/07/2010;;;;
4604872;HORS TERRITOIRE;IRS - 12FO - BD DE L'OISE/IUT CERGY;;;SFR_COLL;DSP_MAJ_IRISE;;;OR21;OR1;OR21;CST;MCO;OK;09/12/2005;09/12/2005;C;OPT;C;DI;RF14;12;6;6;2;;4;206,9044;;;09/12/2005;;;;
4609035;HORS TERRITOIRE;IRS-QUAI DE SEINE/PRC RESEAU VILLE RUE FOULON;;;SFR_COLL;DSP_MAJ_IRISE;;;OR21;OR1;OR21;CST;MCO;OK;28/11/2005;28/11/2005;C;OPT;C;LH;RF40;144;144;0;12;;4;771,7084;;;28/11/2005;;;;
4624842;TERRITOIRE;IRS - XCO TCT/EXPANSION;;;SFR_COLL;DSP_MAJ_IRISE;;;OR21;OR1;OR21;CST;MCO;OK;21/01/2010;21/01/2010;C;OPT;C;TR;RF19;48;34;14;4;;4;339,0002;;;21/01/2010;;;;
4607225;TERRITOIRE;IRS - 84 RUE CARVES/CRECHES CARVES MONTROUGE;;;SFR_COLL;DSP_MAJ_IRISE;;;OR21;OR1;OR21;CST;MCO;OK;03/10/2005;03/10/2005;C;OPT;C;DI;RF14;12;0;12;2;;4;138,0949;;;03/10/2005;;;;
4613402;TERRITOIRE;IRS - 31 RUE THEOPHILE SUEUR/THEOPHILE SUEUR_DR CHARCOT;;;SFR_COLL;DSP_MAJ_IRISE;;;OR21;OR1;OR21;CST;MCO;OK;07/11/2007;07/11/2007;C;OPT;C;TR;RF42;36;24;12;6;;4;391,3271;;;07/11/2007;;;;
4599099;TERRITOIRE;IRS - SQUARE DU 19 MARS 1962 FRESNES / POP MAIRIE DE FRESNES - AA;;;SFR_COLL;DSP_MAJ_IRISE;;;OR21;OR1;OR21;CST;MCO;OK;13/12/2002;13/12/2002;C;OPT;C;TR;RF43;48;37;11;6;;183;37,7835;;;13/12/2002;;;;
4630154;TERRITOIRE;IRS - 72FO - ANATOLE FRANCE / ANGLE_BREMENT_NEUILLY;;;SFR_COLL;DSP_MAJ_IRISE;;;OR21;OR1;OR21;CST;MCO;OK;10/02/2009;10/02/2009;C;OPT;C;TR;RF16;72;67;5;6;;4;1181,2414;;;10/02/2009;;;;
4641488;TERRITOIRE;IRS - 12 FO - BI 39 AVENUE DE LUGO (CHOISY-LE-ROI)/FTTS CHOISY LE ROI A86 - AA;;;SFR_COLL;DSP_MAJ_IRISE;;;OR21;OR1;OR21;CST;MCO;OK;21/02/2012;21/02/2012;C;OPT;C;DI;RF38;12;8;4;1;;4;179,8844;;;21/02/2012;;;;
4610394;TERRITOIRE;IRS - 12FO - RUE ORY/POP SANOFI MONTROUGE - AB;;;SFR_COLL;DSP_MAJ_IRISE;;;OR21;OR1;OR21;CST;MCO;OK;26/01/2006;26/01/2006;C;OPT;C;DI;RF14;12;10;2;2;;4;163,5520;;;26/01/2006;;;;
6888211;TERRITOIRE;IRS - 144FO - 19 Avenue Louis Bordes (STAINS) / IRS - 13 RUE CARNOT (N-1 MAIRIE DE) STAINS;;;SFR_COLL;DSP_MAJ_IRISE;;;OR21;OR1;OR21;CST;MCO;OK;02/07/2013;02/07/2013;C;OPT;C;LH;RF22;144;140;4;12;;4;285,2984;;;02/07/2013;;;;
4607255;TERRITOIRE;IRS - ADD 1 - POP IGR VILLEJUIF - AA;;;SFR_COLL;DSP_MAJ_IRISE;;;OR21;OR1;OR21;CST;MCO;OK;21/03/2005;21/03/2005;C;OPT;C;DI;RF14;12;8;4;2;;4;22,6540;;;21/03/2005;;;;
7149985;HORS TERRITOIRE;IRS - 144FO - RUE LEO LAGRANGE / IRS - N- 1 SFR SANTEUIL (ERAGNY);;;SFR_COLL;DSP_MAJ_IRISE;;;OR21;OR1;OR21;CST;MCO;OK;25/07/2013;25/07/2013;C;OPT;C;LH;RF22;144;135;9;12;;4;133,4236;;;25/07/2013;;;;
4612892;TERRITOIRE;IRS - BPE2 POINT DE JOINVILLE-BROSSOLETTE /PLACE VERDUN;;;SFR_COLL;DSP_MAJ_IRISE;;;OR21;OR1;OR21;CST;MCO;OK;17/09/2007;17/09/2007;C;OPT;C;TR;RF16;72;34;38;6;;4;436,8659;;;17/09/2007;;;;
18437517;TERRITOIRE;IRS - 144 FO - FT 821 - 7 RENE CHAR (BONDY) / FT 683 - 73B RUE BERNARD GANTE (VILLEMOMBLE);;;SFR_COLL;DSP_MAJ_IRISE;;;OR21;OR1;OR21;CST;MCO;OK;19/05/2020;19/05/2020;C;OPT;C;LH;RF22;144;144;0;12;;4;1853,1014;;;19/05/2020;;;;
6154148;TERRITOIRE;IRS - 144FO - FT_192 - FACE AU 1172 AV R.SALENGRO / FT_165 - N-1 POP LA POSTE TELECOM DEBITEL;;;SFR_COLL;DSP_MAJ_IRISE;;;OR21;OR1;OR21;CST;MCO;OK;15/04/2013;15/04/2013;C;OPT;C;LH;RF22;144;143;1;12;;4;151,4122;;;15/04/2013;;;;
4613981;TERRITOIRE;IRS 72FO - IRS - RUE DES ABONDANCES/IRS N-1 ADD2 PARE;;;SFR_COLL;DSP_MAJ_IRISE;;;OR21;OR1;OR21;CST;MCO;OK;06/11/2007;06/11/2007;C;OPT;C;TR;RF16;72;68;4;6;;4;1041,1700;;;06/11/2007;;;;
17372842;TERRITOIRE;144 FO - BAGUETTE IRS - N-1 CAA RAMEAU VILLEJUIF BPE1 / BPE2;;;SFR_COLL;DSP_MAJ_IRISE;;;OR21;OR1;OR21;CST;MCO;OK;12/02/2020;12/02/2020;C;OPT;C;LH;RF22;144;142;2;12;;4;9,5400;;;12/02/2020;;;;
31730355;TERRITOIRE;IRS - 24 FO - CH SAT RUE GARE DE DUGNY / 19 RUE WALDECK ROCHER;;;SFR_COLL;DSP_MAJ_IRISE;;;OR21;OR1;OR21;CST;MCO;OK;24/05/2022;24/05/2022;C;OPT;C;DI;RF29;24;22;2;4;;5;1440,2763;;;24/05/2022;;;;
30203966;TERRITOIRE;IRS - FT 1158 AV ARISTIDE BRIAND - RN20 MONTROUGE - BPE 1 / IRS - FT 1159 AV ARISTIDE BRIAND - RN20 MONTROUGE - BPE 1;;;SFR_COLL;DSP_MAJ_IRISE;;;OR21;OR1;OR21;CST;MCO;OK;17/03/2022;17/03/2022;C;OPT;C;DI;RF27;12;8;4;2;;5;36,3594;;;17/03/2022;;;;
4612907;TERRITOIRE;IRS - 12FO - 59 AV DE VERDUN/BIBLIOTHEQUE ROMAINVILLE;;;SFR_COLL;DSP_MAJ_IRISE;;;OR21;OR1;OR21;CST;MCO;OK;03/11/2006;03/11/2006;C;OPT;C;DI;RF14;12;8;4;2;;4;79,3547;;;03/11/2006;;;;
22921392;HORS TERRITOIRE;IRS - 24FO -  FT 748 - 12 AVENUE DE L ISLE / FT 971 - RUE DE GENERAL DEGAULLE - AVENUE DE GAUMONT;;;SFR_COLL;DSP_MAJ_IRISE;;;OR21;OR1;OR21;CST;MCO;OK;29/03/2021;29/03/2021;C;OPT;C;DI;RF29;24;24;0;4;;5;489,9628;;;29/03/2021;;;;
4600620;TERRITOIRE;IRS - ALLE JEAN BIGUET/SH IRS JOINVILLE - VERS FONTENAY - AB;;;SFR_COLL;DSP_MAJ_IRISE;;;OR21;OR1;OR21;CST;MCO;OK;30/01/2001;30/01/2001;C;OPT;C;LH;RF56;144;88;56;12;;4;29,9930;;;30/01/2001;;;;
7226802;TERRITOIRE;IRS - CH08 / PLACE DU CAPITAINE GLAMER;;;SFR_COLL;DSP_MAJ_IRISE;;;OR21;OR1;OR21;CST;MCO;OK;06/10/2010;06/10/2010;C;OPT;C;TR;RF19;48;0;48;4;;4;336,7297;;;06/10/2010;;;;
4609789;TERRITOIRE;IRS - 48FO - GAMBETTA-PASTEUR/144 AV GAMBETTA BAGNOLET;;;SFR_COLL;DSP_MAJ_IRISE;;;OR21;OR1;OR21;CST;MCO;OK;04/01/2006;04/01/2006;C;OPT;C;TR;RF19;48;13;35;4;;4;314,0646;;;04/01/2006;;;;
4594313;TERRITOIRE;IRS - 72FO - KENNEDY-LECLERC/65 RUE LA FERRIERE;;;SFR_COLL;DSP_MAJ_IRISE;;;OR21;OR1;OR21;CST;MCO;OK;30/01/2001;30/01/2001;C;OPT;C;TR;RF16;72;14;58;6;;4;2105,7720;;;30/01/2001;;;;
4595675;TERRITOIRE;IRS - BD VOLTAIRE/24 AV DES GRESILLONS;;;SFR_COLL;DSP_MAJ_IRISE;;;OR21;OR1;OR21;CST;MCO;OK;30/01/2001;30/01/2001;C;OPT;C;TR;RF42;36;30;6;6;;4;123,7032;;;30/01/2001;;;;
4607394;TERRITOIRE;IRS - 144FO - RUE GARDEBLED PERI/RUE GARDEBLED ST CLAUDE;;;SFR_COLL;DSP_MAJ_IRISE;;;OR21;OR1;OR21;CST;MCO;OK;20/05/2005;20/05/2005;C;OPT;C;LH;RF56;144;79;65;12;;4;305,3443;;;20/05/2005;;;;
4608192;TERRITOIRE;IRS - ANATOLE FRANCE_NUNGESSER ET COLI/PAPIN CURIE;;;SFR_COLL;DSP_MAJ_IRISE;;;OR21;OR1;OR21;CST;MCO;OK;22/03/2005;22/03/2005;C;OPT;C;TR;RF16;72;19;53;6;;4;397,6564;;;22/03/2005;;;;
4604536;HORS TERRITOIRE;IRS - 34 RUE BERGSON/IUT SARCELLES;;;SFR_COLL;DSP_MAJ_IRISE;;;OR21;OR1;OR21;CST;MCO;OK;22/11/2005;22/11/2005;C;OPT;C;DI;RF14;12;8;4;2;;4;56,9758;;;22/11/2005;;;;
16550129;TERRITOIRE;IRS - 24 FO - FT 347 - 22 RUE DE CHEVILLY / POP GROUPE SCOLAIRE CACHIN VILLEJUIF - AA;;;SFR_COLL;DSP_MAJ_IRISE;;;OR21;OR1;OR21;CST;MCO;OK;22/11/2019;22/11/2019;C;OPT;C;DI;RF29;24;14;10;4;;5;16,1264;;;22/11/2019;;;;
35599859;TERRITOIRE;IRS - 12FO - RUE DU MONT MESLY / PRC CAMERA X06 BONNEUIL SUR MARNE;;;SFR_COLL;DSP_MAJ_IRISE;;;OR21;OR1;OR21;CST;MCO;OK;14/12/2022;14/12/2022;C;OPT;C;DI;RF27;12;10;2;2;;5;4,5717;;;14/12/2022;;;;
4623425;TERRITOIRE;IRS - 24FO RUE MARITON/POP BULL - AB;;;SFR_COLL;DSP_MAJ_IRISE;;;OR21;OR1;OR21;CST;MCO;OK;21/01/2008;21/01/2008;C;OPT;C;DI;RF15;24;22;2;4;;4;82,1928;;;21/01/2008;;;;
4601643;HORS TERRITOIRE;IRS - PONT DE MAISON LAFITTE/QUAI DE SEINE;;;SFR_COLL;DSP_MAJ_IRISE;;;OR21;OR1;OR21;CST;MCO;OK;24/05/2004;24/05/2004;C;OPT;C;LH;RF74;144;101;43;12;;100;9,1198;;;24/05/2004;;;;
6586149;HORS TERRITOIRE;IRS - 144FO - FT 1155 - RUE GISORS (PONTOISE) / FT 2322 - RUE M ROUSIER (PONTOISE);;;SFR_COLL;DSP_MAJ_IRISE;;;OR21;OR1;OR21;CST;MCO;OK;05/06/2013;05/06/2013;C;OPT;C;LH;RF22;144;142;2;12;;4;510,7827;;;05/06/2013;;;;
6423889;HORS TERRITOIRE;IRS - 48FO - N-1 / POP TYCO ELECTRONICS JULES CESAR - AA;;;SFR_COLL;DSP_MAJ_IRISE;;;OR21;OR1;OR21;CST;MCO;OK;22/05/2013;22/05/2013;C;OPT;C;TR;RF60;48;46;2;8;;4;80,5353;;;22/05/2013;;;;
4637926;TERRITOIRE;IRS - 144 FO - 20 RUE DES PAQUERETTES/4 PLACE DES MUGUETS (NANTERRE);;;SFR_COLL;DSP_MAJ_IRISE;;;OR21;OR1;OR21;CST;MCO;OK;10/02/2011;10/02/2011;C;OPT;C;LH;RF40;144;142;2;12;;4;530,2233;;;10/02/2011;;;;
7960338;TERRITOIRE;IRS 72FO - IRS - BD ANATOLE FRANCE/IRS - RUE DES ABONDANCES;;;SFR_COLL;DSP_MAJ_IRISE;;;OR21;OR1;OR21;CST;MCO;OK;18/03/2014;18/03/2014;C;OPT;C;TR;RF28;72;68;4;6;;4;930,6638;;;18/03/2014;;;;
18933793;TERRITOIRE;IRS - BAG - 144 FO - IRS - 160 AVENUE HENRI BARBUSSE - BPE 1 / BPE 2;;;SFR_COLL;DSP_MAJ_IRISE;;;OR21;OR1;OR21;CST;MCO;OK;22/06/2020;22/06/2020;C;OPT;C;LH;RF22;144;143;1;12;;4;25,9468;;;22/06/2020;;;;
4605053;TERRITOIRE;IRS - 144FO - ANATOLE FRANCE/RUE J LOLIVE;;;SFR_COLL;DSP_MAJ_IRISE;;;OR21;OR1;OR21;CST;MCO;OK;01/01/2003;01/01/2003;C;OPT;C;LH;RF56;144;85;59;12;;4;453,8542;;;01/01/2003;;;;
4600037;TERRITOIRE;IRS - GALLIENI-GATINE/LIVRAISON UPC BONDY;;;SFR_COLL;DSP_MAJ_IRISE;;;OR21;OR1;OR21;CST;MCO;OK;01/01/2002;01/01/2002;C;OPT;C;DI;RF72;12;10;2;1;;4;984,8319;;;01/01/2002;;;;
11070885;HORS TERRITOIRE;IRS - 48 FO - M12 - BI POP THOMSON VIDEO NETWORKS CERGY PONTOISE/IRS - ANGLE R DE LA PREFECTURE;;;SFR_COLL;DSP_MAJ_IRISE;;;OR21;OR1;OR21;CST;MCO;OK;29/04/2014;29/04/2014;C;OPT;C;TR;RF47;48;46;2;4;;4;80,5776;;;29/04/2014;;;;
4602727;HORS TERRITOIRE;IRS - 144FO - CODE?? - MONTAIGNE/POP 9T NOISY - AF;;;SFR_COLL;DSP_MAJ_IRISE;;;OR21;OR1;OR21;CST;MCO;OK;15/07/2004;15/07/2004;C;OPT;C;LH;RF74;144;51;93;12;;100;91,4345;;;15/07/2004;;;;
7890530;TERRITOIRE;IRS - 144 FO - R DU CEL MANES_AVE PICASSO /  BD FRANCOIS RASPAL;;;SFR_COLL;DSP_MAJ_IRISE;;;OR21;OR1;OR21;CST;MCO;OK;03/03/2014;03/03/2014;C;OPT;C;LH;RF22;144;140;4;12;;4;723,2118;;;03/03/2014;;;;
4632100;TERRITOIRE;IRS - 48FO DERICBOURG (D43)/GS_PAUL_BERT_GYMNASE (D41);;;SFR_COLL;DSP_MAJ_IRISE;;;OR21;OR1;OR21;CST;MCO;OK;17/07/2009;17/07/2009;C;OPT;C;TR;RF19;48;46;2;4;;4;157,4319;;;17/07/2009;;;;
12932590;TERRITOIRE;IRS - 72FO - ANGLE JFK-CHARLES GIDE/ANGLE MARCEL SEMBAT-SEVERINE;;;SFR_COLL;DSP_MAJ_IRISE;;;OR21;OR1;OR21;CST;MCO;OK;05/06/2018;05/06/2018;C;OPT;C;TR;RF94;72;56;16;6;;5;296,4256;;;05/06/2018;;;;
29259963;TERRITOIRE;IRS - 72 FO - FT1160 - 14 AV ERNEST RENAN(LIVRY-GARGAN) / 5 AV DU CONSUL GENERAL NORDLING;;;SFR_COLL;DSP_MAJ_IRISE;;;OR21;OR1;OR21;CST;MCO;OK;01/02/2022;01/02/2022;C;OPT;C;TR;RF28;72;72;0;6;;4;1387,9272;;;01/02/2022;;;;
8272242;TERRITOIRE;IRS BAG 144FO RUE DE LA MOTTE BPE2/BPE3;;;SFR_COLL;DSP_MAJ_IRISE;;;OR21;OR1;OR21;CST;MCO;OK;12/06/2014;12/06/2014;C;OPT;C;LH;RF22;144;87;57;12;;4;2,2135;;;12/06/2014;;;;
10958425;TERRITOIRE;IRS - 36FO - BI MIRCOMANIA AV. MARGUERITES/GANDE ALLEE AV. MARGUERITES;;;SFR_COLL;DSP_MAJ_IRISE;;;OR21;OR1;OR21;CST;MCO;OK;30/05/2013;30/05/2013;C;OPT;C;TR;RF26;36;35;1;6;;4;228,1120;;;30/05/2013;;;;
4605781;TERRITOIRE;IRS - RUE GALILEE/FAC D'IVRY;;;SFR_COLL;DSP_MAJ_IRISE;;;OR21;OR1;OR21;CST;MCO;OK;05/02/2004;05/02/2004;C;OPT;C;DI;RF57;12;12;0;1;;4;58,9687;;;05/02/2004;;;;
13882391;HORS TERRITOIRE;48FO - IRISE - FT 441 - RUE DU GENERAL GALLIENI / FT1248 - 12 AVENUE HENRI DUNANT;;;SFR_COLL;DSP_MAJ_IRISE;;;OR21;OR1;OR21;CST;MCO;OK;24/12/2018;24/12/2018;C;OPT;C;TR;RF20;48;38;10;8;;5;738,7755;;;24/12/2018;;;;
4602558;TERRITOIRE;IRS-154 GABRIEL PERI/31 AV CHANDON GENNEVILLIERS;;;SFR_COLL;DSP_MAJ_IRISE;;;OR21;OR1;OR21;CST;MCO;OK;28/04/2004;28/04/2004;C;OPT;C;TR;RF19;48;33;15;4;;4;408,5300;;;28/04/2004;;;;
4611617;TERRITOIRE;BPE 2 ESSEN/LT ANVERS RUNGIS;;;SFR_COLL;DSP_MAJ_IRISE;;;OR21;OR1;OR21;CST;MCO;OK;06/02/2006;06/02/2006;C;OPT;C;DI;RF14;12;8;4;2;;4;145,8124;;;06/02/2006;;;;
4632368;TERRITOIRE;IRS - 24FO - BI/POP GS_BLONDEAUX (D33);;;SFR_COLL;DSP_MAJ_IRISE;;;OR21;OR1;OR21;CST;MCO;OK;22/07/2009;22/07/2009;C;OPT;C;DI;RF15;24;20;4;4;;4;30,5941;;;22/07/2009;;;;
8608913;TERRITOIRE;IRS - 36FO - ANGLE GRANDE ALLEE-AV. DES MARGUERITES / FT515 AV DU BOUTON D OR;;;SFR_COLL;DSP_MAJ_IRISE;;;OR21;OR1;OR21;CST;MCO;OK;23/09/2014;23/09/2014;C;OPT;C;TR;RF88;36;35;1;6;;4;431,6448;;;23/09/2014;;;;
4633071;TERRITOIRE;IRS - 36FO - PARC DES ANCIENNES MAIRIES/POP MAISON DE LA MUSIQUE - AA;;;SFR_COLL;DSP_MAJ_IRISE;;;OR21;OR1;OR21;CST;MCO;OK;08/04/2010;08/04/2010;C;OPT;C;TR;RF112;36;34;2;3;;4;269,4691;;;08/04/2010;;;;
4609049;HORS TERRITOIRE;IRS - 12 FO - N-1/BAT LE RENAN;;;SFR_COLL;DSP_MAJ_IRISE;;;OR21;OR1;OR21;CST;MCO;OK;18/08/2011;18/08/2011;C;OPT;C;DI;RF38;12;12;0;1;;4;300,8863;;;18/08/2011;;;;
4608597;TERRITOIRE;IRS - 48FO - RUE DES SOLETS/RUE DU SCORPION RUNGIS;;;SFR_COLL;DSP_MAJ_IRISE;;;OR21;OR1;OR21;CST;MCO;OK;17/01/2006;17/01/2006;C;OPT;C;TR;RF44;48;44;4;4;;5;107,0886;;;17/01/2006;;;;
6694930;TERRITOIRE;IRS - 144FO - 116 RUE AMBROISE CROIZAT/RUE AMBROISE CROIZAT_RUE MARCEL PAUL;;;SFR_COLL;DSP_MAJ_IRISE;;;OR21;OR1;OR21;CST;MCO;OK;17/06/2013;17/06/2013;C;OPT;C;LH;RF22;144;136;8;12;;4;87,0833;;;17/06/2013;;;;
12820626;HORS TERRITOIRE;48 FO - IRS - AVEN-BEGUINES - BPE 2 / N-1 - POP LES ESTUDINES SAINT CHRISTOPHE CERGY;;;SFR_COLL;DSP_MAJ_IRISE;;;OR21;OR1;OR21;CST;MCO;OK;02/05/2018;02/05/2018;C;OPT;C;TR;RF61;48;47;1;4;;5;397,5665;;;02/05/2018;;;;
16614163;TERRITOIRE;IRS - 12FO - RUE AMBROISE CROIZAT / PRC CH FT 671 RUE SACCO ET VANZETTI;;;SFR_COLL;DSP_MAJ_IRISE;;;OR21;OR1;OR21;CST;MCO;OK;28/11/2019;28/11/2019;C;OPT;C;DI;RF27;12;8;4;2;;5;524,0006;;;28/11/2019;;;;
4639278;TERRITOIRE;IRS - 12 FO - POP FTTS LE PERREUX/BI 82 AVENUE DU 11 SEPTEMBLE - AA;;;SFR_COLL;DSP_MAJ_IRISE;;;OR21;OR1;OR21;CST;MCO;OK;21/02/2012;21/02/2012;C;OPT;C;DI;RF38;12;8;4;1;;4;38,1237;;;21/02/2012;;;;
4641524;TERRITOIRE;IRS - 12 FO - POP FTTS VILLETANEUSE (MOUCHERONS)/BI 5 PLACE JB CLEMENT - AA;;;SFR_COLL;DSP_MAJ_IRISE;;;OR21;OR1;OR21;CST;MCO;OK;17/02/2012;17/02/2012;C;OPT;C;DI;RF38;12;8;4;1;;4;20,0002;;;17/02/2012;;;;
4640987;TERRITOIRE;IRS - 48FO - CHARLES VII/BI MAIRIE DE NOGENT SUR MARNE;;;SFR_COLL;DSP_MAJ_IRISE;;;OR21;OR1;OR21;CST;MCO;OK;31/01/2012;31/01/2012;C;OPT;C;TR;RF19;48;44;4;4;;4;322,1993;;;31/01/2012;;;;
4625965;HORS TERRITOIRE;IRS - ???? - AV PAVE NEUF/RUE DES HAUTS CHATEAUX;;;SFR_COLL;DSP_MAJ_IRISE;;;OR21;OR1;OR21;CST;MCO;OK;27/03/2008;27/03/2008;C;OPT;C;LH;RF74;144;71;73;12;;100;1607,9060;;;27/03/2008;;;;
4597614;TERRITOIRE;IRS - 12FO - AV JULES RIMET/POP IMMEUBLE PLAINE ST DENIS;;;SFR_COLL;DSP_MAJ_IRISE;;;OR21;OR1;OR21;CST;MCO;OK;18/10/2004;18/10/2004;C;OPT;C;DI;RF38;12;0;12;1;;4;26,4222;;;18/10/2004;;;;
11546289;TERRITOIRE;IRS - 36FO - POP JADE ST DENIS - SNCF / BI IRS POP JADE ST DENIS - AD;;;SFR_COLL;DSP_MAJ_IRISE;;;OR21;OR1;OR21;CST;MCO;OK;06/07/2017;06/07/2017;C;OPT;C;TR;RF26;36;36;0;6;;4;40,1509;;;06/07/2017;;;;
4625504;TERRITOIRE;IRS - 72FO - RUE LIEUTENANT BATANI/D'ORVES_BARBUSSE;;;SFR_COLL;DSP_MAJ_IRISE;;;OR21;OR1;OR21;CST;MCO;OK;12/01/2009;12/01/2009;C;OPT;C;TR;RF16;72;18;54;6;;4;500,3788;;;12/01/2009;;;;
6724692;TERRITOIRE;IRS - 144FO - RUE PLEYEL/ANGLE RUE PLEYEL_RUE LANDY;;;SFR_COLL;DSP_MAJ_IRISE;;;OR21;OR1;OR21;CST;MCO;OK;18/06/2013;18/06/2013;C;OPT;C;LH;RF22;144;144;0;12;;4;235,4520;;;18/06/2013;;;;
4597612;TERRITOIRE;IRS - 12FO - N-1 BATIMENT PLAINE COMMUNE/IMMEUBLE CANALSAT;;;SFR_COLL;DSP_MAJ_IRISE;;;OR21;OR1;OR21;CST;MCO;OK;18/10/2004;18/10/2004;C;OPT;C;DI;RF38;12;12;0;1;;4;166,2343;;;18/10/2004;;;;
17817000;TERRITOIRE;24 FO - IRISE - TABAC VICTOR HUGO / FT73 - 45 AV VICTOR HUGO;;;SFR_COLL;DSP_MAJ_IRISE;;;OR21;OR1;OR21;CST;MCO;OK;23/03/2020;23/03/2020;C;OPT;C;DI;RF30;24;22;2;4;;4;245,3619;;;23/03/2020;;;;
7295571;TERRITOIRE;IRS - 144FO - FT605  17 AV DU  8 MAI 1945 (PANTIN) / IRS - RUE JEAN NICOT (PANTIN);;;SFR_COLL;DSP_MAJ_IRISE;;;OR21;OR1;OR21;CST;MCO;OK;13/09/2013;13/09/2013;C;OPT;C;LH;RF22;144;143;1;12;;4;575,2895;;;13/09/2013;;;;
4609432;TERRITOIRE;IRS - 48FO - JACQUES RICHARD/D30-AV DE LA REPUBLIQUE (CHAMPIGNY);;;SFR_COLL;DSP_MAJ_IRISE;;;OR21;OR1;OR21;CST;MCO;OK;30/05/2005;30/05/2005;C;OPT;C;TR;RF19;48;18;30;4;;4;1401,3638;;;30/05/2005;;;;
4607254;TERRITOIRE;CAB000000020060;;;SFR_COLL;DSP_MAJ_IRISE;;;OR21;OR1;OR21;CST;MCO;OK;21/03/2005;21/03/2005;C;OPT;C;DI;RF38;12;8;4;1;;4;234,1407;;;21/03/2005;;;;
34011620;TERRITOIRE;IRS ‘«Ù 36 FO ‘«Ù BAG - BPE 1/ BPE 2;;;SFR_COLL;DSP_MAJ_IRISE;;;OR21;OR1;OR21;CST;MCO;OK;26/09/2022;26/09/2022;C;OPT;C;TR;RF50;36;34;2;3;;4;14,2043;;;26/09/2022;;;;
4621285;TERRITOIRE;IRS - 72FO - BI SMRVA/58 AV DE LA REPUBLIQUE;;;SFR_COLL;DSP_MAJ_IRISE;;;OR21;OR1;OR21;CST;MCO;OK;28/09/2010;28/09/2010;C;OPT;C;TR;RF16;72;68;4;6;;4;217,8313;;;28/09/2010;;;;
4618015;HORS TERRITOIRE;IRS - 24FO - BI LEYTON ASSOCIES/POP KYRIBA ST CLOUD - AB;;;SFR_COLL;DSP_MAJ_IRISE;;;OR21;OR1;OR21;CST;MCO;OK;22/11/2010;22/11/2010;C;OPT;C;DI;RF15;24;24;0;4;;4;51,0428;;;22/11/2010;;;;
4602471;HORS TERRITOIRE;IRS - 36FO - VERS N-1 BATIMENT CANAL PLUS;;;SFR_COLL;DSP_MAJ_IRISE;;;OR21;OR1;OR21;CST;MCO;OK;31/08/2004;31/08/2004;C;OPT;C;TR;RF42;36;31;5;6;;4;78,9312;;;31/08/2004;;;;
7568226;TERRITOIRE;IRS - 12FO - POP CENTRE ADMINISTRATIF / RUE ANATOLE FRANCE;;;SFR_COLL;DSP_MAJ_IRISE;;;OR21;OR1;OR21;CST;MCO;OK;03/12/2013;03/12/2013;C;OPT;C;DI;RF45;12;10;2;2;;4;311,6366;;;03/12/2013;;;;
21662195;HORS TERRITOIRE;IRS - 12 FO - FT852 -2 ROUTE COMBAULT / POP C42 VILLIERS SUR MARNE - AA;;;SFR_COLL;DSP_MAJ_IRISE;;;OR21;OR1;OR21;CST;MCO;OK;28/12/2020;28/12/2020;C;OPT;C;DI;RF27;12;10;2;2;;5;345,0737;;;28/12/2020;;;;
4605888;TERRITOIRE;IRS - 72FO - RUE RASPAIL/RUE BENSERADE;;;SFR_COLL;DSP_MAJ_IRISE;;;OR21;OR1;OR21;CST;MCO;OK;28/04/2004;28/04/2004;C;OPT;C;TR;RF16;72;44;28;6;;4;408,2429;;;28/04/2004;;;;
4605916;TERRITOIRE;IRS - COUTURIER/ADD HOPITAL BROUSSE VILLEJUIF;;;SFR_COLL;DSP_MAJ_IRISE;;;OR21;OR1;OR21;CST;MCO;OK;28/04/2004;28/04/2004;C;OPT;C;DI;RF15;24;18;6;4;;4;388,1111;;;28/04/2004;;;;
4624063;TERRITOIRE;IRS - 72FO - 55 AV ANATOLE FRANCE/PLACE SEMARD (VITRY);;;SFR_COLL;DSP_MAJ_IRISE;;;OR21;OR1;OR21;CST;MCO;OK;14/02/2011;14/02/2011;C;OPT;C;TR;RF16;72;41;31;6;;4;381,1412;;;14/02/2011;;;;
4621280;TERRITOIRE;IRS - 72 FO - 58 AV DE LA RESISTANCE/8 AV DE LA RESISTANCE;;;SFR_COLL;DSP_MAJ_IRISE;;;OR21;OR1;OR21;CST;MCO;OK;28/09/2010;28/09/2010;C;OPT;C;TR;RF16;72;9;63;6;;4;316,3980;;;28/09/2010;;;;
9746417;HORS TERRITOIRE;IRS - 12FO - 40 AV DES GROS CHENES / POP TEMPRE SERVICE HERBLAY - AA;;;SFR_COLL;DSP_MAJ_IRISE;;;OR21;OR1;OR21;CST;MCO;OK;15/03/2016;15/03/2016;C;OPT;C;DI;RF27;12;11;1;2;;5;182,7730;;;15/03/2016;;;;
4610401;TERRITOIRE;IRS - AV DU PT ALLENDE/AV PAUL DOUMER;;;SFR_COLL;DSP_MAJ_IRISE;;;OR21;OR1;OR21;CST;MCO;OK;27/01/2006;27/01/2006;C;OPT;C;TR;RF113;48;15;33;4;;106;1023,6383;;;27/01/2006;;;;
4625304;TERRITOIRE;IRS - 48FO - N-1 STUDIO TV / 30 RUE ETIENNE MONTGOLFIER;;;SFR_COLL;DSP_MAJ_IRISE;;;OR21;OR1;OR21;CST;MCO;OK;06/01/2009;06/01/2009;C;OPT;C;TR;RF60;48;44;4;8;;4;258,6211;;;06/01/2009;;;;
4629594;TERRITOIRE;IRS - 24FO - BI/POP L'OREAL_L4 (D85);;;SFR_COLL;DSP_MAJ_IRISE;;;OR21;OR1;OR21;CST;MCO;OK;22/07/2009;22/07/2009;C;OPT;C;DI;RF15;24;22;2;4;;4;5,1517;;;22/07/2009;;;;
7085971;TERRITOIRE;IRS - 144FO CABLE 1 - NEW JULES FERRY PK 3703 (LA COURNEUVE) /AVE MARCHEL CACHIN (LA COURNEUVE);;;SFR_COLL;DSP_MAJ_IRISE;;;OR21;OR1;OR21;CST;MCO;OK;17/07/2013;17/07/2013;C;OPT;C;LH;RF22;144;29;115;12;;4;341,5257;;;17/07/2013;;;;
4596752;TERRITOIRE;IRS - 36FO - RD POINT EUROPE / RUE DE LISBONNE;;;SFR_COLL;DSP_MAJ_IRISE;;;OR21;OR1;OR21;CST;MCO;OK;06/10/2010;06/10/2010;C;OPT;C;TR;RF42;36;34;2;6;;4;344,9423;;;06/10/2010;;;;
6584530;HORS TERRITOIRE;IRS - 12FO - POP FTTS PONTOISE (MARCOUVILLE) / RUE PIERRE DE COUBERTIN - AA;;;SFR_COLL;DSP_MAJ_IRISE;;;OR21;OR1;OR21;CST;MCO;OK;05/06/2013;05/06/2013;C;OPT;C;DI;RF45;12;8;4;2;;4;13,3686;;;05/06/2013;;;;
8836209;HORS TERRITOIRE;IRS - 36FO - 21 R EDOUARD BELIN / POP ALPHABET BMW 1 AV EDOUARD BELIN - BA;;;SFR_COLL;DSP_MAJ_IRISE;;;OR21;OR1;OR21;CST;MCO;OK;01/12/2014;01/12/2014;C;OPT;C;TR;RF26;36;35;1;6;;4;14,1671;;;01/12/2014;;;;
4635226;TERRITOIRE;IRS 48FO - AV PRIEUR DE LA COTE D'OR/BI BAT N?122 MINDEF DGA ARCEUIL;;;SFR_COLL;DSP_MAJ_IRISE;;;OR21;OR1;OR21;CST;MCO;OK;26/01/2011;26/01/2011;C;OPT;C;TR;RF19;48;48;0;4;;4;394,7412;;;26/01/2011;;;;
7705186;TERRITOIRE;IRS - 36 FO - ROSNY_FRANKLIN (MONTREUIL)/IRS - ANGLE RUE LUCIE AUBRAC_RUE DE ROSNY(MONTREUIL);;;SFR_COLL;DSP_MAJ_IRISE;;;OR21;OR1;OR21;CST;MCO;OK;15/01/2014;15/01/2014;C;OPT;C;TR;RF26;36;36;0;6;;4;138,1991;;;15/01/2014;;;;
4611469;TERRITOIRE;IRS - 44 AV DU PRESIDENT WILSON /20 AV DU PRESIDENT WILSON MONTREUIL;;;SFR_COLL;DSP_MAJ_IRISE;;;OR21;OR1;OR21;CST;MCO;OK;20/11/2006;20/11/2006;C;OPT;C;TR;RF43;48;22;26;6;;183;165,0926;;;20/11/2006;;;;
11103377;TERRITOIRE;IRS - 144FO - 22 RUE HENRI BARBUSSE (FRESNES) / POP ECOLE BARBARA HENRI BARBUSSE FRESNES;;;SFR_COLL;DSP_MAJ_IRISE;;;OR21;OR1;OR21;CST;MCO;OK;22/07/2013;22/07/2013;C;OPT;C;LH;RF22;144;142;2;12;;4;32,2418;;;22/07/2013;;;;
4601978;TERRITOIRE;IRS - ROSTAING-BARBUSSE/VERS APHP J ROSTAND;;;SFR_COLL;DSP_MAJ_IRISE;;;OR21;OR1;OR21;CST;MCO;OK;15/05/2004;15/05/2004;C;OPT;C;TR;RF16;72;71;1;6;;4;490,1560;;;15/05/2004;;;;
4625734;TERRITOIRE;IRS - 12FO N-1 GYMNASE GUIMIER/GYMNASE GUIMIER;;;SFR_COLL;DSP_MAJ_IRISE;;;OR21;OR1;OR21;CST;MCO;OK;31/03/2008;31/03/2008;C;OPT;C;DI;RF38;12;8;4;1;;4;63,0043;;;31/03/2008;;;;
4602555;TERRITOIRE;IRS - 144FO - RUE DU 4EME ZOUAVE/RUE DU GENERAL GALLIENI;;;SFR_COLL;DSP_MAJ_IRISE;;;OR21;OR1;OR21;CST;MCO;OK;06/07/2004;06/07/2004;C;OPT;C;LH;RF56;144;75;69;12;;4;207,4156;;;06/07/2004;;;;
4610931;TERRITOIRE;IRS-19 RUE DES ROSIERS/POP CIRCONSCRIPTION ST OUEN;;;SFR_COLL;DSP_MAJ_IRISE;;;OR21;OR1;OR21;CST;MCO;OK;18/10/2006;18/10/2006;C;OPT;C;DI;RF14;12;4;8;2;;4;19,8463;;;18/10/2006;;;;
4609661;TERRITOIRE;IRS - 24FO - ANGLE ST MANDE_VALMY /URSSAF GAUMONT - BA;;;SFR_COLL;DSP_MAJ_IRISE;;;OR21;OR1;OR21;CST;MCO;OK;03/01/2008;03/01/2008;C;OPT;C;DI;RF15;24;23;1;4;;4;73,6719;;;03/01/2008;;;;
14073971;TERRITOIRE;IRS - NEW - 72FO - FINOT POULBOT / CGTEL_P9306-PT6030 - BPE2;;;SFR_COLL;DSP_MAJ_IRISE;;;OR21;OR1;OR21;CST;MCO;OK;29/01/2019;29/01/2019;C;OPT;C;TR;RF28;72;60;12;6;;4;889,1232;;;29/01/2019;;;;
19096076;TERRITOIRE;IRS - 24FO - FT225 - 23 AVENUE LOUIS GEORGEON/FT5 - 9 AVENUE DE LA DIVISION LECLERC;;;SFR_COLL;DSP_MAJ_IRISE;;;OR21;OR1;OR21;CST;MCO;OK;01/07/2020;01/07/2020;C;OPT;C;DI;RF29;24;23;1;4;;5;865,2201;;;01/07/2020;;;;
11030148;TERRITOIRE;IRS - 144 FO - IRS - 24 AV DES GRESILLONS/IRS - BI ADD2 163 QUAI DOCTEUR DERVEAUX(ASNIERES SUR SEINE);;;SFR_COLL;DSP_MAJ_IRISE;;;OR21;OR1;OR21;CST;MCO;OK;19/04/2013;19/04/2013;C;OPT;C;LH;RF22;144;142;2;12;;4;396,5876;;;19/04/2013;;;;
4622938;HORS TERRITOIRE;IRS - 48FO CLOS SANTEUIL/SANTEUIL FRESNES;;;SFR_COLL;DSP_MAJ_IRISE;;;OR21;OR1;OR21;CST;MCO;OK;10/01/2008;10/01/2008;C;OPT;C;TR;RF19;48;11;37;4;;4;219,2516;;;10/01/2008;;;;
41621858;TERRITOIRE;IRS - 12 FO - FT 1010 -  RUE GEORGES LEBIGOT / POP OPH LEBIGOT VILLEJUIF - AA;;;SFR_COLL;DSP_MAJ_IRISE;;;OR21;OR1;OR21;CST;MCO;OK;07/11/2023;07/11/2023;C;OPT;C;DI;RF27;12;10;2;2;;5;149,8240;;;07/11/2023;;;;
7609218;TERRITOIRE;IRS - 144FO - IRS FT N-1 POP MEDIATHEQUE DE LEVALLOIS / IRS - COUTURIER-VARLIN (VILLEJUIF);;;SFR_COLL;DSP_MAJ_IRISE;;;OR21;OR1;OR21;CST;MCO;OK;12/12/2013;12/12/2013;C;OPT;C;LH;RF22;144;144;0;12;;4;333,4885;;;12/12/2013;;;;
4637359;HORS TERRITOIRE;IRS 24 FO BI POP VERIZON /POP VERIZON BAIE STERIA - BA;;;SFR_COLL;DSP_MAJ_IRISE;;;OR21;OR1;OR21;CST;MCO;OK;13/05/2011;13/05/2011;C;OPT;C;DI;RF15;24;24;0;4;;4;97,1974;;;13/05/2011;;;;
7255905;HORS TERRITOIRE;IRS - 12FO - POP FTTS SAINT OUEN L'AUMONE / FT 1175 - RUE DE LA PATELLE - AA;;;SFR_COLL;DSP_MAJ_IRISE;;;OR21;OR1;OR21;CST;MCO;OK;03/09/2013;03/09/2013;C;OPT;C;DI;RF45;12;8;4;2;;4;122,0254;;;03/09/2013;;;;
7478993;HORS TERRITOIRE;IRS - 48FO - LD - NEW IRS - RUE VAUGIRARD / IRS - RUE VAUGIRARD (NOISY LE GRAND);;;SFR_COLL;DSP_MAJ_IRISE;;;OR21;OR1;OR21;CST;MCO;OK;07/11/2013;07/11/2013;C;OPT;C;TR;RF47;48;46;2;4;;4;99,0041;;;07/11/2013;;;;
4628036;TERRITOIRE;IRS - 144FO - RUE PASTEUR / N-1 PISCINE GUIMER;;;SFR_COLL;DSP_MAJ_IRISE;;;OR21;OR1;OR21;CST;MCO;OK;09/06/2008;09/06/2008;C;OPT;C;LH;RF40;144;130;14;12;;4;245,9801;;;09/06/2008;;;;
23498980;TERRITOIRE;IRS - 36FO - RUE JEAN MARIN NAUDIN/11-13 GUY GOUYON;;;SFR_COLL;DSP_MAJ_IRISE;;;OR21;OR1;OR21;CST;MCO;OK;24/01/2012;24/01/2012;C;OPT;C;TR;RF42;36;32;4;6;;4;348,1744;;;24/01/2012;;;;
4612495;TERRITOIRE;IRS - 144FO - N-1 MAIRIE SCEAUX/112 BIS RUE HOUDAN-1;;;SFR_COLL;DSP_MAJ_IRISE;;;OR21;OR1;OR21;CST;MCO;OK;30/11/2007;30/11/2007;C;OPT;C;LH;RF46;144;75;69;12;;100;103,1819;;;30/11/2007;;;;
7969937;TERRITOIRE;IRS 144FO - BAG - BELBEOCH BPE1/BPE2;;;SFR_COLL;DSP_MAJ_IRISE;;;OR21;OR1;OR21;CST;MCO;OK;20/03/2014;20/03/2014;C;OPT;C;LH;RF22;144;140;4;12;;4;1,6820;;;20/03/2014;;;;
4638684;HORS TERRITOIRE;IRS - BD ARCHIMEDE/ROND POINT DE LATERRE-2;;;SFR_COLL;DSP_MAJ_IRISE;;;OR21;OR1;OR21;CST;MCO;OK;22/11/2011;22/11/2011;C;OPT;C;LH;RF74;144;75;69;12;;100;287,8554;;;22/11/2011;;;;
4606015;HORS TERRITOIRE;IRS-LA FRETTE GARENNE/PRC VILLE;;;SFR_COLL;DSP_MAJ_IRISE;;;OR21;OR1;OR21;CST;MCO;OK;15/02/2006;15/02/2006;C;OPT;C;LH;RF40;144;144;0;12;;4;31,8305;;;15/02/2006;;;;
4619902;HORS TERRITOIRE;IRS - 36FO N-1 SFR SANTEUIL/POP SFR SANTEUIL;;;SFR_COLL;DSP_MAJ_IRISE;;;OR21;OR1;OR21;CST;MCO;OK;10/01/2008;10/01/2008;C;OPT;C;TR;RF42;36;36;0;6;;4;48,4792;;;10/01/2008;;;;
4632350;TERRITOIRE;IRS - 24FO - BI/POP RESIDENCE_STE_COLOMBES (D11);;;SFR_COLL;DSP_MAJ_IRISE;;;OR21;OR1;OR21;CST;MCO;OK;22/07/2009;22/07/2009;C;OPT;C;DI;RF15;24;20;4;4;;4;31,4006;;;22/07/2009;;;;
4617942;TERRITOIRE;IRS - 66 QUAI DU MARECHAL JOFFRE/RUE DU CHEMIN VERT;;;SFR_COLL;DSP_MAJ_IRISE;;;OR21;OR1;OR21;CST;MCO;OK;14/10/2010;14/10/2010;C;OPT;C;TR;RF16;72;18;54;6;;4;810,7507;;;14/10/2010;;;;
17768055;TERRITOIRE;IRS - 12 FO - LD - 14 RUE CHARLES DE GAULLE / POP MAIRIE DRANCY - AC;;;SFR_COLL;DSP_MAJ_IRISE;;;OR21;OR1;OR21;CST;MCO;OK;18/03/2020;18/03/2020;C;OPT;C;DI;RF45;12;10;2;2;;4;39,8799;;;18/03/2020;;;;
44898017;TERRITOIRE;IRS - 12FO - PRC CAMERA C30 - BOURG LA REINE / FT 772;;;SFR_COLL;DSP_MAJ_IRISE;;;OR21;OR1;OR21;CST;MCO;OK;21/05/2024;21/05/2024;C;OPT;C;DI;RF27;12;10;2;2;;5;407,3871;;;21/05/2024;;;;
4611804;TERRITOIRE;144 FO - IRISE - TABAC VICTOR HUGO / POP INTERXION - AK;;;SFR_COLL;DSP_MAJ_IRISE;;;OR21;OR1;OR21;CST;MCO;OK;26/07/2006;26/07/2006;C;OPT;C;LH;RF40;144;128;16;12;;4;446,5707;;;26/07/2006;;;;
4641591;TERRITOIRE;IRS - THEOPHILE SUEUR / 163 RUE DE LA NOUVELLE FRANCE;;;SFR_COLL;DSP_MAJ_IRISE;;;OR21;OR1;OR21;CST;MCO;OK;18/01/2012;18/01/2012;C;OPT;C;TR;RF19;48;42;6;4;;4;219,1561;;;18/01/2012;;;;
15476213;TERRITOIRE;IRS - ANGLE RUE CHARLES PEGUY/ RUE DU PRESIDENT ROBERT SCHUMANN/POP CENTRE DE LOISIRS LES LILAS - AA;;;SFR_COLL;DSP_MAJ_IRISE;;;OR21;OR1;OR21;CST;MCO;OK;01/08/2019;01/08/2019;C;OPT;C;DI;RF115;24;18;6;4;;5;116,5295;;;01/08/2019;;;;
4631362;TERRITOIRE;IRS - 12FO - RUE BARBES/XCO INTEROUTE BARBES MONTROUGE;;;SFR_COLL;DSP_MAJ_IRISE;;;OR21;OR1;OR21;CST;MCO;OK;28/04/2009;28/04/2009;C;OPT;C;DI;RF116;12;12;0;1;;5;20,2485;;;28/04/2009;;;;
11097629;HORS TERRITOIRE;IRS - 24 FO - POP WOLTERS KLUWER REUIL MALMAISON / BI 1 RUE EUGENE ET ARMAND PEUGEOT - BA;;;SFR_COLL;DSP_MAJ_IRISE;;;OR21;OR1;OR21;CST;MCO;OK;24/03/2017;24/03/2017;C;OPT;C;DI;RF48;24;24;0;4;;4;10,9975;;;24/03/2017;;;;
8118961;TERRITOIRE;IRS -36FO - LD - POP CENTRE DE LOISIRS CHEVILLY LA RUE/29 RUE DU LIEUTENANT PETIT LE ROY - AA;;;SFR_COLL;DSP_MAJ_IRISE;;;OR21;OR1;OR21;CST;MCO;OK;28/04/2014;28/04/2014;C;OPT;C;TR;RF50;36;34;2;3;;4;125,5630;;;28/04/2014;;;;
4632099;TERRITOIRE;IRS - 48FO GS_JEAN-MOULIN (D15)/DERICBOURG (D43);;;SFR_COLL;DSP_MAJ_IRISE;;;OR21;OR1;OR21;CST;MCO;OK;17/07/2009;17/07/2009;C;OPT;C;TR;RF19;48;44;4;4;;4;135,8019;;;17/07/2009;;;;
4626473;HORS TERRITOIRE;IRS - 144FO - ROND POINT DE LA TERRE/BLAISE PASCAL;;;SFR_COLL;DSP_MAJ_IRISE;;;OR21;OR1;OR21;CST;MCO;OK;08/02/2008;08/02/2008;C;OPT;C;LH;RF40;144;74;70;12;;4;520,4336;;;08/02/2008;;;;
15288130;TERRITOIRE;IRS - 144 FO - FT 1079 - 23 QUAI DES GRESILLONS / FT 1069 - 18 BD GALLIENI (GENNEVILLIERS);;;SFR_COLL;DSP_MAJ_IRISE;;;OR21;OR1;OR21;CST;MCO;OK;11/07/2019;11/07/2019;C;OPT;C;LH;RF22;144;142;2;12;;4;748,9121;;;11/07/2019;;;;
4625498;TERRITOIRE;IRS - 72FO - RUE MARCEL DASSAULT/BPE POP TISCALI-1;;;SFR_COLL;DSP_MAJ_IRISE;;;OR21;OR1;OR21;CST;MCO;OK;24/06/2008;24/06/2008;C;OPT;C;TR;RF16;72;70;2;6;;4;219,1441;;;24/06/2008;;;;
7560883;TERRITOIRE;IRS - 144 FO - N-1 MAIRIE VILLENEUVE LE ROI/FT 113 - 3 RUE DE LA MAIRIE (VILLENEUVE LE ROI);;;SFR_COLL;DSP_MAJ_IRISE;;;OR21;OR1;OR21;CST;MCO;OK;02/12/2013;02/12/2013;C;OPT;C;LH;RF22;144;131;13;12;;4;372,7646;;;02/12/2013;;;;
4629897;TERRITOIRE;IRS - 48FO FAGH (D49)/FFF_123_LGTS (D50);;;SFR_COLL;DSP_MAJ_IRISE;;;OR21;OR1;OR21;CST;MCO;OK;21/07/2009;21/07/2009;C;OPT;C;TR;RF19;48;44;4;4;;4;120,2434;;;21/07/2009;;;;
4605625;HORS TERRITOIRE;IRS - 72FO - PK 24 950 / RUE NEWTON;;;SFR_COLL;DSP_MAJ_IRISE;;;OR21;OR1;OR21;CST;MCO;OK;31/08/2004;31/08/2004;C;OPT;C;TR;RF23;72;51;21;6;;145;2395,4618;;;31/08/2004;;;;
6324049;HORS TERRITOIRE;IRS - 12FO - POP FTTS OSNY CENTRE/N-1 POP FTTS OSNY CENTRE - AA;;;SFR_COLL;DSP_MAJ_IRISE;;;OR21;OR1;OR21;CST;MCO;OK;03/05/2013;03/05/2013;C;OPT;C;DI;RF45;12;12;0;2;;4;19,8782;;;03/05/2013;;;;
4634041;TERRITOIRE;IRS-24FO-RUE DE LA BOULANGERIE/MEDIATHEQUE DE SAINT-DENIS - AA;;;SFR_COLL;DSP_MAJ_IRISE;;;OR21;OR1;OR21;CST;MCO;OK;14/04/2010;14/04/2010;C;OPT;C;DI;RF15;24;22;2;4;;4;38,5905;;;14/04/2010;;;;
4608504;TERRITOIRE;BPE IMMEUBLE IENA/IENA;;;SFR_COLL;DSP_MAJ_IRISE;;;OR21;OR1;OR21;CST;MCO;OK;17/01/2006;17/01/2006;C;OPT;C;DI;RF14;12;8;4;2;;4;52,8604;;;17/01/2006;;;;
5265169;TERRITOIRE;IRS - 72FO - D30/NEW ADAMOV REPUBLIQUE;;;SFR_COLL;DSP_MAJ_IRISE;;;OR21;OR1;OR21;CST;MCO;OK;19/09/2005;19/09/2005;C;OPT;C;TR;RF16;72;43;29;6;;4;89,6930;;;19/09/2005;;;;
34927780;TERRITOIRE;12FO - IRIS - POP ECOLE BROSOLETTE AUBERVILLIERS / POP HOTEL DE VILLE  D AUBERVILLIERS;;;SFR_COLL;DSP_MAJ_IRISE;;;OR21;OR1;OR21;CST;MCO;OK;14/11/2022;14/11/2022;C;OPT;C;DI;RF27;12;10;2;2;;5;1919,5106;;;14/11/2022;;;;
4595055;TERRITOIRE;IRS - 36FO - N-1/MAIRIE DE PIERREFITTE - AA;;;SFR_COLL;DSP_MAJ_IRISE;;;OR21;OR1;OR21;CST;MCO;OK;02/11/2004;02/11/2004;C;OPT;C;TR;RF42;36;30;6;6;;4;40,6572;;;02/11/2004;;;;
7251410;HORS TERRITOIRE;IRS - 144FO - AV GROS CHENE(ERAGNY) / FT 1436 - AVENUE DU GROS CHENE (ERAGNY);;;SFR_COLL;DSP_MAJ_IRISE;;;OR21;OR1;OR21;CST;MCO;OK;02/09/2013;02/09/2013;C;OPT;C;LH;RF22;144;140;4;12;;4;61,1181;;;02/09/2013;;;;
4635405;TERRITOIRE;IRS - 48FO - POP MINEFI DVNI / IRS-RUE JEAN NICOT -AA;;;SFR_COLL;DSP_MAJ_IRISE;;;OR21;OR1;OR21;CST;MCO;OK;13/07/2010;13/07/2010;C;OPT;C;TR;RF19;48;47;1;4;;4;43,7683;;;13/07/2010;;;;
4609286;TERRITOIRE;IRS - 12FO - MAIRIE SITE A/MATERNELLE RABELAIS MONTROUGE;;;SFR_COLL;DSP_MAJ_IRISE;;;OR21;OR1;OR21;CST;MCO;OK;18/01/2006;18/01/2006;C;OPT;C;DI;RF14;12;10;2;2;;4;90,8348;;;18/01/2006;;;;
4625735;TERRITOIRE;IRS - 12FO N-1 ECOLE MAT CHAPLIN/ECOLE MAT CHAPLIN;;;SFR_COLL;DSP_MAJ_IRISE;;;OR21;OR1;OR21;CST;MCO;OK;31/03/2008;31/03/2008;C;OPT;C;DI;RF38;12;8;4;1;;4;117,2353;;;31/03/2008;;;;
10797929;TERRITOIRE;24 FO - IRS - BI POP MAIRIE / POP MAIRIE De Villeneuve La Garenne - AA;;;SFR_COLL;DSP_MAJ_IRISE;;;OR21;OR1;OR21;CST;MCO;OK;20/01/2017;20/01/2017;C;OPT;C;DI;RF114;24;24;0;2;;4;0,0982;;;20/01/2017;;;;
4631224;TERRITOIRE;IRS - 48FO - 40 RUE DE ST DENIS/36 RUE DE ST DENIS;;;SFR_COLL;DSP_MAJ_IRISE;;;OR21;OR1;OR21;CST;MCO;OK;09/04/2009;09/04/2009;C;OPT;C;TR;RF19;48;38;10;4;;4;131,0531;;;09/04/2009;;;;
7728034;TERRITOIRE;IRS - 144FO - LD -18 RUE FRANCOIS JACOB/AV DU P?‰RC DE L'ILE;;;SFR_COLL;DSP_MAJ_IRISE;;;OR21;OR1;OR21;CST;MCO;OK;21/01/2014;21/01/2014;C;OPT;C;LH;RF22;144;144;0;12;;4;1124,4352;;;21/01/2014;;;;
6737810;TERRITOIRE;IRS - 72FO - ANGLE RUE DE LONGS QUARTIERS/29 RUE DU PROGRES;;;SFR_COLL;DSP_MAJ_IRISE;;;OR21;OR1;OR21;CST;MCO;OK;19/06/2013;19/06/2013;C;OPT;C;TR;RF28;72;71;1;6;;4;473,7673;;;19/06/2013;;;;
7515739;TERRITOIRE;IRS - 144FO -  AV DE FLANDRE - BPE1 / AV DES TROIS MARCHES - BPE1;;;SFR_COLL;DSP_MAJ_IRISE;;;OR21;OR1;OR21;CST;MCO;OK;19/11/2013;19/11/2013;C;OPT;C;LH;RF22;144;142;2;12;;4;783,4234;;;19/11/2013;;;;
4607293;TERRITOIRE;IRS - 263 BD JEAN JAURES/BD JEAN JAURES- STATION BP-2-2;;;SFR_COLL;DSP_MAJ_IRISE;;;OR21;OR1;OR21;CST;MCO;OK;08/12/2009;08/12/2009;C;OPT;C;LH;RF56;144;66;78;12;;4;82,4875;;;08/12/2009;;;;
19786913;TERRITOIRE;IRS - 12 FO - FT 1889 - 1 RUE HENRI WALLON / POP ELEMENTAIRE HENRI WALLON MONTREUIL - AA;;;SFR_COLL;DSP_MAJ_IRISE;;;OR21;OR1;OR21;CST;MCO;OK;20/08/2020;20/08/2020;C;OPT;C;DI;RF27;12;10;2;2;;5;11,7308;;;20/08/2020;;;;
4604957;HORS TERRITOIRE;IRS - 48FO LD - POP TELCITE BOISSY ST LEGER/RUE DE BREVANNES - OPEX 108 BOISSY -;;;SFR_COLL;DSP_MAJ_IRISE;;;OR21;OR1;OR21;CST;MCO;OK;20/08/2004;20/08/2004;C;OPT;C;TR;RF80;48;36;12;8;;4;256,2097;;;20/08/2004;;;;
4608929;HORS TERRITOIRE;IRS 72FO IRS - RUE D'ANJOU (Aulnay)/IRS - N-1 ADD2 MURET;;;SFR_COLL;DSP_MAJ_IRISE;;;OR21;OR1;OR21;CST;MCO;OK;30/10/2007;30/10/2007;C;OPT;C;TR;RF16;72;68;4;6;;4;182,1346;;;30/10/2007;;;;
4632102;TERRITOIRE;IRS - 48FO DERICBOURG (D43)/FERME-ANDRYVON (D81);;;SFR_COLL;DSP_MAJ_IRISE;;;OR21;OR1;OR21;CST;MCO;OK;17/07/2009;17/07/2009;C;OPT;C;TR;RF19;48;40;8;4;;4;66,3697;;;17/07/2009;;;;
4608520;TERRITOIRE;IRS - 24FO - IRS-PLACE VERDUN/N-1 POP ANNEXE DE MAIRIE;;;SFR_COLL;DSP_MAJ_IRISE;;;OR21;OR1;OR21;CST;MCO;OK;01/09/2010;01/09/2010;C;OPT;C;DI;RF15;24;20;4;4;;4;288,7952;;;01/09/2010;;;;
4622129;TERRITOIRE;IRS - 72FO - JULIETTE SAVAR / GALERIE TECHNIQUE CHENNEVRIER;;;SFR_COLL;DSP_MAJ_IRISE;;;OR21;OR1;OR21;CST;MCO;OK;29/06/2011;29/06/2011;C;OPT;C;TR;RF16;72;68;4;6;;4;324,5106;;;29/06/2011;;;;
7404066;TERRITOIRE;IRS - 72FO - LD - AVENUE JEAN JAURES/16 RUE ERNEST RENAN;;;SFR_COLL;DSP_MAJ_IRISE;;;OR21;OR1;OR21;CST;MCO;OK;16/10/2013;16/10/2013;C;OPT;C;TR;RF28;72;71;1;6;;4;191,7359;;;16/10/2013;;;;
37086817;TERRITOIRE;IRS - 12 FO - FT 363 - ALLEE EMILE ZOLA / PRC CAMERA 28 LES PAVILLONS SOUS BOIS;;;SFR_COLL;DSP_MAJ_IRISE;;;OR21;OR1;OR21;CST;MCO;OK;06/03/2023;06/03/2023;C;OPT;C;DI;RF27;12;10;2;2;;5;5,6921;;;06/03/2023;;;;
4639836;TERRITOIRE;IRS - 48FO - POP/N-1 MAIRIE DE PRE ST GERVAIS;;;SFR_COLL;DSP_MAJ_IRISE;;;OR21;OR1;OR21;CST;MCO;OK;25/01/2012;25/01/2012;C;OPT;C;TR;RF19;48;47;1;4;;4;27,7615;;;25/01/2012;;;;
7257811;HORS TERRITOIRE;IRS - 144FO - AVE  DU VERT GALANT / FT 1872 - AVE DES BERTHUNES;;;SFR_COLL;DSP_MAJ_IRISE;;;OR21;OR1;OR21;CST;MCO;OK;03/09/2013;03/09/2013;C;OPT;C;LH;RF22;144;140;4;12;;4;470,8254;;;03/09/2013;;;;
4595982;TERRITOIRE;IRS - 144FO - TCT - PK 1190 PLACE DES POULIES/TCT PK 760;;;SFR_COLL;DSP_MAJ_IRISE;;;OR21;OR1;OR21;CST;MCO;OK;08/12/2003;08/12/2003;C;OPT;C;LH;RF90;144;38;106;12;;5;451,3033;;;08/12/2003;;;;
4615759;TERRITOIRE;IRS - RUE DES CHEMINOTS/POP - IMM CAP LENDIT;;;SFR_COLL;DSP_MAJ_IRISE;;;OR21;OR1;OR21;CST;MCO;OK;25/07/2007;25/07/2007;C;OPT;C;DI;RF14;12;8;4;2;;4;307,5625;;;25/07/2007;;;;
29197861;TERRITOIRE;24FO - IRS - FT1457 - RUE MOLIERE - BPE 1 / FT1449 - AVENUE DU PRESIDENT WILSON - BPE;;;SFR_COLL;DSP_MAJ_IRISE;;;OR21;OR1;OR21;CST;MCO;OK;27/01/2022;27/01/2022;C;OPT;C;DI;RF29;24;22;2;4;;5;619,3721;;;27/01/2022;;;;
4623737;TERRITOIRE;IRS - 24FO - RABOTTAGE MARECHAL MAISON/MEDIATHEQUE EPINAY SUR SEINE;;;SFR_COLL;DSP_MAJ_IRISE;;;OR21;OR1;OR21;CST;MCO;OK;12/07/2010;12/07/2010;C;OPT;C;DI;RF15;24;22;2;4;;4;113,5142;;;12/07/2010;;;;
14840042;TERRITOIRE;IRS - 144 FO - IRS CHB STALINGRAD_CONVENTION / FT1456 - 101 BOULEVARD EDOUARD VAILLLANT;;;SFR_COLL;DSP_MAJ_IRISE;;;OR21;OR1;OR21;CST;MCO;OK;20/05/2019;20/05/2019;C;OPT;C;LH;RF22;144;144;0;12;;4;1805,6684;;;20/05/2019;;;;
4642045;TERRITOIRE;IRS - 12 FO - FTTS PIERREFITTE BUTTE PINSON/BI POP FTTS PIERREFITTE BUTTE PINSON - AA;;;SFR_COLL;DSP_MAJ_IRISE;;;OR21;OR1;OR21;CST;MCO;OK;22/05/2012;22/05/2012;C;OPT;C;DI;RF38;12;8;4;1;;4;10,6301;;;22/05/2012;;;;
4594710;TERRITOIRE;IRS - 184 RUE DU MARECHAL LECLERC/BELBEOCH/JEAN BIGUET;;;SFR_COLL;DSP_MAJ_IRISE;;;OR21;OR1;OR21;CST;MCO;OK;12/04/2002;12/04/2002;C;OPT;C;LH;RF56;144;34;110;12;;4;438,6239;;;12/04/2002;;;;
8057905;TERRITOIRE;BAG - 72FO BPE IRISE / BPE SFR NEW PAVE BLANC (CLAMART);;;SFR_COLL;DSP_MAJ_IRISE;;;OR21;OR1;OR21;CST;MCO;OK;09/04/2014;09/04/2014;C;OPT;C;TR;RF28;72;27;45;6;;4;2,1199;;;09/04/2014;;;;
22206209;TERRITOIRE;IRS - ROUTE DU PAVE BLANC  CLAMART / POP MEDIATHEQUE FRANCOIS MITTERRAND CLAMART;;;SFR_COLL;DSP_MAJ_IRISE;;;OR21;OR1;OR21;CST;MCO;OK;09/02/2021;09/02/2021;C;OPT;C;TR;RF20;48;44;4;8;;5;127,9536;;;09/02/2021;;;;
28669537;TERRITOIRE;IRS - 12FO - BPI - POP BONNEUIL SUR MARNE - FOYER VOELCKEL / POP BONNEUIL SUR MARNE - FOYER VOELCKEL - AA;;;SFR_COLL;DSP_MAJ_IRISE;;;OR21;OR1;OR21;CST;MCO;OK;03/12/2007;03/12/2007;C;OPT;C;DI;RF27;12;12;0;2;;5;15,8573;;;03/12/2007;;;;
4614456;TERRITOIRE;IRS - 48FO - IRS ALLENDE/RUE DU 8 MAI/IRS VERDUN/ALLENDE;;;SFR_COLL;DSP_MAJ_IRISE;;;OR21;OR1;OR21;CST;MCO;OK;27/09/2007;27/09/2007;C;OPT;C;TR;RF19;48;17;31;4;;4;205,1428;;;27/09/2007;;;;
19592034;TERRITOIRE;IRS - 36 FO - AVENUE DU GENERAL DE GAULLE  / IRS - BOULEVARD PIERRE BROSSOLETTE;;;SFR_COLL;DSP_MAJ_IRISE;;;OR21;OR1;OR21;CST;MCO;OK;06/08/2020;06/08/2020;C;OPT;C;TR;RF50;36;34;2;3;;4;1455,2807;;;06/08/2020;;;;
17719486;TERRITOIRE;144 FO - IRS - AV DU PRESIDENT WILSON / RUE DE LA METALLURGIE-PROCESSION;;;SFR_COLL;DSP_MAJ_IRISE;;;OR21;OR1;OR21;CST;MCO;OK;19/07/2006;19/07/2006;C;OPT;C;LH;RF40;144;52;92;12;;4;847,1952;;;19/07/2006;;;;
4610628;TERRITOIRE;IRS - 48FO - 31 AV CHANDON/CHANDON-COUTURIER GENNEVILLIERS;;;SFR_COLL;DSP_MAJ_IRISE;;;OR21;OR1;OR21;CST;MCO;OK;21/04/2006;21/04/2006;C;OPT;C;TR;RF19;48;33;15;4;;4;577,0403;;;21/04/2006;;;;
4597616;TERRITOIRE;IRS - 144FO - VAILLANT COUTURIER MALON/WILSON TENINE;;;SFR_COLL;DSP_MAJ_IRISE;;;OR21;OR1;OR21;CST;MCO;OK;18/10/2004;18/10/2004;C;OPT;C;LH;RF56;144;62;82;12;;4;662,0376;;;18/10/2004;;;;
4621272;TERRITOIRE;IRS - 72FO - BI ENMD/8 AV DE LA RESISTANCE;;;SFR_COLL;DSP_MAJ_IRISE;;;OR21;OR1;OR21;CST;MCO;OK;28/09/2010;28/09/2010;C;OPT;C;TR;RF16;72;69;3;6;;4;32,5834;;;28/09/2010;;;;
4633187;TERRITOIRE;IRS - 144FO - PEREIRE/BD NATIONAL;;;SFR_COLL;DSP_MAJ_IRISE;;;OR21;OR1;OR21;CST;MCO;OK;15/09/2009;15/09/2009;C;OPT;C;LH;RF40;144;134;10;12;;4;371,6793;;;15/09/2009;;;;
4603281;TERRITOIRE;IRS - 144FO - RUE DE LA MOTTE-RUE DES PRESLES/RUE KARMAN (D619AUB0004);;;SFR_COLL;DSP_MAJ_IRISE;;;OR21;OR1;OR21;CST;MCO;OK;04/07/2002;04/07/2002;C;OPT;C;LH;RF40;144;87;57;12;;4;1275,9842;;;04/07/2002;;;;
28072737;TERRITOIRE;IRS - 144 FO - JOLIOT_CURIE / ARAGO CURIE BPE 2;;;SFR_COLL;DSP_MAJ_IRISE;;;OR21;OR1;OR21;CST;MCO;OK;08/12/2021;08/12/2021;C;OPT;C;LH;RF22;144;140;4;12;;4;344,4216;;;08/12/2021;;;;
36852900;TERRITOIRE;12FO - RUE MARCELLIN BERTHELOT  / POP ECOLE ANGELA DAVIS LA COURNEUVE - AA;;;SFR_COLL;DSP_MAJ_IRISE;;;OR21;OR1;OR21;CST;MCO;OK;21/02/2023;21/02/2023;C;OPT;C;DI;RF27;12;10;2;2;;5;13,2316;;;21/02/2023;;;;
29433377;TERRITOIRE;IRS - 12FO - 68-70 RUE MAURICE ARNOUX MONTROUGE / POP N010 CHAMBRE IRISE MONTROUGE - AA;;;SFR_COLL;DSP_MAJ_IRISE;;;OR21;OR1;OR21;CST;MCO;OK;08/02/2022;08/02/2022;C;OPT;C;DI;RF27;12;10;2;2;;5;404,4714;;;08/02/2022;;;;
4612494;TERRITOIRE;IRS 24FO AP-HP - HOPITAL LOUIS MOURIER (XXXX)/IRS - N-1 ADD2 MOURIER (BA);;;SFR_COLL;DSP_MAJ_IRISE;;;OR21;OR1;OR21;CST;MCO;OK;05/11/2007;05/11/2007;C;OPT;C;DI;RF15;24;20;4;4;;4;183,8160;;;05/11/2007;;;;
4640005;TERRITOIRE;IRS - 36FO - 52 RUE ALBERT THOMAS/N-1 POP FTTS CHAMPIGNY;;;SFR_COLL;DSP_MAJ_IRISE;;;OR21;OR1;OR21;CST;MCO;OK;15/02/2012;15/02/2012;C;OPT;C;TR;RF42;36;32;4;6;;4;798,2197;;;15/02/2012;;;;
4605070;TERRITOIRE;IRS - 72FO - 122 AV DE PARIS/GARAGE CITROEN;;;SFR_COLL;DSP_MAJ_IRISE;;;OR21;OR1;OR21;CST;MCO;OK;27/11/2002;27/11/2002;C;OPT;C;TR;RF16;72;35;37;6;;4;474,0252;;;27/11/2002;;;;
4611753;TERRITOIRE;IRS - MAIRIE DE PANTIN/CARNOT-LECLERC - AB 001 - 012;;;SFR_COLL;DSP_MAJ_IRISE;;;OR21;OR1;OR21;CST;MCO;OK;16/11/2006;16/11/2006;C;OPT;C;DI;RF45;12;10;2;2;;4;75,9734;;;16/11/2006;;;;
4607751;TERRITOIRE;IRS - CONSERVATOIRE/GROUPE SCOLAIRE F LEMAITRE;;;SFR_COLL;DSP_MAJ_IRISE;;;OR21;OR1;OR21;CST;MCO;OK;21/03/2005;21/03/2005;C;OPT;C;DI;RF14;12;8;4;2;;4;71,2529;;;21/03/2005;;;;
4601308;TERRITOIRE;IRS - 288FO ADD1 POP BOULOGNE 2/IRS 231 BD JAURES (IA);;;SFR_COLL;DSP_MAJ_IRISE;;;OR21;OR1;OR21;CST;MCO;OK;12/09/2007;12/09/2007;C;OPT;C;LH;RF51;288;176;112;24;;102;422,1902;;;12/09/2007;;;;
17389477;TERRITOIRE;IRS - FT 709 - 2 ALLEE DE L'ESPERANCE / FT 82 - RUE LOUIS GIRARD x RUE JULES GUESDE;;;SFR_COLL;DSP_MAJ_IRISE;;;OR21;OR1;OR21;CST;MCO;OK;13/02/2020;13/02/2020;C;OPT;C;LH;RF22;144;144;0;12;;4;567,6901;;;13/02/2020;;;;
15565811;TERRITOIRE;IRS - 144 FO - FT582 - 115 BOULEVARD JEAN JAURES / FT873 - 62 BOULEVARD JEAN JAURES;;;SFR_COLL;DSP_MAJ_IRISE;;;OR21;OR1;OR21;CST;MCO;OK;14/08/2019;14/08/2019;C;OPT;C;LH;RF22;144;143;1;12;;4;312,8495;;;14/08/2019;;;;
4594602;TERRITOIRE;IRS - PK12430 /  29 RUE ANATOLE FRANCE;;;SFR_COLL;DSP_MAJ_IRISE;;;OR21;OR1;OR21;CST;MCO;OK;25/08/2004;25/08/2004;C;OPT;C;LH;RF21;144;62;82;12;;145;82,1778;;;25/08/2004;;;;
7835139;TERRITOIRE;IRS - 144 FO - IRS - CENTRE GEOTHERMIQUE_HAY_LES_ROSES (C02)/IRS - CENTRE GEOTHERMIQUE_HAY_LES_ROSES 3;;;SFR_COLL;DSP_MAJ_IRISE;;;OR21;OR1;OR21;CST;MCO;OK;18/02/2014;18/02/2014;C;OPT;C;LH;RF22;144;140;4;12;;4;28,9726;;;18/02/2014;;;;
4614075;TERRITOIRE;IRS - 72FO - 2 AVENUE VICTOR HUGO (VANVES)/APHP CORENTIN CELTON - AB;;;SFR_COLL;DSP_MAJ_IRISE;;;OR21;OR1;OR21;CST;MCO;OK;25/10/2007;25/10/2007;C;OPT;C;TR;RF16;72;68;4;6;;4;1101,1932;;;25/10/2007;;;;
4600026;TERRITOIRE;IRS - 48FO BAGUETTE IRISE - LIVRAISON RUE ANATOLE FRANCE-MICHELET;;;SFR_COLL;DSP_MAJ_IRISE;;;OR21;OR1;OR21;CST;MCO;OK;26/04/2005;26/04/2005;C;OPT;C;TR;RF19;48;40;8;4;;4;93,7427;;;26/04/2005;;;;
17389474;TERRITOIRE;IRS - FT 619 - 51 RUE PAUL VAILLANT COUTURIER / FT 650 - 27 RUE HOCHE;;;SFR_COLL;DSP_MAJ_IRISE;;;OR21;OR1;OR21;CST;MCO;OK;13/02/2020;13/02/2020;C;OPT;C;LH;RF22;144;144;0;12;;4;607,4024;;;13/02/2020;;;;
24002339;TERRITOIRE;IRS - 24 FO -IRS - PERI/CHAMPEAUD (MONTROUGE) - BPE 1/POP MONTROUGE CENTRE MEDICO SOCIAL (CMS);;;SFR_COLL;DSP_MAJ_IRISE;;;OR21;OR1;OR21;CST;MCO;OK;04/06/2021;04/06/2021;C;OPT;C;DI;RF29;24;22;2;4;;5;324,2826;;;04/06/2021;;;;
34299635;TERRITOIRE;IRS - 36 FO - 11 QUAI DES CARRIERES / FT 127 - 20 AV DE VERDUN SAINT MAURICE;;;SFR_COLL;DSP_MAJ_IRISE;;;OR21;OR1;OR21;CST;MCO;OK;07/10/2022;07/10/2022;C;OPT;C;TR;RF50;36;36;0;3;;4;971,0223;;;07/10/2022;;;;
4594979;TERRITOIRE;IRS - 24FO - MAIRIE DE BEZONS/RUE DE LA MAIRIE - BEZONS - AA;;;SFR_COLL;DSP_MAJ_IRISE;;;OR21;OR1;OR21;CST;MCO;OK;10/02/2009;10/02/2009;C;OPT;C;DI;RF15;24;21;3;4;;4;87,5149;;;10/02/2009;;;;
4640092;TERRITOIRE;IRS - 36 FO - LD - 235 RUE DE LA GARENNE/IRS - 50-62 AV FRANCOIS ARAGO;;;SFR_COLL;DSP_MAJ_IRISE;;;OR21;OR1;OR21;CST;MCO;OK;19/12/2011;19/12/2011;C;OPT;C;TR;RF42;36;36;0;6;;4;399,0913;;;19/12/2011;;;;
15246117;TERRITOIRE;IRS - 12FO - ARAGO-COMMUNE/FT1581- 90 AV DE STALINGRAD VILLEJUIF;;;SFR_COLL;DSP_MAJ_IRISE;;;OR21;OR1;OR21;CST;MCO;OK;08/07/2019;08/07/2019;C;OPT;C;DI;RF37;12;10;2;2;;5;672,7490;;;08/07/2019;;;;
4628011;TERRITOIRE;IRS - 72FO - 243 AV.JEAN JAURES/N-1 CAA BOBIGNY;;;SFR_COLL;DSP_MAJ_IRISE;;;OR21;OR1;OR21;CST;MCO;OK;30/10/2008;30/10/2008;C;OPT;C;TR;RF16;72;66;6;6;;4;348,7053;;;30/10/2008;;;;
4609166;TERRITOIRE;IRS-N-1 / MEDIATHEQUE CHEVILLY LARUE;;;SFR_COLL;DSP_MAJ_IRISE;;;OR21;OR1;OR21;CST;MCO;OK;27/06/2006;27/06/2006;C;OPT;C;DI;RF14;12;2;10;2;;4;52,8262;;;27/06/2006;;;;
8073602;TERRITOIRE;IRS - 36 FO  - TD_ISSY LES MOULINEAUX PASSEUR CLI / IRS - BD GARIBALDI (ISSY LES MOULINEAUX) - AB;;;SFR_COLL;DSP_MAJ_IRISE;;;OR21;OR1;OR21;CST;MCO;OK;14/04/2014;14/04/2014;C;OPT;C;TR;RF26;36;36;0;6;;4;77,9281;;;14/04/2014;;;;
4606919;TERRITOIRE;IRS - RUE MAURICE ARNOUX/GARAGE MUNICIPAL MONTROUGE - AA;;;SFR_COLL;DSP_MAJ_IRISE;;;OR21;OR1;OR21;CST;MCO;OK;03/08/2005;03/08/2005;C;OPT;C;DI;RF14;12;0;12;2;;4;26,9581;;;03/08/2005;;;;
34136098;TERRITOIRE;36 FO - IRS - PLACE DE GAULLE-BOBET / IRS - FT 1246 5 AVENUE CHARLES GARCIA;;;SFR_COLL;DSP_MAJ_IRISE;;;OR21;OR1;OR21;CST;MCO;OK;29/09/2022;29/09/2022;C;OPT;C;TR;RF50;36;36;0;3;;4;782,1873;;;29/09/2022;;;;
4611449;TERRITOIRE;IRISE - 144 FO - CAB 1 - GARDINOUX 2 / RUE DES FILLETTES 9T - BPE 2;;;SFR_COLL;DSP_MAJ_IRISE;;;OR21;OR1;OR21;CST;MCO;OK;21/11/2006;21/11/2006;C;OPT;C;LH;RF40;144;56;88;12;;4;493,5209;;;21/11/2006;;;;
4634160;TERRITOIRE;IRS - 72FO - RN2 SANTOS DUMONT / RUE DES FRERES LUMIERES DUGNY;;;SFR_COLL;DSP_MAJ_IRISE;;;OR21;OR1;OR21;CST;MCO;OK;23/12/2009;23/12/2009;C;OPT;C;TR;RF16;72;22;50;6;;4;547,1162;;;23/12/2009;;;;
4609660;TERRITOIRE;IRS - 72FO - ANGLE LAGNY_JOFFRE/ANGLE ST MANDE_VALMY;;;SFR_COLL;DSP_MAJ_IRISE;;;OR21;OR1;OR21;CST;MCO;OK;03/01/2008;03/01/2008;C;OPT;C;TR;RF16;72;59;13;6;;4;369,9724;;;03/01/2008;;;;
4614458;TERRITOIRE;IRS - 72FO - IRS RUE DES EMOULEUSES/IRS ANGLE PASTEUR/MESLY;;;SFR_COLL;DSP_MAJ_IRISE;;;OR21;OR1;OR21;CST;MCO;OK;27/09/2007;27/09/2007;C;OPT;C;TR;RF16;72;43;29;6;;4;592,9074;;;27/09/2007;;;;
4608713;TERRITOIRE;IRS - 36FO - BI 96 AVENUE ARISTIDE BRIAND/N-1 PAVILLONS SOUS BOIS;;;SFR_COLL;DSP_MAJ_IRISE;;;OR21;OR1;OR21;CST;MCO;OK;19/01/2012;19/01/2012;C;OPT;C;TR;RF42;36;32;4;6;;4;3,7107;;;19/01/2012;;;;
10934466;TERRITOIRE;IRS - 36 FO - AV. DES LYS-AV. DES COQUELICOTS/BI 5 AVENUE DES COQUELICOTS;;;SFR_COLL;DSP_MAJ_IRISE;;;OR21;OR1;OR21;CST;MCO;OK;03/07/2013;03/07/2013;C;OPT;C;TR;RF26;36;34;2;6;;4;69,0650;;;03/07/2013;;;;
4629194;TERRITOIRE;IRS - 72FO - 10 AVENUE PARIS / 2 AVENUE DE PARIS;;;SFR_COLL;DSP_MAJ_IRISE;;;OR21;OR1;OR21;CST;MCO;OK;27/01/2009;27/01/2009;C;OPT;C;TR;RF16;72;71;1;6;;4;164,5847;;;27/01/2009;;;;
4602487;TERRITOIRE;IRS - 24FO - IRS - 34 RUE DE CHOISY / CHAMBRE N-1CAA VITRY IRISE;;;SFR_COLL;DSP_MAJ_IRISE;;;OR21;OR1;OR21;CST;MCO;OK;08/08/2002;08/08/2002;C;OPT;C;DI;RF79;24;8;16;4;;5;748,0416;;;08/08/2002;;;;
4614803;TERRITOIRE;IRS-31 RUE THOPHILE SUEUR/CENTRE HORTICOLE MONTREUIL;;;SFR_COLL;DSP_MAJ_IRISE;;;OR21;OR1;OR21;CST;MCO;OK;03/11/2006;03/11/2006;C;OPT;C;DI;RF14;12;8;4;2;;4;274,1524;;;03/11/2006;;;;
21884593;TERRITOIRE;IRS - 144 FO - IRS - 66 QUAI DU MAL JOFFRE / IRS - FT 468 - 1 RUE AVENUE DE LA MARNE;;;SFR_COLL;DSP_MAJ_IRISE;;;OR21;OR1;OR21;CST;MCO;OK;15/01/2021;15/01/2021;C;OPT;C;LH;RF22;144;144;0;12;;4;713,0423;;;15/01/2021;;;;
11061156;TERRITOIRE;IRS - 144FO -LD - BI 50 RUE ARDOIN/ANGLE PLACE DU CAP GLANER_RUE DES DOCKS;;;SFR_COLL;DSP_MAJ_IRISE;;;OR21;OR1;OR21;CST;MCO;OK;06/05/2014;06/05/2014;C;OPT;C;LH;RF22;144;143;1;12;;4;718,8849;;;06/05/2014;;;;
36521059;TERRITOIRE;24 FO - IRS - FT530 - N-1 POLICE MUNICIPALE  / FT486  - BOITE INTERMIDIARE ALLEE MONTHYON D78;;;SFR_COLL;DSP_MAJ_IRISE;;;OR21;OR1;OR21;CST;MCO;OK;03/02/2023;03/02/2023;C;OPT;C;DI;RF31;24;13;11;2;;5;128,2042;;;03/02/2023;;;;
4642625;TERRITOIRE;IRS - 288FO - ANGLE CHARRON/36 RUE KARMAN;;;SFR_COLL;DSP_MAJ_IRISE;;;OR21;OR1;OR21;CST;MCO;OK;09/02/2012;09/02/2012;C;OPT;C;LH;RF77;288;216;72;24;;255;58,0077;;;09/02/2012;;;;
22763937;TERRITOIRE;36 FO - IRS - 11 QUAI DES CARRIERES / FT 7 - ECHANGEUR N??3 (SAINT MAURICE);;;SFR_COLL;DSP_MAJ_IRISE;;;OR21;OR1;OR21;CST;MCO;OK;17/03/2021;17/03/2021;C;OPT;C;TR;RF50;36;36;0;3;;4;166,4583;;;17/03/2021;;;;
32596913;TERRITOIRE;24 FO - POP POLICE MUNICIPALE / POP CENTRE MUNICILPAL DE SANTE;;;SFR_COLL;DSP_MAJ_IRISE;;;OR21;OR1;OR21;CST;MCO;OK;06/07/2022;06/07/2022;C;OPT;C;DI;RF29;24;22;2;4;;5;759,2485;;;06/07/2022;;;;
4614457;TERRITOIRE;IRS - 72FO - IRS COMPAGNONS_LIBERATION (CRETEIL)/IRS RUE DES EMOULEUSES;;;SFR_COLL;DSP_MAJ_IRISE;;;OR21;OR1;OR21;CST;MCO;OK;27/09/2007;27/09/2007;C;OPT;C;TR;RF16;72;47;25;6;;4;1227,5040;;;27/09/2007;;;;
4613114;TERRITOIRE;IRS - 48 FO - 16 AV BARBUSSE / CH IRISE 686 - PLACE MARQUIS-RUE DES ROCHERS CLAMART;;;SFR_COLL;DSP_MAJ_IRISE;;;OR21;OR1;OR21;CST;MCO;OK;16/05/2006;16/05/2006;C;OPT;C;TR;RF113;48;28;20;4;;106;133,0374;;;16/05/2006;;;;
4634253;TERRITOIRE;IRS - 72FO - ANGLE PICASSO-3 MUSICIENS/135 AV PICASSO;;;SFR_COLL;DSP_MAJ_IRISE;;;OR21;OR1;OR21;CST;MCO;OK;04/05/2010;04/05/2010;C;OPT;C;TR;RF16;72;70;2;6;;4;767,2165;;;04/05/2010;;;;
14975074;TERRITOIRE;36 FO - IRS - FT 228 - 34 AVENUE ROGER SALENGRO / AVENUE HENRI BARBUSSE;;;SFR_COLL;DSP_MAJ_IRISE;;;OR21;OR1;OR21;CST;MCO;OK;05/06/2019;05/06/2019;C;OPT;C;TR;RF50;36;36;0;3;;4;619,3480;;;05/06/2019;;;;
28329403;TERRITOIRE;IRS - RD POINT DES 6 ROUTES / POP CENTRE CULTUREL HOUDREMONT LA COURNEUVE;;;SFR_COLL;DSP_MAJ_IRISE;;;OR21;OR1;OR21;CST;MCO;OK;16/12/2021;16/12/2021;C;OPT;C;DI;RF37;12;10;2;2;;5;273,3908;;;16/12/2021;;;;
4613321;TERRITOIRE;IRS - 36FO - COMPAGNONS_LIBERATION/N-1 CNAM CRETEIL;;;SFR_COLL;DSP_MAJ_IRISE;;;OR21;OR1;OR21;CST;MCO;OK;19/11/2007;19/11/2007;C;OPT;C;TR;RF42;36;29;7;6;;4;334,1177;;;19/11/2007;;;;
4597458;TERRITOIRE;IRS - 72FO - RD PT DE L'EUROPE-RUE DE LISBONNE/RD PT DOMUS ROSNY;;;SFR_COLL;DSP_MAJ_IRISE;;;OR21;OR1;OR21;CST;MCO;OK;05/09/2006;05/09/2006;C;OPT;C;TR;RF16;72;57;15;6;;4;920,1886;;;05/09/2006;;;;
4642441;TERRITOIRE;IRS - 36FO - BD MELIES-PASTEUR (MELIES2)/N-1_27 RUE DE REPUBLIQUE (VILLIERS SUR MARNE);;;SFR_COLL;DSP_MAJ_IRISE;;;OR21;OR1;OR21;CST;MCO;OK;09/02/2012;09/02/2012;C;OPT;C;TR;RF42;36;32;4;6;;4;553,0990;;;09/02/2012;;;;
4610860;TERRITOIRE;IRS- RUE DES MEUNIERS-LOUIS PASTEUR/RUE DES BUTTES BAGNEUX;;;SFR_COLL;DSP_MAJ_IRISE;;;OR21;OR1;OR21;CST;MCO;OK;27/01/2006;27/01/2006;C;OPT;C;TR;RF69;48;12;36;4;;4;641,4455;;;27/01/2006;;;;
4638760;TERRITOIRE;IRS - 72FO - N-1 IRS - 79 AVENUE DU MARECHAL DE LATTRE DE TASSIGNY/IRS - DE LATTRE TASSIGNY;;;SFR_COLL;DSP_MAJ_IRISE;;;OR21;OR1;OR21;CST;MCO;OK;27/10/2011;27/10/2011;C;OPT;C;TR;RF16;72;70;2;6;;4;468,9956;;;27/10/2011;;;;
4630289;HORS TERRITOIRE;IRS - 24FO - BI/POP DIRECT ENERGIE ARMAND PARIS - AA;;;SFR_COLL;DSP_MAJ_IRISE;;;OR21;OR1;OR21;CST;MCO;OK;21/01/2009;21/01/2009;C;OPT;C;DI;RF15;24;22;2;4;;4;40,9999;;;21/01/2009;;;;
4598305;HORS TERRITOIRE;IRS - 48FO - N-1 TPS/BI CBS OUTDOOR ISSY;;;SFR_COLL;DSP_MAJ_IRISE;;;OR21;OR1;OR21;CST;MCO;OK;28/10/2008;28/10/2008;C;OPT;C;TR;RF19;48;46;2;4;;4;170,6650;;;28/10/2008;;;;
37794347;TERRITOIRE;IRS - 12FO - RUE DU MONDIAL 1998 / POP SIEGE PLAINE COMMUNE ST DENIS;;;SFR_COLL;DSP_MAJ_IRISE;;;OR21;OR1;OR21;CST;MCO;OK;13/04/2023;13/04/2023;C;OPT;C;DI;RF27;12;10;2;2;;5;268,6909;;;13/04/2023;;;;
4596296;TERRITOIRE;IRS - WILSON-TENINE/MAIRIE DE GENTILLY;;;SFR_COLL;DSP_MAJ_IRISE;;;OR21;OR1;OR21;CST;MCO;OK;20/05/2005;20/05/2005;C;OPT;C;DI;RF38;12;10;2;1;;4;153,3180;;;20/05/2005;;;;
4629851;TERRITOIRE;IRS - 48FO - RUE CAVARE / N-1 ECOLE DU CENTRE;;;SFR_COLL;DSP_MAJ_IRISE;;;OR21;OR1;OR21;CST;MCO;OK;06/01/2009;06/01/2009;C;OPT;C;TR;RF19;48;44;4;4;;4;156,3310;;;06/01/2009;;;;
38688747;TERRITOIRE;IRS - 12FO - FT443 - CH SAT SECURISEE CAM47 / POP CAM47 - AA;;;SFR_COLL;DSP_MAJ_IRISE;;;OR21;OR1;OR21;CST;MCO;OK;31/05/2023;31/05/2023;C;OPT;C;DI;RF130;12;10;2;1;;5;134,4013;;;31/05/2023;;;;
8074693;TERRITOIRE;IRS - 144FO - IRS - QUAI DE STALINGRAD -BPE 1/QUAI STALINGRAD_BD DES ILES;;;SFR_COLL;DSP_MAJ_IRISE;;;OR21;OR1;OR21;CST;MCO;OK;28/10/2008;28/10/2008;C;OPT;C;LH;RF40;144;59;85;12;;4;715,9640;;;28/10/2008;;;;
38148898;TERRITOIRE;IRISE - 12FO - CH SAT SECURISEE CAM09_FT939 / POP CAM09 - AA;;;SFR_COLL;DSP_MAJ_IRISE;;;OR21;OR1;OR21;CST;MCO;OK;05/05/2023;05/05/2023;C;OPT;C;DI;RF130;12;10;2;1;;5;68,3013;;;05/05/2023;;;;
17177012;TERRITOIRE;IRS - 36 FO - FT 277 - 49 RUE ALPHONSE PLUCHET / FT 1034 - 106 AV DE LA REPUBLIQUE CHATILLON;;;SFR_COLL;DSP_MAJ_IRISE;;;OR21;OR1;OR21;CST;MCO;OK;24/01/2020;24/01/2020;C;OPT;C;TR;RF50;36;36;0;3;;4;655,8815;;;24/01/2020;;;;
23302817;HORS TERRITOIRE;IRS - 24 FO - FT 1349 - ANGLE AVENUE DES TOURELLES - AVENUE DU GENERAL JOUBERT / CAMERA C 60 CHAMBRE IRISE (VILLIERS SUR MARNE);;;SFR_COLL;DSP_MAJ_IRISE;;;OR21;OR1;OR21;CST;MCO;OK;26/04/2021;26/04/2021;C;OPT;C;DI;RF29;24;22;2;4;;5;390,4896;;;26/04/2021;;;;
36538658;TERRITOIRE;12 FO - IRS - POP DECHETTERIE LES PAVILLONS SOUS BOIS / N-1 DECHETERIE FT 83;;;SFR_COLL;DSP_MAJ_IRISE;;;OR21;OR1;OR21;CST;MCO;OK;06/02/2023;06/02/2023;C;OPT;C;DI;RF27;12;5;7;2;;5;45,2917;;;06/02/2023;;;;
22216100;TERRITOIRE;IRS - 48 FO - IRS - ROBINSON-GUESDE / FT 1310 - D63 - AVENUE DES 4 CHEMINS (CHATENAY MALABRY);;;SFR_COLL;DSP_MAJ_IRISE;;;OR21;OR1;OR21;CST;MCO;OK;09/02/2021;09/02/2021;C;OPT;C;TR;RF33;48;46;2;4;;5;175,8437;;;09/02/2021;;;;
36726178;TERRITOIRE;IRS - 12 FO - CH SAT SECURISEE CAM22_FT718 / N-1 MONCEAU_FT805;;;SFR_COLL;DSP_MAJ_IRISE;;;OR21;OR1;OR21;CST;MCO;OK;14/02/2023;14/02/2023;C;OPT;C;DI;RF27;12;6;6;2;;5;368,9611;;;14/02/2023;;;;
35496100;TERRITOIRE;IRIS - 12FO - POP CAMERA 37 / POP CENTRE MUNICILPAL DE SANTE;;;SFR_COLL;DSP_MAJ_IRISE;;;OR21;OR1;OR21;CST;MCO;OK;08/12/2022;08/12/2022;C;OPT;C;DI;RF130;12;10;2;1;;5;125,1015;;;08/12/2022;;;;
22457377;TERRITOIRE;IRS - 12FO - FT2588 - 107 AV DU PRESIDENT SALVADOR ALLENDE / POP RELAIS PETITE ENFANCE BOISSIERE MONTREUIL - AA;;;SFR_COLL;DSP_MAJ_IRISE;;;OR21;OR1;OR21;CST;MCO;OK;25/02/2021;25/02/2021;C;OPT;C;DI;RF27;12;10;2;2;;5;224,8588;;;25/02/2021;;;;
16683607;TERRITOIRE;IRS - 144 FO - FT  7 - 36 QUAI BLANQUI / FT 176 - 43 RUE DU 14 JUILLETt - PLACE JEAN JAURES (ALFORTVILLE);;;SFR_COLL;DSP_MAJ_IRISE;;;OR21;OR1;OR21;CST;MCO;OK;04/12/2019;04/12/2019;C;OPT;C;LH;RF22;144;144;0;12;;4;728,9379;;;04/12/2019;;;;
30084577;TERRITOIRE;IRS - 24 FO - FT3107 - 1 PLACE JEAN JAURES (MONTREUIL) BPE 1 / IRS - FT1449 - AVENUE DU PRESIDENT WILSON - BPE 1;;;SFR_COLL;DSP_MAJ_IRISE;;;OR21;OR1;OR21;CST;MCO;OK;10/03/2022;10/03/2022;C;OPT;C;DI;RF29;24;22;2;4;;5;274,9206;;;10/03/2022;;;;
7700115;TERRITOIRE;IRS - 144FO - R CLAUDE BERNARD / FT 746 - 15 RUE HEBERT;;;SFR_COLL;DSP_MAJ_IRISE;;;OR21;OR1;OR21;CST;MCO;OK;14/01/2014;14/01/2014;C;OPT;C;LH;RF22;144;143;1;12;;4;640,0658;;;14/01/2014;;;;
4609709;TERRITOIRE;IRS - 144FO - VERS GAUCHER-DUHAI/33 BIS RUE ST GERMAIN-1;;;SFR_COLL;DSP_MAJ_IRISE;;;OR21;OR1;OR21;CST;MCO;OK;01/02/2011;01/02/2011;C;OPT;C;LH;RF56;144;88;56;12;;4;640,0547;;;01/02/2011;;;;
36892579;TERRITOIRE;IRS - 12FO - N-1 POLICE MUNICIPALE FT530 / CH SAT SECURISEE CAM02_FT566;;;SFR_COLL;DSP_MAJ_IRISE;;;OR21;OR1;OR21;CST;MCO;OK;23/02/2023;23/02/2023;C;OPT;C;DI;RF27;12;6;6;2;;5;181,6678;;;23/02/2023;;;;
4608111;TERRITOIRE;IRS -144FO - PHILIBERT HOFFMAN_FRERES LUMIERE/RUE GARDEBLED PERI;;;SFR_COLL;DSP_MAJ_IRISE;;;OR21;OR1;OR21;CST;MCO;OK;20/05/2005;20/05/2005;C;OPT;C;LH;RF56;144;77;67;12;;4;570,5599;;;20/05/2005;;;;
27217383;TERRITOIRE;RUE DE PARIS/RUE DE BELLEVUE;;;SFR_COLL;DSP_MAJ_IRISE;;;OR21;OR1;OR21;CST;MCO;OK;18/03/2013;18/03/2013;C;OPT;C;LH;RF22;144;140;4;12;;4;77,5518;;;18/03/2013;;;;
18027237;TERRITOIRE;IRS - 36 FO - FT  301 - 10 PLACE CYRANO DE BERGERACI / IRS - FT 1352 - 15 RUE PAUL LANGEVIN;;;SFR_COLL;DSP_MAJ_IRISE;;;OR21;OR1;OR21;CST;MCO;OK;10/04/2020;10/04/2020;C;OPT;C;TR;RF50;36;36;0;3;;4;1222,3777;;;10/04/2020;;;;
18649026;TERRITOIRE;36 FO - IRS - FT 1332 - 17 RUE SAINT_MEDERIC / IRS - FT 556 - 35 AVENUE GUICHARD;;;SFR_COLL;DSP_MAJ_IRISE;;;OR21;OR1;OR21;CST;MCO;OK;03/06/2020;03/06/2020;C;OPT;C;TR;RF50;36;36;0;6;;4;2599,9649;;;03/06/2020;;;;
4594316;TERRITOIRE;IRS - 48FO - 16 RUE DEMENITROUX/N-1 CAA CRETEIL;;;SFR_COLL;DSP_MAJ_IRISE;;;OR21;OR1;OR21;CST;MCO;OK;30/01/2001;30/01/2001;C;OPT;C;TR;RF19;48;10;38;4;;4;1339,3142;;;30/01/2001;;;;
30301539;HORS TERRITOIRE;IRS - 36 FO - FT 238 - 63 RUE DE L EGALITE / FT 536 - 57 RUE D EREVAN;;;SFR_COLL;DSP_MAJ_IRISE;;;OR21;OR1;OR21;CST;MCO;OK;22/03/2022;22/03/2022;C;OPT;C;TR;RF50;36;36;0;3;;4;301,6420;;;22/03/2022;;;;
4611791;TERRITOIRE;36FO - IRS ARON-BEAUSEJOUR/BI POP PTC BOURG LA REINE;;;SFR_COLL;DSP_MAJ_IRISE;;;OR21;OR1;OR21;CST;MCO;OK;19/10/2011;19/10/2011;C;OPT;C;TR;RF112;36;32;4;3;;4;113,3557;;;19/10/2011;;;;
22634337;TERRITOIRE;IRS - 24 FO - FT2074 - 14 AV DU PRESIDENT SALVADOR ALLENDE / FT2457 - 205 RUE DE ROSNY;;;SFR_COLL;DSP_MAJ_IRISE;;;OR21;OR1;OR21;CST;MCO;OK;09/03/2021;09/03/2021;C;OPT;C;DI;RF29;24;22;2;4;;5;448,6075;;;09/03/2021;;;;
22661217;TERRITOIRE;IRS - 12FO - FT 2577 - 20 RUE DES HAIES FLEURIES / FT2197 - 13 RUE ANTOINETTE;;;SFR_COLL;DSP_MAJ_IRISE;;;OR21;OR1;OR21;CST;MCO;OK;11/03/2021;11/03/2021;C;OPT;C;DI;RF27;12;6;6;2;;5;137,5514;;;11/03/2021;;;;
28231474;TERRITOIRE;IRS - 36 FO - WILSON-MITTERRAND / FT 1222 - 281 AV. DU PRESIDENT WILSON;;;SFR_COLL;DSP_MAJ_IRISE;;;OR21;OR1;OR21;CST;MCO;OK;14/12/2021;14/12/2021;C;OPT;C;TR;RF50;36;36;0;3;;4;434,3617;;;14/12/2021;;;;
4642558;TERRITOIRE;IRS - 12FO - BI /POP FTTS CHOISY LE ROI GARE - AA;;;SFR_COLL;DSP_MAJ_IRISE;;;OR21;OR1;OR21;CST;MCO;OK;09/05/2012;09/05/2012;C;OPT;C;DI;RF38;12;8;4;1;;4;4,0024;;;09/05/2012;;;;
4599208;TERRITOIRE;IRS - RUE DE LA MOTTE - BPE2/POP AUBER BELGACOM SALLE TRANS - AC;;;SFR_COLL;DSP_MAJ_IRISE;;;OR21;OR1;OR21;CST;MCO;OK;05/07/2002;05/07/2002;C;OPT;C;LH;RF40;144;130;14;12;;4;303,4700;;;05/07/2002;;;;
4607378;TERRITOIRE;IRS - N-1 MAIRIE FONTENAY/RUE DES PIERRELAIS;;;SFR_COLL;DSP_MAJ_IRISE;;;OR21;OR1;OR21;CST;MCO;OK;03/09/2009;03/09/2009;C;OPT;C;TR;RF16;72;52;20;6;;4;983,7391;;;03/09/2009;;;;
28608757;TERRITOIRE;IRS 24 FO - FT2570 - 107 RUE DES ROCHES (MONTREUIL) - BPE 1 / FT2122 - RUE SAINT DENIS (MONTREUIL) - BPE 1;;;SFR_COLL;DSP_MAJ_IRISE;;;OR21;OR1;OR21;CST;MCO;OK;28/12/2021;28/12/2021;C;OPT;C;DI;RF29;24;22;2;4;;5;455,3605;;;28/12/2021;;;;
24366178;TERRITOIRE;12FO - IRS -  FT163 - 44 RUE DU 8 MAI 1945 (PIERREFITTE-SUR-SEINE) - BPE 1 /POP GS ANATOLE France;;;SFR_COLL;DSP_MAJ_IRISE;;;OR21;OR1;OR21;CST;MCO;OK;24/06/2021;24/06/2021;C;OPT;C;DI;RF27;12;10;2;2;;5;559,8550;;;24/06/2021;;;;
4629634;TERRITOIRE;144 FO - IRS - 52 ROUTE DES FUSILLES DE LA RESISTANCE / IRS - 74 AVENUE FRANKLIN ROOSEVELT;;;SFR_COLL;DSP_MAJ_IRISE;;;OR21;OR1;OR21;CST;MCO;OK;26/03/2009;26/03/2009;C;OPT;C;LH;RF40;144;133;11;12;;4;1127,5449;;;26/03/2009;;;;
4602828;TERRITOIRE;IRS - 144FO - RUE J CURIE- AV DE LA DIVISION LECLERC/JEAN ALLEMAND VILLETANEUSE;;;SFR_COLL;DSP_MAJ_IRISE;;;OR21;OR1;OR21;CST;MCO;OK;15/09/2004;15/09/2004;C;OPT;C;LH;RF40;144;136;8;12;;4;230,8672;;;15/09/2004;;;;
4604393;TERRITOIRE;IRS -11 BOULEVARD DE REPUBLIQUE / POP CANAL LUNIERE;;;SFR_COLL;DSP_MAJ_IRISE;;;OR21;OR1;OR21;CST;MCO;OK;03/07/2004;03/07/2004;C;OPT;C;TR;RF26;36;35;1;6;;4;51,4962;;;03/07/2004;;;;
4603038;TERRITOIRE;IRS - 48FO N-1 POP SHELL NANTERRE/IRS - RUE JULES QUENTIN NANTERRE;;;SFR_COLL;DSP_MAJ_IRISE;;;OR21;OR1;OR21;CST;MCO;OK;28/04/2010;28/04/2010;C;OPT;C;TR;RF19;48;46;2;4;;4;319,8214;;;28/04/2010;;;;
4632641;TERRITOIRE;IRS - 144FO - PAPIN MOLIERE / 6 PLACE LEON GAMBETTA;;;SFR_COLL;DSP_MAJ_IRISE;;;OR21;OR1;OR21;CST;MCO;OK;30/06/2009;30/06/2009;C;OPT;C;LH;RF56;144;42;102;12;;4;480,7652;;;30/06/2009;;;;
4642227;TERRITOIRE;IRS - 144FO - ANGLE BAILLY PONS/RUE A ET ML ROURE;;;SFR_COLL;DSP_MAJ_IRISE;;;OR21;OR1;OR21;CST;MCO;OK;24/04/2012;24/04/2012;C;OPT;C;LH;RF40;144;119;25;12;;4;454,1705;;;24/04/2012;;;;
36843302;TERRITOIRE;IRS - 12FO - CH SAT SECURISEE CAM48_FT613 / CH SAT SECURISEE CAM35_FT680;;;SFR_COLL;DSP_MAJ_IRISE;;;OR21;OR1;OR21;CST;MCO;OK;21/02/2023;21/02/2023;C;OPT;C;DI;RF27;12;10;2;2;;5;324,5461;;;21/02/2023;;;;
36823782;TERRITOIRE;IRS - 24FO - POP MAIRIE DES PAVILLONS-SOUS-BOIS / N-1 MAIRIE BPE01_FT684 - AA;;;SFR_COLL;DSP_MAJ_IRISE;;;OR21;OR1;OR21;CST;MCO;OK;20/02/2023;20/02/2023;C;OPT;C;DI;RF29;24;20;4;4;;5;81,5187;;;20/02/2023;;;;
36533863;TERRITOIRE;24 FO - N-1 PETITS VOYAGEUR_FT1094 / POP CRECHE LES PETITS VOYAGEURS - AA;;;SFR_COLL;DSP_MAJ_IRISE;;;OR21;OR1;OR21;CST;MCO;OK;06/02/2023;06/02/2023;C;OPT;C;DI;RF29;24;10;14;4;;5;58,3041;;;06/02/2023;;;;
36870179;TERRITOIRE;IRS - 12FO - POP CAMERA 19 / CH SAT SECURISEE CAM19_FT984 - AA;;;SFR_COLL;DSP_MAJ_IRISE;;;OR21;OR1;OR21;CST;MCO;OK;22/02/2023;22/02/2023;C;OPT;C;DI;RF27;12;10;2;2;;5;6,8504;;;22/02/2023;;;;
36824417;TERRITOIRE;12 FO -  POP CAMERA 10 / FT491 - CH SAT SECURISEE CAM10 - AA;;;SFR_COLL;DSP_MAJ_IRISE;;;OR21;OR1;OR21;CST;MCO;OK;20/02/2023;20/02/2023;C;OPT;C;DI;RF130;12;10;2;1;;5;9,3694;;;20/02/2023;;;;
4598217;TERRITOIRE;IRS - 32 RUE GABRIEL PERI  MONTROUGE/MAIRIE DE MONTROUGE;;;SFR_COLL;DSP_MAJ_IRISE;;;OR21;OR1;OR21;CST;MCO;OK;27/04/2005;27/04/2005;C;OPT;C;DI;RF38;12;11;1;1;;4;91,4374;;;27/04/2005;;;;
4614883;TERRITOIRE;144 FO - IRISE - BAG 2 - ANGLE GARDINOUX-HUGO - BPE 1 / 23 RUE DES GARDINOUX - BPE 2;;;SFR_COLL;DSP_MAJ_IRISE;;;OR21;OR1;OR21;CST;MCO;OK;11/06/2007;11/06/2007;C;OPT;C;LH;RF40;144;121;23;12;;4;416,2485;;;11/06/2007;;;;
4610871;TERRITOIRE;IRS - 72FO - 94 BD DE LA SEINE/57 BOULEVARD DE LA SEINE NANTERRE;;;SFR_COLL;DSP_MAJ_IRISE;;;OR21;OR1;OR21;CST;MCO;OK;31/01/2006;31/01/2006;C;OPT;C;TR;RF16;72;27;45;6;;4;193,8692;;;31/01/2006;;;;
4628581;TERRITOIRE;IRS - 24 FO LD - BI MAIRIE DE NANTERRE ADD2/MAIRIE DE NANTERRE;;;SFR_COLL;DSP_MAJ_IRISE;;;OR21;OR1;OR21;CST;MCO;OK;02/02/2012;02/02/2012;C;OPT;C;DI;RF15;24;19;5;4;;4;32,4994;;;02/02/2012;;;;
16584039;TERRITOIRE;IRS - 24FO - FT 9 - PLACE CARNOT / FT 59 - AVENUE DU GENERAL LECLERC;;;SFR_COLL;DSP_MAJ_IRISE;;;OR21;OR1;OR21;CST;MCO;OK;26/11/2019;26/11/2019;C;OPT;C;DI;RF29;24;22;2;4;;5;271,0079;;;26/11/2019;;;;
4603263;HORS TERRITOIRE;IRS - 48FO - SORTIE RFF RUE NEWTON/VERS N-1 MITRY B;;;SFR_COLL;DSP_MAJ_IRISE;;;OR21;OR1;OR21;CST;MCO;OK;14/10/2004;14/10/2004;C;OPT;C;TR;RF80;48;36;12;8;;4;341,1164;;;14/10/2004;;;;
5059732;TERRITOIRE;IRS - 144FO ANGLE RUE DES NOYERS ( IRS RUE SAINT DENIS M12) /ANGLE KARMAN-CHARRON;;;SFR_COLL;DSP_MAJ_IRISE;;;OR21;OR1;OR21;CST;MCO;OK;09/02/2012;09/02/2012;C;OPT;C;LH;RF40;144;130;14;12;;4;707,0472;;;09/02/2012;;;;
20743456;TERRITOIRE;IRS - 36 FO - IRS - INTERSECTION CHALAIS/HAMEAU / FT 29 - RUE DE L ANCIENNE ECOLE;;;SFR_COLL;DSP_MAJ_IRISE;;;OR21;OR1;OR21;CST;MCO;OK;23/10/2020;23/10/2020;C;OPT;C;TR;RF50;36;36;0;3;;4;1532,3955;;;23/10/2020;;;;
4622128;TERRITOIRE;IRS - 72FO - RUE JULIETTE SAVAR;;;SFR_COLL;DSP_MAJ_IRISE;;;OR21;OR1;OR21;CST;MCO;OK;29/06/2011;29/06/2011;C;OPT;C;TR;RF16;72;68;4;6;;4;187,4413;;;29/06/2011;;;;
24552738;TERRITOIRE;IRS - 12 FO - AVENUE VICTOR HUGO - BPE FT 01 / 1 AVENUE DE STALINGRAD - BPE FT 609;;;SFR_COLL;DSP_MAJ_IRISE;;;OR21;OR1;OR21;CST;MCO;OK;02/07/2021;02/07/2021;C;OPT;C;DI;RF27;12;10;2;2;;5;303,8812;;;02/07/2021;;;;
28552417;TERRITOIRE;IRS - 12FO  - FT2570 - 107 RUE DES ROCHES (MONTREUIL) - BPE 1 / POP CENTRE DE LOISIRS JULES VERNE MONTREUIL - AA;;;SFR_COLL;DSP_MAJ_IRISE;;;OR21;OR1;OR21;CST;MCO;OK;24/12/2021;24/12/2021;C;OPT;C;DI;RF27;12;8;4;2;;5;106,0262;;;24/12/2021;;;;
4611164;TERRITOIRE;IRS - 12FO - MAIRIE DE BAGNEUX/57 AV HENRI RAVERA;;;SFR_COLL;DSP_MAJ_IRISE;;;OR21;OR1;OR21;CST;MCO;OK;19/02/2007;19/02/2007;C;OPT;C;DI;RF14;12;1;11;2;;4;17,4908;;;19/02/2007;;;;
4614891;TERRITOIRE;IRS-N-1/POP TI VITRY;;;SFR_COLL;DSP_MAJ_IRISE;;;OR21;OR1;OR21;CST;MCO;OK;12/06/2007;12/06/2007;C;OPT;C;TR;RF16;72;64;8;6;;4;54,3870;;;12/06/2007;;;;
33012289;TERRITOIRE;36 FO - IRISE - 98 RUE SADI CARNOT / FT 539 - 26 RUE DU GOULET;;;SFR_COLL;DSP_MAJ_IRISE;;;OR21;OR1;OR21;CST;MCO;OK;01/08/2022;01/08/2022;C;OPT;C;TR;RF50;36;36;0;3;;4;697,3403;;;01/08/2022;;;;
4597999;TERRITOIRE;IRS - 72FO - 110 GENERAL LECLERC / AVENUE LECLERC ADDUCTION TELEMARKET;;;SFR_COLL;DSP_MAJ_IRISE;;;OR21;OR1;OR21;CST;MCO;OK;13/11/2008;13/11/2008;C;OPT;C;TR;RF16;72;70;2;6;;4;708,7998;;;13/11/2008;;;;
22606833;TERRITOIRE;IRS - 24FO - FT2587 - 142 RUE EDOUARD BRANLY / FT2568 - 18 RUE JULES VERNE;;;SFR_COLL;DSP_MAJ_IRISE;;;OR21;OR1;OR21;CST;MCO;OK;08/03/2021;08/03/2021;C;OPT;C;DI;RF29;24;22;2;4;;5;471,6497;;;08/03/2021;;;;
45605222;TERRITOIRE;IRISE - 12FO - CH SAT CAM C64  / POP C64 LES PAVILLONS SOUS BOIS - AA;;;SFR_COLL;DSP_MAJ_IRISE;;;OR21;OR1;OR21;CST;MCO;OK;03/07/2024;03/07/2024;C;OPT;C;DI;RF125;12;10;2;2;;5;7,4584;;;03/07/2024;;;;
14840039;TERRITOIRE;IRS - 144 FO - FT 1321 - 11 RUE DE l'ABEILLE / FT 1036 - 5 RUE HEMET;;;SFR_COLL;DSP_MAJ_IRISE;;;OR21;OR1;OR21;CST;MCO;OK;20/05/2019;20/05/2019;C;OPT;C;LH;RF22;144;144;0;12;;4;478,6917;;;20/05/2019;;;;
4606918;TERRITOIRE;IRS - RUE DES PIERRELAIS/CHATILLON N?1 PT;;;SFR_COLL;DSP_MAJ_IRISE;;;OR21;OR1;OR21;CST;MCO;OK;03/08/2005;03/08/2005;C;OPT;C;TR;RF136;36;12;24;3;;5;22,3474;;;03/08/2005;;;;
4601702;TERRITOIRE;IRS - 72FO - 21 AV. PAUL VAILLANT COUTURIER/ALLEE D AULNAY (LE BLANC MESNIL);;;SFR_COLL;DSP_MAJ_IRISE;;;OR21;OR1;OR21;CST;MCO;OK;28/05/2004;28/05/2004;C;OPT;C;TR;RF16;72;23;49;6;;4;639,2850;;;28/05/2004;;;;
29239777;TERRITOIRE;IRS - 12FO - FT1449 - AVENUE DU PRESIDENT WILSON - BPE 1 / POP ANNEXE PICASSO PRE MONTREUIL - AA;;;SFR_COLL;DSP_MAJ_IRISE;;;OR21;OR1;OR21;CST;MCO;OK;28/01/2022;28/01/2022;C;OPT;C;DI;RF27;12;8;4;2;;5;74,8824;;;28/01/2022;;;;
22496117;TERRITOIRE;IRS - 24FO - FT2629 - 187 RUE EDOUARD BRANLY / FT3406 - 1 PLACE LUCY PERSONS;;;SFR_COLL;DSP_MAJ_IRISE;;;OR21;OR1;OR21;CST;MCO;OK;01/03/2021;01/03/2021;C;OPT;C;DI;RF29;24;20;4;4;;5;673,3307;;;01/03/2021;;;;
36766499;TERRITOIRE;12 FO - CH SAT SECURISEE CAM21_FT875 / POP CAM21 LES PAVILLONS SOUS BOIS - AA;;;SFR_COLL;DSP_MAJ_IRISE;;;OR21;OR1;OR21;CST;MCO;OK;16/02/2023;16/02/2023;C;OPT;C;DI;RF27;12;10;2;2;;5;25,6296;;;16/02/2023;;;;
14870114;TERRITOIRE;IRS - FT 718 - 29 AVENUE JEAN MOULIN (BONDY) / IRS - ANGLE 20 AVENUE MARX DORMOY ET 33 RUE FONTAINE;;;SFR_COLL;DSP_MAJ_IRISE;;;OR21;OR1;OR21;CST;MCO;OK;22/05/2019;22/05/2019;C;OPT;C;TR;RF50;36;36;0;3;;4;816,7030;;;22/05/2019;;;;
24884578;TERRITOIRE;IRS - 24FO - FT1480 - RUE GASTON LAURIAU / FT1496 - RUE GASTON LAURIAU;;;SFR_COLL;DSP_MAJ_IRISE;;;OR21;OR1;OR21;CST;MCO;OK;23/07/2021;23/07/2021;C;OPT;C;DI;RF29;24;20;4;4;;5;435,6107;;;23/07/2021;;;;
4640515;TERRITOIRE;IRS-72FO- DOLET GUEROUX/DOLET POTIER;;;SFR_COLL;DSP_MAJ_IRISE;;;OR21;OR1;OR21;CST;MCO;OK;24/02/2012;24/02/2012;C;OPT;C;TR;RF23;72;39;33;6;;145;174,9917;;;24/02/2012;;;;
17201651;TERRITOIRE;IRS - 144 FO -  FT502 - 106 AVENUE VICTOR HUGO /  FT448 - 8 RUE JEAN JAURES;;;SFR_COLL;DSP_MAJ_IRISE;;;OR21;OR1;OR21;CST;MCO;OK;28/01/2020;28/01/2020;C;OPT;C;LH;RF22;144;144;0;12;;4;465,7507;;;28/01/2020;;;;
16701483;TERRITOIRE;IRS - 144 FO - FT231 - 2 AV MENELOTTE / FT775 - 58 RUE DES ECOLES;;;SFR_COLL;DSP_MAJ_IRISE;;;OR21;OR1;OR21;CST;MCO;OK;06/12/2019;06/12/2019;C;OPT;C;LH;RF22;144;144;0;12;;4;837,7926;;;06/12/2019;;;;
4612489;TERRITOIRE;IRS - 24FO - AP-HP - HOPITAL BEAUJON CLICHY (XXXX)/IRS - N-1 ADD2 BEAUJON (BA);;;SFR_COLL;DSP_MAJ_IRISE;;;OR21;OR1;OR21;CST;MCO;OK;05/11/2007;05/11/2007;C;OPT;C;DI;RF15;24;18;6;4;;4;182,7782;;;05/11/2007;;;;
16703409;TERRITOIRE;IRS - 144 FO - FT226 - 90 AVENUE DE VERDUN /  FT426 - 87 RUE DES CERISIERS;;;SFR_COLL;DSP_MAJ_IRISE;;;OR21;OR1;OR21;CST;MCO;OK;06/12/2019;06/12/2019;C;OPT;C;LH;RF22;144;144;0;12;;4;1140,9083;;;06/12/2019;;;;
4610209;TERRITOIRE;IRS - QUAI ERIC TABARLY/B101 CH 3 ST OUEN;;;SFR_COLL;DSP_MAJ_IRISE;;;OR21;OR1;OR21;CST;MCO;OK;25/07/2006;25/07/2006;C;OPT;C;LH;RF40;144;71;73;12;;4;3907,0865;;;25/07/2006;;;;
22554070;TERRITOIRE;IRS - 24FO - FT2138 RUE SAINT DENIS / FT2161 - 86 RUE DES  RAMENAS;;;SFR_COLL;DSP_MAJ_IRISE;;;OR21;OR1;OR21;CST;MCO;OK;04/03/2021;04/03/2021;C;OPT;C;DI;RF29;24;22;2;4;;5;330,4976;;;04/03/2021;;;;
36650337;TERRITOIRE;IRISE -12FO - FT222 - 16 ALL. ROBILLARD LES PAVILLONS-SOUS-B (ILE-DE-France)  / POP CAM29 LES PAVILLONS SOUS BOIS - AA;;;SFR_COLL;DSP_MAJ_IRISE;;;OR21;OR1;OR21;CST;MCO;OK;10/02/2023;10/02/2023;C;OPT;C;DI;RF27;12;10;2;2;;5;12,6985;;;10/02/2023;;;;
7295569;TERRITOIRE;IRS - 24FO - FT607  6 AV DU 8 MAI 1945 /  POP OPH HABITAT 06 AV DU 8 MAI 1945 (PANTIN)-AA;;;SFR_COLL;DSP_MAJ_IRISE;;;OR21;OR1;OR21;CST;MCO;OK;13/09/2013;13/09/2013;C;OPT;C;DI;RF30;24;23;1;4;;4;15,7671;;;13/09/2013;;;;
36533869;TERRITOIRE;CH SAT SECURISEE CAM20_FT995  / CH SAT SECURISEE CAM25_FT975;;;SFR_COLL;DSP_MAJ_IRISE;;;OR21;OR1;OR21;CST;MCO;OK;06/02/2023;06/02/2023;C;OPT;C;DI;RF27;12;4;8;2;;5;239,2042;;;06/02/2023;;;;
4641143;TERRITOIRE;IRS - 36FO - BI POP METEO FRANCE/122 AV PARIS;;;SFR_COLL;DSP_MAJ_IRISE;;;OR21;OR1;OR21;CST;MCO;OK;29/02/2012;29/02/2012;C;OPT;C;TR;RF42;36;34;2;6;;4;481,5015;;;29/02/2012;;;;
22879459;TERRITOIRE;IRS - 24FO - FT595 - 15 RUE DELPECHE / FT587 - 94 RUE HOCHE;;;SFR_COLL;DSP_MAJ_IRISE;;;OR21;OR1;OR21;CST;MCO;OK;25/03/2021;25/03/2021;C;OPT;C;DI;RF29;24;22;2;4;;5;161,1540;;;25/03/2021;;;;
4604898;TERRITOIRE;IRS - RUE MAURICE ARNOUX-PERIER/PLACE JEAN JAURES MONTROUGE;;;SFR_COLL;DSP_MAJ_IRISE;;;OR21;OR1;OR21;CST;MCO;OK;17/11/2005;17/11/2005;C;OPT;C;TR;RF19;48;38;10;4;;4;114,7406;;;17/11/2005;;;;
6724691;TERRITOIRE;IRS - 24FO - RUE PLEYEL/POP VINCI ENERGIES SI - AA;;;SFR_COLL;DSP_MAJ_IRISE;;;OR21;OR1;OR21;CST;MCO;OK;18/06/2013;18/06/2013;C;OPT;C;DI;RF17;24;24;0;2;;4;58,4698;;;18/06/2013;;;;
4632642;TERRITOIRE;IRS - 144FO - 25 BOULEVARD DU COLONEL FABIEN -  MAZET / 6 PLACE LEON GAMBETTA;;;SFR_COLL;DSP_MAJ_IRISE;;;OR21;OR1;OR21;CST;MCO;OK;30/06/2009;30/06/2009;C;OPT;C;LH;RF56;144;46;98;12;;4;340,4889;;;30/06/2009;;;;
4845978;TERRITOIRE;IRS - 144FO - RUE DU MONDIAL 1998/ANGLE DELAUNAY-RIMET;;;SFR_COLL;DSP_MAJ_IRISE;;;OR21;OR1;OR21;CST;MCO;OK;22/10/2012;22/10/2012;C;OPT;C;LH;RF127;144;140;4;12;;4;127,3859;;;22/10/2012;;;;
8464281;TERRITOIRE;IRS - 144FO - BAGUETTE BPE1/BPE2 AV DU GENERAL DE GAULLE;;;SFR_COLL;DSP_MAJ_IRISE;;;OR21;OR1;OR21;CST;MCO;OK;05/08/2014;05/08/2014;C;OPT;C;LH;RF22;144;138;6;12;;4;2,2010;;;05/08/2014;;;;
4632778;TERRITOIRE;IRS - 48FO OPAC_143_LGTS (D35)/68_&_24_LGTS (D77'D78);;;SFR_COLL;DSP_MAJ_IRISE;;;OR21;OR1;OR21;CST;MCO;OK;16/07/2009;16/07/2009;C;OPT;C;TR;RF19;48;46;2;4;;4;152,1205;;;16/07/2009;;;;
4608976;HORS TERRITOIRE;IRS - BD OISE-RUE DES CHAUFFOURS/BD OISE-VIOSNE;;;SFR_COLL;DSP_MAJ_IRISE;;;OR21;OR1;OR21;CST;MCO;OK;01/07/2005;01/07/2005;C;OPT;C;LH;RF40;144;51;93;12;;4;373,3199;;;01/07/2005;;;;
10568050;HORS TERRITOIRE;IRS - 144FO - 79 RUE DE GISORS (PONTOISE) / PT1 AVENUE REDOUANE BOUGARA (PONTOISE);;;SFR_COLL;DSP_MAJ_IRISE;;;OR21;OR1;OR21;CST;MCO;OK;14/05/2013;14/05/2013;C;OPT;C;LH;RF22;144;141;3;12;;4;465,5156;;;14/05/2013;;;;
4720867;HORS TERRITOIRE;IRS - 24FO - CROISEMENT NEWTON/AMPERE/PRC NUMERICABLE AVENUE AMPERE;;;SFR_COLL;DSP_MAJ_IRISE;;;OR21;OR1;OR21;CST;MCO;OK;01/10/2012;01/10/2012;C;OPT;C;DI;RF48;24;22;2;4;;4;31,9894;;;01/10/2012;;;;
16653174;TERRITOIRE;IRS - 12 FO - D986 - AVENUE DE LA DIVISION LECLERC / PETITE VOIE GROGNEUSE / FT 231;;;SFR_COLL;DSP_MAJ_IRISE;;;OR21;OR1;OR21;CST;MCO;OK;02/12/2019;02/12/2019;C;OPT;C;DI;RF27;12;12;0;2;;5;183,3108;;;02/12/2019;;;;
4611160;TERRITOIRE;IRS - RUE VAILLANT COUTURIER/RUE JAURES CEPHALON MAISONS ALFORT;;;SFR_COLL;DSP_MAJ_IRISE;;;OR21;OR1;OR21;CST;MCO;OK;16/02/2007;16/02/2007;C;OPT;C;TR;RF16;72;70;2;6;;4;946,7558;;;16/02/2007;;;;
15468610;TERRITOIRE;IRISE - 24FO - N-1 POP CIMETIERE (LES LILAS) / POP CIMETIERE LES LILAS - AA;;;SFR_COLL;DSP_MAJ_IRISE;;;OR21;OR1;OR21;CST;MCO;OK;01/08/2019;01/08/2019;C;OPT;C;DI;RF29;24;16;8;4;;5;39,3168;;;01/08/2019;;;;
4609749;TERRITOIRE;IRS - QUAI ERIC TABARLY-ALLEE DE L'EUROPE/POP OAKLEY;;;SFR_COLL;DSP_MAJ_IRISE;;;OR21;OR1;OR21;CST;MCO;OK;14/09/2005;14/09/2005;C;OPT;C;DI;RF14;12;12;0;2;;4;174,4565;;;14/09/2005;;;;
19898276;HORS TERRITOIRE;12 FO - IRISE - FT 379 - ROUTE DE BRY - RUE ADRIEN MENTIENNE / FT 404 - 31 RUE DU MARECHAL FOCH;;;SFR_COLL;DSP_MAJ_IRISE;;;OR21;OR1;OR21;CST;MCO;OK;28/08/2020;28/08/2020;C;OPT;C;DI;RF27;12;8;4;2;;5;164,4641;;;28/08/2020;;;;
4638318;HORS TERRITOIRE;IRS - 24FO - BOULEVARD ARCHIMEDE/POP INTERGROS - AA;;;SFR_COLL;DSP_MAJ_IRISE;;;OR21;OR1;OR21;CST;MCO;OK;30/12/2011;30/12/2011;C;OPT;C;DI;RF15;24;24;0;4;;4;72,2334;;;30/12/2011;;;;
11123654;HORS TERRITOIRE;IRS - 36 FO - BI-1 RUE DE LA CROIX MAHEUX / POP COMPAGNIE GENERALE DE SANTE - AA;;;SFR_COLL;DSP_MAJ_IRISE;;;OR21;OR1;OR21;CST;MCO;OK;30/03/2017;30/03/2017;C;OPT;C;TR;RF26;36;34;2;6;;4;8,5351;;;30/03/2017;;;;
4631515;TERRITOIRE;IRS - 24FO BI/POP AUDITORIUM (D76);;;SFR_COLL;DSP_MAJ_IRISE;;;OR21;OR1;OR21;CST;MCO;OK;27/07/2009;27/07/2009;C;OPT;C;DI;RF15;24;20;4;4;;4;20,7933;;;27/07/2009;;;;
28883301;TERRITOIRE;IRISE - 12 FO - FT1744 - 1 Rue Jeanne d'arc Rosny-sous-Bois  / POP CAM 2 2 ROSNY SOUS BOIS - AA;;;SFR_COLL;DSP_MAJ_IRISE;;;OR21;OR1;OR21;CST;MCO;OK;12/01/2022;12/01/2022;C;OPT;C;DI;RF27;12;11;1;2;;5;305,6071;;;12/01/2022;;;;
23594018;TERRITOIRE;IRS - 36 FO - FT 152 - 51 RUE DU PASS. SAINT-MAURICE / FT 58 - 150 BOULEVARD WASHINGTON;;;SFR_COLL;DSP_MAJ_IRISE;;;OR21;OR1;OR21;CST;MCO;OK;12/05/2021;12/05/2021;C;OPT;C;TR;RF50;36;36;0;3;;4;683,2545;;;12/05/2021;;;;
4603876;HORS TERRITOIRE;IRS - BD DE LA REPUBLIQUE/IRS - 32 RUE DANTON (N-1 URA SEVRAN);;;SFR_COLL;DSP_MAJ_IRISE;;;OR21;OR1;OR21;CST;MCO;OK;03/05/2004;03/05/2004;C;OPT;C;TR;RF60;48;32;16;8;;4;923,6646;;;03/05/2004;;;;
4608982;TERRITOIRE;IRS - RUE EMILE ZOLA/AVENUE KARL MARX;;;SFR_COLL;DSP_MAJ_IRISE;;;OR21;OR1;OR21;CST;MCO;OK;09/11/2004;09/11/2004;C;OPT;C;TR;RF19;48;32;16;4;;4;199,6263;;;09/11/2004;;;;
4633208;TERRITOIRE;IRS - 24FO BI/POP 52_LGTS_SICAMO (D80);;;SFR_COLL;DSP_MAJ_IRISE;;;OR21;OR1;OR21;CST;MCO;OK;28/07/2009;28/07/2009;C;OPT;C;DI;RF15;24;18;6;4;;4;14,8658;;;28/07/2009;;;;
4600712;HORS TERRITOIRE;IRS - 24 FO - POP EDF NIELSEN/IRS - ANGLE  R. DE  LA PREFECTURE/AV DES  3 FONTAINES -AA;;;SFR_COLL;DSP_MAJ_IRISE;;;OR21;OR1;OR21;CST;MCO;OK;17/11/2011;17/11/2011;C;OPT;C;DI;RF48;24;22;2;4;;4;115,9099;;;17/11/2011;;;;
4604431;TERRITOIRE;IRS - 36 FO - 84 RUE DU QUATRIEME ZOUAVE / BPE IMM GENDARMERIE ROSNY;;;SFR_COLL;DSP_MAJ_IRISE;;;OR21;OR1;OR21;CST;MCO;OK;05/12/2006;05/12/2006;C;OPT;C;TR;RF50;36;24;12;3;;4;519,1196;;;05/12/2006;;;;
19096077;TERRITOIRE;IRS - 12FO - FT225 - 23 AVENUE LOUIS GEORGEON/POP THEATRE DE JACQUES CARAT CACHAN - AA;;;SFR_COLL;DSP_MAJ_IRISE;;;OR21;OR1;OR21;CST;MCO;OK;01/07/2020;01/07/2020;C;OPT;C;DI;RF27;12;11;1;2;;5;162,1531;;;01/07/2020;;;;
4601475;TERRITOIRE;IRS - 48FO TOURNELLES_1 (D74)/TOURNELLES_2 (D75);;;SFR_COLL;DSP_MAJ_IRISE;;;OR21;OR1;OR21;CST;MCO;OK;21/07/2009;21/07/2009;C;OPT;C;TR;RF19;48;44;4;4;;4;152,4208;;;21/07/2009;;;;
10936339;TERRITOIRE;BAG - 72FO - FT - IRS AV DU PRESIDENT ALLENDE (ARCUEIL) BPE1/BPE2;;;SFR_COLL;DSP_MAJ_IRISE;;;OR21;OR1;OR21;CST;MCO;OK;20/02/2017;20/02/2017;C;OPT;C;TR;RF94;72;71;1;6;;5;19,6921;;;20/02/2017;;;;
10801640;TERRITOIRE;IRS - 36FO - FT 582 - RUE DU PAVE DE GRIGNON / BI POP FTTS THIAIS ORLY;;;SFR_COLL;DSP_MAJ_IRISE;;;OR21;OR1;OR21;CST;MCO;OK;11/07/2013;11/07/2013;C;OPT;C;TR;RF26;36;32;4;6;;4;55,9091;;;11/07/2013;;;;
4601212;TERRITOIRE;IRS - 96FO - A14 PK9920/MANCHON PK9920;;;SFR_COLL;DSP_MAJ_IRISE;;;OR21;OR1;OR21;CST;MCO;OK;19/04/2004;19/04/2004;C;OPT;C;LH;RF120;96;31;65;8;;5;290,4311;;;19/04/2004;;;;
4601291;TERRITOIRE;IRS-22 RUE PV COUTURIER/THEATRE JEAN ARP CLAMART;;;SFR_COLL;DSP_MAJ_IRISE;;;OR21;OR1;OR21;CST;MCO;OK;26/10/2005;26/10/2005;C;OPT;C;DI;RF38;12;8;4;1;;4;142,7563;;;26/10/2005;;;;
4599003;TERRITOIRE;IRS-PLACE SEMARD/ANGLE BERTHIE-CAVELL;;;SFR_COLL;DSP_MAJ_IRISE;;;OR21;OR1;OR21;CST;MCO;OK;01/04/2011;01/04/2011;C;OPT;C;TR;RF16;72;60;12;6;;4;904,6866;;;01/04/2011;;;;
6338183;HORS TERRITOIRE;IRS - 144FO - PT2 RUE ARISTIDE BRIAND (OSNY) / FT 1764 - PT1 RUE ARISTIDE BRIAND (OSNY);;;SFR_COLL;DSP_MAJ_IRISE;;;OR21;OR1;OR21;CST;MCO;OK;07/05/2013;07/05/2013;C;OPT;C;LH;RF22;144;136;8;12;;4;450,2226;;;07/05/2013;;;;
4609856;TERRITOIRE;IRS - 72FO - RUE JAURES SANOFI/RUE JAURES CEPHALON MAISONS ALFORT;;;SFR_COLL;DSP_MAJ_IRISE;;;OR21;OR1;OR21;CST;MCO;OK;19/02/2007;19/02/2007;C;OPT;C;TR;RF16;72;70;2;6;;4;59,5985;;;19/02/2007;;;;
4614806;TERRITOIRE;IRS-N-1 PAVILLON DES FINANCES/BIBLIOTHEQUE DESNOS MONTREUIL;;;SFR_COLL;DSP_MAJ_IRISE;;;OR21;OR1;OR21;CST;MCO;OK;03/11/2006;03/11/2006;C;OPT;C;DI;RF14;12;10;2;2;;4;40,0523;;;03/11/2006;;;;
8790353;TERRITOIRE;IRS - 36FO - LD - POP JARDILAND JOINVILLE LE PONT - BA;;;SFR_COLL;DSP_MAJ_IRISE;;;OR21;OR1;OR21;CST;MCO;OK;14/11/2014;14/11/2014;C;OPT;C;TR;RF26;36;34;2;6;;4;118,8248;;;14/11/2014;;;;
6326609;HORS TERRITOIRE;IRS - 144FO - ROUTE D'ABEIGLE_RUE DE CERGY / RUE DE VAUVAROIS (OSNY) - BPE1;;;SFR_COLL;DSP_MAJ_IRISE;;;OR21;OR1;OR21;CST;MCO;OK;06/05/2013;06/05/2013;C;OPT;C;LH;RF22;144;140;4;12;;4;491,8204;;;06/05/2013;;;;
8688273;HORS TERRITOIRE;36 FO - IRS - 7 AV DE LA PALETTE / POP AMETIF PONTOISE - AA;;;SFR_COLL;DSP_MAJ_IRISE;;;OR21;OR1;OR21;CST;MCO;OK;15/10/2014;15/10/2014;C;OPT;C;TR;RF26;36;34;2;6;;4;52,9769;;;15/10/2014;;;;
17656084;TERRITOIRE;12FO - PRC CAMERA - 4 ROUTES 15 / POP MARCHE DES 4 ROUTES LA COURNEUVE;;;SFR_COLL;DSP_MAJ_IRISE;;;OR21;OR1;OR21;CST;MCO;OK;07/03/2020;07/03/2020;C;OPT;C;DI;RF27;12;10;2;2;;5;311,2150;;;07/03/2020;;;;
4637954;TERRITOIRE;IRS - 48FO - N-1 LE PRADO / ALLENDE-CHOISY;;;SFR_COLL;DSP_MAJ_IRISE;;;OR21;OR1;OR21;CST;MCO;OK;01/12/2011;01/12/2011;C;OPT;C;TR;RF19;48;46;2;4;;4;1070,7238;;;01/12/2011;;;;
4631971;TERRITOIRE;IRS - 12 FO - 2 RUE LOUIS BLERIOT (CHEVILLY LARUE)/FTTS FRESNES(STADE STALINGRAD) - AA;;;SFR_COLL;DSP_MAJ_IRISE;;;OR21;OR1;OR21;CST;MCO;OK;13/03/2012;13/03/2012;C;OPT;C;DI;RF38;12;8;4;1;;4;9,8488;;;13/03/2012;;;;
6109655;TERRITOIRE;IRS - 24FO - LD - BI POP OSAKA/21 RUE JURA;;;SFR_COLL;DSP_MAJ_IRISE;;;OR21;OR1;OR21;CST;MCO;OK;10/04/2013;10/04/2013;C;OPT;C;DI;RF30;24;19;5;4;;4;57,4145;;;10/04/2013;;;;
4631815;TERRITOIRE;IRS-19 RUE DIEUMEGARD/INTERSECTION GODILLOT-DIEUMEGARD;;;SFR_COLL;DSP_MAJ_IRISE;;;OR21;OR1;OR21;CST;MCO;OK;08/04/2009;08/04/2009;C;OPT;C;TR;RF19;48;32;16;4;;4;216,5131;;;08/04/2009;;;;
4607755;TERRITOIRE;IRS-PL DU GAL LECLERC/AROBASE;;;SFR_COLL;DSP_MAJ_IRISE;;;OR21;OR1;OR21;CST;MCO;OK;21/03/2005;21/03/2005;C;OPT;C;DI;RF14;12;6;6;2;;4;103,3684;;;21/03/2005;;;;
36649395;TERRITOIRE;IRS - 12FO - CH SAT SECURISEE CAM05_FT96 / POP CAMERA 05 - AA;;;SFR_COLL;DSP_MAJ_IRISE;;;OR21;OR1;OR21;CST;MCO;OK;10/02/2023;10/02/2023;C;OPT;C;DI;RF27;12;10;2;2;;5;12,2218;;;10/02/2023;;;;
22031475;TERRITOIRE;IRS - 36 FO - IRISE 959 - RUE VERTE / IRS - FT 162 - RUE JULIAN GRIMAU;;;SFR_COLL;DSP_MAJ_IRISE;;;OR21;OR1;OR21;CST;MCO;OK;27/01/2021;27/01/2021;C;OPT;C;TR;RF50;36;36;0;3;;4;383,4969;;;27/01/2021;;;;
25066993;TERRITOIRE;IRS - 12FO - POP GS ROBESPIERRE / IRS - 18 ALLEE FERNAND LEGER - BPE 1;;;SFR_COLL;DSP_MAJ_IRISE;;;OR21;OR1;OR21;CST;MCO;OK;03/08/2021;03/08/2021;C;OPT;C;DI;RF27;12;8;4;2;;5;7,3156;;;03/08/2021;;;;
4603680;HORS TERRITOIRE;IRS - 72FO - RUE DAILLY/PLACE GEORGES CLEMENCEAU;;;SFR_COLL;DSP_MAJ_IRISE;;;OR21;OR1;OR21;CST;MCO;OK;27/09/2004;27/09/2004;C;OPT;C;TR;RF16;72;15;57;6;;4;850,3535;;;27/09/2004;;;;
16701484;TERRITOIRE;IRS - 144 FO - FT775 - 58 RUE DES ECOLES / FT904 - 89 RUE ADOLPHE GUYOT;;;SFR_COLL;DSP_MAJ_IRISE;;;OR21;OR1;OR21;CST;MCO;OK;06/12/2019;06/12/2019;C;OPT;C;LH;RF22;144;144;0;12;;4;1239,9987;;;06/12/2019;;;;
4610639;TERRITOIRE;IRS-ROUTE DU PAVE BLANC/CSC PAVE BLANC CLAMART;;;SFR_COLL;DSP_MAJ_IRISE;;;OR21;OR1;OR21;CST;MCO;OK;23/06/2006;23/06/2006;C;OPT;C;DI;RF24;24;20;4;2;;4;47,6975;;;23/06/2006;;;;
4610940;TERRITOIRE;IRS-RUE DE STALINGRAD-HOPITAL/RUE CACHIN BOBIGNY;;;SFR_COLL;DSP_MAJ_IRISE;;;OR21;OR1;OR21;CST;MCO;OK;19/07/2006;19/07/2006;C;OPT;C;TR;RF19;48;30;18;4;;4;377,1251;;;19/07/2006;;;;
4620969;TERRITOIRE;IRS - 24FO - N-1 ADD2 CHENEVIER/APHP CHENEVIER;;;SFR_COLL;DSP_MAJ_IRISE;;;OR21;OR1;OR21;CST;MCO;OK;04/01/2008;04/01/2008;C;OPT;C;DI;RF15;24;22;2;4;;4;390,0413;;;04/01/2008;;;;
4611622;TERRITOIRE;BPE 3 ESSEN/DUBLIN 2 RUNGIS;;;SFR_COLL;DSP_MAJ_IRISE;;;OR21;OR1;OR21;CST;MCO;OK;06/02/2006;06/02/2006;C;OPT;C;DI;RF14;12;4;8;2;;4;18,7949;;;06/02/2006;;;;
38563617;TERRITOIRE;IRS - 68-70 RUE MAURICE ARNOUX MONTROUGE - BPE 1/POP ARN-PAIX MONTROUGE - AA;;;SFR_COLL;DSP_MAJ_IRISE;;;OR21;OR1;OR21;CST;MCO;OK;25/05/2023;25/05/2023;C;OPT;C;DI;RF29;24;22;2;4;;5;281,8460;;;25/05/2023;;;;
4609730;TERRITOIRE;IRS - TIMBAUD-PAIX/CMS IRS - TIMBAUD-PAIX/CEM GENNEVILLIERS;;;SFR_COLL;DSP_MAJ_IRISE;;;OR21;OR1;OR21;CST;MCO;OK;31/03/2005;31/03/2005;C;OPT;C;TR;RF42;36;32;4;6;;4;130,9049;;;31/03/2005;;;;
4601902;TERRITOIRE;IRS - RONDENAY-CHOISY/COQUELIN-RONDENAY;;;SFR_COLL;DSP_MAJ_IRISE;;;OR21;OR1;OR21;CST;MCO;OK;15/11/2002;15/11/2002;C;OPT;C;TR;RF12;48;13;35;6;;5;505,0821;;;15/11/2002;;;;
7228370;TERRITOIRE;IRS - 72FO - FT - 93048/2490 - RUE DE ROSNY (MONTREUIL) / IRS-252 RUE DE ROSNY (Montreuil);;;SFR_COLL;DSP_MAJ_IRISE;;;OR21;OR1;OR21;CST;MCO;OK;26/08/2013;26/08/2013;C;OPT;C;TR;RF28;72;71;1;6;;4;156,6108;;;26/08/2013;;;;
7786147;TERRITOIRE;IRS - 144FO - R FERDINAND BUISSON / RUE DU LIEUTENANT BATANY CLAMART;;;SFR_COLL;DSP_MAJ_IRISE;;;OR21;OR1;OR21;CST;MCO;OK;05/02/2014;05/02/2014;C;OPT;C;LH;RF22;144;143;1;12;;4;567,9402;;;05/02/2014;;;;
4608194;TERRITOIRE;IRS-REU NUNGESSER/COMPLEXE SPORTIF FREVILLE (Sce Technique);;;SFR_COLL;DSP_MAJ_IRISE;;;OR21;OR1;OR21;CST;MCO;OK;22/03/2005;22/03/2005;C;OPT;C;DI;RF14;12;8;4;2;;4;25,4949;;;22/03/2005;;;;
7259810;HORS TERRITOIRE;IRS - 144FO - AVE DES BERTHUNES / FT 1803 - AVE DE LA MARE;;;SFR_COLL;DSP_MAJ_IRISE;;;OR21;OR1;OR21;CST;MCO;OK;04/09/2013;04/09/2013;C;OPT;C;LH;RF22;144;138;6;12;;4;433,7977;;;04/09/2013;;;;
9868037;TERRITOIRE;IRS - 72 FO - RUE GUSTAVE EFFEIL/N-1 CG94 IMM_SOLIDARITES;;;SFR_COLL;DSP_MAJ_IRISE;;;OR21;OR1;OR21;CST;MCO;OK;25/04/2016;25/04/2016;C;OPT;C;TR;RF78;72;56;16;6;;5;269,2731;;;25/04/2016;;;;
45509231;TERRITOIRE;IRS - 24FO - 55 AVENUE DES CHAMPS PIERREUX / AVENUE GEORGES CLEMENCEAU;;;SFR_COLL;DSP_MAJ_IRISE;;;OR21;OR1;OR21;CST;MCO;OK;27/06/2024;27/06/2024;C;OPT;C;DI;RF30;24;22;2;4;;4;404,5544;;;27/06/2024;;;;
4642580;TERRITOIRE;IRS - 12 FO - POP FTTS NOISY LE SEC/BI 32 RUE JEAN MERMOZ - AA;;;SFR_COLL;DSP_MAJ_IRISE;;;OR21;OR1;OR21;CST;MCO;OK;31/01/2012;31/01/2012;C;OPT;C;DI;RF38;12;10;2;1;;4;13,4133;;;31/01/2012;;;;
8516433;HORS TERRITOIRE;IRS - 24FO - LD - POP BOLORE BD PAUCHET - HAVAS/BD. V. PAUCHET_BOLLORE - BA;;;SFR_COLL;DSP_MAJ_IRISE;;;OR21;OR1;OR21;CST;MCO;OK;25/08/2014;25/08/2014;C;OPT;C;DI;RF48;24;23;1;4;;4;77,3199;;;25/08/2014;;;;
15505315;TERRITOIRE;IRISE - 24FO - 159 RUE DE PARIS / POP KIOSQUE LES LILAS - AA;;;SFR_COLL;DSP_MAJ_IRISE;;;OR21;OR1;OR21;CST;MCO;OK;06/08/2019;06/08/2019;C;OPT;C;DI;RF29;24;16;8;4;;5;45,0403;;;06/08/2019;;;;
4633304;TERRITOIRE;IRS - 144FO COLLEGE_CHEVREUL (D22)/SECHOIR_AUX_CORNETTES (D90);;;SFR_COLL;DSP_MAJ_IRISE;;;OR21;OR1;OR21;CST;MCO;OK;20/07/2009;20/07/2009;C;OPT;C;LH;RF40;144;140;4;12;;4;254,7521;;;20/07/2009;;;;
10934472;TERRITOIRE;IRS - 36 FO - RUE DES CHEMINOTS/BI - 121 RUE DU LANDY;;;SFR_COLL;DSP_MAJ_IRISE;;;OR21;OR1;OR21;CST;MCO;OK;20/02/2017;20/02/2017;C;OPT;C;TR;RF26;36;34;2;6;;4;98,3952;;;20/02/2017;;;;
7155105;TERRITOIRE;IRS - 48FO - BD GALLIENI FONTENAY/LEROUX_ORMES;;;SFR_COLL;DSP_MAJ_IRISE;;;OR21;OR1;OR21;CST;MCO;OK;29/07/2013;29/07/2013;C;OPT;C;TR;RF47;48;39;9;4;;4;212,7891;;;29/07/2013;;;;
4610538;TERRITOIRE;IRS - 72FO - LECLERC_GRANDE ALLEE/RUE DE PARIS;;;SFR_COLL;DSP_MAJ_IRISE;;;OR21;OR1;OR21;CST;MCO;OK;08/07/2008;08/07/2008;C;OPT;C;TR;RF16;72;33;39;6;;4;1171,9474;;;08/07/2008;;;;
4603310;TERRITOIRE;IRS - 48FO - MAIL JOLIOT CURIE  NANTERRE/PALAIS DES SPORT DE NANTERRE;;;SFR_COLL;DSP_MAJ_IRISE;;;OR21;OR1;OR21;CST;MCO;OK;07/08/2003;07/08/2003;C;OPT;C;TR;RF12;48;41;7;6;;5;399,6519;;;07/08/2003;;;;
4609340;TERRITOIRE;IRS - ADD 2 - 48FO - FELLINI/POP JADE - AB;;;SFR_COLL;DSP_MAJ_IRISE;;;OR21;OR1;OR21;CST;MCO;OK;12/04/2005;12/04/2005;C;OPT;C;TR;RF19;48;46;2;4;;4;116,3120;;;12/04/2005;;;;
4642048;TERRITOIRE;IRS - 36 FO - AV GABRIEL PERI/IRS - SENTIER DU BOIS DE RICHEBOURG;;;SFR_COLL;DSP_MAJ_IRISE;;;OR21;OR1;OR21;CST;MCO;OK;22/05/2012;22/05/2012;C;OPT;C;TR;RF42;36;32;4;6;;4;323,0695;;;22/05/2012;;;;
33296097;TERRITOIRE;144 FO - IRISE - RUE HENRI BARBUSSE / 98 RUE SADI CARNOT;;;SFR_COLL;DSP_MAJ_IRISE;;;OR21;OR1;OR21;CST;MCO;OK;17/01/2013;17/01/2013;C;OPT;C;LH;RF127;144;102;42;12;;4;1439,5061;;;17/01/2013;;;;
4614151;HORS TERRITOIRE;IRS - 12FO - LD - IRS- RUE VAUGIRARD/POP URSSAF CI (NOISY LE GRAND);;;SFR_COLL;DSP_MAJ_IRISE;;;OR21;OR1;OR21;CST;MCO;OK;16/10/2007;16/10/2007;C;OPT;C;DI;RF14;12;4;8;2;;4;20,6154;;;16/10/2007;;;;
26119802;TERRITOIRE;IRS - 12 FO - FT 772 - AV DU GENERAL LECLERC / FT397 - RUE DE LA BIEVRE;;;SFR_COLL;DSP_MAJ_IRISE;;;OR21;OR1;OR21;CST;MCO;OK;01/10/2021;01/10/2021;C;OPT;C;DI;RF27;12;10;2;2;;5;562,5168;;;01/10/2021;;;;
4634016;TERRITOIRE;IRS - 72FO - AV LIBERTE_RUE MONTESQUIEU/RUE DES CHAMPS PIERREUX - (NANTERRE);;;SFR_COLL;DSP_MAJ_IRISE;;;OR21;OR1;OR21;CST;MCO;OK;15/03/2010;15/03/2010;C;OPT;C;TR;RF16;72;68;4;6;;4;338,9192;;;15/03/2010;;;;
4601437;TERRITOIRE;IRS - 24FO - POP GENDARMERIE FORT NOGENT/CHAMBRE FT N-1 - AA;;;SFR_COLL;DSP_MAJ_IRISE;;;OR21;OR1;OR21;CST;MCO;OK;23/07/2012;23/07/2012;C;OPT;C;DI;RF15;24;22;2;4;;4;5,3601;;;23/07/2012;;;;
18587890;TERRITOIRE;BAG - 72 FO - IRS - 29 RUE DU PROGRES BPE1/BPE2;;;SFR_COLL;DSP_MAJ_IRISE;;;OR21;OR1;OR21;CST;MCO;OK;29/05/2020;29/05/2020;C;OPT;C;TR;RF28;72;72;0;6;;4;15,5538;;;29/05/2020;;;;
7264241;HORS TERRITOIRE;IRS - 144FO - FT 1634 - AVE DU CHATEAU / AVE  DU VERT GALANT;;;SFR_COLL;DSP_MAJ_IRISE;;;OR21;OR1;OR21;CST;MCO;OK;05/09/2013;05/09/2013;C;OPT;C;LH;RF22;144;140;4;12;;4;429,6253;;;05/09/2013;;;;
11655153;TERRITOIRE;POP RUNGIS/BPE 1 IMMEUBLE ESSEN RUNGIS - AC;;;SFR_COLL;DSP_MAJ_IRISE;;;OR21;OR1;OR21;CST;MCO;OK;28/07/2017;28/07/2017;C;OPT;C;TR;RF28;72;44;28;6;;4;2,7347;;;28/07/2017;;;;
4603455;HORS TERRITOIRE;IRS - 144FO - MANCHON PK6700 TCT/RUE DES 2 GARES;;;SFR_COLL;DSP_MAJ_IRISE;;;OR21;OR1;OR21;CST;MCO;OK;28/10/2004;28/10/2004;C;OPT;C;LH;RF122;144;44;100;12;;5;42,4725;;;28/10/2004;;;;
4629775;TERRITOIRE;IRS - 48FO - N-1 GROUPE SCOLAIRE PERRIER / N-1 CAMERA VIDEO 5;;;SFR_COLL;DSP_MAJ_IRISE;;;OR21;OR1;OR21;CST;MCO;OK;06/01/2009;06/01/2009;C;OPT;C;TR;RF60;48;46;2;8;;4;208,7968;;;06/01/2009;;;;
4600014;TERRITOIRE;IRS - 29 RUE DU PROGRES/POP MEDIATION TELECOM;;;SFR_COLL;DSP_MAJ_IRISE;;;OR21;OR1;OR21;CST;MCO;OK;04/10/2004;04/10/2004;C;OPT;C;DI;RF38;12;10;2;1;;4;77,4880;;;04/10/2004;;;;
10900515;TERRITOIRE;24FO - IRS - ISH - POP REGIE LINGE FINANCES AV. MAX DORMOY/BI REGIE LINGE FINANCES AV. MAX DORMOY - AA;;;SFR_COLL;DSP_MAJ_IRISE;;;OR21;OR1;OR21;CST;MCO;OK;13/02/2017;13/02/2017;C;OPT;C;DI;RF30;24;24;0;4;;4;1,6600;;;13/02/2017;;;;
4609283;TERRITOIRE;IRS - PERI-ARNOUX/RUE MAURICE ARNOUX MONTROUGE;;;SFR_COLL;DSP_MAJ_IRISE;;;OR21;OR1;OR21;CST;MCO;OK;18/01/2006;18/01/2006;C;OPT;C;TR;RF16;72;66;6;6;;4;320,7562;;;18/01/2006;;;;
4609753;TERRITOIRE;IRS - RUE DU CIMETIERE/ROGER SALENGRO;;;SFR_COLL;DSP_MAJ_IRISE;;;OR21;OR1;OR21;CST;MCO;OK;14/09/2005;14/09/2005;C;OPT;C;TR;RF16;72;70;2;6;;4;242,4632;;;14/09/2005;;;;
4609654;TERRITOIRE;IRS - 24FO - 16 EGLANTINE / PRC INEO 1 EGLANTINE;;;SFR_COLL;DSP_MAJ_IRISE;;;OR21;OR1;OR21;CST;MCO;OK;01/02/2011;01/02/2011;C;OPT;C;DI;RF15;24;20;4;4;;4;38,2099;;;01/02/2011;;;;
4612450;TERRITOIRE;IRS - 22 RUE DE LAGNY/URSSAF LAGNY MONTREUIL;;;SFR_COLL;DSP_MAJ_IRISE;;;OR21;OR1;OR21;CST;MCO;OK;14/03/2006;14/03/2006;C;OPT;C;DI;RF14;12;8;4;2;;4;59,9916;;;14/03/2006;;;;
14840044;TERRITOIRE;IRS - 36 FO - FT 178 - 2 AVENUE JULES VERCRUYSSE / ANGLE GAMBETTA HOCHE);;;SFR_COLL;DSP_MAJ_IRISE;;;OR21;OR1;OR21;CST;MCO;OK;20/05/2019;20/05/2019;C;OPT;C;TR;RF50;36;36;0;3;;4;339,0809;;;20/05/2019;;;;
4608110;TERRITOIRE;IRS - ADD2 - ANDRE CAMPRA/EUROSTADE ZAC DU LANDY - AB;;;SFR_COLL;DSP_MAJ_IRISE;;;OR21;OR1;OR21;CST;MCO;OK;20/05/2005;20/05/2005;C;OPT;C;DI;RF38;12;6;6;1;;4;173,0548;;;20/05/2005;;;;
4605684;TERRITOIRE;IRS - 11 RUE PIERRE BROSSOLETTE/4 RUE COLBERT;;;SFR_COLL;DSP_MAJ_IRISE;;;OR21;OR1;OR21;CST;MCO;OK;06/02/2003;06/02/2003;C;OPT;C;TR;RF12;48;11;37;6;;5;300,1011;;;06/02/2003;;;;
36823779;TERRITOIRE;IRS - 12FO - BAGUETTE - N-1 MAIRIE BPE02/N-1 MAIRIE BPE01;;;SFR_COLL;DSP_MAJ_IRISE;;;OR21;OR1;OR21;CST;MCO;OK;20/02/2023;20/02/2023;C;OPT;C;DI;RF27;12;8;4;2;;5;27,3514;;;20/02/2023;;;;
4642557;TERRITOIRE;IRS - 36FO - N-1 POP FTTS CHOISY LE ROI GARE/BI POP FTTS CHOISY LE ROI GARE;;;SFR_COLL;DSP_MAJ_IRISE;;;OR21;OR1;OR21;CST;MCO;OK;09/05/2012;09/05/2012;C;OPT;C;TR;RF42;36;32;4;6;;4;44,3343;;;09/05/2012;;;;
4607626;TERRITOIRE;IRS - 72FO RFF - PK 76940/RUE DE PARIS SUCY EN BRIE;;;SFR_COLL;DSP_MAJ_IRISE;;;OR21;OR1;OR21;CST;MCO;OK;05/11/2004;05/11/2004;C;OPT;C;TR;RF23;72;23;49;6;;145;441,7712;;;05/11/2004;;;;
7134469;TERRITOIRE;IRS - 144FO - ANGLE BD LYCEE/RUE PRUVOT / 34 BD ANTOINE FRATACCI;;;SFR_COLL;DSP_MAJ_IRISE;;;OR21;OR1;OR21;CST;MCO;OK;22/07/2013;22/07/2013;C;OPT;C;LH;RF22;144;114;30;12;;4;335,3837;;;22/07/2013;;;;
4632158;TERRITOIRE;IRS - 24FO - N-1 MAIRIE DE BRY SUR MARNE/MAIRIE DE BRY SUR MARNE;;;SFR_COLL;DSP_MAJ_IRISE;;;OR21;OR1;OR21;CST;MCO;OK;23/09/2009;23/09/2009;C;OPT;C;DI;RF15;24;20;4;4;;4;28,4241;;;23/09/2009;;;;
4633302;TERRITOIRE;IRS - 144FO CEN_GEOTH_HAY_LES_ROSES/CHAUFFERIE_STADE (A08);;;SFR_COLL;DSP_MAJ_IRISE;;;OR21;OR1;OR21;CST;MCO;OK;20/07/2009;20/07/2009;C;OPT;C;LH;RF40;144;136;8;12;;4;440,9297;;;20/07/2009;;;;
4634014;TERRITOIRE;IRS - 48FO LD - JOLIOT CURIE DEVANT MAIRIE NANTERRE/ANGLE AV LIBERTE_RUE MONTESQUIEU;;;SFR_COLL;DSP_MAJ_IRISE;;;OR21;OR1;OR21;CST;MCO;OK;15/03/2010;15/03/2010;C;OPT;C;TR;RF19;48;40;8;4;;4;513,7941;;;15/03/2010;;;;
4607257;TERRITOIRE;IRS - 19 RUE DE PARIS/PARKING RUE DE PARIS;;;SFR_COLL;DSP_MAJ_IRISE;;;OR21;OR1;OR21;CST;MCO;OK;21/03/2005;21/03/2005;C;OPT;C;TR;RF19;48;40;8;4;;4;129,3806;;;21/03/2005;;;;
4605557;TERRITOIRE;IRS - 12 FO - DE GAULLE-EULER/POP CG94 CRETEIL - AA;;;SFR_COLL;DSP_MAJ_IRISE;;;OR21;OR1;OR21;CST;MCO;OK;27/05/2004;27/05/2004;C;OPT;C;DI;RF38;12;4;8;1;;4;65,2706;;;27/05/2004;;;;
4636376;HORS TERRITOIRE;IRS - RUE DES HAUTS CHATEAUX/ JOINT DROITE SUITE C18708391;;;SFR_COLL;DSP_MAJ_IRISE;;;OR21;OR1;OR21;CST;MCO;OK;26/05/2010;26/05/2010;C;OPT;C;LH;RF74;144;71;73;12;;100;491,7716;;;26/05/2010;;;;
4613047;TERRITOIRE;IRS - 72 FO - 24 QUAI DES CARRIERES / PONT DE CHARENTON;;;SFR_COLL;DSP_MAJ_IRISE;;;OR21;OR1;OR21;CST;MCO;OK;04/05/2006;04/05/2006;C;OPT;C;TR;RF16;72;56;16;6;;4;1020,7675;;;04/05/2006;;;;
5873489;HORS TERRITOIRE;IRS - 72FO - LD - ROND POINT DU CEDRE/IRS - ROND POINT TILLEUL;;;SFR_COLL;DSP_MAJ_IRISE;;;OR21;OR1;OR21;CST;MCO;OK;13/03/2013;13/03/2013;C;OPT;C;TR;RF28;72;30;42;6;;4;325,5187;;;13/03/2013;;;;
18568085;TERRITOIRE;IRS - 144FO - 21 RUE DU BAC LE PERREUX/FERRY ALSACE LORRAINE;;;SFR_COLL;DSP_MAJ_IRISE;;;OR21;OR1;OR21;CST;MCO;OK;01/01/2002;01/01/2002;C;OPT;C;LH;RF22;144;108;36;12;;4;636,0934;;;01/01/2002;;;;
4605653;TERRITOIRE;IRS - 72FO - DANTON-THOMAS/RUE LECLERC-CONVENTION;;;SFR_COLL;DSP_MAJ_IRISE;;;OR21;OR1;OR21;CST;MCO;OK;02/05/2003;02/05/2003;C;OPT;C;TR;RF16;72;70;2;6;;4;419,4844;;;02/05/2003;;;;
4602850;TERRITOIRE;IRS - 72FO - FINOT-POULBOT/67 BD ANATOLE FRANCE;;;SFR_COLL;DSP_MAJ_IRISE;;;OR21;OR1;OR21;CST;MCO;OK;09/05/2005;09/05/2005;C;OPT;C;TR;RF16;72;63;9;6;;4;473,2685;;;09/05/2005;;;;
4603083;TERRITOIRE;IRS - AP-HP HOPITAL FONDATION D'HEUR - CHEMIN DE LA TOUR/ 12 AV DE LA REPUBLIQUE -AA;;;SFR_COLL;DSP_MAJ_IRISE;;;OR21;OR1;OR21;CST;MCO;OK;24/05/2004;24/05/2004;C;OPT;C;DI;RF15;24;20;4;4;;4;263,0169;;;24/05/2004;;;;
4626475;HORS TERRITOIRE;IRS - 36FO - N-1 URA DESCARTES/URA DESCARTES;;;SFR_COLL;DSP_MAJ_IRISE;;;OR21;OR1;OR21;CST;MCO;OK;08/02/2008;08/02/2008;C;OPT;C;TR;RF26;36;32;4;6;;4;103,3683;;;08/02/2008;;;;
4633310;TERRITOIRE;IRS - 144FO FOYER_SONACOTRA (D21)/JEAN_MERMOZ (D63);;;SFR_COLL;DSP_MAJ_IRISE;;;OR21;OR1;OR21;CST;MCO;OK;20/07/2009;20/07/2009;C;OPT;C;LH;RF40;144;138;6;12;;4;625,9717;;;20/07/2009;;;;
15502791;TERRITOIRE;IRISE - 24 FO -  ANGLE RUE DE PARIS_RUE FRANCINE FROMOND / N-1 POP CRECHE DES BRUYERES;;;SFR_COLL;DSP_MAJ_IRISE;;;OR21;OR1;OR21;CST;MCO;OK;06/08/2019;06/08/2019;C;OPT;C;DI;RF29;24;0;24;4;;5;15,7985;;;06/08/2019;;;;
4608723;TERRITOIRE;IRS - 48FO - POP VEDIORBIS ST DENIS/RUE DES BRETON - AA;;;SFR_COLL;DSP_MAJ_IRISE;;;OR21;OR1;OR21;CST;MCO;OK;20/07/2005;20/07/2005;C;OPT;C;TR;RF12;48;44;4;6;;5;253,5514;;;20/07/2005;;;;
19786914;TERRITOIRE;IRS - 12 FO - FT 1889 - 1 RUE HENRI WALLON / FT 2334 - 144 RUE LENAIN;;;SFR_COLL;DSP_MAJ_IRISE;;;OR21;OR1;OR21;CST;MCO;OK;20/08/2020;20/08/2020;C;OPT;C;DI;RF27;12;10;2;2;;5;478,1012;;;20/08/2020;;;;
4606197;TERRITOIRE;IRS - 144FO - 109 BD DE LA LIBERATION/ 11 BD DE LA LIBERATION;;;SFR_COLL;DSP_MAJ_IRISE;;;OR21;OR1;OR21;CST;MCO;OK;04/11/2008;04/11/2008;C;OPT;C;LH;RF40;144;136;8;12;;4;709,5868;;;04/11/2008;;;;
4604334;TERRITOIRE;IRS - 144FO - 40-42 RUE FRATACCI/2 AVENUE VICTOR HUGO (VANVES);;;SFR_COLL;DSP_MAJ_IRISE;;;OR21;OR1;OR21;CST;MCO;OK;12/04/2002;12/04/2002;C;OPT;C;LH;RF56;144;30;114;12;;4;421,1517;;;12/04/2002;;;;
4634252;TERRITOIRE;IRS - 72FO - ANGLE PICASSO-3 MUSICIENS/N-1 CENTRE SOCIAL;;;SFR_COLL;DSP_MAJ_IRISE;;;OR21;OR1;OR21;CST;MCO;OK;04/05/2010;04/05/2010;C;OPT;C;TR;RF16;72;61;11;6;;4;202,8848;;;04/05/2010;;;;
43106342;TERRITOIRE;IRS - 12FO - POP ECOLE MYRIAM MAKEBA NANTERRE / IRS - N-1 CAA NANTERRE (J.MANSARD);;;SFR_COLL;DSP_MAJ_IRISE;;;OR21;OR1;OR21;CST;MCO;OK;30/01/2024;30/01/2024;C;OPT;C;DI;RF125;12;10;2;2;;5;204,0961;;;30/01/2024;;;;
23350177;TERRITOIRE;IRS - 72 FO - 21 AV EDOUARD HERRIOT / FT 481 - PLACE CHARLES PASQUA x RUE VICTOR VERNADAT;;;SFR_COLL;DSP_MAJ_IRISE;;;OR21;OR1;OR21;CST;MCO;OK;28/04/2021;28/04/2021;C;OPT;C;TR;RF28;72;70;2;6;;4;719,9221;;;28/04/2021;;;;
4605494;TERRITOIRE;IRS - 35 AV HENRI BARBUSSE/COSARDES-LARROUMES;;;SFR_COLL;DSP_MAJ_IRISE;;;OR21;OR1;OR21;CST;MCO;OK;01/03/2006;01/03/2006;C;OPT;C;TR;RF16;72;27;45;6;;4;587,2851;;;01/03/2006;;;;
16712037;TERRITOIRE;IRS - 72 FO -  FT655 - 5 BPULEVARD PASTEUR / ANGLE RUE MARECHAL FOCH/RUE DU PARC;;;SFR_COLL;DSP_MAJ_IRISE;;;OR21;OR1;OR21;CST;MCO;OK;07/12/2019;07/12/2019;C;OPT;C;TR;RF178;72;72;0;6;;4;892,2103;;;07/12/2019;;;;
5059739;TERRITOIRE;IRS - 24 FO - POP MAIRIE DE LA COURNEUVE/52 AV GABRIEL PERI - BA;;;SFR_COLL;DSP_MAJ_IRISE;;;OR21;OR1;OR21;CST;MCO;OK;27/11/2012;27/11/2012;C;OPT;C;DI;RF48;24;13;11;4;;4;13,8089;;;27/11/2012;;;;
11744488;HORS TERRITOIRE;IRS - 12FO - N-1 POP CMP SAINT CHRISTOPHE-1 / POP CMP SAINT CHRISTOPHE-2 CERGY - AA;;;SFR_COLL;DSP_MAJ_IRISE;;;OR21;OR1;OR21;CST;MCO;OK;17/08/2017;17/08/2017;C;OPT;C;DI;RF37;12;11;1;2;;5;135,4675;;;17/08/2017;;;;
32603297;TERRITOIRE;12 FO - POP CENTRE MUNICILPAL DE SANTE / POP ECOLE DAUBIE;;;SFR_COLL;DSP_MAJ_IRISE;;;OR21;OR1;OR21;CST;MCO;OK;06/07/2022;06/07/2022;C;OPT;C;DI;RF27;12;10;2;2;;5;413,1963;;;06/07/2022;;;;
4606006;TERRITOIRE;IRS - 163 RUE DE LA NOUVELLE FRANCE/ANATOLE FRANCE;;;SFR_COLL;DSP_MAJ_IRISE;;;OR21;OR1;OR21;CST;MCO;OK;19/08/2010;19/08/2010;C;OPT;C;TR;RF19;48;46;2;4;;4;140,1651;;;19/08/2010;;;;
4594852;TERRITOIRE;IRS - 72FO - AV DU GENERAL GALLIENI/RUE FAIDHERBE-AV DE LA COMMUNE DE PARIS (NANTERRE);;;SFR_COLL;DSP_MAJ_IRISE;;;OR21;OR1;OR21;CST;MCO;OK;24/11/2004;24/11/2004;C;OPT;C;TR;RF16;72;49;23;6;;4;253,0126;;;24/11/2004;;;;
4608090;TERRITOIRE;IRS - ECOLE ELEMENTAIRE BUFFALO/ECOLE MATERNELLE BUFFALO;;;SFR_COLL;DSP_MAJ_IRISE;;;OR21;OR1;OR21;CST;MCO;OK;03/10/2005;03/10/2005;C;OPT;C;DI;RF14;12;10;2;2;;4;109,8228;;;03/10/2005;;;;
4600980;TERRITOIRE;IRS - 126 RUE DE ROSNY/34 AV DE ROSNY;;;SFR_COLL;DSP_MAJ_IRISE;;;OR21;OR1;OR21;CST;MCO;OK;01/03/2005;01/03/2005;C;OPT;C;TR;RF16;72;33;39;6;;4;565,9646;;;01/03/2005;;;;
16614514;TERRITOIRE;IRS - 24 FO - PRC IRS - RUE DE CHEVILLY (VILLEJUIF) / FT 277 - 111 RUE YOURI GAGARINE;;;SFR_COLL;DSP_MAJ_IRISE;;;OR21;OR1;OR21;CST;MCO;OK;28/11/2019;28/11/2019;C;OPT;C;DI;RF29;24;22;2;4;;5;220,2767;;;28/11/2019;;;;
15833959;TERRITOIRE;IRS - 12FO - FT120 - RUE DE VERDUN / FT 512 - 70 AV PAUL VAILLANT COUTURIER;;;SFR_COLL;DSP_MAJ_IRISE;;;OR21;OR1;OR21;CST;MCO;OK;13/09/2019;13/09/2019;C;OPT;C;DI;RF27;12;10;2;2;;5;568,1708;;;13/09/2019;;;;
17392739;TERRITOIRE;IRS - FT 636 - 163 RUE DES RABATS / FT 888 - 2 RUE MAURICE UTRILLO;;;SFR_COLL;DSP_MAJ_IRISE;;;OR21;OR1;OR21;CST;MCO;OK;13/02/2020;13/02/2020;C;OPT;C;TR;RF50;36;36;0;3;;4;1112,4576;;;13/02/2020;;;;
4630383;TERRITOIRE;IRS - 72 FO - IRS38 RUE DE FONTENAY/RUE DE FRANCE;;;SFR_COLL;DSP_MAJ_IRISE;;;OR21;OR1;OR21;CST;MCO;OK;15/09/2011;15/09/2011;C;OPT;C;TR;RF16;72;15;57;6;;4;588,6789;;;15/09/2011;;;;
4642616;HORS TERRITOIRE;IRS - 72FO - RUE PEREIRE / 170 BOULEVARD NATIONAL;;;SFR_COLL;DSP_MAJ_IRISE;;;OR21;OR1;OR21;CST;MCO;OK;01/02/2012;01/02/2012;C;OPT;C;TR;RF16;72;42;30;6;;4;321,7836;;;01/02/2012;;;;
24846497;TERRITOIRE;IRS - 12 FO - ANATOLE FRANCE_NUNGESSER ET COLI  / CENTRE CROIZAT;;;SFR_COLL;DSP_MAJ_IRISE;;;OR21;OR1;OR21;CST;MCO;OK;21/07/2021;21/07/2021;C;OPT;C;DI;RF132;12;12;0;2;;5;97,0260;;;21/07/2021;;;;
7224867;TERRITOIRE;IRS - BAG - 144FO - 12 RUE MESLIER 55B101 CHAMBRE 8 SAINT OUEN - BPE1 / BPE2;;;SFR_COLL;DSP_MAJ_IRISE;;;OR21;OR1;OR21;CST;MCO;OK;23/08/2013;23/08/2013;C;OPT;C;LH;RF22;144;114;30;12;;4;2,0545;;;23/08/2013;;;;
14840043;TERRITOIRE;IRS - 36 FO - FT630 - 50 RUE JEAN LOLIVE / FT 178 - 2 AVENUE JULES VERCRUYSSE;;;SFR_COLL;DSP_MAJ_IRISE;;;OR21;OR1;OR21;CST;MCO;OK;20/05/2019;20/05/2019;C;OPT;C;TR;RF50;36;36;0;3;;4;1219,3497;;;20/05/2019;;;;
7835140;TERRITOIRE;IRS - 144 FO - CENTRE GEOTHERMIQUE_HAY_LES_ROSES 3/AV GENERAL LECLERC;;;SFR_COLL;DSP_MAJ_IRISE;;;OR21;OR1;OR21;CST;MCO;OK;18/02/2014;18/02/2014;C;OPT;C;LH;RF22;144;140;4;12;;4;172,3763;;;18/02/2014;;;;
5114817;TERRITOIRE;IRS - 122  RUE DU MARECHAL LECLERC/184 RUE DU MARECHAL LECLERC;;;SFR_COLL;DSP_MAJ_IRISE;;;OR21;OR1;OR21;CST;MCO;OK;04/12/2012;04/12/2012;C;OPT;C;LH;RF22;144;34;110;12;;4;718,8819;;;04/12/2012;;;;
19511409;HORS TERRITOIRE;12 FO - IRISE - FT 456 - 8RUE MAURICE BERTEAUX / POP ECOLE LEON DAUER VILLIERS SUR MARNE - AA;;;SFR_COLL;DSP_MAJ_IRISE;;;OR21;OR1;OR21;CST;MCO;OK;31/07/2020;31/07/2020;C;OPT;C;DI;RF125;12;8;4;2;;5;16,6933;;;31/07/2020;;;;
4614901;TERRITOIRE;IRS - 72 FO - 55 RUE VARAGNAT/IRS - 12 RUE VARAGNAT - BONDY;;;SFR_COLL;DSP_MAJ_IRISE;;;OR21;OR1;OR21;CST;MCO;OK;12/07/2007;12/07/2007;C;OPT;C;TR;RF16;72;17;55;6;;4;482,3038;;;12/07/2007;;;;
6004373;HORS TERRITOIRE;IRS - 72FO - BI RELIANCE/FT 791 RUE DES BEAUX SOLEILS;;;SFR_COLL;DSP_MAJ_IRISE;;;OR21;OR1;OR21;CST;MCO;OK;28/03/2013;28/03/2013;C;OPT;C;TR;RF28;72;70;2;6;;4;67,4091;;;28/03/2013;;;;
4601465;TERRITOIRE;IRS - 48FO JARDINS_SUD (D62)/LA_LIBERTE (D95);;;SFR_COLL;DSP_MAJ_IRISE;;;OR21;OR1;OR21;CST;MCO;OK;21/07/2009;21/07/2009;C;OPT;C;TR;RF19;48;42;6;4;;4;84,9648;;;21/07/2009;;;;
4625507;TERRITOIRE;IRS - 24FO - ROUTE DU VIEUX CIMETIERE/CLAMART MAISON DES SPORTS - AA;;;SFR_COLL;DSP_MAJ_IRISE;;;OR21;OR1;OR21;CST;MCO;OK;12/01/2009;12/01/2009;C;OPT;C;DI;RF15;24;20;4;4;;4;181,4432;;;12/01/2009;;;;
17846778;TERRITOIRE;IRS - 12 FO - FT 2329 - 40 RUE BEL AIR / POP MAISON DE QUARTIER CENTRE SOCIAL DU GRAND AIR MONTREUIL - AA;;;SFR_COLL;DSP_MAJ_IRISE;;;OR21;OR1;OR21;CST;MCO;OK;25/03/2020;25/03/2020;C;OPT;C;DI;RF27;12;8;4;2;;5;48,1646;;;25/03/2020;;;;
4637282;TERRITOIRE;IRS - 48FO - BI/POP ILOT_E2 (D52'D53);;;SFR_COLL;DSP_MAJ_IRISE;;;OR21;OR1;OR21;CST;MCO;OK;03/06/2011;03/06/2011;C;OPT;C;TR;RF19;48;44;4;4;;4;14,5604;;;03/06/2011;;;;
4636199;TERRITOIRE;IRS - 24FO - N-1 FRANCE TELEVISION / POP FRANCE TELEVISION - AA;;;SFR_COLL;DSP_MAJ_IRISE;;;OR21;OR1;OR21;CST;MCO;OK;31/01/2011;31/01/2011;C;OPT;C;DI;RF15;24;24;0;4;;4;91,9021;;;31/01/2011;;;;
29171966;TERRITOIRE;24 FO -  IRS - FT 703  AVENUE DU PRESIDENT WILSON (MONTREUIL) - BPE 1 / FT 681  RUE AVENUE BERTHELOT  (MONTREUIL) - BPE 1;;;SFR_COLL;DSP_MAJ_IRISE;;;OR21;OR1;OR21;CST;MCO;OK;26/01/2022;26/01/2022;C;OPT;C;DI;RF29;24;22;2;4;;5;275,4908;;;26/01/2022;;;;
4604534;TERRITOIRE;IRS - 48FO - BLANDIN/85 RUE PARMENTIER;;;SFR_COLL;DSP_MAJ_IRISE;;;OR21;OR1;OR21;CST;MCO;OK;22/11/2005;22/11/2005;C;OPT;C;TR;RF19;48;14;34;4;;4;380,1591;;;22/11/2005;;;;
6007252;TERRITOIRE;IRS - 72 FO - AV DE LA REPUBLIQUE/RUE PASTEUR - IRS - 26 BD FOCH (EPINAY SUR SEINE);;;SFR_COLL;DSP_MAJ_IRISE;;;OR21;OR1;OR21;CST;MCO;OK;28/03/2013;28/03/2013;C;OPT;C;TR;RF28;72;72;0;6;;4;209,3589;;;28/03/2013;;;;
8437154;TERRITOIRE;24FO - FT 2571 - 19 R LAVOISIER / POP PARCOURS NANTERRE - AA;;;SFR_COLL;DSP_MAJ_IRISE;;;OR21;OR1;OR21;CST;MCO;OK;24/07/2014;24/07/2014;C;OPT;C;DI;RF30;24;23;1;4;;4;104,9539;;;24/07/2014;;;;
4609727;TERRITOIRE;IRS - 72FO - RUE DU HAVRE/55 RUE VARAGNAT;;;SFR_COLL;DSP_MAJ_IRISE;;;OR21;OR1;OR21;CST;MCO;OK;12/07/2007;12/07/2007;C;OPT;C;TR;RF16;72;17;55;6;;4;770,3967;;;12/07/2007;;;;
15505317;TERRITOIRE;IRISE - 24FO -  BOULEVARD GENERAL LECLERC DE HATECLOQUE / PRC IRISE - CAMERA PDL 9;;;SFR_COLL;DSP_MAJ_IRISE;;;OR21;OR1;OR21;CST;MCO;OK;06/08/2019;06/08/2019;C;OPT;C;DI;RF29;24;22;2;4;;5;7,8985;;;06/08/2019;;;;
40665058;TERRITOIRE;IRS - 12 FO - SQUARE STALINGRAD AUBERVILLIERS / POP THEATRE LA COMMUNE 7/8 AUBERVILLIERS - AA;;;SFR_COLL;DSP_MAJ_IRISE;;;OR21;OR1;OR21;CST;MCO;OK;14/09/2023;14/09/2023;C;OPT;C;DI;RF27;12;8;4;2;;5;180,1898;;;14/09/2023;;;;
6293649;TERRITOIRE;IRS - 144FO - AV DESCARTES BPE2/COSMONAUTES_BOUQUIN - 1;;;SFR_COLL;DSP_MAJ_IRISE;;;OR21;OR1;OR21;CST;MCO;OK;12/06/2009;12/06/2009;C;OPT;C;LH;RF40;144;101;43;12;;4;669,9218;;;12/06/2009;;;;
8616289;TERRITOIRE;IRS - 36 FO - 2 AV DES VIOLETTES / 1 AVENUE DES VIOLETTES;;;SFR_COLL;DSP_MAJ_IRISE;;;OR21;OR1;OR21;CST;MCO;OK;24/09/2014;24/09/2014;C;OPT;C;TR;RF26;36;35;1;6;;4;141,8745;;;24/09/2014;;;;
4614798;TERRITOIRE;IRS-65 RUE VOLTAIRE/CMS VOLTAIRE MONTREUIL;;;SFR_COLL;DSP_MAJ_IRISE;;;OR21;OR1;OR21;CST;MCO;OK;03/11/2006;03/11/2006;C;OPT;C;DI;RF14;12;10;2;2;;4;20,1244;;;03/11/2006;;;;
4608155;TERRITOIRE;IRS - AV STALINGRAD-REPUBLIQUE/CTM CHEVILLY LARUE;;;SFR_COLL;DSP_MAJ_IRISE;;;OR21;OR1;OR21;CST;MCO;OK;15/12/2005;15/12/2005;C;OPT;C;TR;RF19;48;42;6;4;;4;12,7279;;;15/12/2005;;;;
7261329;TERRITOIRE;IRS - 144FO - 6 BLD DE VERDUN (COURBEVOIE)/ 66 QUAI DU MAL JOFFRE;;;SFR_COLL;DSP_MAJ_IRISE;;;OR21;OR1;OR21;CST;MCO;OK;04/09/2013;04/09/2013;C;OPT;C;LH;RF22;144;138;6;12;;4;903,6104;;;04/09/2013;;;;
4640710;TERRITOIRE;IRS - 36 FO - PLACE CAMILLE BLANC/IRS - VAILLANT COUTURIER/MALON;;;SFR_COLL;DSP_MAJ_IRISE;;;OR21;OR1;OR21;CST;MCO;OK;23/01/2012;23/01/2012;C;OPT;C;TR;RF42;36;32;4;6;;4;574,3080;;;23/01/2012;;;;
4608499;TERRITOIRE;IRS - 72FO - SOLETS-ARCEUIL/RUE DES SOLETS RUNGIS;;;SFR_COLL;DSP_MAJ_IRISE;;;OR21;OR1;OR21;CST;MCO;OK;17/01/2006;17/01/2006;C;OPT;C;TR;RF16;72;55;17;6;;4;457,1731;;;17/01/2006;;;;
4609168;TERRITOIRE;IRS - 72 FO - 45 AV ROOSEVELT / IRS 1023 - 261 AVENUE DE FONTAINEBLEAU;;;SFR_COLL;DSP_MAJ_IRISE;;;OR21;OR1;OR21;CST;MCO;OK;27/06/2006;27/06/2006;C;OPT;C;TR;RF153;72;43;29;6;;183;1117,8916;;;27/06/2006;;;;
4614079;TERRITOIRE;IRS - AVE PARIS-RUE DAUPHIN/IRS VANZETTI_CROIZAT (Villejuif);;;SFR_COLL;DSP_MAJ_IRISE;;;OR21;OR1;OR21;CST;MCO;OK;25/10/2007;25/10/2007;C;OPT;C;TR;RF19;48;26;22;4;;4;542,7696;;;25/10/2007;;;;
4610949;TERRITOIRE;IRS-AV CHARLES DE GAULLE/POP B2S LE SIGNAC GENNEVILLIERS;;;SFR_COLL;DSP_MAJ_IRISE;;;OR21;OR1;OR21;CST;MCO;OK;19/07/2006;19/07/2006;C;OPT;C;DI;RF14;12;8;4;2;;4;53,9761;;;19/07/2006;;;;
4627383;HORS TERRITOIRE;IRS - 48FO - COURS DES ROCHES / COURS LUZARD;;;SFR_COLL;DSP_MAJ_IRISE;;;OR21;OR1;OR21;CST;MCO;OK;06/06/2008;06/06/2008;C;OPT;C;TR;RF19;48;46;2;4;;4;183,9499;;;06/06/2008;;;;
9197810;TERRITOIRE;IRS - 42 RUE CUVIER / POP MONTREUIL URSSAF CUVIER (SIEGE UBISOFT CUVIER) - AB;;;SFR_COLL;DSP_MAJ_IRISE;;;OR21;OR1;OR21;CST;MCO;OK;01/07/2015;01/07/2015;C;OPT;C;DI;RF102;24;20;4;4;;5;22,7252;;;01/07/2015;;;;
15586292;TERRITOIRE;IRISE - 24 FO - 35 AVENUE GEORGES CLEMENCEAU / POP CMS LES LILAS - AA;;;SFR_COLL;DSP_MAJ_IRISE;;;OR21;OR1;OR21;CST;MCO;OK;19/08/2019;19/08/2019;C;OPT;C;DI;RF29;24;18;6;4;;5;6,4089;;;19/08/2019;;;;
4608587;TERRITOIRE;IRS - BPE IMMEUBLE PAPRIKA/PAPRIKA;;;SFR_COLL;DSP_MAJ_IRISE;;;OR21;OR1;OR21;CST;MCO;OK;16/01/2006;16/01/2006;C;OPT;C;DI;RF14;12;8;4;2;;4;13,4162;;;16/01/2006;;;;
12114642;HORS TERRITOIRE;IRS - 12 FO - BI - POP COMPTOIR  D ELECTRICITE FRANCO BELGE / POP COMPTOIR  D ELECTRICITE FRANCO BELGE  ERAGNY - AA;;;SFR_COLL;DSP_MAJ_IRISE;;;OR21;OR1;OR21;CST;MCO;OK;06/11/2017;06/11/2017;C;OPT;C;DI;RF27;12;11;1;2;;5;9,3045;;;06/11/2017;;;;
11012223;TERRITOIRE;24 FO - IRS - BI PLACE DES HAUTS TILLIERS/POP ECGD - LABORDE GESTION GENNEVILLIERS - AA;;;SFR_COLL;DSP_MAJ_IRISE;;;OR21;OR1;OR21;CST;MCO;OK;08/03/2017;08/03/2017;C;OPT;C;DI;RF30;24;24;0;4;;4;8,5692;;;08/03/2017;;;;
5077331;TERRITOIRE;IRS - BAG 48 FO - IRS - BPE 1/BPE 2 IRS THOMEREAU_TASSIGNY;;;SFR_COLL;DSP_MAJ_IRISE;;;OR21;OR1;OR21;CST;MCO;OK;29/11/2012;29/11/2012;C;OPT;C;TR;RF47;48;44;4;4;;4;2,9249;;;29/11/2012;;;;
6475731;TERRITOIRE;IRS - 144FO - AV. DES LYS-AV. DES COQUELICOTS/IRS-2 AVENUE DES VIOLETTES;;;SFR_COLL;DSP_MAJ_IRISE;;;OR21;OR1;OR21;CST;MCO;OK;27/05/2013;27/05/2013;C;OPT;C;LH;RF22;144;139;5;12;;4;496,4621;;;27/05/2013;;;;
4606844;TERRITOIRE;IRS - 48FO - BD DU GENERAL DE GAULLE/BD DU GENERAL DE GAULLE-RUE DE LA VANNE;;;SFR_COLL;DSP_MAJ_IRISE;;;OR21;OR1;OR21;CST;MCO;OK;07/11/2005;07/11/2005;C;OPT;C;TR;RF19;48;48;0;4;;4;213,5773;;;07/11/2005;;;;
15377025;TERRITOIRE;IRS - 12 FO - FT384 - 27 AV DE LA REPUBLIQUE/POP GROUPE SCOLAIRE JEAN VILAR VILLEJUIF-AA;;;SFR_COLL;DSP_MAJ_IRISE;;;OR21;OR1;OR21;CST;MCO;OK;22/07/2019;22/07/2019;C;OPT;C;DI;RF37;12;8;4;2;;5;222,5040;;;22/07/2019;;;;
15510222;TERRITOIRE;IRISE - 24 FO - RUE BERNARD / PRC CAMERA AU PIED DE C10;;;SFR_COLL;DSP_MAJ_IRISE;;;OR21;OR1;OR21;CST;MCO;OK;07/08/2019;07/08/2019;C;OPT;C;DI;RF29;24;22;2;4;;5;2,3393;;;07/08/2019;;;;
15513955;TERRITOIRE;IRISE - 24 FO - RUE DU PRE SAINT-GERVAIS / PRC CAMERA AU PIED DE C5;;;SFR_COLL;DSP_MAJ_IRISE;;;OR21;OR1;OR21;CST;MCO;OK;07/08/2019;07/08/2019;C;OPT;C;DI;RF29;24;22;2;4;;5;2,0452;;;07/08/2019;;;;
32141874;TERRITOIRE;IRS - 36 FO - IRS - 9 BD HELOISE D909 ENTREE SQUARE - BPE2 / FT 1221 - 24 AVENUE KLEBER;;;SFR_COLL;DSP_MAJ_IRISE;;;OR21;OR1;OR21;CST;MCO;OK;15/06/2022;15/06/2022;C;OPT;C;TR;RF50;36;36;0;3;;4;1546,7036;;;15/06/2022;;;;
4609473;TERRITOIRE;IRS - 24FO - RUE DE LA COUTURE BPE 1/POP RUNGIS QUITO - AA;;;SFR_COLL;DSP_MAJ_IRISE;;;OR21;OR1;OR21;CST;MCO;OK;19/12/2007;19/12/2007;C;OPT;C;DI;RF15;24;20;4;4;;4;107,5070;;;19/12/2007;;;;
12382418;HORS TERRITOIRE;IRS - 12 FO - FT 2012 - IRS - 26 AVENUE DES BETHUNES / FT 2016 - IRS OTI FRANCE N-1;;;SFR_COLL;DSP_MAJ_IRISE;;;OR21;OR1;OR21;CST;MCO;OK;13/01/2018;13/01/2018;C;OPT;C;DI;RF126;12;11;1;2;;5;212,2717;;;13/01/2018;;;;
4602621;TERRITOIRE;IRS - RUE LECLERC-CONVENTION/MAIRIE DU KREMLIN BICETRE;;;SFR_COLL;DSP_MAJ_IRISE;;;OR21;OR1;OR21;CST;MCO;OK;19/02/2003;19/02/2003;C;OPT;C;TR;RF41;72;72;0;6;;5;113,4087;;;19/02/2003;;;;
4636007;HORS TERRITOIRE;IRS - 36FO - RUE ROYALE SORTIE PARKING / BI LEYTON ASSOCIES;;;SFR_COLL;DSP_MAJ_IRISE;;;OR21;OR1;OR21;CST;MCO;OK;20/09/2010;20/09/2010;C;OPT;C;TR;RF50;36;31;5;3;;4;77,5514;;;20/09/2010;;;;
4642153;HORS TERRITOIRE;IRS - 36 FO - POP SPIE ERAGNY/AVENUE GROS CHENE -AA;;;SFR_COLL;DSP_MAJ_IRISE;;;OR21;OR1;OR21;CST;MCO;OK;19/04/2012;19/04/2012;C;OPT;C;TR;RF42;36;34;2;6;;4;30,2292;;;19/04/2012;;;;
16010657;TERRITOIRE;12FO - POP ECOLE ANATOLE FRANCE COURNEUVE / POP HALTE GARDERIE GOUTTE DE LAIT LA COURNEUVE;;;SFR_COLL;DSP_MAJ_IRISE;;;OR21;OR1;OR21;CST;MCO;OK;30/09/2019;30/09/2019;C;OPT;C;DI;RF27;12;10;2;2;;5;996,6880;;;30/09/2019;;;;
10900514;TERRITOIRE;IRS - 36FO - BI REGIE LINGE FINANCES AV. MARX DORMOY/ANGLE AV. REPUBLIQUE-AV. MARX DORMOY;;;SFR_COLL;DSP_MAJ_IRISE;;;OR21;OR1;OR21;CST;MCO;OK;31/05/2013;31/05/2013;C;OPT;C;TR;RF26;36;36;0;6;;4;72,6039;;;31/05/2013;;;;
4614888;TERRITOIRE;IRS-RUE DE LA MONTJOIE/METALLURGIE DIDEROT;;;SFR_COLL;DSP_MAJ_IRISE;;;OR21;OR1;OR21;CST;MCO;OK;11/06/2007;11/06/2007;C;OPT;C;LH;RF40;144;124;20;12;;4;279,5332;;;11/06/2007;;;;
4631819;TERRITOIRE;IRS - 48FO - 119 BIS RUE DU DR BAUER/GUINOT-PERRIN;;;SFR_COLL;DSP_MAJ_IRISE;;;OR21;OR1;OR21;CST;MCO;OK;08/04/2009;08/04/2009;C;OPT;C;TR;RF19;48;39;9;4;;4;225,2996;;;08/04/2009;;;;
4636427;TERRITOIRE;IRS - 144FO - ANGLE BOBET GRANGE/ANGLE GAULLE JONCS MARINS /ALSACE LORRAINE FERRY;;;SFR_COLL;DSP_MAJ_IRISE;;;OR21;OR1;OR21;CST;MCO;OK;02/02/2011;02/02/2011;C;OPT;C;LH;RF56;144;38;106;12;;4;1052,6292;;;02/02/2011;;;;
4617106;TERRITOIRE;IRS - 24FO - ANGLE JOFFRE MICHELET / PRC INEO 8 JOFFRE;;;SFR_COLL;DSP_MAJ_IRISE;;;OR21;OR1;OR21;CST;MCO;OK;02/02/2011;02/02/2011;C;OPT;C;DI;RF15;24;20;4;4;;4;119,8793;;;02/02/2011;;;;
4598814;TERRITOIRE;IRS - 144FO - RABELAIS_MOULIN/N-1 POP FTTS FRESNES;;;SFR_COLL;DSP_MAJ_IRISE;;;OR21;OR1;OR21;CST;MCO;OK;30/01/2001;30/01/2001;C;OPT;C;LH;RF22;144;93;51;12;;4;1007,2351;;;30/01/2001;;;;
7057169;HORS TERRITOIRE;IRS - 144 FO - N-1 URA RUEIL/13 BOULEVARD DU MARECHAL FOCH;;;SFR_COLL;DSP_MAJ_IRISE;;;OR21;OR1;OR21;CST;MCO;OK;16/07/2013;16/07/2013;C;OPT;C;LH;RF22;144;142;2;12;;4;847,8251;;;16/07/2013;;;;
4596072;TERRITOIRE;IRS - 48FO - 2 BIS RUE MARTELET/LA MONTAGNE MONUMENT CHAMPIGNY;;;SFR_COLL;DSP_MAJ_IRISE;;;OR21;OR1;OR21;CST;MCO;OK;20/05/2003;20/05/2003;C;OPT;C;TR;RF43;48;31;17;6;;183;227,7374;;;20/05/2003;;;;
4632360;TERRITOIRE;IRS - 24FO - BI/POP CHAUFFERIE_THIRARD (A07);;;SFR_COLL;DSP_MAJ_IRISE;;;OR21;OR1;OR21;CST;MCO;OK;22/07/2009;22/07/2009;C;OPT;C;DI;RF15;24;20;4;4;;4;28,1601;;;22/07/2009;;;;
4610870;TERRITOIRE;IRS - 72FO - RUE DU PORT NANTERRE/39 AV DES GUILLERAIS NANTERRE;;;SFR_COLL;DSP_MAJ_IRISE;;;OR21;OR1;OR21;CST;MCO;OK;30/01/2006;30/01/2006;C;OPT;C;TR;RF16;72;50;22;6;;4;356,5368;;;30/01/2006;;;;
6154147;TERRITOIRE;A NE PAS UTULISER - IRS - 144FO - FT_256 - ANGLE AV R.SALENGRO-RUE ANATOLE / FT_192 - FACE AU 1172 AV R.SALENGRO;;;SFR_COLL;DSP_MAJ_IRISE;;;OR21;OR1;OR21;CST;MCO;OK;15/04/2013;15/04/2013;C;OPT;C;LH;RF22;144;143;1;12;;4;413,0140;;;15/04/2013;;;;
25543780;TERRITOIRE;IRS - 12 FO - AV DU GENERAL LECLERC CH FT 772 / POP POLICE MUNICIPALE BOURG LA REINE - AA;;;SFR_COLL;DSP_MAJ_IRISE;;;OR21;OR1;OR21;CST;MCO;OK;02/09/2021;02/09/2021;C;OPT;C;DI;RF27;12;0;12;2;;5;7,1892;;;02/09/2021;;;;
36655782;TERRITOIRE;IRS - 12FO -  CH SAT SECURISEE CAM12_FT126  / CH SAT SECURISEE CAM13_FT538;;;SFR_COLL;DSP_MAJ_IRISE;;;OR21;OR1;OR21;CST;MCO;OK;10/02/2023;10/02/2023;C;OPT;C;DI;RF27;12;6;6;2;;5;304,2024;;;10/02/2023;;;;
22606844;TERRITOIRE;IRS - 12FO - FT2074 - 14 AV DU PRESIDENT SALVADOR ALLENDE / POP MOZINOR MONTREUIL - AA;;;SFR_COLL;DSP_MAJ_IRISE;;;OR21;OR1;OR21;CST;MCO;OK;08/03/2021;08/03/2021;C;OPT;C;DI;RF27;12;8;4;2;;5;144,6336;;;08/03/2021;;;;
4622936;HORS TERRITOIRE;IRS - 48FO RD POINT BAS NOYER/N-1 SFR SANTEUIL;;;SFR_COLL;DSP_MAJ_IRISE;;;OR21;OR1;OR21;CST;MCO;OK;10/01/2008;10/01/2008;C;OPT;C;TR;RF19;48;11;37;4;;4;98,4221;;;10/01/2008;;;;
36651320;TERRITOIRE;IRS - 12FO - N-1 MAIRIE DE PIERREFITTE / POP MEDIATHEQUE FLORA TRISTAN - AA;;;SFR_COLL;DSP_MAJ_IRISE;;;OR21;OR1;OR21;CST;MCO;OK;10/02/2023;10/02/2023;C;OPT;C;DI;RF27;12;10;2;2;;5;438,6924;;;10/02/2023;;;;
37288737;TERRITOIRE;IRS - 12 FO - 52 AV GABRIEL PERI / POP MAISON DE LA JUSTICE LA COURNEUVE;;;SFR_COLL;DSP_MAJ_IRISE;;;OR21;OR1;OR21;CST;MCO;OK;15/03/2023;15/03/2023;C;OPT;C;DI;RF27;12;10;2;2;;5;332,8692;;;15/03/2023;;;;
17888077;TERRITOIRE;IRS - 144 FO - FT 297 - 3 RUE DU GENERAL CHANZY / IRS - FT 111 -  2 AVENUE WINSTON CHURCHILL;;;SFR_COLL;DSP_MAJ_IRISE;;;OR21;OR1;OR21;CST;MCO;OK;30/03/2020;30/03/2020;C;OPT;C;LH;RF22;144;144;0;12;;4;419,1241;;;30/03/2020;;;;
8433873;TERRITOIRE;144 FO - IRS - AVENUE DE LA VICTOIRE RD64 / IRS - 10 RUE DU VERGER;;;SFR_COLL;DSP_MAJ_IRISE;;;OR21;OR1;OR21;CST;MCO;OK;24/07/2014;24/07/2014;C;OPT;C;LH;RF22;144;136;8;12;;4;283,9722;;;24/07/2014;;;;
4603232;TERRITOIRE;IRS - 144FO - 28 AV LE NOTRE/AV CLAUDE PERRAULT - 144 CD FT;;;SFR_COLL;DSP_MAJ_IRISE;;;OR21;OR1;OR21;CST;MCO;OK;26/05/2003;26/05/2003;C;OPT;C;LH;RF74;144;89;55;12;;100;646,8021;;;26/05/2003;;;;
4619202;TERRITOIRE;IRS - 24 FO -  RUE DIEUMEGARD / LT CCO 4EME ETAGE - BAIE CCO - BC;;;SFR_COLL;DSP_MAJ_IRISE;;;OR21;OR1;OR21;CST;MCO;OK;14/09/2010;14/09/2010;C;OPT;C;DI;RF15;24;22;2;4;;4;84,4486;;;14/09/2010;;;;
4615269;TERRITOIRE;IRS - 22 AV RAYMON ARON/ARON BEAUSEJOUR ANTONY;;;SFR_COLL;DSP_MAJ_IRISE;;;OR21;OR1;OR21;CST;MCO;OK;16/07/2007;16/07/2007;C;OPT;C;TR;RF16;72;53;19;6;;4;320,6603;;;16/07/2007;;;;
4641935;TERRITOIRE;IRS - 24FO - LT MAIRIE CHEVILLY/BI MAIRIE CHEVILLY;;;SFR_COLL;DSP_MAJ_IRISE;;;OR21;OR1;OR21;CST;MCO;OK;27/02/2012;27/02/2012;C;OPT;C;DI;RF15;24;24;0;4;;4;10,6299;;;27/02/2012;;;;
19763560;TERRITOIRE;IRS - 12 FO - FT 2334 - 144 RUE LENAIN / POP MAISON DE QUARTIER DU GRAND AIR MONTREUIL - AA;;;SFR_COLL;DSP_MAJ_IRISE;;;OR21;OR1;OR21;CST;MCO;OK;19/08/2020;19/08/2020;C;OPT;C;DI;RF27;12;8;4;2;;5;156,1611;;;19/08/2020;;;;
23002978;TERRITOIRE;IRS - 144 FO - FT 322 - 84 AVENUE CHANDON - BPE 1 / IRS - 55 RUE GABRIEL PERI - BPE 1;;;SFR_COLL;DSP_MAJ_IRISE;;;OR21;OR1;OR21;CST;MCO;OK;02/04/2021;02/04/2021;C;OPT;C;LH;RF22;144;96;48;12;;4;1018,2565;;;02/04/2021;;;;
4616393;TERRITOIRE;IRS - 48FO - VERDUN ALLENDE/ORADOUR GLANE GOUTIER;;;SFR_COLL;DSP_MAJ_IRISE;;;OR21;OR1;OR21;CST;MCO;OK;03/12/2007;03/12/2007;C;OPT;C;TR;RF19;48;46;2;4;;4;77,9554;;;03/12/2007;;;;
6055603;TERRITOIRE;IRS - 144FO - 12 RUE PIERRE ET MARIE CURIE/N-1 APHP J ROSTAND;;;SFR_COLL;DSP_MAJ_IRISE;;;OR21;OR1;OR21;CST;MCO;OK;04/04/2013;04/04/2013;C;OPT;C;LH;RF22;144;143;1;12;;4;669,7052;;;04/04/2013;;;;
4627286;TERRITOIRE;IRS - BD JEAN MOULIN/ANGLE LEDRU ROLLIN - TURGO-2;;;SFR_COLL;DSP_MAJ_IRISE;;;OR21;OR1;OR21;CST;MCO;OK;07/03/2008;07/03/2008;C;OPT;C;TR;RF16;72;34;38;6;;4;467,5959;;;07/03/2008;;;;
43876582;TERRITOIRE;36 FO - IRS - 16 RUE SEVERINE/IRS - ANGLE MARCEL SEMBAT - SEVERINE;;;SFR_COLL;DSP_MAJ_IRISE;;;OR21;OR1;OR21;CST;MCO;OK;19/03/2024;19/03/2024;C;OPT;C;TR;RF50;36;34;2;3;;4;5,7417;;;19/03/2024;;;;
4630964;TERRITOIRE;IRS - 24FO BI/POP CHAUFFERIE_CROIX_DU_SUD (A04);;;SFR_COLL;DSP_MAJ_IRISE;;;OR21;OR1;OR21;CST;MCO;OK;27/07/2009;27/07/2009;C;OPT;C;DI;RF15;24;22;2;4;;4;7,2623;;;27/07/2009;;;;
16531588;TERRITOIRE;IRS - 24FO - BRIAND OHRESSER / FT 2713 - 120 BOULEVARD DE STALINGRAD;;;SFR_COLL;DSP_MAJ_IRISE;;;OR21;OR1;OR21;CST;MCO;OK;20/11/2019;20/11/2019;C;OPT;C;DI;RF29;24;20;4;4;;5;449,9442;;;20/11/2019;;;;
4629925;TERRITOIRE;IRS - 144FO - RASPAIL_STE FOIX BPE2/JULES FERRY PK 3703;;;SFR_COLL;DSP_MAJ_IRISE;;;OR21;OR1;OR21;CST;MCO;OK;29/07/2009;29/07/2009;C;OPT;C;LH;RF40;144;94;50;12;;4;659,9413;;;29/07/2009;;;;
4604873;TERRITOIRE;IRS - 48FO - BLANDIN-CHATENAY/CHATENAY-PREVERT PIERREFITTE;;;SFR_COLL;DSP_MAJ_IRISE;;;OR21;OR1;OR21;CST;MCO;OK;09/12/2005;09/12/2005;C;OPT;C;TR;RF19;48;40;8;4;;4;101,2787;;;09/12/2005;;;;
9746707;HORS TERRITOIRE;IRS - 48 FO - FT 2016 - IRS OTI FRANCE N-1 / AVE DE LA MARE (SAINT OUEN L AUMONE);;;SFR_COLL;DSP_MAJ_IRISE;;;OR21;OR1;OR21;CST;MCO;OK;15/03/2016;15/03/2016;C;OPT;C;TR;RF20;48;46;2;8;;5;479,9452;;;15/03/2016;;;;
4641072;TERRITOIRE;IRS - 144FO - NEW CONVENTION PERI/16 RUE SEVERINE;;;SFR_COLL;DSP_MAJ_IRISE;;;OR21;OR1;OR21;CST;MCO;OK;23/01/2012;23/01/2012;C;OPT;C;LH;RF40;144;138;6;12;;4;585,8430;;;23/01/2012;;;;
4631457;TERRITOIRE;IRS - 24FO BI/POP CILOF DOUANES (D61);;;SFR_COLL;DSP_MAJ_IRISE;;;OR21;OR1;OR21;CST;MCO;OK;24/07/2009;24/07/2009;C;OPT;C;DI;RF15;24;20;4;4;;4;25,2393;;;24/07/2009;;;;
28951782;TERRITOIRE;IRS - 24FO - FT3434 - RUE JULES VALLES  / FT2722 - RUE CHARLES DELAVACQUERIE;;;SFR_COLL;DSP_MAJ_IRISE;;;OR21;OR1;OR21;CST;MCO;OK;14/01/2022;14/01/2022;C;OPT;C;DI;RF29;24;20;4;4;;5;602,1226;;;14/01/2022;;;;
35527457;TERRITOIRE;IRIS - 12FO - POP ECOLE PIERRE BROSSOLETTE / POP CAM51;;;SFR_COLL;DSP_MAJ_IRISE;;;OR21;OR1;OR21;CST;MCO;OK;09/12/2022;09/12/2022;C;OPT;C;DI;RF27;12;10;2;2;;5;204,5988;;;09/12/2022;;;;
29945383;TERRITOIRE;IRS - 8 RUE GABRIEL PERI (MONTROUGE) - BPE 1 / IRS - PERI-GINOUX (MONTROUGE) - BPE 1;;;SFR_COLL;DSP_MAJ_IRISE;;;OR21;OR1;OR21;CST;MCO;OK;04/03/2022;04/03/2022;C;OPT;C;DI;RF27;12;8;4;2;;5;130,2522;;;04/03/2022;;;;
4603519;TERRITOIRE;CAB000000015765 - 144FO;;;SFR_COLL;DSP_MAJ_IRISE;;;OR21;OR1;OR21;CST;MCO;OK;28/05/2004;28/05/2004;C;OPT;C;LH;RF74;144;90;54;12;;100;25,0198;;;28/05/2004;;;;
6299745;TERRITOIRE;144 FO - IRISE - ANGLE GARDINOUX-VICTOR HUGO - BPE 1 / TABAC VICTOR HUGO;;;SFR_COLL;DSP_MAJ_IRISE;;;OR21;OR1;OR21;CST;MCO;OK;30/04/2013;30/04/2013;C;OPT;C;LH;RF22;144;126;18;12;;4;403,7193;;;30/04/2013;;;;
4633278;TERRITOIRE;IRS - 144FO - 7 RUE DES NOYERS (D619AUB0004)/CHB PRESSENCE (HT ST DENIS);;;SFR_COLL;DSP_MAJ_IRISE;;;OR21;OR1;OR21;CST;MCO;OK;29/09/2009;29/09/2009;C;OPT;C;LH;RF40;144;89;55;12;;4;1408,2835;;;29/09/2009;;;;
4614820;TERRITOIRE;IRS - COMPAGNONS_QUAI CROISETTE (CRETEIL)/COMPAGNONS_LIBERATION (CRETEIL);;;SFR_COLL;DSP_MAJ_IRISE;;;OR21;OR1;OR21;CST;MCO;OK;24/07/2007;24/07/2007;C;OPT;C;TR;RF16;72;42;30;6;;4;243,6262;;;24/07/2007;;;;
4715410;HORS TERRITOIRE;IRS - 36FO -  N-1 WIKA INSTRUMENT/AV GROS CHENE/ROSA LUXEMBOURG;;;SFR_COLL;DSP_MAJ_IRISE;;;OR21;OR1;OR21;CST;MCO;OK;28/09/2012;28/09/2012;C;OPT;C;TR;RF88;36;33;3;6;;4;264,4388;;;28/09/2012;;;;
4604911;TERRITOIRE;(NE PLUS UTILISER)IRS - 24FO BPE/POP IMM_SOLIDARITES;;;SFR_COLL;DSP_MAJ_IRISE;;;OR21;OR1;OR21;CST;MCO;OK;03/08/2009;03/08/2009;C;OPT;C;DI;RF15;24;18;6;4;;4;26,5446;;;03/08/2009;;;;
14840041;TERRITOIRE;IRS - 144 FO - FT 1456 - 101 BOULEVARD EDOUARD VAILLLANT / FT 1398 - 130 RUE DANIELLE CASANOVA;;;SFR_COLL;DSP_MAJ_IRISE;;;OR21;OR1;OR21;CST;MCO;OK;20/05/2019;20/05/2019;C;OPT;C;LH;RF22;144;144;0;12;;4;500,6452;;;20/05/2019;;;;
17019281;TERRITOIRE;36 FO - IRS - 1674 - RUE FULGENCE BIENVENUE / IRS - FT 1245 - ROUTE PRINCIPALE DU PORT;;;SFR_COLL;DSP_MAJ_IRISE;;;OR21;OR1;OR21;CST;MCO;OK;11/07/2019;11/07/2019;C;OPT;C;TR;RF176;36;36;0;3;;4;2180,0178;;;11/07/2019;;;;
19025009;TERRITOIRE;IRS - 36 FO - IRS - FT 559 - 4 ALLEE DU VAL DU MOULIN / IRS - FT 806 - 13 AVENUE JEAN MOULIN (STAINS);;;SFR_COLL;DSP_MAJ_IRISE;;;OR21;OR1;OR21;CST;MCO;OK;26/06/2020;26/06/2020;C;OPT;C;TR;RF50;36;35;1;3;;4;1552,3529;;;26/06/2020;;;;
44036900;TERRITOIRE;IRS - 12FO - FT 1 RUE DE FONTENAY / POP MAISON DE QUARTIER LE TROIS MATS BOURG LA REINE - AA;;;SFR_COLL;DSP_MAJ_IRISE;;;OR21;OR1;OR21;CST;MCO;OK;27/03/2024;27/03/2024;C;OPT;C;DI;RF27;12;10;2;2;;5;703,2866;;;27/03/2024;;;;
4594551;TERRITOIRE;IRS -  QUAI STALINGRAD-BD DES ILES/STATION BP A L ANGLE;;;SFR_COLL;DSP_MAJ_IRISE;;;OR21;OR1;OR21;CST;MCO;OK;10/09/2002;10/09/2002;C;OPT;C;LH;RF118;288;208;80;24;;102;494,7136;;;10/09/2002;;;;
4605786;TERRITOIRE;IRS - ALLEE JEAN BIGUET/QUAI BIR HAKEIM;;;SFR_COLL;DSP_MAJ_IRISE;;;OR21;OR1;OR21;CST;MCO;OK;10/02/2004;10/02/2004;C;OPT;C;LH;RF56;144;102;42;12;;4;653,0583;;;10/02/2004;;;;
4632895;HORS TERRITOIRE;IRS - 24 FO - POP CIMV BDF NOISIEL/PARKING 2 AV. PIERRE MENDES (NOISIEL)- AB;;;SFR_COLL;DSP_MAJ_IRISE;;;OR21;OR1;OR21;CST;MCO;OK;19/12/2011;19/12/2011;C;OPT;C;DI;RF15;24;24;0;4;;4;150,2759;;;19/12/2011;;;;
7728038;TERRITOIRE;IRS - 144FO - LD -ANGLE RUE DES VENETS_RUE DU 8 MAI 1945/ 51 AV FREDERIC ET IRENE JOLIOT CURIE;;;SFR_COLL;DSP_MAJ_IRISE;;;OR21;OR1;OR21;CST;MCO;OK;21/01/2014;21/01/2014;C;OPT;C;LH;RF22;144;142;2;12;;4;265,3943;;;21/01/2014;;;;
4622939;HORS TERRITOIRE;IRS - 48FO SANTEUIL FRENES/BAS NOYER;;;SFR_COLL;DSP_MAJ_IRISE;;;OR21;OR1;OR21;CST;MCO;OK;10/01/2008;10/01/2008;C;OPT;C;TR;RF19;48;11;37;4;;4;268,3353;;;10/01/2008;;;;
4609510;TERRITOIRE;IRS - 48FO - RUE MONMOUSSEAU/CENTRE LOGISTIQUE - AA;;;SFR_COLL;DSP_MAJ_IRISE;;;OR21;OR1;OR21;CST;MCO;OK;16/01/2008;16/01/2008;C;OPT;C;TR;RF19;48;46;2;4;;4;48,7269;;;16/01/2008;;;;
4609920;TERRITOIRE;IRS - 144FO - METALLURGIE-SQUARE DIDEROT/AV METALLURGIE-PROCESSION;;;SFR_COLL;DSP_MAJ_IRISE;;;OR21;OR1;OR21;CST;MCO;OK;28/12/2005;28/12/2005;C;OPT;C;LH;RF40;144;55;89;12;;4;179,9456;;;28/12/2005;;;;
4614425;TERRITOIRE;IRS - MESLY (CRETEIL)/MGP MESLY (CRETEIL);;;SFR_COLL;DSP_MAJ_IRISE;;;OR21;OR1;OR21;CST;MCO;OK;31/07/2007;31/07/2007;C;OPT;C;DI;RF38;12;10;2;1;;4;8,9441;;;31/07/2007;;;;
4639279;TERRITOIRE;IRS - 36 FO - BI 82 AVENUE DU 11 SEPTEMBRE/N-1 FTTS LE PERREUX;;;SFR_COLL;DSP_MAJ_IRISE;;;OR21;OR1;OR21;CST;MCO;OK;21/02/2012;21/02/2012;C;OPT;C;TR;RF42;36;32;4;6;;4;32,2057;;;21/02/2012;;;;
10939458;HORS TERRITOIRE;IRS - 12 FO - BI POP COGNE FRANCE / FT 1175 - IRS - RUE DE LA PATELLE;;;SFR_COLL;DSP_MAJ_IRISE;;;OR21;OR1;OR21;CST;MCO;OK;21/02/2017;21/02/2017;C;OPT;C;DI;RF27;12;11;1;2;;5;260,4417;;;21/02/2017;;;;
6109650;TERRITOIRE;IRS - 12FO - SOLETS-MORVAN/BI 33 RUE DU JURA;;;SFR_COLL;DSP_MAJ_IRISE;;;OR21;OR1;OR21;CST;MCO;OK;16/01/2006;16/01/2006;C;OPT;C;DI;RF14;12;2;10;2;;4;69,1422;;;16/01/2006;;;;
4614072;TERRITOIRE;IRS - 72FO - IRS ADD2 APHP CHARLES FOIX/IRS - PLACE SEMARD (VITRY);;;SFR_COLL;DSP_MAJ_IRISE;;;OR21;OR1;OR21;CST;MCO;OK;25/10/2007;25/10/2007;C;OPT;C;TR;RF16;72;66;6;6;;4;875,9748;;;25/10/2007;;;;
13888049;HORS TERRITOIRE;48FO - IRISE - FT 441 - RUE DU GENERAL GALLIENI / POP CENTRE CULTUREL L ESCALE;;;SFR_COLL;DSP_MAJ_IRISE;;;OR21;OR1;OR21;CST;MCO;OK;26/12/2018;26/12/2018;C;OPT;C;TR;RF20;48;44;4;8;;5;910,6996;;;26/12/2018;;;;
18227233;TERRITOIRE;IRISE - 12FO - N-1 HOTEL DE VILLE/ N-1 POP DSI;;;SFR_COLL;DSP_MAJ_IRISE;;;OR21;OR1;OR21;CST;MCO;OK;30/04/2020;30/04/2020;C;OPT;C;DI;RF27;12;0;12;2;;5;605,5732;;;30/04/2020;;;;
36586673;TERRITOIRE;BOITE EN CH FT 1022 / CH SAT SECURISEE CAM21_FT875;;;SFR_COLL;DSP_MAJ_IRISE;;;OR21;OR1;OR21;CST;MCO;OK;07/02/2023;07/02/2023;C;OPT;C;DI;RF27;12;10;2;2;;5;184,9315;;;07/02/2023;;;;
36521058;TERRITOIRE;36 FO - IRS - POP POLICE MUNICIPALE / N-1 POLICE MUNICIPALE FT530;;;SFR_COLL;DSP_MAJ_IRISE;;;OR21;OR1;OR21;CST;MCO;OK;03/02/2023;03/02/2023;C;OPT;C;TR;RF139;36;21;15;6;;5;18,9277;;;03/02/2023;;;;
4630961;TERRITOIRE;IRS - 24FO BI/POP FRETTES_2 (D27);;;SFR_COLL;DSP_MAJ_IRISE;;;OR21;OR1;OR21;CST;MCO;OK;27/07/2009;27/07/2009;C;OPT;C;DI;RF15;24;22;2;4;;4;16,4924;;;27/07/2009;;;;
4602866;TERRITOIRE;IRS - 72FO - PLACE CORNILLON/AV JULES RIMET;;;SFR_COLL;DSP_MAJ_IRISE;;;OR21;OR1;OR21;CST;MCO;OK;09/07/2004;09/07/2004;C;OPT;C;TR;RF16;72;56;16;6;;4;443,4208;;;09/07/2004;;;;
4607380;TERRITOIRE;IRS - 24FO - N-1/POP MAIRIE CHAVILLE;;;SFR_COLL;DSP_MAJ_IRISE;;;OR21;OR1;OR21;CST;MCO;OK;08/09/2009;08/09/2009;C;OPT;C;DI;RF24;24;21;3;2;;4;31,2651;;;08/09/2009;;;;
5509329;HORS TERRITOIRE;IRS - 36 FO - POP DGFIP HIRSCH/BVD DE L'HAUTIL - AA;;;SFR_COLL;DSP_MAJ_IRISE;;;OR21;OR1;OR21;CST;MCO;OK;22/01/2013;22/01/2013;C;OPT;C;TR;RF26;36;34;2;6;;4;216,0846;;;22/01/2013;;;;
5156371;TERRITOIRE;IRS - 72FO - PTC OPALYS ARAGO CURIE / BPE A RECOLE (NANTERRE);;;SFR_COLL;DSP_MAJ_IRISE;;;OR21;OR1;OR21;CST;MCO;OK;10/12/2012;10/12/2012;C;OPT;C;TR;RF52;72;60;12;6;;4;1,5418;;;10/12/2012;;;;
4616205;HORS TERRITOIRE;IRS - 144FO - AV PIERRE MENDES FRANCE/ MENDES - ALLEE DES BOIS;;;SFR_COLL;DSP_MAJ_IRISE;;;OR21;OR1;OR21;CST;MCO;OK;24/02/2010;24/02/2010;C;OPT;C;LH;RF22;144;79;65;12;;4;186,4914;;;24/02/2010;;;;
4624843;TERRITOIRE;IRS - EXPANSION/DE GAULLE-EULER;;;SFR_COLL;DSP_MAJ_IRISE;;;OR21;OR1;OR21;CST;MCO;OK;21/01/2010;21/01/2010;C;OPT;C;TR;RF19;48;32;16;4;;4;107,0757;;;21/01/2010;;;;
15513956;TERRITOIRE;IRISE - 24 FO - ANGLE RUE DE PARIS_RUE FRANCINE FROMOND / RUE DU PRE SAINT-GERVAIS;;;SFR_COLL;DSP_MAJ_IRISE;;;OR21;OR1;OR21;CST;MCO;OK;07/08/2019;07/08/2019;C;OPT;C;DI;RF29;24;22;2;4;;5;80,5792;;;07/08/2019;;;;
6043747;HORS TERRITOIRE;IRS - 72FO - N-1 / N-2 POP NAMCO BANDAI PETIT ALBI;;;SFR_COLL;DSP_MAJ_IRISE;;;OR21;OR1;OR21;CST;MCO;OK;03/04/2013;03/04/2013;C;OPT;C;TR;RF28;72;69;3;6;;4;253,3855;;;03/04/2013;;;;
4607470;TERRITOIRE;IRS - 48FO 50_LGTS_BEARN (D91)/52_LGTS_SICAMO (D80);;;SFR_COLL;DSP_MAJ_IRISE;;;OR21;OR1;OR21;CST;MCO;OK;17/07/2009;17/07/2009;C;OPT;C;TR;RF19;48;44;4;4;;4;170,1111;;;17/07/2009;;;;
7309940;HORS TERRITOIRE;IRS - 12 FO - POP FTTS NOISIEL BIS (STADE) / AVENUE PASTEUR - AA;;;SFR_COLL;DSP_MAJ_IRISE;;;OR21;OR1;OR21;CST;MCO;OK;18/09/2013;18/09/2013;C;OPT;C;DI;RF126;12;8;4;2;;5;73,3374;;;18/09/2013;;;;
4621477;TERRITOIRE;IRS - 144 FO - RUE DES SOLETS/RUE DES VOSGES-ALPES RUNGIS;;;SFR_COLL;DSP_MAJ_IRISE;;;OR21;OR1;OR21;CST;MCO;OK;02/09/2011;02/09/2011;C;OPT;C;LH;RF40;144;100;44;12;;4;224,6365;;;02/09/2011;;;;
43805236;TERRITOIRE;IRS - 36 FO - IRS - 55 RUE GABRIEL PERI - BPE 1 / IRS - FT 862 - 28 RUE PAUL VAILLANT COUTURIER - BPE 1;;;SFR_COLL;DSP_MAJ_IRISE;;;OR21;OR1;OR21;CST;MCO;OK;21/09/2021;21/09/2021;C;OPT;C;TR;RF50;36;36;0;3;;4;181,0676;;;21/09/2021;;;;
44352418;TERRITOIRE;IRS - 12FO - FT968 - RUE LOUIS AUGUSTE BLANQUI / FT160 - CH SAT SECURISEE CAM36;;;SFR_COLL;DSP_MAJ_IRISE;;;OR21;OR1;OR21;CST;MCO;OK;16/04/2024;16/04/2024;C;OPT;C;DI;RF27;12;10;2;2;;5;550,6973;;;16/04/2024;;;;
4609635;TERRITOIRE;IRS - SQUARE DU 19 MARS 1962/22 RUE HENRI BARBUSSE FRESNES;;;SFR_COLL;DSP_MAJ_IRISE;;;OR21;OR1;OR21;CST;MCO;OK;29/12/2005;29/12/2005;C;OPT;C;TR;RF42;36;32;4;6;;4;283,2452;;;29/12/2005;;;;
12933218;TERRITOIRE;IRS - 144 FO - 84 RUE GABRIEL PERI/52 AVENUE GABRIEL PERI;;;SFR_COLL;DSP_MAJ_IRISE;;;OR21;OR1;OR21;CST;MCO;OK;11/08/2017;11/08/2017;C;OPT;C;LH;RF128;144;87;57;12;;4;1053,8620;;;11/08/2017;;;;
11061157;TERRITOIRE;IRS - 24FO - POP CANON BUSINESS SERVICE ARDOIN SAINT OUEN/BI 50 RUE ARDOIN - AA;;;SFR_COLL;DSP_MAJ_IRISE;;;OR21;OR1;OR21;CST;MCO;OK;17/03/2017;17/03/2017;C;OPT;C;DI;RF30;24;23;1;4;;4;20,7102;;;17/03/2017;;;;
4600092;TERRITOIRE;IRS - 24FO - RUE DE PARIS/MAIRIE DES LILAS -AA;;;SFR_COLL;DSP_MAJ_IRISE;;;OR21;OR1;OR21;CST;MCO;OK;09/11/2011;09/11/2011;C;OPT;C;DI;RF24;24;23;1;2;;4;135,9759;;;09/11/2011;;;;
19174769;TERRITOIRE;IRS - 12FO - 324  - PLACE AUGUSTE RODIN/POP ANNEXE RODIN VILLEJUIF - AA;;;SFR_COLL;DSP_MAJ_IRISE;;;OR21;OR1;OR21;CST;MCO;OK;07/07/2020;07/07/2020;C;OPT;C;DI;RF27;12;8;4;2;;5;33,2227;;;07/07/2020;;;;
34295458;TERRITOIRE;IRS - 36 FO - FT873 - 3 RUE DE STAND / FT 98 - 39 RUE BORIS VILDE;;;SFR_COLL;DSP_MAJ_IRISE;;;OR21;OR1;OR21;CST;MCO;OK;06/10/2022;06/10/2022;C;OPT;C;TR;RF50;36;36;0;3;;4;1166,3869;;;06/10/2022;;;;
4605892;TERRITOIRE;IRS - 24FO ADD1 APHP AP-HP - HOPITAL DE BICETRE LE KREMLIN-BICETRE (CZA);;;SFR_COLL;DSP_MAJ_IRISE;;;OR21;OR1;OR21;CST;MCO;OK;28/04/2004;28/04/2004;C;OPT;C;DI;RF15;24;10;14;4;;4;973,8857;;;28/04/2004;;;;
4637912;HORS TERRITOIRE;IRS - 24FO - BI/POP HONEYWELL -AA;;;SFR_COLL;DSP_MAJ_IRISE;;;OR21;OR1;OR21;CST;MCO;OK;30/09/2011;30/09/2011;C;OPT;C;DI;RF15;24;22;2;4;;4;10,6287;;;30/09/2011;;;;
7786146;TERRITOIRE;IRS - 144FO - R DU DR ZAMENHOFF / FT - R FERDINAND BUISSON;;;SFR_COLL;DSP_MAJ_IRISE;;;OR21;OR1;OR21;CST;MCO;OK;05/02/2014;05/02/2014;C;OPT;C;LH;RF22;144;143;1;12;;4;500,0314;;;05/02/2014;;;;
4610928;TERRITOIRE;IRS - 62 AV G PERI/POP CMS ST OUEN;;;SFR_COLL;DSP_MAJ_IRISE;;;OR21;OR1;OR21;CST;MCO;OK;18/10/2006;18/10/2006;C;OPT;C;DI;RF14;12;4;8;2;;4;16,1556;;;18/10/2006;;;;
4631226;TERRITOIRE;IRS - 24FO - 36 RUE ST DENIS/POP UG1 OPH DE ST OUEN;;;SFR_COLL;DSP_MAJ_IRISE;;;OR21;OR1;OR21;CST;MCO;OK;09/04/2009;09/04/2009;C;OPT;C;DI;RF15;24;22;2;4;;4;108,0309;;;09/04/2009;;;;
30365219;TERRITOIRE;IRS - 12FO - FT1744 - 1 Rue Jeanne d'arc / PRC_CAM 05_66;;;SFR_COLL;DSP_MAJ_IRISE;;;OR21;OR1;OR21;CST;MCO;OK;24/03/2022;24/03/2022;C;OPT;C;DI;RF27;12;10;2;2;;5;727,5259;;;24/03/2022;;;;
4611264;TERRITOIRE;IRS- RUE DES CHEMINOTS/RUE LUIGI CHERUBINI  SAINT DENIS;;;SFR_COLL;DSP_MAJ_IRISE;;;OR21;OR1;OR21;CST;MCO;OK;10/02/2006;10/02/2006;C;OPT;C;TR;RF19;48;42;6;4;;4;342,3973;;;10/02/2006;;;;
21866673;HORS TERRITOIRE;IRS - 24FO - FT594 - ANGLE AV ANDRE ROUY- AV DE L EUROPE / FT 849 - 82 Avenue Andr?Æ Rouy;;;SFR_COLL;DSP_MAJ_IRISE;;;OR21;OR1;OR21;CST;MCO;OK;14/01/2021;14/01/2021;C;OPT;C;DI;RF29;24;22;2;4;;5;431,8234;;;14/01/2021;;;;
4640477;TERRITOIRE;IRS - 36FO - BI 15 RUE EMILE ZOLA/N-1 ROMAINVILLE(NOISY LE SEC);;;SFR_COLL;DSP_MAJ_IRISE;;;OR21;OR1;OR21;CST;MCO;OK;13/02/2012;13/02/2012;C;OPT;C;TR;RF42;36;34;2;6;;4;287,1827;;;13/02/2012;;;;
6365014;HORS TERRITOIRE;IRS - 144FO - PT3 AVENUE REDOUANE BOUGARA (PONTOISE) - BPE1 / PT3 - ROUTE DE PARIS A DIEPPE (OSNY);;;SFR_COLL;DSP_MAJ_IRISE;;;OR21;OR1;OR21;CST;MCO;OK;14/05/2013;14/05/2013;C;OPT;C;LH;RF22;144;141;3;12;;4;318,5229;;;14/05/2013;;;;
4603468;TERRITOIRE;IRS 24 FO N-1 CENTRE SOCIAL ESPERANTO/ POP CENTRE SOCIAL ESPERANTO - AA;;;SFR_COLL;DSP_MAJ_IRISE;;;OR21;OR1;OR21;CST;MCO;OK;20/06/2011;20/06/2011;C;OPT;C;DI;RF15;24;22;2;4;;4;101,0245;;;20/06/2011;;;;
8846177;TERRITOIRE;IRS - 144 FO - LD - RD POINT DES MARTYRS DE CHATEAUBRIANT(BAGNEUX) / 67 AV ARISTIDE BRIAND(ARCEUIL);;;SFR_COLL;DSP_MAJ_IRISE;;;OR21;OR1;OR21;CST;MCO;OK;22/05/2014;22/05/2014;C;OPT;C;LH;RF22;144;136;8;12;;4;744,7284;;;22/05/2014;;;;
4631814;TERRITOIRE;IRS - 24FO - MARRONNIERS-HELBRONNER ST OUEN/POP SIEGE OPH DE ST OUEN -AA;;;SFR_COLL;DSP_MAJ_IRISE;;;OR21;OR1;OR21;CST;MCO;OK;08/04/2009;08/04/2009;C;OPT;C;DI;RF15;24;20;4;4;;4;44,3428;;;08/04/2009;;;;
10978636;TERRITOIRE;24FO - IRS - BI 3 RUE HENRI ROL TANGUY/POP CNDA - AA;;;SFR_COLL;DSP_MAJ_IRISE;;;OR21;OR1;OR21;CST;MCO;OK;01/03/2017;01/03/2017;C;OPT;C;DI;RF48;24;23;1;4;;4;8,6550;;;01/03/2017;;;;
14838560;TERRITOIRE;36FO - IRS - FT161 - IRS - FT161 - 23 IMPASSE DELAMARRE  / IRS - 4 AVENUE LENINE PIERREFITTE-SUR-SEINE;;;SFR_COLL;DSP_MAJ_IRISE;;;OR21;OR1;OR21;CST;MCO;OK;20/05/2019;20/05/2019;C;OPT;C;TR;RF50;36;36;0;3;;4;959,5570;;;20/05/2019;;;;
4601653;HORS TERRITOIRE;IRS - 288FO - QUAI DE SEINE/MAUPASSANT;;;SFR_COLL;DSP_MAJ_IRISE;;;OR21;OR1;OR21;CST;MCO;OK;24/05/2004;24/05/2004;C;OPT;C;LH;RF74;144;144;0;12;;100;1796,4757;;;24/05/2004;;;;
4613106;TERRITOIRE;IRS-DOCTEUR ROUX-LUGO/QUAI JULES GUESDE VITRY;;;SFR_COLL;DSP_MAJ_IRISE;;;OR21;OR1;OR21;CST;MCO;OK;16/05/2006;16/05/2006;C;OPT;C;TR;RF16;72;70;2;6;;4;1143,3818;;;16/05/2006;;;;
4607796;TERRITOIRE;IRS - 36FO - 112 BIS RUE HOUDAN/SCEAUX N??1 PT;;;SFR_COLL;DSP_MAJ_IRISE;;;OR21;OR1;OR21;CST;MCO;OK;13/12/2004;13/12/2004;C;OPT;C;TR;RF49;36;18;18;3;;145;19,6508;;;13/12/2004;;;;
4608589;TERRITOIRE;IRS - 12FO - RUE DU SCORPION/SYDNEY 2;;;SFR_COLL;DSP_MAJ_IRISE;;;OR21;OR1;OR21;CST;MCO;OK;16/01/2006;16/01/2006;C;OPT;C;DI;RF14;12;8;4;2;;4;71,1018;;;16/01/2006;;;;
12865713;HORS TERRITOIRE;IRS - 48 FO - AV GROS CHENE/ROSA LUXEMBOURG / N-1 POP SAFRAN;;;SFR_COLL;DSP_MAJ_IRISE;;;OR21;OR1;OR21;CST;MCO;OK;16/05/2018;16/05/2018;C;OPT;C;TR;RF60;48;46;2;8;;4;241,4883;;;16/05/2018;;;;
4598362;TERRITOIRE;IRS - 24FO - N-1/LT MAIRIE DE JOINVILLE - AA;;;SFR_COLL;DSP_MAJ_IRISE;;;OR21;OR1;OR21;CST;MCO;OK;03/11/2008;03/11/2008;C;OPT;C;DI;RF15;24;22;2;4;;4;14,0396;;;03/11/2008;;;;
4608140;TERRITOIRE;IRS - RUE MAURICE ARNOUX-GUESDES/ECOLE RENAUDEL MONTROUGE;;;SFR_COLL;DSP_MAJ_IRISE;;;OR21;OR1;OR21;CST;MCO;OK;17/11/2005;17/11/2005;C;OPT;C;DI;RF14;12;6;6;2;;4;106,6377;;;17/11/2005;;;;
17888076;TERRITOIRE;IRS - 144 FO -  FT 155 - 105 RUE DE PARIS / IRS - FT 297 - 3 RUE DU GENERAL CHANZY;;;SFR_COLL;DSP_MAJ_IRISE;;;OR21;OR1;OR21;CST;MCO;OK;30/03/2020;30/03/2020;C;OPT;C;LH;RF22;144;144;0;12;;4;911,8093;;;30/03/2020;;;;
8793633;HORS TERRITOIRE;36FO - IRS - BI EDF RIN4 CONSORT (SAINT CLOUD) - BPE 1 SUNGARD EIFFAGE / POP BUREAUX DE LA COLLINE (ST CLOUD) EIFFAGE - BD;;;SFR_COLL;DSP_MAJ_IRISE;;;OR21;OR1;OR21;CST;MCO;OK;17/11/2014;17/11/2014;C;OPT;C;TR;RF26;36;35;1;6;;4;38,4842;;;17/11/2014;;;;
4631471;TERRITOIRE;IRS - 24FO - PERRIN-BERTHOUD/POP BIBLIOTHEQUE L. AUBRAC -AA;;;SFR_COLL;DSP_MAJ_IRISE;;;OR21;OR1;OR21;CST;MCO;OK;09/04/2009;09/04/2009;C;OPT;C;DI;RF15;24;16;8;4;;4;53,1474;;;09/04/2009;;;;
4608261;TERRITOIRE;IRS - ERREUR DE DECOUPAGE - ECOLE INFIRMIERE/VERS DAUPHIN - 1;;;SFR_COLL;DSP_MAJ_IRISE;;;OR21;OR1;OR21;CST;MCO;OK;14/11/2005;14/11/2005;C;OPT;C;LH;RF56;144;51;93;12;;4;35,1623;;;14/11/2005;;;;
22790537;TERRITOIRE;IRS - 12FO - FT1185 - 41 RUE ERNEST SAVART / POP MAISON DE QUARTIER GERARD RINCON MONTREUIL - AA;;;SFR_COLL;DSP_MAJ_IRISE;;;OR21;OR1;OR21;CST;MCO;OK;19/03/2021;19/03/2021;C;OPT;C;DI;RF27;12;8;4;2;;5;17,9126;;;19/03/2021;;;;
4610927;TERRITOIRE;IRS-INTERSECTION PERI-RENAN/INTERSECTION PERI-ROSIERS ST OUEN;;;SFR_COLL;DSP_MAJ_IRISE;;;OR21;OR1;OR21;CST;MCO;OK;18/10/2006;18/10/2006;C;OPT;C;TR;RF19;48;44;4;4;;4;52,8157;;;18/10/2006;;;;
8756834;HORS TERRITOIRE;IRS - 36 FO - 8 AVENUE DES PYRENEES / POP OTCI PYRENEES WISSOUS - AA;;;SFR_COLL;DSP_MAJ_IRISE;;;OR21;OR1;OR21;CST;MCO;OK;04/11/2014;04/11/2014;C;OPT;C;TR;RF26;36;36;0;6;;4;60,5785;;;04/11/2014;;;;
4608377;TERRITOIRE;IRS - 12FO - ANCIENNE MAIRIE DE CHAMPIGNY/52 RUE ALBERT THOMAS - AA;;;SFR_COLL;DSP_MAJ_IRISE;;;OR21;OR1;OR21;CST;MCO;OK;09/12/2004;09/12/2004;C;OPT;C;DI;RF14;12;10;2;2;;4;155,4592;;;09/12/2004;;;;
4601829;TERRITOIRE;IRS - 144FO - RUE DE LA COUTURE/RUE D'ORLY RUNGIS;;;SFR_COLL;DSP_MAJ_IRISE;;;OR21;OR1;OR21;CST;MCO;OK;28/10/2010;28/10/2010;C;OPT;C;LH;RF40;144;111;33;12;;4;224,0253;;;28/10/2010;;;;
10929640;TERRITOIRE;IRS - 36FO - QUAI FERNAND DUPUIS (CHOISY LE ROI)/BI POP MEDIATHEQUE;;;SFR_COLL;DSP_MAJ_IRISE;;;OR21;OR1;OR21;CST;MCO;OK;21/05/2013;21/05/2013;C;OPT;C;TR;RF26;36;35;1;6;;4;233,1099;;;21/05/2013;;;;
4611470;TERRITOIRE;IRS - 20 AV DU PRESIDENT WILSON/N-1 MAIRIE DE MONTREUIL;;;SFR_COLL;DSP_MAJ_IRISE;;;OR21;OR1;OR21;CST;MCO;OK;20/11/2006;20/11/2006;C;OPT;C;TR;RF43;48;22;26;6;;183;176,0173;;;20/11/2006;;;;
17846779;TERRITOIRE;IRS - 24 FO - FT 2329 - 40 RUE BEL AIR / FT 1983 - 127 RUE DE ROSNY (MONTREUIL);;;SFR_COLL;DSP_MAJ_IRISE;;;OR21;OR1;OR21;CST;MCO;OK;25/03/2020;25/03/2020;C;OPT;C;DI;RF29;24;22;2;4;;5;785,6912;;;25/03/2020;;;;
4604906;TERRITOIRE;IRS - 48FO CNAM/GARE CRETEIL_PREFECTURE;;;SFR_COLL;DSP_MAJ_IRISE;;;OR21;OR1;OR21;CST;MCO;OK;03/08/2009;03/08/2009;C;OPT;C;TR;RF59;48;42;6;4;;5;79,9766;;;03/08/2009;;;;
4616731;TERRITOIRE;IRS - 144FO - 67 AV ARISTIDE BRIAND/AV ARISTIDE BRIAND SORTIE PARKING LAPEYRE;;;SFR_COLL;DSP_MAJ_IRISE;;;OR21;OR1;OR21;CST;MCO;OK;29/08/2012;29/08/2012;C;OPT;C;LH;RF40;144;100;44;12;;4;139,9793;;;29/08/2012;;;;
4606625;TERRITOIRE;IRS - 24FO - LT POP - MAIRIE DE  CHARENTON/47BIS, RUE DE PARIS - CHARENTON LE PONT;;;SFR_COLL;DSP_MAJ_IRISE;;;OR21;OR1;OR21;CST;MCO;OK;19/01/2007;19/01/2007;C;OPT;C;DI;RF15;24;22;2;4;;4;58,3424;;;19/01/2007;;;;
18291877;TERRITOIRE;IRS - 12 FO - FT 3219 - 27 RUE ANATOLE FRANCE / FT 2329 - 40 RUE BEL AIR;;;SFR_COLL;DSP_MAJ_IRISE;;;OR21;OR1;OR21;CST;MCO;OK;07/05/2020;07/05/2020;C;OPT;C;DI;RF27;12;8;4;2;;5;199,1495;;;07/05/2020;;;;
15512768;TERRITOIRE;IRISE - 24FO - N-1 HOTEL DE VILLE / ANGLE BOULEVARD DE LA LIBERTE - RUE RAYMONDE SALEZ;;;SFR_COLL;DSP_MAJ_IRISE;;;OR21;OR1;OR21;CST;MCO;OK;07/08/2019;07/08/2019;C;OPT;C;DI;RF29;24;22;2;4;;5;170,1728;;;07/08/2019;;;;
4631513;TERRITOIRE;IRS - 24FO BI/POP TOURNELLES_1 (D74);;;SFR_COLL;DSP_MAJ_IRISE;;;OR21;OR1;OR21;CST;MCO;OK;27/07/2009;27/07/2009;C;OPT;C;DI;RF15;24;20;4;4;;4;21,4557;;;27/07/2009;;;;
4603700;TERRITOIRE;IRS - 41 DR TENINE/FERME;;;SFR_COLL;DSP_MAJ_IRISE;;;OR21;OR1;OR21;CST;MCO;OK;04/05/2004;04/05/2004;C;OPT;C;DI;RF38;12;2;10;1;;4;29,7920;;;04/05/2004;;;;
4640542;TERRITOIRE;IRS - ANGLE PIERRE TIMBAUD-ROND PT CDG/AV CHARLES DE GAULLE N-1 B2S LE SIGNAC;;;SFR_COLL;DSP_MAJ_IRISE;;;OR21;OR1;OR21;CST;MCO;OK;23/05/2012;23/05/2012;C;OPT;C;TR;RF16;72;63;9;6;;4;204,5062;;;23/05/2012;;;;
6586147;HORS TERRITOIRE;IRS - 144FO - RUE PIERRE BUTIN (PONTOISE) / FT 669 - RUE DE ROUEN (PONTOISE);;;SFR_COLL;DSP_MAJ_IRISE;;;OR21;OR1;OR21;CST;MCO;OK;05/06/2013;05/06/2013;C;OPT;C;LH;RF22;144;141;3;12;;4;343,4950;;;05/06/2013;;;;
8756833;HORS TERRITOIRE;IRS - 36 FO - RUE DU MORVAN / 8 AVENUE DES PYRENEES;;;SFR_COLL;DSP_MAJ_IRISE;;;OR21;OR1;OR21;CST;MCO;OK;04/11/2014;04/11/2014;C;OPT;C;TR;RF26;36;36;0;6;;4;127,5475;;;04/11/2014;;;;
4627073;TERRITOIRE;IRS - 144 FO - AV DES FRUITIERS/ADD 2 RUE FELLINI;;;SFR_COLL;DSP_MAJ_IRISE;;;OR21;OR1;OR21;CST;MCO;OK;21/07/2008;21/07/2008;C;OPT;C;LH;RF40;144;126;18;12;;4;93,1418;;;21/07/2008;;;;
6154145;TERRITOIRE;IRS - 144FO - R ANATOLE FRANCE CHAVILLE/FT_288 ANGLE GL LECLERC/AV TALAMON;;;SFR_COLL;DSP_MAJ_IRISE;;;OR21;OR1;OR21;CST;MCO;OK;15/04/2013;15/04/2013;C;OPT;C;LH;RF22;144;143;1;12;;4;421,0501;;;15/04/2013;;;;
36538662;TERRITOIRE;12 FO - FT96 - CH SAT SECURISEE CAM05 / FT99 - CH SAT SECURISEE CAM04;;;SFR_COLL;DSP_MAJ_IRISE;;;OR21;OR1;OR21;CST;MCO;OK;06/02/2023;06/02/2023;C;OPT;C;DI;RF27;12;8;4;2;;5;265,6471;;;06/02/2023;;;;
4608530;TERRITOIRE;IRS - 12FO - SOLOETS-MORVAN/MANILLE;;;SFR_COLL;DSP_MAJ_IRISE;;;OR21;OR1;OR21;CST;MCO;OK;16/01/2006;16/01/2006;C;OPT;C;DI;RF14;12;8;4;2;;4;110,7463;;;16/01/2006;;;;
6590610;TERRITOIRE;IRS - 144FO - AVENUE JEAN JAURES/RUE CONDORCET/12 RUE MAGENTA;;;SFR_COLL;DSP_MAJ_IRISE;;;OR21;OR1;OR21;CST;MCO;OK;05/06/2013;05/06/2013;C;OPT;C;LH;RF22;144;137;7;12;;4;821,8135;;;05/06/2013;;;;
4622726;TERRITOIRE;IRS - 24FO - SOLETS/TORONTO - AA;;;SFR_COLL;DSP_MAJ_IRISE;;;OR21;OR1;OR21;CST;MCO;OK;01/02/2010;01/02/2010;C;OPT;C;DI;RF24;24;20;4;2;;4;79,3064;;;01/02/2010;;;;
15512767;TERRITOIRE;IRISE - 24FO - ANGLE BOULEVARD DE LA LIBERTE - RUE RAYMONDE SALEZ / PRC CAMERA AU PIED DE 42;;;SFR_COLL;DSP_MAJ_IRISE;;;OR21;OR1;OR21;CST;MCO;OK;07/08/2019;07/08/2019;C;OPT;C;DI;RF29;24;22;2;4;;5;8,6360;;;07/08/2019;;;;
8856705;HORS TERRITOIRE;12 FO - IRS - N-1 POP ENERTRAG CERGY / RUE CHAUFFOURS_QUAI LIVRAISON;;;SFR_COLL;DSP_MAJ_IRISE;;;OR21;OR1;OR21;CST;MCO;OK;11/01/2012;11/01/2012;C;OPT;C;DI;RF14;12;10;2;2;;4;74,4454;;;11/01/2012;;;;
36533870;TERRITOIRE;12 FO - CH SAT SECURISEE CAM25_FT975 / BOITE EN CH_FT1022;;;SFR_COLL;DSP_MAJ_IRISE;;;OR21;OR1;OR21;CST;MCO;OK;06/02/2023;06/02/2023;C;OPT;C;DI;RF27;12;2;10;2;;5;52,2537;;;06/02/2023;;;;
16539905;TERRITOIRE;IRS - 24 FO -  FT 527 - 23 RUE JEAN BAPTISTE BAUDIN VILLEJUIF/ FT 448 -  ANGLE RUE E.VARLIN R.ROLLAND;;;SFR_COLL;DSP_MAJ_IRISE;;;OR21;OR1;OR21;CST;MCO;OK;21/11/2019;21/11/2019;C;OPT;C;DI;RF29;24;22;2;4;;5;793,1354;;;21/11/2019;;;;
4633221;TERRITOIRE;IRS - 144FO CHB PRESSENCE (HT ST DENIS)/BD PRESSENCE;;;SFR_COLL;DSP_MAJ_IRISE;;;OR21;OR1;OR21;CST;MCO;OK;29/09/2009;29/09/2009;C;OPT;C;LH;RF40;144;87;57;12;;4;371,0868;;;29/09/2009;;;;
4620256;TERRITOIRE;IRS - 138 BD JEAN JAURES/GARE DE PANTIN;;;SFR_COLL;DSP_MAJ_IRISE;;;OR21;OR1;OR21;CST;MCO;OK;24/03/2009;24/03/2009;C;OPT;C;LH;RF22;144;44;100;12;;4;1746,2554;;;24/03/2009;;;;
33287784;TERRITOIRE;IRS - 24 FO - IRS - 9 AVENUE ARISTIDE BRIAND / POP POLICE MUNICIPALE;;;SFR_COLL;DSP_MAJ_IRISE;;;OR21;OR1;OR21;CST;MCO;OK;17/08/2022;17/08/2022;C;OPT;C;DI;RF193;24;22;2;2;;5;986,6367;;;17/08/2022;;;;
4627984;TERRITOIRE;IRS - 288FO CHAUFFERIE_THIRARD (A07)/CEN_GEOTH_LGTS_JARDIN_PARISIEN;;;SFR_COLL;DSP_MAJ_IRISE;;;OR21;OR1;OR21;CST;MCO;OK;16/07/2009;16/07/2009;C;OPT;C;LH;RF51;288;284;4;24;;102;577,3137;;;16/07/2009;;;;
4601713;TERRITOIRE;IRS - 72FO - 25 RUE DES GRILLES/29 RUE JOINEAU;;;SFR_COLL;DSP_MAJ_IRISE;;;OR21;OR1;OR21;CST;MCO;OK;06/01/2006;06/01/2006;C;OPT;C;TR;RF16;72;71;1;6;;4;874,4282;;;06/01/2006;;;;
30276903;TERRITOIRE;IRS - 36 FO - FT 99 - AV DU 14 JUILLET / FT 80 - 10 AV. DU 14 JUILLET;;;SFR_COLL;DSP_MAJ_IRISE;;;OR21;OR1;OR21;CST;MCO;OK;21/03/2022;21/03/2022;C;OPT;C;TR;RF50;36;36;0;3;;4;191,5454;;;21/03/2022;;;;
4612265;TERRITOIRE;IRS - 48FO - RABELAIS LUCIA/AV FOCH_DESMOULINS;;;SFR_COLL;DSP_MAJ_IRISE;;;OR21;OR1;OR21;CST;MCO;OK;09/02/2007;09/02/2007;C;OPT;C;TR;RF19;48;46;2;4;;4;1903,6698;;;09/02/2007;;;;
4638880;TERRITOIRE;IRS - 144 FO - RUE HOCHE -  AVENUE DE LA RESISTANCE /CROIX CHAVAUX_RESISTANCE (MONTREUIL);;;SFR_COLL;DSP_MAJ_IRISE;;;OR21;OR1;OR21;CST;MCO;OK;30/12/2011;30/12/2011;C;OPT;C;LH;RF40;144;114;30;12;;4;588,1992;;;30/12/2011;;;;
32116907;TERRITOIRE;IRS - 36 FO - ANGLE GAMBETTA HOCHE  / FT 98 - AVENUE DU GENERALE DE GAULLE;;;SFR_COLL;DSP_MAJ_IRISE;;;OR21;OR1;OR21;CST;MCO;OK;15/06/2022;15/06/2022;C;OPT;C;TR;RF50;36;36;0;3;;4;792,1150;;;15/06/2022;;;;
15578014;TERRITOIRE;IRIS 36 FO - IRS - 54 RUE SAINT DENIS / FT 967 8 RUE MARCEL CACHIN;;;SFR_COLL;DSP_MAJ_IRISE;;;OR21;OR1;OR21;CST;MCO;OK;17/08/2019;17/08/2019;C;OPT;C;TR;RF50;36;36;0;3;;4;343,6008;;;17/08/2019;;;;
6438610;TERRITOIRE;IRS - 72FO - RUE BERNE/AVENUE JEAN MOULIN(SAINT DENIS);;;SFR_COLL;DSP_MAJ_IRISE;;;OR21;OR1;OR21;CST;MCO;OK;23/05/2013;23/05/2013;C;OPT;C;TR;RF28;72;66;6;6;;4;774,7237;;;23/05/2013;;;;
4612445;TERRITOIRE;IRS - 42 RUE CUVIER/POP SIEGE UBISOFT CUVIER MONTREUIL (ex - POP URSSAFF CUVIER) - AA;;;SFR_COLL;DSP_MAJ_IRISE;;;OR21;OR1;OR21;CST;MCO;OK;14/03/2006;14/03/2006;C;OPT;C;DI;RF14;12;8;4;2;;4;29,3681;;;14/03/2006;;;;
4610265;TERRITOIRE;IRS - 12FO - MAIRIE DE CLICHY/7 RUE DE VILLENEUVE;;;SFR_COLL;DSP_MAJ_IRISE;;;OR21;OR1;OR21;CST;MCO;OK;19/02/2007;19/02/2007;C;OPT;C;DI;RF70;12;11;1;2;;5;14,6029;;;19/02/2007;;;;
7269698;HORS TERRITOIRE;IRS - 24FO - AMBROISE CROIZAT D125/POP COMMUNE GARGES LES GONESSE RUE JEAN MOULIN-AA;;;SFR_COLL;DSP_MAJ_IRISE;;;OR21;OR1;OR21;CST;MCO;OK;06/09/2013;06/09/2013;C;OPT;C;DI;RF30;24;24;0;4;;4;31,0856;;;06/09/2013;;;;
4614661;TERRITOIRE;IRS - 72FO - IRS ANGLE PASTEUR/MESLY/IRS ANGLE CHOISSY/PASTEUR;;;SFR_COLL;DSP_MAJ_IRISE;;;OR21;OR1;OR21;CST;MCO;OK;27/09/2007;27/09/2007;C;OPT;C;TR;RF16;72;43;29;6;;4;357,3806;;;27/09/2007;;;;
4628427;TERRITOIRE;144 FO - IRS - ROND POINT DU MAL FOCH(NOGENT SUR MARNE)/IRS - RUE DE COULMIER;;;SFR_COLL;DSP_MAJ_IRISE;;;OR21;OR1;OR21;CST;MCO;OK;07/08/2012;07/08/2012;C;OPT;C;LH;RF40;144;141;3;12;;4;372,7673;;;07/08/2012;;;;
8851345;TERRITOIRE;BAGUETTE 144FO BPE1/BPE2 IRS - AV FRANCOIS ARAGO;;;SFR_COLL;DSP_MAJ_IRISE;;;OR21;OR1;OR21;CST;MCO;OK;05/12/2014;05/12/2014;C;OPT;C;LH;RF22;144;137;7;12;;4;0,0711;;;05/12/2014;;;;
4635407;TERRITOIRE;IRS - 48FO - POP MINEFI DGE / RUE COURTOIS -AA;;;SFR_COLL;DSP_MAJ_IRISE;;;OR21;OR1;OR21;CST;MCO;OK;13/07/2010;13/07/2010;C;OPT;C;TR;RF19;48;46;2;4;;4;23,1453;;;13/07/2010;;;;
4595995;TERRITOIRE;IRS - 144FO - AV CLAUDE PERRAULT/112 BIS RUE HOUDAN - 144 CD FT;;;SFR_COLL;DSP_MAJ_IRISE;;;OR21;OR1;OR21;CST;MCO;OK;10/09/2002;10/09/2002;C;OPT;C;LH;RF74;144;71;73;12;;100;1090,5189;;;10/09/2002;;;;
4631817;TERRITOIRE;IRS - 48FO INTERSECTION GODILLOT-DIEUMEGARD/119 BIS RUE DU DR BAUER;;;SFR_COLL;DSP_MAJ_IRISE;;;OR21;OR1;OR21;CST;MCO;OK;08/04/2009;08/04/2009;C;OPT;C;TR;RF19;48;37;11;4;;4;391,4428;;;08/04/2009;;;;
4603581;TERRITOIRE;IRS - 72FO - RUE FAIDHERBE/RUE VICTOR HUGO NANTERRE;;;SFR_COLL;DSP_MAJ_IRISE;;;OR21;OR1;OR21;CST;MCO;OK;15/10/2004;15/10/2004;C;OPT;C;TR;RF16;72;21;51;6;;4;649,5868;;;15/10/2004;;;;
4613982;TERRITOIRE;IRS 24FO AP-HP - HOPITAL AMBROISE PARE BOULOGNE BILLANCOURT/IRS N-1 ADD2 PARE;;;SFR_COLL;DSP_MAJ_IRISE;;;OR21;OR1;OR21;CST;MCO;OK;06/11/2007;06/11/2007;C;OPT;C;DI;RF15;24;20;4;4;;4;111,4764;;;06/11/2007;;;;
5853970;TERRITOIRE;IRS - 72FO - RUE SOLETS / IRS - ANGLE LONGJUMEAU-SOLETS (RUNGIS) - BPE 1;;;SFR_COLL;DSP_MAJ_IRISE;;;OR21;OR1;OR21;CST;MCO;OK;18/05/2011;18/05/2011;C;OPT;C;TR;RF16;72;70;2;6;;4;155,2460;;;18/05/2011;;;;
4609865;TERRITOIRE;IRS - PK 17842 GARE DE RUNGIS/VOIE DES GROUX;;;SFR_COLL;DSP_MAJ_IRISE;;;OR21;OR1;OR21;CST;MCO;OK;05/10/2005;05/10/2005;C;OPT;C;TR;RF23;72;67;5;6;;145;518,5506;;;05/10/2005;;;;
4604905;TERRITOIRE;IRS - 24FO BPE/POP IMM_CLIENT;;;SFR_COLL;DSP_MAJ_IRISE;;;OR21;OR1;OR21;CST;MCO;OK;03/08/2009;03/08/2009;C;OPT;C;DI;RF15;24;16;8;4;;4;50,8795;;;03/08/2009;;;;
4605629;HORS TERRITOIRE;IRS - 144FO - RUE GOUNOD/AV DE LA SOUBRIARDE;;;SFR_COLL;DSP_MAJ_IRISE;;;OR21;OR1;OR21;CST;MCO;OK;20/10/2004;20/10/2004;C;OPT;C;LH;RF40;144;92;52;12;;4;225,7166;;;20/10/2004;;;;
8847681;TERRITOIRE;144FO-IRS- SARRAZINE-FRERES LUMIERE/AV PAUL VAILLANT COUTURIER (BAGNEUX);;;SFR_COLL;DSP_MAJ_IRISE;;;OR21;OR1;OR21;CST;MCO;OK;02/12/2014;02/12/2014;C;OPT;C;LH;RF22;144;110;34;12;;4;418,3626;;;02/12/2014;;;;
15515020;TERRITOIRE;IRISE - 24FO - BOULEVARD JEAN JAURES / PRC CAMERA C18;;;SFR_COLL;DSP_MAJ_IRISE;;;OR21;OR1;OR21;CST;MCO;OK;07/08/2019;07/08/2019;C;OPT;C;DI;RF29;24;24;0;4;;5;4,5901;;;07/08/2019;;;;
8437153;TERRITOIRE;IRS - 144FO - BAG - 13 LAVOISIER - BPE1/BPE2;;;SFR_COLL;DSP_MAJ_IRISE;;;OR21;OR1;OR21;CST;MCO;OK;24/07/2014;24/07/2014;C;OPT;C;LH;RF22;144;143;1;12;;4;0,3082;;;24/07/2014;;;;
4623003;TERRITOIRE;IRS - 144FO - HUGO_PASCAL/RUE FAIDHERBE;;;SFR_COLL;DSP_MAJ_IRISE;;;OR21;OR1;OR21;CST;MCO;OK;29/09/2010;29/09/2010;C;OPT;C;LH;RF40;144;142;2;12;;4;649,6872;;;29/09/2010;;;;
4603709;TERRITOIRE;IRS - 144FO - RASPAIL-ST JUST/GUIGNOIS;;;SFR_COLL;DSP_MAJ_IRISE;;;OR21;OR1;OR21;CST;MCO;OK;15/05/2004;15/05/2004;C;OPT;C;LH;RF56;144;43;101;12;;4;226,5804;;;15/05/2004;;;;
4607874;TERRITOIRE;IRS - PK85690 VILLENEUVE LE ROI/PK 13965 ORLY VILLE;;;SFR_COLL;DSP_MAJ_IRISE;;;OR21;OR1;OR21;CST;MCO;OK;05/10/2005;05/10/2005;C;OPT;C;TR;RF23;72;24;48;6;;145;1362,3505;;;05/10/2005;;;;
4625966;HORS TERRITOIRE;IRS - 72FO - AV PAVE NEUF/ AVENUE DU PAVE NEUF NOISY LE GRAND;;;SFR_COLL;DSP_MAJ_IRISE;;;OR21;OR1;OR21;CST;MCO;OK;27/03/2008;27/03/2008;C;OPT;C;TR;RF16;72;70;2;6;;4;190,1892;;;27/03/2008;;;;
7201941;TERRITOIRE;IRS - 36FO - 84 AVENUE GUY MOQUET / POP FTTS MOZART (JOINVILLE LE PONT) - AA;;;SFR_COLL;DSP_MAJ_IRISE;;;OR21;OR1;OR21;CST;MCO;OK;13/08/2013;13/08/2013;C;OPT;C;TR;RF26;36;32;4;6;;4;30,6766;;;13/08/2013;;;;
7814305;TERRITOIRE;IRS - 72FO - PK13965 ORLY VILLE / AV DE LA VICTOIRE SOUS PONT SNCF;;;SFR_COLL;DSP_MAJ_IRISE;;;OR21;OR1;OR21;CST;MCO;OK;18/10/2005;18/10/2005;C;OPT;C;TR;RF16;72;25;47;6;;4;28,7766;;;18/10/2005;;;;
4608827;TERRITOIRE;IRS - 12FO - RUE NUNGESSER ET COLI/COMPLEXE SPORTIF 3 (Stade) PIERREFITTE;;;SFR_COLL;DSP_MAJ_IRISE;;;OR21;OR1;OR21;CST;MCO;OK;28/07/2005;28/07/2005;C;OPT;C;DI;RF14;12;6;6;2;;4;36,1246;;;28/07/2005;;;;
4629860;TERRITOIRE;IRS - 24FO - BNP ADD NORD/AV JULES RIMET;;;SFR_COLL;DSP_MAJ_IRISE;;;OR21;OR1;OR21;CST;MCO;OK;08/07/2008;08/07/2008;C;OPT;C;DI;RF15;24;24;0;4;;4;32,2391;;;08/07/2008;;;;
15501490;TERRITOIRE;IRISE - 24 FO - RUE DE ROMAINVILLE /  N-1 POP FETES ET CEREMONIES;;;SFR_COLL;DSP_MAJ_IRISE;;;OR21;OR1;OR21;CST;MCO;OK;06/08/2019;06/08/2019;C;OPT;C;DI;RF29;24;19;5;4;;5;49,3505;;;06/08/2019;;;;
4605437;TERRITOIRE;IRS - RUE DES CHEMINS/AV DES FRUITIERS;;;SFR_COLL;DSP_MAJ_IRISE;;;OR21;OR1;OR21;CST;MCO;OK;15/10/2004;15/10/2004;C;OPT;C;LH;RF40;144;101;43;12;;4;377,4762;;;15/10/2004;;;;
4600501;TERRITOIRE;IRS - 24FO - FRANCOIS MAURIAC / POP THD CRETEIL;;;SFR_COLL;DSP_MAJ_IRISE;;;OR21;OR1;OR21;CST;MCO;OK;01/03/2010;01/03/2010;C;OPT;C;DI;RF15;24;10;14;4;;4;76,5574;;;01/03/2010;;;;
4594061;TERRITOIRE;IRS - CROIX DE CHAVAUX/ VINCENNES/WILSON-GALLIENI - ????;;;SFR_COLL;DSP_MAJ_IRISE;;;OR21;OR1;OR21;CST;MCO;OK;08/12/2003;08/12/2003;C;OPT;C;TR;RF16;72;19;53;6;;4;387,3439;;;08/12/2003;;;;
6936866;TERRITOIRE;IRS - 144FO - IRS - 12 RUE HAMEAU / IRS - AVENUE ARISTIDE BRIAND - AVENUE MARCEL CACHIN;;;SFR_COLL;DSP_MAJ_IRISE;;;OR21;OR1;OR21;CST;MCO;OK;08/07/2013;08/07/2013;C;OPT;C;LH;RF22;144;140;4;12;;4;422,9678;;;08/07/2013;;;;
4596866;TERRITOIRE;IRS - 105 AV ARISTIDE BRIAND/MAISON DES ASSOCIATIONS MONTROUGE;;;SFR_COLL;DSP_MAJ_IRISE;;;OR21;OR1;OR21;CST;MCO;OK;07/07/2005;07/07/2005;C;OPT;C;DI;RF14;12;4;8;2;;4;21,3774;;;07/07/2005;;;;
4632113;TERRITOIRE;IRS - 48FO CEN_GEOTH_LGTS_JARDIN_PARISIEN/CHAUFFERIE_JULES_FERRY (A3);;;SFR_COLL;DSP_MAJ_IRISE;;;OR21;OR1;OR21;CST;MCO;OK;17/07/2009;17/07/2009;C;OPT;C;TR;RF19;48;46;2;4;;4;238,4265;;;17/07/2009;;;;
17389475;TERRITOIRE;IRS - FT 650 - 27 RUE HOCHE / FT 709 - 2 ALLEE DE L'ESPERANCE;;;SFR_COLL;DSP_MAJ_IRISE;;;OR21;OR1;OR21;CST;MCO;OK;13/02/2020;13/02/2020;C;OPT;C;LH;RF22;144;144;0;12;;4;437,1642;;;13/02/2020;;;;
21866674;HORS TERRITOIRE;IRS - 12FO - FT 849 - 82 Avenue Andr?Æ Rouy / PRC C44 CHAMBRE IRISE (VILLIERS SUR MARNE);;;SFR_COLL;DSP_MAJ_IRISE;;;OR21;OR1;OR21;CST;MCO;OK;14/01/2021;14/01/2021;C;OPT;C;DI;RF27;12;10;2;2;;5;96,8506;;;14/01/2021;;;;
42901541;TERRITOIRE;IRS - 12 FO - FT895 - POP POP CAMERA N_6 _MONTROUGE  / POP CAMERA (HUGO-ROL-360) MONTROUGE;;;SFR_COLL;DSP_MAJ_IRISE;;;OR21;OR1;OR21;CST;MCO;OK;18/01/2024;18/01/2024;C;OPT;C;DI;RF27;12;10;2;2;;5;7,4597;;;18/01/2024;;;;
4604264;TERRITOIRE;IRS - 36FO - A14 PK9920/JULES MANSARD BPE1;;;SFR_COLL;DSP_MAJ_IRISE;;;OR21;OR1;OR21;CST;MCO;OK;26/03/2002;26/03/2002;C;OPT;C;TR;RF42;36;14;22;6;;4;302,0140;;;26/03/2002;;;;
4601704;TERRITOIRE;CAB000000012575-2-1;;;SFR_COLL;DSP_MAJ_IRISE;;;OR21;OR1;OR21;CST;MCO;OK;28/05/2004;28/05/2004;C;OPT;C;TR;RF41;72;43;29;6;;5;1388,2715;;;28/05/2004;;;;
19349268;TERRITOIRE;IRS - 72 FO - IRS - FT 714 - RUE JEAN PIERRE TIMBAUD / IRS - FT 90 - ANGLE RUE GUERMAN TITOV-RUE SAINT STENAY;;;SFR_COLL;DSP_MAJ_IRISE;;;OR21;OR1;OR21;CST;MCO;OK;21/07/2020;21/07/2020;C;OPT;C;TR;RF28;72;72;0;6;;4;676,4428;;;21/07/2020;;;;
7847282;TERRITOIRE;IRS - 48FO - CGTEL_9306/PT1560 /RUE DE LA MONTJOIE;;;SFR_COLL;DSP_MAJ_IRISE;;;OR21;OR1;OR21;CST;MCO;OK;20/02/2014;20/02/2014;C;OPT;C;TR;RF47;48;44;4;4;;4;537,6016;;;20/02/2014;;;;
5060689;TERRITOIRE;IRS - 144FO - DELATTRE TASSIGNY / THOMEREAU CRETEIL;;;SFR_COLL;DSP_MAJ_IRISE;;;OR21;OR1;OR21;CST;MCO;OK;27/11/2012;27/11/2012;C;OPT;C;LH;RF22;144;136;8;12;;4;1143,5292;;;27/11/2012;;;;
4641179;HORS TERRITOIRE;IRS - POP CNAV NOISY LE GRAND/BI -AB;;;SFR_COLL;DSP_MAJ_IRISE;;;OR21;OR1;OR21;CST;MCO;OK;07/06/2012;07/06/2012;C;OPT;C;DI;RF15;24;24;0;4;;4;29,4083;;;07/06/2012;;;;
7270721;HORS TERRITOIRE;IRS - 72FO - RUE JEAN MOULIN/ROND POINT AMBROISE CROIZAT D125/D84A;;;SFR_COLL;DSP_MAJ_IRISE;;;OR21;OR1;OR21;CST;MCO;OK;25/05/2007;25/05/2007;C;OPT;C;TR;RF16;72;29;43;6;;4;793,8165;;;25/05/2007;;;;
17307616;TERRITOIRE;IRS - 36 FO - FT 277 - RUE DE BAPAUME NOGENT SUR MARNE / PLACE MOREAU DAVID FONTENAY-SOUS-BOIS;;;SFR_COLL;DSP_MAJ_IRISE;;;OR21;OR1;OR21;CST;MCO;OK;06/02/2020;06/02/2020;C;OPT;C;TR;RF50;36;36;0;3;;4;751,2648;;;06/02/2020;;;;
12933219;TERRITOIRE;IRS - 144 FO - ANGLE JFK-CHARLES GIDE/2 RUE SEVERINE;;;SFR_COLL;DSP_MAJ_IRISE;;;OR21;OR1;OR21;CST;MCO;OK;11/08/2017;11/08/2017;C;OPT;C;LH;RF148;144;87;57;12;;4;524,1320;;;11/08/2017;;;;
26962985;TERRITOIRE;IRS - 24 AV DES GRESILLIONS/LT POP NUMERICABLE;;;SFR_COLL;DSP_MAJ_IRISE;;;OR21;OR1;OR21;CST;MCO;OK;03/11/2021;03/11/2021;C;OPT;C;TR;RF26;36;32;4;6;;4;133,9147;;;03/11/2021;;;;
4638680;HORS TERRITOIRE;IRS - CROISEMENT NEWTON-AMPERE/29 PROMENADE MICHEL SIMON;;;SFR_COLL;DSP_MAJ_IRISE;;;OR21;OR1;OR21;CST;MCO;OK;22/11/2011;22/11/2011;C;OPT;C;TR;RF16;72;72;0;6;;4;424,9240;;;22/11/2011;;;;
4594318;TERRITOIRE;IRS - 72FO - TCT POUR IRISE/CARNOT PREFECTURE;;;SFR_COLL;DSP_MAJ_IRISE;;;OR21;OR1;OR21;CST;MCO;OK;30/01/2001;30/01/2001;C;OPT;C;TR;RF82;72;24;48;6;;193;3005,3587;;;30/01/2001;;;;
4625573;TERRITOIRE;IRS - 12FO - MONTROUGE CRECHE/MONTROUGE JARDIN ENFANCE;;;SFR_COLL;DSP_MAJ_IRISE;;;OR21;OR1;OR21;CST;MCO;OK;14/02/2008;14/02/2008;C;OPT;C;DI;RF38;12;4;8;1;;4;18,0279;;;14/02/2008;;;;
15928690;TERRITOIRE;IRS -  RUE MOCQUET - ALLEE BECQUEREL VILLEJUIF / FT 527 - 23 RUE JEAN BAPTISTE BAUDIN VILLEJUIF;;;SFR_COLL;DSP_MAJ_IRISE;;;OR21;OR1;OR21;CST;MCO;OK;23/09/2019;23/09/2019;C;OPT;C;DI;RF27;12;12;0;2;;5;175,2778;;;23/09/2019;;;;
4614541;TERRITOIRE;A DEPOSER IRS - 288FO LD QUAI OUEST/IRS QUAI HAUT PONT D'ISSY;;;SFR_COLL;DSP_MAJ_IRISE;;;OR21;OR1;OR21;CST;MCO;OK;08/10/2007;08/10/2007;C;OPT;C;LH;RF32;288;288;0;24;;4;154,5368;;;08/10/2007;;;;
22184161;TERRITOIRE;IRS - 12FO - FT95 - 22 RUE AUGUSTE PERRET / POP STADE LOUIS DOLLY VILLEJUIF - AA;;;SFR_COLL;DSP_MAJ_IRISE;;;OR21;OR1;OR21;CST;MCO;OK;06/02/2021;06/02/2021;C;OPT;C;DI;RF27;12;10;2;2;;5;27,6756;;;06/02/2021;;;;
29218659;TERRITOIRE;24 FO - IRS - FT 703  AVENUE DU PRESIDENT WILSON / FT 1377  RUE COLMET LEPINAY (MONTREUIL);;;SFR_COLL;DSP_MAJ_IRISE;;;OR21;OR1;OR21;CST;MCO;OK;27/01/2022;27/01/2022;C;OPT;C;DI;RF29;24;22;2;4;;5;393,0858;;;27/01/2022;;;;
9959496;TERRITOIRE;144 - IRS - JD-C16775740-BPE 1 / BPE 2;;;SFR_COLL;DSP_MAJ_IRISE;;;OR21;OR1;OR21;CST;MCO;OK;29/04/2003;29/04/2003;C;OPT;C;LH;RF56;144;0;144;12;;4;275,1126;;;29/04/2003;;;;
31997537;TERRITOIRE;24 FO - POP MAIRIE DES PAVILLONS-SOUS-BOIS / POP CONSERVATOIRE MUNICIPAL BERLIOZ;;;SFR_COLL;DSP_MAJ_IRISE;;;OR21;OR1;OR21;CST;MCO;OK;08/06/2022;08/06/2022;C;OPT;C;DI;RF29;24;22;2;4;;5;737,7622;;;08/06/2022;;;;
22554068;TERRITOIRE;IRS - 12FO - FT2138 - 98 RUE SAINT DENIS (MONTREUIL) / POP CRECHE ET MULTI ACCUEIL EMMI PIKLER-EX LES PINS MONTREUIL - AA;;;SFR_COLL;DSP_MAJ_IRISE;;;OR21;OR1;OR21;CST;MCO;OK;04/03/2021;04/03/2021;C;OPT;C;DI;RF27;12;8;4;2;;5;91,9880;;;04/03/2021;;;;
4607220;TERRITOIRE;IRS 12 FO -F MITTERRAND / POP PIERFITTE MATERNELLE E.R;;;SFR_COLL;DSP_MAJ_IRISE;;;OR21;OR1;OR21;CST;MCO;OK;21/03/2005;21/03/2005;C;OPT;C;DI;RF14;12;8;4;2;;4;95,3833;;;21/03/2005;;;;
36823784;TERRITOIRE;CH SAT SECURISEE CAM34_FT662 / N-1 MAIRIE BPE02_FT684;;;SFR_COLL;DSP_MAJ_IRISE;;;OR21;OR1;OR21;CST;MCO;OK;20/02/2023;20/02/2023;C;OPT;C;DI;RF29;24;22;2;4;;5;141,5906;;;20/02/2023;;;;
22167459;TERRITOIRE;24 FO - BPE FT 419 / BPE FT 356;;;SFR_COLL;DSP_MAJ_IRISE;;;OR21;OR1;OR21;CST;MCO;OK;05/02/2021;05/02/2021;C;OPT;C;DI;RF29;24;22;2;4;;5;287,4648;;;05/02/2021;;;;
31045873;HORS TERRITOIRE;IRS - 72FO - ROUTE NAPOLEON_ALLEE DU COLLEGE / NAPOLEON III (VAUCRESSONS);;;SFR_COLL;DSP_MAJ_IRISE;;;OR21;OR1;OR21;CST;MCO;OK;27/09/2004;27/09/2004;C;OPT;C;TR;RF16;72;48;24;6;;4;255,6870;;;27/09/2004;;;;
36650670;TERRITOIRE;24 FO - FT 1730 (SELON RETOUR TERRAIN)  48 RUE DU MOUTIER / FT242 - 34 RUE DU LANDY;;;SFR_COLL;DSP_MAJ_IRISE;;;OR21;OR1;OR21;CST;MCO;OK;10/02/2023;10/02/2023;C;OPT;C;DI;RF29;24;22;2;4;;5;740,2729;;;10/02/2023;;;;
27704097;TERRITOIRE;BPE CH IRISE L3T AV DE LA MARNE - BPE 1/MATERNELLE HAUT MESNIL MONTROUGE;;;SFR_COLL;DSP_MAJ_IRISE;;;OR21;OR1;OR21;CST;MCO;OK;17/11/2005;17/11/2005;C;OPT;C;DI;RF14;12;2;10;2;;4;55,4712;;;17/11/2005;;;;
4607797;TERRITOIRE;IRS - 36FO - N-1 CAA CLAMART/CLAMART N_2 PT;;;SFR_COLL;DSP_MAJ_IRISE;;;OR21;OR1;OR21;CST;MCO;OK;13/12/2004;13/12/2004;C;OPT;C;TR;RF42;36;10;26;6;;4;174,6281;;;13/12/2004;;;;
4605491;TERRITOIRE;IRS - 72FO - RUE DE LA BIEVRE/RUE DE LA COSARDE (L'HAYE LES ROSES);;;SFR_COLL;DSP_MAJ_IRISE;;;OR21;OR1;OR21;CST;MCO;OK;01/03/2006;01/03/2006;C;OPT;C;TR;RF16;72;61;11;6;;4;957,2149;;;01/03/2006;;;;
4609509;TERRITOIRE;IRS - 48FO - IRS - FT 559 - 4 ALLEE DU VAL DU MOULIN (STAINS)/MONMOUSSEAU_MOULIN NEUF;;;SFR_COLL;DSP_MAJ_IRISE;;;OR21;OR1;OR21;CST;MCO;OK;16/01/2008;16/01/2008;C;OPT;C;TR;RF19;48;42;6;4;;4;396,1204;;;16/01/2008;;;;
5410450;TERRITOIRE;IRS - 144 FO - 1 RUE RATEAU/IRS AVENUE MARCEL N CACHIN;;;SFR_COLL;DSP_MAJ_IRISE;;;OR21;OR1;OR21;CST;MCO;OK;10/01/2013;10/01/2013;C;OPT;C;LH;RF35;144;116;28;12;;4;532,6663;;;10/01/2013;;;;
4631831;TERRITOIRE;IRS - 144FO - SALENGRO-DAMOUS/1 BOULEVARD ARISTIDE BRIAND ( CHAMPIGNY-SUR-MARNE );;;SFR_COLL;DSP_MAJ_IRISE;;;OR21;OR1;OR21;CST;MCO;OK;24/11/2009;24/11/2009;C;OPT;C;LH;RF40;144;75;69;12;;4;439,3206;;;24/11/2009;;;;
23255139;TERRITOIRE;IRS - 36 FO - FT 622 - RUE JULES VALLES / IRS - 48 RUE DES ROSIERS;;;SFR_COLL;DSP_MAJ_IRISE;;;OR21;OR1;OR21;CST;MCO;OK;22/04/2021;22/04/2021;C;OPT;C;TR;RF50;36;36;0;3;;4;820,9611;;;22/04/2021;;;;
44410341;TERRITOIRE;IRISE - 12FO - CH SAT SECURISEE CAM68_FT712 / POP C68 LES PAVILLONS SOUS BOIS - AA;;;SFR_COLL;DSP_MAJ_IRISE;;;OR21;OR1;OR21;CST;MCO;OK;19/04/2024;19/04/2024;C;OPT;C;DI;RF27;12;10;2;2;;5;2,8234;;;19/04/2024;;;;
4604601;TERRITOIRE;NE PAS UTILISER - IRS - 72FO - PLACE VOLTAIRE/55 RUE GABRIEL PERI;;;SFR_COLL;DSP_MAJ_IRISE;;;OR21;OR1;OR21;CST;MCO;OK;10/09/2002;10/09/2002;C;OPT;C;TR;RF82;72;36;36;6;;193;619,2597;;;10/09/2002;;;;
4603828;HORS TERRITOIRE;IRS 48 FO - ROISSY 8PT/N-1 XEROX VILLEPINTE;;;SFR_COLL;DSP_MAJ_IRISE;;;OR21;OR1;OR21;CST;MCO;OK;24/06/2011;24/06/2011;C;OPT;C;TR;RF19;48;40;8;4;;4;790,2670;;;24/06/2011;;;;
45522017;TERRITOIRE;IRS - 12FO - RUE DU CASTEL MARLY / POP CRECHE CASTEL MARLY NANTERRE - AA;;;SFR_COLL;DSP_MAJ_IRISE;;;OR21;OR1;OR21;CST;MCO;OK;28/06/2024;28/06/2024;C;OPT;C;DI;RF27;12;10;2;2;;5;28,5125;;;28/06/2024;;;;
4614342;HORS TERRITOIRE;IRS - PLACE CLEMENCEAU/PONT DE ST CLOUD;;;SFR_COLL;DSP_MAJ_IRISE;;;OR21;OR1;OR21;CST;MCO;OK;24/09/2007;24/09/2007;C;OPT;C;TR;RF16;72;20;52;6;;4;70,1013;;;24/09/2007;;;;
18390139;TERRITOIRE;IRS - 12 FO - IRS - FT 1911 - FACE 12 RUE PAUL DOUMER / IRS - FT 2329 - 40 RUE BEL AIR;;;SFR_COLL;DSP_MAJ_IRISE;;;OR21;OR1;OR21;CST;MCO;OK;15/05/2020;15/05/2020;C;OPT;C;DI;RF27;12;8;4;2;;5;429,5237;;;15/05/2020;;;;
4604750;TERRITOIRE;IRS - 144FO - FINOT POULBOT/FRANCISQUE_POULBOT (ST DENIS);;;SFR_COLL;DSP_MAJ_IRISE;;;OR21;OR1;OR21;CST;MCO;OK;20/07/2007;20/07/2007;C;OPT;C;LH;RF40;144;47;97;12;;4;205,8626;;;20/07/2007;;;;
17396913;TERRITOIRE;IRS - 36 FO - N-1 POP C G94 / IRS - FT 1945 - AVENUE MAGELLAN;;;SFR_COLL;DSP_MAJ_IRISE;;;OR21;OR1;OR21;CST;MCO;OK;13/02/2020;13/02/2020;C;OPT;C;TR;RF50;36;36;0;3;;4;1020,6997;;;13/02/2020;;;;
4616394;TERRITOIRE;IRS - 12FO - ORADOUR GLANE/LUDOTHEQUE BONNEUIL;;;SFR_COLL;DSP_MAJ_IRISE;;;OR21;OR1;OR21;CST;MCO;OK;03/12/2007;03/12/2007;C;OPT;C;DI;RF14;12;10;2;2;;4;37,6853;;;03/12/2007;;;;
9398385;HORS TERRITOIRE;IRS - 12 FO - FT 856 - IRS - AVE DU CHATEAU/POP SENSIENT INDUSTRIE ST OUEN L AUMONE - AA;;;SFR_COLL;DSP_MAJ_IRISE;;;OR21;OR1;OR21;CST;MCO;OK;27/10/2015;27/10/2015;C;OPT;C;DI;RF109;12;11;1;2;;5;558,2355;;;27/10/2015;;;;
6281511;TERRITOIRE;IRS - NEW 144FO - NEW JULES FERRY PK 3703/RUE EDGAR QUINET (LA COURNEUVE) - BPE 1;;;SFR_COLL;DSP_MAJ_IRISE;;;OR21;OR1;OR21;CST;MCO;OK;25/04/2013;25/04/2013;C;OPT;C;LH;RF22;144;75;69;12;;4;633,3096;;;25/04/2013;;;;
4606224;TERRITOIRE;IRS - 144FO - CABLE 01 - VERS ARMOIRE DE RUE - AUBER PAR LE NORD - AA;;;SFR_COLL;DSP_MAJ_IRISE;;;OR21;OR1;OR21;CST;MCO;OK;01/01/2012;01/01/2012;C;OPT;C;LH;RF56;144;96;48;12;;4;21,4052;;;01/01/2012;;;;
4601070;TERRITOIRE;IRS - 12FO - MAIRIE DE BOBIGNY/AV SEMARD-BD THOREZ;;;SFR_COLL;DSP_MAJ_IRISE;;;OR21;OR1;OR21;CST;MCO;OK;26/11/2003;26/11/2003;C;OPT;C;DI;RF38;12;12;0;1;;4;41,8700;;;26/11/2003;;;;
26123034;TERRITOIRE;IRS - 12 FO - FT397 - RUE DE LA BIEVRE / CH L2C - RUE ROGER THORELLE;;;SFR_COLL;DSP_MAJ_IRISE;;;OR21;OR1;OR21;CST;MCO;OK;01/10/2021;01/10/2021;C;OPT;C;DI;RF27;12;10;2;2;;5;502,1474;;;01/10/2021;;;;
6191569;HORS TERRITOIRE;IRS - 72 FO - ANGLE RUE LA POSTE_BD DE L'OISE / ANGLE BD HAUTIL_BD DE L'HAUTIL;;;SFR_COLL;DSP_MAJ_IRISE;;;OR21;OR1;OR21;CST;MCO;OK;17/04/2013;17/04/2013;C;OPT;C;TR;RF28;72;71;1;6;;4;270,9172;;;17/04/2013;;;;
7767345;TERRITOIRE;IRISE - 144 FO - B601 CHAMBRE 10 / PLACE DE LA GARE ST-DENIS;;;SFR_COLL;DSP_MAJ_IRISE;;;OR21;OR1;OR21;CST;MCO;OK;30/01/2014;30/01/2014;C;OPT;C;LH;RF22;144;115;29;12;;4;59,3462;;;30/01/2014;;;;
4614460;TERRITOIRE;IRS - RUE FELLINI/POP VENTE PRIVEE;;;SFR_COLL;DSP_MAJ_IRISE;;;OR21;OR1;OR21;CST;MCO;OK;27/09/2007;27/09/2007;C;OPT;C;DI;RF177;12;8;4;2;;4;132,6250;;;27/09/2007;;;;
26028578;HORS TERRITOIRE;12 FO - IRISE - FT 457 - 18 RUE - LOUIS LENOIR / IRISE - FT 766 - 24 RUE DES COURTS SILLONS - BPE 1;;;SFR_COLL;DSP_MAJ_IRISE;;;OR21;OR1;OR21;CST;MCO;OK;28/09/2021;28/09/2021;C;OPT;C;DI;RF27;12;10;2;2;;5;231,4936;;;28/09/2021;;;;
17283233;HORS TERRITOIRE;12 FO - FT 441 - RUE DU GENERAL GALLIENI / IRISE - RUE DU GENERAL DE GAULLE;;;SFR_COLL;DSP_MAJ_IRISE;;;OR21;OR1;OR21;CST;MCO;OK;04/02/2020;04/02/2020;C;OPT;C;DI;RF37;12;10;2;2;;5;102,2183;;;04/02/2020;;;;
4607253;TERRITOIRE;IRS - 65 RUE ETIENNE DOLET/COMITE DES OEUVRES SOCIALES PIERREFITTE;;;SFR_COLL;DSP_MAJ_IRISE;;;OR21;OR1;OR21;CST;MCO;OK;15/04/2005;15/04/2005;C;OPT;C;DI;RF14;12;8;4;2;;4;36,5169;;;15/04/2005;;;;
4609603;TERRITOIRE;IRS - 24FO POP MBDA REAUMUR/AVENUE DESCARTES;;;SFR_COLL;DSP_MAJ_IRISE;;;OR21;OR1;OR21;CST;MCO;OK;30/01/2008;30/01/2008;C;OPT;C;DI;RF79;24;5;19;4;;5;225,0562;;;30/01/2008;;;;
4625715;HORS TERRITOIRE;12FO - N-1 / POP FTTS VIROFLAY NORD - AA;;;SFR_COLL;DSP_MAJ_IRISE;;;OR21;OR1;OR21;CST;MCO;OK;29/02/2012;29/02/2012;C;OPT;C;DI;RF38;12;8;4;1;;4;14,3176;;;29/02/2012;;;;
32302817;TERRITOIRE;IRS - 12 FO -  PRC / CAM3.1_74_75 ROSNY SOUS BOIS / PRC CAM 75 ROSNY SOUS BOIS;;;SFR_COLL;DSP_MAJ_IRISE;;;OR21;OR1;OR21;CST;MCO;OK;23/06/2022;23/06/2022;C;OPT;C;DI;RF27;12;10;2;2;;5;151,8961;;;23/06/2022;;;;
4636029;TERRITOIRE;IRS - 72 FO - N-1 CAA CHEVILLY/AVE DE LA REPUBLIQUE;;;SFR_COLL;DSP_MAJ_IRISE;;;OR21;OR1;OR21;CST;MCO;OK;11/05/2010;11/05/2010;C;OPT;C;TR;RF16;72;60;12;6;;4;303,7971;;;11/05/2010;;;;
11092241;HORS TERRITOIRE;IRS - 72FO - BI 1-5 RUE JEANNE D ARC/IRS - GUYNEMER SEVERINE;;;SFR_COLL;DSP_MAJ_IRISE;;;OR21;OR1;OR21;CST;MCO;OK;31/05/2013;31/05/2013;C;OPT;C;TR;RF28;72;72;0;6;;4;171,5508;;;31/05/2013;;;;
15340561;TERRITOIRE;IRS - 12 FO - FT1581- 90 AV DE STALINGRAD VILLEJUIF/POP MAIRIE ANNEXE ORMES VILLEJUIF-AA;;;SFR_COLL;DSP_MAJ_IRISE;;;OR21;OR1;OR21;CST;MCO;OK;18/07/2019;18/07/2019;C;OPT;C;DI;RF37;12;2;10;2;;5;367,7895;;;18/07/2019;;;;
6850769;HORS TERRITOIRE;IRS - 48FO - ALLEE DE LA MARCHE/N-1 VAUCRESSON;;;SFR_COLL;DSP_MAJ_IRISE;;;OR21;OR1;OR21;CST;MCO;OK;28/06/2013;28/06/2013;C;OPT;C;TR;RF47;48;26;22;4;;4;497,5501;;;28/06/2013;;;;
8931233;HORS TERRITOIRE;IRS - 48FO ADD1 APHP POINCARE - AA;;;SFR_COLL;DSP_MAJ_IRISE;;;OR21;OR1;OR21;CST;MCO;OK;16/01/2015;16/01/2015;C;OPT;C;TR;RF47;48;41;7;4;;4;286,5015;;;16/01/2015;;;;
4595214;TERRITOIRE;IRS - N-1 CERISAIE-TILLEUL/POP IMMEUBLE CTM FRESNES;;;SFR_COLL;DSP_MAJ_IRISE;;;OR21;OR1;OR21;CST;MCO;OK;19/02/2003;19/02/2003;C;OPT;C;DI;RF54;12;8;4;6;;4;12,3214;;;19/02/2003;;;;
4594099;TERRITOIRE;36FO TISC - ARISTIDE-BRIAND/CAA CACHAN;;;SFR_COLL;DSP_MAJ_IRISE;;;OR21;OR1;OR21;CST;MCO;OK;23/02/2005;23/02/2005;C;OPT;C;TR;RF42;36;20;16;6;;4;174,2652;;;23/02/2005;;;;
4596032;TERRITOIRE;IRS - 24FO - CH COLT N-1 CAA ROBINSON/112 BIS RUE HOUDAN;;;SFR_COLL;DSP_MAJ_IRISE;;;OR21;OR1;OR21;CST;MCO;OK;30/01/2001;30/01/2001;C;OPT;C;DI;RF71;24;10;14;12;;5;14,2195;;;30/01/2001;;;;
4598423;TERRITOIRE;IRS - 144FO - RUE VELPEAU ANTONY/43 AV ARISTIDE RIAND;;;SFR_COLL;DSP_MAJ_IRISE;;;OR21;OR1;OR21;CST;MCO;OK;26/05/2003;26/05/2003;C;OPT;C;LH;RF46;144;79;65;12;;100;726,3557;;;26/05/2003;;;;
4602548;TERRITOIRE;IRS - PONT D'IVRY/DE GAULLE - COUTURIER;;;SFR_COLL;DSP_MAJ_IRISE;;;OR21;OR1;OR21;CST;MCO;OK;12/04/2002;12/04/2002;C;OPT;C;LH;RF56;144;42;102;12;;4;461,9169;;;12/04/2002;;;;
4614896;TERRITOIRE;IRS-ADD 2 BPE IMM/GENDARMERIE ROSNY - AB;;;SFR_COLL;DSP_MAJ_IRISE;;;OR21;OR1;OR21;CST;MCO;OK;13/06/2007;13/06/2007;C;OPT;C;DI;RF15;24;20;4;4;;4;8,5441;;;13/06/2007;;;;
4610275;TERRITOIRE;IRS - 48FO - RUE JULES FERRY/N-1 NRA ROSNY SOUS BOIS;;;SFR_COLL;DSP_MAJ_IRISE;;;OR21;OR1;OR21;CST;MCO;OK;20/02/2007;20/02/2007;C;OPT;C;TR;RF89;48;34;14;8;;5;13,2303;;;20/02/2007;;;;
7428634;TERRITOIRE;IRS - 144FO - RUE DE BRY-RUE GENERAL DE GAULLE/FT - CHEMIN DU SPLENDID PANORAMA CHENNEVIERE SUR MARNE;;;SFR_COLL;DSP_MAJ_IRISE;;;OR21;OR1;OR21;CST;MCO;OK;23/10/2013;23/10/2013;C;OPT;C;LH;RF22;144;140;4;12;;4;468,9018;;;23/10/2013;;;;
19888678;TERRITOIRE;12 FO - IRISE - FT 379 - ROUTE DE BRY - RUE ADRIEN MENTIENNE / FT 456 - 8RUE MAURICE BERTEAUX;;;SFR_COLL;DSP_MAJ_IRISE;;;OR21;OR1;OR21;CST;MCO;OK;28/08/2020;28/08/2020;C;OPT;C;DI;RF27;12;6;6;2;;5;148,0558;;;28/08/2020;;;;
4608497;TERRITOIRE;IRS - 12FO - RUE DU MORVAN/TOKYO;;;SFR_COLL;DSP_MAJ_IRISE;;;OR21;OR1;OR21;CST;MCO;OK;17/01/2006;17/01/2006;C;OPT;C;DI;RF14;12;8;4;2;;4;37,2540;;;17/01/2006;;;;
37990498;TERRITOIRE;IRIS 12 FO - FT126 - CH SAT SECURISEE CAM12 / FT 587  N-1 POP CAMERA 11 LES SPAVILLONS SOUS BOIS;;;SFR_COLL;DSP_MAJ_IRISE;;;OR21;OR1;OR21;CST;MCO;OK;25/04/2023;25/04/2023;C;OPT;C;DI;RF27;12;8;4;2;;5;343,8667;;;25/04/2023;;;;
29154350;TERRITOIRE;12 FO - IRS - FT 703  AVENUE DU PRESIDENT WILSON (MONTREUIL) - BPE 1 / POP CENTRE DE LOISIRS LA CERISAIE MONTREUIL - AA;;;SFR_COLL;DSP_MAJ_IRISE;;;OR21;OR1;OR21;CST;MCO;OK;26/01/2022;26/01/2022;C;OPT;C;DI;RF27;12;8;4;2;;5;22,1737;;;26/01/2022;;;;
22935139;TERRITOIRE;IRS - 12FO - FT1010 - 50 AVENUE DE LA RESISTANCE / POP GROUPE SCOLAIRE HESSEL ZEFIROTTES MONTREUIL - AA;;;SFR_COLL;DSP_MAJ_IRISE;;;OR21;OR1;OR21;CST;MCO;OK;30/03/2021;30/03/2021;C;OPT;C;DI;RF27;12;8;4;2;;5;29,7645;;;30/03/2021;;;;
4626117;TERRITOIRE;IRS - 36 FO - BI BOBIGNY(VAILLANT)/N-1 BOBIGNY(VAILLANT);;;SFR_COLL;DSP_MAJ_IRISE;;;OR21;OR1;OR21;CST;MCO;OK;13/06/2012;13/06/2012;C;OPT;C;TR;RF42;36;32;4;6;;4;20,6928;;;13/06/2012;;;;
4609726;TERRITOIRE;IRS - AP - GROUSSIER/RUE DE TOULOUSE (AULNAY);;;SFR_COLL;DSP_MAJ_IRISE;;;OR21;OR1;OR21;CST;MCO;OK;12/07/2007;12/07/2007;C;OPT;C;TR;RF16;72;17;55;6;;4;647,0432;;;12/07/2007;;;;
4595920;TERRITOIRE;IRS - RUE DE LA MOTTE/38 BD JEAN JAURES;;;SFR_COLL;DSP_MAJ_IRISE;;;OR21;OR1;OR21;CST;MCO;OK;24/11/2006;24/11/2006;C;OPT;C;LH;RF22;144;49;95;12;;4;151,8294;;;24/11/2006;;;;
18296689;TERRITOIRE;IRS - 36 FO - N-1 MAIRIE DE BRY SUR MARNE /  FT 806 - 170 AVENUE PIERRE BROSSOLETTE (LE PERREUX SUR MARNE);;;SFR_COLL;DSP_MAJ_IRISE;;;OR21;OR1;OR21;CST;MCO;OK;07/05/2020;07/05/2020;C;OPT;C;TR;RF50;36;36;0;3;;4;958,2527;;;07/05/2020;;;;
25741539;TERRITOIRE;IRS - 144 FO - 60 RUE DE NANTERRE / FT 997 - 138 AVENUE D ARGENTEUIL ASNIERE SUR SEINE;;;SFR_COLL;DSP_MAJ_IRISE;;;OR21;OR1;OR21;CST;MCO;OK;05/07/2019;05/07/2019;C;OPT;C;LH;RF22;144;144;0;12;;4;855,8984;;;05/07/2019;;;;
4622657;TERRITOIRE;IRS - 72FO - ANGLE GAULLE JONCS MARINS / AV TASSIGNY;;;SFR_COLL;DSP_MAJ_IRISE;;;OR21;OR1;OR21;CST;MCO;OK;03/02/2011;03/02/2011;C;OPT;C;TR;RF16;72;70;2;6;;4;113,4834;;;03/02/2011;;;;
4614542;TERRITOIRE;IRS - 72FO - IRS -11 BOULEVARD DE REPUBLIQUE / IRS QUAI HAUT PONT D'ISSY;;;SFR_COLL;DSP_MAJ_IRISE;;;OR21;OR1;OR21;CST;MCO;OK;08/10/2007;08/10/2007;C;OPT;C;TR;RF28;72;62;10;6;;4;197,4807;;;08/10/2007;;;;
36521061;TERRITOIRE;12 FO - IRS - POP CAMERA 13 LES SPAVILLONS SOUS BOIS /  FT538 - CH SAT SECURISEE CAM13;;;SFR_COLL;DSP_MAJ_IRISE;;;OR21;OR1;OR21;CST;MCO;OK;03/02/2023;03/02/2023;C;OPT;C;DI;RF27;12;10;2;2;;5;25,4503;;;03/02/2023;;;;
4599540;TERRITOIRE;IRS - 54 AVENUE ANDRE MORIZET - BPE 1 / POP CANAL FARMAN;;;SFR_COLL;DSP_MAJ_IRISE;;;OR21;OR1;OR21;CST;MCO;OK;21/10/2003;21/10/2003;C;OPT;C;TR;RF28;72;58;14;6;;4;573,9098;;;21/10/2003;;;;
4601672;TERRITOIRE;IRS - 144FO - NOOS - 2 AVENUE VICTOR HUGO (VANVES)/VERS NOOS VANVES;;;SFR_COLL;DSP_MAJ_IRISE;;;OR21;OR1;OR21;CST;MCO;OK;23/08/2002;23/08/2002;C;OPT;C;LH;RF90;144;140;4;12;;5;22,8144;;;23/08/2002;;;;
4611793;TERRITOIRE;IRS - 144FO - RUE DE LA MOTTE-RUE DES PRESLES/RUE KARMAN - BIS -;;;SFR_COLL;DSP_MAJ_IRISE;;;OR21;OR1;OR21;CST;MCO;OK;19/10/2011;19/10/2011;C;OPT;C;LH;RF40;144;57;87;12;;4;1274,7733;;;19/10/2011;;;;
4610270;TERRITOIRE;IRS - 144FO - 48 AV DE LA REPUBLIQUE/22 COURS DE LA REPUBLIQUE;;;SFR_COLL;DSP_MAJ_IRISE;;;OR21;OR1;OR21;CST;MCO;OK;19/02/2007;19/02/2007;C;OPT;C;LH;RF56;144;69;75;12;;4;661,4989;;;19/02/2007;;;;
4614712;TERRITOIRE;IRS-CROIX DE CHAVAUX VINCENNES/5 RUE KLEBER MONTREUIL;;;SFR_COLL;DSP_MAJ_IRISE;;;OR21;OR1;OR21;CST;MCO;OK;03/11/2006;03/11/2006;C;OPT;C;TR;RF19;48;38;10;4;;4;103,9092;;;03/11/2006;;;;
42151458;TERRITOIRE;IRS - 12FO -BPI - N-1 POP PARKING AROBASE / POP PARKING AROBASE - AA;;;SFR_COLL;DSP_MAJ_IRISE;;;OR21;OR1;OR21;CST;MCO;OK;06/12/2023;06/12/2023;C;OPT;C;DI;RF27;12;2;10;2;;5;29,7447;;;06/12/2023;;;;
4603530;TERRITOIRE;IRS - 144 FO - AV DU GAL DE GAULLE x RUE DE TOURAINE / 312 AV DE GAULLE;;;SFR_COLL;DSP_MAJ_IRISE;;;OR21;OR1;OR21;CST;MCO;OK;04/06/2004;04/06/2004;C;OPT;C;LH;RF40;144;136;8;12;;4;881,9526;;;04/06/2004;;;;
34295457;TERRITOIRE;IRS - 36 FO - 31 AVENUE LOMPART / FT873 - 3 RUE DE STAND;;;SFR_COLL;DSP_MAJ_IRISE;;;OR21;OR1;OR21;CST;MCO;OK;06/10/2022;06/10/2022;C;OPT;C;TR;RF50;36;36;0;3;;4;539,7584;;;06/10/2022;;;;
4610627;TERRITOIRE;IRS-AV DE LA VICTOIRE/96 AV ANTOLE FRANCE ORLY;;;SFR_COLL;DSP_MAJ_IRISE;;;OR21;OR1;OR21;CST;MCO;OK;21/04/2006;21/04/2006;C;OPT;C;TR;RF142;48;11;37;4;;134;2569,3906;;;21/04/2006;;;;
16697633;TERRITOIRE;IRS - 72 FO -FT 748 - 232 AVENUE ARISTIDE BRIAND / FT 346 - 71 BD DE LA REPUBLIQUE;;;SFR_COLL;DSP_MAJ_IRISE;;;OR21;OR1;OR21;CST;MCO;OK;04/12/2019;04/12/2019;C;OPT;C;TR;RF28;72;72;0;6;;4;1015,5284;;;04/12/2019;;;;
16701488;TERRITOIRE;IRS - 144 FO - FT385 - 17 AVENUE CHARLES DE GAULLE / FT226 - 90 AVENUE DE VERDUN;;;SFR_COLL;DSP_MAJ_IRISE;;;OR21;OR1;OR21;CST;MCO;OK;06/12/2019;06/12/2019;C;OPT;C;LH;RF22;144;144;0;12;;4;802,3962;;;06/12/2019;;;;
4639281;TERRITOIRE;IRS - 36 FO - AV DU GENERAL DE GAULE/IRS - ALSACE LORRAINE;;;SFR_COLL;DSP_MAJ_IRISE;;;OR21;OR1;OR21;CST;MCO;OK;21/02/2012;21/02/2012;C;OPT;C;TR;RF42;36;30;6;6;;4;960,4618;;;21/02/2012;;;;
4614717;TERRITOIRE;IRS-12 RUE BOBILLOT/CENTRE SANTE BOBILLOT;;;SFR_COLL;DSP_MAJ_IRISE;;;OR21;OR1;OR21;CST;MCO;OK;03/11/2006;03/11/2006;C;OPT;C;DI;RF14;12;8;4;2;;4;26,3768;;;03/11/2006;;;;
16712034;TERRITOIRE;IRS - 72 FO - FT751 - 100 AVENUE GEOGES CLEMENCEAU /  FT655 - 5 BPULEVARD PASTEUR;;;SFR_COLL;DSP_MAJ_IRISE;;;OR21;OR1;OR21;CST;MCO;OK;07/12/2019;07/12/2019;C;OPT;C;TR;RF178;72;72;0;6;;4;1253,5511;;;07/12/2019;;;;
4612040;TERRITOIRE;IRS - 72FO - LECLERC SEVRES (BOULOGNE-BILLANCOURT) - BPE 1 / PONT DE SEVRES RD - BPE 1;;;SFR_COLL;DSP_MAJ_IRISE;;;OR21;OR1;OR21;CST;MCO;OK;21/03/2007;21/03/2007;C;OPT;C;TR;RF28;72;34;38;6;;4;428,7049;;;21/03/2007;;;;
14838559;TERRITOIRE;36FO - IRS - 70 AV. PAUL VAILLANT COUTURIER / 21 AV. PAUL VAILLANT COUTURIER LE BLANC-MESNIL;;;SFR_COLL;DSP_MAJ_IRISE;;;OR21;OR1;OR21;CST;MCO;OK;20/05/2019;20/05/2019;C;OPT;C;TR;RF50;36;36;0;3;;4;669,8568;;;20/05/2019;;;;
18125534;TERRITOIRE;IRS - 12FO - 34 RUE DE ROSNY (MONTREUIL) / 23 RUE PEPIN (MONTREUIL);;;SFR_COLL;DSP_MAJ_IRISE;;;OR21;OR1;OR21;CST;MCO;OK;21/04/2020;21/04/2020;C;OPT;C;DI;RF27;12;10;2;2;;5;411,1705;;;21/04/2020;;;;
34357860;TERRITOIRE;36 FO - IRS - FT 591 - 2 AVENUE DE PARIS / IRS - IRS - FT 1332 - 17 RUE SAINT_MEDERIC;;;SFR_COLL;DSP_MAJ_IRISE;;;OR21;OR1;OR21;CST;MCO;OK;11/10/2022;11/10/2022;C;OPT;C;TR;RF50;36;36;0;3;;14;1228,8391;;;11/10/2022;;;;
36538660;TERRITOIRE;12 FO - IRIS - POP CAMERA  06 / FT94 - CH SAT SECURISEE CAM06;;;SFR_COLL;DSP_MAJ_IRISE;;;OR21;OR1;OR21;CST;MCO;OK;06/02/2023;06/02/2023;C;OPT;C;DI;RF27;12;10;2;2;;5;208,9897;;;06/02/2023;;;;
4594379;TERRITOIRE;IRS 1023 - 261 AVENUE DE FONTAINEBLEAU / CH COLT;;;SFR_COLL;DSP_MAJ_IRISE;;;OR21;OR1;OR21;CST;MCO;OK;28/04/2004;28/04/2004;C;OPT;C;DI;RF71;24;16;8;12;;5;45,0342;;;28/04/2004;;;;
17304708;TERRITOIRE;IRS - 48 FO - FT 465 - 80 AV GAMBETTA BAGNOLET / ANGLE GAMBETTA HOCHE;;;SFR_COLL;DSP_MAJ_IRISE;;;OR21;OR1;OR21;CST;MCO;OK;26/01/2011;26/01/2011;C;OPT;C;TR;RF19;48;9;39;4;;4;256,7115;;;26/01/2011;;;;
4613118;TERRITOIRE;IRS - 72 FO - IRS - 34 RUE DE CHOISY / N-1 CAA VITRY;;;SFR_COLL;DSP_MAJ_IRISE;;;OR21;OR1;OR21;CST;MCO;OK;17/05/2006;17/05/2006;C;OPT;C;TR;RF16;72;62;10;6;;4;743,6656;;;17/05/2006;;;;
6993171;HORS TERRITOIRE;IRS - 144 FO - XCO MAIRIE DE CLICHY IRS/DEBITEX;;;SFR_COLL;DSP_MAJ_IRISE;;;OR21;OR1;OR21;CST;MCO;OK;11/07/2013;11/07/2013;C;OPT;C;LH;RF22;144;138;6;12;;4;46,9873;;;11/07/2013;;;;
8825617;TERRITOIRE;IRS - 144 FO - N-1 FTTS FRESNES/JAURES;;;SFR_COLL;DSP_MAJ_IRISE;;;OR21;OR1;OR21;CST;MCO;OK;26/11/2014;26/11/2014;C;OPT;C;LH;RF22;144;140;4;12;;4;7,7191;;;26/11/2014;;;;
8198418;TERRITOIRE;IRS - 144 FO - LD - RUE DES MEUNIERS-LOUIS PASTEURS (BAGNEUX) / RUE DES BUTTES (BAGNEUX);;;SFR_COLL;DSP_MAJ_IRISE;;;OR21;OR1;OR21;CST;MCO;OK;22/05/2014;22/05/2014;C;OPT;C;LH;RF22;144;140;4;12;;4;642,1566;;;22/05/2014;;;;
8847682;TERRITOIRE;48 FO-IRS-AV PAUL VAILLANT COUTURIER/RUE DES BUTTES (BAGNEUX);;;SFR_COLL;DSP_MAJ_IRISE;;;OR21;OR1;OR21;CST;MCO;OK;02/12/2014;02/12/2014;C;OPT;C;TR;RF47;48;14;34;4;;4;697,3340;;;02/12/2014;;;;
17177013;TERRITOIRE;IRS - 36 FO - FT 1034 - 106 AV DE LA REPUBLIQUE / RUE DES PIERRELAIS CHATILLON;;;SFR_COLL;DSP_MAJ_IRISE;;;OR21;OR1;OR21;CST;MCO;OK;24/01/2020;24/01/2020;C;OPT;C;TR;RF50;36;36;0;3;;4;1084,5482;;;24/01/2020;;;;
4601442;TERRITOIRE;IRS - 144FO - R. NEUILLY-BD. GALLIENI_25 BD DU 11 AOUT 1944-BD. GALLIENI;;;SFR_COLL;DSP_MAJ_IRISE;;;OR21;OR1;OR21;CST;MCO;OK;23/07/2012;23/07/2012;C;OPT;C;LH;RF40;144;142;2;12;;4;252,1041;;;23/07/2012;;;;
4637394;TERRITOIRE;IRS - REAUMUR_PAPIN/REAUMUR_DE GAULLE;;;SFR_COLL;DSP_MAJ_IRISE;;;OR21;OR1;OR21;CST;MCO;OK;30/11/2010;30/11/2010;C;OPT;C;TR;RF16;72;51;21;6;;4;443,5613;;;30/11/2010;;;;
24884577;TERRITOIRE;IRS - 24FO - FT1539 - AV WALWEIN / FT1480 - RUE GASTON LAURIAU;;;SFR_COLL;DSP_MAJ_IRISE;;;OR21;OR1;OR21;CST;MCO;OK;23/07/2021;23/07/2021;C;OPT;C;DI;RF29;24;22;2;4;;5;210,3858;;;23/07/2021;;;;
4622115;TERRITOIRE;IRS - 72FO - AVENUE VERDUN/ AVENUE GRADE;;;SFR_COLL;DSP_MAJ_IRISE;;;OR21;OR1;OR21;CST;MCO;OK;29/06/2011;29/06/2011;C;OPT;C;TR;RF16;72;70;2;6;;4;4438,0393;;;29/06/2011;;;;
41240099;TERRITOIRE;IRS - 12 FO - IRS - FT 806 - 13 AVENUE JEAN MOULIN (STAINS) - BPE 1 / POP FR4246 STAINS SGDBF PDB;;;SFR_COLL;DSP_MAJ_IRISE;;;OR21;OR1;OR21;CST;MCO;OK;17/10/2023;17/10/2023;C;OPT;C;DI;RF27;12;11;1;2;;5;53,5014;;;17/10/2023;;;;
15113025;TERRITOIRE;IRS - 12 FO - AVE BARBUSSE-CONVENTION/POP MAISON POUR TOUS CESARIA EVORA LA COURNEUVE - AA;;;SFR_COLL;DSP_MAJ_IRISE;;;OR21;OR1;OR21;CST;MCO;OK;21/06/2019;21/06/2019;C;OPT;C;DI;RF45;12;10;2;2;;4;557,9609;;;21/06/2019;;;;
30995298;TERRITOIRE;IRS - 144 FO - FT2087 - 29 RUE EDITH CAVELL / N-1 POP TELECOM ITALIA VITRY;;;SFR_COLL;DSP_MAJ_IRISE;;;OR21;OR1;OR21;CST;MCO;OK;06/12/2012;06/12/2012;C;OPT;C;LH;RF35;144;143;1;12;;4;407,2757;;;06/12/2012;;;;
43169716;TERRITOIRE;IRS - 12FO - FT 929 - 115 AVENUE HENRI BARBUSSE / POP COMMISSARIAT DE BONDY - AA;;;SFR_COLL;DSP_MAJ_IRISE;;;OR21;OR1;OR21;CST;MCO;OK;02/02/2024;02/02/2024;C;OPT;C;DI;RF57;12;10;2;1;;4;490,8691;;;02/02/2024;;;;
19646769;TERRITOIRE;72 FO - IRS - 55 RUE JULES GUESDE / RN3 - RUE PASTEUR;;;SFR_COLL;DSP_MAJ_IRISE;;;OR21;OR1;OR21;CST;MCO;OK;11/08/2020;11/08/2020;C;OPT;C;TR;RF28;72;70;2;6;;4;1164,8160;;;11/08/2020;;;;
4608632;TERRITOIRE;IRS - RN3 - GARDE CHASSE / IRS - 9 AVENUE ARISTIDE BRIAND;;;SFR_COLL;DSP_MAJ_IRISE;;;OR21;OR1;OR21;CST;MCO;OK;24/06/2005;24/06/2005;C;OPT;C;TR;RF16;72;33;39;6;;4;988,5404;;;24/06/2005;;;;
17194945;TERRITOIRE;IRS - 36 FO - IRS RUE DES EMOULEUSES / FT 1728 - 49 AV DU DR PAUL CASALIS CRETEIL;;;SFR_COLL;DSP_MAJ_IRISE;;;OR21;OR1;OR21;CST;MCO;OK;27/01/2020;27/01/2020;C;OPT;C;TR;RF50;36;36;0;3;;4;736,6608;;;27/01/2020;;;;
7680881;TERRITOIRE;IRS - 144 FO - N-1 BONDY SFR ADD1/IRS - 12 RUE VARAGNAT - BONDY - 1;;;SFR_COLL;DSP_MAJ_IRISE;;;OR21;OR1;OR21;CST;MCO;OK;08/01/2014;08/01/2014;C;OPT;C;LH;RF22;144;116;28;12;;4;345,0923;;;08/01/2014;;;;
4601263;TERRITOIRE;IRS - COB CH0D/QUAI DU MARECHAL JOFFRE (CH4) - DC;;;SFR_COLL;DSP_MAJ_IRISE;;;OR21;OR1;OR21;CST;MCO;OK;11/04/2002;11/04/2002;C;OPT;C;LH;RF56;144;64;80;12;;4;534,7369;;;11/04/2002;;;;
8350449;TERRITOIRE;BAG - 144 FO - BPE1/BPE2 IRS-KARMAN/CHARRON;;;SFR_COLL;DSP_MAJ_IRISE;;;OR21;OR1;OR21;CST;MCO;OK;01/07/2014;01/07/2014;C;OPT;C;LH;RF22;144;117;27;12;;4;46,0160;;;01/07/2014;;;;
5091414;TERRITOIRE;IRS - PAPIN CURIE/ETIENNE DOLET GUEROUX;;;SFR_COLL;DSP_MAJ_IRISE;;;OR21;OR1;OR21;CST;MCO;OK;22/03/2005;22/03/2005;C;OPT;C;TR;RF16;72;19;53;6;;4;1221,2540;;;22/03/2005;;;;
42635324;TERRITOIRE;IRS - 24FO - FT 1 RUE DE FONTENAY / POP GYMNASE DES BAS COQUARTS BOURG LA REINE - AA;;;SFR_COLL;DSP_MAJ_IRISE;;;OR21;OR1;OR21;CST;MCO;OK;28/12/2023;28/12/2023;C;OPT;C;DI;RF31;24;20;4;2;;5;177,6558;;;28/12/2023;;;;
4631013;TERRITOIRE;IRS - 24FO - N-1 BAT MILAN / POP MAIRIE LDC BAT MILAN - AA;;;SFR_COLL;DSP_MAJ_IRISE;;;OR21;OR1;OR21;CST;MCO;OK;26/05/2011;26/05/2011;C;OPT;C;DI;RF15;24;24;0;4;;4;19,0267;;;26/05/2011;;;;
38487144;TERRITOIRE;IRS- 24 FO - BD GABRIEL PERI FT897 / RD PT DE L'EUROPE - RUE DE LISBONNE (ROSNY);;;SFR_COLL;DSP_MAJ_IRISE;;;OR21;OR1;OR21;CST;MCO;OK;07/01/2022;07/01/2022;C;OPT;C;DI;RF29;24;20;4;4;;5;670,3314;;;07/01/2022;;;;
36538663;TERRITOIRE;12 FO  - IRIS - FT99 - CH SAT SECURISEE CAM04 / FT 80 - 10 AV. DU 14 JUILLET;;;SFR_COLL;DSP_MAJ_IRISE;;;OR21;OR1;OR21;CST;MCO;OK;06/02/2023;06/02/2023;C;OPT;C;DI;RF27;12;6;6;2;;5;191,4476;;;06/02/2023;;;;
4608146;TERRITOIRE;IRS - EV-VOIRIE/MATERNELLE AUGER MONTROUGE;;;SFR_COLL;DSP_MAJ_IRISE;;;OR21;OR1;OR21;CST;MCO;OK;17/11/2005;17/11/2005;C;OPT;C;DI;RF14;12;10;2;2;;4;74,6724;;;17/11/2005;;;;
4623664;TERRITOIRE;IRS - 24 FO - ADDUCTION POP TELETOTA - AA;;;SFR_COLL;DSP_MAJ_IRISE;;;OR21;OR1;OR21;CST;MCO;OK;25/01/2012;25/01/2012;C;OPT;C;DI;RF15;24;22;2;4;;4;396,9249;;;25/01/2012;;;;
17888078;TERRITOIRE;IRS - 144 FO -  FT 111 -  2 AVENUE WINSTON CHURCHILL / IRS - FT 170 - 24 RUE DE L ARCHEVECHE;;;SFR_COLL;DSP_MAJ_IRISE;;;OR21;OR1;OR21;CST;MCO;OK;30/03/2020;30/03/2020;C;OPT;C;LH;RF22;144;144;0;12;;4;170,7442;;;30/03/2020;;;;
12758417;TERRITOIRE;IRS - 144FO - ACHAT OPALYS T1 A T6  - 11, QUAI DES CARRIERES - BPE 2/49 MARECHAL LECLERC;;;SFR_COLL;DSP_MAJ_IRISE;;;OR21;OR1;OR21;CST;MCO;OK;05/03/2013;05/03/2013;C;OPT;C;LH;RF22;144;56;88;12;;4;601,3567;;;05/03/2013;;;;
4614804;TERRITOIRE;IRS-ANGLE ST JUST-PIERRE DE MONTREUIL/ 72 RUE LENAIN DE TILLEMONT MONTREUIL;;;SFR_COLL;DSP_MAJ_IRISE;;;OR21;OR1;OR21;CST;MCO;OK;03/11/2006;03/11/2006;C;OPT;C;TR;RF16;72;64;8;6;;4;573,6507;;;03/11/2006;;;;
4610936;TERRITOIRE;IRS-MARRONIERS-HELBRONNER/POP CENTRE ADMINISTRATIF MONET ST OUEN;;;SFR_COLL;DSP_MAJ_IRISE;;;OR21;OR1;OR21;CST;MCO;OK;19/10/2006;19/10/2006;C;OPT;C;DI;RF14;12;4;8;2;;4;98,5394;;;19/10/2006;;;;
4603201;TERRITOIRE;IRS - 12FO - 23 RUE SALENGRO N-1/MAIRIE DE VILLETANEUSE;;;SFR_COLL;DSP_MAJ_IRISE;;;OR21;OR1;OR21;CST;MCO;OK;11/10/2004;11/10/2004;C;OPT;C;DI;RF38;12;2;10;1;;4;142,0580;;;11/10/2004;;;;
4609855;TERRITOIRE;IRS - 72FO - N-1 CEPHALON A/RUE JAURES SANOFI MAISON ALFORT;;;SFR_COLL;DSP_MAJ_IRISE;;;OR21;OR1;OR21;CST;MCO;OK;19/02/2007;19/02/2007;C;OPT;C;TR;RF16;72;70;2;6;;4;814,4489;;;19/02/2007;;;;
4631629;TERRITOIRE;IRS - 48FO CHAUFFERIE_LES_SORBIERS (A06)/AREPA (D86);;;SFR_COLL;DSP_MAJ_IRISE;;;OR21;OR1;OR21;CST;MCO;OK;20/08/2009;20/08/2009;C;OPT;C;TR;RF19;48;46;2;4;;4;519,2146;;;20/08/2009;;;;
4600450;TERRITOIRE;IRS - 22 SALENGRO/ 57 AV FONTAINBLEAU;;;SFR_COLL;DSP_MAJ_IRISE;;;OR21;OR1;OR21;CST;MCO;OK;19/02/2010;19/02/2010;C;OPT;C;TR;RF12;48;44;4;6;;5;382,6811;;;19/02/2010;;;;
4609866;TERRITOIRE;72FO - RFF - IRS - QUAI DE CHOISY / IRS_RFF_PK83435 CHOISY;;;SFR_COLL;DSP_MAJ_IRISE;;;OR21;OR1;OR21;CST;MCO;OK;05/10/2005;05/10/2005;C;OPT;C;TR;RF23;72;54;18;6;;145;410,8159;;;05/10/2005;;;;
4907155;TERRITOIRE;IRS - 144 FO - 38 RUE DE FONTENAY/  77 RUE DE FRANCE;;;SFR_COLL;DSP_MAJ_IRISE;;;OR21;OR1;OR21;CST;MCO;OK;30/10/2012;30/10/2012;C;OPT;C;LH;RF22;144;137;7;12;;4;589,5148;;;30/10/2012;;;;
7929569;TERRITOIRE;144FO -IRS- MAURICE THOREZ/RUE BERNE;;;SFR_COLL;DSP_MAJ_IRISE;;;OR21;OR1;OR21;CST;MCO;OK;11/03/2014;11/03/2014;C;OPT;C;LH;RF22;144;68;76;12;;4;275,4617;;;11/03/2014;;;;
6724689;TERRITOIRE;IRS - ORNANO IRISE/( ) ANGLE RUE PLEYEL_RUE LANDY;;;SFR_COLL;DSP_MAJ_IRISE;;;OR21;OR1;OR21;CST;MCO;OK;12/09/2003;12/09/2003;C;OPT;C;LH;RF56;144;21;123;12;;4;390,2159;;;12/09/2003;;;;
4606185;HORS TERRITOIRE;IRS - 144FO - ABEIGLE_CERGY/BD D''OSNY;;;SFR_COLL;DSP_MAJ_IRISE;;;OR21;OR1;OR21;CST;MCO;OK;26/08/2004;26/08/2004;C;OPT;C;LH;RF40;144;104;40;12;;4;1162,6948;;;26/08/2004;;;;
4613654;TERRITOIRE;IRS - 72FO - IRS - 115 AVENUE DE LA DIVISION LECLERC /LE BOURGET MAIRIE;;;SFR_COLL;DSP_MAJ_IRISE;;;OR21;OR1;OR21;CST;MCO;OK;07/09/2012;07/09/2012;C;OPT;C;TR;RF16;72;23;49;6;;4;504,5980;;;07/09/2012;;;;
4639837;TERRITOIRE;IRS - FACE AU 29 RUE JOINEAU;;;SFR_COLL;DSP_MAJ_IRISE;;;OR21;OR1;OR21;CST;MCO;OK;25/01/2012;25/01/2012;C;OPT;C;TR;RF16;72;71;1;6;;4;429,5092;;;25/01/2012;;;;
4627634;TERRITOIRE;IRS - 48FO - RN-1 MAIRIE AUBERVILLIERS / RUE ACHILLE DOMART;;;SFR_COLL;DSP_MAJ_IRISE;;;OR21;OR1;OR21;CST;MCO;OK;17/02/2009;17/02/2009;C;OPT;C;TR;RF19;48;36;12;4;;4;212,7767;;;17/02/2009;;;;
19352033;TERRITOIRE;IRS - 12FO - AVENUE ARISTIDE BRIAND - AVENUE MARCEL CACHIN / POP DEPARTEMENT DE LA SEINE SAINT DENIS - AA;;;SFR_COLL;DSP_MAJ_IRISE;;;OR21;OR1;OR21;CST;MCO;OK;22/07/2020;22/07/2020;C;OPT;C;DI;RF27;12;11;1;2;;5;966,1279;;;22/07/2020;;;;
4630965;TERRITOIRE;IRS - 24FO BI/POP JARDINS (D87);;;SFR_COLL;DSP_MAJ_IRISE;;;OR21;OR1;OR21;CST;MCO;OK;27/07/2009;27/07/2009;C;OPT;C;DI;RF15;24;22;2;4;;4;23,0215;;;27/07/2009;;;;
4606014;HORS TERRITOIRE;IRS-MAUPASSANT DECHARD/LA FRETTE GARENNE (SARTROUVILLE);;;SFR_COLL;DSP_MAJ_IRISE;;;OR21;OR1;OR21;CST;MCO;OK;15/02/2006;15/02/2006;C;OPT;C;LH;RF51;288;245;43;24;;102;831,4575;;;15/02/2006;;;;
12933779;HORS TERRITOIRE;IRS - 72FO - BVD DE L'HAUTIL/BVD DE L'OISE;;;SFR_COLL;DSP_MAJ_IRISE;;;OR21;OR1;OR21;CST;MCO;OK;05/06/2018;05/06/2018;C;OPT;C;TR;RF52;72;66;6;6;;4;266,7401;;;05/06/2018;;;;
4639803;TERRITOIRE;IRS - RUE DU PORT/RUE DU PORT ITX4 ADD1;;;SFR_COLL;DSP_MAJ_IRISE;;;OR21;OR1;OR21;CST;MCO;OK;08/06/2012;08/06/2012;C;OPT;C;TR;RF19;48;12;36;4;;4;416,1425;;;08/06/2012;;;;
4632347;TERRITOIRE;IRS - 24FO - BI/POP 50_LGTS_BEARN (D91);;;SFR_COLL;DSP_MAJ_IRISE;;;OR21;OR1;OR21;CST;MCO;OK;22/07/2009;22/07/2009;C;OPT;C;DI;RF15;24;20;4;4;;4;13,0384;;;22/07/2009;;;;
20973221;TERRITOIRE;IRS - 144FO - 4 AV DU VAL DE FONTENAY/7 AVENUE DU VAL DE FONTENAY;;;SFR_COLL;DSP_MAJ_IRISE;;;OR21;OR1;OR21;CST;MCO;OK;10/11/2020;10/11/2020;C;OPT;C;LH;RF22;144;144;0;12;;4;13,0228;;;10/11/2020;;;;
4606944;TERRITOIRE;IRS - PERI-DISPENSAIRE/ALLENDE-DESMOULINS;;;SFR_COLL;DSP_MAJ_IRISE;;;OR21;OR1;OR21;CST;MCO;OK;08/04/2005;08/04/2005;C;OPT;C;TR;RF43;48;8;40;6;;183;812,0538;;;08/04/2005;;;;
4628029;TERRITOIRE;IRS - 144FO - N-1 GROUPE SCOLAIRE / RPA CACHIN;;;SFR_COLL;DSP_MAJ_IRISE;;;OR21;OR1;OR21;CST;MCO;OK;09/06/2008;09/06/2008;C;OPT;C;LH;RF40;144;138;6;12;;4;61,2725;;;09/06/2008;;;;
4608203;TERRITOIRE;IRS - E DOLET POMPIERS/ALBERT FRANCON;;;SFR_COLL;DSP_MAJ_IRISE;;;OR21;OR1;OR21;CST;MCO;OK;22/03/2005;22/03/2005;C;OPT;C;TR;RF16;72;16;56;6;;4;253,4723;;;22/03/2005;;;;
4631504;TERRITOIRE;IRS - 24FO BI/POP LGTS_B (D72'D73);;;SFR_COLL;DSP_MAJ_IRISE;;;OR21;OR1;OR21;CST;MCO;OK;24/07/2009;24/07/2009;C;OPT;C;DI;RF15;24;20;4;4;;4;21,0950;;;24/07/2009;;;;
4613098;HORS TERRITOIRE;IRS - 72FO - PK 103+250 CHAMPLAN/PK 101+030 LONGJUMEAU;;;SFR_COLL;DSP_MAJ_IRISE;;;OR21;OR1;OR21;CST;MCO;OK;15/05/2006;15/05/2006;C;OPT;C;TR;RF18;72;33;39;6;;145;2073,0403;;;15/05/2006;;;;
4631223;TERRITOIRE;IRS - 40 RUE DE ST DENIS/RUE HAINAUT ST OUEN;;;SFR_COLL;DSP_MAJ_IRISE;;;OR21;OR1;OR21;CST;MCO;OK;09/04/2009;09/04/2009;C;OPT;C;TR;RF19;48;36;12;4;;4;411,8645;;;09/04/2009;;;;
4608788;TERRITOIRE;IRS - ECOLE MATERNELLE DUVAL/CENTRE MEDICO SOCIALE MONTROUGE - AB/AA;;;SFR_COLL;DSP_MAJ_IRISE;;;OR21;OR1;OR21;CST;MCO;OK;07/07/2005;07/07/2005;C;OPT;C;DI;RF14;12;8;4;2;;4;21,8401;;;07/07/2005;;;;
4607250;TERRITOIRE;IRS - 9 RUE DE PARIS/MEDIATHEQUE PIERREFITTE;;;SFR_COLL;DSP_MAJ_IRISE;;;OR21;OR1;OR21;CST;MCO;OK;21/03/2005;21/03/2005;C;OPT;C;DI;RF14;12;4;8;2;;4;179,6398;;;21/03/2005;;;;
7309951;HORS TERRITOIRE;IRS - 144 FO - ANGLE CHOCOLATERIE_COURS ARCHE QUEDON / PROMENADE DE LA CHOCOLATERIE;;;SFR_COLL;DSP_MAJ_IRISE;;;OR21;OR1;OR21;CST;MCO;OK;18/09/2013;18/09/2013;C;OPT;C;LH;RF22;144;140;4;12;;4;620,7178;;;18/09/2013;;;;
4600012;TERRITOIRE;IRS - 144FO - BOURBON-BINEAU/6 BLD DE VERDUN (COURBEVOIE);;;SFR_COLL;DSP_MAJ_IRISE;;;OR21;OR1;OR21;CST;MCO;OK;04/10/2004;04/10/2004;C;OPT;C;LH;RF40;144;121;23;12;;4;487,0689;;;04/10/2004;;;;
4603684;HORS TERRITOIRE;IRS - 72FO - BD DE LA REPUBLIQUE / ROUTE NAPOLEON_ALLEE DU COLLEGE (VAUCRESSONS);;;SFR_COLL;DSP_MAJ_IRISE;;;OR21;OR1;OR21;CST;MCO;OK;27/09/2004;27/09/2004;C;OPT;C;TR;RF16;72;48;24;6;;4;828,7513;;;27/09/2004;;;;
4630381;TERRITOIRE;IRS - 24 FO - COMMUNE DE VINCENNES/IRS 38 RUE DE FONTENAY - AA;;;SFR_COLL;DSP_MAJ_IRISE;;;OR21;OR1;OR21;CST;MCO;OK;15/09/2011;15/09/2011;C;OPT;C;DI;RF15;24;23;1;4;;4;400,6152;;;15/09/2011;;;;
18232369;TERRITOIRE;IRIS - N-1 MAIRIE DE MONTREUIL / POP MAIRIE DE MONTREUIL - AB;;;SFR_COLL;DSP_MAJ_IRISE;;;OR21;OR1;OR21;CST;MCO;OK;01/05/2020;01/05/2020;C;OPT;C;DI;RF132;12;8;4;1;;5;75,1618;;;01/05/2020;;;;
4607561;TERRITOIRE;IRS - 48FO SEMINAIRE_HOPITAL (D58)/SEMINAIRE_PRINCIPAL (D20);;;SFR_COLL;DSP_MAJ_IRISE;;;OR21;OR1;OR21;CST;MCO;OK;17/07/2009;17/07/2009;C;OPT;C;TR;RF59;48;46;2;4;;5;176,5469;;;17/07/2009;;;;
4613422;TERRITOIRE;IRS - 144FO - 302 COUTURIER/412 COUTURIER;;;SFR_COLL;DSP_MAJ_IRISE;;;OR21;OR1;OR21;CST;MCO;OK;26/11/2007;26/11/2007;C;OPT;C;LH;RF56;144;59;85;12;;4;629,5901;;;26/11/2007;;;;
4631944;TERRITOIRE;IRS - 144FO - COSMONAUTES_BOUQUIN/ AV DE LA DIVISION LECLERC;;;SFR_COLL;DSP_MAJ_IRISE;;;OR21;OR1;OR21;CST;MCO;OK;12/06/2009;12/06/2009;C;OPT;C;LH;RF40;144;111;33;12;;4;324,0597;;;12/06/2009;;;;
15491561;TERRITOIRE;IRISE - 24FO - BOULEVARD GENERAL LECLERC DE HATECLOQUE / ALLEE DU DOCTEUR CALMETTE;;;SFR_COLL;DSP_MAJ_IRISE;;;OR21;OR1;OR21;CST;MCO;OK;05/08/2019;05/08/2019;C;OPT;C;DI;RF29;24;22;2;4;;5;181,9924;;;05/08/2019;;;;
4634566;TERRITOIRE;IRS - 72FO - L3T PASSERELLE ALFORTVILLE/PONT DE CHARENTON;;;SFR_COLL;DSP_MAJ_IRISE;;;OR21;OR1;OR21;CST;MCO;OK;23/11/2010;23/11/2010;C;OPT;C;TR;RF16;72;70;2;6;;4;308,6825;;;23/11/2010;;;;
6043751;HORS TERRITOIRE;IRS - 72 FO - N-3 POP NAMCO BANDAI PETIT ALBI / N-1 POP TRIANGLE CERGY;;;SFR_COLL;DSP_MAJ_IRISE;;;OR21;OR1;OR21;CST;MCO;OK;03/04/2013;03/04/2013;C;OPT;C;TR;RF28;72;66;6;6;;4;432,4938;;;03/04/2013;;;;
4633309;TERRITOIRE;IRS - 144FO CEN_GEOTH_HAY_LES_ROSES/FOYER_SONACOTRA (D21);;;SFR_COLL;DSP_MAJ_IRISE;;;OR21;OR1;OR21;CST;MCO;OK;20/07/2009;20/07/2009;C;OPT;C;LH;RF40;144;138;6;12;;4;279,4095;;;20/07/2009;;;;
4601439;TERRITOIRE;IRS - 144FO - 12 R GASTON MARGERIE/ANG BD STRASBOURG-R. STALINGRADE;;;SFR_COLL;DSP_MAJ_IRISE;;;OR21;OR1;OR21;CST;MCO;OK;23/07/2012;23/07/2012;C;OPT;C;LH;RF40;144;142;2;12;;4;323,0544;;;23/07/2012;;;;
4641031;TERRITOIRE;IRS - 12FO - POP FTTS FRESNES PEPINIERES/BI POP FTTS FRESNES - AA;;;SFR_COLL;DSP_MAJ_IRISE;;;OR21;OR1;OR21;CST;MCO;OK;04/04/2012;04/04/2012;C;OPT;C;DI;RF45;12;8;4;2;;4;21,0437;;;04/04/2012;;;;
4633212;TERRITOIRE;IRS - 24FO BI/POP ERMITAGE (D25);;;SFR_COLL;DSP_MAJ_IRISE;;;OR21;OR1;OR21;CST;MCO;OK;28/07/2009;28/07/2009;C;OPT;C;DI;RF15;24;22;2;4;;4;9,2195;;;28/07/2009;;;;
8948294;HORS TERRITOIRE;24 FO - IRISE - RUE THEODOR BULLIER_RUE DE FLANDRES (SARCELLES) / PRC INEO CAM 48;;;SFR_COLL;DSP_MAJ_IRISE;;;OR21;OR1;OR21;CST;MCO;OK;27/01/2015;27/01/2015;C;OPT;C;DI;RF17;24;20;4;2;;4;22,5863;;;27/01/2015;;;;
4607865;TERRITOIRE;IRS - 48FO SORBIER_BAT_C (E03)/MATERNELLE_SAUSSAIE (D32);;;SFR_COLL;DSP_MAJ_IRISE;;;OR21;OR1;OR21;CST;MCO;OK;17/07/2009;17/07/2009;C;OPT;C;TR;RF19;48;46;2;4;;4;309,3120;;;17/07/2009;;;;
4625303;TERRITOIRE;IRS - 12FO - 20 MONTGOLFIER / PRC CAMERA ROSNY 4;;;SFR_COLL;DSP_MAJ_IRISE;;;OR21;OR1;OR21;CST;MCO;OK;06/01/2009;06/01/2009;C;OPT;C;DI;RF38;12;10;2;1;;4;377,5788;;;06/01/2009;;;;
4604753;TERRITOIRE;IRS - 72FO MGP PRC INTERXION 4 MGP/IRS-RUE DU PORT ITX4 ADD1 - AA;;;SFR_COLL;DSP_MAJ_IRISE;;;OR21;OR1;OR21;CST;MCO;OK;24/07/2007;24/07/2007;C;OPT;C;TR;RF133;72;66;6;6;;118;143,4713;;;24/07/2007;;;;
9217058;HORS TERRITOIRE;12 FO - IRS - N-1 POP SAFRAN / POP SAFRAN ROSA LUXEMBURG - AA;;;SFR_COLL;DSP_MAJ_IRISE;;;OR21;OR1;OR21;CST;MCO;OK;16/07/2015;16/07/2015;C;OPT;C;DI;RF45;12;10;2;2;;4;4,8192;;;16/07/2015;;;;
4633293;TERRITOIRE;IRS - 48FO BRETAGNE (D29)/PEPINIERE (D30);;;SFR_COLL;DSP_MAJ_IRISE;;;OR21;OR1;OR21;CST;MCO;OK;20/07/2009;20/07/2009;C;OPT;C;TR;RF19;48;44;4;4;;4;98,0555;;;20/07/2009;;;;
6426769;TERRITOIRE;IRS - 36FO BAG - RUE DE PARIS / RUE DE SILLY;;;SFR_COLL;DSP_MAJ_IRISE;;;OR21;OR1;OR21;CST;MCO;OK;22/05/2013;22/05/2013;C;OPT;C;TR;RF26;36;35;1;6;;4;35,0319;;;22/05/2013;;;;
8745601;HORS TERRITOIRE;144FO IRS - IRS MANCHON 96-72 PK62.10 TCT/ATTERRAGE DE RUEIL (RUEIL MALMAISON);;;SFR_COLL;DSP_MAJ_IRISE;;;OR21;OR1;OR21;CST;MCO;OK;30/10/2014;30/10/2014;C;OPT;C;LH;RF35;144;71;73;12;;4;126,4789;;;30/10/2014;;;;
11062483;TERRITOIRE;IRS - 144FO - LD - FT_41 - AV MARCEL DASSAULT (LE BOURGET) / BI - IRS - AV J.JAURES (LE BOURGET);;;SFR_COLL;DSP_MAJ_IRISE;;;OR21;OR1;OR21;CST;MCO;OK;17/10/2013;17/10/2013;C;OPT;C;LH;RF22;144;144;0;12;;4;80,6778;;;17/10/2013;;;;
4632270;TERRITOIRE;IRS - 24FO - BI/POP 31_LGTS_TERR_PLEIN_COEUR_EDITH_PIAF (D79);;;SFR_COLL;DSP_MAJ_IRISE;;;OR21;OR1;OR21;CST;MCO;OK;22/07/2009;22/07/2009;C;OPT;C;DI;RF15;24;22;2;4;;4;18,1108;;;22/07/2009;;;;
18472676;TERRITOIRE;IRS - 36 FO - 64 AVENUE ALPHAND / FT 82 - 71 AVENUE DU GENERAL DE GAULLE;;;SFR_COLL;DSP_MAJ_IRISE;;;OR21;OR1;OR21;CST;MCO;OK;22/05/2020;22/05/2020;C;OPT;C;TR;RF50;36;36;0;3;;4;553,5070;;;22/05/2020;;;;
22436897;TERRITOIRE;IRS - 24FO -  FT1764 - 28 BD PAUL VAILLANT COUTURIER / FT2081 - AV PAUL SIGNAC;;;SFR_COLL;DSP_MAJ_IRISE;;;OR21;OR1;OR21;CST;MCO;OK;24/02/2021;24/02/2021;C;OPT;C;DI;RF29;24;20;4;4;;5;162,7711;;;24/02/2021;;;;
4630357;TERRITOIRE;IRS - 24FO - N-1 ADD2/POP AUDIOPTIC CLAMART - BA;;;SFR_COLL;DSP_MAJ_IRISE;;;OR21;OR1;OR21;CST;MCO;OK;10/03/2009;10/03/2009;C;OPT;C;DI;RF15;24;20;4;4;;4;64,0807;;;10/03/2009;;;;
4608133;TERRITOIRE;IRS - RUE MARCELIN BERTHELOT/ECOLE MATERNELLE BERTHELOT MONTROUGE;;;SFR_COLL;DSP_MAJ_IRISE;;;OR21;OR1;OR21;CST;MCO;OK;16/11/2005;16/11/2005;C;OPT;C;DI;RF14;12;6;6;2;;4;140,2111;;;16/11/2005;;;;
5909650;TERRITOIRE;IRS - BAG - 72FO - IRS - REAUMUR - PAPIN - BPE 2/ BPE 1;;;SFR_COLL;DSP_MAJ_IRISE;;;OR21;OR1;OR21;CST;MCO;OK;18/03/2013;18/03/2013;C;OPT;C;TR;RF28;72;69;3;6;;4;6,1801;;;18/03/2013;;;;
4623610;TERRITOIRE;IRS - LOUISON BOBET/ANGLE BOBET GRANGE;;;SFR_COLL;DSP_MAJ_IRISE;;;OR21;OR1;OR21;CST;MCO;OK;11/10/2010;11/10/2010;C;OPT;C;LH;RF56;144;40;104;12;;4;433,1843;;;11/10/2010;;;;
4609711;TERRITOIRE;IRS - 24 FO - ANGLE MAUCONSEIL NOTRE DAME / PRC INEO 6 NOTRE DAME;;;SFR_COLL;DSP_MAJ_IRISE;;;OR21;OR1;OR21;CST;MCO;OK;01/02/2011;01/02/2011;C;OPT;C;DI;RF15;24;22;2;4;;4;122,1648;;;01/02/2011;;;;
7332369;TERRITOIRE;IRS - 36 FO - 4 RUE DE PARIS ROMAINVILLE (N-1 MAIRIE DE ROMAINVILLE) - BPE 2 / POP MAIRIE DE ROMAINVILLE - AC;;;SFR_COLL;DSP_MAJ_IRISE;;;OR21;OR1;OR21;CST;MCO;OK;25/09/2013;25/09/2013;C;OPT;C;TR;RF50;36;32;4;3;;4;32,1263;;;25/09/2013;;;;
11655156;TERRITOIRE;IRS - BPE1 ESSEN/BPE 4  ESSEN;;;SFR_COLL;DSP_MAJ_IRISE;;;OR21;OR1;OR21;CST;MCO;OK;28/07/2017;28/07/2017;C;OPT;C;TR;RF47;48;39;9;4;;4;2,3232;;;28/07/2017;;;;
16584038;TERRITOIRE;IRS - 24FO - FT 547 - 12 RUE DE LA REDOUTE / FT 59 - 2 AVENUE DU GENERAL LECLERC;;;SFR_COLL;DSP_MAJ_IRISE;;;OR21;OR1;OR21;CST;MCO;OK;26/11/2019;26/11/2019;C;OPT;C;DI;RF29;24;22;2;4;;5;568,6090;;;26/11/2019;;;;
5811427;TERRITOIRE;IRS - 144FO - ACHAT OPALYS T1 A T6 - 1 RUE ARISTIDE BRIAND/120 RUE MARECHAL LECLERC;;;SFR_COLL;DSP_MAJ_IRISE;;;OR21;OR1;OR21;CST;MCO;OK;05/03/2013;05/03/2013;C;OPT;C;LH;RF22;144;60;84;12;;4;1743,4204;;;05/03/2013;;;;
34113698;TERRITOIRE;IRS - 36 FO - FT 139 - 60 RUE RAYMOND RIDEL / 1 BD DE LA REPUBLIQUE COURBEVOIE;;;SFR_COLL;DSP_MAJ_IRISE;;;OR21;OR1;OR21;CST;MCO;OK;28/09/2022;28/09/2022;C;OPT;C;TR;RF50;36;36;0;3;;4;498,8935;;;28/09/2022;;;;
4610868;TERRITOIRE;IRS - 36 RUE DE LA MONJOIE/MONTJOIE-PROCESSION ST DENIS;;;SFR_COLL;DSP_MAJ_IRISE;;;OR21;OR1;OR21;CST;MCO;OK;30/01/2006;30/01/2006;C;OPT;C;TR;RF19;48;44;4;4;;4;12,0827;;;30/01/2006;;;;
5842770;HORS TERRITOIRE;IRS - 144FO - BAGUETTE IRS BD MELIES BPE1/BPE2;;;SFR_COLL;DSP_MAJ_IRISE;;;OR21;OR1;OR21;CST;MCO;OK;08/03/2013;08/03/2013;C;OPT;C;LH;RF22;144;124;20;12;;4;0,6854;;;08/03/2013;;;;
4614880;HORS TERRITOIRE;IRS-RUE AUGUSTE PERRET/RUE MONIER;;;SFR_COLL;DSP_MAJ_IRISE;;;OR21;OR1;OR21;CST;MCO;OK;11/06/2007;11/06/2007;C;OPT;C;TR;RF19;48;30;18;4;;4;43,0680;;;11/06/2007;;;;
4603991;TERRITOIRE;IRS - 144FO - PLACE CORNILLON/BD PRESSENCE - (CH05);;;SFR_COLL;DSP_MAJ_IRISE;;;OR21;OR1;OR21;CST;MCO;OK;17/07/2004;17/07/2004;C;OPT;C;LH;RF40;144;72;72;12;;4;530,6162;;;17/07/2004;;;;
4614424;TERRITOIRE;IRS - FRANCE LIBRE (CRETEIL)/MGP FRANCE LIBRE;;;SFR_COLL;DSP_MAJ_IRISE;;;OR21;OR1;OR21;CST;MCO;OK;31/07/2007;31/07/2007;C;OPT;C;DI;RF38;12;12;0;1;;4;13,0000;;;31/07/2007;;;;
4610210;TERRITOIRE;IRS - B101 CH 3 / 8 D22 RUE DHALENNE-2;;;SFR_COLL;DSP_MAJ_IRISE;;;OR21;OR1;OR21;CST;MCO;OK;25/07/2006;25/07/2006;C;OPT;C;LH;RF40;144;73;71;12;;4;558,4509;;;25/07/2006;;;;
4628146;TERRITOIRE;IRS - 72FO - AVENUE CURIE FOREST HILL/CGTEL_P9210/PTCNL11000;;;SFR_COLL;DSP_MAJ_IRISE;;;OR21;OR1;OR21;CST;MCO;OK;18/08/2010;18/08/2010;C;OPT;C;TR;RF16;72;60;12;6;;4;102,0214;;;18/08/2010;;;;
4601970;TERRITOIRE;IRS - ADD 1 - TASSIGNY/VERS HOPITAL HENRI MONDOR;;;SFR_COLL;DSP_MAJ_IRISE;;;OR21;OR1;OR21;CST;MCO;OK;15/05/2004;15/05/2004;C;OPT;C;DI;RF15;24;4;20;4;;4;99,3586;;;15/05/2004;;;;
4634288;TERRITOIRE;IRS - 24FO - LT M.NILES/N-1 SEMECO - AA;;;SFR_COLL;DSP_MAJ_IRISE;;;OR21;OR1;OR21;CST;MCO;OK;16/02/2010;16/02/2010;C;OPT;C;DI;RF24;24;24;0;2;;4;77,0652;;;16/02/2010;;;;
4612674;TERRITOIRE;IRS-N-1ORGEMONT/BAG FREE;;;SFR_COLL;DSP_MAJ_IRISE;;;OR21;OR1;OR21;CST;MCO;OK;06/06/2007;06/06/2007;C;OPT;C;DI;RF14;12;10;2;2;;4;49,8483;;;06/06/2007;;;;
33364902;TERRITOIRE;IRS - 36 FO - FT 160 - 35 AVENUE EDOUARD VAILLANT / FT 221 - 80 RUE CARTIER BRESSON;;;SFR_COLL;DSP_MAJ_IRISE;;;OR21;OR1;OR21;CST;MCO;OK;22/08/2022;22/08/2022;C;OPT;C;TR;RF50;36;36;0;3;;4;678,9108;;;22/08/2022;;;;
4594358;TERRITOIRE;IRS - BD DE LA LIBERTE/RUE PASTEUR-RUE DE PANTIN;;;SFR_COLL;DSP_MAJ_IRISE;;;OR21;OR1;OR21;CST;MCO;OK;28/04/2004;28/04/2004;C;OPT;C;LH;RF40;144;70;74;12;;4;773,6073;;;28/04/2004;;;;
37514980;TERRITOIRE;IRS - 12FO - FT714 - RUE JEAN PIERRE TIMBAUD / POP MAISON DU PEUPLE GUY MOQUET COURNEUVE - AA;;;SFR_COLL;DSP_MAJ_IRISE;;;OR21;OR1;OR21;CST;MCO;OK;28/03/2023;28/03/2023;C;OPT;C;DI;RF27;12;10;2;2;;5;334,4387;;;28/03/2023;;;;
4633340;TERRITOIRE;IRS - 48FO - N-1 CAA BOBIGNY/FERME- 8 MAI;;;SFR_COLL;DSP_MAJ_IRISE;;;OR21;OR1;OR21;CST;MCO;OK;21/04/2010;21/04/2010;C;OPT;C;TR;RF19;48;46;2;4;;4;357,8516;;;21/04/2010;;;;
11097631;HORS TERRITOIRE;IRS - 144FO - BI POP WOLTERS KLUWER RUEIL MALMAISON / 12 RUE ANDRE ET EDOUARD MICHELIN;;;SFR_COLL;DSP_MAJ_IRISE;;;OR21;OR1;OR21;CST;MCO;OK;20/12/2013;20/12/2013;C;OPT;C;LH;RF22;144;143;1;12;;4;129,4027;;;20/12/2013;;;;
4613983;HORS TERRITOIRE;IRS 72FO - BD DE LA REPUBLIQUE - VAUCRESSON/IRS PEPINIERE_REPUBLIQUE ( VAUCRESSON);;;SFR_COLL;DSP_MAJ_IRISE;;;OR21;OR1;OR21;CST;MCO;OK;06/11/2007;06/11/2007;C;OPT;C;TR;RF16;72;44;28;6;;4;442,1637;;;06/11/2007;;;;
6590609;TERRITOIRE;IRS - 144FO - 138 BD JEAN JAURES/AVENUE JEAN JAURES/RUE CONDORCET;;;SFR_COLL;DSP_MAJ_IRISE;;;OR21;OR1;OR21;CST;MCO;OK;05/06/2013;05/06/2013;C;OPT;C;LH;RF22;144;137;7;12;;4;257,3380;;;05/06/2013;;;;
6779089;TERRITOIRE;IRS - 72FO 98 AVE ANATOLE FRANCE/ 2 AVE GUYNEMER;;;SFR_COLL;DSP_MAJ_IRISE;;;OR21;OR1;OR21;CST;MCO;OK;24/06/2013;24/06/2013;C;OPT;C;TR;RF28;72;70;2;6;;4;276,4275;;;24/06/2013;;;;
30258337;TERRITOIRE;IRISE - 12FO - BPE FT 419 / POP ANTENNE REPUBLIQUE MONTREUIL - AA;;;SFR_COLL;DSP_MAJ_IRISE;;;OR21;OR1;OR21;CST;MCO;OK;21/03/2022;21/03/2022;C;OPT;C;DI;RF27;12;10;2;2;;5;226,3717;;;21/03/2022;;;;
4636565;TERRITOIRE;IRS - 72FO - CHEMIN DES AVERNAISES / PRC HUB TELECOM AURIOL;;;SFR_COLL;DSP_MAJ_IRISE;;;OR21;OR1;OR21;CST;MCO;OK;07/07/2011;07/07/2011;C;OPT;C;TR;RF16;72;68;4;6;;4;41,6045;;;07/07/2011;;;;
4608828;TERRITOIRE;IRS - AV MOLIERE/MATERNELLE CURIE PIERREFITTE;;;SFR_COLL;DSP_MAJ_IRISE;;;OR21;OR1;OR21;CST;MCO;OK;28/07/2005;28/07/2005;C;OPT;C;DI;RF14;12;8;4;2;;4;41,2337;;;28/07/2005;;;;
4641523;TERRITOIRE;IRS - 36 FO - BI 5 PLACE JB CLEMENT/N-1 VILLETANEUSE;;;SFR_COLL;DSP_MAJ_IRISE;;;OR21;OR1;OR21;CST;MCO;OK;17/02/2012;17/02/2012;C;OPT;C;TR;RF42;36;32;4;6;;4;32,6299;;;17/02/2012;;;;
4631012;TERRITOIRE;IRS - 72 FO - RUE ORLY / ANGLE ORLY COUTURE;;;SFR_COLL;DSP_MAJ_IRISE;;;OR21;OR1;OR21;CST;MCO;OK;26/05/2011;26/05/2011;C;OPT;C;TR;RF16;72;66;6;6;;4;58,1111;;;26/05/2011;;;;
4633629;TERRITOIRE;IRS-48FO 19 BD JEAN JAURES/23 BD JEAN JAURES SAINT OUEN;;;SFR_COLL;DSP_MAJ_IRISE;;;OR21;OR1;OR21;CST;MCO;OK;28/01/2010;28/01/2010;C;OPT;C;TR;RF19;48;39;9;4;;4;105,5524;;;28/01/2010;;;;
43485555;TERRITOIRE;IRIS - 24 FO - BPI - RUE GALLIENIE - BI / FT 734 - 17 IMPASSE BENOIT GUICHON;;;SFR_COLL;DSP_MAJ_IRISE;;;OR21;OR1;OR21;CST;MCO;OK;23/02/2024;23/02/2024;C;OPT;C;DI;RF29;24;22;2;4;;5;92,7047;;;23/02/2024;;;;
4637243;TERRITOIRE;IRS - 24 FO - 4 PLACE DES MUGUETS/POP MAIRIE DE QUARTIER PETIT NANTERRE;;;SFR_COLL;DSP_MAJ_IRISE;;;OR21;OR1;OR21;CST;MCO;OK;10/02/2011;10/02/2011;C;OPT;C;DI;RF15;24;22;2;4;;4;18,3307;;;10/02/2011;;;;
4607986;TERRITOIRE;IRS - 12FO - 81 RUE DE FONTENAY/VIDEO SURVEILLANCE MAIRIE DE VINCENNES;;;SFR_COLL;DSP_MAJ_IRISE;;;OR21;OR1;OR21;CST;MCO;OK;30/08/2007;30/08/2007;C;OPT;C;DI;RF14;12;8;4;2;;4;8,4851;;;30/08/2007;;;;
23408116;TERRITOIRE;IRS - 36 FO - FT 284 AVENUE DE L EPI D OR / FT 630 - 2 RUE DE L ADJUDANT CHEF DERICBOUR;;;SFR_COLL;DSP_MAJ_IRISE;;;OR21;OR1;OR21;CST;MCO;OK;30/04/2021;30/04/2021;C;OPT;C;TR;RF50;36;36;0;3;;4;1167,2416;;;30/04/2021;;;;
18574433;TERRITOIRE;IRS - 36 FO - 29 RUE DU PROGRES / IRS - FT 108 - 9-1 RUE ARMAND CARREL;;;SFR_COLL;DSP_MAJ_IRISE;;;OR21;OR1;OR21;CST;MCO;OK;28/05/2020;28/05/2020;C;OPT;C;TR;RF50;36;36;0;3;;4;1016,1153;;;28/05/2020;;;;
19633030;TERRITOIRE;144 FO - IRS - RUE DE LA DIVISION LECLERC / 21 AV. PAUL VAILLANT COUTURIER;;;SFR_COLL;DSP_MAJ_IRISE;;;OR21;OR1;OR21;CST;MCO;OK;10/08/2020;10/08/2020;C;OPT;C;LH;RF22;144;142;2;12;;4;457,5281;;;10/08/2020;;;;
6761828;HORS TERRITOIRE;IRS - 144FO - FT 1701 - AVENUE ALBERT CAMUS / IRS - ANGLE BD GENERAL GAULLE - ROUTE ERAGNY;;;SFR_COLL;DSP_MAJ_IRISE;;;OR21;OR1;OR21;CST;MCO;OK;21/06/2013;21/06/2013;C;OPT;C;LH;RF22;144;138;6;12;;4;368,9829;;;21/06/2013;;;;
4623227;TERRITOIRE;IRS - 48FO - N-1/POP SEMECO PARKING ETIENNE D'ORVES - AA;;;SFR_COLL;DSP_MAJ_IRISE;;;OR21;OR1;OR21;CST;MCO;OK;30/10/2008;30/10/2008;C;OPT;C;TR;RF19;48;46;2;4;;4;19,3084;;;30/10/2008;;;;
15491564;TERRITOIRE;IRISE - 24FO - AVENUE GEORGES CLEMENCEAU / POP CLUB HORTENSIAS LES LILAS - AA;;;SFR_COLL;DSP_MAJ_IRISE;;;OR21;OR1;OR21;CST;MCO;OK;05/08/2019;05/08/2019;C;OPT;C;DI;RF29;24;18;6;4;;5;11,5572;;;05/08/2019;;;;
4633736;TERRITOIRE;IRS - 24FO - BI / POP MACSF PORT NANTERRE - AA;;;SFR_COLL;DSP_MAJ_IRISE;;;OR21;OR1;OR21;CST;MCO;OK;08/06/2012;08/06/2012;C;OPT;C;DI;RF15;24;22;2;4;;4;25,2941;;;08/06/2012;;;;
4640754;TERRITOIRE;IRS - 24FO - IRS - BI / POP CNAM CRETEIL - BA;;;SFR_COLL;DSP_MAJ_IRISE;;;OR21;OR1;OR21;CST;MCO;OK;14/02/2012;14/02/2012;C;OPT;C;DI;RF15;24;23;1;4;;4;59,3745;;;14/02/2012;;;;
4874772;TERRITOIRE;IRS - 48FO - 74 REPUBLIQUE / 72 BARBUSSE;;;SFR_COLL;DSP_MAJ_IRISE;;;OR21;OR1;OR21;CST;MCO;OK;21/04/2008;21/04/2008;C;OPT;C;TR;RF19;48;32;16;4;;4;453,8912;;;21/04/2008;;;;
4602489;TERRITOIRE;IRS - AVENUE DU 8 MAI_LUGO/AVENUE DU 8 MAI_APPEL DU 18 JUIN;;;SFR_COLL;DSP_MAJ_IRISE;;;OR21;OR1;OR21;CST;MCO;OK;08/08/2002;08/08/2002;C;OPT;C;TR;RF16;72;39;33;6;;4;393,3161;;;08/08/2002;;;;
4611159;TERRITOIRE;IRS - 72FO - RUE VAILLANT COUTURIER/N-1 CEPALON B MAISONS ALFORT;;;SFR_COLL;DSP_MAJ_IRISE;;;OR21;OR1;OR21;CST;MCO;OK;16/02/2007;16/02/2007;C;OPT;C;TR;RF16;72;70;2;6;;4;390,2601;;;16/02/2007;;;;
23336424;TERRITOIRE;IRS - 48 FO - CAB 2 - 21 AV EDOUARD HERRIOT / 63 AV HENRIOT;;;SFR_COLL;DSP_MAJ_IRISE;;;OR21;OR1;OR21;CST;MCO;OK;10/04/2001;10/04/2001;C;OPT;C;TR;RF12;48;22;26;6;;5;221,7091;;;10/04/2001;;;;
7259816;HORS TERRITOIRE;IRS - 144FO - FT 691 - AVENUE DES BELLEBUES / FT - N-1 FRANCE CARGO;;;SFR_COLL;DSP_MAJ_IRISE;;;OR21;OR1;OR21;CST;MCO;OK;04/09/2013;04/09/2013;C;OPT;C;LH;RF22;144;134;10;12;;4;516,7699;;;04/09/2013;;;;
4602597;HORS TERRITOIRE;IRS - RUE AUGUSTE DEUX GARES/UCB RUEIL - AB;;;SFR_COLL;DSP_MAJ_IRISE;;;OR21;OR1;OR21;CST;MCO;OK;22/04/2005;22/04/2005;C;OPT;C;DI;RF57;12;12;0;1;;4;23,8598;;;22/04/2005;;;;
4611234;HORS TERRITOIRE;IRS-21 RUE BARA/CEGETEL;;;SFR_COLL;DSP_MAJ_IRISE;;;OR21;OR1;OR21;CST;MCO;OK;01/08/2006;01/08/2006;C;OPT;C;TR;RF16;72;50;22;6;;4;11,2377;;;01/08/2006;;;;
4633196;TERRITOIRE;IRS - 24FO BI/POP COLLEGE_LIBERTE (D68);;;SFR_COLL;DSP_MAJ_IRISE;;;OR21;OR1;OR21;CST;MCO;OK;28/07/2009;28/07/2009;C;OPT;C;DI;RF15;24;20;4;4;;4;18,3848;;;28/07/2009;;;;
6305170;TERRITOIRE;IRS - 144FO - RUE J LOLIVE/AVENUE DE METZ (PANTIN) - BPE1;;;SFR_COLL;DSP_MAJ_IRISE;;;OR21;OR1;OR21;CST;MCO;OK;30/04/2013;30/04/2013;C;OPT;C;LH;RF22;144;135;9;12;;4;1857,3050;;;30/04/2013;;;;
4630076;TERRITOIRE;IRS - 72FO - PRC THD RUE 8 MAI_RUE WALLON / RUE 8 MAI_RUE WALLON;;;SFR_COLL;DSP_MAJ_IRISE;;;OR21;OR1;OR21;CST;MCO;OK;08/12/2009;08/12/2009;C;OPT;C;TR;RF16;72;64;8;6;;4;40,8255;;;08/12/2009;;;;
43730345;TERRITOIRE;IRS - 12FO - POP MATERNELLE MAURICE ARNOUX MONTROUGE / GABRIEL PERI/ARNOUX;;;SFR_COLL;DSP_MAJ_IRISE;;;OR21;OR1;OR21;CST;MCO;OK;11/03/2024;11/03/2024;C;OPT;C;DI;RF27;12;10;2;2;;5;137,7183;;;11/03/2024;;;;
4596758;TERRITOIRE;IRS - 24FO - ANGLE DELAUNAY / RIMET / POP LEROY MERLIN SAINT-DENIS - AA;;;SFR_COLL;DSP_MAJ_IRISE;;;OR21;OR1;OR21;CST;MCO;OK;06/10/2010;06/10/2010;C;OPT;C;DI;RF15;24;22;2;4;;4;43,6387;;;06/10/2010;;;;
4605764;TERRITOIRE;IRS - AVENUE CURIE/FOREST HILL/RUE DES CHAMPS PIERREUX;;;SFR_COLL;DSP_MAJ_IRISE;;;OR21;OR1;OR21;CST;MCO;OK;30/01/2001;30/01/2001;C;OPT;C;LH;RF56;144;96;48;12;;4;1037,5375;;;30/01/2001;;;;
4632362;TERRITOIRE;IRS - 24FO - BI/POP TOURNELLES_3 (D44);;;SFR_COLL;DSP_MAJ_IRISE;;;OR21;OR1;OR21;CST;MCO;OK;22/07/2009;22/07/2009;C;OPT;C;DI;RF15;24;20;4;4;;4;24,1866;;;22/07/2009;;;;
4612082;TERRITOIRE;IRS - 18 RUE ROUGET DE L ISLE/20 RUE ROUGET DE L ISLE;;;SFR_COLL;DSP_MAJ_IRISE;;;OR21;OR1;OR21;CST;MCO;OK;13/04/2007;13/04/2007;C;OPT;C;LH;RF40;144;35;109;12;;4;30,7515;;;13/04/2007;;;;
4615490;TERRITOIRE;IRS-  48 FO - RUE COURTOIS / POP MINEFI DNEF - AA;;;SFR_COLL;DSP_MAJ_IRISE;;;OR21;OR1;OR21;CST;MCO;OK;12/10/2010;12/10/2010;C;OPT;C;TR;RF19;48;45;3;4;;4;23,2024;;;12/10/2010;;;;
4612609;TERRITOIRE;BPE 4 ESSEN/SILIC B - IRISE;;;SFR_COLL;DSP_MAJ_IRISE;;;OR21;OR1;OR21;CST;MCO;OK;21/11/2007;21/11/2007;C;OPT;C;DI;RF14;12;4;8;2;;4;120,1396;;;21/11/2007;;;;
11123655;HORS TERRITOIRE;IRS - 24 FO - BI-1 RUE DE LA CROIX MAHEUX / POP COMPAGNIE GENERALE DE SANTE - AB;;;SFR_COLL;DSP_MAJ_IRISE;;;OR21;OR1;OR21;CST;MCO;OK;30/03/2017;30/03/2017;C;OPT;C;DI;RF48;24;24;0;4;;4;8,5351;;;30/03/2017;;;;
4609301;TERRITOIRE;IRS - 72FO - BPE1 PONT DE JOINVILLE/PLACE DE VERDUN;;;SFR_COLL;DSP_MAJ_IRISE;;;OR21;OR1;OR21;CST;MCO;OK;06/07/2005;06/07/2005;C;OPT;C;TR;RF16;72;35;37;6;;4;435,3218;;;06/07/2005;;;;
4600708;TERRITOIRE;IRS - 144FO - 81 QUAI DE LA MARNE/MARNE-JOINVILLE;;;SFR_COLL;DSP_MAJ_IRISE;;;OR21;OR1;OR21;CST;MCO;OK;06/08/2002;06/08/2002;C;OPT;C;LH;RF56;144;60;84;12;;4;861,2264;;;06/08/2002;;;;
7772833;TERRITOIRE;144 FO - LD - BAG IRS PONT DE JOINVILLE-BROSSOLETTE BPE 1 / BPE 2;;;SFR_COLL;DSP_MAJ_IRISE;;;OR21;OR1;OR21;CST;MCO;OK;31/01/2014;31/01/2014;C;OPT;C;LH;RF22;144;79;65;12;;4;4,6615;;;31/01/2014;;;;
4608984;TERRITOIRE;IRS - 48FO - AV DU PRESIDENT SALVADOR ALLENDE/BD MAURICE THOREZ-AV SEMARD;;;SFR_COLL;DSP_MAJ_IRISE;;;OR21;OR1;OR21;CST;MCO;OK;09/11/2004;09/11/2004;C;OPT;C;TR;RF19;48;4;44;4;;4;42,2330;;;09/11/2004;;;;
5732691;HORS TERRITOIRE;IRS - 72 FO -  LD - IRS 12 RUE ANDRE ET EDOUARD MICHELIN/IRS ANGLE 2 GARES_GD TERRES;;;SFR_COLL;DSP_MAJ_IRISE;;;OR21;OR1;OR21;CST;MCO;OK;21/02/2013;21/02/2013;C;OPT;C;TR;RF28;72;71;1;6;;4;272,7927;;;21/02/2013;;;;
4608594;TERRITOIRE;IRS - 12FO - RUE D'ARCEUIL/ IRS - BI 54 RUE ARCUEIL;;;SFR_COLL;DSP_MAJ_IRISE;;;OR21;OR1;OR21;CST;MCO;OK;17/01/2006;17/01/2006;C;OPT;C;DI;RF14;12;8;4;2;;4;89,5897;;;17/01/2006;;;;
4633793;TERRITOIRE;IRS - 48FO - PERI DISPENSAIRE / N-1 POP COMELI;;;SFR_COLL;DSP_MAJ_IRISE;;;OR21;OR1;OR21;CST;MCO;OK;30/03/2011;30/03/2011;C;OPT;C;TR;RF19;48;46;2;4;;4;328,8662;;;30/03/2011;;;;
7049813;TERRITOIRE;IRS - 144FO - FT 770 - IRS - AV DU PRESIDENT F.ROOSELEVELT / IRS - RUE MAUREPAS;;;SFR_COLL;DSP_MAJ_IRISE;;;OR21;OR1;OR21;CST;MCO;OK;16/07/2013;16/07/2013;C;OPT;C;LH;RF22;144;140;4;12;;4;834,3504;;;16/07/2013;;;;
4631451;TERRITOIRE;IRS - 24FO BI/POP ECLUSE (D10);;;SFR_COLL;DSP_MAJ_IRISE;;;OR21;OR1;OR21;CST;MCO;OK;24/07/2009;24/07/2009;C;OPT;C;DI;RF134;24;20;4;4;;4;20,6154;;;24/07/2009;;;;
4632061;TERRITOIRE;IRS - 48FO - N-1 MAIRIE CHAVILLE/RUE ANATOLE FRANCE;;;SFR_COLL;DSP_MAJ_IRISE;;;OR21;OR1;OR21;CST;MCO;OK;09/09/2009;09/09/2009;C;OPT;C;TR;RF19;48;21;27;4;;4;298,5941;;;09/09/2009;;;;
4609662;TERRITOIRE;IRS - 24FO - 28 RUE CARREL/POP UBISOFT CARREL MONTREUIL - AA;;;SFR_COLL;DSP_MAJ_IRISE;;;OR21;OR1;OR21;CST;MCO;OK;03/01/2008;03/01/2008;C;OPT;C;DI;RF15;24;14;10;4;;4;22,1243;;;03/01/2008;;;;
4624055;TERRITOIRE;IRS - 72FO - 25 BOULEVARD DU COLONEL FABIEN - MAZET IRISE/IRS - 55 AV ANATOLE FRANCE;;;SFR_COLL;DSP_MAJ_IRISE;;;OR21;OR1;OR21;CST;MCO;OK;14/02/2011;14/02/2011;C;OPT;C;TR;RF16;72;39;33;6;;4;1417,9234;;;14/02/2011;;;;
4598662;TERRITOIRE;IRS - 48FO RUE KARMAN/N-1 MAIRIE AUBERVILLIERS;;;SFR_COLL;DSP_MAJ_IRISE;;;OR21;OR1;OR21;CST;MCO;OK;21/06/2011;21/06/2011;C;OPT;C;TR;RF47;48;22;26;4;;4;523,8600;;;21/06/2011;;;;
4604623;TERRITOIRE;IRS 72 FO - F. MITTEREAND - AV. EMILE ZOLA;;;SFR_COLL;DSP_MAJ_IRISE;;;OR21;OR1;OR21;CST;MCO;OK;17/10/2011;17/10/2011;C;OPT;C;TR;RF16;72;70;2;6;;4;498,4111;;;17/10/2011;;;;
4605789;TERRITOIRE;IRS - 144FO - QUAI BIR HAKEIM/ST MAUR TUNNEL;;;SFR_COLL;DSP_MAJ_IRISE;;;OR21;OR1;OR21;CST;MCO;OK;10/02/2004;10/02/2004;C;OPT;C;LH;RF56;144;110;34;12;;4;670,0894;;;10/02/2004;;;;
4631367;TERRITOIRE;IRS - 144FO - 46 AV DE STALINGRAD/HORNET_STALINGRAD;;;SFR_COLL;DSP_MAJ_IRISE;;;OR21;OR1;OR21;CST;MCO;OK;24/06/2009;24/06/2009;C;OPT;C;LH;RF40;144;75;69;12;;4;536,7289;;;24/06/2009;;;;
4627980;TERRITOIRE;IRS - 288FO OPAC_143_LGTS (D35)/CEN_GEOTH_CHEVILLY_LARUE;;;SFR_COLL;DSP_MAJ_IRISE;;;OR21;OR1;OR21;CST;MCO;OK;16/07/2009;16/07/2009;C;OPT;C;LH;RF135;288;274;14;24;;36;177,7957;;;16/07/2009;;;;
7772834;TERRITOIRE;IRS - 144 FO - LD - POINT DE JOINVILLE-BROSSOLETTE / AV KENNEDY-LECLERC;;;SFR_COLL;DSP_MAJ_IRISE;;;OR21;OR1;OR21;CST;MCO;OK;31/01/2014;31/01/2014;C;OPT;C;LH;RF22;144;25;119;12;;4;891,5537;;;31/01/2014;;;;
4630967;TERRITOIRE;IRS - 24FO BI/POP FOYER_ALJT (D57);;;SFR_COLL;DSP_MAJ_IRISE;;;OR21;OR1;OR21;CST;MCO;OK;27/07/2009;27/07/2009;C;OPT;C;DI;RF15;24;20;4;4;;4;16,0312;;;27/07/2009;;;;
6639569;TERRITOIRE;IRS - 24 FO - POP VINCI ENERGIES/PHIBOR ESPACE RUNGIS MONTLHERY RUNGIS / IRS - FT_463 - RUE LE CORBUSIER (RUNGIS) -AA;;;SFR_COLL;DSP_MAJ_IRISE;;;OR21;OR1;OR21;CST;MCO;OK;10/06/2013;10/06/2013;C;OPT;C;DI;RF30;24;23;1;4;;4;24,4179;;;10/06/2013;;;;
4632060;TERRITOIRE;IRS - 48FO - N-1 VIROFLAY/N-1 MAIRIE CHAVILLE;;;SFR_COLL;DSP_MAJ_IRISE;;;OR21;OR1;OR21;CST;MCO;OK;09/09/2009;09/09/2009;C;OPT;C;TR;RF19;48;28;20;4;;4;1588,8325;;;09/09/2009;;;;
6486929;TERRITOIRE;IRS - 36FO - POP ESPRESSO AV. MARONNIERS/IRS - GRANDE ALLEE / AV. DES MARGUERITES;;;SFR_COLL;DSP_MAJ_IRISE;;;OR21;OR1;OR21;CST;MCO;OK;28/05/2013;28/05/2013;C;OPT;C;TR;RF26;36;35;1;6;;4;393,8132;;;28/05/2013;;;;
4601466;TERRITOIRE;IRS - 48FO LA_LIBERTE (D95)/GS_PASTEUR (D47);;;SFR_COLL;DSP_MAJ_IRISE;;;OR21;OR1;OR21;CST;MCO;OK;21/07/2009;21/07/2009;C;OPT;C;TR;RF19;48;42;6;4;;4;184,6121;;;21/07/2009;;;;
4607683;TERRITOIRE;IRS - 144FO - MAIRIE DE BRY SUR MARNE/AV DE RIGNY-RUE DU MARECHAL FOCH;;;SFR_COLL;DSP_MAJ_IRISE;;;OR21;OR1;OR21;CST;MCO;OK;17/12/2004;17/12/2004;C;OPT;C;LH;RF40;144;106;38;12;;4;910,8061;;;17/12/2004;;;;
4609233;TERRITOIRE;IRS - 12FO - POP FTTS CHAVILLE GARE - BI CHAVILLE GARE - AA;;;SFR_COLL;DSP_MAJ_IRISE;;;OR21;OR1;OR21;CST;MCO;OK;17/01/2012;17/01/2012;C;OPT;C;DI;RF38;12;8;4;1;;4;20,0250;;;17/01/2012;;;;
4602329;TERRITOIRE;IRS - CAB 01 - ECOLE INFIRMIERE IRISE/LT POP IRISE KREMLIN;;;SFR_COLL;DSP_MAJ_IRISE;;;OR21;OR1;OR21;CST;MCO;OK;23/08/2002;23/08/2002;C;OPT;C;LH;RF56;144;130;14;12;;4;206,2176;;;23/08/2002;;;;
7171635;TERRITOIRE;IRS - 144 FO - IRS 1023 - 261 AVENUE DE FONTAINEBLEAU / AV DE STALINGRAD CHEVILLY;;;SFR_COLL;DSP_MAJ_IRISE;;;OR21;OR1;OR21;CST;MCO;OK;02/08/2013;02/08/2013;C;OPT;C;LH;RF22;144;130;14;12;;4;163,7454;;;02/08/2013;;;;
6300051;TERRITOIRE;IRS - 144FO - PAUL VAILLANT COURTURIER/YOURI GAGRINE (BOBIGNY) - BPE1/302 AV VAILLANT COUTURIER (BOBIGNY) - BPE 1;;;SFR_COLL;DSP_MAJ_IRISE;;;OR21;OR1;OR21;CST;MCO;OK;30/04/2013;30/04/2013;C;OPT;C;LH;RF22;144;136;8;12;;4;379,0799;;;30/04/2013;;;;
15583779;TERRITOIRE;IRISE - 24 FO - 35 AVENUE GEORGES CLEMENCEAU / N-1 POP CENTRE CULTUREL ANGLEMONT;;;SFR_COLL;DSP_MAJ_IRISE;;;OR21;OR1;OR21;CST;MCO;OK;19/08/2019;19/08/2019;C;OPT;C;DI;RF29;24;12;12;4;;5;285,0224;;;19/08/2019;;;;
4608433;TERRITOIRE;IRS - 12FO A CONFIRMER - GARAGE/ATELIER MONTROUGE - AB;;;SFR_COLL;DSP_MAJ_IRISE;;;OR21;OR1;OR21;CST;MCO;OK;29/11/2005;29/11/2005;C;OPT;C;DI;RF38;12;10;2;1;;4;53,3383;;;29/11/2005;;;;
15257633;TERRITOIRE;IRS - 12FO - FT1104- 22 RUE JEAN BAPTISTE CLEMENT VILLEJUIF/CAMERA C25 - AA;;;SFR_COLL;DSP_MAJ_IRISE;;;OR21;OR1;OR21;CST;MCO;OK;09/07/2019;09/07/2019;C;OPT;C;DI;RF37;12;10;2;2;;5;34,9665;;;09/07/2019;;;;
4595942;HORS TERRITOIRE;IRS - MAUPASSANT/LA FRETTE-GARENNE;;;SFR_COLL;DSP_MAJ_IRISE;;;OR21;OR1;OR21;CST;MCO;OK;25/05/2004;25/05/2004;C;OPT;C;LH;RF74;144;144;0;12;;100;836,8897;;;25/05/2004;;;;
4636424;TERRITOIRE;IRS - 24FO - AVENUE RABELAIS / PRC INEO 9 RABELAIS;;;SFR_COLL;DSP_MAJ_IRISE;;;OR21;OR1;OR21;CST;MCO;OK;02/02/2011;02/02/2011;C;OPT;C;DI;RF15;24;20;4;4;;4;47,3984;;;02/02/2011;;;;
8551636;TERRITOIRE;IRS - NEW PARKING RUE DE PARIS/ALLEE G PHILIPPE;;;SFR_COLL;DSP_MAJ_IRISE;;;OR21;OR1;OR21;CST;MCO;OK;21/03/2005;21/03/2005;C;OPT;C;TR;RF19;48;38;10;4;;4;111,9068;;;21/03/2005;;;;
7681505;TERRITOIRE;IRS - 72FO - RUE DE LA COUTURE BPE 2/RUE D'ORLY RUNGIS;;;SFR_COLL;DSP_MAJ_IRISE;;;OR21;OR1;OR21;CST;MCO;OK;08/01/2014;08/01/2014;C;OPT;C;TR;RF28;72;70;2;6;;4;234,3646;;;08/01/2014;;;;
4608304;TERRITOIRE;IRS - ERREUR DE DECOUPAGE - ECOLE INFIRMIERE/VERS DAUPHIN - 2;;;SFR_COLL;DSP_MAJ_IRISE;;;OR21;OR1;OR21;CST;MCO;OK;14/11/2005;14/11/2005;C;OPT;C;LH;RF56;144;52;92;12;;4;810,1485;;;14/11/2005;;;;
4632803;TERRITOIRE;IRS - 144FO - RUE DES CHEMINOTS/POP GENERALI ST DENIS - CO-2;;;SFR_COLL;DSP_MAJ_IRISE;;;OR21;OR1;OR21;CST;MCO;OK;12/08/2011;12/08/2011;C;OPT;C;LH;RF40;144;58;86;12;;4;229,8871;;;12/08/2011;;;;
7295570;TERRITOIRE;IRS - 144FO - FT607 06 AV DU 8 MAI 1945 (PANTIN) / IRS - FT605 FACE AU 17 AV DU 8 MAI 1945 (PANTIN);;;SFR_COLL;DSP_MAJ_IRISE;;;OR21;OR1;OR21;CST;MCO;OK;13/09/2013;13/09/2013;C;OPT;C;LH;RF22;144;143;1;12;;4;142,8425;;;13/09/2013;;;;
10881958;HORS TERRITOIRE;IRS - 36FO BI POP FTTS PONTOISE / RUE DE GISORS (PONTOISE) - BPE1;;;SFR_COLL;DSP_MAJ_IRISE;;;OR21;OR1;OR21;CST;MCO;OK;14/05/2013;14/05/2013;C;OPT;C;TR;RF26;36;32;4;6;;4;27,9296;;;14/05/2013;;;;
7003410;TERRITOIRE;IRS - 144FO - FT 582 - RUE DU PAVE DE GRIGNON / RUE DARTHE;;;SFR_COLL;DSP_MAJ_IRISE;;;OR21;OR1;OR21;CST;MCO;OK;11/07/2013;11/07/2013;C;OPT;C;LH;RF22;144;140;4;12;;4;450,1277;;;11/07/2013;;;;
4609663;TERRITOIRE;IRS - 72FO - ANGLE ST MANDE_VALMY/28 RUE CARREL;;;SFR_COLL;DSP_MAJ_IRISE;;;OR21;OR1;OR21;CST;MCO;OK;03/01/2008;03/01/2008;C;OPT;C;TR;RF16;72;61;11;6;;4;516,1369;;;03/01/2008;;;;
17443234;TERRITOIRE;12 FO - IRISE 534 - 51 RUE H. BARBUSSE IRISE / POP CENTRE DE SANTE VILLEJUIF - AA;;;SFR_COLL;DSP_MAJ_IRISE;;;OR21;OR1;OR21;CST;MCO;OK;18/02/2020;18/02/2020;C;OPT;C;DI;RF27;12;10;2;2;;5;28,9732;;;18/02/2020;;;;
22154338;TERRITOIRE;12 FO - BPE FT 419 / POP GROUPE SCOLAIRE MARCEAU;;;SFR_COLL;DSP_MAJ_IRISE;;;OR21;OR1;OR21;CST;MCO;OK;04/02/2021;04/02/2021;C;OPT;C;DI;RF27;12;6;6;2;;5;10,9832;;;04/02/2021;;;;
17234610;TERRITOIRE;IRS - 36 FO - IRS - 79 AVENUE DU MARECHAL DE LATTRE DE TASSIGNY / FT 761 - 43 RUE DES BLEUETS CRETEIL;;;SFR_COLL;DSP_MAJ_IRISE;;;OR21;OR1;OR21;CST;MCO;OK;30/01/2020;30/01/2020;C;OPT;C;TR;RF50;36;36;0;3;;4;387,8325;;;30/01/2020;;;;
10876928;TERRITOIRE;IRS - 144 FO - 11 AVENUE DES COSMONAUTES - D41 / BPI BLANC MESNIL P.LESCOT;;;SFR_COLL;DSP_MAJ_IRISE;;;OR21;OR1;OR21;CST;MCO;OK;29/04/2013;29/04/2013;C;OPT;C;LH;RF22;144;140;4;12;;4;223,7620;;;29/04/2013;;;;
4640605;TERRITOIRE;IRS-72FO- DOLET POTIER/LES JONCHEROLLES PT;;;SFR_COLL;DSP_MAJ_IRISE;;;OR21;OR1;OR21;CST;MCO;OK;24/02/2012;24/02/2012;C;OPT;C;TR;RF23;72;37;35;6;;145;203,6281;;;24/02/2012;;;;
17569970;TERRITOIRE;IRS - 24 FO - N-1 MEDIATHEQUE CHEVILLY LARUE / FT 631 - 1 AVENUE DU PRESIDENT FRANKLIN ROOSVELT;;;SFR_COLL;DSP_MAJ_IRISE;;;OR21;OR1;OR21;CST;MCO;OK;28/02/2020;28/02/2020;C;OPT;C;DI;RF29;24;22;2;4;;5;1144,6647;;;28/02/2020;;;;
11115594;TERRITOIRE;IRS - 24FO - BI POP SILIC B/LT SILIC B 6 EME ETAGE - AB;;;SFR_COLL;DSP_MAJ_IRISE;;;OR21;OR1;OR21;CST;MCO;OK;29/03/2017;29/03/2017;C;OPT;C;DI;RF17;24;24;0;2;;4;6,0159;;;29/03/2017;;;;
4621246;TERRITOIRE;IRS - 24FO - BI/LT ENMD - AA;;;SFR_COLL;DSP_MAJ_IRISE;;;OR21;OR1;OR21;CST;MCO;OK;28/09/2010;28/09/2010;C;OPT;C;DI;RF15;24;22;2;4;;4;81,9785;;;28/09/2010;;;;
29388949;TERRITOIRE;IRS - 36 FO - FT 329 - 58 RUE EDOUARD VAILLANT / FT 299 - 84 RUE EDOUARD VAILLANT;;;SFR_COLL;DSP_MAJ_IRISE;;;OR21;OR1;OR21;CST;MCO;OK;07/02/2022;07/02/2022;C;OPT;C;TR;RF50;36;36;0;3;;4;272,3684;;;07/02/2022;;;;
4600309;TERRITOIRE;IRS - 288FO -  12 RUE MESLIER/81 RUE DHALENNE ST OUEN;;;SFR_COLL;DSP_MAJ_IRISE;;;OR21;OR1;OR21;CST;MCO;OK;10/10/2002;10/10/2002;C;OPT;C;LH;RF118;288;214;74;24;;102;191,2962;;;10/10/2002;;;;
4627960;TERRITOIRE;IRS - 288FO CHAUFFERIE_LES_SORBIERS (A06)/50_LGTS_BEARN (D91);;;SFR_COLL;DSP_MAJ_IRISE;;;OR21;OR1;OR21;CST;MCO;OK;16/07/2009;16/07/2009;C;OPT;C;LH;RF135;288;272;16;24;;36;74,1399;;;16/07/2009;;;;
4609869;HORS TERRITOIRE;IRS - 12FO VERS MSC LE THILLAY CEGETEL - AA;;;SFR_COLL;DSP_MAJ_IRISE;;;OR21;OR1;OR21;CST;MCO;OK;05/10/2005;05/10/2005;C;OPT;C;DI;RF14;12;10;2;2;;4;41,2309;;;05/10/2005;;;;
17910138;TERRITOIRE;IRS - 144 FO - FT 526 - 127 AVENUE JEAN JAURES / FT 1222 -  50-52 AVENUE RASPAIL;;;SFR_COLL;DSP_MAJ_IRISE;;;OR21;OR1;OR21;CST;MCO;OK;31/03/2020;31/03/2020;C;OPT;C;LH;RF22;144;144;0;12;;4;997,9134;;;31/03/2020;;;;
41893867;TERRITOIRE;IRS - 12 FO - ALLEE DES MESSAGERIES / POP SAGEMCOM BROADBAND SAS BOIS COLOMBES - AA;;;SFR_COLL;DSP_MAJ_IRISE;;;OR21;OR1;OR21;CST;MCO;OK;23/11/2023;23/11/2023;C;OPT;C;DI;RF27;12;11;1;2;;5;39,3869;;;23/11/2023;;;;
4632109;TERRITOIRE;IRS - 144FO CEN_GEOTH_LGTS_JARDIN_PARISIEN/LES_ROSES_ROUGES (D96);;;SFR_COLL;DSP_MAJ_IRISE;;;OR21;OR1;OR21;CST;MCO;OK;17/07/2009;17/07/2009;C;OPT;C;LH;RF40;144;138;6;12;;4;544,1874;;;17/07/2009;;;;
4630474;TERRITOIRE;IRS - 48FO - POP FTTH LE BLANC-MESNIL/AV DE LA DIVISION LECLERC - IA;;;SFR_COLL;DSP_MAJ_IRISE;;;OR21;OR1;OR21;CST;MCO;OK;22/09/2011;22/09/2011;C;OPT;C;TR;RF19;48;6;42;4;;4;39,2046;;;22/09/2011;;;;
4620977;TERRITOIRE;IRS - 48FO - SQ STALINGRAD/64 AV DE LA REPUBLIQUE;;;SFR_COLL;DSP_MAJ_IRISE;;;OR21;OR1;OR21;CST;MCO;OK;04/01/2008;04/01/2008;C;OPT;C;TR;RF19;48;16;32;4;;4;359,7424;;;04/01/2008;;;;
18009969;TERRITOIRE;IRS - 36FO - ROBINSON-GUESDE / FT 344 - AVENUE ROGER SALENGRO;;;SFR_COLL;DSP_MAJ_IRISE;;;OR21;OR1;OR21;CST;MCO;OK;09/04/2020;09/04/2020;C;OPT;C;TR;RF26;36;36;0;6;;4;1102,8761;;;09/04/2020;;;;
4602826;TERRITOIRE;IRS - 12FO - D'ADDUCTION VERS LA MAIRIE ILE ST DENIS;;;SFR_COLL;DSP_MAJ_IRISE;;;OR21;OR1;OR21;CST;MCO;OK;15/09/2004;15/09/2004;C;OPT;C;DI;RF70;12;8;4;2;;5;171,7580;;;15/09/2004;;;;
4634133;HORS TERRITOIRE;IRS - 48FO - N-1 POP SANEF / SORTIE BRETELLE AUTOROUTE A4;;;SFR_COLL;DSP_MAJ_IRISE;;;OR21;OR1;OR21;CST;MCO;OK;31/03/2011;31/03/2011;C;OPT;C;TR;RF19;48;46;2;4;;4;103,2148;;;31/03/2011;;;;
5884705;HORS TERRITOIRE;IRS - 72FO - LD - AV. BELLE HEAUMIERE/IRS - AVEN BEGUINES;;;SFR_COLL;DSP_MAJ_IRISE;;;OR21;OR1;OR21;CST;MCO;OK;14/03/2013;14/03/2013;C;OPT;C;TR;RF28;72;29;43;6;;4;1554,3745;;;14/03/2013;;;;
6689505;HORS TERRITOIRE;IRS - 144FO - AV DE LA BELLE HEAUMIERE (CERGY) - BPE 1 / SFR N-1 CERGY SAINT CHRISTOPHE;;;SFR_COLL;DSP_MAJ_IRISE;;;OR21;OR1;OR21;CST;MCO;OK;14/06/2013;14/06/2013;C;OPT;C;LH;RF22;144;139;5;12;;4;1425,3993;;;14/06/2013;;;;
4614926;HORS TERRITOIRE;IRS - 72FO - AV DE LA BELLE HEAUMIERE/ AVEN-BEGUINES;;;SFR_COLL;DSP_MAJ_IRISE;;;OR21;OR1;OR21;CST;MCO;OK;19/04/2010;19/04/2010;C;OPT;C;TR;RF16;72;14;58;6;;4;1564,4996;;;19/04/2010;;;;
4603983;TERRITOIRE;IRS - 26 RUE ST DENIS/ADD AMBROISE - A REFAIRE VERS LE 36;;;SFR_COLL;DSP_MAJ_IRISE;;;OR21;OR1;OR21;CST;MCO;OK;28/04/2004;28/04/2004;C;OPT;C;TR;RF28;72;68;4;6;;4;955,8203;;;28/04/2004;;;;
4614799;TERRITOIRE;IRS-RUE VOLTAIRE PROGRES/65 RUE VOLTAIRE MONTREUIL;;;SFR_COLL;DSP_MAJ_IRISE;;;OR21;OR1;OR21;CST;MCO;OK;03/11/2006;03/11/2006;C;OPT;C;TR;RF19;48;46;2;4;;4;89,8860;;;03/11/2006;;;;
4607885;TERRITOIRE;IRS - 75 BIS AV DE ROSNY RFF/N-1 MAIRIE VILLEMONBLE;;;SFR_COLL;DSP_MAJ_IRISE;;;OR21;OR1;OR21;CST;MCO;OK;17/10/2005;17/10/2005;C;OPT;C;TR;RF64;36;28;8;6;;145;569,4993;;;17/10/2005;;;;
14656082;TERRITOIRE;IRS - 12FO - POP SII RUE DU 19 MARS 1962/N-1 BOBIGNY (PREFECTURE);;;SFR_COLL;DSP_MAJ_IRISE;;;OR21;OR1;OR21;CST;MCO;OK;24/04/2019;24/04/2019;C;OPT;C;DI;RF37;12;0;12;2;;5;470,8476;;;24/04/2019;;;;
10953022;TERRITOIRE;IRS - 144 FO - BI POP FSEF SCEAUX (DUPRE) / IRS - AV CLAUDE PERRAULT (SCEAUX);;;SFR_COLL;DSP_MAJ_IRISE;;;OR21;OR1;OR21;CST;MCO;OK;08/01/2014;08/01/2014;C;OPT;C;LH;RF22;144;144;0;12;;4;332,0001;;;08/01/2014;;;;
7417169;TERRITOIRE;IRS - 144 FO - 1 RUE RATEAU (LA COURNEUVE)/POP IRISE  ITX7 LA COURNEUVE  - AA;;;SFR_COLL;DSP_MAJ_IRISE;;;OR21;OR1;OR21;CST;MCO;OK;21/10/2013;21/10/2013;C;OPT;C;LH;RF22;144;117;27;12;;4;42,4781;;;21/10/2013;;;;
4633294;TERRITOIRE;IRS - 48FO BRETAGNE (D29)/FOYER_ADEF (D54);;;SFR_COLL;DSP_MAJ_IRISE;;;OR21;OR1;OR21;CST;MCO;OK;20/07/2009;20/07/2009;C;OPT;C;TR;RF19;48;44;4;4;;4;313,5970;;;20/07/2009;;;;
18027236;TERRITOIRE;IRS - 36 FO - FT 301 - 10 PLACE CYRANO DE BERGERAC  (CHATENAY-MALABRY) / IRS - FT 897 - 14 AVENUE LEONARD DE VINCI (CHATENAY-MALABRY);;;SFR_COLL;DSP_MAJ_IRISE;;;OR21;OR1;OR21;CST;MCO;OK;10/04/2020;10/04/2020;C;OPT;C;TR;RF50;36;36;0;3;;4;787,2721;;;10/04/2020;;;;
11744489;HORS TERRITOIRE;IRS - 12FO - N-1 POP CMP SAINT CHRISTOPHE-1 / POP CMP SAINT CHRISTOPHE-1 CERGY - AA;;;SFR_COLL;DSP_MAJ_IRISE;;;OR21;OR1;OR21;CST;MCO;OK;17/08/2017;17/08/2017;C;OPT;C;DI;RF37;12;11;1;2;;5;25,5190;;;17/08/2017;;;;
4607562;TERRITOIRE;IRS - 48FO CHAUFFERIE_LA_SAUSSAIE (A05)/SORBIERS_BAT_C (E03);;;SFR_COLL;DSP_MAJ_IRISE;;;OR21;OR1;OR21;CST;MCO;OK;17/07/2009;17/07/2009;C;OPT;C;TR;RF19;48;42;6;4;;4;128,4480;;;17/07/2009;;;;
16701482;TERRITOIRE;IRS - 144 FO - FT313 - 1 RUE MARCELLIN BERTHELOT / FT231 - 2 AV MENELOTTE;;;SFR_COLL;DSP_MAJ_IRISE;;;OR21;OR1;OR21;CST;MCO;OK;06/12/2019;06/12/2019;C;OPT;C;LH;RF22;144;144;0;12;;4;889,5410;;;06/12/2019;;;;
22364305;TERRITOIRE;IRS - 24FO - ECOLE INFIRMIERE IRISE-1 / FT204 - 5 RUE JEAN MONNET;;;SFR_COLL;DSP_MAJ_IRISE;;;OR21;OR1;OR21;CST;MCO;OK;19/02/2021;19/02/2021;C;OPT;C;DI;RF29;24;22;2;4;;5;520,2483;;;19/02/2021;;;;
22107959;TERRITOIRE;IRS - 24FO - FT913 - 31 BOULEVARD CHANZY / FT313 - 116 RUE DE PARIS;;;SFR_COLL;DSP_MAJ_IRISE;;;OR21;OR1;OR21;CST;MCO;OK;02/02/2021;02/02/2021;C;OPT;C;DI;RF29;24;22;2;4;;5;648,6871;;;02/02/2021;;;;
11023123;HORS TERRITOIRE;24FO - IRS - BI 10 ALLEE BIENVENUE/POP CORIANCE - AA;;;SFR_COLL;DSP_MAJ_IRISE;;;OR21;OR1;OR21;CST;MCO;OK;10/03/2017;10/03/2017;C;OPT;C;DI;RF30;24;23;1;4;;4;33,5841;;;10/03/2017;;;;
4612373;HORS TERRITOIRE;IRS - 144FO -MENDES - ALLEE DES BOIS  /2 AV PIERRE MENDES FRANCE;;;SFR_COLL;DSP_MAJ_IRISE;;;OR21;OR1;OR21;CST;MCO;OK;24/02/2010;24/02/2010;C;OPT;C;LH;RF22;144;77;67;12;;4;554,4056;;;24/02/2010;;;;
4614429;HORS TERRITOIRE;IRS - CH N-1 POP SANEFI NOISY/IRS - RUE GRAHAM BELL NOISY;;;SFR_COLL;DSP_MAJ_IRISE;;;OR21;OR1;OR21;CST;MCO;OK;08/08/2007;08/08/2007;C;OPT;C;TR;RF16;72;58;14;6;;4;372,9862;;;08/08/2007;;;;
4642047;TERRITOIRE;IRS - 36 FO - N-1 POP FTTS PIERREFITTE BUTTE PINSON/AV GABRIEL PERI;;;SFR_COLL;DSP_MAJ_IRISE;;;OR21;OR1;OR21;CST;MCO;OK;22/05/2012;22/05/2012;C;OPT;C;TR;RF42;36;32;4;6;;4;58,6687;;;22/05/2012;;;;
4625518;TERRITOIRE;IRS - 48FO - PAINLEVE_CARNOT/ST MARTIN_CHAUDERON;;;SFR_COLL;DSP_MAJ_IRISE;;;OR21;OR1;OR21;CST;MCO;OK;14/01/2009;14/01/2009;C;OPT;C;TR;RF19;48;31;17;4;;4;257,9306;;;14/01/2009;;;;
4599329;TERRITOIRE;IRS - 144FO - OPALYS - SORTIE EGOUTS IRISE VERS EGOUT OPALYS;;;SFR_COLL;DSP_MAJ_IRISE;;;OR21;OR1;OR21;CST;MCO;OK;06/12/2010;06/12/2010;C;OPT;C;LH;RF40;144;142;2;12;;4;175,1128;;;06/12/2010;;;;
4611562;TERRITOIRE;IRS-7 RUE DE LA CROIX FARON/POP MSH NORD SAINT DENIS;;;SFR_COLL;DSP_MAJ_IRISE;;;OR21;OR1;OR21;CST;MCO;OK;24/10/2006;24/10/2006;C;OPT;C;DI;RF14;12;10;2;2;;4;24,3177;;;24/10/2006;;;;
4605885;TERRITOIRE;IRS - 72FO - RUE DE LA PAIX-BENOIT MALON/RUE FRAYSSE;;;SFR_COLL;DSP_MAJ_IRISE;;;OR21;OR1;OR21;CST;MCO;OK;28/04/2004;28/04/2004;C;OPT;C;TR;RF16;72;62;10;6;;4;727,0873;;;28/04/2004;;;;
29388948;TERRITOIRE;IRS - 36 FO - FT 404 - 25 BIS RUE EDOUARD VAILLANT / FT 329 - 58 RUE EDOUARD VAILLANT;;;SFR_COLL;DSP_MAJ_IRISE;;;OR21;OR1;OR21;CST;MCO;OK;07/02/2022;07/02/2022;C;OPT;C;TR;RF50;36;36;0;3;;4;291,1025;;;07/02/2022;;;;
22910506;HORS TERRITOIRE;IRS - 24FO - FT 430 - 23 RUE DU 11 NOVEMBRE 1918 / FT 379 - ROUTE DE BRY - RUE ADRIEN MENTIENNE - BPE 1;;;SFR_COLL;DSP_MAJ_IRISE;;;OR21;OR1;OR21;CST;MCO;OK;29/03/2021;29/03/2021;C;OPT;C;DI;RF29;24;20;4;4;;5;449,1351;;;29/03/2021;;;;
29171968;TERRITOIRE;12 FO - IRS - 32 RUE CARVES (MONTROUGE) - BPE 1 / POP N018 CHAMBRE IRISEE MONTROUGE - AA;;;SFR_COLL;DSP_MAJ_IRISE;;;OR21;OR1;OR21;CST;MCO;OK;26/01/2022;26/01/2022;C;OPT;C;DI;RF27;12;10;2;2;;5;316,9315;;;26/01/2022;;;;
22815205;TERRITOIRE;IRS - 12FO - FT1229 - PLACE DU GENERAL DE GAULLE / POP ELEMENTAIRE JEAN JAURES MONTREUIL - AA;;;SFR_COLL;DSP_MAJ_IRISE;;;OR21;OR1;OR21;CST;MCO;OK;22/03/2021;22/03/2021;C;OPT;C;DI;RF27;12;8;4;2;;5;10,0103;;;22/03/2021;;;;
12357492;HORS TERRITOIRE;IRS - 12FO - FT 929 BD DE LA PAIX-AV DES ADOS / POP GIE VEOLIA CERGY - AA;;;SFR_COLL;DSP_MAJ_IRISE;;;OR21;OR1;OR21;CST;MCO;OK;06/01/2018;06/01/2018;C;OPT;C;DI;RF27;12;11;1;2;;5;619,1017;;;06/01/2018;;;;
4624937;TERRITOIRE;IRS - 144FO - 228 AV 8 MAI 1945/AV DESCARTES BPE1-2;;;SFR_COLL;DSP_MAJ_IRISE;;;OR21;OR1;OR21;CST;MCO;OK;05/01/2010;05/01/2010;C;OPT;C;LH;RF40;144;101;43;12;;4;397,7509;;;05/01/2010;;;;
4621351;TERRITOIRE;IRS - CHATILLON N1 PT/RUE PIERRELAIS_BROSSELETTE;;;SFR_COLL;DSP_MAJ_IRISE;;;OR21;OR1;OR21;CST;MCO;OK;08/03/2011;08/03/2011;C;OPT;C;TR;RF159;72;33;39;6;;239;334,4939;;;08/03/2011;;;;
4609551;TERRITOIRE;IRS - 48FO - ANGLE PARIS_GAMBETTA/122 AV DE PARIS;;;SFR_COLL;DSP_MAJ_IRISE;;;OR21;OR1;OR21;CST;MCO;OK;03/01/2008;03/01/2008;C;OPT;C;TR;RF19;48;31;17;4;;4;291,9839;;;03/01/2008;;;;
8688274;HORS TERRITOIRE;72 FO - IRS - ANGLE BD HAUTIL / 7 AV DE LA PALETTE;;;SFR_COLL;DSP_MAJ_IRISE;;;OR21;OR1;OR21;CST;MCO;OK;15/10/2014;15/10/2014;C;OPT;C;TR;RF28;72;70;2;6;;4;398,2387;;;15/10/2014;;;;
4632106;TERRITOIRE;IRS - 48FO PLAINE (D9)/BICETRE (D31);;;SFR_COLL;DSP_MAJ_IRISE;;;OR21;OR1;OR21;CST;MCO;OK;17/07/2009;17/07/2009;C;OPT;C;TR;RF19;48;46;2;4;;4;230,1434;;;17/07/2009;;;;
8716754;TERRITOIRE;IRS - 36FO - RUE LUZERNIERE / POP CHIMIREC DEVELOPPEMENT EXTENSION (DUGNY) - AA;;;SFR_COLL;DSP_MAJ_IRISE;;;OR21;OR1;OR21;CST;MCO;OK;23/10/2014;23/10/2014;C;OPT;C;TR;RF138;36;35;1;3;;4;21,0786;;;23/10/2014;;;;
7737523;TERRITOIRE;IRS - 144FO - LD - 133 RUE SADI CARNOT (DRANCY)/RUE ETIENNE DOLET;;;SFR_COLL;DSP_MAJ_IRISE;;;OR21;OR1;OR21;CST;MCO;OK;23/01/2014;23/01/2014;C;OPT;C;LH;RF22;144;139;5;12;;4;855,4915;;;23/01/2014;;;;
4614112;TERRITOIRE;IRS-N-1 PAVILLON DES FINANCES/PAVILLON DES FINANCES MONTREUIL;;;SFR_COLL;DSP_MAJ_IRISE;;;OR21;OR1;OR21;CST;MCO;OK;03/11/2006;03/11/2006;C;OPT;C;DI;RF14;12;8;4;2;;4;4,6132;;;03/11/2006;;;;
28807459;TERRITOIRE;IRISE - 12 FO - PRC_FT306 / POP CAM 04 ROSNY SOUS BOIS - AA;;;SFR_COLL;DSP_MAJ_IRISE;;;OR21;OR1;OR21;CST;MCO;OK;06/01/2022;06/01/2022;C;OPT;C;DI;RF27;12;10;2;2;;5;13,2461;;;06/01/2022;;;;
4608191;TERRITOIRE;IRS - SENTIER FORT DELESCLUZE/CENTRE MUNICIPAL PIERREFITTE;;;SFR_COLL;DSP_MAJ_IRISE;;;OR21;OR1;OR21;CST;MCO;OK;21/03/2005;21/03/2005;C;OPT;C;DI;RF14;12;8;4;2;;4;158,2661;;;21/03/2005;;;;
7134473;TERRITOIRE;IRS - 144FO - 6 BD VOLTAIRE / ANGLE BD LYCEE/RUE PRUVOT;;;SFR_COLL;DSP_MAJ_IRISE;;;OR21;OR1;OR21;CST;MCO;OK;22/07/2013;22/07/2013;C;OPT;C;LH;RF22;144;114;30;12;;4;598,1566;;;22/07/2013;;;;
8074695;TERRITOIRE;IRS - 72 FO -  IRS -RUE DE LA GALLIOTE -BPE1 /IRS- QUAI DE STALINGRAD -BPE 1;;;SFR_COLL;DSP_MAJ_IRISE;;;OR21;OR1;OR21;CST;MCO;OK;14/04/2014;14/04/2014;C;OPT;C;TR;RF28;72;72;0;6;;4;312,0425;;;14/04/2014;;;;
4633301;TERRITOIRE;IRS - 48FO RESI_ETUD_P&M_CURIE (E01)/CENTRE_CULTUREL (D55);;;SFR_COLL;DSP_MAJ_IRISE;;;OR21;OR1;OR21;CST;MCO;OK;20/07/2009;20/07/2009;C;OPT;C;TR;RF19;48;44;4;4;;4;267,9499;;;20/07/2009;;;;
4610405;TERRITOIRE;144 FO - IRISE - 23 RUE DES GARDINOUX - BPE 2 / POP INTERXION 1 - AJ;;;SFR_COLL;DSP_MAJ_IRISE;;;OR21;OR1;OR21;CST;MCO;OK;26/06/2006;26/06/2006;C;OPT;C;LH;RF40;144;108;36;12;;4;339,4999;;;26/06/2006;;;;
11081969;HORS TERRITOIRE;IRS - 36FO - SFR N-1 CERGY SAINT CHRISTOPHE / BI - VAL D'OISE HABITAT;;;SFR_COLL;DSP_MAJ_IRISE;;;OR21;OR1;OR21;CST;MCO;OK;14/06/2013;14/06/2013;C;OPT;C;TR;RF26;36;31;5;6;;4;174,7988;;;14/06/2013;;;;
6281509;TERRITOIRE;IRS - NEW 144FO - RD POINT DES 6 ROUTES/AVENUE HENRI BARBUSSE (LA COURNEUVE) - BPE1;;;SFR_COLL;DSP_MAJ_IRISE;;;OR21;OR1;OR21;CST;MCO;OK;25/04/2013;25/04/2013;C;OPT;C;LH;RF22;144;61;83;12;;4;110,6162;;;25/04/2013;;;;
4637607;TERRITOIRE;IRS - 72FO - AV VICTOR HUGO/IRS-RUE JEAN MARIN NAUDIN;;;SFR_COLL;DSP_MAJ_IRISE;;;OR21;OR1;OR21;CST;MCO;OK;13/04/2011;13/04/2011;C;OPT;C;TR;RF16;72;71;1;6;;4;251,6091;;;13/04/2011;;;;
23408115;TERRITOIRE;IRS - 36 FO - CENTRE GEOTHERMIQUE_HAY_LES_ROSES 3 - BPE 1 / FT 630 - 2 RUE DE L ADJUDANT CHEF DERICBOUR;;;SFR_COLL;DSP_MAJ_IRISE;;;OR21;OR1;OR21;CST;MCO;OK;30/04/2021;30/04/2021;C;OPT;C;TR;RF50;36;36;0;3;;4;1254,9371;;;30/04/2021;;;;
4609840;TERRITOIRE;IRS-22 RUE PV COUTURIER/N-1 MEDIATHEQUE CLAMART;;;SFR_COLL;DSP_MAJ_IRISE;;;OR21;OR1;OR21;CST;MCO;OK;26/10/2005;26/10/2005;C;OPT;C;TR;RF19;48;44;4;4;;4;676,2405;;;26/10/2005;;;;
4632353;TERRITOIRE;IRS - 24FO - BI/POP GS_JEAN-MOULIN (D15);;;SFR_COLL;DSP_MAJ_IRISE;;;OR21;OR1;OR21;CST;MCO;OK;22/07/2009;22/07/2009;C;OPT;C;DI;RF15;24;20;4;4;;4;19,6978;;;22/07/2009;;;;
4596583;TERRITOIRE;(NE PLUS UTILISER) IRS - 72FO - CONVENTION PERI / N-1 APHP BICETRE;;;SFR_COLL;DSP_MAJ_IRISE;;;OR21;OR1;OR21;CST;MCO;OK;20/01/2012;20/01/2012;C;OPT;C;TR;RF16;72;72;0;6;;4;346,0872;;;20/01/2012;;;;
24843617;TERRITOIRE;IRS - 12FO - FT2722 - RUE CHARLES DELAVACQUERIE / POP CENTRE DE LOISIRS DELAVACQUERIE MONTREUIL - AA;;;SFR_COLL;DSP_MAJ_IRISE;;;OR21;OR1;OR21;CST;MCO;OK;21/07/2021;21/07/2021;C;OPT;C;DI;RF27;12;8;4;2;;5;10,9905;;;21/07/2021;;;;
33719482;TERRITOIRE;IRS - 12 FO - 45 AVENUE GEORGETTE BACH / POP POLICE MUNICIPALE LES PAVILLONS SOUS BOIS - AA;;;SFR_COLL;DSP_MAJ_IRISE;;;OR21;OR1;OR21;CST;MCO;OK;12/09/2022;12/09/2022;C;OPT;C;DI;RF130;12;10;2;1;;5;584,9124;;;12/09/2022;;;;
4612493;TERRITOIRE;IRS 72FO IRS - N-1 ADD2 MOURIER/IRS - EGALITE / PERI;;;SFR_COLL;DSP_MAJ_IRISE;;;OR21;OR1;OR21;CST;MCO;OK;05/11/2007;05/11/2007;C;OPT;C;TR;RF16;72;55;17;6;;4;777,2220;;;05/11/2007;;;;
4601327;TERRITOIRE;IRS - 247 BD JEAN JAURES/BD JEAN JAURES- STATION BP-1;;;SFR_COLL;DSP_MAJ_IRISE;;;OR21;OR1;OR21;CST;MCO;OK;14/09/2007;14/09/2007;C;OPT;C;LH;RF56;144;80;64;12;;4;216,6907;;;14/09/2007;;;;
7328563;HORS TERRITOIRE;IRS - 144 FO - RUE DES 2 GARES BPE 2 / 21 RUE EDOUARD BELIN;;;SFR_COLL;DSP_MAJ_IRISE;;;OR21;OR1;OR21;CST;MCO;OK;24/09/2013;24/09/2013;C;OPT;C;LH;RF22;144;142;2;12;;4;212,2055;;;24/09/2013;;;;
7681509;TERRITOIRE;IRS - 72FO - RUE DE VILLENEUVE BPE 2/RUE DE LA COUTURE BPE 2(RUNGIS);;;SFR_COLL;DSP_MAJ_IRISE;;;OR21;OR1;OR21;CST;MCO;OK;08/01/2014;08/01/2014;C;OPT;C;TR;RF28;72;70;2;6;;4;413,5311;;;08/01/2014;;;;
4601213;TERRITOIRE;IRS - 96FO - PK7500 TCT/NANTERRE VILLE;;;SFR_COLL;DSP_MAJ_IRISE;;;OR21;OR1;OR21;CST;MCO;OK;19/04/2004;19/04/2004;C;OPT;C;LH;RF120;96;31;65;8;;5;1302,1767;;;19/04/2004;;;;
4632115;TERRITOIRE;IRS - 48FO GS_JARDIN_PRINCIPAL (D38)/JARDIN_PARISIEN_ANNEXE (D19);;;SFR_COLL;DSP_MAJ_IRISE;;;OR21;OR1;OR21;CST;MCO;OK;17/07/2009;17/07/2009;C;OPT;C;TR;RF19;48;46;2;4;;4;305,1955;;;17/07/2009;;;;
4630301;TERRITOIRE;IRS - 144FO RESIDENCE_STE_COLOMBES (D11)/CRECHE_PMI (D56);;;SFR_COLL;DSP_MAJ_IRISE;;;OR21;OR1;OR21;CST;MCO;OK;27/07/2009;27/07/2009;C;OPT;C;LH;RF40;144;140;4;12;;4;257,0609;;;27/07/2009;;;;
4625733;TERRITOIRE;IRS - 48FO N-1 GS CHARCOT/LT POP GS CHARCOT (ROMAIVILLE);;;SFR_COLL;DSP_MAJ_IRISE;;;OR21;OR1;OR21;CST;MCO;OK;31/03/2008;31/03/2008;C;OPT;C;TR;RF19;48;32;16;4;;4;34,8283;;;31/03/2008;;;;
7332370;TERRITOIRE;IRS - BAG 144 FO - IRISE - 4 RUE DE PARIS ROMAINVILLE (N-1 MAIRIE DE ROMAINVILLE) BPE 1 / BPE 2;;;SFR_COLL;DSP_MAJ_IRISE;;;OR21;OR1;OR21;CST;MCO;OK;25/09/2013;25/09/2013;C;OPT;C;LH;RF22;144;140;4;12;;4;5,1311;;;25/09/2013;;;;
4598670;TERRITOIRE;IRS - 144FO - RUE DU DOCTEUR ROUX/AV CLAUDE PERRAULT -144 CD LD;;;SFR_COLL;DSP_MAJ_IRISE;;;OR21;OR1;OR21;CST;MCO;OK;30/01/2001;30/01/2001;C;OPT;C;LH;RF40;144;101;43;12;;4;922,5442;;;30/01/2001;;;;
10984038;HORS TERRITOIRE;IRS - 36 FO - BI SFR INTEGRA BIOSCIENCES SAS / FT 1803 - IRS - AVE DE LA MARE (SAINT OUEN L'AUMONE);;;SFR_COLL;DSP_MAJ_IRISE;;;OR21;OR1;OR21;CST;MCO;OK;11/01/2016;11/01/2016;C;OPT;C;TR;RF139;36;35;1;6;;5;1106,7680;;;11/01/2016;;;;
11373457;HORS TERRITOIRE;IRISE - 12FO - N-1 POP CMP CATTP / POP CMP CATTP CERGY - AA;;;SFR_COLL;DSP_MAJ_IRISE;;;OR21;OR1;OR21;CST;MCO;OK;24/05/2017;24/05/2017;C;OPT;C;DI;RF37;12;11;1;2;;5;41,5262;;;24/05/2017;;;;
7033171;TERRITOIRE;IRS - 144FO - FT 302 - RUE DE LA RESISTANCE / RUE VICTOR BASCH;;;SFR_COLL;DSP_MAJ_IRISE;;;OR21;OR1;OR21;CST;MCO;OK;15/07/2013;15/07/2013;C;OPT;C;LH;RF22;144;140;4;12;;4;431,4184;;;15/07/2013;;;;
16615425;TERRITOIRE;IRS - 12 FO - FT 347 - 22 RUE DE CHEVILLY / FT 59 - AVENUE DU GENERAL DE GAULLE (VILLEJUIF);;;SFR_COLL;DSP_MAJ_IRISE;;;OR21;OR1;OR21;CST;MCO;OK;28/11/2019;28/11/2019;C;OPT;C;DI;RF27;12;10;2;4;;5;666,5682;;;28/11/2019;;;;
17681638;TERRITOIRE;IRS BAG -12FO -PRC IRS 62 RUE CHARLES FOURIER /66 AV ANATOLE FRANCE (VITRY SUR SEINE);;;SFR_COLL;DSP_MAJ_IRISE;;;OR21;OR1;OR21;CST;MCO;OK;10/03/2020;10/03/2020;C;OPT;C;DI;RF27;12;11;1;2;;5;225,7086;;;10/03/2020;;;;
4604828;TERRITOIRE;IRS - 72FO HOTEL_DEPARTEMENT/DE GAULLE;;;SFR_COLL;DSP_MAJ_IRISE;;;OR21;OR1;OR21;CST;MCO;OK;03/08/2009;03/08/2009;C;OPT;C;TR;RF16;72;70;2;6;;4;202,2613;;;03/08/2009;;;;
4608506;TERRITOIRE;BPE IMMEUBLE IENA/OSLO;;;SFR_COLL;DSP_MAJ_IRISE;;;OR21;OR1;OR21;CST;MCO;OK;17/01/2006;17/01/2006;C;OPT;C;DI;RF14;12;8;4;2;;4;252,8306;;;17/01/2006;;;;
4640412;TERRITOIRE;IRS - 36FO - N-1 POP FTTS CHENNEVIERES/BI POP FTTS CHENNEVIERES;;;SFR_COLL;DSP_MAJ_IRISE;;;OR21;OR1;OR21;CST;MCO;OK;17/02/2012;17/02/2012;C;OPT;C;TR;RF42;36;32;4;6;;4;27,2153;;;17/02/2012;;;;
4604394;TERRITOIRE;IRS - 12FO - RUE DU 4EME ZOUAVE/MEDIATHEQUE ROSNY;;;SFR_COLL;DSP_MAJ_IRISE;;;OR21;OR1;OR21;CST;MCO;OK;03/07/2004;03/07/2004;C;OPT;C;DI;RF14;12;8;4;2;;4;21,4709;;;03/07/2004;;;;
4607745;TERRITOIRE;IRS - ALLEE G PHILIPPE/ESPACE GUINGUETTE;;;SFR_COLL;DSP_MAJ_IRISE;;;OR21;OR1;OR21;CST;MCO;OK;21/03/2005;21/03/2005;C;OPT;C;DI;RF14;12;2;10;2;;4;101,4436;;;21/03/2005;;;;
6650817;TERRITOIRE;IRS - 72FO - N-1 CAA RAMEAU VILLEJUIF / 24 BD MAXIME GORKI;;;SFR_COLL;DSP_MAJ_IRISE;;;OR21;OR1;OR21;CST;MCO;OK;11/06/2013;11/06/2013;C;OPT;C;TR;RF28;72;66;6;6;;4;110,1516;;;11/06/2013;;;;
4599473;TERRITOIRE;IRS - MALON/GIDE/ECOLE INFIRMIERE IRISE;;;SFR_COLL;DSP_MAJ_IRISE;;;OR21;OR1;OR21;CST;MCO;OK;20/08/2002;20/08/2002;C;OPT;C;LH;RF56;144;86;58;12;;4;446,7102;;;20/08/2002;;;;
4594604;TERRITOIRE;IRS - ANATOLE FRANCE/N-1 URA CHAVILLE;;;SFR_COLL;DSP_MAJ_IRISE;;;OR21;OR1;OR21;CST;MCO;OK;25/08/2004;25/08/2004;C;OPT;C;TR;RF19;48;32;16;4;;4;141,8359;;;25/08/2004;;;;
4599554;TERRITOIRE;IRS - 120FO - NANTERRE UNIVERSITE/ARAGO BOUVETS - VERS OPEX 652;;;SFR_COLL;DSP_MAJ_IRISE;;;OR21;OR1;OR21;CST;MCO;OK;26/03/2002;26/03/2002;C;OPT;C;LH;RF140;120;41;79;10;;189;1265,1233;;;26/03/2002;;;;
4601264;TERRITOIRE;IRS - PONT DE NEUILLY/BD RICHARD WALLACE (42);;;SFR_COLL;DSP_MAJ_IRISE;;;OR21;OR1;OR21;CST;MCO;OK;12/04/2002;12/04/2002;C;OPT;C;LH;RF56;144;108;36;12;;4;1388,6649;;;12/04/2002;;;;
7033172;TERRITOIRE;IRS - 144FO - RUE VICTOR BASCH / FT 653 - IRS - AV DE VERSAILLES;;;SFR_COLL;DSP_MAJ_IRISE;;;OR21;OR1;OR21;CST;MCO;OK;15/07/2013;15/07/2013;C;OPT;C;LH;RF22;144;140;4;12;;4;422,5637;;;15/07/2013;;;;
4604745;TERRITOIRE;IRS - JOLIOT_CURE/IRS - GALERIE 3 FONTANOTS (NANTERRE);;;SFR_COLL;DSP_MAJ_IRISE;;;OR21;OR1;OR21;CST;MCO;OK;20/07/2007;20/07/2007;C;OPT;C;LH;RF40;144;19;125;12;;4;480,7752;;;20/07/2007;;;;
4623271;TERRITOIRE;IRS - 25 RUE DES GRILLES (PANTIN)/RUE AUFFRET_RUE MEHUL;;;SFR_COLL;DSP_MAJ_IRISE;;;OR21;OR1;OR21;CST;MCO;OK;30/06/2011;30/06/2011;C;OPT;C;LH;RF56;144;40;104;12;;4;653,1805;;;30/06/2011;;;;
5463891;TERRITOIRE;144 FO - IRISE - ANGLE GARDINOUX-HUGO - BPE 1 / 98 RUE SADI CARNOT;;;SFR_COLL;DSP_MAJ_IRISE;;;OR21;OR1;OR21;CST;MCO;OK;17/01/2013;17/01/2013;C;OPT;C;LH;RF127;144;100;44;12;;4;330,0132;;;17/01/2013;;;;
4636098;TERRITOIRE;IRS - 24FO BI/TIROIR MAISON D'ACCUEIL - BA;;;SFR_COLL;DSP_MAJ_IRISE;;;OR21;OR1;OR21;CST;MCO;OK;30/11/2010;30/11/2010;C;OPT;C;DI;RF15;24;22;2;4;;4;14,2125;;;30/11/2010;;;;
6055602;TERRITOIRE;IRS - 144FO - 12 RUE PIERRE ET MARIE CURIE/ANGLE RUE HOCHE_PIERRE ET MARIE CURIE;;;SFR_COLL;DSP_MAJ_IRISE;;;OR21;OR1;OR21;CST;MCO;OK;04/04/2013;04/04/2013;C;OPT;C;LH;RF22;144;143;1;12;;4;355,0307;;;04/04/2013;;;;
4633931;HORS TERRITOIRE;IRS - 72FO - ANGLE NOBEL-LUMIERE/BLAISE PASCAL;;;SFR_COLL;DSP_MAJ_IRISE;;;OR21;OR1;OR21;CST;MCO;OK;03/10/2011;03/10/2011;C;OPT;C;TR;RF16;72;70;2;6;;4;518,5506;;;03/10/2011;;;;
11108695;TERRITOIRE;IRS - 24FO  - LD - POP CEGETEL VEOLIA JOINVILLE-LE-PONT - BAT A - PIRELLI / BI SFR - CA;;;SFR_COLL;DSP_MAJ_IRISE;;;OR21;OR1;OR21;CST;MCO;OK;28/03/2017;28/03/2017;C;OPT;C;DI;RF30;24;23;1;4;;4;3,8264;;;28/03/2017;;;;
4607288;TERRITOIRE;IRS - 24 FO - RUE ALBERT WALTER/CENTRE SOCIAL - AA;;;SFR_COLL;DSP_MAJ_IRISE;;;OR21;OR1;OR21;CST;MCO;OK;08/12/2009;08/12/2009;C;OPT;C;DI;RF15;24;22;2;4;;4;89,0010;;;08/12/2009;;;;
15499555;TERRITOIRE;IRISE - 24 - AVENUE WALDECK ROUSSEAU / AVENUE PAUL DE KOCK;;;SFR_COLL;DSP_MAJ_IRISE;;;OR21;OR1;OR21;CST;MCO;OK;05/08/2019;05/08/2019;C;OPT;C;DI;RF29;24;4;20;4;;5;257,1650;;;05/08/2019;;;;
4611428;TERRITOIRE;IRS-ANATOLE FRANCE NOUVELLE FRANCE/IUT PARIS VIII;;;SFR_COLL;DSP_MAJ_IRISE;;;OR21;OR1;OR21;CST;MCO;OK;20/07/2006;20/07/2006;C;OPT;C;DI;RF14;12;10;2;2;;4;92,8630;;;20/07/2006;;;;
31521703;TERRITOIRE;IRS - 36FO - FT 223 - 3 RUE FRAGONARD / POP ECOLE SAINT-MAURICE - AA;;;SFR_COLL;DSP_MAJ_IRISE;;;OR21;OR1;OR21;CST;MCO;OK;16/05/2022;16/05/2022;C;OPT;C;TR;RF139;36;34;2;6;;5;131,0156;;;16/05/2022;;;;
28951783;TERRITOIRE;IRS - 12FO - POP ANTENNE LA PASSERELLE MONTREUIL  / FT3434 - RUE JULES VALLES;;;SFR_COLL;DSP_MAJ_IRISE;;;OR21;OR1;OR21;CST;MCO;OK;14/01/2022;14/01/2022;C;OPT;C;DI;RF27;12;8;4;2;;5;287,2631;;;14/01/2022;;;;
4607573;TERRITOIRE;IRS-RUE MARITON/19 RUE DIEUMEGARD - ST OUEN;;;SFR_COLL;DSP_MAJ_IRISE;;;OR21;OR1;OR21;CST;MCO;OK;27/02/2007;27/02/2007;C;OPT;C;TR;RF19;48;34;14;4;;4;87,7206;;;27/02/2007;;;;
4609341;TERRITOIRE;IRS - ADD 3 - 48FO - AV DES FRUITIERS/JADE;;;SFR_COLL;DSP_MAJ_IRISE;;;OR21;OR1;OR21;CST;MCO;OK;12/04/2005;12/04/2005;C;OPT;C;TR;RF19;48;46;2;4;;4;204,3616;;;12/04/2005;;;;
4609171;HORS TERRITOIRE;IRS-AV MONTAIGNE BPE2/N-1 CAA NOISY BPE 2;;;SFR_COLL;DSP_MAJ_IRISE;;;OR21;OR1;OR21;CST;MCO;OK;27/06/2006;27/06/2006;C;OPT;C;LH;RF40;144;39;105;12;;4;485,6642;;;27/06/2006;;;;
28807458;TERRITOIRE;IRISE - 12 FO - FT271 - 9 Rue Jean Moulin  / PRC FT 306 - 0 RUE DES ANCIENS COMBATTANTS D'AFN;;;SFR_COLL;DSP_MAJ_IRISE;;;OR21;OR1;OR21;CST;MCO;OK;06/01/2022;06/01/2022;C;OPT;C;DI;RF27;12;8;4;2;;5;257,9679;;;06/01/2022;;;;
4614817;TERRITOIRE;IRS - 16 RUE DEMENITROUX/DEMENITROUX (CRETEIL);;;SFR_COLL;DSP_MAJ_IRISE;;;OR21;OR1;OR21;CST;MCO;OK;24/07/2007;24/07/2007;C;OPT;C;TR;RF19;48;19;29;4;;4;2,2398;;;24/07/2007;;;;
4614716;TERRITOIRE;IRS-20 AV DU PRESIDENT WILSON/SMJ MONTREUIL;;;SFR_COLL;DSP_MAJ_IRISE;;;OR21;OR1;OR21;CST;MCO;OK;03/11/2006;03/11/2006;C;OPT;C;DI;RF14;12;6;6;2;;4;64,4956;;;03/11/2006;;;;
17846802;TERRITOIRE;IRS- 24 FO - 34 RUE DE ROSNY / IRS - FT 1983 - 127 RUE DE ROSNY;;;SFR_COLL;DSP_MAJ_IRISE;;;OR21;OR1;OR21;CST;MCO;OK;25/03/2020;25/03/2020;C;OPT;C;DI;RF29;24;20;4;4;;5;662,1917;;;25/03/2020;;;;
15936117;TERRITOIRE;IRS - 24FO - IRS - FT 277 - 111 RUE YOURI GAGARINE / IRS - FT324 - PLACE AUGUSTE RODIN;;;SFR_COLL;DSP_MAJ_IRISE;;;OR21;OR1;OR21;CST;MCO;OK;24/09/2019;24/09/2019;C;OPT;C;DI;RF27;12;10;2;2;;5;534,6412;;;24/09/2019;;;;
24452261;TERRITOIRE;IRS - 12FO - BPI FAUX PLAFOND/POP HOTEL DE VILLE MONTREUIL - BA;;;SFR_COLL;DSP_MAJ_IRISE;;;OR21;OR1;OR21;CST;MCO;OK;28/06/2021;28/06/2021;C;OPT;C;DI;RF130;12;10;2;1;;5;2,2351;;;28/06/2021;;;;
4615272;TERRITOIRE;IRS-38 RUE PAUL BERT/ 98 AV LECLERC (BOULOGNE);;;SFR_COLL;DSP_MAJ_IRISE;;;OR21;OR1;OR21;CST;MCO;OK;23/07/2007;23/07/2007;C;OPT;C;TR;RF16;72;18;54;6;;4;726,4699;;;23/07/2007;;;;
8574369;TERRITOIRE;IRS - 144FO - BAG - AV KENNEDY-LECLERC - ACCES NUMERICABLE IRISE (FEU TRICOLORE) (JOINVILLE) - BPE 1/BPE2;;;SFR_COLL;DSP_MAJ_IRISE;;;OR21;OR1;OR21;CST;MCO;OK;11/09/2014;11/09/2014;C;OPT;C;LH;RF22;144;142;2;12;;4;3,6942;;;11/09/2014;;;;
7515731;TERRITOIRE;IRS - 12FO - RUE DE LA VANNE / POP FTTS MIN RUNGIS ROCHELLE - AA;;;SFR_COLL;DSP_MAJ_IRISE;;;OR21;OR1;OR21;CST;MCO;OK;19/11/2013;19/11/2013;C;OPT;C;DI;RF45;12;10;2;2;;4;61,9215;;;19/11/2013;;;;
4609793;TERRITOIRE;IRS - 12FO - COLONEL FABIEN/POLICE MUNICIPALE COLONEL FABIEN/ BPI - POP BONNEUIL SUR MARNE POLICE MUNICIPALE;;;SFR_COLL;DSP_MAJ_IRISE;;;OR21;OR1;OR21;CST;MCO;OK;29/07/2005;29/07/2005;C;OPT;C;DI;RF14;12;2;10;2;;4;105,3960;;;29/07/2005;;;;
4626146;HORS TERRITOIRE;IRS - 48FO BD DE L'OISE_RUE LARZAC/CLOS SANTEUIL;;;SFR_COLL;DSP_MAJ_IRISE;;;OR21;OR1;OR21;CST;MCO;OK;21/05/2008;21/05/2008;C;OPT;C;TR;RF19;48;11;37;4;;4;216,2886;;;21/05/2008;;;;
4627334;TERRITOIRE;IRS - 48FO - PLACE LIBERATION/RUE EMILE ZOLA BOBIGNY;;;SFR_COLL;DSP_MAJ_IRISE;;;OR21;OR1;OR21;CST;MCO;OK;04/09/2008;04/09/2008;C;OPT;C;TR;RF19;48;36;12;4;;4;280,9747;;;04/09/2008;;;;
4612889;TERRITOIRE;IRS - QUAI BROSSOLETTE (JOINVILLE)/POINT DE JOINVILLE-BROSSOLETTE;;;SFR_COLL;DSP_MAJ_IRISE;;;OR21;OR1;OR21;CST;MCO;OK;17/09/2007;17/09/2007;C;OPT;C;TR;RF16;72;61;11;6;;4;25,1224;;;17/09/2007;;;;
22154337;TERRITOIRE;24 FO - BPE FT 435 / BPE FT 419;;;SFR_COLL;DSP_MAJ_IRISE;;;OR21;OR1;OR21;CST;MCO;OK;04/02/2021;04/02/2021;C;OPT;C;DI;RF29;24;22;2;4;;5;354,2389;;;04/02/2021;;;;
22660898;TERRITOIRE;IRS - 24FO - FT2950 - 82 RUE EMILE BEAUFILS / FT2577 - 20 RUE DES HAIES FLEURIES;;;SFR_COLL;DSP_MAJ_IRISE;;;OR21;OR1;OR21;CST;MCO;OK;10/03/2021;10/03/2021;C;OPT;C;DI;RF29;24;20;4;4;;5;187,2063;;;10/03/2021;;;;
9265649;TERRITOIRE;IRS - 36FO -  IRS - 21 RUE DU JURA / SOLETS-MORVAN RUNGIS;;;SFR_COLL;DSP_MAJ_IRISE;;;OR21;OR1;OR21;CST;MCO;OK;17/08/2015;17/08/2015;C;OPT;C;TR;RF139;36;35;1;6;;5;123,3274;;;17/08/2015;;;;
4620123;TERRITOIRE;IRS - 48 FO - RUE LEON BLUM/RUE D'AURION;;;SFR_COLL;DSP_MAJ_IRISE;;;OR21;OR1;OR21;CST;MCO;OK;28/07/2010;28/07/2010;C;OPT;C;TR;RF19;48;48;0;4;;4;325,8255;;;28/07/2010;;;;
4608711;TERRITOIRE;IRS - 12FO - POP FTTS PAVILLONS SOUS BOIS/BI 96 AVENUE ARISTIDE BRIAND - AA;;;SFR_COLL;DSP_MAJ_IRISE;;;OR21;OR1;OR21;CST;MCO;OK;19/01/2012;19/01/2012;C;OPT;C;DI;RF38;12;8;4;1;;4;54,9717;;;19/01/2012;;;;
4604706;TERRITOIRE;IRS - 72FO - FONTENAY-MONTREUIL/RUE DE VINCENNES-MONTREUIL;;;SFR_COLL;DSP_MAJ_IRISE;;;OR21;OR1;OR21;CST;MCO;OK;04/10/2004;04/10/2004;C;OPT;C;TR;RF16;72;13;59;6;;4;321,7924;;;04/10/2004;;;;
4614637;TERRITOIRE;IRS-RUE DE VILLIERS/ALSTOM LEVALLOIS;;;SFR_COLL;DSP_MAJ_IRISE;;;OR21;OR1;OR21;CST;MCO;OK;26/03/2007;26/03/2007;C;OPT;C;DI;RF14;12;10;2;2;;4;44,1150;;;26/03/2007;;;;
4606946;TERRITOIRE;IRS - ALLENDE DESMOULINS/101 AV PV COUTURIER;;;SFR_COLL;DSP_MAJ_IRISE;;;OR21;OR1;OR21;CST;MCO;OK;08/04/2005;08/04/2005;C;OPT;C;TR;RF12;48;12;36;6;;5;560,7703;;;08/04/2005;;;;
7515738;TERRITOIRE;IRS - 144FO - TD_CHEVILLY LARUE N_1 PT - BPE1 / AV DE FLANDRE - BPE1;;;SFR_COLL;DSP_MAJ_IRISE;;;OR21;OR1;OR21;CST;MCO;OK;19/11/2013;19/11/2013;C;OPT;C;LH;RF22;144;142;2;12;;4;814,4482;;;19/11/2013;;;;
11518493;TERRITOIRE;IRS - 12 FO - LD - BI / POP ABN AMRO ST DENIS - AA;;;SFR_COLL;DSP_MAJ_IRISE;;;OR21;OR1;OR21;CST;MCO;OK;29/06/2017;29/06/2017;C;OPT;C;DI;RF57;12;10;2;1;;4;3,4359;;;29/06/2017;;;;
6724690;TERRITOIRE;IRS ANGLE RUE PLEYEL_RUE LANDY/( ) RUE DES CHEMINOTS;;;SFR_COLL;DSP_MAJ_IRISE;;;OR21;OR1;OR21;CST;MCO;OK;12/09/2003;12/09/2003;C;OPT;C;LH;RF56;144;21;123;12;;4;461,4275;;;12/09/2003;;;;
4608600;TERRITOIRE;IRS - 48FO - RUE DES VOSGES-ALPES/SOLETS-MORVAN RUNGIS;;;SFR_COLL;DSP_MAJ_IRISE;;;OR21;OR1;OR21;CST;MCO;OK;17/01/2006;17/01/2006;C;OPT;C;TR;RF19;48;40;8;4;;4;462,6388;;;17/01/2006;;;;
4595018;HORS TERRITOIRE;IRS - L3T LIVRAISON NUMERICABLE/LT POP NUMERICABLE ISSY LES MOULINAUX;;;SFR_COLL;DSP_MAJ_IRISE;;;OR21;OR1;OR21;CST;MCO;OK;08/04/2002;08/04/2002;C;OPT;C;DI;RF14;12;2;10;2;;4;30,2021;;;08/04/2002;;;;
4614884;TERRITOIRE;144 FO - IRISE - 23 RUE DES GARDINOUX - BPE 2 / POP INTERXION 2 - ADD2 - IA;;;SFR_COLL;DSP_MAJ_IRISE;;;OR21;OR1;OR21;CST;MCO;OK;11/06/2007;11/06/2007;C;OPT;C;LH;RF40;144;93;51;12;;4;70,0021;;;11/06/2007;;;;
4607249;TERRITOIRE;IRS - 9 RUE DE PARIS/MAISON DE L ECONOMIE;;;SFR_COLL;DSP_MAJ_IRISE;;;OR21;OR1;OR21;CST;MCO;OK;21/03/2005;21/03/2005;C;OPT;C;DI;RF14;12;8;4;2;;4;25,3180;;;21/03/2005;;;;
4627243;TERRITOIRE;IRS - 72FO - RUE DE PARIS-LIBERTE/POP TELCITE MAIRIE DES LILAS;;;SFR_COLL;DSP_MAJ_IRISE;;;OR21;OR1;OR21;CST;MCO;OK;14/08/2008;14/08/2008;C;OPT;C;TR;RF16;72;70;2;6;;4;16,6436;;;14/08/2008;;;;
4600256;TERRITOIRE;IRS -144 FO - AV CHATEAU / COURS MARECHAUX;;;SFR_COLL;DSP_MAJ_IRISE;;;OR21;OR1;OR21;CST;MCO;OK;13/01/2012;13/01/2012;C;OPT;C;LH;RF40;144;142;2;12;;4;274,9723;;;13/01/2012;;;;
4627985;TERRITOIRE;IRS - 288FO CEN_GEOTH_LGTS_JARDIN_PARISIEN/TOIT_ET_JOIE (D69);;;SFR_COLL;DSP_MAJ_IRISE;;;OR21;OR1;OR21;CST;MCO;OK;16/07/2009;16/07/2009;C;OPT;C;LH;RF51;288;275;13;24;;102;486,0021;;;16/07/2009;;;;
4632373;TERRITOIRE;IRS - 48FO - BRECHE_ARCHIVE/AV F MAURIAC;;;SFR_COLL;DSP_MAJ_IRISE;;;OR21;OR1;OR21;CST;MCO;OK;16/09/2009;16/09/2009;C;OPT;C;TR;RF19;48;19;29;4;;4;263,8125;;;16/09/2009;;;;
22791783;TERRITOIRE;IRS - 144 FO - FT66 - 11 PLACE DE GENERAL LECLERC / IRS - EGALITE / PERI;;;SFR_COLL;DSP_MAJ_IRISE;;;OR21;OR1;OR21;CST;MCO;OK;19/03/2021;19/03/2021;C;OPT;C;LH;RF22;144;144;0;12;;4;1004,7504;;;19/03/2021;;;;
4614068;TERRITOIRE;IRS - JOLIOT_CURIE/IRS - ARAGO CURIE (CA-FR-000421Z4-IRS1-144-2 );;;SFR_COLL;DSP_MAJ_IRISE;;;OR21;OR1;OR21;CST;MCO;OK;19/07/2007;19/07/2007;C;OPT;C;LH;RF56;144;17;127;12;;4;347,8331;;;19/07/2007;;;;
10929634;TERRITOIRE;IRS - 72FO - FT - 930482454 - RUE DE ROSNY (MONTREUIL) - BPE1 / BI - IRS - 222 RUE DE ROSNY (MONTREUIL);;;SFR_COLL;DSP_MAJ_IRISE;;;OR21;OR1;OR21;CST;MCO;OK;26/08/2013;26/08/2013;C;OPT;C;TR;RF28;72;71;1;6;;4;13,6990;;;26/08/2013;;;;
9868035;TERRITOIRE;IRS - 72FO - EULER_CG94/RUE GUSTAVE EFFEIL;;;SFR_COLL;DSP_MAJ_IRISE;;;OR21;OR1;OR21;CST;MCO;OK;03/08/2009;03/08/2009;C;OPT;C;TR;RF16;72;56;16;6;;4;376,7805;;;03/08/2009;;;;
7269085;TERRITOIRE;IRS - 144 FO - 30 BD PASTEUR/52 AV GABRIEL PERI;;;SFR_COLL;DSP_MAJ_IRISE;;;OR21;OR1;OR21;CST;MCO;OK;27/11/2012;27/11/2012;C;OPT;C;LH;RF35;144;128;16;12;;4;1495,4275;;;27/11/2012;;;;
4634598;TERRITOIRE;IRS - 24FO - BI PARKING / PTC DRANCY - AA;;;SFR_COLL;DSP_MAJ_IRISE;;;OR21;OR1;OR21;CST;MCO;OK;28/06/2010;28/06/2010;C;OPT;C;DI;RF15;24;6;18;4;;4;18,1107;;;28/06/2010;;;;
16878756;TERRITOIRE;IRS - 24FO - IRS - PERI/CHAMPEAUD (MONTROUGE) - BPE 1 / POP CENTRE ADMINISTRATIF MONTROUGE - AA;;;SFR_COLL;DSP_MAJ_IRISE;;;OR21;OR1;OR21;CST;MCO;OK;23/12/2019;23/12/2019;C;OPT;C;DI;RF29;24;22;2;4;;5;63,3584;;;23/12/2019;;;;
4635406;TERRITOIRE;IRS - 72FO - 41 RUE MEHUL / RUE JEAN NICOT;;;SFR_COLL;DSP_MAJ_IRISE;;;OR21;OR1;OR21;CST;MCO;OK;13/07/2010;13/07/2010;C;OPT;C;TR;RF16;72;70;2;6;;4;387,0539;;;13/07/2010;;;;
36852899;TERRITOIRE;12FO - AVENUE JEAN JAURES / POP HALTE GARDERIE GOUTTE DE LAIT LA COURNEUVE - AA;;;SFR_COLL;DSP_MAJ_IRISE;;;OR21;OR1;OR21;CST;MCO;OK;21/02/2023;21/02/2023;C;OPT;C;DI;RF27;12;10;2;2;;5;25,9090;;;21/02/2023;;;;
4601973;TERRITOIRE;IRS - DE GAULLE/VERS XCO TCT PONT RATP;;;SFR_COLL;DSP_MAJ_IRISE;;;OR21;OR1;OR21;CST;MCO;OK;15/05/2004;15/05/2004;C;OPT;C;TR;RF19;48;24;24;4;;4;163,3161;;;15/05/2004;;;;
4632264;TERRITOIRE;IRS - 24FO - BI/POP 83_LGTS (D26);;;SFR_COLL;DSP_MAJ_IRISE;;;OR21;OR1;OR21;CST;MCO;OK;22/07/2009;22/07/2009;C;OPT;C;DI;RF15;24;22;2;4;;4;16,1555;;;22/07/2009;;;;
4597613;TERRITOIRE;IRS - 12FO - AV JULES RIMET/N-1 BATIMENT PLAINE COMMUNE;;;SFR_COLL;DSP_MAJ_IRISE;;;OR21;OR1;OR21;CST;MCO;OK;18/10/2004;18/10/2004;C;OPT;C;DI;RF14;12;0;12;2;;4;81,5191;;;18/10/2004;;;;
4609831;TERRITOIRE;IRS - SARRAZINE FRERES LUMIERES/BAGNEUX N?6 PT;;;SFR_COLL;DSP_MAJ_IRISE;;;OR21;OR1;OR21;CST;MCO;OK;03/08/2005;03/08/2005;C;OPT;C;TR;RF141;36;34;2;6;;5;15,0030;;;03/08/2005;;;;
4608143;TERRITOIRE;IRS - 48FO - PLACE JEAN JAURES/68-70 RUE MAURICE ARNOUX MONTROUGE;;;SFR_COLL;DSP_MAJ_IRISE;;;OR21;OR1;OR21;CST;MCO;OK;17/11/2005;17/11/2005;C;OPT;C;TR;RF19;48;38;10;4;;4;114,5531;;;17/11/2005;;;;
4640676;TERRITOIRE;IRS - 72 FO - ANGLE AV FELLINI - AV WILSON / BI VENTE PRIVEE 249 AV WILSON;;;SFR_COLL;DSP_MAJ_IRISE;;;OR21;OR1;OR21;CST;MCO;OK;03/05/2012;03/05/2012;C;OPT;C;TR;RF16;72;70;2;6;;4;9,8417;;;03/05/2012;;;;
4603699;TERRITOIRE;IRS - 26 RUE TENINE/BIBLIOTHEQUE FRESNES;;;SFR_COLL;DSP_MAJ_IRISE;;;OR21;OR1;OR21;CST;MCO;OK;04/05/2004;04/05/2004;C;OPT;C;DI;RF38;12;8;4;1;;4;42,6931;;;04/05/2004;;;;
4627546;TERRITOIRE;IRS - 42 AV GABRIEL PERI ST OUEN/N-1 MEDIATEQUE ST OUEN;;;SFR_COLL;DSP_MAJ_IRISE;;;OR21;OR1;OR21;CST;MCO;OK;02/07/2008;02/07/2008;C;OPT;C;TR;RF19;48;44;4;4;;4;138,7616;;;02/07/2008;;;;
4608785;TERRITOIRE;IRS - 144FO - ADAMOV-REPUBLIQUE BIS/BRIAND-OHESSER;;;SFR_COLL;DSP_MAJ_IRISE;;;OR21;OR1;OR21;CST;MCO;OK;06/07/2005;06/07/2005;C;OPT;C;LH;RF40;144;71;73;12;;4;679,2018;;;06/07/2005;;;;
4607265;TERRITOIRE;IRS-RUE DE LA COOPERATIVE/TELCITE CACHAN;;;SFR_COLL;DSP_MAJ_IRISE;;;OR21;OR1;OR21;CST;MCO;OK;20/03/2007;20/03/2007;C;OPT;C;TR;RF59;48;44;4;4;;5;14,1422;;;20/03/2007;;;;
16534909;TERRITOIRE;IRISE - 12FO - BI / POP CRECHE HAUTES BRUYERES VILLEJUIF;;;SFR_COLL;DSP_MAJ_IRISE;;;OR21;OR1;OR21;CST;MCO;OK;21/11/2019;21/11/2019;C;OPT;C;DI;RF27;12;10;2;2;;5;4,9014;;;21/11/2019;;;;
15605153;TERRITOIRE;IRISE - 24 FO - ANGLE AVENUE PASTEUR - RUE DE NOISY LE SEC / ANGLE RUE DE ROMAINVILLE - RUE BRUYERES;;;SFR_COLL;DSP_MAJ_IRISE;;;OR21;OR1;OR21;CST;MCO;OK;20/08/2019;20/08/2019;C;OPT;C;DI;RF29;24;22;2;4;;5;269,7555;;;20/08/2019;;;;
7166341;TERRITOIRE;IRS - 144FO - FT - DB FRANCOIS RASPAIL (NANTERRE) / FT - IRS - 76 RUE RAYMON BARBET (NANTERRE);;;SFR_COLL;DSP_MAJ_IRISE;;;OR21;OR1;OR21;CST;MCO;OK;31/07/2013;31/07/2013;C;OPT;C;LH;RF22;144;138;6;12;;4;688,2256;;;31/07/2013;;;;
4599605;HORS TERRITOIRE;IRS - 144FO ANGLE BD GENERAL GAULLE - ROUTE ERAGNY /LARZAC;;;SFR_COLL;DSP_MAJ_IRISE;;;OR21;OR1;OR21;CST;MCO;OK;18/02/2011;18/02/2011;C;OPT;C;LH;RF40;144;76;68;12;;4;945,1139;;;18/02/2011;;;;
4639361;TERRITOIRE;IRS - RUE DE NOAILLES/ ANGLE RUE DE NOAILLE_AVE DE PARIS;;;SFR_COLL;DSP_MAJ_IRISE;;;OR21;OR1;OR21;CST;MCO;OK;20/04/2012;20/04/2012;C;OPT;C;TR;RF19;48;29;19;4;;4;221,6885;;;20/04/2012;;;;
4620974;TERRITOIRE;IRS - 72FO - RUE DEMENITROUX/N-1 ADD2 CHENEVIER;;;SFR_COLL;DSP_MAJ_IRISE;;;OR21;OR1;OR21;CST;MCO;OK;04/01/2008;04/01/2008;C;OPT;C;TR;RF16;72;66;6;6;;4;0,7510;;;04/01/2008;;;;
4635216;TERRITOIRE;IRS - AV BRIAND-RUE BERTHOLLET ARCEUIL/RUE JEAN MARIN NAUDIN;;;SFR_COLL;DSP_MAJ_IRISE;;;OR21;OR1;OR21;CST;MCO;OK;26/01/2011;26/01/2011;C;OPT;C;TR;RF113;48;16;32;4;;106;329,5412;;;26/01/2011;;;;
4637283;TERRITOIRE;IRS - 48FO PISCINE_KARL_MARX (D99)/CHAUFFERIE_LES_LOZETS (D84);;;SFR_COLL;DSP_MAJ_IRISE;;;OR21;OR1;OR21;CST;MCO;OK;03/06/2011;03/06/2011;C;OPT;C;TR;RF19;48;46;2;4;;4;469,9633;;;03/06/2011;;;;
21878838;HORS TERRITOIRE;IRS - 12FO -  FT399 - AVENUE AUGUSTE RODIN / POP C23 VILLIERS SUR MARNE - AA;;;SFR_COLL;DSP_MAJ_IRISE;;;OR21;OR1;OR21;CST;MCO;OK;14/01/2021;14/01/2021;C;OPT;C;DI;RF27;12;10;2;2;;5;135,7913;;;14/01/2021;;;;
4609799;HORS TERRITOIRE;N-1/URA MONTFERMEIL;;;SFR_COLL;DSP_MAJ_IRISE;;;OR21;OR1;OR21;CST;MCO;OK;30/07/2005;30/07/2005;C;OPT;C;TR;RF42;36;2;34;6;;4;47,8538;;;30/07/2005;;;;
7717378;TERRITOIRE;IRS - 144FO - LD - IRS - REAUMUR PAPIN - BPE 2 / 7 AV DENIS PAPIN (LE PLESSIS ROBINSON);;;SFR_COLL;DSP_MAJ_IRISE;;;OR21;OR1;OR21;CST;MCO;OK;17/01/2014;17/01/2014;C;OPT;C;LH;RF22;144;143;1;12;;4;216,9636;;;17/01/2014;;;;
15491558;TERRITOIRE;IRISE - 24FO - ANGLE RUE ROMAIN ROLLAND ET RUE RAYMONDE SALIEZ / POP DRH LES LILAS - AA;;;SFR_COLL;DSP_MAJ_IRISE;;;OR21;OR1;OR21;CST;MCO;OK;05/08/2019;05/08/2019;C;OPT;C;DI;RF29;24;20;4;4;;5;47,5905;;;05/08/2019;;;;
4607163;HORS TERRITOIRE;IRS - 72FO - AV DE VERRIERES MASSY/PK 104+570 MASSY;;;SFR_COLL;DSP_MAJ_IRISE;;;OR21;OR1;OR21;CST;MCO;OK;15/05/2006;15/05/2006;C;OPT;C;TR;RF41;72;31;41;6;;5;1229,7147;;;15/05/2006;;;;
6584529;HORS TERRITOIRE;IRS - 144FO - RUE DE MONTGEROULT (PONTOISE) / RUE PIERRE DE COUBERTIN;;;SFR_COLL;DSP_MAJ_IRISE;;;OR21;OR1;OR21;CST;MCO;OK;05/06/2013;05/06/2013;C;OPT;C;LH;RF22;144;140;4;12;;4;458,8037;;;05/06/2013;;;;
4603681;HORS TERRITOIRE;IRS - 72FO - BD POINCARRE - AV PASTEUR/FACE 2 BD DE GAULLE;;;SFR_COLL;DSP_MAJ_IRISE;;;OR21;OR1;OR21;CST;MCO;OK;27/09/2004;27/09/2004;C;OPT;C;TR;RF16;72;19;53;6;;4;1076,2709;;;27/09/2004;;;;
4610397;TERRITOIRE;IRS-87 AV ARISTIDE BRIAND/RUE LEJEUNE MONTROUGE;;;SFR_COLL;DSP_MAJ_IRISE;;;OR21;OR1;OR21;CST;MCO;OK;26/01/2006;26/01/2006;C;OPT;C;TR;RF19;48;46;2;4;;4;649,3417;;;26/01/2006;;;;
4610399;TERRITOIRE;A CONFIRMER - 9 RUE CARNOT/BIBLIOTHEQUE;;;SFR_COLL;DSP_MAJ_IRISE;;;OR21;OR1;OR21;CST;MCO;OK;27/01/2006;27/01/2006;C;OPT;C;DI;RF38;12;12;0;1;;4;58,9219;;;27/01/2006;;;;
4625846;TERRITOIRE;IRS - 24FO - BPI NEOPRESS / POP NEOPRESS MONTROUGE;;;SFR_COLL;DSP_MAJ_IRISE;;;OR21;OR1;OR21;CST;MCO;OK;25/06/2008;25/06/2008;C;OPT;C;DI;RF15;24;23;1;4;;4;23,0870;;;25/06/2008;;;;
4639852;TERRITOIRE;IRS - 36FO - BI 8 BLD DE VINCENNE/N-1  POP FTTS FONTENAY;;;SFR_COLL;DSP_MAJ_IRISE;;;OR21;OR1;OR21;CST;MCO;OK;20/02/2012;20/02/2012;C;OPT;C;TR;RF42;36;32;4;6;;4;88,6978;;;20/02/2012;;;;
44101857;TERRITOIRE;IRS - 12FO - FT685 - RUE RENE THIBERT / POP CRECHE GUIPONS VILLEJUIF - AA;;;SFR_COLL;DSP_MAJ_IRISE;;;OR21;OR1;OR21;CST;MCO;OK;29/03/2024;29/03/2024;C;OPT;C;DI;RF27;12;8;4;2;;5;71,6108;;;29/03/2024;;;;
4635408;TERRITOIRE;IRS - 72FO - 176 AV. JEAN LOLIVE / RUE COURTOIS;;;SFR_COLL;DSP_MAJ_IRISE;;;OR21;OR1;OR21;CST;MCO;OK;13/07/2010;13/07/2010;C;OPT;C;TR;RF16;72;67;5;6;;4;553,5180;;;13/07/2010;;;;
21901537;TERRITOIRE;IRS - 36 FO - IRS - FT 494 - 5 ROUTE DE LA REINE / IRS -11 BOULEVARD DE REPUBLIQUE;;;SFR_COLL;DSP_MAJ_IRISE;;;OR21;OR1;OR21;CST;MCO;OK;18/01/2021;18/01/2021;C;OPT;C;TR;RF50;36;36;0;3;;4;1460,3288;;;18/01/2021;;;;
16473633;TERRITOIRE;IRS - 12FO RUE AMBROISE CROIZAT-RUE MARCEL PAUL / FT 527 - 23 RUE JEAN BAPTISTE BAUDIN VILLEJUIF;;;SFR_COLL;DSP_MAJ_IRISE;;;OR21;OR1;OR21;CST;MCO;OK;14/11/2019;14/11/2019;C;OPT;C;DI;RF66;12;10;2;2;;236;543,7428;;;14/11/2019;;;;
22815206;TERRITOIRE;IRS - 24FO - FT1229 - PLACE DU GENERAL DE GAULLE / FT1051 - RUE DES CLOS FRAN?ÁAIS;;;SFR_COLL;DSP_MAJ_IRISE;;;OR21;OR1;OR21;CST;MCO;OK;22/03/2021;22/03/2021;C;OPT;C;DI;RF29;24;22;2;4;;5;764,7581;;;22/03/2021;;;;
22180931;TERRITOIRE;24 FO - BPE FT 123 / BPE FT 331;;;SFR_COLL;DSP_MAJ_IRISE;;;OR21;OR1;OR21;CST;MCO;OK;05/02/2021;05/02/2021;C;OPT;C;DI;RF29;24;20;4;4;;5;303,5660;;;05/02/2021;;;;
4594608;HORS TERRITOIRE;IRS - 144FO - PONTOISE-GLAISE/SEINE-BOIVIN;;;SFR_COLL;DSP_MAJ_IRISE;;;OR21;OR1;OR21;CST;MCO;OK;25/08/2004;25/08/2004;C;OPT;C;LH;RF40;144;79;65;12;;4;2735,6165;;;25/08/2004;;;;
4610998;TERRITOIRE;IRS - 144 FO - 23 BD JEAN JAURES ST OUEN/FINOT-POULBOT;;;SFR_COLL;DSP_MAJ_IRISE;;;OR21;OR1;OR21;CST;MCO;OK;19/10/2006;19/10/2006;C;OPT;C;LH;RF40;144;41;103;12;;4;1528,9490;;;19/10/2006;;;;
9198481;TERRITOIRE;IRS - 28 RUE CARREL / 46 RUE CARREL (MONTREUIL);;;SFR_COLL;DSP_MAJ_IRISE;;;OR21;OR1;OR21;CST;MCO;OK;02/07/2015;02/07/2015;C;OPT;C;DI;RF29;24;22;2;4;;5;174,5070;;;02/07/2015;;;;
4614148;TERRITOIRE;IRS - 42 RUE CUVIER/10 RUE DE VALMY;;;SFR_COLL;DSP_MAJ_IRISE;;;OR21;OR1;OR21;CST;MCO;OK;16/10/2007;16/10/2007;C;OPT;C;TR;RF19;48;44;4;4;;4;349,0625;;;16/10/2007;;;;
4614149;TERRITOIRE;IRS - 12FO - 10 RUE DE VALMY/POP URSSAF GAUMONT;;;SFR_COLL;DSP_MAJ_IRISE;;;OR21;OR1;OR21;CST;MCO;OK;16/10/2007;16/10/2007;C;OPT;C;DI;RF14;12;10;2;2;;4;139,9272;;;16/10/2007;;;;
4631818;TERRITOIRE;IRS - 24FO - 119 BIS RUE DU DR BAUER/POP UG2 OPH DE ST OUEN -AA;;;SFR_COLL;DSP_MAJ_IRISE;;;OR21;OR1;OR21;CST;MCO;OK;08/04/2009;08/04/2009;C;OPT;C;DI;RF15;24;22;2;4;;4;12,8319;;;08/04/2009;;;;
36975777;TERRITOIRE;IRS - 12FO - FT986 - RUE THOMAS EDISON GENNEVILLIERS (ILE-DE-France) - BPE 1 / POP FR2383 - VILLENEUVE LA GARENNE - SG - AA;;;SFR_COLL;DSP_MAJ_IRISE;;;OR21;OR1;OR21;CST;MCO;OK;28/02/2023;28/02/2023;C;OPT;C;DI;RF27;12;11;1;2;;5;768,8312;;;28/02/2023;;;;
22326180;TERRITOIRE;IRS - 12FO -  FT1764 - 28 BD PAUL VAILLANT COUTURIER  / POP ELEMENTAIRE ESTIENNE D ORVES MONTREUIL - AA;;;SFR_COLL;DSP_MAJ_IRISE;;;OR21;OR1;OR21;CST;MCO;OK;17/02/2021;17/02/2021;C;OPT;C;DI;RF27;12;8;4;2;;5;198,7325;;;17/02/2021;;;;
4605887;TERRITOIRE;IRS - JAURES-ELOI/HENRI BARBUSSE;;;SFR_COLL;DSP_MAJ_IRISE;;;OR21;OR1;OR21;CST;MCO;OK;28/04/2004;28/04/2004;C;OPT;C;TR;RF16;72;72;0;6;;4;296,4972;;;28/04/2004;;;;
4604748;TERRITOIRE;IRS-RUE DU LANDY ITX3 ADD2/LANDY_FILLETTES (ST DENIS);;;SFR_COLL;DSP_MAJ_IRISE;;;OR21;OR1;OR21;CST;MCO;OK;20/07/2007;20/07/2007;C;OPT;C;LH;RF40;144;124;20;12;;4;382,3163;;;20/07/2007;;;;
34098337;TERRITOIRE;36 FO - IRS - FT1869 - 187 AV. PAUL VAILLANT COUTURIER / IRS - FT 947 - 120 RUE AMBROISE CROIZAT;;;SFR_COLL;DSP_MAJ_IRISE;;;OR21;OR1;OR21;CST;MCO;OK;28/09/2022;28/09/2022;C;OPT;C;TR;RF50;36;36;0;3;;4;1055,6433;;;28/09/2022;;;;
24913385;TERRITOIRE;IRS - 24FO - FT1905 - RUE BEL AIR /  POP CRECHE MUNICIPALE MAURICE TITRAN MONTREUIL - AA;;;SFR_COLL;DSP_MAJ_IRISE;;;OR21;OR1;OR21;CST;MCO;OK;26/07/2021;26/07/2021;C;OPT;C;DI;RF29;24;20;4;4;;5;124,1524;;;26/07/2021;;;;
33048739;TERRITOIRE;IRISE - 12 FO - FT271 - 9 Rue Jean Moulin / POP CAM 78_ROSNY SOUS BOIS - AA;;;SFR_COLL;DSP_MAJ_IRISE;;;OR21;OR1;OR21;CST;MCO;OK;03/08/2022;03/08/2022;C;OPT;C;DI;RF27;12;10;2;2;;5;77,1427;;;03/08/2022;;;;
4605049;TERRITOIRE;IRS - 24FO - BD VERDUN/N-1 CAA FONTENAY;;;SFR_COLL;DSP_MAJ_IRISE;;;OR21;OR1;OR21;CST;MCO;OK;30/01/2001;30/01/2001;C;OPT;C;DI;RF67;24;14;10;2;;5;347,1343;;;30/01/2001;;;;
26204273;HORS TERRITOIRE;12 FO - IRS - PRC C66 CHAMBRE IRISE (VILLIERS SUR MARNE) - - FT 382 - 118 RUE JEAN JAURES (VILLIERS SUR MARNE);;;SFR_COLL;DSP_MAJ_IRISE;;;OR21;OR1;OR21;CST;MCO;OK;06/10/2021;06/10/2021;C;OPT;C;DI;RF27;12;10;2;2;;5;9,4649;;;06/10/2021;;;;
15246116;TERRITOIRE;IRS - 12FO - 90 AV DE STALINGRAD VILLEJUIF/POP MAISONS DES PARENTS VILLEJUIF - AA;;;SFR_COLL;DSP_MAJ_IRISE;;;OR21;OR1;OR21;CST;MCO;OK;08/07/2019;08/07/2019;C;OPT;C;DI;RF37;12;4;8;2;;5;206,0389;;;08/07/2019;;;;
30729383;TERRITOIRE;12 FO - IRS - PARC DES ANCIENNES MAIRIES (NANTERRE) - BPE 2 / POP CSU MAURICE THOREZ (centre de supervision urbain) - AA;;;SFR_COLL;DSP_MAJ_IRISE;;;OR21;OR1;OR21;CST;MCO;OK;08/04/2022;08/04/2022;C;OPT;C;DI;RF27;12;9;3;2;;5;119,5595;;;08/04/2022;;;;
34284898;TERRITOIRE;IRS - 12 FO - POP HOTEL DE VILLE  D AUBERVILLIERS / POP CAMERA C51 AUBERVILLIERS - AA;;;SFR_COLL;DSP_MAJ_IRISE;;;OR21;OR1;OR21;CST;MCO;OK;06/10/2022;06/10/2022;C;OPT;C;DI;RF27;12;10;2;2;;5;348,6666;;;06/10/2022;;;;
22180930;TERRITOIRE;12 FO - BPE FT 123 / POP ELEMENTAIRE PAUL BERT MONTREUIL;;;SFR_COLL;DSP_MAJ_IRISE;;;OR21;OR1;OR21;CST;MCO;OK;05/02/2021;05/02/2021;C;OPT;C;DI;RF27;12;8;4;2;;5;95,8902;;;05/02/2021;;;;
21662194;HORS TERRITOIRE;IRS - 24 FO - FT852 - 11 ROUTE COMBAULT / FT 1349 - ANGLE AVENUE DES TOURELLES - AVENUE DU GENERAL JOUBERT;;;SFR_COLL;DSP_MAJ_IRISE;;;OR21;OR1;OR21;CST;MCO;OK;28/12/2020;28/12/2020;C;OPT;C;DI;RF29;24;20;4;4;;5;682,7067;;;28/12/2020;;;;
24877222;TERRITOIRE;IRS - 24FO -FT3107 - PLACE JEAN JAURES / FT1539 - AV WALWEIN;;;SFR_COLL;DSP_MAJ_IRISE;;;OR21;OR1;OR21;CST;MCO;OK;23/07/2021;23/07/2021;C;OPT;C;DI;RF29;24;22;2;4;;5;208,5555;;;23/07/2021;;;;
32116906;TERRITOIRE;IRS - 36 FO - FT 2587 - 118 AV DU PRESIDENT SALVADOR ALLENDE / FT 3 - 1  RUE ETIENNE DOLET;;;SFR_COLL;DSP_MAJ_IRISE;;;OR21;OR1;OR21;CST;MCO;OK;15/06/2022;15/06/2022;C;OPT;C;TR;RF50;36;36;0;3;;4;564,4175;;;15/06/2022;;;;
7373091;HORS TERRITOIRE;IRS - 24FO - N-1 XEROX VILLEPINTE - BPE2 / POP VW FINANCIAL VILLEPINTE - BA;;;SFR_COLL;DSP_MAJ_IRISE;;;OR21;OR1;OR21;CST;MCO;OK;08/10/2013;08/10/2013;C;OPT;C;DI;RF17;24;24;0;2;;4;370,4418;;;08/10/2013;;;;
4595988;HORS TERRITOIRE;IRS - 144 FO - RUE MONGE/RUE MONTAIGNE (ATTERAGE) / GALERIE EPAMARNE;;;SFR_COLL;DSP_MAJ_IRISE;;;OR21;OR1;OR21;CST;MCO;OK;04/12/2006;04/12/2006;C;OPT;C;LH;RF40;144;37;107;12;;4;132,8967;;;04/12/2006;;;;
34542819;TERRITOIRE;IRS - 36 FO - 135 AV PABLO PICASSO  / FT 160 - 11 ALLEE DE L'ARLEQUIN;;;SFR_COLL;DSP_MAJ_IRISE;;;OR21;OR1;OR21;CST;MCO;OK;06/05/2020;06/05/2020;C;OPT;C;TR;RF50;36;36;0;6;;4;531,4256;;;06/05/2020;;;;
18020193;TERRITOIRE;IRS - 36FO - FT 123 - FORT DE ROMAINVILLE (IRISE LOT 14) / BD DE LA LIBERTE;;;SFR_COLL;DSP_MAJ_IRISE;;;OR21;OR1;OR21;CST;MCO;OK;10/04/2020;10/04/2020;C;OPT;C;TR;RF50;36;36;0;3;;4;1074,4306;;;10/04/2020;;;;
7682849;TERRITOIRE;BAG - IRS - RUE DE STALINGRAD HOPITAL -BPE1/BPE2;;;SFR_COLL;DSP_MAJ_IRISE;;;OR21;OR1;OR21;CST;MCO;OK;08/01/2014;08/01/2014;C;OPT;C;LH;RF22;144;143;1;12;;4;14,0843;;;08/01/2014;;;;
41621857;TERRITOIRE;IRS - 12 FO - RUE EUGENE VARLIN - BPE DE MAINTENANCE / FT 448 -  ANGLE RUE E.VARLIN R.ROLLAND;;;SFR_COLL;DSP_MAJ_IRISE;;;OR21;OR1;OR21;CST;MCO;OK;27/08/2018;27/08/2018;C;OPT;C;DI;RF37;12;2;10;2;;5;12,4641;;;27/08/2018;;;;
4626402;TERRITOIRE;IRS - 48FO - ANGLE FRANCE_MICHELET/FACE 41 RUE GABRIEL PERI;;;SFR_COLL;DSP_MAJ_IRISE;;;OR21;OR1;OR21;CST;MCO;OK;14/01/2008;14/01/2008;C;OPT;C;TR;RF19;48;48;0;4;;4;1273,7962;;;14/01/2008;;;;
4607224;TERRITOIRE;IRS - 105 AV HENRI GINOUX/84 RUE CARVES MONTROUGE;;;SFR_COLL;DSP_MAJ_IRISE;;;OR21;OR1;OR21;CST;MCO;OK;03/10/2005;03/10/2005;C;OPT;C;TR;RF19;48;36;12;4;;4;132,6754;;;03/10/2005;;;;
4599171;TERRITOIRE;IRS - COB CH OD/ NETCENTER ODF D - DG (CA-FR-000421Y2-IRIS-144);;;SFR_COLL;DSP_MAJ_IRISE;;;OR21;OR1;OR21;CST;MCO;OK;30/01/2001;30/01/2001;C;OPT;C;LH;RF56;144;34;110;12;;4;274,2736;;;30/01/2001;;;;
4614419;TERRITOIRE;IRS - FRANCISQUE_POULBOT/MGP FRANCISQUE_POULBOT;;;SFR_COLL;DSP_MAJ_IRISE;;;OR21;OR1;OR21;CST;MCO;OK;31/07/2007;31/07/2007;C;OPT;C;DI;RF38;12;10;2;1;;4;12,1484;;;31/07/2007;;;;
4601547;TERRITOIRE;IRS - 72FO - RUE EDGAR QUINET/AV DU GENERAL DE GAULLE;;;SFR_COLL;DSP_MAJ_IRISE;;;OR21;OR1;OR21;CST;MCO;OK;22/07/2004;22/07/2004;C;OPT;C;TR;RF16;72;9;63;6;;4;2436,8797;;;22/07/2004;;;;
25063177;TERRITOIRE;12FO - POP ECOLE ANGELA DAVIS LA COURNEUVE / POP HALTE GARDERIE GOUTTE DE LAIT LA COURNEUVE;;;SFR_COLL;DSP_MAJ_IRISE;;;OR21;OR1;OR21;CST;MCO;OK;03/08/2021;03/08/2021;C;OPT;C;DI;RF27;12;10;2;2;;5;523,1385;;;03/08/2021;;;;
41621859;TERRITOIRE;IRS - 24 FO - FT 448 -  ANGLE RUE E.VARLIN R.ROLLAND / FT 1010 -  RUE GEORGES LEBIGOT;;;SFR_COLL;DSP_MAJ_IRISE;;;OR21;OR1;OR21;CST;MCO;OK;07/11/2023;07/11/2023;C;OPT;C;DI;RF29;24;22;2;4;;5;480,3493;;;07/11/2023;;;;
4594176;TERRITOIRE;IRS - 144FO - AVENUE DE LA DIVISION LECLERC - RUE HENRI BARBUSSE / SQUARE DU 19 MARS 1962 FRESNES;;;SFR_COLL;DSP_MAJ_IRISE;;;OR21;OR1;OR21;CST;MCO;OK;19/01/2004;19/01/2004;C;OPT;C;LH;RF56;144;96;48;12;;4;544,9406;;;19/01/2004;;;;
15388554;TERRITOIRE;IRS - 12FO - FT1048 - 39 RUE JEAN JAURES VILLEJUIF / PRC CAMERA C24 ANGLE AVENUE PAUL VAILLANT COUTURIER / RUE JEAN JAURES (VILLEJUIF);;;SFR_COLL;DSP_MAJ_IRISE;;;OR21;OR1;OR21;CST;MCO;OK;24/07/2019;24/07/2019;C;OPT;C;DI;RF37;12;10;2;2;;5;7,1126;;;24/07/2019;;;;
4609007;HORS TERRITOIRE;IRS - 72FO - RUE NEWTON/MITRY MORY N 4 PT;;;SFR_COLL;DSP_MAJ_IRISE;;;OR21;OR1;OR21;CST;MCO;OK;02/03/2007;02/03/2007;C;OPT;C;TR;RF41;72;42;30;6;;5;435,9262;;;02/03/2007;;;;
4632644;TERRITOIRE;IRS - 72 FO - 8 RUE GALILEE / POP INTERXION 6 - BA;;;SFR_COLL;DSP_MAJ_IRISE;;;OR21;OR1;OR21;CST;MCO;OK;30/06/2009;30/06/2009;C;OPT;C;TR;RF16;72;59;13;6;;4;34,2720;;;30/06/2009;;;;
4614454;TERRITOIRE;IRS - RUE DE STALINGRAD_HOPITAL/MGP BOBIGNY;;;SFR_COLL;DSP_MAJ_IRISE;;;OR21;OR1;OR21;CST;MCO;OK;27/09/2007;27/09/2007;C;OPT;C;DI;RF38;12;12;0;1;;4;27,7252;;;27/09/2007;;;;
45456418;TERRITOIRE;IRS - 12FO - FT453 - AVENUE ARISTIDE BRIAND / N-1 CTM;;;SFR_COLL;DSP_MAJ_IRISE;;;OR21;OR1;OR21;CST;MCO;OK;25/06/2024;25/06/2024;C;OPT;C;DI;RF27;12;10;2;2;;5;131,3430;;;25/06/2024;;;;
4643477;TERRITOIRE;IRS - 36FO - CHAMPIGNY(FOURCHETTE)/BI CHAMPIGNY(FOURCHETTE);;;SFR_COLL;DSP_MAJ_IRISE;;;OR21;OR1;OR21;CST;MCO;OK;02/02/2012;02/02/2012;C;OPT;C;TR;RF42;36;32;4;6;;4;21,5801;;;02/02/2012;;;;
28951779;TERRITOIRE;IRS - 12FO -BPI - RUE CHARLES DELAVACQUERIE / POP FOYER PERSONNES AGEES LES BLANCS VILAINS MONTREUIL - AA;;;SFR_COLL;DSP_MAJ_IRISE;;;OR21;OR1;OR21;CST;MCO;OK;21/07/2021;21/07/2021;C;OPT;C;DI;RF27;12;8;4;2;;5;9,1232;;;21/07/2021;;;;
30323376;TERRITOIRE;IRS - 43 AV DE LA MARNE (MONTROUGE) - BPE 1 / POP N007 CHAMBRE IRISE;;;SFR_COLL;DSP_MAJ_IRISE;;;OR21;OR1;OR21;CST;MCO;OK;23/03/2022;23/03/2022;C;OPT;C;DI;RF45;12;10;2;2;;4;356,0377;;;23/03/2022;;;;
4596046;TERRITOIRE;IRS - 144FO - CROIX DE CHAVAUX RESISTANCE/CROIX DE CHAVAUX VINCENNES;;;SFR_COLL;DSP_MAJ_IRISE;;;OR21;OR1;OR21;CST;MCO;OK;30/01/2001;30/01/2001;C;OPT;C;LH;RF56;144;58;86;12;;4;143,0214;;;30/01/2001;;;;
4598465;TERRITOIRE;IRS - 72FO CROIX DE CHAVAUX VINCENNES/UNION VINCENNES;;;SFR_COLL;DSP_MAJ_IRISE;;;OR21;OR1;OR21;CST;MCO;OK;23/08/2002;23/08/2002;C;OPT;C;TR;RF16;72;13;59;6;;4;550,9665;;;23/08/2002;;;;
4634212;HORS TERRITOIRE;IRS - 72 FO IRS - ALLEE DES HARRAS_ALLEE DE LA MARCHE (GARCHE)/HOPITAL POINCARRE;;;SFR_COLL;DSP_MAJ_IRISE;;;OR21;OR1;OR21;CST;MCO;OK;27/12/2011;27/12/2011;C;OPT;C;TR;RF16;72;59;13;6;;4;402,3307;;;27/12/2011;;;;
4630359;TERRITOIRE;IRS - 72FO - 63 AV HENRIOT/GALILEE_VERSAILLES;;;SFR_COLL;DSP_MAJ_IRISE;;;OR21;OR1;OR21;CST;MCO;OK;10/03/2009;10/03/2009;C;OPT;C;TR;RF16;72;68;4;6;;4;330,0874;;;10/03/2009;;;;
4604306;TERRITOIRE;IRS - 144FO - BD NATIONAL/N-1 URA REUIL-1-1;;;SFR_COLL;DSP_MAJ_IRISE;;;OR21;OR1;OR21;CST;MCO;OK;08/01/2010;08/01/2010;C;OPT;C;LH;RF40;144;130;14;12;;4;349,5656;;;08/01/2010;;;;
4606952;TERRITOIRE;IRS - 72FO - RUE DE CHAMPIGNY-RUE D HOUIN/4 RUE DE CHAMPIGNY (CHENNEVRIERES);;;SFR_COLL;DSP_MAJ_IRISE;;;OR21;OR1;OR21;CST;MCO;OK;26/01/2007;26/01/2007;C;OPT;C;TR;RF16;72;30;42;6;;4;587,2294;;;26/01/2007;;;;
19888701;TERRITOIRE;12 FO - IRISE - FT 456 - 8RUE MAURICE BERTEAUX / FT 441 - RUE DU GENERAL GALLIENI;;;SFR_COLL;DSP_MAJ_IRISE;;;OR21;OR1;OR21;CST;MCO;OK;28/08/2020;28/08/2020;C;OPT;C;DI;RF27;12;6;6;2;;5;240,5577;;;28/08/2020;;;;
11047094;TERRITOIRE;IRS - 12FO - ISH - BI BRAND LOYALTY  / POP BRAND LOYALTY  - AA;;;SFR_COLL;DSP_MAJ_IRISE;;;OR21;OR1;OR21;CST;MCO;OK;15/03/2017;15/03/2017;C;OPT;C;DI;RF27;12;12;0;2;;5;1,0011;;;15/03/2017;;;;
36786022;TERRITOIRE;IRS - 12FO - FT160 CH SAT SECURISEE CAM36 / FT175 CH SAT SECURISEE CAM24;;;SFR_COLL;DSP_MAJ_IRISE;;;OR21;OR1;OR21;CST;MCO;OK;16/02/2023;16/02/2023;C;OPT;C;DI;RF27;12;10;2;2;;5;438,8096;;;16/02/2023;;;;
4614897;TERRITOIRE;IRS-ADD 3 BPE IMM/GENDARMERIE ROSNY - AC;;;SFR_COLL;DSP_MAJ_IRISE;;;OR21;OR1;OR21;CST;MCO;OK;13/06/2007;13/06/2007;C;OPT;C;DI;RF24;24;23;1;2;;4;22,9826;;;13/06/2007;;;;
11373458;HORS TERRITOIRE;IRSE - 48FO - N-1 URA CERGY LE HAZAY / N-1 POP CMP CATTP;;;SFR_COLL;DSP_MAJ_IRISE;;;OR21;OR1;OR21;CST;MCO;OK;24/05/2017;24/05/2017;C;OPT;C;TR;RF20;48;47;1;8;;5;822,0146;;;24/05/2017;;;;
22276289;TERRITOIRE;IRS - 24FO - FT3107 - 1 PLACE JEAN JAURES / POP HOTEL DE VILLE MONTREUIL - AA;;;SFR_COLL;DSP_MAJ_IRISE;;;OR21;OR1;OR21;CST;MCO;OK;13/02/2021;13/02/2021;C;OPT;C;DI;RF29;24;16;8;4;;5;16,4026;;;13/02/2021;;;;
4632215;TERRITOIRE;IRS - 48FO - 54 RUE SAINT DENIS/RUE HAINAUT;;;SFR_COLL;DSP_MAJ_IRISE;;;OR21;OR1;OR21;CST;MCO;OK;10/04/2009;10/04/2009;C;OPT;C;TR;RF19;48;40;8;4;;4;166,4146;;;10/04/2009;;;;
4632214;TERRITOIRE;IRS - 24FO - 54 RUE SAINT DENIS/POP CMS SAINT DENIS;;;SFR_COLL;DSP_MAJ_IRISE;;;OR21;OR1;OR21;CST;MCO;OK;10/04/2009;10/04/2009;C;OPT;C;DI;RF15;24;16;8;4;;4;55,3785;;;10/04/2009;;;;
4632271;TERRITOIRE;IRS - 12FO - BI/POP MEDIATHEQUE (D92);;;SFR_COLL;DSP_MAJ_IRISE;;;OR21;OR1;OR21;CST;MCO;OK;22/07/2009;22/07/2009;C;OPT;C;DI;RF45;12;2;10;2;;4;105,2890;;;22/07/2009;;;;
35599860;TERRITOIRE;IRS - 12FO - RUE DU MONT MESLY / RUE DES EMOULEUSES;;;SFR_COLL;DSP_MAJ_IRISE;;;OR21;OR1;OR21;CST;MCO;OK;14/12/2022;14/12/2022;C;OPT;C;DI;RF27;12;8;4;2;;5;300,6968;;;14/12/2022;;;;
43805235;TERRITOIRE;IRS - 36 FO - FT 180 - 43 VA JEAN MOULIN / FT 287 - 34 AV DU 8 MAI 1945 (VILLENEUVE-LA-GARENNE);;;SFR_COLL;DSP_MAJ_IRISE;;;OR21;OR1;OR21;CST;MCO;OK;22/09/2022;22/09/2022;C;OPT;C;TR;RF50;36;36;0;3;;4;354,3086;;;22/09/2022;;;;
22276292;TERRITOIRE;IRS - 12FO - FT1736 - 3 RUE DES EPERNONS / POP ECOLE MATERNELLE GUY MOQUET MONTREUIL - AA;;;SFR_COLL;DSP_MAJ_IRISE;;;OR21;OR1;OR21;CST;MCO;OK;13/02/2021;13/02/2021;C;OPT;C;DI;RF27;12;8;4;2;;5;103,2289;;;13/02/2021;;;;
14843892;TERRITOIRE;IRS - 72 FO - FT 478 - RUE RASPAIL / ANGLE MAUCONSEIL  NOTRE DAME;;;SFR_COLL;DSP_MAJ_IRISE;;;OR21;OR1;OR21;CST;MCO;OK;20/05/2019;20/05/2019;C;OPT;C;TR;RF28;72;72;0;6;;4;673,0673;;;20/05/2019;;;;
27206513;TERRITOIRE;IRISE - 12FO - 187 RUE DE PARIS - BPE1 / POP CENTRE MULTI ACCUEIL DES SENTES LES LILAS;;;SFR_COLL;DSP_MAJ_IRISE;;;OR21;OR1;OR21;CST;MCO;OK;13/11/2021;13/11/2021;C;OPT;C;DI;RF27;12;10;2;2;;5;352,6523;;;13/11/2021;;;;
18161671;TERRITOIRE;IRS - 12 FO - BPI - ANNEXE CITES JARDINS / POP ANNEXE CITES JARDINS CHAMPIGNY SUR MARNE - AA;;;SFR_COLL;DSP_MAJ_IRISE;;;OR21;OR1;OR21;CST;MCO;OK;24/04/2020;24/04/2020;C;OPT;C;DI;RF27;12;10;2;2;;5;20,3935;;;24/04/2020;;;;
17296745;TERRITOIRE;IRS - 36 FO - FT 589 - 36 AV D ENGHIEN / FT 578 - 16 AV LEON BLUM EPINAY SUR SEINE;;;SFR_COLL;DSP_MAJ_IRISE;;;OR21;OR1;OR21;CST;MCO;OK;06/02/2020;06/02/2020;C;OPT;C;TR;RF50;36;36;0;3;;4;522,4056;;;06/02/2020;;;;
4608362;TERRITOIRE;IRS  - 110 AV. AVENUE DU GENERAL LECLERC/POP NET SECURITY;;;SFR_COLL;DSP_MAJ_IRISE;;;OR21;OR1;OR21;CST;MCO;OK;22/10/2007;22/10/2007;C;OPT;C;DI;RF24;24;24;0;2;;4;95,8038;;;22/10/2007;;;;
4607572;TERRITOIRE;48 FO - IRS-RUE MARITON_RUE DIEUMEGARD / IRS - 48 RUE DES ROSIERS;;;SFR_COLL;DSP_MAJ_IRISE;;;OR21;OR1;OR21;CST;MCO;OK;27/02/2007;27/02/2007;C;OPT;C;TR;RF19;48;44;4;4;;4;124,1111;;;27/02/2007;;;;
45817697;TERRITOIRE;BAG - IRS - 72FO - IRS - WILSON-MITTERRAND - BPE 2 / BPE1;;;SFR_COLL;DSP_MAJ_IRISE;;;OR21;OR1;OR21;CST;MCO;OK;17/07/2024;17/07/2024;C;OPT;C;DI;RF94;72;71;1;6;;5;22,6541;;;17/07/2024;;;;
42665733;TERRITOIRE;IRS - BAG - 72 FO - 84 RUE CARVES (MONTROUGE) - BPE 1 / BPE 2;;;SFR_COLL;DSP_MAJ_IRISE;;;OR21;OR1;OR21;CST;MCO;OK;30/12/2023;30/12/2023;C;OPT;C;TR;RF28;72;72;0;6;;4;3,6030;;;30/12/2023;;;;
4604335;TERRITOIRE;IRS - 25 BOULEVARD DU COLONEL FABIEN - MAZET/PONT D'IVRY IRISE;;;SFR_COLL;DSP_MAJ_IRISE;;;OR21;OR1;OR21;CST;MCO;OK;12/04/2002;12/04/2002;C;OPT;C;LH;RF56;144;30;114;12;;4;216,1774;;;12/04/2002;;;;
4601974;TERRITOIRE;IRS - 24FO - MESLY (CRETEIL))/N-1 CAA CRETEIL;;;SFR_COLL;DSP_MAJ_IRISE;;;OR21;OR1;OR21;CST;MCO;OK;15/05/2004;15/05/2004;C;OPT;C;DI;RF15;24;16;8;4;;4;244,4161;;;15/05/2004;;;;
16692234;TERRITOIRE;IRS - 144 FO - FT1944 560 RUE DU MARCHE ROLLY / FT2136 -733 AVENUE MAURICE THOREZ;;;SFR_COLL;DSP_MAJ_IRISE;;;OR21;OR1;OR21;CST;MCO;OK;05/12/2019;05/12/2019;C;OPT;C;LH;RF22;144;144;0;12;;4;818,4249;;;05/12/2019;;;;
32649377;TERRITOIRE;IRS - FT 10 - 98 AVENUE DE CHOISY ZA LES FLANDRES / IRS_RFF_PK83435 CHOISY;;;SFR_COLL;DSP_MAJ_IRISE;;;OR21;OR1;OR21;CST;MCO;OK;20/04/2022;20/04/2022;C;OPT;C;LH;RF22;144;144;0;12;;4;129,7804;;;20/04/2022;;;;
26438817;TERRITOIRE;IRS - POP COMPLEXE NOUVELLE FRANCE / IRS - FT 3219 - 27 RUE ANATOLE FRANCE (MONTREUIL);;;SFR_COLL;DSP_MAJ_IRISE;;;OR21;OR1;OR21;CST;MCO;OK;14/10/2021;14/10/2021;C;OPT;C;DI;RF27;12;8;4;2;;5;369,4220;;;14/10/2021;;;;
4636558;TERRITOIRE;IRS - 72FO - BD NATIONAL-BROSSOLETE/VERS PK7500;;;SFR_COLL;DSP_MAJ_IRISE;;;OR21;OR1;OR21;CST;MCO;OK;01/04/2011;01/04/2011;C;OPT;C;TR;RF28;72;25;47;6;;4;447,6539;;;01/04/2011;;;;
4601977;TERRITOIRE;IRS - 12 AV DE LA REPUBLIQUE/VERS APHP CHARLES FOIX;;;SFR_COLL;DSP_MAJ_IRISE;;;OR21;OR1;OR21;CST;MCO;OK;15/05/2004;15/05/2004;C;OPT;C;TR;RF19;48;36;12;4;;4;415,9003;;;15/05/2004;;;;
16504365;TERRITOIRE;IRS - 48FO - AV DU MARECHAL LECLERC/RUE DE CHAMPIGNY-RUE D HOUIN - 1;;;SFR_COLL;DSP_MAJ_IRISE;;;OR21;OR1;OR21;CST;MCO;OK;28/04/2004;28/04/2004;C;OPT;C;TR;RF80;48;12;36;8;;4;760,2157;;;28/04/2004;;;;
15288134;TERRITOIRE;IRS - FT 1074 - 36 BD LOUISE MICHEL /FT 322 - 84 AVENUE CHANDON;;;SFR_COLL;DSP_MAJ_IRISE;;;OR21;OR1;OR21;CST;MCO;OK;11/07/2019;11/07/2019;C;OPT;C;LH;RF22;144;142;2;12;;4;1798,3894;;;11/07/2019;;;;
15376033;TERRITOIRE;IRS - 12 FO - ARAGO-COMMUNE/FT384 - 27 AV DE LA REPUBLIQUE;;;SFR_COLL;DSP_MAJ_IRISE;;;OR21;OR1;OR21;CST;MCO;OK;22/07/2019;22/07/2019;C;OPT;C;DI;RF37;12;8;4;2;;5;564,1139;;;22/07/2019;;;;
17859876;TERRITOIRE;36 FO - IRISE - IRISE - FT 488 - 17 AVENUE PIERRE SEMARD/FT 895 - RUE LEDRU ROLLIN IVRY SUR SEINE;;;SFR_COLL;DSP_MAJ_IRISE;;;OR21;OR1;OR21;CST;MCO;OK;26/03/2020;26/03/2020;C;OPT;C;TR;RF50;36;36;0;3;;4;823,4600;;;26/03/2020;;;;
4594709;TERRITOIRE;IRS - DE GAULLE - COUTURIER/DOCTEUR MASS;;;SFR_COLL;DSP_MAJ_IRISE;;;OR21;OR1;OR21;CST;MCO;OK;12/04/2002;12/04/2002;C;OPT;C;LH;RF56;144;38;106;12;;4;512,2427;;;12/04/2002;;;;
35875939;TERRITOIRE;BAG - IRS - 48 FO - 43 AV DE LA MARNE MONTROUGE BPE 1/ BPE 2;;;SFR_COLL;DSP_MAJ_IRISE;;;OR21;OR1;OR21;CST;MCO;OK;29/12/2022;29/12/2022;C;OPT;C;TR;RF47;48;42;6;4;;4;3,1715;;;29/12/2022;;;;
28875298;TERRITOIRE;IRS - 48FO - FT 256 - ANGLE AV R.SALENGRO_RUE ANATOLE France (Chaville) / N-1 RUE JOSEPH BERTRANT (Viroflay);;;SFR_COLL;DSP_MAJ_IRISE;;;OR21;OR1;OR21;CST;MCO;OK;11/01/2022;11/01/2022;C;OPT;C;TR;RF47;48;48;0;4;;4;1503,4499;;;11/01/2022;;;;
15232371;TERRITOIRE;IRS - 72 FO - FT945 - 145 RUE DU FAUSSE BLANC / FT943 - 105 RUE DU FAUSSE BLANC GENNEVILLIERS;;;SFR_COLL;DSP_MAJ_IRISE;;;OR21;OR1;OR21;CST;MCO;OK;05/07/2019;05/07/2019;C;OPT;C;TR;RF28;72;72;0;6;;4;158,3235;;;05/07/2019;;;;
17863747;TERRITOIRE;IRS - 144 FO - IRS - FT 688 - 29 RUE BEL AIR / IRS - FT 1037 - 36 AVENUE JEAN BOUIN;;;SFR_COLL;DSP_MAJ_IRISE;;;OR21;OR1;OR21;CST;MCO;OK;26/03/2020;26/03/2020;C;OPT;C;LH;RF22;144;144;0;12;;4;1855,0745;;;26/03/2020;;;;
4595058;TERRITOIRE;IRS - ST ROCH-GUYNEMER/VERS CAA RAMEAU;;;SFR_COLL;DSP_MAJ_IRISE;;;OR21;OR1;OR21;CST;MCO;OK;02/11/2004;02/11/2004;C;OPT;C;TR;RF166;48;18;30;8;;5;367,3039;;;02/11/2004;;;;
44143777;TERRITOIRE;IRS - 24FO - FT685 - RUE RENE THIBERT / IRISE 534 - 51 RUE H. BARBUSSE;;;SFR_COLL;DSP_MAJ_IRISE;;;OR21;OR1;OR21;CST;MCO;OK;03/04/2024;03/04/2024;C;OPT;C;DI;RF29;24;22;2;4;;5;734,7339;;;03/04/2024;;;;
4609400;TERRITOIRE;IRS - JAURES-PORT/QUAI ERIC TABARLY;;;SFR_COLL;DSP_MAJ_IRISE;;;OR21;OR1;OR21;CST;MCO;OK;14/09/2005;14/09/2005;C;OPT;C;LH;RF40;144;67;77;12;;4;745,3087;;;14/09/2005;;;;
4629853;TERRITOIRE;IRS - 48FO - GABRIEL PERI / ARMOIRE DE RUE 2 - AA;;;SFR_COLL;DSP_MAJ_IRISE;;;OR21;OR1;OR21;CST;MCO;OK;06/01/2009;06/01/2009;C;OPT;C;TR;RF60;48;42;6;8;;4;128,6773;;;06/01/2009;;;;
4624271;HORS TERRITOIRE;IRS - 48FO - CHOPIN SUNGARD / POP SUNGARD BAT2 - AA;;;SFR_COLL;DSP_MAJ_IRISE;;;OR21;OR1;OR21;CST;MCO;OK;04/06/2008;04/06/2008;C;OPT;C;TR;RF19;48;40;8;4;;4;135,7383;;;04/06/2008;;;;
28875301;TERRITOIRE;IRS - 12FO - FT 256 - ANGLE AV R.SALENGRO_RUE ANATOLE France / POP MAIRIE CHAVILLE;;;SFR_COLL;DSP_MAJ_IRISE;;;OR21;OR1;OR21;CST;MCO;OK;11/01/2022;11/01/2022;C;OPT;C;DI;RF131;12;12;0;2;;4;198,3086;;;11/01/2022;;;;
18472677;TERRITOIRE;IRS - 36 FO - FT 82 - 71 AVENUE DU GENERAL DE GAULLE / N-1 MAIRIE DE ST MANDE;;;SFR_COLL;DSP_MAJ_IRISE;;;OR21;OR1;OR21;CST;MCO;OK;22/05/2020;22/05/2020;C;OPT;C;TR;RF50;36;36;0;3;;4;685,0924;;;22/05/2020;;;;
17910130;TERRITOIRE;IRS - 144 FO - FT 2297 -  PLACE DES TILLEULS / N-1 ST MAUR CHERON;;;SFR_COLL;DSP_MAJ_IRISE;;;OR21;OR1;OR21;CST;MCO;OK;31/03/2020;31/03/2020;C;OPT;C;LH;RF22;144;144;0;12;;4;1047,0433;;;31/03/2020;;;;
24196596;TERRITOIRE;IRS - FT778 - PLACE DE LA LIBERATION (SCEAUX) - BPE 1/N-1 FT1062 - 30 RUE DU DOCTEUR ROUX (SCEAUX) - BPE 1;;;SFR_COLL;DSP_MAJ_IRISE;;;OR21;OR1;OR21;CST;MCO;OK;16/06/2021;16/06/2021;C;OPT;C;TR;RF33;48;46;2;4;;5;71,3667;;;16/06/2021;;;;
29211618;TERRITOIRE;12 FO IRS - POP ANTENNE DIABOLO MONTREUIL  / FT 818  RUE DE VINCENNES (MONTREUIL);;;SFR_COLL;DSP_MAJ_IRISE;;;OR21;OR1;OR21;CST;MCO;OK;27/01/2022;27/01/2022;C;OPT;C;DI;RF27;12;8;4;2;;5;71,2400;;;27/01/2022;;;;
8453361;TERRITOIRE;IRS - 144 FO - AV DU GENERAL DE GAULE/IRS - ALSACE LORRAINE;;;SFR_COLL;DSP_MAJ_IRISE;;;OR21;OR1;OR21;CST;MCO;OK;30/07/2014;30/07/2014;C;OPT;C;LH;RF22;144;100;44;12;;4;562,3587;;;30/07/2014;;;;
42151459;TERRITOIRE;IRS - 12FO - FT 101 - 26 AVENUE DU PONT ROYAL / FT 91 - AVENUE ARISTIDE BRIAND;;;SFR_COLL;DSP_MAJ_IRISE;;;OR21;OR1;OR21;CST;MCO;OK;06/12/2023;06/12/2023;C;OPT;C;DI;RF27;12;10;2;2;;5;120,2223;;;06/12/2023;;;;
33963313;TERRITOIRE;IRS - 72FO - RUE DE TOULOUSE/21 AV. PAUL VAILLANT COUTURIER (LE BLANC-MESNIL);;;SFR_COLL;DSP_MAJ_IRISE;;;OR21;OR1;OR21;CST;MCO;OK;28/05/2004;28/05/2004;C;OPT;C;TR;RF16;72;23;49;6;;4;568,4856;;;28/05/2004;;;;
4604069;HORS TERRITOIRE;IRS - QUAI DE STALINGRAD-ROUGET DE L'ISLE/QUAI ROOSVELT ISSY LES MOULINEAUX;;;SFR_COLL;DSP_MAJ_IRISE;;;OR21;OR1;OR21;CST;MCO;OK;10/07/2009;10/07/2009;C;OPT;C;TR;RF16;72;44;28;6;;4;132,1603;;;10/07/2009;;;;
4613108;TERRITOIRE;IRS - DOCTEUR ROUX-LUGO/AVENUE DU 8 MAI-LUGO VITRY;;;SFR_COLL;DSP_MAJ_IRISE;;;OR21;OR1;OR21;CST;MCO;OK;16/05/2006;16/05/2006;C;OPT;C;TR;RF16;72;31;41;6;;4;368,5261;;;16/05/2006;;;;
4604730;TERRITOIRE;IRS - 48FO - N-1 URA MASSY - ANGLE AVENUE DU PRESIDENT KENNEDY x RUE DE LONDRES / AV DE LA GARE PK19120;;;SFR_COLL;DSP_MAJ_IRISE;;;OR21;OR1;OR21;CST;MCO;OK;01/01/2004;01/01/2004;C;OPT;C;TR;RF19;48;38;10;4;;4;1072,2127;;;01/01/2004;;;;
4636425;TERRITOIRE;IRS - 24FO - PLACE GAULLE BOBET / PRC INEO 10 BOBET;;;SFR_COLL;DSP_MAJ_IRISE;;;OR21;OR1;OR21;CST;MCO;OK;02/02/2011;02/02/2011;C;OPT;C;DI;RF15;24;20;4;4;;4;26,3110;;;02/02/2011;;;;
4607892;TERRITOIRE;IRS-PK 85690 VILLENEUVE LE ROI/ANGLE PAINLEVE CARNOT;;;SFR_COLL;DSP_MAJ_IRISE;;;OR21;OR1;OR21;CST;MCO;OK;18/10/2005;18/10/2005;C;OPT;C;LH;RF21;144;53;91;12;;145;18,4195;;;18/10/2005;;;;
4642556;TERRITOIRE;IRS - 36FO - AVE DU 8 MAI/_PICASSO/N-1 POP FTTS CHOISY LE ROI GARE;;;SFR_COLL;DSP_MAJ_IRISE;;;OR21;OR1;OR21;CST;MCO;OK;09/05/2012;09/05/2012;C;OPT;C;TR;RF42;36;31;5;6;;4;647,5274;;;09/05/2012;;;;
15570347;TERRITOIRE;IRIS 36 FO - FT 898 - 108 RUE EDOUARD VAILLANT / FT 138 - 76 BOULEVARD D AULNAY;;;SFR_COLL;DSP_MAJ_IRISE;;;OR21;OR1;OR21;CST;MCO;OK;16/08/2019;16/08/2019;C;OPT;C;TR;RF50;36;36;0;3;;4;1635,7705;;;16/08/2019;;;;
44566177;TERRITOIRE;IRS - 12FO - CH SAT SECURISEE CAM07_FT92 / POP LA NORMANDIE A PARIS LES PAVILLONS SOUS BOIS - AA;;;SFR_COLL;DSP_MAJ_IRISE;;;OR21;OR1;OR21;CST;MCO;OK;29/04/2024;29/04/2024;C;OPT;C;DI;RF130;12;11;1;1;;5;69,1057;;;29/04/2024;;;;
4607395;TERRITOIRE;IRS - 48FO -- RUE GARDEBLED_PERI/RUE GABRIEL PERI_PLACE EMILE ZOLA;;;SFR_COLL;DSP_MAJ_IRISE;;;OR21;OR1;OR21;CST;MCO;OK;20/05/2005;20/05/2005;C;OPT;C;TR;RF47;48;38;10;4;;4;138,6649;;;20/05/2005;;;;
44101858;TERRITOIRE;IRS - 24FO - FT1221 - RUE AMBROISE CROIZAT / FT685 - RUE RENE THIBERT;;;SFR_COLL;DSP_MAJ_IRISE;;;OR21;OR1;OR21;CST;MCO;OK;29/03/2024;29/03/2024;C;OPT;C;DI;RF29;24;22;2;4;;5;396,1391;;;29/03/2024;;;;
4629732;TERRITOIRE;IRS - 72FO - ANNEXE MAIRIE/N-1 MAIRIE LIVRY-GARGAN;;;SFR_COLL;DSP_MAJ_IRISE;;;OR21;OR1;OR21;CST;MCO;OK;13/08/2012;13/08/2012;C;OPT;C;TR;RF16;72;68;4;6;;4;59,4303;;;13/08/2012;;;;
4641490;TERRITOIRE;IRS - 36FO - AVENUE DU 8 MAI / LUGO IRISE/N-1 CHOISY LE ROI A86;;;SFR_COLL;DSP_MAJ_IRISE;;;OR21;OR1;OR21;CST;MCO;OK;21/02/2012;21/02/2012;C;OPT;C;TR;RF42;36;32;4;6;;4;262,1860;;;21/02/2012;;;;
7335617;TERRITOIRE;IRS - 48FO - MEDIATHEQUE BAGNOLET MARCEAU / N-1 MEDIATHEQUE BAGNOLET - AB;;;SFR_COLL;DSP_MAJ_IRISE;;;OR21;OR1;OR21;CST;MCO;OK;26/09/2013;26/09/2013;C;OPT;C;TR;RF60;48;4;44;8;;4;9,4868;;;26/09/2013;;;;
4609429;TERRITOIRE;IRS - 144FO - BRIAND OHRESSER /1 BOULEVARD ARISTIDE BRIAND ( CHAMPIGNY-SUR-MARNE );;;SFR_COLL;DSP_MAJ_IRISE;;;OR21;OR1;OR21;CST;MCO;OK;27/05/2005;27/05/2005;C;OPT;C;LH;RF40;144;75;69;12;;4;945,8380;;;27/05/2005;;;;
4609787;TERRITOIRE;IRS - 12FO - GAMBETTA LAHAYE/CENTRE ADMINISTRATIF BAGNOLET;;;SFR_COLL;DSP_MAJ_IRISE;;;OR21;OR1;OR21;CST;MCO;OK;04/01/2006;04/01/2006;C;OPT;C;DI;RF14;12;10;2;2;;4;106,7454;;;04/01/2006;;;;
16697321;TERRITOIRE;IRS - 144 FO - FT 821 - 31 RUE GAULTIER / FT 1088 - 43 RUE HOCHE COURBEVOIE;;;SFR_COLL;DSP_MAJ_IRISE;;;OR21;OR1;OR21;CST;MCO;OK;05/12/2019;05/12/2019;C;OPT;C;LH;RF22;144;144;0;12;;4;817,9785;;;05/12/2019;;;;
4637395;TERRITOIRE;NE PLUS UTILISER - IRS - 72 FO - REAUMUR-PAPIN/AV DU GAL DE GAULE;;;SFR_COLL;DSP_MAJ_IRISE;;;OR21;OR1;OR21;CST;MCO;OK;30/11/2010;30/11/2010;C;OPT;C;TR;RF28;72;70;2;6;;4;676,9491;;;30/11/2010;;;;
33995937;TERRITOIRE;IRS - 144 FO - FT873 - 62 BOULEVARD JEAN JAURES / 5 AV DU CONSUL GENERAL NORDLING;;;SFR_COLL;DSP_MAJ_IRISE;;;OR21;OR1;OR21;CST;MCO;OK;23/09/2022;23/09/2022;C;OPT;C;LH;RF22;144;143;1;12;;4;1081,2837;;;23/09/2022;;;;
4614662;TERRITOIRE;IRS - 48FO - VERDUN-CLAVIZIS (BONNEUIL SUR MARNE)/IRS VERDUN/ALLENDE;;;SFR_COLL;DSP_MAJ_IRISE;;;OR21;OR1;OR21;CST;MCO;OK;27/09/2007;27/09/2007;C;OPT;C;TR;RF19;48;15;33;4;;4;237,2086;;;27/09/2007;;;;
12806732;TERRITOIRE;IRS - 12 FO - 116 RUE AMBROISE CROIZAT (VILLEJUIF) / POP LA MUSARDIERE VILLEJUIF - AA;;;SFR_COLL;DSP_MAJ_IRISE;;;OR21;OR1;OR21;CST;MCO;OK;27/04/2018;27/04/2018;C;OPT;C;DI;RF37;12;6;6;2;;5;315,8721;;;27/04/2018;;;;
4603520;TERRITOIRE;IRS - 72FO - RFF - PASSAGE DE PICARDIE/VERS LDO 0201 - IRS A CONFIRMER;;;SFR_COLL;DSP_MAJ_IRISE;;;OR21;OR1;OR21;CST;MCO;OK;28/05/2004;28/05/2004;C;OPT;C;TR;RF18;72;34;38;6;;145;1704,5950;;;28/05/2004;;;;
4599220;TERRITOIRE;IRS - 48 OU 72 - PLACE DU CLOS MONTHOLON / 53 BD STALINGTAD - ADD POP AMEX SPIE;;;SFR_COLL;DSP_MAJ_IRISE;;;OR21;OR1;OR21;CST;MCO;OK;11/02/2005;11/02/2005;C;OPT;C;TR;RF19;48;48;0;4;;4;150,9338;;;11/02/2005;;;;
4638863;TERRITOIRE;IRS - 12 FO BREAK OUT - IRS RUE MARITON-DIEUMEGARD/LT SS COFFRET COMPLETEL - AC;;;SFR_COLL;DSP_MAJ_IRISE;;;OR21;OR1;OR21;CST;MCO;OK;05/10/2011;05/10/2011;C;OPT;C;DI;RF14;12;10;2;2;;4;80,7469;;;05/10/2011;;;;
4611263;TERRITOIRE;IRS-FRUITIERS CAMPRA/IMMEUBLE ARCELOR (SAINT DENIS);;;SFR_COLL;DSP_MAJ_IRISE;;;OR21;OR1;OR21;CST;MCO;OK;10/02/2006;10/02/2006;C;OPT;C;TR;RF19;48;42;6;4;;4;244,3143;;;10/02/2006;;;;
4602594;HORS TERRITOIRE;IRS - 16 RUE STE CLAIRE DEVILLE/RUE MONIER NANTERRE;;;SFR_COLL;DSP_MAJ_IRISE;;;OR21;OR1;OR21;CST;MCO;OK;22/04/2005;22/04/2005;C;OPT;C;TR;RF19;48;24;24;4;;4;591,0583;;;22/04/2005;;;;
12373793;HORS TERRITOIRE;IRS  - 12 FO - FT 1951 - RUE VICTOR HUGO  / FT 2322 - RUE M ROUSIER;;;SFR_COLL;DSP_MAJ_IRISE;;;OR21;OR1;OR21;CST;MCO;OK;11/01/2018;11/01/2018;C;OPT;C;DI;RF27;12;11;1;2;;5;460,5421;;;11/01/2018;;;;
4632364;TERRITOIRE;IRS - 24FO - BI/POP COLLEGE_CHEVREUL (D22);;;SFR_COLL;DSP_MAJ_IRISE;;;OR21;OR1;OR21;CST;MCO;OK;22/07/2009;22/07/2009;C;OPT;C;DI;RF15;24;20;4;4;;4;22,0905;;;22/07/2009;;;;
4606008;HORS TERRITOIRE;IRS-QUAI DE SEINE/RUE DE LA PRAIRIE;;;SFR_COLL;DSP_MAJ_IRISE;;;OR21;OR1;OR21;CST;MCO;OK;15/02/2006;15/02/2006;C;OPT;C;LH;RF51;288;245;43;24;;102;1581,3322;;;15/02/2006;;;;
4616241;TERRITOIRE;IRS - 12FO - RUE ARCUEIL / POP RUNGIS MIAMI - AA;;;SFR_COLL;DSP_MAJ_IRISE;;;OR21;OR1;OR21;CST;MCO;OK;06/03/2009;06/03/2009;C;OPT;C;DI;RF14;12;2;10;2;;4;93,6924;;;06/03/2009;;;;
4845971;TERRITOIRE;IRS - 24FO - POP COMMUNAUTE PLAINE COMMUNE/ BPE RUE DU MONDIAL 1998 - BA;;;SFR_COLL;DSP_MAJ_IRISE;;;OR21;OR1;OR21;CST;MCO;OK;22/10/2012;22/10/2012;C;OPT;C;DI;RF105;24;22;2;2;;4;87,3696;;;22/10/2012;;;;
8506837;TERRITOIRE;IRS - 144 FO - LD - IRS - CHAMBRE 21A PLACE DE BELGIQUE / IRS - 77 BD REPUBLIQUE CH 12;;;SFR_COLL;DSP_MAJ_IRISE;;;OR21;OR1;OR21;CST;MCO;OK;21/08/2014;21/08/2014;C;OPT;C;LH;RF22;144;140;4;12;;4;212,7961;;;21/08/2014;;;;
4633201;TERRITOIRE;IRS - 24FO BI/POP SEMINAIRE_PRINCIPAL (D20);;;SFR_COLL;DSP_MAJ_IRISE;;;OR21;OR1;OR21;CST;MCO;OK;28/07/2009;28/07/2009;C;OPT;C;DI;RF15;24;22;2;4;;4;300,3178;;;28/07/2009;;;;
13114581;TERRITOIRE;IRS - IRISE 534 - 51 RUE H. BARBUSSE /RUE SEVERINE - AVENUE DE GOURNAY;;;SFR_COLL;DSP_MAJ_IRISE;;;OR21;OR1;OR21;CST;MCO;OK;25/07/2018;25/07/2018;C;OPT;C;DI;RF27;12;2;10;2;;5;242,6828;;;25/07/2018;;;;
4631225;TERRITOIRE;IRS - 24FO - 36 RUE ST DENIS/POP CCAS SAINT OUEN;;;SFR_COLL;DSP_MAJ_IRISE;;;OR21;OR1;OR21;CST;MCO;OK;09/04/2009;09/04/2009;C;OPT;C;DI;RF15;24;16;8;4;;4;147,5356;;;09/04/2009;;;;
4605321;TERRITOIRE;IRS - 144FO - JAURES_VERDUN/IRS - SALENGRO_JAURES;;;SFR_COLL;DSP_MAJ_IRISE;;;OR21;OR1;OR21;CST;MCO;OK;30/01/2001;30/01/2001;C;OPT;C;LH;RF22;144;93;51;12;;4;160,5153;;;30/01/2001;;;;
4605884;TERRITOIRE;IRS - 72FO - RUE BENSERADE/RUE ALLENDE;;;SFR_COLL;DSP_MAJ_IRISE;;;OR21;OR1;OR21;CST;MCO;OK;28/04/2004;28/04/2004;C;OPT;C;TR;RF16;72;70;2;6;;4;106,7022;;;28/04/2004;;;;
4610009;TERRITOIRE;IRS - 48FO - WILSON-PRESSENCE IRISE/1 RUE FRANCIS DE PRESSENCE;;;SFR_COLL;DSP_MAJ_IRISE;;;OR21;OR1;OR21;CST;MCO;OK;13/09/2005;13/09/2005;C;OPT;C;TR;RF12;48;30;18;6;;5;86,7501;;;13/09/2005;;;;
16653173;TERRITOIRE;IRS - 48 FO - FT231 / FT353;;;SFR_COLL;DSP_MAJ_IRISE;;;OR21;OR1;OR21;CST;MCO;OK;02/12/2019;02/12/2019;C;OPT;C;TR;RF20;48;48;0;8;;5;450,7849;;;02/12/2019;;;;
8357059;HORS TERRITOIRE;IRS - 72FO - LD - IRS - FT 8 RUE JULIEN ADASON / TD_VELIZY N_33 PT;;;SFR_COLL;DSP_MAJ_IRISE;;;OR21;OR1;OR21;CST;MCO;OK;02/07/2014;02/07/2014;C;OPT;C;TR;RF28;72;68;4;6;;4;662,9615;;;02/07/2014;;;;
4605326;TERRITOIRE;IRS - 144FO - BELBEOCH/KENNEDY-LECLERC;;;SFR_COLL;DSP_MAJ_IRISE;;;OR21;OR1;OR21;CST;MCO;OK;30/01/2001;30/01/2001;C;OPT;C;LH;RF56;144;32;112;12;;4;764,6452;;;30/01/2001;;;;
4631509;TERRITOIRE;IRS - 24FO BI/POP RCE_FLOREAL (DXX);;;SFR_COLL;DSP_MAJ_IRISE;;;OR21;OR1;OR21;CST;MCO;OK;27/07/2009;27/07/2009;C;OPT;C;DI;RF15;24;22;2;4;;4;26,0768;;;27/07/2009;;;;
4622662;TERRITOIRE;IRS - 24FO - AV TASSIGNY / PRC INEO 11 TASSIGNY;;;SFR_COLL;DSP_MAJ_IRISE;;;OR21;OR1;OR21;CST;MCO;OK;03/02/2011;03/02/2011;C;OPT;C;DI;RF15;24;22;2;4;;4;17,8885;;;03/02/2011;;;;
6365015;HORS TERRITOIRE;IRS - 144FO - PT2 ROUTE DE PARIS A DIEPPE (OSNY) / PT3 ROUTE DE PARIS A DIEPPE (OSNY);;;SFR_COLL;DSP_MAJ_IRISE;;;OR21;OR1;OR21;CST;MCO;OK;14/05/2013;14/05/2013;C;OPT;C;LH;RF22;144;141;3;12;;4;19,4971;;;14/05/2013;;;;
6936867;TERRITOIRE;IRS - 144FO - AVENUE ARISTIDE BRIAND - AVENUE MARCEL CACHIN / IRS - 9 RUE PIERRE GEYSER;;;SFR_COLL;DSP_MAJ_IRISE;;;OR21;OR1;OR21;CST;MCO;OK;08/07/2013;08/07/2013;C;OPT;C;LH;RF22;144;139;5;12;;4;764,7639;;;08/07/2013;;;;
4634673;TERRITOIRE;IRS - 24FO - N-1 MEDIATHEQUE / MEDITHEQUE BAGNOLET - AA;;;SFR_COLL;DSP_MAJ_IRISE;;;OR21;OR1;OR21;CST;MCO;OK;26/01/2011;26/01/2011;C;OPT;C;DI;RF15;24;14;10;4;;4;9,4868;;;26/01/2011;;;;
4631010;TERRITOIRE;IRS - 72 FO - ANGLE ORLY COUTURE / N-1 BAT MILAN;;;SFR_COLL;DSP_MAJ_IRISE;;;OR21;OR1;OR21;CST;MCO;OK;26/05/2011;26/05/2011;C;OPT;C;TR;RF16;72;72;0;6;;4;141,3647;;;26/05/2011;;;;
4603957;TERRITOIRE;IRS - QUAI VICTOR HUGO/PLACE LENINE;;;SFR_COLL;DSP_MAJ_IRISE;;;OR21;OR1;OR21;CST;MCO;OK;28/06/2004;28/06/2004;C;OPT;C;TR;RF19;48;48;0;4;;4;539,7948;;;28/06/2004;;;;
4616390;TERRITOIRE;IRS-  48FO - GABRIEL PERI_PLACE EMILE ZOLA/RUE LEON BLUM;;;SFR_COLL;DSP_MAJ_IRISE;;;OR21;OR1;OR21;CST;MCO;OK;09/10/2007;09/10/2007;C;OPT;C;TR;RF47;48;48;0;4;;4;719,4793;;;09/10/2007;;;;
4634983;TERRITOIRE;IRS - 24 FO POP MINEFI MONTREUIL/FEDERATION MONTREUIL - AA;;;SFR_COLL;DSP_MAJ_IRISE;;;OR21;OR1;OR21;CST;MCO;OK;05/05/2010;05/05/2010;C;OPT;C;DI;RF15;24;24;0;4;;4;22,8037;;;05/05/2010;;;;
4613533;HORS TERRITOIRE;IRS-RUE GOUJON/N-1 MAIRIE GARGES LES GONESSES;;;SFR_COLL;DSP_MAJ_IRISE;;;OR21;OR1;OR21;CST;MCO;OK;25/05/2007;25/05/2007;C;OPT;C;TR;RF19;48;42;6;4;;4;192,3498;;;25/05/2007;;;;
4609234;TERRITOIRE;IRS - 36FO - N-1 MAIRIE CHAVILLE/ N-1 POP FTTS CHAVILLE;;;SFR_COLL;DSP_MAJ_IRISE;;;OR21;OR1;OR21;CST;MCO;OK;17/01/2012;17/01/2012;C;OPT;C;TR;RF42;36;32;4;6;;4;1172,7657;;;17/01/2012;;;;
9864673;TERRITOIRE;IRS - 36 FO - POP CG94 IMM_SOLIDARITES/N-1 CG94 IMM_SOLIDARITES - AA;;;SFR_COLL;DSP_MAJ_IRISE;;;OR21;OR1;OR21;CST;MCO;OK;22/04/2016;22/04/2016;C;OPT;C;TR;RF147;36;22;14;6;;5;35,6641;;;22/04/2016;;;;
7049814;TERRITOIRE;IRS - 144FO - FT 347 - IRS - SENTIER DU MARTRAY / IRS - RUE MAUREPAS;;;SFR_COLL;DSP_MAJ_IRISE;;;OR21;OR1;OR21;CST;MCO;OK;16/07/2013;16/07/2013;C;OPT;C;LH;RF22;144;140;4;12;;4;501,6644;;;16/07/2013;;;;
4601476;TERRITOIRE;IRS - 48FO FRETTES_1_&_MAIRIE (D45'D46)/POLYATHAS (D94);;;SFR_COLL;DSP_MAJ_IRISE;;;OR21;OR1;OR21;CST;MCO;OK;21/07/2009;21/07/2009;C;OPT;C;TR;RF19;48;46;2;4;;4;237,6188;;;21/07/2009;;;;
4596416;TERRITOIRE;IRS - 72FO - N-1 MAIRIE SURESNES/ VAL D'OR_DASSAULT;;;SFR_COLL;DSP_MAJ_IRISE;;;OR21;OR1;OR21;CST;MCO;OK;15/05/2009;15/05/2009;C;OPT;C;TR;RF16;72;63;9;6;;4;1614,9059;;;15/05/2009;;;;
4602432;TERRITOIRE;IRS - 12FO - BRETON-PRESSENCE/POP EUROSTADE ZAC DU LANDY - AA;;;SFR_COLL;DSP_MAJ_IRISE;;;OR21;OR1;OR21;CST;MCO;OK;10/02/2004;10/02/2004;C;OPT;C;DI;RF38;12;3;9;1;;4;173,7557;;;10/02/2004;;;;
42169377;TERRITOIRE;12 FO - IRS - FT 681  RUE AVENUE BERTHELOT / POP SALLE DE SPORT MARCELLIN BERTHLEOT MONTREUIL - AA;;;SFR_COLL;DSP_MAJ_IRISE;;;OR21;OR1;OR21;CST;MCO;OK;07/12/2023;07/12/2023;C;OPT;C;DI;RF27;12;10;2;2;;5;125,0706;;;07/12/2023;;;;
22866674;TERRITOIRE;IRS - 12FO - FT595 - 15 RUE DELPECHE / POP THEATRE LA NOUE MONTREUIL - AA;;;SFR_COLL;DSP_MAJ_IRISE;;;OR21;OR1;OR21;CST;MCO;OK;25/03/2021;25/03/2021;C;OPT;C;DI;RF27;12;8;4;2;;5;361,0275;;;25/03/2021;;;;
4632025;TERRITOIRE;IRS - 12 FO - FTTS CHEVILLY LARUE (SAUSSAIE)/BI 220 AVENUE DE STALNGRAD (CHEVILLY LARUE) - AA;;;SFR_COLL;DSP_MAJ_IRISE;;;OR21;OR1;OR21;CST;MCO;OK;13/03/2012;13/03/2012;C;OPT;C;DI;RF38;12;12;0;1;;4;11,0000;;;13/03/2012;;;;
4604945;TERRITOIRE;IRS - ALBERT FRANCON/GALLIENI SENTIER DU FORT;;;SFR_COLL;DSP_MAJ_IRISE;;;OR21;OR1;OR21;CST;MCO;OK;24/03/2005;24/03/2005;C;OPT;C;TR;RF16;72;28;44;6;;4;708,8670;;;24/03/2005;;;;
4600308;TERRITOIRE;IRS - 72FO BD MELIES/DE GAULLE;;;SFR_COLL;DSP_MAJ_IRISE;;;OR21;OR1;OR21;CST;MCO;OK;01/01/2002;01/01/2002;C;OPT;C;TR;RF16;72;15;57;6;;4;2620,2592;;;01/01/2002;;;;
4634289;TERRITOIRE;IRS - 24FO -  N-1 SEMECO/LT POP CPS - AA;;;SFR_COLL;DSP_MAJ_IRISE;;;OR21;OR1;OR21;CST;MCO;OK;16/02/2010;16/02/2010;C;OPT;C;DI;RF24;24;24;0;2;;4;88,2138;;;16/02/2010;;;;
4594520;TERRITOIRE;IRS - 48FO - PARC DES ANCIENNES MAIRIES/RUE V HUGO-RUE PASCAL NANTERRE;;;SFR_COLL;DSP_MAJ_IRISE;;;OR21;OR1;OR21;CST;MCO;OK;10/11/2004;10/11/2004;C;OPT;C;TR;RF19;48;40;8;4;;4;518,7133;;;10/11/2004;;;;
7681507;TERRITOIRE;IRS - 24FO - RUE DE LA COUTURE BPE 1/BRUGES;;;SFR_COLL;DSP_MAJ_IRISE;;;OR21;OR1;OR21;CST;MCO;OK;08/01/2014;08/01/2014;C;OPT;C;DI;RF30;24;22;2;4;;4;118,2469;;;08/01/2014;;;;
4605493;TERRITOIRE;IRS - 34 AVENUE DE LA DIVISION LECLERC/35 AV HENRI BARBUSSE L'HAYE LES ROSES;;;SFR_COLL;DSP_MAJ_IRISE;;;OR21;OR1;OR21;CST;MCO;OK;01/03/2006;01/03/2006;C;OPT;C;TR;RF16;72;19;53;6;;4;979,5777;;;01/03/2006;;;;
7847281;TERRITOIRE;IRS - RUE DE LA MONTJOIE/LT AB PROD -AB;;;SFR_COLL;DSP_MAJ_IRISE;;;OR21;OR1;OR21;CST;MCO;OK;20/02/2014;20/02/2014;C;OPT;C;DI;RF105;24;20;4;2;;4;556,2205;;;20/02/2014;;;;
4625305;TERRITOIRE;IRS - 12FO - 30 ETIENNE MONTGOLFIER / PRC CAMERA 1 ROSNY;;;SFR_COLL;DSP_MAJ_IRISE;;;OR21;OR1;OR21;CST;MCO;OK;06/01/2009;06/01/2009;C;OPT;C;DI;RF38;12;10;2;1;;4;220,6162;;;06/01/2009;;;;
28875300;TERRITOIRE;IRS - 144FO - FT 256 - ANGLE AV R.SALENGRO_RUE ANATOLE France (Chaville) / N-1 POP CHAVILLE;;;SFR_COLL;DSP_MAJ_IRISE;;;OR21;OR1;OR21;CST;MCO;OK;11/01/2022;11/01/2022;C;OPT;C;LH;RF22;144;144;0;12;;4;163,2489;;;11/01/2022;;;;
4609794;TERRITOIRE;IRS - VERDUN-CLAVIZIS/MEDIATHEQUE DE BONNEUIL SUR MARNE;;;SFR_COLL;DSP_MAJ_IRISE;;;OR21;OR1;OR21;CST;MCO;OK;29/07/2005;29/07/2005;C;OPT;C;DI;RF72;12;4;8;1;;4;30,1876;;;29/07/2005;;;;
4632274;TERRITOIRE;IRS - 24FO - BI/POP CEN_GEOTH_HAY_LES_ROSES (C02)_2;;;SFR_COLL;DSP_MAJ_IRISE;;;OR21;OR1;OR21;CST;MCO;OK;22/07/2009;22/07/2009;C;OPT;C;DI;RF15;24;10;14;4;;4;24,3452;;;22/07/2009;;;;
4611619;TERRITOIRE;BPE 2 ESSEN/LT CARDIF RUNGIS;;;SFR_COLL;DSP_MAJ_IRISE;;;OR21;OR1;OR21;CST;MCO;OK;06/02/2006;06/02/2006;C;OPT;C;DI;RF14;12;8;4;2;;4;69,8465;;;06/02/2006;;;;
4622761;TERRITOIRE;IRS - 24-FO-BI MADRID /RUNGIS MADRID-AA;;;SFR_COLL;DSP_MAJ_IRISE;;;OR21;OR1;OR21;CST;MCO;OK;09/07/2009;09/07/2009;C;OPT;C;DI;RF24;24;23;1;2;;4;52,8245;;;09/07/2009;;;;
22756265;TERRITOIRE;IRS - 36FO - POP GS ROBESPIERRE / IRS - 90 RUE FRANCOIS MILLET - BPE1;;;SFR_COLL;DSP_MAJ_IRISE;;;OR21;OR1;OR21;CST;MCO;OK;17/03/2021;17/03/2021;C;OPT;C;TR;RF147;36;36;0;6;;5;270,1104;;;17/03/2021;;;;
4633073;TERRITOIRE;IRS - 24FO - RUE DU CASTEL MARLY/POP MARCHE DU CENTRE - AA;;;SFR_COLL;DSP_MAJ_IRISE;;;OR21;OR1;OR21;CST;MCO;OK;08/04/2010;08/04/2010;C;OPT;C;DI;RF105;24;20;4;2;;4;150,0047;;;08/04/2010;;;;
12373794;HORS TERRITOIRE;IRS - 12 FO - FT 1951 - RUE VICTOR HUGO / POP TRIBUNAL DE GRANDE INSTANCE PONTOISE -AA;;;SFR_COLL;DSP_MAJ_IRISE;;;OR21;OR1;OR21;CST;MCO;OK;11/01/2018;11/01/2018;C;OPT;C;DI;RF27;12;11;1;2;;5;34,6177;;;11/01/2018;;;;
8356089;HORS TERRITOIRE;IRS - 72FO - LD - IRS - FT 776 - RUE BEAUVINON / IRS - FT 214 - RUE BEAUVINON;;;SFR_COLL;DSP_MAJ_IRISE;;;OR21;OR1;OR21;CST;MCO;OK;02/07/2014;02/07/2014;C;OPT;C;TR;RF28;72;70;2;6;;4;861,1188;;;02/07/2014;;;;
7428626;HORS TERRITOIRE;IRS - 48FO - AV DU MARECHAL LECLERC/RUE DE CHAMPIGNY-RUE D HOUIN - 2;;;SFR_COLL;DSP_MAJ_IRISE;;;OR21;OR1;OR21;CST;MCO;OK;28/04/2004;28/04/2004;C;OPT;C;TR;RF80;48;16;32;8;;4;108,8863;;;28/04/2004;;;;
33186339;TERRITOIRE;IRS - 12 FO - POP ECOLE ROBILLARD LES PAVILLONS SOUS BOIS / POP ECOLE MONCEAU  PAVILLONS SOUS BOIS - AA;;;SFR_COLL;DSP_MAJ_IRISE;;;OR21;OR1;OR21;CST;MCO;OK;09/08/2022;09/08/2022;C;OPT;C;DI;RF27;12;10;2;2;;5;774,8145;;;09/08/2022;;;;
27629858;TERRITOIRE;12 FO - IRISE - N-1 HOTEL DE VILLE (LES LILAS) - BPE 1 / POP HOTEL DE VILLE LES LILAS;;;SFR_COLL;DSP_MAJ_IRISE;;;OR21;OR1;OR21;CST;MCO;OK;25/11/2021;25/11/2021;C;OPT;C;DI;RF27;12;10;2;2;;5;52,5714;;;25/11/2021;;;;
7340435;HORS TERRITOIRE;IRS - 36 FO - 14 RUE JACOB (RUEIL MALMAISON) / POP NOVOTEL MERCURE (RUEIL MALMAISON) - AA;;;SFR_COLL;DSP_MAJ_IRISE;;;OR21;OR1;OR21;CST;MCO;OK;27/09/2013;27/09/2013;C;OPT;C;TR;RF26;36;36;0;6;;4;33,0920;;;27/09/2013;;;;
14233635;TERRITOIRE;IRS - BAG 144FO - NEW JULES FERRY PK 3703 (LA COURNEUVE) - BPE 1 /BPE2;;;SFR_COLL;DSP_MAJ_IRISE;;;OR21;OR1;OR21;CST;MCO;OK;25/02/2019;25/02/2019;C;OPT;C;LH;RF22;144;140;4;12;;4;13,8751;;;25/02/2019;;;;
4608638;HORS TERRITOIRE;IRS - ALLEE JEAN RENOIR/CNAV NOISY - AA;;;SFR_COLL;DSP_MAJ_IRISE;;;OR21;OR1;OR21;CST;MCO;OK;20/05/2005;20/05/2005;C;OPT;C;DI;RF14;12;10;2;2;;4;19,6469;;;20/05/2005;;;;
4603031;TERRITOIRE;IRS - 48FO - ANGLE DE GAULLE_LIEGE/N-1 MAIRIE DE ST MANDE;;;SFR_COLL;DSP_MAJ_IRISE;;;OR21;OR1;OR21;CST;MCO;OK;23/04/2010;23/04/2010;C;OPT;C;TR;RF19;48;48;0;4;;4;246,3467;;;23/04/2010;;;;
4609431;TERRITOIRE;IRS - 48FO - ADAMOV REPUBLIQUE/D30 AV DE LA REPUBLIQUE (CHAMPIGNY);;;SFR_COLL;DSP_MAJ_IRISE;;;OR21;OR1;OR21;CST;MCO;OK;30/05/2005;30/05/2005;C;OPT;C;TR;RF19;48;20;28;4;;4;89,3917;;;30/05/2005;;;;
4594124;TERRITOIRE;IRS - 144FO - 243 AV.JEAN JAURES (TELCITE PK 7476)/AV SEMARD-BD THOREZ;;;SFR_COLL;DSP_MAJ_IRISE;;;OR21;OR1;OR21;CST;MCO;OK;09/12/2003;09/12/2003;C;OPT;C;LH;RF122;144;12;132;12;;5;1167,7389;;;09/12/2003;;;;
4602560;HORS TERRITOIRE;IRS - 48FO - VERS ADD APHP EMILE ROUX (RUE PASTEUR)/RUE DE BREVANNES;;;SFR_COLL;DSP_MAJ_IRISE;;;OR21;OR1;OR21;CST;MCO;OK;28/04/2004;28/04/2004;C;OPT;C;TR;RF19;48;44;4;4;;4;1493,6531;;;28/04/2004;;;;
4596451;TERRITOIRE;IRS - 48FO - BD JULES GUESDE (TELCITE PK 760)/N-1 CAA LA PLAINE COLT;;;SFR_COLL;DSP_MAJ_IRISE;;;OR21;OR1;OR21;CST;MCO;OK;30/01/2001;30/01/2001;C;OPT;C;TR;RF19;48;16;32;4;;4;963,5125;;;30/01/2001;;;;
4625508;TERRITOIRE;IRS - 48FO - ST PIERRE_TROSY/ROUTE DU VIEUX CIMETIERE;;;SFR_COLL;DSP_MAJ_IRISE;;;OR21;OR1;OR21;CST;MCO;OK;12/01/2009;12/01/2009;C;OPT;C;TR;RF19;48;40;8;4;;4;140,8870;;;12/01/2009;;;;
22910501;HORS TERRITOIRE;IRS - 24FO -  FT801 - 28 CHEMIN DES PRUNAIS / POP SERVICE DES SPORTS VILLIERS SUR MARNE - AA;;;SFR_COLL;DSP_MAJ_IRISE;;;OR21;OR1;OR21;CST;MCO;OK;26/03/2021;26/03/2021;C;OPT;C;DI;RF29;24;18;6;4;;5;186,0423;;;26/03/2021;;;;
5620129;HORS TERRITOIRE;IRS - 72 FO - POP TRIANGLE CERGY / N-1 POP TRIANGLE CERGY - AA;;;SFR_COLL;DSP_MAJ_IRISE;;;OR21;OR1;OR21;CST;MCO;OK;06/02/2013;06/02/2013;C;OPT;C;TR;RF28;72;72;0;6;;4;478,7002;;;06/02/2013;;;;
5620132;HORS TERRITOIRE;IRS - 72 FO - N-1 POP TRIANGLE CERGY / IRS - AV DES BEGUINES;;;SFR_COLL;DSP_MAJ_IRISE;;;OR21;OR1;OR21;CST;MCO;OK;06/02/2013;06/02/2013;C;OPT;C;TR;RF28;72;56;16;6;;4;610,1553;;;06/02/2013;;;;
4611245;TERRITOIRE;BPE 5 ESSEN/LT VENISE RUNGIS - AA;;;SFR_COLL;DSP_MAJ_IRISE;;;OR21;OR1;OR21;CST;MCO;OK;06/02/2006;06/02/2006;C;OPT;C;DI;RF14;12;8;4;2;;4;322,6871;;;06/02/2006;;;;
4611516;TERRITOIRE;IRS - 79 BD PRESIDENT WILSON/ECOLE DE MUSIQUE ROMAINVILLE;;;SFR_COLL;DSP_MAJ_IRISE;;;OR21;OR1;OR21;CST;MCO;OK;03/11/2006;03/11/2006;C;OPT;C;DI;RF14;12;8;4;2;;4;43,4417;;;03/11/2006;;;;
29211617;TERRITOIRE;24 FO IRS - FT 818  RUE DE VINCENNES / FT 681  RUE AVENUE BERTHELOT  (MONTREUIL);;;SFR_COLL;DSP_MAJ_IRISE;;;OR21;OR1;OR21;CST;MCO;OK;27/01/2022;27/01/2022;C;OPT;C;DI;RF29;24;22;2;4;;5;201,8499;;;27/01/2022;;;;
4597580;TERRITOIRE;IRS - QUAI LEON BLUM (T10)/15 QUAI GNL GALLIENI;;;SFR_COLL;DSP_MAJ_IRISE;;;OR21;OR1;OR21;CST;MCO;OK;10/04/2002;10/04/2002;C;OPT;C;TR;RF42;36;20;16;6;;4;165,8608;;;10/04/2002;;;;
7222945;TERRITOIRE;IRS - 144 FO - ANGLE KARMAN_CHARRON / ANGLE D CASANOVA_ANGLE A HUZARD;;;SFR_COLL;DSP_MAJ_IRISE;;;OR21;OR1;OR21;CST;MCO;OK;22/08/2013;22/08/2013;C;OPT;C;LH;RF22;144;123;21;12;;4;733,1937;;;22/08/2013;;;;
45605219;TERRITOIRE;IRISE - 12FO FT775 - 75ALL. ROBILLARD LES PAVILLONS-SOUS-BOIS (ILE-DE-France)/ FT222 - 16 ALL. ROBILLARD LES PAVILLONS-SOUS-B (ILE-DE-France);;;SFR_COLL;DSP_MAJ_IRISE;;;OR21;OR1;OR21;CST;MCO;OK;03/07/2024;03/07/2024;C;OPT;C;DI;RF196;12;8;4;2;;4;350,5415;;;03/07/2024;;;;
4597529;HORS TERRITOIRE;IRS - 144FO - RFF - N-1 URA OBSERVATOIRE/RUE 11 NOVEMBRE 1918;;;SFR_COLL;DSP_MAJ_IRISE;;;OR21;OR1;OR21;CST;MCO;OK;09/06/2004;09/06/2004;C;OPT;C;LH;RF74;144;57;87;12;;100;6,7514;;;09/06/2004;;;;
4628936;TERRITOIRE;IRS - 48FO - SOLETS/MORVAN_BI - RUE DES CEVENNES;;;SFR_COLL;DSP_MAJ_IRISE;;;OR21;OR1;OR21;CST;MCO;OK;12/11/2009;12/11/2009;C;OPT;C;TR;RF19;48;47;1;4;;4;156,2464;;;12/11/2009;;;;
4613099;HORS TERRITOIRE;IRS - 72FO - PK103+950 MASSY/PK 103+250 CHAMPLAN;;;SFR_COLL;DSP_MAJ_IRISE;;;OR21;OR1;OR21;CST;MCO;OK;15/05/2006;15/05/2006;C;OPT;C;TR;RF41;72;32;40;6;;5;686,5921;;;15/05/2006;;;;
4607376;TERRITOIRE;IRS - BAG 24FO  CASS/FONTENAY AUX ROSES N??1 PT;;;SFR_COLL;DSP_MAJ_IRISE;;;OR21;OR1;OR21;CST;MCO;OK;03/09/2009;03/09/2009;C;OPT;C;DI;RF15;24;17;7;4;;4;40,4844;;;03/09/2009;;;;
4604643;TERRITOIRE;IRS - 144FO - FRERES VOISINS/PL DELATTRE DE TASSIGNY;;;SFR_COLL;DSP_MAJ_IRISE;;;OR21;OR1;OR21;CST;MCO;OK;29/04/2003;29/04/2003;C;OPT;C;LH;RF56;144;38;106;12;;4;1204,0243;;;29/04/2003;;;;
15515021;TERRITOIRE;IRISE - 24FO - N-1 ATELIERS ESPACES VERTS / BOULEVARD JEAN JAURES;;;SFR_COLL;DSP_MAJ_IRISE;;;OR21;OR1;OR21;CST;MCO;OK;07/08/2019;07/08/2019;C;OPT;C;DI;RF29;24;24;0;4;;5;110,3929;;;07/08/2019;;;;
4611624;TERRITOIRE;BPE 4 ESSEN/LT FLORENCE RUNGIS;;;SFR_COLL;DSP_MAJ_IRISE;;;OR21;OR1;OR21;CST;MCO;OK;06/02/2006;06/02/2006;C;OPT;C;DI;RF14;12;7;5;2;;4;77,8346;;;06/02/2006;;;;
10780980;TERRITOIRE;IRS - 36 FO - 20 RUE HIPPOLYTE PINSON / BPI POP FTTS HIPPOLYTE;;;SFR_COLL;DSP_MAJ_IRISE;;;OR21;OR1;OR21;CST;MCO;OK;31/05/2013;31/05/2013;C;OPT;C;TR;RF26;36;32;4;6;;4;52,9432;;;31/05/2013;;;;
18568084;TERRITOIRE;IRS - 36 FO - 12 RUE DE COULMIERS / FT 671 - ANGLE RUE HENRI DUNANT-AV KIEBER (NOGENT);;;SFR_COLL;DSP_MAJ_IRISE;;;OR21;OR1;OR21;CST;MCO;OK;28/05/2020;28/05/2020;C;OPT;C;TR;RF50;36;36;0;3;;4;879,1957;;;28/05/2020;;;;
4601470;TERRITOIRE;IRS - 48FO LGTS_A (D71)/LGTS_B (D72'D73);;;SFR_COLL;DSP_MAJ_IRISE;;;OR21;OR1;OR21;CST;MCO;OK;21/07/2009;21/07/2009;C;OPT;C;TR;RF19;48;46;2;4;;4;265,8751;;;21/07/2009;;;;
4604901;TERRITOIRE;IRS - 72FO MAISON_DES_SYNDIC/IMM_PYTHAGORE;;;SFR_COLL;DSP_MAJ_IRISE;;;OR21;OR1;OR21;CST;MCO;OK;03/08/2009;03/08/2009;C;OPT;C;TR;RF16;72;68;4;6;;4;81,0724;;;03/08/2009;;;;
4631998;TERRITOIRE;IRS - 72 FO CENTRE SOCIAL MARNAUDES/PHILIBERT HOFFMAN_FRERES LUMIERE -AA;;;SFR_COLL;DSP_MAJ_IRISE;;;OR21;OR1;OR21;CST;MCO;OK;02/03/2009;02/03/2009;C;OPT;C;TR;RF16;72;68;4;6;;4;169,9017;;;02/03/2009;;;;
4627978;TERRITOIRE;IRS - 288FO 50_LGTS_BEARN (D91)/ILOT_E1 (D51);;;SFR_COLL;DSP_MAJ_IRISE;;;OR21;OR1;OR21;CST;MCO;OK;16/07/2009;16/07/2009;C;OPT;C;LH;RF135;288;272;16;24;;36;423,1598;;;16/07/2009;;;;
4607559;TERRITOIRE;IRS - 48FO BI CHAUFFERIE_LES_SORBIERS (A06)/FOYER ALJT (D57);;;SFR_COLL;DSP_MAJ_IRISE;;;OR21;OR1;OR21;CST;MCO;OK;17/07/2009;17/07/2009;C;OPT;C;TR;RF19;48;44;4;4;;4;39,2646;;;17/07/2009;;;;
4614834;HORS TERRITOIRE;IRS - N-1 MAIRIE CLICHY SOUS-BOIS/POP MAIRIE CLICHY SOUS-BOIS;;;SFR_COLL;DSP_MAJ_IRISE;;;OR21;OR1;OR21;CST;MCO;OK;25/09/2007;25/09/2007;C;OPT;C;DI;RF15;24;22;2;4;;4;22,2048;;;25/09/2007;;;;
15476212;TERRITOIRE;IRS - 24 FO - ANGLE RUE CHARLES PEGUY/ RUE DU PRESIDENT ROBERT SCHUMANN / 35 AVENUE GEORGES CLEMENCEAU;;;SFR_COLL;DSP_MAJ_IRISE;;;OR21;OR1;OR21;CST;MCO;OK;01/08/2019;01/08/2019;C;OPT;C;DI;RF115;24;22;2;4;;5;167,0244;;;01/08/2019;;;;
15496404;TERRITOIRE;IRISE - 24 FO -  N-1 POP FETES ET CEREMONIES ROMAINVILLE / CAMERA ANGLE RUE DE ROMAINVILLE;;;SFR_COLL;DSP_MAJ_IRISE;;;OR21;OR1;OR21;CST;MCO;OK;05/08/2019;05/08/2019;C;OPT;C;DI;RF29;24;24;0;4;;5;91,4383;;;05/08/2019;;;;
12933225;TERRITOIRE;IRS - 72 FO - 84 RUE GABRIEL PERI/NEW CONVENTION PERI;;;SFR_COLL;DSP_MAJ_IRISE;;;OR21;OR1;OR21;CST;MCO;OK;05/06/2018;05/06/2018;C;OPT;C;TR;RF94;72;56;16;6;;5;273,0928;;;05/06/2018;;;;
4625843;TERRITOIRE;IRS - 48FO - RUE MARCEL DASSAULT / BPI SHISHEIDO;;;SFR_COLL;DSP_MAJ_IRISE;;;OR21;OR1;OR21;CST;MCO;OK;25/06/2008;25/06/2008;C;OPT;C;TR;RF19;48;46;2;4;;4;135,2431;;;25/06/2008;;;;
4605288;HORS TERRITOIRE;IRS - 144FO - RFF - LDO 0203/PARKING GARE VERT GALANT;;;SFR_COLL;DSP_MAJ_IRISE;;;OR21;OR1;OR21;CST;MCO;OK;26/06/2004;26/06/2004;C;OPT;C;LH;RF21;144;102;42;12;;145;25,7692;;;26/06/2004;;;;
4627982;TERRITOIRE;IRS - 288FO RESI_ETUD_P&M_CURIE (E01)/CEN_GEOTH_HAY_LES_ROSES;;;SFR_COLL;DSP_MAJ_IRISE;;;OR21;OR1;OR21;CST;MCO;OK;16/07/2009;16/07/2009;C;OPT;C;LH;RF51;288;278;10;24;;102;458,3333;;;16/07/2009;;;;
33886177;TERRITOIRE;IRS - 36 FO - 54 RUE DU LANDY / FT 63 - 17 BD DU GENERAL LECLERC;;;SFR_COLL;DSP_MAJ_IRISE;;;OR21;OR1;OR21;CST;MCO;OK;20/09/2022;20/09/2022;C;OPT;C;TR;RF50;36;36;0;3;;4;1079,9223;;;20/09/2022;;;;
4627687;HORS TERRITOIRE;IRS - 24FO - PARKING RUE DE VANESSES/POP BECKMAN COULTER;;;SFR_COLL;DSP_MAJ_IRISE;;;OR21;OR1;OR21;CST;MCO;OK;04/01/2010;04/01/2010;C;OPT;C;DI;RF15;24;22;2;4;;4;486,2646;;;04/01/2010;;;;
4608145;TERRITOIRE;BPE CH IRISE L3T AV DE LA MARNE - BPE 1/IRS - 43 AV DE LA MARNE (MONTROUGE) - BPE 1;;;SFR_COLL;DSP_MAJ_IRISE;;;OR21;OR1;OR21;CST;MCO;OK;17/11/2005;17/11/2005;C;OPT;C;TR;RF16;72;62;10;6;;4;104,7942;;;17/11/2005;;;;
4613103;TERRITOIRE;IRS-RONDENAY-CHOISY/RUE LEON GEFFROY VITRY;;;SFR_COLL;DSP_MAJ_IRISE;;;OR21;OR1;OR21;CST;MCO;OK;16/05/2006;16/05/2006;C;OPT;C;TR;RF41;72;70;2;6;;5;698,6169;;;16/05/2006;;;;
6338179;HORS TERRITOIRE;144FO - FT 1403 - ROUTE D'ENNERY (OSNY)/ PT1 RUE DE MONTGEROULT (OSNY);;;SFR_COLL;DSP_MAJ_IRISE;;;OR21;OR1;OR21;CST;MCO;OK;07/05/2013;07/05/2013;C;OPT;C;LH;RF22;144;140;4;12;;4;480,6868;;;07/05/2013;;;;
4603654;TERRITOIRE;IRS - ADD 2 -  N-1 CAA ST OUEN/POP TISCALI - AB;;;SFR_COLL;DSP_MAJ_IRISE;;;OR21;OR1;OR21;CST;MCO;OK;21/09/2004;21/09/2004;C;OPT;C;DI;RF15;24;22;2;4;;4;100,2562;;;21/09/2004;;;;
7340434;HORS TERRITOIRE;IRS - 144 FO -  RUE DES 2 GARES (RUEIL MALMAISON) - BPE 2 / 14 RUE JACOB (RUEIL MALMAISON);;;SFR_COLL;DSP_MAJ_IRISE;;;OR21;OR1;OR21;CST;MCO;OK;27/09/2013;27/09/2013;C;OPT;C;LH;RF22;144;144;0;12;;4;460,4822;;;27/09/2013;;;;
15491559;TERRITOIRE;IRISE - 24FO - AVENUE DU MARECHAL JUIN / ANGLE RUE ROMAIN ROLLAND ET RUE RAYMONDE SALIEZ;;;SFR_COLL;DSP_MAJ_IRISE;;;OR21;OR1;OR21;CST;MCO;OK;05/08/2019;05/08/2019;C;OPT;C;DI;RF29;24;20;4;4;;5;367,7641;;;05/08/2019;;;;
4614914;TERRITOIRE;IRS - FACE 23 RUE GUERIN LEROUX/MARIE DE FONTENAY;;;SFR_COLL;DSP_MAJ_IRISE;;;OR21;OR1;OR21;CST;MCO;OK;25/09/2007;25/09/2007;C;OPT;C;TR;RF42;36;31;5;6;;4;86,4235;;;25/09/2007;;;;
4632351;TERRITOIRE;IRS - 24FO - BI/POP LES_SORBIERS_BAT_B&A (EXX BA);;;SFR_COLL;DSP_MAJ_IRISE;;;OR21;OR1;OR21;CST;MCO;OK;22/07/2009;22/07/2009;C;OPT;C;DI;RF15;24;20;4;4;;4;16,0312;;;22/07/2009;;;;
4605637;HORS TERRITOIRE;IRS - 72FO - SANEF A4 LOGNES/AV DE LA SOUBRIARDE;;;SFR_COLL;DSP_MAJ_IRISE;;;OR21;OR1;OR21;CST;MCO;OK;25/10/2004;25/10/2004;C;OPT;C;TR;RF16;72;62;10;6;;4;238,0548;;;25/10/2004;;;;
4609843;TERRITOIRE;IRS - 12FO - N-1/MEDIATHEQUE CLAMART;;;SFR_COLL;DSP_MAJ_IRISE;;;OR21;OR1;OR21;CST;MCO;OK;26/10/2005;26/10/2005;C;OPT;C;DI;RF14;12;8;4;2;;4;16,4663;;;26/10/2005;;;;
8411490;HORS TERRITOIRE;IRISE - 72FO - FT 95127-1328 - IRS - N-1 POP PITNEY BOWES / IRS - AVEN-BEGUINES - BPE 2;;;SFR_COLL;DSP_MAJ_IRISE;;;OR21;OR1;OR21;CST;MCO;OK;17/07/2014;17/07/2014;C;OPT;C;TR;RF52;72;72;0;6;;4;254,6538;;;17/07/2014;;;;
4614087;TERRITOIRE;IRS - JAURES_MANOUCHAIN/IMPASSE JAURES (VITRY);;;SFR_COLL;DSP_MAJ_IRISE;;;OR21;OR1;OR21;CST;MCO;OK;21/11/2007;21/11/2007;C;OPT;C;TR;RF16;72;68;4;6;;4;137,3547;;;21/11/2007;;;;
17304705;TERRITOIRE;IRS - 36 FO - IRS RUE DES EMOULEUSES / FT 848 - 2 RUE LIONEL TERRAY CRETEIL;;;SFR_COLL;DSP_MAJ_IRISE;;;OR21;OR1;OR21;CST;MCO;OK;06/02/2020;06/02/2020;C;OPT;C;TR;RF50;36;36;0;3;;4;745,9289;;;06/02/2020;;;;
45506663;TERRITOIRE;IRS - 12FO - POP CENTRE DE LOISIRS DE L'ETANG NANTERRE / ANGLE AV PICASSO-ALL 3 MUSICIENS;;;SFR_COLL;DSP_MAJ_IRISE;;;OR21;OR1;OR21;CST;MCO;OK;27/06/2024;27/06/2024;C;OPT;C;DI;RF125;12;10;2;2;;5;321,7574;;;27/06/2024;;;;
15234291;TERRITOIRE;IRS - 144 FO - FT 45 - 42 BOULVARD BEAUMARCHAIS / 1 RUE VARLIN GENNEVILLIERS;;;SFR_COLL;DSP_MAJ_IRISE;;;OR21;OR1;OR21;CST;MCO;OK;05/07/2019;05/07/2019;C;OPT;C;LH;RF22;144;144;0;12;;4;467,1898;;;05/07/2019;;;;
38536417;TERRITOIRE;IRS - 12FO - PAPIN - CURIE / POP CENTRE GERMAINE TILLION - AA;;;SFR_COLL;DSP_MAJ_IRISE;;;OR21;OR1;OR21;CST;MCO;OK;25/05/2023;25/05/2023;C;OPT;C;DI;RF37;12;10;2;2;;5;1078,6908;;;25/05/2023;;;;
18437516;TERRITOIRE;IRS - 144 FO - FT 683 - 73B RUE BERNARD GANTE / FT 991 - 20 RUE BERNARD GANTE;;;SFR_COLL;DSP_MAJ_IRISE;;;OR21;OR1;OR21;CST;MCO;OK;19/05/2020;19/05/2020;C;OPT;C;LH;RF22;144;144;0;12;;4;448,6878;;;19/05/2020;;;;
4610803;TERRITOIRE;IRS - 144FO - ROND POINT RUE DE STRASBOURG/TCT PK 1190 PLACE DES POULIES;;;SFR_COLL;DSP_MAJ_IRISE;;;OR21;OR1;OR21;CST;MCO;OK;04/02/2010;04/02/2010;C;OPT;C;LH;RF90;144;57;87;12;;5;618,7942;;;04/02/2010;;;;
11021493;TERRITOIRE;IRS - 36 FO - LD - BI POP JADILAND JOINVILLE LE PONT - POP JADILAND JOINVILLE LE PONT  -AA;;;SFR_COLL;DSP_MAJ_IRISE;;;OR21;OR1;OR21;CST;MCO;OK;09/03/2017;09/03/2017;C;OPT;C;TR;RF26;36;34;2;6;;4;19,1783;;;09/03/2017;;;;
28922978;TERRITOIRE;IRS - 12FO - 31 AV JEAN JAURES / POP CAM 01 - AA;;;SFR_COLL;DSP_MAJ_IRISE;;;OR21;OR1;OR21;CST;MCO;OK;12/01/2022;12/01/2022;C;OPT;C;DI;RF27;12;10;2;2;;5;20,6819;;;12/01/2022;;;;
10874660;TERRITOIRE;IRS - 72FO - BI POP LA CRECHE SUR LE TOIT (MONTREUIL) / IRS - 20 AV DU PRESIDENT WILSON MONTREUIL - BPE 1;;;SFR_COLL;DSP_MAJ_IRISE;;;OR21;OR1;OR21;CST;MCO;OK;16/05/2013;16/05/2013;C;OPT;C;TR;RF28;72;52;20;6;;4;144,7530;;;16/05/2013;;;;
4603113;TERRITOIRE;IRS - NEW 144FO - AV FRANCOIS ARAGO/ARAGO CURIE;;;SFR_COLL;DSP_MAJ_IRISE;;;OR21;OR1;OR21;CST;MCO;OK;14/05/2012;14/05/2012;C;OPT;C;LH;RF40;144;108;36;12;;4;382,3102;;;14/05/2012;;;;
4614453;TERRITOIRE;IRS - 12FO - CHEMIN VERT BOBIGNY/MGP FONTAINE;;;SFR_COLL;DSP_MAJ_IRISE;;;OR21;OR1;OR21;CST;MCO;OK;26/09/2007;26/09/2007;C;OPT;C;DI;RF38;12;12;0;1;;4;64,6846;;;26/09/2007;;;;
5485331;TERRITOIRE;IRS - 84 RUE DU QUATRIEME ZOUAVE / 252/254 RUE DE ROSNY;;;SFR_COLL;DSP_MAJ_IRISE;;;OR21;OR1;OR21;CST;MCO;OK;01/03/2005;01/03/2005;C;OPT;C;TR;RF28;72;30;42;6;;4;542,2656;;;01/03/2005;;;;
12723411;TERRITOIRE;IRS - 72FO - BAGUETTE (BLANC) VERS RFF - ALLE D'AULNAY / XCO RFF - LDO 0201;;;SFR_COLL;DSP_MAJ_IRISE;;;OR21;OR1;OR21;CST;MCO;OK;06/04/2018;06/04/2018;C;OPT;C;TR;RF18;72;47;25;6;;145;25,3848;;;06/04/2018;;;;
7735953;TERRITOIRE;IRS - 36FO - LD - POP MAIRIE DRANCY/14 RUE CHARLES DE GAULLE - AB;;;SFR_COLL;DSP_MAJ_IRISE;;;OR21;OR1;OR21;CST;MCO;OK;22/01/2014;22/01/2014;C;OPT;C;TR;RF26;36;35;1;6;;4;33,3480;;;22/01/2014;;;;
4602849;TERRITOIRE;IRS - PAPIN-GALILEE/POP AIR LIQUIDE-2;;;SFR_COLL;DSP_MAJ_IRISE;;;OR21;OR1;OR21;CST;MCO;OK;04/05/2005;04/05/2005;C;OPT;C;DI;RF14;12;12;0;2;;4;97,1804;;;04/05/2005;;;;
10801717;TERRITOIRE;24FO - IRS - POP ANCIENNE MAIRIE ANNEXE / BI POP ANCIENNE MAIRIE ANNEXE - AA;;;SFR_COLL;DSP_MAJ_IRISE;;;OR21;OR1;OR21;CST;MCO;OK;21/01/2017;21/01/2017;C;OPT;C;DI;RF146;24;22;2;4;;5;3,9029;;;21/01/2017;;;;
17910135;TERRITOIRE;IRS - 144 FO - FT 1273 -  33-29 AVENUE DES PERDRIX / FT 1999 -  AVENUE DE LA BANQUE;;;SFR_COLL;DSP_MAJ_IRISE;;;OR21;OR1;OR21;CST;MCO;OK;31/03/2020;31/03/2020;C;OPT;C;LH;RF22;144;144;0;12;;4;566,3349;;;31/03/2020;;;;
7428631;TERRITOIRE;IRS - 144FO - 41 RUE DES FUSILLES DE CHATEAUBRIANT/FT - RUE DES FUSILLES DE CHATEAUBRIANT;;;SFR_COLL;DSP_MAJ_IRISE;;;OR21;OR1;OR21;CST;MCO;OK;23/10/2013;23/10/2013;C;OPT;C;LH;RF22;144;140;4;12;;4;447,3754;;;23/10/2013;;;;
22180929;TERRITOIRE;24 FO - BPE FT 331 / BPE FT 356;;;SFR_COLL;DSP_MAJ_IRISE;;;OR21;OR1;OR21;CST;MCO;OK;05/02/2021;05/02/2021;C;OPT;C;DI;RF29;24;22;2;4;;5;326,1205;;;05/02/2021;;;;
4639918;TERRITOIRE;IRS - 36FO - BI 10 RUE PASTEUR/N-1 POP FTTS LE PERREUX;;;SFR_COLL;DSP_MAJ_IRISE;;;OR21;OR1;OR21;CST;MCO;OK;20/02/2012;20/02/2012;C;OPT;C;TR;RF42;36;32;4;6;;4;113,9489;;;20/02/2012;;;;
16616369;TERRITOIRE;IRS - 12 FO - FT 1181- 141 AV DE PARIS  VILLEJUIF / FT 1072 - RUE KARL LIEBKNECHT VILLEJUIF;;;SFR_COLL;DSP_MAJ_IRISE;;;OR21;OR1;OR21;CST;MCO;OK;28/11/2019;28/11/2019;C;OPT;C;DI;RF27;12;10;2;2;;5;865,3942;;;28/11/2019;;;;
4598363;TERRITOIRE;IRS - 72FO - PONT DE JOINVILLE_BROSSOLETTE/N-1 MAIRIE DE JOINVILLE;;;SFR_COLL;DSP_MAJ_IRISE;;;OR21;OR1;OR21;CST;MCO;OK;03/11/2008;03/11/2008;C;OPT;C;TR;RF16;72;67;5;6;;4;348,5641;;;03/11/2008;;;;
4611515;TERRITOIRE;IRS - 4 RUE DE PARIS/PLACE DE L'EGLISE ROMAINVILLE;;;SFR_COLL;DSP_MAJ_IRISE;;;OR21;OR1;OR21;CST;MCO;OK;03/11/2006;03/11/2006;C;OPT;C;TR;RF16;72;68;4;6;;4;39,0154;;;03/11/2006;;;;
9868036;TERRITOIRE;(NE PLUS UTILISER)IRS - 72 FO - RUE GUSTAVE EFFEIL/IMM_SOLIDARITES;;;SFR_COLL;DSP_MAJ_IRISE;;;OR21;OR1;OR21;CST;MCO;OK;03/08/2009;03/08/2009;C;OPT;C;TR;RF16;72;66;6;6;;4;197,9313;;;03/08/2009;;;;
7683460;TERRITOIRE;IRS - 72FO - RUE DES SOLETS/RUE DE VILLENEUVE BPE 2(RUNGIS);;;SFR_COLL;DSP_MAJ_IRISE;;;OR21;OR1;OR21;CST;MCO;OK;09/01/2014;09/01/2014;C;OPT;C;TR;RF28;72;72;0;6;;4;109,8063;;;09/01/2014;;;;
7264242;HORS TERRITOIRE;IRS - 144FO - FT 1634 - AVE DU CHATEAU / AVE DU CHATEAU;;;SFR_COLL;DSP_MAJ_IRISE;;;OR21;OR1;OR21;CST;MCO;OK;05/09/2013;05/09/2013;C;OPT;C;LH;RF22;144;140;4;12;;4;386,6208;;;05/09/2013;;;;
21766833;TERRITOIRE;36 FO - IRS - 2 RUE DU HAMEAU FLEURI BOULOGNE/FT 1596 - 664 RUE YVES KERMEN (BOULOGNE - BILLANCOURT);;;SFR_COLL;DSP_MAJ_IRISE;;;OR21;OR1;OR21;CST;MCO;OK;06/01/2021;06/01/2021;C;OPT;C;TR;RF50;36;36;0;6;;4;816,4377;;;06/01/2021;;;;
28816746;TERRITOIRE;IRS- 12 FO -POP GROUPE SCOLAIRE METROPOLITAIN ROSNY SOUS BOIS / BD GABRIEL PERI FT897;;;SFR_COLL;DSP_MAJ_IRISE;;;OR21;OR1;OR21;CST;MCO;OK;07/01/2022;07/01/2022;C;OPT;C;DI;RF27;12;8;4;2;;5;53,4410;;;07/01/2022;;;;
4607867;TERRITOIRE;IRS - 48FO CHAUFFERIE_LA_SAUSSAIE (A05)/L'OREAL_L4 (D85);;;SFR_COLL;DSP_MAJ_IRISE;;;OR21;OR1;OR21;CST;MCO;OK;17/07/2009;17/07/2009;C;OPT;C;TR;RF19;48;46;2;4;;4;470,8013;;;17/07/2009;;;;
4634821;TERRITOIRE;IRS - 72FO - 55 AV ANATOLE FRANCE/ 66 AV ANATOLE;;;SFR_COLL;DSP_MAJ_IRISE;;;OR21;OR1;OR21;CST;MCO;OK;10/02/2011;10/02/2011;C;OPT;C;TR;RF16;72;66;6;6;;4;115,8844;;;10/02/2011;;;;
4632356;TERRITOIRE;IRS - 24FO - BI/POP PISCINE_KARL_MARX (D99);;;SFR_COLL;DSP_MAJ_IRISE;;;OR21;OR1;OR21;CST;MCO;OK;22/07/2009;22/07/2009;C;OPT;C;DI;RF15;24;22;2;4;;4;26,0192;;;22/07/2009;;;;
15513953;TERRITOIRE;IRISE - 24FO - ANGLE RUE DE PARIS_RUE FRANCINE FROMOND / N-1 POP CIMETIERE;;;SFR_COLL;DSP_MAJ_IRISE;;;OR21;OR1;OR21;CST;MCO;OK;07/08/2019;07/08/2019;C;OPT;C;DI;RF29;24;6;18;4;;5;368,6156;;;07/08/2019;;;;
4595785;TERRITOIRE;IRS - 48FO - RUE PETIT/LT POP EXODUS (GLOBALSWITCH) - AB;;;SFR_COLL;DSP_MAJ_IRISE;;;OR21;OR1;OR21;CST;MCO;OK;15/01/2002;15/01/2002;C;OPT;C;TR;RF150;48;6;42;4;;4;201,3028;;;15/01/2002;;;;
4595023;TERRITOIRE;IRS - ROUTE DE SURESNES (20)/ROUTE DE LA SEINE (10);;;SFR_COLL;DSP_MAJ_IRISE;;;OR21;OR1;OR21;CST;MCO;OK;12/04/2002;12/04/2002;C;OPT;C;LH;RF56;144;114;30;12;;4;1582,0469;;;12/04/2002;;;;
4604824;TERRITOIRE;IRS - 144FO - AV DES FRUITIERS/FRUITIERS-CAMPRA;;;SFR_COLL;DSP_MAJ_IRISE;;;OR21;OR1;OR21;CST;MCO;OK;15/10/2004;15/10/2004;C;OPT;C;LH;RF40;144;118;26;12;;4;225,1810;;;15/10/2004;;;;
4616392;TERRITOIRE;IRS - PHILIBERT HOFFMAN_FRERES LUMIERE/POP ICADE (ROSNY-SOUS-BOIS);;;SFR_COLL;DSP_MAJ_IRISE;;;OR21;OR1;OR21;CST;MCO;OK;09/10/2007;09/10/2007;C;OPT;C;DI;RF24;24;18;6;2;;4;853,6788;;;09/10/2007;;;;
17389473;TERRITOIRE;IRS - FT 517 - 30 RUE GUY MOQUET / FT 619 - 51 RUE PAUL VAILLANT COUTURIER;;;SFR_COLL;DSP_MAJ_IRISE;;;OR21;OR1;OR21;CST;MCO;OK;13/02/2020;13/02/2020;C;OPT;C;LH;RF22;144;144;0;12;;4;1255,2143;;;13/02/2020;;;;
17892209;TERRITOIRE;IRS - 144 FO -  FT 31 - 1 RUE ROBERT GRENET / IRS - 24 QUAI DES CARRIERES;;;SFR_COLL;DSP_MAJ_IRISE;;;OR21;OR1;OR21;CST;MCO;OK;30/03/2020;30/03/2020;C;OPT;C;LH;RF22;144;144;0;12;;4;1427,0371;;;30/03/2020;;;;
10990478;TERRITOIRE;24 FO - IRS - BI 6 BLVD CARNOT (BOURG LA REINE) / HDV BLVD CARNOT BOURG LA REINE - AA;;;SFR_COLL;DSP_MAJ_IRISE;;;OR21;OR1;OR21;CST;MCO;OK;03/03/2017;03/03/2017;C;OPT;C;DI;RF30;24;24;0;4;;4;9,0228;;;03/03/2017;;;;
17821153;TERRITOIRE;12FO - POP ECOLE ANATOLE FRANCE COURNEUVE / POP LOGE GARDIEN STADE GEO ANDRE COURNEUVE -AA;;;SFR_COLL;DSP_MAJ_IRISE;;;OR21;OR1;OR21;CST;MCO;OK;23/03/2020;23/03/2020;C;OPT;C;DI;RF27;12;10;2;2;;5;473,8235;;;23/03/2020;;;;
23346018;TERRITOIRE;IRS - 72 FO - FT 1352 - 15 RUE PAUL LANGEVIN (CHATENAY-MALABRY) / 21 AVENUE DESCARTES;;;SFR_COLL;DSP_MAJ_IRISE;;;OR21;OR1;OR21;CST;MCO;OK;27/04/2021;27/04/2021;C;OPT;C;TR;RF28;72;72;0;6;;4;1075,6808;;;27/04/2021;;;;
4641126;HORS TERRITOIRE;IRS - 24 FO - POP EUROVIA / BPE PLACE DE L'EUROPE - AA;;;SFR_COLL;DSP_MAJ_IRISE;;;OR21;OR1;OR21;CST;MCO;OK;27/04/2012;27/04/2012;C;OPT;C;DI;RF15;24;23;1;4;;4;58,9330;;;27/04/2012;;;;
4630498;TERRITOIRE;IRS - 144FO - PLACE SEVERINE/33 AV JAURES;;;SFR_COLL;DSP_MAJ_IRISE;;;OR21;OR1;OR21;CST;MCO;OK;26/01/2009;26/01/2009;C;OPT;C;LH;RF40;144;63;81;12;;4;120,5146;;;26/01/2009;;;;
4614966;TERRITOIRE;IRS - 144FO - 50 AV LOUISON BOBET/4 AV DU VAL DE FONTENAY;;;SFR_COLL;DSP_MAJ_IRISE;;;OR21;OR1;OR21;CST;MCO;OK;21/08/2007;21/08/2007;C;OPT;C;LH;RF40;144;144;0;12;;4;209,6030;;;21/08/2007;;;;
4923778;TERRITOIRE;IRS - 144 FO - Rue DES CHEMINOTS (SAINT-DENIS)-BPE1 / AV DES FRUITIERS -BPE1;;;SFR_COLL;DSP_MAJ_IRISE;;;OR21;OR1;OR21;CST;MCO;OK;05/11/2012;05/11/2012;C;OPT;C;LH;RF22;144;142;2;12;;4;309,7391;;;05/11/2012;;;;
44813859;TERRITOIRE;IRS - 12 FO - POP C51 CH IRISE BOURG LA REINE / ARON-BEAUSEJOUR (ANTONY);;;SFR_COLL;DSP_MAJ_IRISE;;;OR21;OR1;OR21;CST;MCO;OK;15/05/2024;15/05/2024;C;OPT;C;DI;RF27;12;10;2;2;;5;5,9655;;;15/05/2024;;;;
4609167;TERRITOIRE;IRS-45 AV ROOSEVELT/N-1 MEDIATHEQUE CHEVILLY LARUE;;;SFR_COLL;DSP_MAJ_IRISE;;;OR21;OR1;OR21;CST;MCO;OK;27/06/2006;27/06/2006;C;OPT;C;TR;RF19;48;42;6;4;;4;132,4444;;;27/06/2006;;;;
31969700;TERRITOIRE;24 FO - POP MAIRIE DES PAVILLONS-SOUS-BOIS / POP CRECHE LES PETITS VOYAGEURS;;;SFR_COLL;DSP_MAJ_IRISE;;;OR21;OR1;OR21;CST;MCO;OK;07/06/2022;07/06/2022;C;OPT;C;DI;RF29;24;22;2;4;;5;1360,8265;;;07/06/2022;;;;
4638157;TERRITOIRE;IRS - 24FO 4 PLACE DU PARC / ANGLE FOCH-PARC;;;SFR_COLL;DSP_MAJ_IRISE;;;OR21;OR1;OR21;CST;MCO;OK;02/12/2011;02/12/2011;C;OPT;C;DI;RF15;24;22;2;4;;4;230,5313;;;02/12/2011;;;;
4621274;TERRITOIRE;IRS - 24FO - BI/LT SMRVA - AA;;;SFR_COLL;DSP_MAJ_IRISE;;;OR21;OR1;OR21;CST;MCO;OK;28/09/2010;28/09/2010;C;OPT;C;DI;RF15;24;18;6;4;;4;40,0677;;;28/09/2010;;;;
4636156;HORS TERRITOIRE;IRS - 36FO - COURS MARECHAUX / POP MINDEF MARECHAUX - AA;;;SFR_COLL;DSP_MAJ_IRISE;;;OR21;OR1;OR21;CST;MCO;OK;22/12/2010;22/12/2010;C;OPT;C;TR;RF42;36;34;2;6;;4;243,7059;;;22/12/2010;;;;
5589666;HORS TERRITOIRE;IRS - 144 FO - LD - RUE DU GROS MURGER / AV GROS CHENE;;;SFR_COLL;DSP_MAJ_IRISE;;;OR21;OR1;OR21;CST;MCO;OK;31/01/2013;31/01/2013;C;OPT;C;LH;RF22;144;140;4;12;;4;484,4355;;;31/01/2013;;;;
4611751;TERRITOIRE;IRS - CAB 2 - 12FO - N-1/MAIRIE DE STAINS - AB;;;SFR_COLL;DSP_MAJ_IRISE;;;OR21;OR1;OR21;CST;MCO;OK;16/11/2006;16/11/2006;C;OPT;C;DI;RF14;12;5;7;2;;4;59,5900;;;16/11/2006;;;;
4601482;TERRITOIRE;IRS - 48FO ILOT_E1 (D51)/ILOT_E2 (D52'D53);;;SFR_COLL;DSP_MAJ_IRISE;;;OR21;OR1;OR21;CST;MCO;OK;21/07/2009;21/07/2009;C;OPT;C;TR;RF19;48;46;2;4;;4;225,4294;;;21/07/2009;;;;
7617524;HORS TERRITOIRE;IRS - 144 FO - 64 RUE CONSTANTIN LIMPENS / FT-39 RUE ANATOLE FRANCE;;;SFR_COLL;DSP_MAJ_IRISE;;;OR21;OR1;OR21;CST;MCO;OK;16/12/2013;16/12/2013;C;OPT;C;LH;RF22;144;142;2;12;;4;533,2122;;;16/12/2013;;;;
22988265;TERRITOIRE;IRS - 24FO - FT1010 - 50 AVENUE DE LA RESISTANCE / FT1431 - 9 BOULEVARD ROUGET DE L'ISLE;;;SFR_COLL;DSP_MAJ_IRISE;;;OR21;OR1;OR21;CST;MCO;OK;02/04/2021;02/04/2021;C;OPT;C;DI;RF29;24;22;2;4;;5;478,5030;;;02/04/2021;;;;
17910134;TERRITOIRE;IRS - 144 FO - FT 1999 -  AVENUE DE LA BANQUE /  FT 2725 -  AVENUE DU MESNIL;;;SFR_COLL;DSP_MAJ_IRISE;;;OR21;OR1;OR21;CST;MCO;OK;31/03/2020;31/03/2020;C;OPT;C;LH;RF22;144;144;0;12;;4;1945,8265;;;31/03/2020;;;;
29242657;TERRITOIRE;IRS - 72 FO - FT1496 - RUE GASTON LAURIAU - BPE 2 / FT 1323 - 103 RUE DE STALINGRAD;;;SFR_COLL;DSP_MAJ_IRISE;;;OR21;OR1;OR21;CST;MCO;OK;28/01/2022;28/01/2022;C;OPT;C;TR;RF179;72;72;0;6;;4;420,2044;;;28/01/2022;;;;
6699410;HORS TERRITOIRE;IRS - 144FO -  FT 47 - BOULEVARD DE la VIOSNE / IRS - BD  DE L'OISE-VIOSNE;;;SFR_COLL;DSP_MAJ_IRISE;;;OR21;OR1;OR21;CST;MCO;OK;17/06/2013;17/06/2013;C;OPT;C;LH;RF22;144;139;5;12;;4;569,3928;;;17/06/2013;;;;
4608106;TERRITOIRE;IRS - RUE GEORGES ENESCO/CNAV CRETEIL - AA;;;SFR_COLL;DSP_MAJ_IRISE;;;OR21;OR1;OR21;CST;MCO;OK;23/05/2005;23/05/2005;C;OPT;C;DI;RF14;12;12;0;2;;4;19,0002;;;23/05/2005;;;;
37385390;TERRITOIRE;IRS - 24FO - MAIRIE DE NANTERRE 2 / DEVANT MAIRIE NANTERRE - AA;;;SFR_COLL;DSP_MAJ_IRISE;;;OR21;OR1;OR21;CST;MCO;OK;21/03/2023;21/03/2023;C;OPT;C;DI;RF181;24;4;20;2;;5;102,4127;;;21/03/2023;;;;
4597065;TERRITOIRE;IRS 12 FO - RAM (GENEVILLIERS)/9 RUE JEAN JAURES;;;SFR_COLL;DSP_MAJ_IRISE;;;OR21;OR1;OR21;CST;MCO;OK;26/09/2006;26/09/2006;C;OPT;C;DI;RF14;12;8;4;2;;4;5,8312;;;26/09/2006;;;;
4640410;HORS TERRITOIRE;IRS - 12FO - BI 96 RUE DE CHAMPIGNY/POP FTTS CHENNEVIERES SUR MARNE - AA;;;SFR_COLL;DSP_MAJ_IRISE;;;OR21;OR1;OR21;CST;MCO;OK;17/02/2012;17/02/2012;C;OPT;C;DI;RF38;12;8;4;1;;4;20,0002;;;17/02/2012;;;;
4607256;TERRITOIRE;IRS - 9 RUE DE PARIS/19 RUE DE PARIS;;;SFR_COLL;DSP_MAJ_IRISE;;;OR21;OR1;OR21;CST;MCO;OK;21/03/2005;21/03/2005;C;OPT;C;TR;RF19;48;38;10;4;;4;91,9685;;;21/03/2005;;;;
4613845;TERRITOIRE;IRS - 72FO - PRC INTERXION 4 MGP/IRS - RUE DU PORT ITX4 ADD2 - AB;;;SFR_COLL;DSP_MAJ_IRISE;;;OR21;OR1;OR21;CST;MCO;OK;05/07/2007;05/07/2007;C;OPT;C;TR;RF16;72;70;2;6;;4;73,5595;;;05/07/2007;;;;
14862852;TERRITOIRE;IRS - 144FO - FT 1736 - 93 BOULEVARD PAUL VAILLANT COUTURIER / FT 2150 - 164 BOULEVARD ARISTIDE BRIAND MONTREUIL;;;SFR_COLL;DSP_MAJ_IRISE;;;OR21;OR1;OR21;CST;MCO;OK;22/05/2019;22/05/2019;C;OPT;C;LH;RF93;144;144;0;12;;5;938,7742;;;22/05/2019;;;;
15505319;TERRITOIRE;IRISE - 24FO - AVENUE WALDECK ROUSSEAU / N-1 POP DSI (LES LILAS);;;SFR_COLL;DSP_MAJ_IRISE;;;OR21;OR1;OR21;CST;MCO;OK;06/08/2019;06/08/2019;C;OPT;C;DI;RF29;24;4;20;4;;5;187,1574;;;06/08/2019;;;;
4632104;TERRITOIRE;IRS - 48FO GS_LALLIER (D65)/GYMNASE LALLIER (D66);;;SFR_COLL;DSP_MAJ_IRISE;;;OR21;OR1;OR21;CST;MCO;OK;17/07/2009;17/07/2009;C;OPT;C;TR;RF19;48;44;4;4;;4;193,2963;;;17/07/2009;;;;
4596449;TERRITOIRE;IRS - INTERSECTION CHALAIS/HAMEAU/11, RUE DES BLONDEAUX;;;SFR_COLL;DSP_MAJ_IRISE;;;OR21;OR1;OR21;CST;MCO;OK;20/08/2002;20/08/2002;C;OPT;C;TR;RF16;72;29;43;6;;4;424,7424;;;20/08/2002;;;;
7675122;TERRITOIRE;72 FO BAGUETTE IRS - WILSON-TENINE (EX PLACE HENRI BARBUSSE) GENTILLY - BPE1 / BPE2;;;SFR_COLL;DSP_MAJ_IRISE;;;OR21;OR1;OR21;CST;MCO;OK;07/01/2014;07/01/2014;C;OPT;C;TR;RF28;72;62;10;6;;4;0,0230;;;07/01/2014;;;;
10568049;HORS TERRITOIRE;IRS - 144FO - RUE DE GISORS (PONTOISE) / 79 RUE DE GISORS (PONTOISE);;;SFR_COLL;DSP_MAJ_IRISE;;;OR21;OR1;OR21;CST;MCO;OK;14/05/2013;14/05/2013;C;OPT;C;LH;RF22;144;142;2;12;;4;338,9643;;;14/05/2013;;;;
4610015;TERRITOIRE;IRS - 12FO - PIERRE FABRE BOULOGNE/TIROIR PIERRE FABRE BOULOGNE - AA;;;SFR_COLL;DSP_MAJ_IRISE;;;OR21;OR1;OR21;CST;MCO;OK;21/10/2004;21/10/2004;C;OPT;C;DI;RF14;12;12;0;2;;4;32,5829;;;21/10/2004;;;;
15513965;TERRITOIRE;IRISE - 24FO - RUE BERNARD / N-1 POP CENTRE CULTUREL ANGLEMONT LES LILAS;;;SFR_COLL;DSP_MAJ_IRISE;;;OR21;OR1;OR21;CST;MCO;OK;07/08/2019;07/08/2019;C;OPT;C;DI;RF29;24;6;18;4;;5;153,2463;;;07/08/2019;;;;
8264289;TERRITOIRE;IRS - 72 FO - REAUMUR PAPIN-BPE2/AV DESCARTES (LE PLESSIS ROBINSON);;;SFR_COLL;DSP_MAJ_IRISE;;;OR21;OR1;OR21;CST;MCO;OK;11/06/2014;11/06/2014;C;OPT;C;TR;RF28;72;69;3;6;;4;180,8343;;;11/06/2014;;;;
4640675;TERRITOIRE;IRS - 24 FO - POP VENTE PRIVEE ADD3 / BI VENTE PRIVEE - AD;;;SFR_COLL;DSP_MAJ_IRISE;;;OR21;OR1;OR21;CST;MCO;OK;03/05/2012;03/05/2012;C;OPT;C;DI;RF15;24;22;2;4;;4;201,6189;;;03/05/2012;;;;
4611621;TERRITOIRE;BPE 3 ESSEN/LT DUBLIN 1 RUNGIS;;;SFR_COLL;DSP_MAJ_IRISE;;;OR21;OR1;OR21;CST;MCO;OK;06/02/2006;06/02/2006;C;OPT;C;DI;RF14;12;8;4;2;;4;34,5060;;;06/02/2006;;;;
4608200;TERRITOIRE;IRS - ETIENNE DOLET GUEROUX/65 RUE GUEROUX;;;SFR_COLL;DSP_MAJ_IRISE;;;OR21;OR1;OR21;CST;MCO;OK;22/03/2005;22/03/2005;C;OPT;C;TR;RF16;72;10;62;6;;4;190,0442;;;22/03/2005;;;;
4920225;TERRITOIRE;IRS - BAG 144FO -  BPE1/ BPE2 - IRS GALERIE DE GAULLE (MONTROUGE);;;SFR_COLL;DSP_MAJ_IRISE;;;OR21;OR1;OR21;CST;MCO;OK;05/11/2012;05/11/2012;C;OPT;C;LH;RF22;144;138;6;12;;4;3,8623;;;05/11/2012;;;;
4615495;TERRITOIRE;IRS 24FO - N-1/RELAIS MAIRIE - AA;;;SFR_COLL;DSP_MAJ_IRISE;;;OR21;OR1;OR21;CST;MCO;OK;13/10/2010;13/10/2010;C;OPT;C;DI;RF15;24;20;4;4;;4;36,0236;;;13/10/2010;;;;
4604913;TERRITOIRE;IRS - 24FO ECHAT/POP IMM_SOLIDARITES;;;SFR_COLL;DSP_MAJ_IRISE;;;OR21;OR1;OR21;CST;MCO;OK;03/08/2009;03/08/2009;C;OPT;C;DI;RF15;24;22;2;4;;4;14,1653;;;03/08/2009;;;;
4601700;TERRITOIRE;IRS - RUE DE STALINGRAD/APHP AVICENNE;;;SFR_COLL;DSP_MAJ_IRISE;;;OR21;OR1;OR21;CST;MCO;OK;26/05/2004;26/05/2004;C;OPT;C;TR;RF42;36;30;6;6;;4;40,9504;;;26/05/2004;;;;
4623893;TERRITOIRE;IRS - 72 FO - PAPIN-GALILEE/POP CS PLESSIS ROBINSON;;;SFR_COLL;DSP_MAJ_IRISE;;;OR21;OR1;OR21;CST;MCO;OK;26/07/2011;26/07/2011;C;OPT;C;TR;RF16;72;66;6;6;;4;298,6866;;;26/07/2011;;;;
4609746;TERRITOIRE;IRS - QUAI ERIC TABARLY-ALLEE EUROPE/POP GEODIS;;;SFR_COLL;DSP_MAJ_IRISE;;;OR21;OR1;OR21;CST;MCO;OK;14/09/2005;14/09/2005;C;OPT;C;DI;RF14;12;8;4;2;;4;170,5178;;;14/09/2005;;;;
4633209;TERRITOIRE;IRS - 24FO BI/POP SORBIERS_BAT_C (E03);;;SFR_COLL;DSP_MAJ_IRISE;;;OR21;OR1;OR21;CST;MCO;OK;28/07/2009;28/07/2009;C;OPT;C;DI;RF15;24;20;4;4;;4;19,9249;;;28/07/2009;;;;
4632354;TERRITOIRE;IRS - 24FO - BI/POP TOIT_ET_JOIE (D69);;;SFR_COLL;DSP_MAJ_IRISE;;;OR21;OR1;OR21;CST;MCO;OK;22/07/2009;22/07/2009;C;OPT;C;DI;RF15;24;20;4;4;;4;19,8494;;;22/07/2009;;;;
4626150;TERRITOIRE;IRS - 24FO - POLICE MUNICIPALE AUBERVILLIERS  / N-1 POLICE MUNICIPALE AUBERVILLIERS;;;SFR_COLL;DSP_MAJ_IRISE;;;OR21;OR1;OR21;CST;MCO;OK;15/03/2010;15/03/2010;C;OPT;C;DI;RF15;24;18;6;4;;4;12,6491;;;15/03/2010;;;;
4635299;TERRITOIRE;IRS - 24FO POP SMJ/BI DERICBOURG;;;SFR_COLL;DSP_MAJ_IRISE;;;OR21;OR1;OR21;CST;MCO;OK;26/11/2010;26/11/2010;C;OPT;C;DI;RF24;24;22;2;2;;4;98,8294;;;26/11/2010;;;;
4613092;HORS TERRITOIRE;IRS - 144FO - GARE DE CHILLY MAZARIN/RUE DU CHEMIN DE FER;;;SFR_COLL;DSP_MAJ_IRISE;;;OR21;OR1;OR21;CST;MCO;OK;15/05/2006;15/05/2006;C;OPT;C;LH;RF21;144;77;67;12;;145;182,9009;;;15/05/2006;;;;
8236129;TERRITOIRE;IRS - 144FO - 15 RUE DES HAUTS GIBOUTS/ AV DU G LECLERC-RUE DES MARAIS;;;SFR_COLL;DSP_MAJ_IRISE;;;OR21;OR1;OR21;CST;MCO;OK;03/06/2014;03/06/2014;C;OPT;C;LH;RF22;144;141;3;12;;4;425,7839;;;03/06/2014;;;;
8803537;TERRITOIRE;IRS - 36FO - POP PHOTOMATON CROIX FARON / IRS 7 RUE DE LA CROIX FARON - AA;;;SFR_COLL;DSP_MAJ_IRISE;;;OR21;OR1;OR21;CST;MCO;OK;19/11/2014;19/11/2014;C;OPT;C;TR;RF26;36;35;1;6;;4;37,3910;;;19/11/2014;;;;
6574306;TERRITOIRE;IRS - FACE 108 ALSACE-LORRAINE/RUE J MONTGOLFIER-1;;;SFR_COLL;DSP_MAJ_IRISE;;;OR21;OR1;OR21;CST;MCO;OK;06/01/2009;06/01/2009;C;OPT;C;LH;RF40;144;87;57;12;;4;461,6802;;;06/01/2009;;;;
8889410;HORS TERRITOIRE;BAG 72 FO - EN FACE 1 AV MONTAIGNE - BPE 1 / BPE 2;;;SFR_COLL;DSP_MAJ_IRISE;;;OR21;OR1;OR21;CST;MCO;OK;19/12/2014;19/12/2014;C;OPT;C;TR;RF28;72;29;43;6;;4;0,4408;;;19/12/2014;;;;
4610332;TERRITOIRE;IRS - 12 FO AV DE L'EUROPE/POP GS BARILLET;;;SFR_COLL;DSP_MAJ_IRISE;;;OR21;OR1;OR21;CST;MCO;OK;20/04/2012;20/04/2012;C;OPT;C;DI;RF38;12;8;4;1;;4;203,3852;;;20/04/2012;;;;
7027409;HORS TERRITOIRE;IRS - 144 FO - LD - IRS -  RUE VAUGIRARD/RUE DES HAUTS CHATEAUX (NOISY LE GRAND);;;SFR_COLL;DSP_MAJ_IRISE;;;OR21;OR1;OR21;CST;MCO;OK;15/07/2013;15/07/2013;C;OPT;C;LH;RF22;144;142;2;12;;4;200,1005;;;15/07/2013;;;;
7728037;TERRITOIRE;IRS - 144FO - LD - RUE 8 MAI_RUE WALLON (NANTERRE)/ANGLE RUE DES VENETS_RUE DU 8 MAI 1945;;;SFR_COLL;DSP_MAJ_IRISE;;;OR21;OR1;OR21;CST;MCO;OK;21/01/2014;21/01/2014;C;OPT;C;LH;RF22;144;142;2;12;;4;320,8932;;;21/01/2014;;;;
4610374;TERRITOIRE;NE PLUS UTILISER - IRS - POP INTERXION 3 AUBERVILLERS ROOM B2/POP INTERXION 2 - BA (ODF 2)/ AD (ODF 4);;;SFR_COLL;DSP_MAJ_IRISE;;;OR21;OR1;OR21;CST;MCO;OK;29/11/2006;29/11/2006;C;OPT;C;LH;RF40;144;0;144;12;;4;1983,6721;;;29/11/2006;;;;
4600300;TERRITOIRE;IRS - 144FO - BD VERDUN/33 BIS RUE DE ST GERMAIN;;;SFR_COLL;DSP_MAJ_IRISE;;;OR21;OR1;OR21;CST;MCO;OK;30/01/2001;30/01/2001;C;OPT;C;LH;RF56;144;39;105;12;;4;114,5848;;;30/01/2001;;;;
4596741;TERRITOIRE;IRS 72 FO - BI CARRARD (K2 PROPRETE) / IRS - RASPAIL-JUST;;;SFR_COLL;DSP_MAJ_IRISE;;;OR21;OR1;OR21;CST;MCO;OK;23/01/2012;23/01/2012;C;OPT;C;TR;RF16;72;72;0;6;;4;149,6154;;;23/01/2012;;;;
17569969;TERRITOIRE;IRS - 12 FO -  FT 631 - 1 AVENUE DU PRESIDENT FRANKLIN ROOSVELT / POP ANNEXE FRANKLIN ROUSVELT CHEVILLY LARUE - AA;;;SFR_COLL;DSP_MAJ_IRISE;;;OR21;OR1;OR21;CST;MCO;OK;28/02/2020;28/02/2020;C;OPT;C;DI;RF27;12;10;2;2;;5;4,1967;;;28/02/2020;;;;
10718191;HORS TERRITOIRE;IRS - 48 FO - FT210 / FT685 RUE DE ROUEN (PONTOISE);;;SFR_COLL;DSP_MAJ_IRISE;;;OR21;OR1;OR21;CST;MCO;OK;02/01/2017;02/01/2017;C;OPT;C;TR;RF20;48;46;2;8;;5;420,1818;;;02/01/2017;;;;
4632885;TERRITOIRE;IRS - 12FO - POP FTTS NANTERRE STADE / BPI_N-1 HOTEL L'AMANDIER(NANTERRE) - AA;;;SFR_COLL;DSP_MAJ_IRISE;;;OR21;OR1;OR21;CST;MCO;OK;16/12/2011;16/12/2011;C;OPT;C;DI;RF14;12;6;6;2;;4;75,3293;;;16/12/2011;;;;
4631505;TERRITOIRE;IRS - 24FO BI/POP JARDINS_SUD (D62);;;SFR_COLL;DSP_MAJ_IRISE;;;OR21;OR1;OR21;CST;MCO;OK;24/07/2009;24/07/2009;C;OPT;C;DI;RF15;24;20;4;4;;4;23,0866;;;24/07/2009;;;;
15955587;TERRITOIRE;IRS - 24 FO - FT1181- 141 AV DE PARIS  VILLEJUIF / IRS - RUE DAMIER (VILLEJUIF);;;SFR_COLL;DSP_MAJ_IRISE;;;OR21;OR1;OR21;CST;MCO;OK;25/09/2019;25/09/2019;C;OPT;C;DI;RF29;24;24;0;4;;5;1100,9046;;;25/09/2019;;;;
10879154;TERRITOIRE;12 FO - IRS - BLANC MESNIL P.LESCOT / BPI BLANC MESNIL P.LESCOT - AA;;;SFR_COLL;DSP_MAJ_IRISE;;;OR21;OR1;OR21;CST;MCO;OK;07/02/2017;07/02/2017;C;OPT;C;DI;RF65;12;8;4;2;;4;3,8657;;;07/02/2017;;;;
4603617;TERRITOIRE;IRS - FRUITIER CAMPRA/ANDRE CAMPRA;;;SFR_COLL;DSP_MAJ_IRISE;;;OR21;OR1;OR21;CST;MCO;OK;13/04/2005;13/04/2005;C;OPT;C;LH;RF40;144;19;125;12;;4;223,7255;;;13/04/2005;;;;
12487058;HORS TERRITOIRE;IRS - 12 FO - FT459 - N-1 - AVENUE DE LA PALETTE (CERGY) / POP SIEGE - PALLETTE MAUVE PONTOISE - AA;;;SFR_COLL;DSP_MAJ_IRISE;;;OR21;OR1;OR21;CST;MCO;OK;05/02/2018;05/02/2018;C;OPT;C;DI;RF27;12;11;1;2;;5;52,2727;;;05/02/2018;;;;
15860545;TERRITOIRE;IRS - 24FO - POP GROUPE SCOLAIRE SAND WALLON / IRS - FT 1060 - 16 SENTIER RABELAIS VILLEJUIF;;;SFR_COLL;DSP_MAJ_IRISE;;;OR21;OR1;OR21;CST;MCO;OK;17/09/2019;17/09/2019;C;OPT;C;DI;RF29;24;20;4;4;;5;22,5332;;;17/09/2019;;;;
4629852;TERRITOIRE;IRS - 24FO - N-1 ECOLE DU CENTRE / ECOLE DU CENTRE - AA;;;SFR_COLL;DSP_MAJ_IRISE;;;OR21;OR1;OR21;CST;MCO;OK;06/01/2009;06/01/2009;C;OPT;C;DI;RF15;24;20;4;4;;4;47,9567;;;06/01/2009;;;;
18273962;TERRITOIRE;IRS - 36 FO - IRS - FT 62 - RUE DES DRUIDES / IRS - FT 292 - AVENUE CHARLES LINDBERGH;;;SFR_COLL;DSP_MAJ_IRISE;;;OR21;OR1;OR21;CST;MCO;OK;06/05/2020;06/05/2020;C;OPT;C;TR;RF50;36;36;0;3;;4;1333,9324;;;06/05/2020;;;;
25469860;TERRITOIRE;IRS - 144FO - FT 1908 - 2 RUE DU DR ROUX  / FT 1705 - 77 RUE LAVOISIER;;;SFR_COLL;DSP_MAJ_IRISE;;;OR21;OR1;OR21;CST;MCO;OK;06/12/2019;06/12/2019;C;OPT;C;LH;RF22;144;144;0;12;;4;449,2039;;;06/12/2019;;;;
4607682;TERRITOIRE;IRS - 144FO - DE GAULLE-LECLERC/AV DE GAULLE-RUE DES MARAIS;;;SFR_COLL;DSP_MAJ_IRISE;;;OR21;OR1;OR21;CST;MCO;OK;17/12/2004;17/12/2004;C;OPT;C;LH;RF40;144;73;71;12;;4;594,6602;;;17/12/2004;;;;
4631511;TERRITOIRE;IRS - 24FO BI/POP POLYATHAS (D94);;;SFR_COLL;DSP_MAJ_IRISE;;;OR21;OR1;OR21;CST;MCO;OK;27/07/2009;27/07/2009;C;OPT;C;DI;RF15;24;20;4;4;;4;24,2070;;;27/07/2009;;;;
4597936;TERRITOIRE;IRS - 72FO - ATTERRAGE NANTERRE 1 (RG)/IRS RUE DES PEUPLIERS;;;SFR_COLL;DSP_MAJ_IRISE;;;OR21;OR1;OR21;CST;MCO;OK;17/04/2012;17/04/2012;C;OPT;C;TR;RF16;72;21;51;6;;4;198,2932;;;17/04/2012;;;;
4630891;TERRITOIRE;IRS - NEW 144FO - BD MELIES-PASTEUR/MELIES_ST CATHERINE;;;SFR_COLL;DSP_MAJ_IRISE;;;OR21;OR1;OR21;CST;MCO;OK;23/09/2009;23/09/2009;C;OPT;C;LH;RF40;144;47;97;12;;4;650,3775;;;23/09/2009;;;;
7201938;TERRITOIRE;IRS - 144FO - 2 RUE HUGEDE / AV P.WILSON_AV GAL GALLIENI;;;SFR_COLL;DSP_MAJ_IRISE;;;OR21;OR1;OR21;CST;MCO;OK;13/08/2013;13/08/2013;C;OPT;C;LH;RF22;144;140;4;12;;4;129,7915;;;13/08/2013;;;;
4636426;TERRITOIRE;IRS - ANGLE BOBET GRANGE/ANGLE GAULLE JONCS MARINS;;;SFR_COLL;DSP_MAJ_IRISE;;;OR21;OR1;OR21;CST;MCO;OK;02/02/2011;02/02/2011;C;OPT;C;LH;RF56;144;36;108;12;;4;183,3080;;;02/02/2011;;;;
22082021;TERRITOIRE;IRS - 12FO - FT313 - 116 RUE DE PARIS / POP CENTRE D ART TIGNOUS MONTREUIL - AA;;;SFR_COLL;DSP_MAJ_IRISE;;;OR21;OR1;OR21;CST;MCO;OK;30/01/2021;30/01/2021;C;OPT;C;DI;RF27;12;8;4;2;;5;20,4164;;;30/01/2021;;;;
16615426;TERRITOIRE;IRS - 24 FO - FT 347 - 22 RUE DE CHEVILLY / FT 302 - 56 RUE DE CHEVILLY (VILLEJUIF);;;SFR_COLL;DSP_MAJ_IRISE;;;OR21;OR1;OR21;CST;MCO;OK;28/11/2019;28/11/2019;C;OPT;C;DI;RF29;24;22;2;4;;5;188,0512;;;28/11/2019;;;;
4632159;TERRITOIRE;IRS - 144FO - AV DU G LECLERC-RUE DES MARAIS/N-1 GS DAGUERRE;;;SFR_COLL;DSP_MAJ_IRISE;;;OR21;OR1;OR21;CST;MCO;OK;23/09/2009;23/09/2009;C;OPT;C;LH;RF40;144;106;38;12;;4;551,3229;;;23/09/2009;;;;
4608270;HORS TERRITOIRE;IRS - 36FO - RUE DES CHAUFFOURS (CERGY)/BD OISE-RUE DES CHAUFFOURS;;;SFR_COLL;DSP_MAJ_IRISE;;;OR21;OR1;OR21;CST;MCO;OK;17/09/2007;17/09/2007;C;OPT;C;TR;RF42;36;32;4;6;;4;386,3004;;;17/09/2007;;;;
4611341;TERRITOIRE;IRS - 48FO - AV GENERAL LECLERC / RD POINT / RD POINT MARAIS GILBARDES;;;SFR_COLL;DSP_MAJ_IRISE;;;OR21;OR1;OR21;CST;MCO;OK;15/07/2009;15/07/2009;C;OPT;C;TR;RF19;48;26;22;4;;4;107,8749;;;15/07/2009;;;;
4632204;TERRITOIRE;IRS - 12FO - N-1 CAMERA 5 / PRC CAMERA 5;;;SFR_COLL;DSP_MAJ_IRISE;;;OR21;OR1;OR21;CST;MCO;OK;08/01/2009;08/01/2009;C;OPT;C;DI;RF38;12;10;2;1;;4;15,2643;;;08/01/2009;;;;
19865333;HORS TERRITOIRE;IRS - 12 FO - 2 RUE LEON BLUM/POP MAISON DES NANGUES VILLIERS SUR MARNE - AA;;;SFR_COLL;DSP_MAJ_IRISE;;;OR21;OR1;OR21;CST;MCO;OK;26/08/2020;26/08/2020;C;OPT;C;DI;RF27;12;10;2;2;;5;14,4015;;;26/08/2020;;;;
14420849;TERRITOIRE;IRS - AV DU PRESIDENT ALLENDE ARCUEIL  - BPE 2 / POP CNAMR4 ETABLISSEMENT MONTROUGE SONATE - AA;;;SFR_COLL;DSP_MAJ_IRISE;;;OR21;OR1;OR21;CST;MCO;OK;25/03/2019;25/03/2019;C;OPT;C;DI;RF37;12;11;1;2;;5;117,7748;;;25/03/2019;;;;
4607221;TERRITOIRE;IRS - 12FO - ADD - POP IGR VILLEJUIF - AB;;;SFR_COLL;DSP_MAJ_IRISE;;;OR21;OR1;OR21;CST;MCO;OK;21/03/2005;21/03/2005;C;OPT;C;DI;RF14;12;8;4;2;;4;123,6773;;;21/03/2005;;;;
4632278;TERRITOIRE;IRS - 24FO - BI/POP IRIS (D17);;;SFR_COLL;DSP_MAJ_IRISE;;;OR21;OR1;OR21;CST;MCO;OK;22/07/2009;22/07/2009;C;OPT;C;DI;RF15;24;20;4;4;;4;31,0161;;;22/07/2009;;;;
4609231;TERRITOIRE;IRS - 12FO - POP FTTS CHAVILLE/BI CHAVILLE - AA;;;SFR_COLL;DSP_MAJ_IRISE;;;OR21;OR1;OR21;CST;MCO;OK;17/01/2012;17/01/2012;C;OPT;C;DI;RF38;12;8;4;1;;4;24,0269;;;17/01/2012;;;;
4607251;TERRITOIRE;IRS - 101 AV COUTURIER/ADD 2;;;SFR_COLL;DSP_MAJ_IRISE;;;OR21;OR1;OR21;CST;MCO;OK;21/03/2005;21/03/2005;C;OPT;C;DI;RF38;12;8;4;1;;4;947,1291;;;21/03/2005;;;;
7328556;TERRITOIRE;IRS - 144FO - VAILLANT DEBARCADERE/N-1 ECOLE DE DANSE DE PANTIN - BPE2;;;SFR_COLL;DSP_MAJ_IRISE;;;OR21;OR1;OR21;CST;MCO;OK;05/06/2013;05/06/2013;C;OPT;C;LH;RF22;144;142;2;12;;4;443,6920;;;05/06/2013;;;;
11030147;TERRITOIRE;24 FO - IRS - IRS - ADD1 BI 163 QUAI DOCTEUR DERVEAUX/POP LABORDE GESTION QUAI DOCTEUR DERVEAUX - AA;;;SFR_COLL;DSP_MAJ_IRISE;;;OR21;OR1;OR21;CST;MCO;OK;13/03/2017;13/03/2017;C;OPT;C;DI;RF30;24;24;0;4;;4;1,9854;;;13/03/2017;;;;
4602563;TERRITOIRE;IRS - 48 FO - MAIRIE DE ROMAINVILLE/4 RUE DE PARIS ROMAINVILLE;;;SFR_COLL;DSP_MAJ_IRISE;;;OR21;OR1;OR21;CST;MCO;OK;28/04/2004;28/04/2004;C;OPT;C;TR;RF151;48;43;5;4;;101;27,7022;;;28/04/2004;;;;
26731003;TERRITOIRE;IRS - 12 FO - RUE CHABROL / POP GS ROSENBERG LA COURNEUVE;;;SFR_COLL;DSP_MAJ_IRISE;;;OR21;OR1;OR21;CST;MCO;OK;26/10/2021;26/10/2021;C;OPT;C;DI;RF37;12;10;2;2;;5;793,7126;;;26/10/2021;;;;
4609280;TERRITOIRE;IRS - PERI-CHAMPEAUD/PERI-11NOVEMBRE MONTROUGE;;;SFR_COLL;DSP_MAJ_IRISE;;;OR21;OR1;OR21;CST;MCO;OK;18/01/2006;18/01/2006;C;OPT;C;TR;RF78;72;70;2;6;;5;352,3090;;;18/01/2006;;;;
4639664;HORS TERRITOIRE;IRS - 144 FO - AVENUE GROS CHENE/AV GROS CHENE_ROSA LUXEMBOURG-1;;;SFR_COLL;DSP_MAJ_IRISE;;;OR21;OR1;OR21;CST;MCO;OK;03/05/2012;03/05/2012;C;OPT;C;LH;RF40;144;132;12;12;;4;397,3274;;;03/05/2012;;;;
4610630;TERRITOIRE;IRS-31 AV CHANDON/PPI GENNEVILLIERS;;;SFR_COLL;DSP_MAJ_IRISE;;;OR21;OR1;OR21;CST;MCO;OK;21/04/2006;21/04/2006;C;OPT;C;DI;RF14;12;8;4;2;;4;27,4457;;;21/04/2006;;;;
4607375;TERRITOIRE;IRS - ADD 24FO LOCAL CHAUFFERIE/LOCAL INFO MAIRIE;;;SFR_COLL;DSP_MAJ_IRISE;;;OR21;OR1;OR21;CST;MCO;OK;03/09/2009;03/09/2009;C;OPT;C;DI;RF15;24;22;2;4;;4;8,2279;;;03/09/2009;;;;
7263889;HORS TERRITOIRE;IRS - 144FO - BAG BPE1/BPE2 - PICASSO - BPE N-1 URA MONTFERMEIL;;;SFR_COLL;DSP_MAJ_IRISE;;;OR21;OR1;OR21;CST;MCO;OK;04/09/2013;04/09/2013;C;OPT;C;LH;RF22;144;134;10;12;;4;22,3066;;;04/09/2013;;;;
10958426;TERRITOIRE;24FO - IRS - ISH - POP MICROMANIA AV. MARGUERITES/BI MICROMANIA AV. MARGUERITES - AA;;;SFR_COLL;DSP_MAJ_IRISE;;;OR21;OR1;OR21;CST;MCO;OK;24/02/2017;24/02/2017;C;OPT;C;DI;RF48;24;23;1;4;;4;3,6468;;;24/02/2017;;;;
7470305;HORS TERRITOIRE;IRS - 144FO - RUE DES GLAISES / 197 BOULEVARD DE PONTOISE;;;SFR_COLL;DSP_MAJ_IRISE;;;OR21;OR1;OR21;CST;MCO;OK;28/03/2012;28/03/2012;C;OPT;C;LH;RF40;144;82;62;12;;4;444,8959;;;28/03/2012;;;;
4631909;TERRITOIRE;IRS - 48FO - 38 RUE HAUTES PATURES/CREDIT COOPERATIF HAUTES PATURES NANTERRE - BA;;;SFR_COLL;DSP_MAJ_IRISE;;;OR21;OR1;OR21;CST;MCO;OK;07/05/2009;07/05/2009;C;OPT;C;TR;RF19;48;48;0;4;;4;213,4834;;;07/05/2009;;;;
4613112;TERRITOIRE;IRS- 22 RUE PV COUTURIER/55 AV JEAN JAURES-PERI CLAMART;;;SFR_COLL;DSP_MAJ_IRISE;;;OR21;OR1;OR21;CST;MCO;OK;16/05/2006;16/05/2006;C;OPT;C;TR;RF19;48;44;4;4;;4;321,7975;;;16/05/2006;;;;
4608607;TERRITOIRE;IRS - 24FO N-1 ROMAINVILLE 2000/ROMAINVILLE 2000 - AA;;;SFR_COLL;DSP_MAJ_IRISE;;;OR21;OR1;OR21;CST;MCO;OK;06/09/2010;06/09/2010;C;OPT;C;DI;RF15;24;16;8;4;;4;27,2364;;;06/09/2010;;;;
4642094;TERRITOIRE;IRS - 72FO - AV PDT KENNEDY-AV DE BOURGOGNE/N-1 URA MASSY - ANGLE AVENUE DU PRESIDENT KENNEDY x RUE DE LONDRES;;;SFR_COLL;DSP_MAJ_IRISE;;;OR21;OR1;OR21;CST;MCO;OK;21/05/2012;21/05/2012;C;OPT;C;TR;RF16;72;70;2;6;;4;714,2166;;;21/05/2012;;;;
4995441;TERRITOIRE;IRS - 48 FO - IRS SAINT-ROCH GUYNEMER / BI 1 PLACE DE LA MAIRIE;;;SFR_COLL;DSP_MAJ_IRISE;;;OR21;OR1;OR21;CST;MCO;OK;19/11/2012;19/11/2012;C;OPT;C;TR;RF152;48;43;5;12;;4;494,5049;;;19/11/2012;;;;
4627605;TERRITOIRE;IRS -  48FO CACHIN RESISTANCE/RUE CACHIN ROMAINVILLE-2;;;SFR_COLL;DSP_MAJ_IRISE;;;OR21;OR1;OR21;CST;MCO;OK;20/03/2008;20/03/2008;C;OPT;C;TR;RF19;48;38;10;4;;4;323,2663;;;20/03/2008;;;;
4610997;TERRITOIRE;IRS - 81 RUE DHALENNE  ST OUEN/23 BD JEAN JAURES SAINT OUEN;;;SFR_COLL;DSP_MAJ_IRISE;;;OR21;OR1;OR21;CST;MCO;OK;19/10/2006;19/10/2006;C;OPT;C;LH;RF40;144;26;118;12;;4;239,1741;;;19/10/2006;;;;
8800691;TERRITOIRE;IRS - 144FO - BD PRESSENCE / CHB PRESSENCE - BPE2;;;SFR_COLL;DSP_MAJ_IRISE;;;OR21;OR1;OR21;CST;MCO;OK;18/11/2014;18/11/2014;C;OPT;C;LH;RF22;144;67;77;12;;4;383,1067;;;18/11/2014;;;;
4607948;TERRITOIRE;IRS - 72FO - CH IRISE 686 - PLACE MARQUIS-RUE DES ROCHERS / 45 RUE DE TROISY;;;SFR_COLL;DSP_MAJ_IRISE;;;OR21;OR1;OR21;CST;MCO;OK;24/10/2005;24/10/2005;C;OPT;C;TR;RF16;72;52;20;6;;4;480,7072;;;24/10/2005;;;;
7261331;TERRITOIRE;IRS - 144FO - 66 QUAI DU MAL JOFFRE / RUE DU CHEMIN VERT;;;SFR_COLL;DSP_MAJ_IRISE;;;OR21;OR1;OR21;CST;MCO;OK;04/09/2013;04/09/2013;C;OPT;C;LH;RF22;144;139;5;12;;4;829,4434;;;04/09/2013;;;;
4633191;TERRITOIRE;IRS _ 24FO BI/POP RCE BERGERE (D89);;;SFR_COLL;DSP_MAJ_IRISE;;;OR21;OR1;OR21;CST;MCO;OK;28/07/2009;28/07/2009;C;OPT;C;DI;RF15;24;20;4;4;;4;21,1896;;;28/07/2009;;;;
4594705;TERRITOIRE;IRS - 15 QUAI GNL GALLIENI/POP NUMERICABLE SURESNES;;;SFR_COLL;DSP_MAJ_IRISE;;;OR21;OR1;OR21;CST;MCO;OK;10/04/2002;10/04/2002;C;OPT;C;DI;RF38;12;8;4;1;;4;115,0175;;;10/04/2002;;;;
6709650;TERRITOIRE;IRS - 36 FO - ANGLE RUE LUCIE AUBRAC_RUE DE ROSNY(MONTREUIL)/POP CNAM ROSNY MONTREUIL - AA;;;SFR_COLL;DSP_MAJ_IRISE;;;OR21;OR1;OR21;CST;MCO;OK;17/06/2013;17/06/2013;C;OPT;C;TR;RF26;36;36;0;6;;4;60,9276;;;17/06/2013;;;;
18208033;TERRITOIRE;IRS - 24FO - POP MAIRIE FONTENAY AUX ROSES / POP MAIRIE FONTENAY AUX ROSES -AB;;;SFR_COLL;DSP_MAJ_IRISE;;;OR21;OR1;OR21;CST;MCO;OK;26/11/2019;26/11/2019;C;OPT;C;DI;RF29;24;20;4;4;;5;28,3012;;;26/11/2019;;;;
15195906;TERRITOIRE;IRS - BI POP LA CRECHE SUR LE TOIT/POP TOUR ALTAIS MONTREUIL - AA;;;SFR_COLL;DSP_MAJ_IRISE;;;OR21;OR1;OR21;CST;MCO;OK;02/07/2019;02/07/2019;C;OPT;C;DI;RF29;24;6;18;4;;5;188,9237;;;02/07/2019;;;;
4615798;TERRITOIRE;IRS - NEW - 144FO - AV DU GAL DE GAULLE/NEW PAVE BLANC;;;SFR_COLL;DSP_MAJ_IRISE;;;OR21;OR1;OR21;CST;MCO;OK;30/11/2010;30/11/2010;C;OPT;C;LH;RF40;144;80;64;12;;4;645,1318;;;30/11/2010;;;;
4628065;TERRITOIRE;IRS - 12FO - N-1 GS CACHIN/POP GS CACHIN;;;SFR_COLL;DSP_MAJ_IRISE;;;OR21;OR1;OR21;CST;MCO;OK;20/03/2008;20/03/2008;C;OPT;C;DI;RF38;12;8;4;1;;4;236,8424;;;20/03/2008;;;;
4597376;HORS TERRITOIRE;IRS-RUE DES 2 GARES/BPE TELCITE STATION RUEIL MALMAISON;;;SFR_COLL;DSP_MAJ_IRISE;;;OR21;OR1;OR21;CST;MCO;OK;04/09/2006;04/09/2006;C;OPT;C;TR;RF19;48;48;0;4;;4;20,2553;;;04/09/2006;;;;
4611623;TERRITOIRE;BPE 3 ESSEN/LT DUBLIN3 RUNGIS;;;SFR_COLL;DSP_MAJ_IRISE;;;OR21;OR1;OR21;CST;MCO;OK;06/02/2006;06/02/2006;C;OPT;C;DI;RF14;12;8;4;2;;4;18,5993;;;06/02/2006;;;;
7228369;TERRITOIRE;IRS - 72FO - FT - 93048/2454 - RUE DE ROSNY (MONTREUIL) / IRS - FT - IRS - 93048/2490 - RUE DE ROSNY (MONTREUIL);;;SFR_COLL;DSP_MAJ_IRISE;;;OR21;OR1;OR21;CST;MCO;OK;26/08/2013;26/08/2013;C;OPT;C;TR;RF28;72;71;1;6;;4;143,5931;;;26/08/2013;;;;
4609664;TERRITOIRE;IRS - 48FO - ANGLE CARREL_PROGRES/29 RUE DU PROGRES;;;SFR_COLL;DSP_MAJ_IRISE;;;OR21;OR1;OR21;CST;MCO;OK;03/01/2008;03/01/2008;C;OPT;C;TR;RF19;48;33;15;4;;4;146,5807;;;03/01/2008;;;;
15509477;TERRITOIRE;IRISE - 24 FO - N-1 POP POLE SENIORS LES LILAS / N-1 POP FETES ET CEREMONIES;;;SFR_COLL;DSP_MAJ_IRISE;;;OR21;OR1;OR21;CST;MCO;OK;06/08/2019;06/08/2019;C;OPT;C;DI;RF29;24;20;4;4;;5;436,0272;;;06/08/2019;;;;
4608395;HORS TERRITOIRE;IRS - 48FO - N-1 URA VERRIERES/AV DE LA GARE PK19120;;;SFR_COLL;DSP_MAJ_IRISE;;;OR21;OR1;OR21;CST;MCO;OK;13/07/2004;13/07/2004;C;OPT;C;TR;RF19;48;34;14;4;;4;780,9122;;;13/07/2004;;;;
4600013;TERRITOIRE;IRS - VOLTAIRE-PROGRES/?? VERS RUE DE FONTENAY;;;SFR_COLL;DSP_MAJ_IRISE;;;OR21;OR1;OR21;CST;MCO;OK;04/10/2004;04/10/2004;C;OPT;C;TR;RF16;72;50;22;6;;4;414,1547;;;04/10/2004;;;;
5853969;TERRITOIRE;IRS - 36FO - POP JUNGHEINRICH PL DU RHONE RUNGIS / ANGLE LONGJUMEAU SOLETS 2 - AA;;;SFR_COLL;DSP_MAJ_IRISE;;;OR21;OR1;OR21;CST;MCO;OK;11/03/2013;11/03/2013;C;OPT;C;TR;RF26;36;36;0;6;;4;322,4784;;;11/03/2013;;;;
4608786;TERRITOIRE;IRS - 32 RUE GABRIEL PERI/PERI-GINOUX MONTROUGE;;;SFR_COLL;DSP_MAJ_IRISE;;;OR21;OR1;OR21;CST;MCO;OK;07/07/2005;07/07/2005;C;OPT;C;TR;RF19;48;44;4;4;;4;138,2356;;;07/07/2005;;;;
4594861;HORS TERRITOIRE;IRS - 144FO - GRANDE RUE (GARCHES)/RUE CLAUDE LIARD;;;SFR_COLL;DSP_MAJ_IRISE;;;OR21;OR1;OR21;CST;MCO;OK;19/07/2012;19/07/2012;C;OPT;C;LH;RF40;144;142;2;12;;4;358,9666;;;19/07/2012;;;;
13451247;TERRITOIRE;IRS - 24FO - POP SHELTER EST PESARO ENTREE 3 FONTANOT 92000 NANTERRE / POP ENTREE GALERIE 3 FONTANOT 92000 NANTERRE;;;SFR_COLL;DSP_MAJ_IRISE;;;OR21;OR1;OR21;CST;MCO;OK;11/10/2018;11/10/2018;C;OPT;C;DI;RF31;24;22;2;2;;5;637,3464;;;11/10/2018;;;;
4611246;TERRITOIRE;BPE 5 ESSEN/LT GENEVE RUNGIS;;;SFR_COLL;DSP_MAJ_IRISE;;;OR21;OR1;OR21;CST;MCO;OK;06/02/2006;06/02/2006;C;OPT;C;TR;RF42;36;20;16;6;;4;338,7389;;;06/02/2006;;;;
4632341;TERRITOIRE;IRS - 12 FO - POP FTTS NANTERRE BIS/BPI 2 AVENUE BENOIT FRACHON - AA;;;SFR_COLL;DSP_MAJ_IRISE;;;OR21;OR1;OR21;CST;MCO;OK;15/12/2011;15/12/2011;C;OPT;C;DI;RF14;12;8;4;2;;4;36,9044;;;15/12/2011;;;;
10801646;TERRITOIRE;IRS - 36FO - VOIE DU MOULIN / BI POP FTTS THIAIS GRANDS CHAMPS;;;SFR_COLL;DSP_MAJ_IRISE;;;OR21;OR1;OR21;CST;MCO;OK;15/07/2013;15/07/2013;C;OPT;C;TR;RF26;36;32;4;6;;4;377,4391;;;15/07/2013;;;;
4640709;TERRITOIRE;IRS - 36 FO - BI PLACE CAMILLE BLANC/PLACE CAMILLE BLANC;;;SFR_COLL;DSP_MAJ_IRISE;;;OR21;OR1;OR21;CST;MCO;OK;23/01/2012;23/01/2012;C;OPT;C;TR;RF42;36;32;4;6;;4;58,4831;;;23/01/2012;;;;
28685858;TERRITOIRE;IRS - 32 RUE CARVES (MONTROUGE) - BPE 1 / POP N002 CHAMBRE IRISEE MONTROUGE;;;SFR_COLL;DSP_MAJ_IRISE;;;OR21;OR1;OR21;CST;MCO;OK;30/12/2021;30/12/2021;C;OPT;C;DI;RF37;12;10;2;2;;5;72,8520;;;30/12/2021;;;;
36650669;TERRITOIRE;24 FO - FT242 - 34 RUE DU LANDY / IRS 37 RUE GAETANT LAMY;;;SFR_COLL;DSP_MAJ_IRISE;;;OR21;OR1;OR21;CST;MCO;OK;10/02/2023;10/02/2023;C;OPT;C;DI;RF29;24;22;2;4;;5;420,9912;;;10/02/2023;;;;
4610924;TERRITOIRE;IRS - 144FO - BI PARKING OPHLM / IRS - RUE DE STALINGRAD;;;SFR_COLL;DSP_MAJ_IRISE;;;OR21;OR1;OR21;CST;MCO;OK;09/08/2010;09/08/2010;C;OPT;C;LH;RF40;144;126;18;12;;4;529,9293;;;09/08/2010;;;;
12418943;HORS TERRITOIRE;IRS - 12FO - FT780 - N-1 POP LYCEE CAMILLE PISSARRO / POP LYCEE POLYVALENT CAMILLE PISSARRO - AA;;;SFR_COLL;DSP_MAJ_IRISE;;;OR21;OR1;OR21;CST;MCO;OK;20/01/2018;20/01/2018;C;OPT;C;DI;RF27;12;11;1;2;;5;87,7076;;;20/01/2018;;;;
4633072;TERRITOIRE;IRS - PARC DES ANCIENNES MAIRIES/RUE DU CASTEL MARLY;;;SFR_COLL;DSP_MAJ_IRISE;;;OR21;OR1;OR21;CST;MCO;OK;08/04/2010;08/04/2010;C;OPT;C;TR;RF16;72;70;2;6;;4;394,0412;;;08/04/2010;;;;
6689173;TERRITOIRE;IRS - 144FO - BD MELIES-PASTEUR/ANGLE ROUTE DE BRY-BOULEVARD JEAN MONNET;;;SFR_COLL;DSP_MAJ_IRISE;;;OR21;OR1;OR21;CST;MCO;OK;14/06/2013;14/06/2013;C;OPT;C;LH;RF22;144;140;4;12;;4;183,6135;;;14/06/2013;;;;
6231889;TERRITOIRE;IRS - 36FO - MAIRIE DE CACHAN/CAMILLE DESMOULINS;;;SFR_COLL;DSP_MAJ_IRISE;;;OR21;OR1;OR21;CST;MCO;OK;22/04/2013;22/04/2013;C;OPT;C;TR;RF50;36;29;7;3;;4;77,9298;;;22/04/2013;;;;
4637502;TERRITOIRE;IRS - POP OPHLM GAGARINE VITRY/N-1;;;SFR_COLL;DSP_MAJ_IRISE;;;OR21;OR1;OR21;CST;MCO;OK;25/01/2011;25/01/2011;C;OPT;C;DI;RF15;24;24;0;4;;4;27,7297;;;25/01/2011;;;;
4606829;TERRITOIRE;IRS 24 FO - BI CARRARD / CARRARD K2 PROPRETE - AA;;;SFR_COLL;DSP_MAJ_IRISE;;;OR21;OR1;OR21;CST;MCO;OK;23/01/2012;23/01/2012;C;OPT;C;DI;RF15;24;24;0;4;;4;16,3729;;;23/01/2012;;;;
4597438;TERRITOIRE;IRS - 6 RUE PIERRE BROSSOLETE/1RUE PIERRE BROSSOLETE;;;SFR_COLL;DSP_MAJ_IRISE;;;OR21;OR1;OR21;CST;MCO;OK;30/01/2001;30/01/2001;C;OPT;C;TR;RF62;60;52;8;5;;183;99,8002;;;30/01/2001;;;;
15195907;TERRITOIRE;IRS - 72FO - 34 RUE DE ROSNY (MONTREUIL) /20 AV DU PRESIDENT WILSON;;;SFR_COLL;DSP_MAJ_IRISE;;;OR21;OR1;OR21;CST;MCO;OK;02/07/2019;02/07/2019;C;OPT;C;TR;RF155;72;60;12;12;;5;617,1959;;;02/07/2019;;;;
7574977;HORS TERRITOIRE;IRS - 36FO - 14 R JACOB /  POP BT_ASTRAZENECA LAB PL RENAULT - AA;;;SFR_COLL;DSP_MAJ_IRISE;;;OR21;OR1;OR21;CST;MCO;OK;04/12/2013;04/12/2013;C;OPT;C;TR;RF26;36;36;0;6;;4;250,6016;;;04/12/2013;;;;
6689170;HORS TERRITOIRE;IRS - 144FO - 29 RUE FRIEDBERG / FT 379 - ROUTE DE BRY - RUE ADRIEN MENTIENNE;;;SFR_COLL;DSP_MAJ_IRISE;;;OR21;OR1;OR21;CST;MCO;OK;14/06/2013;14/06/2013;C;OPT;C;LH;RF22;144;140;4;12;;4;515,4063;;;14/06/2013;;;;
4617119;TERRITOIRE;IRS - 72FO  IRS - BATANY-ESTIENNE D ORVES/IRS RUE LIEUTENANT BATANI;;;SFR_COLL;DSP_MAJ_IRISE;;;OR21;OR1;OR21;CST;MCO;OK;22/04/2009;22/04/2009;C;OPT;C;TR;RF16;72;13;59;6;;4;514,6831;;;22/04/2009;;;;
4609567;TERRITOIRE;IRS - 12FO - MONMOUSSEAU_MOULIN NEUF/PRC ECOLE GUY MOCQUET;;;SFR_COLL;DSP_MAJ_IRISE;;;OR21;OR1;OR21;CST;MCO;OK;16/01/2008;16/01/2008;C;OPT;C;DI;RF111;12;8;4;1;;22;52,0428;;;16/01/2008;;;;
4606823;TERRITOIRE;IRS - JULES MANSARD BPE1/POP MAISON DES JEUNES;;;SFR_COLL;DSP_MAJ_IRISE;;;OR21;OR1;OR21;CST;MCO;OK;19/01/2005;19/01/2005;C;OPT;C;DI;RF14;12;10;2;2;;4;31,9945;;;19/01/2005;;;;
4596755;TERRITOIRE;IRS - CH08/IRS - SANZILLON_HUGO-2;;;SFR_COLL;DSP_MAJ_IRISE;;;OR21;OR1;OR21;CST;MCO;OK;06/10/2010;06/10/2010;C;OPT;C;TR;RF19;48;0;48;4;;4;387,9672;;;06/10/2010;;;;
16550130;TERRITOIRE;IRS - 24 FO - FT120 - RUE DE VERDUN / FT 347 - 22 RUE DE CHEVILLY;;;SFR_COLL;DSP_MAJ_IRISE;;;OR21;OR1;OR21;CST;MCO;OK;22/11/2019;22/11/2019;C;OPT;C;DI;RF29;24;22;2;4;;5;551,9769;;;22/11/2019;;;;
38591778;TERRITOIRE;IRS - 24 FO - FT895 - POP POP CAMERA N_6 _MONTROUGE  / 105 AV HENRI GINOUX;;;SFR_COLL;DSP_MAJ_IRISE;;;OR21;OR1;OR21;CST;MCO;OK;26/05/2023;26/05/2023;C;OPT;C;DI;RF29;24;20;4;4;;5;407,5090;;;26/05/2023;;;;
8448625;TERRITOIRE;IRS - 72FO - RUE DANTON-THOMAS/SITE KREMLIN BICETRE;;;SFR_COLL;DSP_MAJ_IRISE;;;OR21;OR1;OR21;CST;MCO;OK;29/07/2014;29/07/2014;C;OPT;C;TR;RF28;72;66;6;6;;4;734,5520;;;29/07/2014;;;;
4635217;TERRITOIRE;IRS - RUE JEAN MARIN NAUDIN/RUE DES MEUNIERS-LOUIS PASTEURS BAGNEUX;;;SFR_COLL;DSP_MAJ_IRISE;;;OR21;OR1;OR21;CST;MCO;OK;26/01/2011;26/01/2011;C;OPT;C;TR;RF113;48;19;29;4;;106;956,5492;;;26/01/2011;;;;
4594722;TERRITOIRE;IRS - COQUELIN-RONDENAY/PETITE SAUSSAIE;;;SFR_COLL;DSP_MAJ_IRISE;;;OR21;OR1;OR21;CST;MCO;OK;15/11/2002;15/11/2002;C;OPT;C;TR;RF12;48;13;35;6;;5;1153,4515;;;15/11/2002;;;;
4607338;TERRITOIRE;IRS - MATERNELLE A BRIAND/ECOLE ELEMENTAIRE A BRIAND MONTROUGE;;;SFR_COLL;DSP_MAJ_IRISE;;;OR21;OR1;OR21;CST;MCO;OK;12/10/2005;12/10/2005;C;OPT;C;DI;RF14;12;12;0;2;;4;31,9871;;;12/10/2005;;;;
25887789;TERRITOIRE;IRS - 36 FO - IRS - 55 RUE GABRIEL PERI / IRS - FT 862 - 28 RUE PAUL VAILLANT COUTURIER;;;SFR_COLL;DSP_MAJ_IRISE;;;OR21;OR1;OR21;CST;MCO;OK;21/09/2021;21/09/2021;C;OPT;C;TR;RF50;36;36;0;3;;4;513,2853;;;21/09/2021;;;;
36641702;TERRITOIRE;CH SAT SECURISEE CAM30 FT_257 / CH SAT SECURISEE CAM52_FT256;;;SFR_COLL;DSP_MAJ_IRISE;;;OR21;OR1;OR21;CST;MCO;OK;09/02/2023;09/02/2023;C;OPT;C;DI;RF27;12;9;3;2;;5;134,8895;;;09/02/2023;;;;
22466977;TERRITOIRE;IRS - 12FO - FT2097 - 2 RUE CLAUDE BERNARD / POP ANTENNE MARCEL CACHIN MONTREUIL - AA;;;SFR_COLL;DSP_MAJ_IRISE;;;OR21;OR1;OR21;CST;MCO;OK;26/02/2021;26/02/2021;C;OPT;C;DI;RF27;12;8;4;2;;5;18,0884;;;26/02/2021;;;;
4609710;TERRITOIRE;IRS - 24FO - PLACE DAVID MOREAU / PRC INEO 7;;;SFR_COLL;DSP_MAJ_IRISE;;;OR21;OR1;OR21;CST;MCO;OK;01/02/2011;01/02/2011;C;OPT;C;DI;RF15;24;22;2;4;;4;24,4259;;;01/02/2011;;;;
14925490;TERRITOIRE;IRS - 36 FO - AVENUE DE LA DIVISION LECLERC ( PANTIN) - BPE 1/FT 35 - RUE RAMEAU ( BOBUGNY) - BPE 1;;;SFR_COLL;DSP_MAJ_IRISE;;;OR21;OR1;OR21;CST;MCO;OK;29/05/2019;29/05/2019;C;OPT;C;TR;RF26;36;36;0;6;;4;1291,1666;;;29/05/2019;;;;
4604878;HORS TERRITOIRE;IRS - 144FO - TRACE ? - LD02/BD DE LA REPUBLIQUE;;;SFR_COLL;DSP_MAJ_IRISE;;;OR21;OR1;OR21;CST;MCO;OK;30/08/2004;30/08/2004;C;OPT;C;LH;RF21;144;94;50;12;;145;18,5180;;;30/08/2004;;;;
6694929;TERRITOIRE;IRS - 36FO - 116 RUE AMBROISE CROIZAT/POP POLE TECHNIQUE COMMUNE DE VILLEJUIF - AA;;;SFR_COLL;DSP_MAJ_IRISE;;;OR21;OR1;OR21;CST;MCO;OK;17/06/2013;17/06/2013;C;OPT;C;TR;RF26;36;24;12;6;;4;36,9266;;;17/06/2013;;;;
4608139;TERRITOIRE;IRS - RUE MAURICE ARNOUX-GUESDES/CRECHE MULIN MONTROUGE;;;SFR_COLL;DSP_MAJ_IRISE;;;OR21;OR1;OR21;CST;MCO;OK;17/11/2005;17/11/2005;C;OPT;C;DI;RF14;12;8;4;2;;4;260,1459;;;17/11/2005;;;;
4613421;TERRITOIRE;IRS - 144FO - CARNOT PREFECTURE B501 BOB 003/302 COUTURIER);;;SFR_COLL;DSP_MAJ_IRISE;;;OR21;OR1;OR21;CST;MCO;OK;26/11/2007;26/11/2007;C;OPT;C;LH;RF56;144;55;89;12;;4;504,3554;;;26/11/2007;;;;
4599676;TERRITOIRE;IRS - RUE AMBROISE CROIZAT-RUE MARCEL PAUL/RUE MOCQUET-ALLEE BECQUEREL;;;SFR_COLL;DSP_MAJ_IRISE;;;OR21;OR1;OR21;CST;MCO;OK;18/04/2003;18/04/2003;C;OPT;C;TR;RF12;48;44;4;6;;5;413,6452;;;18/04/2003;;;;
4601071;TERRITOIRE;IRS - 144FO - RUE CARNOT PREFECTURE BOBIGNY/BD THOREZ - AV SEMARD;;;SFR_COLL;DSP_MAJ_IRISE;;;OR21;OR1;OR21;CST;MCO;OK;09/12/2003;09/12/2003;C;OPT;C;LH;RF122;144;38;106;12;;5;391,3025;;;09/12/2003;;;;
4610966;TERRITOIRE;IRS-AV PDT WILSON-RUE GALLIENI/BPE PARKING CA MONTREUIL;;;SFR_COLL;DSP_MAJ_IRISE;;;OR21;OR1;OR21;CST;MCO;OK;14/02/2007;14/02/2007;C;OPT;C;TR;RF16;72;68;4;6;;4;176,3149;;;14/02/2007;;;;
4597615;TERRITOIRE;IRS - 144FO - AV COUTURIER/VAILLANT COUTURIER MALON;;;SFR_COLL;DSP_MAJ_IRISE;;;OR21;OR1;OR21;CST;MCO;OK;18/10/2004;18/10/2004;C;OPT;C;LH;RF56;144;59;85;12;;4;587,1594;;;18/10/2004;;;;
9110161;HORS TERRITOIRE;36 FO - IRS -AVE-DES BEGUINES /  ANGLE RUE DU CHEMIN DE FER/RUE DES GUENOTTES (CERGY);;;SFR_COLL;DSP_MAJ_IRISE;;;OR21;OR1;OR21;CST;MCO;OK;27/04/2015;27/04/2015;C;OPT;C;TR;RF26;36;34;2;6;;4;524,0126;;;27/04/2015;;;;
17859877;TERRITOIRE;36 FO - IRISE - RUE DANIELLE CASANOVA / FT 895 - RUE LEDRU ROLLIN IVRY SUR SEINE;;;SFR_COLL;DSP_MAJ_IRISE;;;OR21;OR1;OR21;CST;MCO;OK;26/03/2020;26/03/2020;C;OPT;C;TR;RF50;36;36;0;3;;4;469,5414;;;26/03/2020;;;;
4611514;TERRITOIRE;IRS - 12FO - PLACE DE L'EGLISE/POP ROMAINVILLE PIJ;;;SFR_COLL;DSP_MAJ_IRISE;;;OR21;OR1;OR21;CST;MCO;OK;03/11/2006;03/11/2006;C;OPT;C;DI;RF14;12;10;2;2;;4;160,0674;;;03/11/2006;;;;
4631630;TERRITOIRE;IRS 24FO N-1/BI MEDIATHEQUE (D92);;;SFR_COLL;DSP_MAJ_IRISE;;;OR21;OR1;OR21;CST;MCO;OK;20/08/2009;20/08/2009;C;OPT;C;DI;RF15;24;18;6;4;;4;52,2864;;;20/08/2009;;;;
15505320;TERRITOIRE;IRISE - 24FO - AVENUE DU MARECHAL JUIN  / RUE DE ROMAIN VILLE;;;SFR_COLL;DSP_MAJ_IRISE;;;OR21;OR1;OR21;CST;MCO;OK;06/08/2019;06/08/2019;C;OPT;C;DI;RF29;24;22;2;4;;5;919,6292;;;06/08/2019;;;;
4631007;HORS TERRITOIRE;IRS - 24 FO - N-1 POP ENERTRAG CERGY/POP ENERTRAG - AA;;;SFR_COLL;DSP_MAJ_IRISE;;;OR21;OR1;OR21;CST;MCO;OK;26/05/2011;26/05/2011;C;OPT;C;DI;RF15;24;22;2;4;;4;25,9394;;;26/05/2011;;;;
4616395;TERRITOIRE;IRS - 12FO - RUE 8 MAI /   BPI - POP BONNEUIL SUR MARNE - FOYER VOELCKEL;;;SFR_COLL;DSP_MAJ_IRISE;;;OR21;OR1;OR21;CST;MCO;OK;03/12/2007;03/12/2007;C;OPT;C;DI;RF27;12;6;6;2;;5;132,6499;;;03/12/2007;;;;
30753068;HORS TERRITOIRE;IRS - 20 RUE TURGOT/PONT DE MAISON LAFITTE;;;SFR_COLL;DSP_MAJ_IRISE;;;OR21;OR1;OR21;CST;MCO;OK;24/05/2004;24/05/2004;C;OPT;C;LH;RF74;144;101;43;12;;100;215,3371;;;24/05/2004;;;;
19501186;TERRITOIRE;IRS - 36 FO - FT 722 - 50 RUE ETIENNE DOLET / FT 528 - 2 RUE DE LYON ( ALFORTVILLE );;;SFR_COLL;DSP_MAJ_IRISE;;;OR21;OR1;OR21;CST;MCO;OK;30/07/2020;30/07/2020;C;OPT;C;TR;RF50;36;36;0;3;;4;1292,3479;;;30/07/2020;;;;
15580345;TERRITOIRE;IRS - 36 FO - FT 63 - 17 BD DU GENERAL LECLERC / FT 633 - 38 BD VICTOR HUGO (CLICHY);;;SFR_COLL;DSP_MAJ_IRISE;;;OR21;OR1;OR21;CST;MCO;OK;17/08/2019;17/08/2019;C;OPT;C;TR;RF50;36;36;0;3;;4;862,7599;;;17/08/2019;;;;
7847285;TERRITOIRE;IRS - 72FO P9306-PT1560 / 132 AV DU PRESIDENT WILSON - AB PROD ADD1;;;SFR_COLL;DSP_MAJ_IRISE;;;OR21;OR1;OR21;CST;MCO;OK;20/02/2014;20/02/2014;C;OPT;C;TR;RF28;72;70;2;6;;4;76,6203;;;20/02/2014;;;;
4599293;TERRITOIRE;72 FO - IRISE - ANGLE GARDINOUX-HUGO - BPE 1 / 141 AV VICTOR HUGO;;;SFR_COLL;DSP_MAJ_IRISE;;;OR21;OR1;OR21;CST;MCO;OK;21/02/2005;21/02/2005;C;OPT;C;TR;RF16;72;18;54;6;;4;854,2694;;;21/02/2005;;;;
18384353;TERRITOIRE;IRS - 36 FO - IRS - FT 2763 - 23 RUE DU REFUGE / IRS - FT 2977 - 30-32 RUE DU PARC DE CLAGNY;;;SFR_COLL;DSP_MAJ_IRISE;;;OR21;OR1;OR21;CST;MCO;OK;15/05/2020;15/05/2020;C;OPT;C;TR;RF50;36;36;0;3;;4;1907,5772;;;15/05/2020;;;;
4598060;TERRITOIRE;ADD 24FO - CHARLES FOIX;;;SFR_COLL;DSP_MAJ_IRISE;;;OR21;OR1;OR21;CST;MCO;OK;05/06/2004;05/06/2004;C;OPT;C;DI;RF15;24;12;12;4;;4;115,5725;;;05/06/2004;;;;
4596865;TERRITOIRE;IRS - 87 AV ARISTIDE BRIAND/105 AV ARISTIDE BRIAND MONTROUGE;;;SFR_COLL;DSP_MAJ_IRISE;;;OR21;OR1;OR21;CST;MCO;OK;07/07/2005;07/07/2005;C;OPT;C;TR;RF19;48;5;43;4;;4;89,8846;;;07/07/2005;;;;
19707242;TERRITOIRE;IRS - 36 FO - IRS - 10 RUE DU VERGER / IRS - FT 678 - AVENUE MARCEL CACHIN;;;SFR_COLL;DSP_MAJ_IRISE;;;OR21;OR1;OR21;CST;MCO;OK;14/08/2020;14/08/2020;C;OPT;C;TR;RF50;36;36;0;3;;4;879,4378;;;14/08/2020;;;;
22876275;TERRITOIRE;IRS - 24FO - FT1086 - 34 RUE COLBERT / FT842 - 56 RUE PARMENTIER;;;SFR_COLL;DSP_MAJ_IRISE;;;OR21;OR1;OR21;CST;MCO;OK;25/03/2021;25/03/2021;C;OPT;C;DI;RF29;24;22;2;4;;5;567,7002;;;25/03/2021;;;;
17846781;TERRITOIRE;IRS - 12 FO - IRS - FT 1615 - 23 RUE PEPIN / POP ELEMENTAIRE DIDEROT 2 MONTREUIL - AA;;;SFR_COLL;DSP_MAJ_IRISE;;;OR21;OR1;OR21;CST;MCO;OK;25/03/2020;25/03/2020;C;OPT;C;DI;RF27;12;6;6;2;;5;102,0332;;;25/03/2020;;;;
4611649;TERRITOIRE;IRS - 72FO - 39 AV DES GUILLERAIS/RUE JULES QUENTIN IRISE NANTERRE;;;SFR_COLL;DSP_MAJ_IRISE;;;OR21;OR1;OR21;CST;MCO;OK;29/03/2007;29/03/2007;C;OPT;C;TR;RF16;72;48;24;6;;4;412,0653;;;29/03/2007;;;;
4601315;TERRITOIRE;IRS - 288 FO - 33 RUE DES PEUPLIERS/QUAI HAUT PONT D'ISSY;;;SFR_COLL;DSP_MAJ_IRISE;;;OR21;OR1;OR21;CST;MCO;OK;12/09/2007;12/09/2007;C;OPT;C;LH;RF32;288;284;4;24;;4;316,5651;;;12/09/2007;;;;
4607767;TERRITOIRE;IRS - 72FO - OPALYS - PRC BD NATIONAL LAMARTINE - BD NATIONAL (NANTERRE);;;SFR_COLL;DSP_MAJ_IRISE;;;OR21;OR1;OR21;CST;MCO;OK;08/01/2010;08/01/2010;C;OPT;C;TR;RF165;72;60;12;12;;4;31,8905;;;08/01/2010;;;;
4603512;TERRITOIRE;IRS - 24FO VERS APHP LOUIS MOURIER ADD1 (AA);;;SFR_COLL;DSP_MAJ_IRISE;;;OR21;OR1;OR21;CST;MCO;OK;19/05/2004;19/05/2004;C;OPT;C;DI;RF15;24;20;4;4;;4;213,5377;;;19/05/2004;;;;
30342499;TERRITOIRE;IRS - 12FO - FT2347 - RUE PASCAL / PRC_CAM 9.1_9.2_70_71 -FT1606;;;SFR_COLL;DSP_MAJ_IRISE;;;OR21;OR1;OR21;CST;MCO;OK;23/03/2022;23/03/2022;C;OPT;C;DI;RF27;12;11;1;2;;5;448,2774;;;23/03/2022;;;;
19406129;TERRITOIRE;IRS - 36 FO - FT 143 - RUE FELIX MERLIN x RUE DE MARSEILLE / FT 161 - 5 SQUARE DE CHERBOURG;;;SFR_COLL;DSP_MAJ_IRISE;;;OR21;OR1;OR21;CST;MCO;OK;24/07/2020;24/07/2020;C;OPT;C;TR;RF50;36;36;0;3;;4;602,7030;;;24/07/2020;;;;
21957540;TERRITOIRE;12 FO - IRS - FT 1053 - BOULEVARD JEAN MONNET / PRC CAMERA C40 VILLIERS SUR MARNE;;;SFR_COLL;DSP_MAJ_IRISE;;;OR21;OR1;OR21;CST;MCO;OK;21/01/2021;21/01/2021;C;OPT;C;DI;RF27;12;10;2;2;;5;82,5434;;;21/01/2021;;;;
17392996;TERRITOIRE;IRS - 72 FO - FT 998 - 110 RUE DIDEROT / IRS - 38 RUE DE FONTENAY - BPE 2;;;SFR_COLL;DSP_MAJ_IRISE;;;OR21;OR1;OR21;CST;MCO;OK;13/02/2020;13/02/2020;C;OPT;C;TR;RF179;72;72;0;6;;4;470,7729;;;13/02/2020;;;;
7557331;HORS TERRITOIRE;IRS - 144FO - BD FICHOT_ANGLE BD GALLIENI / DEBITEX - BD GALLIENI _ RUE PAUL CEZANNE;;;SFR_COLL;DSP_MAJ_IRISE;;;OR21;OR1;OR21;CST;MCO;OK;29/11/2013;29/11/2013;C;OPT;C;LH;RF22;144;134;10;12;;4;358,1074;;;29/11/2013;;;;
4633818;TERRITOIRE;IRS - 72FO - REAUMUR-PAPIN/PAPIN-GALILEE;;;SFR_COLL;DSP_MAJ_IRISE;;;OR21;OR1;OR21;CST;MCO;OK;03/12/2010;03/12/2010;C;OPT;C;TR;RF16;72;66;6;6;;4;446,6054;;;03/12/2010;;;;
17910132;TERRITOIRE;IRS - 144 FO - FT 2674 -  SQUARE HAMELN / FT 2761 -  AVENUE DIDIER;;;SFR_COLL;DSP_MAJ_IRISE;;;OR21;OR1;OR21;CST;MCO;OK;31/03/2020;31/03/2020;C;OPT;C;LH;RF22;144;144;0;12;;4;1048,6077;;;31/03/2020;;;;
22436579;HORS TERRITOIRE;24FO - IRS - FT 1806 - ANG THEOPHILE GAUTIER / POP CENTRE CULTUREL L ESCALE VILLIERS SUR MARNE - AA;;;SFR_COLL;DSP_MAJ_IRISE;;;OR21;OR1;OR21;CST;MCO;OK;24/02/2021;24/02/2021;C;OPT;C;DI;RF29;24;18;6;4;;5;130,1665;;;24/02/2021;;;;
32314337;TERRITOIRE;IRS - 12 FO -  PRC / CAM3.1_74_75 ROSNY SOUS BOIS / POP CAM 74 ROSNY SOUS BOIS - AA;;;SFR_COLL;DSP_MAJ_IRISE;;;OR21;OR1;OR21;CST;MCO;OK;24/06/2022;24/06/2022;C;OPT;C;DI;RF27;12;11;1;2;;5;37,2748;;;24/06/2022;;;;
19898274;HORS TERRITOIRE;12 FO - IRISE - FT 457 - 18 RUE - LOUIS LENOIR / FT 441 - RUE DU GENERAL GALLIENI;;;SFR_COLL;DSP_MAJ_IRISE;;;OR21;OR1;OR21;CST;MCO;OK;28/08/2020;28/08/2020;C;OPT;C;DI;RF27;12;8;4;2;;5;279,3403;;;28/08/2020;;;;
8506835;TERRITOIRE;IRS - 144 FO - LD - IRS - 37 BD DE LA REPUBLIQUE (COURBEVOIE) / IRS - 1 BD DE LA REPUBLIQUE (COURBEVOIE);;;SFR_COLL;DSP_MAJ_IRISE;;;OR21;OR1;OR21;CST;MCO;OK;21/08/2014;21/08/2014;C;OPT;C;LH;RF22;144;140;4;12;;4;624,3266;;;21/08/2014;;;;
36669543;TERRITOIRE;CH SAT SECURISEE CAM55_FT878 / CH SAT SECURISEE CAM20_FT995;;;SFR_COLL;DSP_MAJ_IRISE;;;OR21;OR1;OR21;CST;MCO;OK;10/02/2023;10/02/2023;C;OPT;C;DI;RF27;12;10;2;2;;5;121,3584;;;10/02/2023;;;;
6779091;TERRITOIRE;IRS - 48FO 2 AVE GUYNEMER/POP CGE REGISEUR DU S.E.D.I.F - AA;;;SFR_COLL;DSP_MAJ_IRISE;;;OR21;OR1;OR21;CST;MCO;OK;24/06/2013;24/06/2013;C;OPT;C;TR;RF47;48;22;26;4;;4;429,6863;;;24/06/2013;;;;
4608144;TERRITOIRE;IRS - 43 AV DE LA MARNE/EV-VOIRIE MONTROUGE;;;SFR_COLL;DSP_MAJ_IRISE;;;OR21;OR1;OR21;CST;MCO;OK;17/11/2005;17/11/2005;C;OPT;C;DI;RF14;12;4;8;2;;4;34,6612;;;17/11/2005;;;;
4607461;TERRITOIRE;IRS - 43 AV DE LA MARNE/PLACE JEAN JAURES (MONTROUGE);;;SFR_COLL;DSP_MAJ_IRISE;;;OR21;OR1;OR21;CST;MCO;OK;06/08/2008;06/08/2008;C;OPT;C;TR;RF19;48;34;14;4;;4;518,4398;;;06/08/2008;;;;
34084901;TERRITOIRE;IRS - 144 FO - FT 210 9 VILLA STE CECILE / 6 BLD DE VERDUN (COURBEVOIE);;;SFR_COLL;DSP_MAJ_IRISE;;;OR21;OR1;OR21;CST;MCO;OK;28/09/2022;28/09/2022;C;OPT;C;LH;RF22;144;144;0;12;;4;1285,7526;;;28/09/2022;;;;
4630201;TERRITOIRE;IRS 144FO ADD 2 RUE FELLINI/IRS - WILSON-MITTERRAND-2;;;SFR_COLL;DSP_MAJ_IRISE;;;OR21;OR1;OR21;CST;MCO;OK;11/05/2012;11/05/2012;C;OPT;C;LH;RF40;144;96;48;12;;4;126,9769;;;11/05/2012;;;;
17389476;TERRITOIRE;IRS - 144 FO - 53 BD STALINGTAD - ADD POP AMEX SPIE / FT 82 - RUE LOUIS GIRARD x RUE JULES GUESDE;;;SFR_COLL;DSP_MAJ_IRISE;;;OR21;OR1;OR21;CST;MCO;OK;13/02/2020;13/02/2020;C;OPT;C;LH;RF22;144;144;0;12;;4;532,0806;;;13/02/2020;;;;
18457666;TERRITOIRE;IRS - 36 FO - IRS - RUE DE LA MAIRIE / IRS - FT 408 - 105 RUE ROUGET DE LISLE;;;SFR_COLL;DSP_MAJ_IRISE;;;OR21;OR1;OR21;CST;MCO;OK;20/05/2020;20/05/2020;C;OPT;C;TR;RF50;36;36;0;3;;4;1615,0564;;;20/05/2020;;;;
17229476;TERRITOIRE;IRS - 36 FO - FT 42 - 12 RUE D ALSACE / FT 169 - 61 AV DU PRESIDENT WILSON CACHAN;;;SFR_COLL;DSP_MAJ_IRISE;;;OR21;OR1;OR21;CST;MCO;OK;30/01/2020;30/01/2020;C;OPT;C;TR;RF50;36;36;0;3;;4;433,9342;;;30/01/2020;;;;
4597389;TERRITOIRE;IRS - 144FO LOC TCT POUR IRS - SDE 0010/IRS JULES GUESDES - VERS MSP;;;SFR_COLL;DSP_MAJ_IRISE;;;OR21;OR1;OR21;CST;MCO;OK;30/01/2001;30/01/2001;C;OPT;C;LH;RF56;144;40;104;12;;4;796,2693;;;30/01/2001;;;;
15538593;TERRITOIRE;IRISE - 24 FO - N-1 POP CRECHE DES BRUYERES / ANGLE RUE DE PARIS - RUE DU COQ FRANCAIS;;;SFR_COLL;DSP_MAJ_IRISE;;;OR21;OR1;OR21;CST;MCO;OK;09/08/2019;09/08/2019;C;OPT;C;DI;RF29;24;4;20;4;;5;133,0579;;;09/08/2019;;;;
4614802;TERRITOIRE;IRS-31 THEOPHILE SUEUR/CMS RENOULT MONTREUIL - AA;;;SFR_COLL;DSP_MAJ_IRISE;;;OR21;OR1;OR21;CST;MCO;OK;03/11/2006;03/11/2006;C;OPT;C;DI;RF14;12;0;12;2;;4;110,7708;;;03/11/2006;;;;
20292578;TERRITOIRE;IRS - 144 FO - FT1176 - D145 / FT939 - 4-8 AVENUE BOILEAU (CHENNEVIERES SUR MARNE);;;SFR_COLL;DSP_MAJ_IRISE;;;OR21;OR1;OR21;CST;MCO;OK;24/09/2020;24/09/2020;C;OPT;C;LH;RF22;144;144;0;12;;4;908,2551;;;24/09/2020;;;;
30342500;TERRITOIRE;IRS - 12FO - FT271 - 9 Rue Jean Moulin / 1744 - 1 Rue Jeanne d'arc Rosny-sous-Bois;;;SFR_COLL;DSP_MAJ_IRISE;;;OR21;OR1;OR21;CST;MCO;OK;23/03/2022;23/03/2022;C;OPT;C;DI;RF27;12;11;1;2;;5;613,5173;;;23/03/2022;;;;
4601644;TERRITOIRE;IRS - 144FO - DAUBIGNY/VLTAIRE-CONVENTION;;;SFR_COLL;DSP_MAJ_IRISE;;;OR21;OR1;OR21;CST;MCO;OK;24/05/2004;24/05/2004;C;OPT;C;LH;RF74;144;99;45;12;;100;1360,8375;;;24/05/2004;;;;
5410449;TERRITOIRE;IRS - BAG - 144 FO - IRS CONVENTION-CACHIN BPE 1/BPE 2;;;SFR_COLL;DSP_MAJ_IRISE;;;OR21;OR1;OR21;CST;MCO;OK;10/01/2013;10/01/2013;C;OPT;C;LH;RF35;144;107;37;12;;4;90,9501;;;10/01/2013;;;;
35630514;TERRITOIRE;IRS - 24FO - FT299 - RUE PASTEUR / RUE DU MONT MESLY;;;SFR_COLL;DSP_MAJ_IRISE;;;OR21;OR1;OR21;CST;MCO;OK;15/12/2022;15/12/2022;C;OPT;C;DI;RF29;24;22;2;4;;5;385,9186;;;15/12/2022;;;;
12461174;HORS TERRITOIRE;IRS - 12 FO - N-1 URA CERGY LE HAZAY / POP APPART CITY CERGY - AA;;;SFR_COLL;DSP_MAJ_IRISE;;;OR21;OR1;OR21;CST;MCO;OK;29/01/2018;29/01/2018;C;OPT;C;DI;RF27;12;11;1;2;;5;587,3981;;;29/01/2018;;;;
17589202;TERRITOIRE;IRS - 12 FO - ARAGO-COMMUNE / FT 1699 - 143 BOULEVARD MAXIME GORKI VILLEJUIF;;;SFR_COLL;DSP_MAJ_IRISE;;;OR21;OR1;OR21;CST;MCO;OK;03/03/2020;03/03/2020;C;OPT;C;DI;RF37;12;10;2;2;;5;237,7478;;;03/03/2020;;;;
44712417;TERRITOIRE;12 FO - IRS - RUE GUILLOT / POP POLICE NATIONALE  MONTROUGE;;;SFR_COLL;DSP_MAJ_IRISE;;;OR21;OR1;OR21;CST;MCO;OK;07/05/2024;07/05/2024;C;OPT;C;DI;RF27;12;10;2;2;;5;44,0988;;;07/05/2024;;;;
4607228;TERRITOIRE;IRS - 48 FO - 13 RUE CHARLES FLOQUET / 7 RUE BOILEAU;;;SFR_COLL;DSP_MAJ_IRISE;;;OR21;OR1;OR21;CST;MCO;OK;03/10/2005;03/10/2005;C;OPT;C;TR;RF19;48;36;12;4;;4;75,0294;;;03/10/2005;;;;
4623981;TERRITOIRE;IRS - 48FO - 25 BOULEVARD DU COLONEL FABIEN / FAC RUE GALILEE-1;;;SFR_COLL;DSP_MAJ_IRISE;;;OR21;OR1;OR21;CST;MCO;OK;27/02/2008;27/02/2008;C;OPT;C;TR;RF83;48;27;21;4;;4;236,4868;;;27/02/2008;;;;
15288132;TERRITOIRE;IRS - 144 FO - FT 1069 - 18 BD GALLIENI (GENNEVILLIERS) / FT 4 - 106 VOIE DE PROMENADE (VILLENEUVE-LA-GARENNE);;;SFR_COLL;DSP_MAJ_IRISE;;;OR21;OR1;OR21;CST;MCO;OK;11/07/2019;11/07/2019;C;OPT;C;LH;RF22;144;142;2;12;;4;1543,7444;;;11/07/2019;;;;
7371778;HORS TERRITOIRE;IRS 24 FO POP VW FINANCIAL/IRS - N-1 XEROX VILLEPINTE - AA;;;SFR_COLL;DSP_MAJ_IRISE;;;OR21;OR1;OR21;CST;MCO;OK;08/10/2013;08/10/2013;C;OPT;C;DI;RF17;24;22;2;2;;4;450,8467;;;08/10/2013;;;;
17398792;TERRITOIRE;36 FO - IRS - ANGLE RUE PIERRE KOHLMANN / RUE DE LA FONTAINE GRELOT  / IRS - FT 671 BOULVARD CARNOT;;;SFR_COLL;DSP_MAJ_IRISE;;;OR21;OR1;OR21;CST;MCO;OK;14/02/2020;14/02/2020;C;OPT;C;TR;RF50;36;36;0;3;;4;1111,1854;;;14/02/2020;;;;
6475730;TERRITOIRE;IRS - 144FO - ANGLE GRANDE ALLEE-AV. DES MARGUERITES/AV. DES LYS-AV. DES COQUELICOTS;;;SFR_COLL;DSP_MAJ_IRISE;;;OR21;OR1;OR21;CST;MCO;OK;27/05/2013;27/05/2013;C;OPT;C;LH;RF22;144;141;3;12;;4;530,6441;;;27/05/2013;;;;
18437512;TERRITOIRE;IRS - 144 FO - FT 242 - 35 AV MARCEL / FT 463 - 84Q GRANDE RUE;;;SFR_COLL;DSP_MAJ_IRISE;;;OR21;OR1;OR21;CST;MCO;OK;19/05/2020;19/05/2020;C;OPT;C;LH;RF22;144;144;0;12;;4;1181,7839;;;19/05/2020;;;;
4605266;TERRITOIRE;IRS - AVENUE PARIS - RUE DAUPHIN / IRISE 534 - 51 RUE H. BARBUSSE;;;SFR_COLL;DSP_MAJ_IRISE;;;OR21;OR1;OR21;CST;MCO;OK;18/04/2003;18/04/2003;C;OPT;C;LH;RF56;144;44;100;12;;4;624,5854;;;18/04/2003;;;;
4639360;TERRITOIRE;IRS - 72FO - IRS - RUE DE STRASBOURG ADD1 / RUE HENRI BARBUSSE_ALL RICHARD BLOCH;;;SFR_COLL;DSP_MAJ_IRISE;;;OR21;OR1;OR21;CST;MCO;OK;20/04/2012;20/04/2012;C;OPT;C;TR;RF16;72;70;2;6;;4;244,2329;;;20/04/2012;;;;
4603223;TERRITOIRE;IRS - RUE ETIENNE DOLET/LE BOURGET MAIRIE / PARIS;;;SFR_COLL;DSP_MAJ_IRISE;;;OR21;OR1;OR21;CST;MCO;OK;04/08/2004;04/08/2004;C;OPT;C;TR;RF16;72;42;30;6;;4;745,3447;;;04/08/2004;;;;
10959715;TERRITOIRE;IRS - 36FO - BI - R DE LA COKERIE / BD- PRESENCE - EX METROMEDIA - BPE 2;;;SFR_COLL;DSP_MAJ_IRISE;;;OR21;OR1;OR21;CST;MCO;OK;27/06/2014;27/06/2014;C;OPT;C;TR;RF26;36;36;0;6;;4;166,9934;;;27/06/2014;;;;
4595929;TERRITOIRE;72FO IRS - MCI JEAN JAURES/138 BD JEAN JAURES;;;SFR_COLL;DSP_MAJ_IRISE;;;OR21;OR1;OR21;CST;MCO;OK;24/11/2006;24/11/2006;C;OPT;C;TR;RF16;72;70;2;6;;4;88,2330;;;24/11/2006;;;;
33875937;TERRITOIRE;IRS - 12 FO - RUE JEAN MARIN NAUDIN /  FT 01 - AVENUE VICTOR HUGO;;;SFR_COLL;DSP_MAJ_IRISE;;;OR21;OR1;OR21;CST;MCO;OK;20/09/2022;20/09/2022;C;OPT;C;DI;RF27;12;10;2;2;;5;126,2116;;;20/09/2022;;;;
4636100;HORS TERRITOIRE;IRS - 24FO - N-1/LT OFFICE DEPOT - AA;;;SFR_COLL;DSP_MAJ_IRISE;;;OR21;OR1;OR21;CST;MCO;OK;03/05/2010;03/05/2010;C;OPT;C;DI;RF15;24;22;2;4;;4;202,1725;;;03/05/2010;;;;
4619113;TERRITOIRE;72 FO - IRISE - 141 AV VICTOR HUGO / 74 AV DE LA REPUBLIQUE AUBERVILLIERS - BPE 3;;;SFR_COLL;DSP_MAJ_IRISE;;;OR21;OR1;OR21;CST;MCO;OK;04/01/2008;04/01/2008;C;OPT;C;TR;RF16;72;18;54;6;;4;633,9803;;;04/01/2008;;;;
22192778;TERRITOIRE;IRS - 105 AV HENRI GINOUX / POP VICTOR HUGO MONTROUGE;;;SFR_COLL;DSP_MAJ_IRISE;;;OR21;OR1;OR21;CST;MCO;OK;08/02/2021;08/02/2021;C;OPT;C;DI;RF27;12;4;8;2;;5;275,6837;;;08/02/2021;;;;
4635795;HORS TERRITOIRE;IRS - 144FO - AV. DE LA GARE(PK19120)/93 RUE DE LA DIVISION LECLERC;;;SFR_COLL;DSP_MAJ_IRISE;;;OR21;OR1;OR21;CST;MCO;OK;02/08/2012;02/08/2012;C;OPT;C;LH;RF40;144;115;29;12;;4;871,7137;;;02/08/2012;;;;
22828261;TERRITOIRE;IRS - 12FO - RUE SEVERINE / AVENUE DE GOURNAY / FT 1296 - 54 RUE PASTEUR;;;SFR_COLL;DSP_MAJ_IRISE;;;OR21;OR1;OR21;CST;MCO;OK;23/03/2021;23/03/2021;C;OPT;C;DI;RF27;12;8;4;2;;5;372,1291;;;23/03/2021;;;;
36374500;TERRITOIRE;POP ECOLE MONCEAU / N-1 ECOLE MONCEAU FT805;;;SFR_COLL;DSP_MAJ_IRISE;;;OR21;OR1;OR21;CST;MCO;OK;27/01/2023;27/01/2023;C;OPT;C;DI;RF27;12;4;8;2;;5;13,7104;;;27/01/2023;;;;
4610847;TERRITOIRE;IRS-JULES FERRY/RD PT DE L'EUROPE RUE DE LISBONNE ROSNY;;;SFR_COLL;DSP_MAJ_IRISE;;;OR21;OR1;OR21;CST;MCO;OK;30/08/2006;30/08/2006;C;OPT;C;TR;RF16;72;46;26;6;;4;617,1222;;;30/08/2006;;;;
30042990;TERRITOIRE;IRS - NEW 24FO - 52 RUE ESTIENNE D'ORVES /CLAMART CUISINE CENTRALE 2 - DEMENAGEMENT ID 95917  - AA;;;SFR_COLL;DSP_MAJ_IRISE;;;OR21;OR1;OR21;CST;MCO;OK;09/03/2022;09/03/2022;C;OPT;C;DI;RF30;24;20;4;4;;4;16,6428;;;09/03/2022;;;;
4599075;TERRITOIRE;IRS - RUE DES CHAMPS PIERREUX/CAPITOLE - IA;;;SFR_COLL;DSP_MAJ_IRISE;;;OR21;OR1;OR21;CST;MCO;OK;30/01/2001;30/01/2001;C;OPT;C;LH;RF40;144;89;55;12;;4;134,4865;;;30/01/2001;;;;
19406130;TERRITOIRE;IRS - 36 FO - N-1 URA ORGEMONT - BPE 2 / FT 142 - RUE FELIX MERLIN x RUE DE MARSEILLE;;;SFR_COLL;DSP_MAJ_IRISE;;;OR21;OR1;OR21;CST;MCO;OK;24/07/2020;24/07/2020;C;OPT;C;TR;RF50;36;36;0;3;;4;827,3211;;;24/07/2020;;;;
34501568;TERRITOIRE;IRS - 144 FO - FT 886 - 101 AV LE FOLL / IRS - FT 1053 - 46 AVENUE DU FRONT DE SEINE;;;SFR_COLL;DSP_MAJ_IRISE;;;OR21;OR1;OR21;CST;MCO;OK;14/02/2020;14/02/2020;C;OPT;C;LH;RF22;144;144;0;12;;4;1461,2932;;;14/02/2020;;;;
17910131;TERRITOIRE;IRS - 144 FO - FT 2761 -  AVENUE DIDIER / FT 2297 -  PLACE DES TILLEULS;;;SFR_COLL;DSP_MAJ_IRISE;;;OR21;OR1;OR21;CST;MCO;OK;31/03/2020;31/03/2020;C;OPT;C;LH;RF22;144;144;0;12;;4;2296,4885;;;31/03/2020;;;;
23551777;TERRITOIRE;IRS - 72 FO - FT 433 - 40 AVENUE HENRI BARBUSSE / FT 963 - 19 AVENUE DE VERDUN;;;SFR_COLL;DSP_MAJ_IRISE;;;OR21;OR1;OR21;CST;MCO;OK;10/05/2021;10/05/2021;C;OPT;C;TR;RF28;72;72;0;6;;4;608,4030;;;10/05/2021;;;;
11322898;TERRITOIRE;IRS-81-QUAI-DE-LA-MARNE / IRS-81-QUAI-DE-LA-MARNE - BPE1 / PARIS;;;SFR_COLL;DSP_MAJ_IRISE;;;OR21;OR1;OR21;CST;MCO;OK;14/05/2017;14/05/2017;C;OPT;C;TR;RF28;72;60;12;6;;4;3,4419;;;14/05/2017;;;;
26732296;TERRITOIRE;IRS - 12 FO - 52 AV GABRIEL PERI / POP HOTEL DE VILLE DE LA COURNEUVE;;;SFR_COLL;DSP_MAJ_IRISE;;;OR21;OR1;OR21;CST;MCO;OK;26/10/2021;26/10/2021;C;OPT;C;DI;RF37;12;8;4;2;;5;25,0745;;;26/10/2021;;;;
8356090;HORS TERRITOIRE;IRS - 72FO - LD - IRS - FT 214 RUE DE BEAUVINON / IRS - FT 229 RUE JULIEN ADASON;;;SFR_COLL;DSP_MAJ_IRISE;;;OR21;OR1;OR21;CST;MCO;OK;02/07/2014;02/07/2014;C;OPT;C;TR;RF28;72;70;2;6;;4;779,3635;;;02/07/2014;;;;
4604375;TERRITOIRE;72FO - OPALYS - BD NATIONAL ILLITCH;;;SFR_COLL;DSP_MAJ_IRISE;;;OR21;OR1;OR21;CST;MCO;OK;08/01/2010;08/01/2010;C;OPT;C;TR;RF28;72;54;18;6;;4;20,2594;;;08/01/2010;;;;
4601265;TERRITOIRE;IRS - BD RICHARD WALLACE (42)/ROUTE DE SURESNES (20);;;SFR_COLL;DSP_MAJ_IRISE;;;OR21;OR1;OR21;CST;MCO;OK;12/04/2002;12/04/2002;C;OPT;C;LH;RF56;144;112;32;12;;4;1717,7692;;;12/04/2002;;;;
4610402;TERRITOIRE;IRS - 21 RUE MEUNIER / 57 AV HENRI RAVERA (BAGNEUX);;;SFR_COLL;DSP_MAJ_IRISE;;;OR21;OR1;OR21;CST;MCO;OK;27/01/2006;27/01/2006;C;OPT;C;TR;RF19;48;37;11;4;;4;835,8796;;;27/01/2006;;;;
20288482;TERRITOIRE;IRS - 144 FO - FT2322 - 35 RUE DU PLESSIS TREVISE / FT2554 - 3 AVENUE JEAN BOS;;;SFR_COLL;DSP_MAJ_IRISE;;;OR21;OR1;OR21;CST;MCO;OK;23/09/2020;23/09/2020;C;OPT;C;LH;RF22;144;144;0;12;;4;663,1397;;;23/09/2020;;;;
4607377;TERRITOIRE;IRS 72 FO - N-1 MAIRIE FONTENAY AUX ROSES  / RUE DU DOCTEUR ROUX NOOS;;;SFR_COLL;DSP_MAJ_IRISE;;;OR21;OR1;OR21;CST;MCO;OK;03/09/2009;03/09/2009;C;OPT;C;TR;RF16;72;48;24;6;;4;1459,7101;;;03/09/2009;;;;
4632565;TERRITOIRE;IRS - 144FO - TCT - SORTIE LC016-23/CHB STALINGRAD_CONVENTION (OPEX 653);;;SFR_COLL;DSP_MAJ_IRISE;;;OR21;OR1;OR21;CST;MCO;OK;28/09/2009;28/09/2009;C;OPT;C;LH;RF56;144;98;46;12;;4;744,5419;;;28/09/2009;;;;
37294499;TERRITOIRE;BAG 144FO - BPE 1/ BPE 2 -  IRS - RUE DE LA MOTTE;;;SFR_COLL;DSP_MAJ_IRISE;;;OR21;OR1;OR21;CST;MCO;OK;05/07/2002;05/07/2002;C;OPT;C;LH;RF40;144;42;102;12;;4;3,1115;;;05/07/2002;;;;
23331968;TERRITOIRE;IRS - 72 FO - FT 68 - 24 AVENUE DE LA LIBERATION / FT 481 - PLACE CHARLES PASQUA x RUE VICTOR VERNADAT;;;SFR_COLL;DSP_MAJ_IRISE;;;OR21;OR1;OR21;CST;MCO;OK;27/04/2021;27/04/2021;C;OPT;C;TR;RF28;72;70;2;6;;4;785,0301;;;27/04/2021;;;;
14862853;TERRITOIRE;IRS - 144FO - FT 2587 - 118 AV DU PRESIDENT SALVADOR ALLENDE / FT 2150 - 164 BOULEVARD ARISTIDE BRIAND;;;SFR_COLL;DSP_MAJ_IRISE;;;OR21;OR1;OR21;CST;MCO;OK;22/05/2019;22/05/2019;C;OPT;C;LH;RF93;144;144;0;12;;5;1506,3506;;;22/05/2019;;;;
4603465;TERRITOIRE;IRS 72FO 31 RUE SUEUR/ANGLE VILAINS DELAVAQUERIE;;;SFR_COLL;DSP_MAJ_IRISE;;;OR21;OR1;OR21;CST;MCO;OK;20/06/2011;20/06/2011;C;OPT;C;TR;RF16;72;70;2;6;;4;789,2327;;;20/06/2011;;;;
19707243;TERRITOIRE;IRS - 36 FO - FT 678 - AVENUE MARCEL CACHIN / IRS - FT 759 - AVENUE MARCEL CACHIN;;;SFR_COLL;DSP_MAJ_IRISE;;;OR21;OR1;OR21;CST;MCO;OK;14/08/2020;14/08/2020;C;OPT;C;TR;RF50;36;36;0;3;;4;449,7689;;;14/08/2020;;;;
4596536;TERRITOIRE;IRS - 169 RUE GABRIEL PERI IRISE/AV PIERRE BROSSOLETTE;;;SFR_COLL;DSP_MAJ_IRISE;;;OR21;OR1;OR21;CST;MCO;OK;23/08/2002;23/08/2002;C;OPT;C;LH;RF56;144;44;100;12;;4;198,3894;;;23/08/2002;;;;
21349233;TERRITOIRE;IRS - 144 FO - FT 526 - 127 AVENUE JEAN JAURES / FT743 RUE GARIBALDI;;;SFR_COLL;DSP_MAJ_IRISE;;;OR21;OR1;OR21;CST;MCO;OK;04/12/2020;04/12/2020;C;OPT;C;LH;RF22;144;144;0;12;;4;1484,0594;;;04/12/2020;;;;
4605811;TERRITOIRE;IRS - LAKANAL/MARECHAL;;;SFR_COLL;DSP_MAJ_IRISE;;;OR21;OR1;OR21;CST;MCO;OK;19/04/2004;19/04/2004;C;OPT;C;TR;RF16;72;62;10;6;;4;491,5333;;;19/04/2004;;;;
17192047;TERRITOIRE;IRS - 72 FO - FT 163 - 26 VILLA DES PAROSEAUX / FT 783 - 21 RUE GABRIEL PERI CHATILLON;;;SFR_COLL;DSP_MAJ_IRISE;;;OR21;OR1;OR21;CST;MCO;OK;27/01/2020;27/01/2020;C;OPT;C;TR;RF28;72;72;0;6;;4;1096,3796;;;27/01/2020;;;;
17394611;TERRITOIRE;IRS - 36 FO - FT 26 AVENUE HENRI RAVERA / FT 11 AVENUE HENRI RAVERA;;;SFR_COLL;DSP_MAJ_IRISE;;;OR21;OR1;OR21;CST;MCO;OK;13/02/2020;13/02/2020;C;OPT;C;TR;RF50;36;36;0;3;;4;738,5016;;;13/02/2020;;;;
14842914;TERRITOIRE;IRS - 144 FO - FT 947 - 120 RUE AMBROISE CROIZAT DRANCY / FT 1239 - 7 CITE JULES AUFFRET;;;SFR_COLL;DSP_MAJ_IRISE;;;OR21;OR1;OR21;CST;MCO;OK;20/05/2019;20/05/2019;C;OPT;C;LH;RF22;144;144;0;12;;4;982,6904;;;20/05/2019;;;;
7531746;TERRITOIRE;IRS - 48FO - ANGLE GAMBETTA-HOCHE/6 RUE HOCHE;;;SFR_COLL;DSP_MAJ_IRISE;;;OR21;OR1;OR21;CST;MCO;OK;22/11/2013;22/11/2013;C;OPT;C;TR;RF60;48;24;24;8;;4;76,4579;;;22/11/2013;;;;
17893825;TERRITOIRE;IRS - 144 FO - 11, QUAI DES CARRIERES / IRS - FT 155 - 105 RUE DE PARIS;;;SFR_COLL;DSP_MAJ_IRISE;;;OR21;OR1;OR21;CST;MCO;OK;30/03/2020;30/03/2020;C;OPT;C;LH;RF22;144;144;0;12;;4;898,6759;;;30/03/2020;;;;
14838558;TERRITOIRE;36FO - IRS - FT1869 - 187 AV PAUL VAILLANT COUTURIER / FT189 - 70 AV PAUL VAILLANT COUTURIER LE BLANC-MESNIL;;;SFR_COLL;DSP_MAJ_IRISE;;;OR21;OR1;OR21;CST;MCO;OK;20/05/2019;20/05/2019;C;OPT;C;TR;RF50;36;36;0;3;;4;689,1344;;;20/05/2019;;;;
45605220;TERRITOIRE;IRISE - 24FO - N-1 ROBILLARD _FT220 / FT222 - 16 ALL. ROBILLARD LES PAVILLONS-SOUS-B (ILE-DE-France);;;SFR_COLL;DSP_MAJ_IRISE;;;OR21;OR1;OR21;CST;MCO;OK;03/07/2024;03/07/2024;C;OPT;C;DI;RF29;24;22;2;4;;5;35,3638;;;03/07/2024;;;;
4610787;TERRITOIRE;IRS-12 RUE MESLIER/TIROIR 3 PT CENTRE ADMINISTRATIF ST OUEN;;;SFR_COLL;DSP_MAJ_IRISE;;;OR21;OR1;OR21;CST;MCO;OK;18/10/2006;18/10/2006;C;OPT;C;DI;RF14;12;2;10;2;;4;73,5888;;;18/10/2006;;;;
17404849;TERRITOIRE;IRS - 144 FO - FT 1382 - 29 RUE DU MARECHAL LYAUTEY / FT 886 - 101 AV LE FOLL VILLENEUVE LE ROI;;;SFR_COLL;DSP_MAJ_IRISE;;;OR21;OR1;OR21;CST;MCO;OK;14/02/2020;14/02/2020;C;OPT;C;LH;RF22;144;144;0;12;;4;1128,4833;;;14/02/2020;;;;
16683608;TERRITOIRE;IRS - 144 FO - IRS - IRS - 22B RUE DE LA MARNE  / FT 269 - 88 RUE VERON (ALFORTVILLE);;;SFR_COLL;DSP_MAJ_IRISE;;;OR21;OR1;OR21;CST;MCO;OK;04/12/2019;04/12/2019;C;OPT;C;LH;RF22;144;144;0;12;;4;540,8070;;;04/12/2019;;;;
16692233;TERRITOIRE;IRS - 144 FO -  LA MONTAGNE-MONUMENT CHAMPIGNY / FT1944 560 RUE DU MARCHE ROLLY;;;SFR_COLL;DSP_MAJ_IRISE;;;OR21;OR1;OR21;CST;MCO;OK;05/12/2019;05/12/2019;C;OPT;C;LH;RF22;144;144;0;12;;4;1018,7797;;;05/12/2019;;;;
4604424;TERRITOIRE;IRS - BD VERDUN/MAIRIE DE COURBEVOIE;;;SFR_COLL;DSP_MAJ_IRISE;;;OR21;OR1;OR21;CST;MCO;OK;30/01/2001;30/01/2001;C;OPT;C;DI;RF73;12;11;1;6;;5;866,2492;;;30/01/2001;;;;
29205858;TERRITOIRE;24 FO - IRS - FT 1364  BOULEVARD JEANNE D ARC / FT1331 RUE DE STALINGRAD;;;SFR_COLL;DSP_MAJ_IRISE;;;OR21;OR1;OR21;CST;MCO;OK;27/01/2022;27/01/2022;C;OPT;C;DI;RF29;24;20;4;4;;5;225,7533;;;27/01/2022;;;;
4598981;TERRITOIRE;IRS - 24FO - CH COLT CAA ALESIA/AUTOCOM MONTROUGE;;;SFR_COLL;DSP_MAJ_IRISE;;;OR21;OR1;OR21;CST;MCO;OK;30/01/2001;30/01/2001;C;OPT;C;DI;RF71;24;12;12;12;;5;9,4339;;;30/01/2001;;;;
12141602;TERRITOIRE;IRS - TIMBAUD-PAIX / POP CMS GENNEVILLIERS - AA;;;SFR_COLL;DSP_MAJ_IRISE;;;OR21;OR1;OR21;CST;MCO;OK;10/11/2017;10/11/2017;C;OPT;C;DI;RF37;12;11;1;2;;5;153,2083;;;10/11/2017;;;;
5146161;TERRITOIRE;IRS - 72FO - AVENUE RAYMOND ARON ET DOCTEUR TENINE / ARMOIRE DE RUE - CARREFOUR DE LA CROIX DE NERNY (ANTONY) - AA;;;SFR_COLL;DSP_MAJ_IRISE;;;OR21;OR1;OR21;CST;MCO;OK;07/12/2012;07/12/2012;C;OPT;C;TR;RF28;72;70;2;6;;4;18,9371;;;07/12/2012;;;;
5455890;TERRITOIRE;IRS - 144FO - RUE JEAN MERMOZ / BD CARNOT (ST DENIS);;;SFR_COLL;DSP_MAJ_IRISE;;;OR21;OR1;OR21;CST;MCO;OK;16/01/2013;16/01/2013;C;OPT;C;LH;RF127;144;132;12;12;;4;570,3549;;;16/01/2013;;;;
4609961;TERRITOIRE;IRS - 72FO - BD VERDUN/BD GALLIENNI;;;SFR_COLL;DSP_MAJ_IRISE;;;OR21;OR1;OR21;CST;MCO;OK;12/09/2005;12/09/2005;C;OPT;C;TR;RF28;72;45;27;6;;4;342,1469;;;12/09/2005;;;;
4609170;HORS TERRITOIRE;IRS - 144FO - POP 9T NOISY LEGRAND/IRS AV MONTAIGNE BPE 2 NOISY LE GRAND - AG;;;SFR_COLL;DSP_MAJ_IRISE;;;OR21;OR1;OR21;CST;MCO;OK;27/06/2006;27/06/2006;C;OPT;C;LH;RF40;144;18;126;12;;4;91,2829;;;27/06/2006;;;;
4610655;TERRITOIRE;IRS- BAGUE 2 - PLACE DES CACQUETS/MAIRIE DE ST DENIS;;;SFR_COLL;DSP_MAJ_IRISE;;;OR21;OR1;OR21;CST;MCO;OK;14/11/2006;14/11/2006;C;OPT;C;DI;RF14;12;3;9;2;;4;108,7929;;;14/11/2006;;;;
4601473;TERRITOIRE;IRS - 48FO SECHOIR_AUX_CORNETTES (D90)/TOURNELLES_1 (D74);;;SFR_COLL;DSP_MAJ_IRISE;;;OR21;OR1;OR21;CST;MCO;OK;21/07/2009;21/07/2009;C;OPT;C;TR;RF19;48;44;4;4;;4;338,3605;;;21/07/2009;;;;
4630673;TERRITOIRE;IRS - 144FO - R CINQ NATIONS/BD PRESSENCE;;;SFR_COLL;DSP_MAJ_IRISE;;;OR21;OR1;OR21;CST;MCO;OK;08/07/2008;08/07/2008;C;OPT;C;LH;RF40;144;142;2;12;;4;619,9970;;;08/07/2008;;;;
6338178;HORS TERRITOIRE;IRS - 144FO - PT2 - ROUTE DE PARIS A DIEPPE (OSNY) / FT 1403 - ROUTE D'ENNERY (OSNY);;;SFR_COLL;DSP_MAJ_IRISE;;;OR21;OR1;OR21;CST;MCO;OK;07/05/2013;07/05/2013;C;OPT;C;LH;RF22;144;140;4;12;;4;415,6331;;;07/05/2013;;;;
22457380;TERRITOIRE;IRS - 12FO - FT2587 - 142 RUE EDOUARD BRANLY / POP ELEMENTAIRE NANTEUIL MONTREUIL - AA;;;SFR_COLL;DSP_MAJ_IRISE;;;OR21;OR1;OR21;CST;MCO;OK;25/02/2021;25/02/2021;C;OPT;C;DI;RF27;12;6;6;2;;5;94,1299;;;25/02/2021;;;;
16337123;TERRITOIRE;IRS - 24FO - FT 512  - 70 AV PAUL VAILLANT COUTURIER / POP MAISON GARDIEN CIMETIERE VILLEJUIF - AA;;;SFR_COLL;DSP_MAJ_IRISE;;;OR21;OR1;OR21;CST;MCO;OK;04/11/2019;04/11/2019;C;OPT;C;DI;RF157;24;12;12;4;;5;13,7121;;;04/11/2019;;;;
4631452;TERRITOIRE;IRS - 24FO BI/POP GYMNASE LALLIER (D66);;;SFR_COLL;DSP_MAJ_IRISE;;;OR21;OR1;OR21;CST;MCO;OK;24/07/2009;24/07/2009;C;OPT;C;DI;RF15;24;20;4;4;;4;15,6524;;;24/07/2009;;;;
4596864;TERRITOIRE;IRS - 32 RUE GABRIEL PERI/MEDIATHEQUE MONTROUGE;;;SFR_COLL;DSP_MAJ_IRISE;;;OR21;OR1;OR21;CST;MCO;OK;06/07/2005;06/07/2005;C;OPT;C;DI;RF14;12;4;8;2;;4;83,9468;;;06/07/2005;;;;
10839395;TERRITOIRE;IRS - 144FO - FT144 AV DE LA CERISAIE/BI POP GROUPE SCOLAIRE MONOT;;;SFR_COLL;DSP_MAJ_IRISE;;;OR21;OR1;OR21;CST;MCO;OK;03/09/2013;03/09/2013;C;OPT;C;LH;RF22;144;142;2;12;;4;66,5024;;;03/09/2013;;;;
4607104;TERRITOIRE;IRS - 24FO - GALERIE 3 FONTANOTS / XCO MAIRIE NANTERRE;;;SFR_COLL;DSP_MAJ_IRISE;;;OR21;OR1;OR21;CST;MCO;OK;14/01/2011;14/01/2011;C;OPT;C;DI;RF24;24;18;6;2;;4;15,0333;;;14/01/2011;;;;
4603850;HORS TERRITOIRE;IRS - 72FO - RD40 ZAC/N-1 CIRCUIT CAROLE;;;SFR_COLL;DSP_MAJ_IRISE;;;OR21;OR1;OR21;CST;MCO;OK;18/10/2004;18/10/2004;C;OPT;C;TR;RF16;72;56;16;6;;4;1603,8931;;;18/10/2004;;;;
7258769;TERRITOIRE;IRS - 144FO - 26 RUE M TENINE/FT144 - IRS - AV DE LA CERISAIE;;;SFR_COLL;DSP_MAJ_IRISE;;;OR21;OR1;OR21;CST;MCO;OK;03/09/2013;03/09/2013;C;OPT;C;LH;RF22;144;142;2;12;;4;952,1704;;;03/09/2013;;;;
4610680;TERRITOIRE;IRS - 72FO - PROGRES_NEUILLY/NEUILLY_FEUILLERE;;;SFR_COLL;DSP_MAJ_IRISE;;;OR21;OR1;OR21;CST;MCO;OK;06/08/2009;06/08/2009;C;OPT;C;TR;RF16;72;59;13;6;;4;257,7311;;;06/08/2009;;;;
4631958;HORS TERRITOIRE;IRS - 36FO - BI GARCHES/ N-1 GARCHES (STADE);;;SFR_COLL;DSP_MAJ_IRISE;;;OR21;OR1;OR21;CST;MCO;OK;12/03/2012;12/03/2012;C;OPT;C;TR;RF42;36;34;2;6;;4;36,0231;;;12/03/2012;;;;
4606022;TERRITOIRE;IRS - N-1/CMS - AA;;;SFR_COLL;DSP_MAJ_IRISE;;;OR21;OR1;OR21;CST;MCO;OK;19/08/2010;19/08/2010;C;OPT;C;DI;RF24;24;20;4;2;;4;29,8628;;;19/08/2010;;;;
4614426;TERRITOIRE;IRS - AUTOCOM (MONTROUGE)/MGP AUTOCOM (MONTROUGE);;;SFR_COLL;DSP_MAJ_IRISE;;;OR21;OR1;OR21;CST;MCO;OK;31/07/2007;31/07/2007;C;OPT;C;DI;RF38;12;10;2;1;;4;11,0454;;;31/07/2007;;;;
4626464;TERRITOIRE;IRS 144FO ADD 2 RUE FELLINI/IRS - WILSON-MITTERRAND-1;;;SFR_COLL;DSP_MAJ_IRISE;;;OR21;OR1;OR21;CST;MCO;OK;11/05/2012;11/05/2012;C;OPT;C;LH;RF40;144;100;44;12;;4;122,1230;;;11/05/2012;;;;
4633195;TERRITOIRE;IRS - 24FO BI/POP CHAUFFERIE_VAL_AUX_RENARDS (D82);;;SFR_COLL;DSP_MAJ_IRISE;;;OR21;OR1;OR21;CST;MCO;OK;28/07/2009;28/07/2009;C;OPT;C;DI;RF15;24;22;2;4;;4;18,3577;;;28/07/2009;;;;
18457667;TERRITOIRE;IRS - 36 FO - IRS - FT 367 - 14 RUE DU JEU DE PAUME (NOGENT-SUR-MARNE) / IRS - FT 610 - RUE THIERS;;;SFR_COLL;DSP_MAJ_IRISE;;;OR21;OR1;OR21;CST;MCO;OK;20/05/2020;20/05/2020;C;OPT;C;TR;RF50;36;36;0;3;;4;455,7838;;;20/05/2020;;;;
12933220;TERRITOIRE;IRS - 144 FO - 2 RUE SEVERINE/ECOLE INFIRMIERE IRISE;;;SFR_COLL;DSP_MAJ_IRISE;;;OR21;OR1;OR21;CST;MCO;OK;11/08/2017;11/08/2017;C;OPT;C;LH;RF148;144;87;57;12;;4;37,5409;;;11/08/2017;;;;
17319074;TERRITOIRE;IRS - 36 FO - 2 RUE DE FONTENAY / IRS - FT869 BD DESGRANGES;;;SFR_COLL;DSP_MAJ_IRISE;;;OR21;OR1;OR21;CST;MCO;OK;07/02/2020;07/02/2020;C;OPT;C;TR;RF50;36;36;0;3;;4;990,7399;;;07/02/2020;;;;
7410145;TERRITOIRE;IRS - 144FO - LD - IRS - RUE ETIENNE DOLET (LE BOURGET) / IRS - AV DIV LECLERC / RUE DU CMD ROLLAND (LE BOURGET);;;SFR_COLL;DSP_MAJ_IRISE;;;OR21;OR1;OR21;CST;MCO;OK;17/10/2013;17/10/2013;C;OPT;C;LH;RF22;144;144;0;12;;4;660,2568;;;17/10/2013;;;;
4611620;TERRITOIRE;BPE 2 ESSEN/LT TOLEDE 2 RUNGIS;;;SFR_COLL;DSP_MAJ_IRISE;;;OR21;OR1;OR21;CST;MCO;OK;06/02/2006;06/02/2006;C;OPT;C;DI;RF14;12;8;4;2;;4;98,2826;;;06/02/2006;;;;
8095377;TERRITOIRE;IRS - 72 FO - PLACE CORNILLON / ANGLE DELAUNAY / RIMET;;;SFR_COLL;DSP_MAJ_IRISE;;;OR21;OR1;OR21;CST;MCO;OK;18/04/2014;18/04/2014;C;OPT;C;TR;RF28;72;52;20;6;;4;216,6147;;;18/04/2014;;;;
4610995;TERRITOIRE;IRS-19 BD JEAN JAURES/POP GARAGE SAINT OUEN;;;SFR_COLL;DSP_MAJ_IRISE;;;OR21;OR1;OR21;CST;MCO;OK;19/10/2006;19/10/2006;C;OPT;C;DI;RF14;12;4;8;2;;4;187,5177;;;19/10/2006;;;;
4602596;HORS TERRITOIRE;IRS - RUE MONIER NANTERRE/UCB RUEIL - AA;;;SFR_COLL;DSP_MAJ_IRISE;;;OR21;OR1;OR21;CST;MCO;OK;22/04/2005;22/04/2005;C;OPT;C;DI;RF14;12;6;6;2;;4;41,2270;;;22/04/2005;;;;
17192048;TERRITOIRE;IRS - 72 FO - FT 783 - 21 RUE GABRIEL PERI / RUE DES PIERRELAIS CHATILLON;;;SFR_COLL;DSP_MAJ_IRISE;;;OR21;OR1;OR21;CST;MCO;OK;27/01/2020;27/01/2020;C;OPT;C;TR;RF28;72;72;0;6;;4;546,8879;;;27/01/2020;;;;
4614421;TERRITOIRE;IRS - DE GAULLE_ECHAT/MGP DE GAULLE_ECHAT;;;SFR_COLL;DSP_MAJ_IRISE;;;OR21;OR1;OR21;CST;MCO;OK;31/07/2007;31/07/2007;C;OPT;C;DI;RF38;12;10;2;1;;4;24,9510;;;31/07/2007;;;;
4610398;TERRITOIRE;IRS - MAIRIE DE STAINS/N-1 MAIRE DE STAINS;;;SFR_COLL;DSP_MAJ_IRISE;;;OR21;OR1;OR21;CST;MCO;OK;27/01/2006;27/01/2006;C;OPT;C;DI;RF14;12;10;2;2;;4;272,4462;;;27/01/2006;;;;
4629147;TERRITOIRE;IRS - 24FO - 16 MARCEL DASSAULT / POP FNAC IVRY;;;SFR_COLL;DSP_MAJ_IRISE;;;OR21;OR1;OR21;CST;MCO;OK;01/07/2008;01/07/2008;C;OPT;C;DI;RF15;24;20;4;4;;4;20,4284;;;01/07/2008;;;;
4613406;TERRITOIRE;IRS - SALENGRO_UTRILLO/ALBERT WALTER;;;SFR_COLL;DSP_MAJ_IRISE;;;OR21;OR1;OR21;CST;MCO;OK;07/11/2007;07/11/2007;C;OPT;C;TR;RF16;72;62;10;6;;4;223,1479;;;07/11/2007;;;;
4608604;TERRITOIRE;IRS - 24FO - N-1/POP ANNEXE DE MAIRIE;;;SFR_COLL;DSP_MAJ_IRISE;;;OR21;OR1;OR21;CST;MCO;OK;01/09/2010;01/09/2010;C;OPT;C;DI;RF15;24;20;4;4;;4;36,2215;;;01/09/2010;;;;
6855895;HORS TERRITOIRE;IRS - 144FO - CH DES BEAUREGARDS (HERBLAY) / IRS - CHEMIN DA LA ROUE;;;SFR_COLL;DSP_MAJ_IRISE;;;OR21;OR1;OR21;CST;MCO;OK;28/03/2012;28/03/2012;C;OPT;C;LH;RF40;144;74;70;12;;4;2380,1289;;;28/03/2012;;;;
4605489;TERRITOIRE;IRS - 72FO - ARON BEAUSEJOUR/AV DU GENERAL LECLERC BOURG LA REINE;;;SFR_COLL;DSP_MAJ_IRISE;;;OR21;OR1;OR21;CST;MCO;OK;01/03/2006;01/03/2006;C;OPT;C;TR;RF16;72;57;15;6;;4;854,4334;;;01/03/2006;;;;
4610629;TERRITOIRE;IRS - 12FO - CHANDON-COUTURIER/DOJO GENNEVILLIERS;;;SFR_COLL;DSP_MAJ_IRISE;;;OR21;OR1;OR21;CST;MCO;OK;21/04/2006;21/04/2006;C;OPT;C;DI;RF14;12;10;2;2;;4;69,7556;;;21/04/2006;;;;
6332722;HORS TERRITOIRE;IRS - 144FO - 40 AVE GROS CHENE/N-1 POP SPIE (ERAGNY);;;SFR_COLL;DSP_MAJ_IRISE;;;OR21;OR1;OR21;CST;MCO;OK;07/05/2013;07/05/2013;C;OPT;C;LH;RF22;144;141;3;12;;4;432,3632;;;07/05/2013;;;;
4632769;TERRITOIRE;IRS - 48FO - RUE DE LA BOULANGERIE / PLACE DES CACQUETS;;;SFR_COLL;DSP_MAJ_IRISE;;;OR21;OR1;OR21;CST;MCO;OK;23/11/2009;23/11/2009;C;OPT;C;TR;RF19;48;42;6;4;;4;226,2593;;;23/11/2009;;;;
4600979;TERRITOIRE;IRS - N-1 MAIRIE MONTREUIL/POP SICIM;;;SFR_COLL;DSP_MAJ_IRISE;;;OR21;OR1;OR21;CST;MCO;OK;01/03/2005;01/03/2005;C;OPT;C;TR;RF19;48;43;5;4;;4;103,4729;;;01/03/2005;;;;
4636101;HORS TERRITOIRE;IRS - 24FO - N-1/POP XEROX - AA;;;SFR_COLL;DSP_MAJ_IRISE;;;OR21;OR1;OR21;CST;MCO;OK;03/05/2010;03/05/2010;C;OPT;C;DI;RF15;24;22;2;4;;4;241,4255;;;03/05/2010;;;;
29462817;TERRITOIRE;IRS - 24FO - NEW JULES FERRY PK 3703 / BPE IRS FT 778 - ANGLE MARYSE BASTIE NUNGSER;;;SFR_COLL;DSP_MAJ_IRISE;;;OR21;OR1;OR21;CST;MCO;OK;09/02/2022;09/02/2022;C;OPT;C;DI;RF29;24;22;2;4;;5;2576,8805;;;09/02/2022;;;;
36654818;TERRITOIRE;12 FO - 2 EME BI CHAUFFERIE  / POP HOTEL DE VILLE  D AUBERVILLIERS - AA;;;SFR_COLL;DSP_MAJ_IRISE;;;OR21;OR1;OR21;CST;MCO;OK;10/02/2023;10/02/2023;C;OPT;C;DI;RF27;12;10;2;2;;5;7,2213;;;10/02/2023;;;;
34328738;TERRITOIRE;IRS - 36 FO - IRS - FT 1352 - 15 RUE PAUL LANGEVIN (CHATENAY-MALABRY)I / IRS - 21 AVENUE DESCARTES (PLESSIS-ROBINSON);;;SFR_COLL;DSP_MAJ_IRISE;;;OR21;OR1;OR21;CST;MCO;OK;10/04/2020;10/04/2020;C;OPT;C;TR;RF50;36;36;0;3;;4;1072,4185;;;10/04/2020;;;;
36786020;TERRITOIRE;IRS - 12FO - FT163 - N-1 BROSSOLETTE CH / FT160 CH SAT SECURISEE CAM36;;;SFR_COLL;DSP_MAJ_IRISE;;;OR21;OR1;OR21;CST;MCO;OK;16/02/2023;16/02/2023;C;OPT;C;DI;RF27;12;5;7;2;;5;88,3561;;;16/02/2023;;;;
29154349;HORS TERRITOIRE;IRS - 12 FO - FT 382 - 118 RUE JEAN JAURES (VILLIERS SUR MARNE) - BPE 1 / POP C20 VILLIERS SUR MARNE - AA;;;SFR_COLL;DSP_MAJ_IRISE;;;OR21;OR1;OR21;CST;MCO;OK;26/01/2022;26/01/2022;C;OPT;C;DI;RF27;12;10;2;2;;5;551,7154;;;26/01/2022;;;;
14979942;TERRITOIRE;36 FO - FT 881 - IRS - 36 ALLEE DATHENES (BONDY) / ANGLE 20 AVENUE MARX DORMOY ET 33 RUE FONTAINE;;;SFR_COLL;DSP_MAJ_IRISE;;;OR21;OR1;OR21;CST;MCO;OK;06/06/2019;06/06/2019;C;OPT;C;TR;RF50;36;36;0;3;;4;594,4117;;;06/06/2019;;;;
4920226;TERRITOIRE;IRS - 144 FO - GALERIE DE GAULLE (MONTROUGE)-BPE2 / AV DU PRESIDENT ALLENDE;;;SFR_COLL;DSP_MAJ_IRISE;;;OR21;OR1;OR21;CST;MCO;OK;05/11/2012;05/11/2012;C;OPT;C;LH;RF22;144;138;6;12;;4;981,0572;;;05/11/2012;;;;
7255906;HORS TERRITOIRE;IRS - 144FO - FT 1175 - RUE DE LA PATELLE / FT - N-1 FRANCE CARGO;;;SFR_COLL;DSP_MAJ_IRISE;;;OR21;OR1;OR21;CST;MCO;OK;03/09/2013;03/09/2013;C;OPT;C;LH;RF22;144;139;5;12;;4;260,7123;;;03/09/2013;;;;
4614881;TERRITOIRE;IRS-RUE DE LA METALLURGIE PROCESSION/RUE DE LA PROCESSION ITX3 ADD1;;;SFR_COLL;DSP_MAJ_IRISE;;;OR21;OR1;OR21;CST;MCO;OK;11/06/2007;11/06/2007;C;OPT;C;LH;RF22;144;102;42;12;;4;648,8362;;;11/06/2007;;;;
4642537;TERRITOIRE;IRS - 24FO - BI / POP VEOLIA WATER DE GAULLE (ANTONY) - AA;;;SFR_COLL;DSP_MAJ_IRISE;;;OR21;OR1;OR21;CST;MCO;OK;09/03/2012;09/03/2012;C;OPT;C;DI;RF15;24;24;0;4;;4;16,8532;;;09/03/2012;;;;
8872963;TERRITOIRE;144 FO - LD - BAGUETTE BPE1/BPE2 - IRS;;;SFR_COLL;DSP_MAJ_IRISE;;;OR21;OR1;OR21;CST;MCO;OK;12/12/2014;12/12/2014;C;OPT;C;LH;RF22;144;129;15;12;;4;2,2218;;;12/12/2014;;;;
4594863;HORS TERRITOIRE;IRS - 144 FO - AVENUE FOCH(GARCHES)/IRS-BD POINCARRE;;;SFR_COLL;DSP_MAJ_IRISE;;;OR21;OR1;OR21;CST;MCO;OK;19/07/2012;19/07/2012;C;OPT;C;LH;RF40;144;140;4;12;;4;334,9086;;;19/07/2012;;;;
4601963;TERRITOIRE;IRS - AV DE GAULLE/MAIRIE CHEVILLY LARUE;;;SFR_COLL;DSP_MAJ_IRISE;;;OR21;OR1;OR21;CST;MCO;OK;20/08/2002;20/08/2002;C;OPT;C;DI;RF14;12;4;8;2;;4;145,7460;;;20/08/2002;;;;
4596863;TERRITOIRE;IRS - PERI-GINOUX/ECOLE ELEMENTAIRE QUENEAU MONTROUGE;;;SFR_COLL;DSP_MAJ_IRISE;;;OR21;OR1;OR21;CST;MCO;OK;06/07/2005;06/07/2005;C;OPT;C;DI;RF14;12;8;4;2;;4;138,9708;;;06/07/2005;;;;
4607259;TERRITOIRE;IRS- COUTURIER VARLIN/POP INSERM VILLEJUIF;;;SFR_COLL;DSP_MAJ_IRISE;;;OR21;OR1;OR21;CST;MCO;OK;20/03/2007;20/03/2007;C;OPT;C;DI;RF14;12;9;3;2;;4;214,0591;;;20/03/2007;;;;
7138147;HORS TERRITOIRE;IRS - 144 FO - RUE DU GRAND VAL / RUE LUDOVIC HALEVY;;;SFR_COLL;DSP_MAJ_IRISE;;;OR21;OR1;OR21;CST;MCO;OK;23/07/2013;23/07/2013;C;OPT;C;LH;RF22;144;140;4;12;;4;848,4405;;;23/07/2013;;;;
22184162;TERRITOIRE;IRS - 12FO - FT126 - 2 PLACE PABLO PICASSO / FT95 - 22 RUE AUGUSTE PERRET;;;SFR_COLL;DSP_MAJ_IRISE;;;OR21;OR1;OR21;CST;MCO;OK;06/02/2021;06/02/2021;C;OPT;C;DI;RF27;12;10;2;2;;5;148,1919;;;06/02/2021;;;;
28632113;TERRITOIRE;IRS - 12FO  - FT 277 - 111 RUE YOURI GAGARINE / POP GOUPE SCOLAINRE LANGEVIN - AA;;;SFR_COLL;DSP_MAJ_IRISE;;;OR21;OR1;OR21;CST;MCO;OK;28/12/2021;28/12/2021;C;OPT;C;DI;RF27;12;10;2;2;;5;271,5279;;;28/12/2021;;;;
4601711;TERRITOIRE;IRS -12FO - RUE GARDEBLED- PERI/CENTRE MEDICAL;;;SFR_COLL;DSP_MAJ_IRISE;;;OR21;OR1;OR21;CST;MCO;OK;06/07/2004;06/07/2004;C;OPT;C;DI;RF57;12;8;4;1;;4;296,6660;;;06/07/2004;;;;
7164645;TERRITOIRE;IRS - 144FO - FT - ANGLE RUE DU PARC DE L ILE / RUE DES SABLIERES / FT  - IRS - 84 JULES QUENTIN;;;SFR_COLL;DSP_MAJ_IRISE;;;OR21;OR1;OR21;CST;MCO;OK;31/07/2013;31/07/2013;C;OPT;C;LH;RF22;144;140;4;12;;4;1343,2759;;;31/07/2013;;;;
7410146;TERRITOIRE;IRS - 144FO - LD - IRS - AV DIV LECLERC / RUE DU CMD ROLLAND (LE BOURGET) / IRS - FT_41 - AV MARCEL DASSAULT (LE BOURGET);;;SFR_COLL;DSP_MAJ_IRISE;;;OR21;OR1;OR21;CST;MCO;OK;17/10/2013;17/10/2013;C;OPT;C;LH;RF22;144;144;0;12;;4;382,7696;;;17/10/2013;;;;
17863750;TERRITOIRE;IRS - 144 FO -  FT 850 - 88 AVENUE D ALFORTVILLE / FT 858 - AVENUE DES MESANGES;;;SFR_COLL;DSP_MAJ_IRISE;;;OR21;OR1;OR21;CST;MCO;OK;26/03/2020;26/03/2020;C;OPT;C;LH;RF22;144;144;0;12;;4;278,4389;;;26/03/2020;;;;
11010729;HORS TERRITOIRE;IRS - 72 FO - BOULEVARD DU MONT D'EST / BI RUE BIENVENUE (NOISY LE GRAND);;;SFR_COLL;DSP_MAJ_IRISE;;;OR21;OR1;OR21;CST;MCO;OK;04/07/2013;04/07/2013;C;OPT;C;TR;RF158;72;72;0;6;;5;169,6783;;;04/07/2013;;;;
4599094;TERRITOIRE;IRS - PETITE SAUSSAIE/MAIRIE DE VITRY;;;SFR_COLL;DSP_MAJ_IRISE;;;OR21;OR1;OR21;CST;MCO;OK;21/11/2002;21/11/2002;C;OPT;C;TR;RF12;48;45;3;6;;5;506,5851;;;21/11/2002;;;;
45509232;TERRITOIRE;IRS - 24FO - 90 RUE FRANCOIS MILLET / 55 AVENUE DES CHAMPS PIERREUX;;;SFR_COLL;DSP_MAJ_IRISE;;;OR21;OR1;OR21;CST;MCO;OK;27/06/2024;27/06/2024;C;OPT;C;DI;RF30;24;22;2;4;;4;272,8859;;;27/06/2024;;;;
7155106;TERRITOIRE;IRS - 72FO - LEROUX_ORMES/FACE 23 RUE GUERIN LEROUX;;;SFR_COLL;DSP_MAJ_IRISE;;;OR21;OR1;OR21;CST;MCO;OK;29/07/2013;29/07/2013;C;OPT;C;TR;RF28;72;63;9;6;;4;100,9928;;;29/07/2013;;;;
4633299;TERRITOIRE;IRS - 48FO COLLEGE_LIBERTE (D68)/MAIRIE_DE_CHEVILLY_LARUE;;;SFR_COLL;DSP_MAJ_IRISE;;;OR21;OR1;OR21;CST;MCO;OK;20/07/2009;20/07/2009;C;OPT;C;TR;RF19;48;46;2;4;;4;117,4173;;;20/07/2009;;;;
4612903;TERRITOIRE;IRS - 144FO - RUE A ET ML ROURE/160 AVENUE HENRI BARBUSSE;;;SFR_COLL;DSP_MAJ_IRISE;;;OR21;OR1;OR21;CST;MCO;OK;16/03/2012;16/03/2012;C;OPT;C;LH;RF40;144;58;86;12;;4;428,2343;;;16/03/2012;;;;
7329489;TERRITOIRE;IRS - 72FO - BAG BPE1/BPE2 N-1 ECOLE NATIONALE DE DANSE DE PANTIN;;;SFR_COLL;DSP_MAJ_IRISE;;;OR21;OR1;OR21;CST;MCO;OK;24/09/2013;24/09/2013;C;OPT;C;TR;RF28;72;70;2;6;;4;9,8942;;;24/09/2013;;;;
6757985;TERRITOIRE;IRS - 36FO - POP MAISON D'EDUCATION DE LA LEGION / 5 RUE DE LA LEGION D HONNEUR;;;SFR_COLL;DSP_MAJ_IRISE;;;OR21;OR1;OR21;CST;MCO;OK;20/06/2013;20/06/2013;C;OPT;C;TR;RF26;36;36;0;6;;4;84,6928;;;20/06/2013;;;;
7437427;TERRITOIRE;IRS - 144FO - FT AV DE LA REP_RUE ELISEE RECLUS/105 RUE GUY MOQUET;;;SFR_COLL;DSP_MAJ_IRISE;;;OR21;OR1;OR21;CST;MCO;OK;25/10/2013;25/10/2013;C;OPT;C;LH;RF22;144;124;20;12;;4;515,3963;;;25/10/2013;;;;
15491566;TERRITOIRE;IRISE - 24FO - 187 RUE DE PARIS / AVENUE PAUL DE KOCK;;;SFR_COLL;DSP_MAJ_IRISE;;;OR21;OR1;OR21;CST;MCO;OK;05/08/2019;05/08/2019;C;OPT;C;DI;RF29;24;14;10;4;;5;390,4255;;;05/08/2019;;;;
11082262;TERRITOIRE;24 FO - IRS - BI 67 BOULEVARD GENERAL LECLERC/POP AMAZON BOULEVARD DU GENERAL LECLERC CLICHY LA GARENNE - AA;;;SFR_COLL;DSP_MAJ_IRISE;;;OR21;OR1;OR21;CST;MCO;OK;22/03/2017;22/03/2017;C;OPT;C;DI;RF30;24;23;1;4;;4;57,7822;;;22/03/2017;;;;
8376386;TERRITOIRE;IRS - 144FO - CITE MARCEL CACHIN  / GROUPE SCOLAIRE CACHIN;;;SFR_COLL;DSP_MAJ_IRISE;;;OR21;OR1;OR21;CST;MCO;OK;09/06/2008;09/06/2008;C;OPT;C;LH;RF40;144;134;10;12;;4;69,0927;;;09/06/2008;;;;
6332721;HORS TERRITOIRE;IRS - 48FO - 40 AVE GROS CHENE/POP SPIE ERAGNY SUR OISE - AA;;;SFR_COLL;DSP_MAJ_IRISE;;;OR21;OR1;OR21;CST;MCO;OK;07/05/2013;07/05/2013;C;OPT;C;TR;RF60;48;47;1;8;;4;107,8206;;;07/05/2013;;;;
6300054;TERRITOIRE;IRS - 144FO - AVENUE JEAN JAURES/RUE DE LA FOLIE (BOBIGNY) - BPE1/AVENUE KARL MARX (BOBIGNY) - BPE1;;;SFR_COLL;DSP_MAJ_IRISE;;;OR21;OR1;OR21;CST;MCO;OK;30/04/2013;30/04/2013;C;OPT;C;LH;RF22;144;135;9;12;;4;1044,7503;;;30/04/2013;;;;
14842626;TERRITOIRE;IRS - 144 FO - FT 435 - 5 RUE HENRI LANGLOIS DRANCY / FT 518 - 117 AVENUE HENRI BARBUSSE;;;SFR_COLL;DSP_MAJ_IRISE;;;OR21;OR1;OR21;CST;MCO;OK;20/05/2019;20/05/2019;C;OPT;C;LH;RF22;144;144;0;12;;4;874,9631;;;20/05/2019;;;;
4641296;TERRITOIRE;IRS - 72FO - THOMEREAU-TASSIGNY/ANGLE AV LA FERRIERE-PLAISANCE;;;SFR_COLL;DSP_MAJ_IRISE;;;OR21;OR1;OR21;CST;MCO;OK;29/02/2012;29/02/2012;C;OPT;C;TR;RF16;72;63;9;6;;4;588,1534;;;29/02/2012;;;;
10801873;TERRITOIRE;IRS - 72FO - BI POP METRO CASH&CARRY GRANDS PRES (NANTERRE) / IRS - RUE DES PEUPLIERS;;;SFR_COLL;DSP_MAJ_IRISE;;;OR21;OR1;OR21;CST;MCO;OK;03/01/2013;03/01/2013;C;OPT;C;TR;RF103;72;72;0;6;;4;588,2347;;;03/01/2013;;;;
4625309;TERRITOIRE;IRS - BREAKOUT - ARMOIRE DE RUE 2 / PRCA CAMERA ROSNY 7;;;SFR_COLL;DSP_MAJ_IRISE;;;OR21;OR1;OR21;CST;MCO;OK;06/01/2009;06/01/2009;C;OPT;C;DI;RF39;2;0;2;1;;4;58,6070;;;06/01/2009;;;;
7953222;TERRITOIRE;IRS - 72FO - 81 RUE  DE FONTENAY BPE2 / 198 RUE DE FONTENAY BPE2;;;SFR_COLL;DSP_MAJ_IRISE;;;OR21;OR1;OR21;CST;MCO;OK;17/03/2014;17/03/2014;C;OPT;C;TR;RF28;72;68;4;6;;4;362,5603;;;17/03/2014;;;;
4635227;TERRITOIRE;IRS - 48FO - BI BAT N?122 MINDEF DGA ARCEUIL/POP MINDEF DGA ARCEUIL BAT N?178 - BA;;;SFR_COLL;DSP_MAJ_IRISE;;;OR21;OR1;OR21;CST;MCO;OK;26/01/2011;26/01/2011;C;OPT;C;TR;RF19;48;48;0;4;;4;17,7051;;;26/01/2011;;;;
5059737;TERRITOIRE;IRS - 144 FO - 30 BD PASTEUR/ANGLE RUE DES NOYERS-ROOSEVELT;;;SFR_COLL;DSP_MAJ_IRISE;;;OR21;OR1;OR21;CST;MCO;OK;27/11/2012;27/11/2012;C;OPT;C;LH;RF35;144;130;14;12;;4;1046,6726;;;27/11/2012;;;;
4614908;TERRITOIRE;IRS - 72FO - IRS 38 RUE HAUTES PATURES/IRS - 201 RUE HAUTES_PATURES (NANTERRE);;;SFR_COLL;DSP_MAJ_IRISE;;;OR21;OR1;OR21;CST;MCO;OK;28/09/2007;28/09/2007;C;OPT;C;TR;RF16;72;20;52;6;;4;235,5742;;;28/09/2007;;;;
24913382;TERRITOIRE;IRS - 24FO - FT1967 - RUE ST JUST / FT1480 - RUE GASTON LAURIAU;;;SFR_COLL;DSP_MAJ_IRISE;;;OR21;OR1;OR21;CST;MCO;OK;26/07/2021;26/07/2021;C;OPT;C;DI;RF29;24;22;2;4;;5;965,8578;;;26/07/2021;;;;
19763559;TERRITOIRE;IRS - FT 2334 - 144 RUE LENAIN  / POP MATERNELLE GRANDS PECHERS MONTREUIL - AA;;;SFR_COLL;DSP_MAJ_IRISE;;;OR21;OR1;OR21;CST;MCO;OK;19/08/2020;19/08/2020;C;OPT;C;DI;RF27;12;8;4;2;;5;222,9669;;;19/08/2020;;;;
4604904;TERRITOIRE;IRS - 24FO BPE/POP IMM_PYTHAGORE;;;SFR_COLL;DSP_MAJ_IRISE;;;OR21;OR1;OR21;CST;MCO;OK;03/08/2009;03/08/2009;C;OPT;C;DI;RF15;24;20;4;4;;4;26,4162;;;03/08/2009;;;;
11108697;TERRITOIRE;IRS - 144 FO - IRS RUE DE STALINGRAD HOPITAL (BOBIGNY) BPE 2 /   BI 126 RUE DE STALINGRADE - BAT 106;;;SFR_COLL;DSP_MAJ_IRISE;;;OR21;OR1;OR21;CST;MCO;OK;10/01/2014;10/01/2014;C;OPT;C;LH;RF22;144;143;1;12;;4;213,8454;;;10/01/2014;;;;
28807457;TERRITOIRE;IRISE - 12 FO - PRC FT1697 - 8 RUE DU 18 JUIN 1940  / FT271 - 9 Rue Jean Moulin;;;SFR_COLL;DSP_MAJ_IRISE;;;OR21;OR1;OR21;CST;MCO;OK;06/01/2022;06/01/2022;C;OPT;C;DI;RF27;12;11;1;2;;5;489,4324;;;06/01/2022;;;;
11003603;TERRITOIRE;24FO - LD - POP EDF VITRY SUR SEINE/BI 18 RUE DES FUSILLES - AA;;;SFR_COLL;DSP_MAJ_IRISE;;;OR21;OR1;OR21;CST;MCO;OK;06/03/2017;06/03/2017;C;OPT;C;DI;RF48;24;24;0;4;;4;34,3284;;;06/03/2017;;;;
4603616;TERRITOIRE;IRS - BRETON-PRESIDENT /FRUITIERS;;;SFR_COLL;DSP_MAJ_IRISE;;;OR21;OR1;OR21;CST;MCO;OK;13/04/2005;13/04/2005;C;OPT;C;LH;RF40;144;62;82;12;;4;163,2755;;;13/04/2005;;;;
4608595;TERRITOIRE;IRS - 72FO - RUE D'ARCEUIL/BPE IMMEUBLE IENA RUNGIS;;;SFR_COLL;DSP_MAJ_IRISE;;;OR21;OR1;OR21;CST;MCO;OK;17/01/2006;17/01/2006;C;OPT;C;TR;RF16;72;51;21;6;;4;232,4272;;;17/01/2006;;;;
4627618;HORS TERRITOIRE;IRS - 24FO - PARKING RUE DES VANESSES/POP AFFINION;;;SFR_COLL;DSP_MAJ_IRISE;;;OR21;OR1;OR21;CST;MCO;OK;29/12/2009;29/12/2009;C;OPT;C;DI;RF15;24;22;2;4;;4;24,7591;;;29/12/2009;;;;
4607189;TERRITOIRE;IRS - RUE HENRI BARBUSSE/ANGLE P BERT H BARBUSSE;;;SFR_COLL;DSP_MAJ_IRISE;;;OR21;OR1;OR21;CST;MCO;OK;22/02/2005;22/02/2005;C;OPT;C;TR;RF16;72;21;51;6;;4;135,4153;;;22/02/2005;;;;
4635706;TERRITOIRE;IRS - 36FO - 79 BD WILSON (ROMAINVILLE)/N-1 ROMAINVILLE (COLLEGE);;;SFR_COLL;DSP_MAJ_IRISE;;;OR21;OR1;OR21;CST;MCO;OK;13/02/2012;13/02/2012;C;OPT;C;TR;RF42;36;32;4;6;;4;602,4289;;;13/02/2012;;;;
33200115;TERRITOIRE;IRS - 12FO - RD PT DE L'EUROPE - RUE DE LISBONNE / PRC CAM 82 ROSNY SOUS BOIS;;;SFR_COLL;DSP_MAJ_IRISE;;;OR21;OR1;OR21;CST;MCO;OK;10/08/2022;10/08/2022;C;OPT;C;DI;RF27;12;11;1;2;;5;423,7227;;;10/08/2022;;;;
4617839;TERRITOIRE;IRS - 144FO - RUE DE VILLENEUVE BPE 1/RUE DE LA COUTURE BPE1 (RUNGIS);;;SFR_COLL;DSP_MAJ_IRISE;;;OR21;OR1;OR21;CST;MCO;OK;12/04/2012;12/04/2012;C;OPT;C;LH;RF40;144;101;43;12;;4;412,9749;;;12/04/2012;;;;
4610140;TERRITOIRE;IRS - CAB2 - PLACE DES CACQUETS/MAIRIE DE SAINT-DENIS;;;SFR_COLL;DSP_MAJ_IRISE;;;OR21;OR1;OR21;CST;MCO;OK;14/11/2006;14/11/2006;C;OPT;C;DI;RF70;12;10;2;2;;5;110,5942;;;14/11/2006;;;;
18291875;TERRITOIRE;IRS - 12 FO - FT 2331 - 87 RUE LENAIN DE TILLEMONT / POP STADE JEAN DELBERT MONTREUIL - AA;;;SFR_COLL;DSP_MAJ_IRISE;;;OR21;OR1;OR21;CST;MCO;OK;07/05/2020;07/05/2020;C;OPT;C;DI;RF27;12;8;4;2;;5;93,4771;;;07/05/2020;;;;
19123890;TERRITOIRE;IRS - 24FO  - FT 77 - 52 AVENUE CHARLES GIDE/ IRS - SEVERINE-GID;;;SFR_COLL;DSP_MAJ_IRISE;;;OR21;OR1;OR21;CST;MCO;OK;03/07/2020;03/07/2020;C;OPT;C;DI;RF29;24;24;0;4;;5;454,2003;;;03/07/2020;;;;
4609237;TERRITOIRE;IRS - 36FO - R ANATOLE FRANCE/N-1 POP FTTS CHAVILLE (GARE);;;SFR_COLL;DSP_MAJ_IRISE;;;OR21;OR1;OR21;CST;MCO;OK;17/01/2012;17/01/2012;C;OPT;C;TR;RF42;36;32;4;6;;4;340,5056;;;17/01/2012;;;;
6375268;TERRITOIRE;IRS - 72FO - 114 AV ANATOLE FRANCE (CHOISY LE ROI) / IRS - 96 AVENUE ANTOLE FRANCE (CHOISY);;;SFR_COLL;DSP_MAJ_IRISE;;;OR21;OR1;OR21;CST;MCO;OK;15/05/2013;15/05/2013;C;OPT;C;TR;RF28;72;71;1;6;;4;303,5220;;;15/05/2013;;;;
4608993;TERRITOIRE;IRS - 48FO - VERS GALERIE DE GAULLE MONTROUGE/32 RUE GABRIEL PERI;;;SFR_COLL;DSP_MAJ_IRISE;;;OR21;OR1;OR21;CST;MCO;OK;25/11/2004;25/11/2004;C;OPT;C;TR;RF19;48;16;32;4;;4;588,7479;;;25/11/2004;;;;
6284692;TERRITOIRE;IRS - NEW 144FO - NEW JULES FERRY PK 3703/D. CAZANOVA-A. HUZARD (AUBERVILLIERS) - BPE 1;;;SFR_COLL;DSP_MAJ_IRISE;;;OR21;OR1;OR21;CST;MCO;OK;26/04/2013;26/04/2013;C;OPT;C;LH;RF22;144;82;62;12;;4;1492,2056;;;26/04/2013;;;;
4615010;TERRITOIRE;IRS - 16 RUE STE CLAIRE DEVILLE/IRS - N-1 ADD2 EPSN;;;SFR_COLL;DSP_MAJ_IRISE;;;OR21;OR1;OR21;CST;MCO;OK;12/11/2007;12/11/2007;C;OPT;C;TR;RF16;72;68;4;6;;4;326,2529;;;12/11/2007;;;;
17213155;TERRITOIRE;IRS - FT 387 - 4 RUE DENIS PAPIN / FT 840 - 20 AV HENRI BARBUSSE;;;SFR_COLL;DSP_MAJ_IRISE;;;OR21;OR1;OR21;CST;MCO;OK;29/01/2020;29/01/2020;C;OPT;C;LH;RF22;144;144;0;12;;4;283,0667;;;29/01/2020;;;;
5066786;TERRITOIRE;IRS - 24 FO - POP COMMUNICATION/99 AVENUE DE LA REPUBLIQUE - AA;;;SFR_COLL;DSP_MAJ_IRISE;;;OR21;OR1;OR21;CST;MCO;OK;28/11/2012;28/11/2012;C;OPT;C;DI;RF30;24;23;1;4;;4;163,5057;;;28/11/2012;;;;
16307923;TERRITOIRE;IRS - 12 FO - FT846 - 34 AENUE LOUIS ARAGON / POP GYMNASE BONIFACE VILLEJUIF - AA;;;SFR_COLL;DSP_MAJ_IRISE;;;OR21;OR1;OR21;CST;MCO;OK;25/09/2019;25/09/2019;C;OPT;C;DI;RF27;12;10;2;2;;5;79,5588;;;25/09/2019;;;;
4624840;TERRITOIRE;IRS - 24FO BPE/POP ARCHIVES DEPT;;;SFR_COLL;DSP_MAJ_IRISE;;;OR21;OR1;OR21;CST;MCO;OK;19/01/2010;19/01/2010;C;OPT;C;DI;RF15;24;20;4;4;;4;22,2122;;;19/01/2010;;;;
4605441;HORS TERRITOIRE;IRS - TRACE 48FO IRS - XCO RFF/N-1 URA MITRY;;;SFR_COLL;DSP_MAJ_IRISE;;;OR21;OR1;OR21;CST;MCO;OK;31/08/2004;31/08/2004;C;OPT;C;TR;RF60;48;32;16;8;;4;137,3393;;;31/08/2004;;;;
8072276;TERRITOIRE;IRS - CAMILLE DESMOULINS/6, BD DE LA VANNE;;;SFR_COLL;DSP_MAJ_IRISE;;;OR21;OR1;OR21;CST;MCO;OK;20/08/2002;20/08/2002;C;OPT;C;TR;RF16;72;11;61;6;;4;1127,0949;;;20/08/2002;;;;
8236130;TERRITOIRE;IRS - 144FO - 15 RUE DES HAUTS GIBOUTS / 7 RUE DU 2 DECEMBRE 1870;;;SFR_COLL;DSP_MAJ_IRISE;;;OR21;OR1;OR21;CST;MCO;OK;03/06/2014;03/06/2014;C;OPT;C;LH;RF22;144;141;3;12;;4;1456,7631;;;03/06/2014;;;;
11116012;HORS TERRITOIRE;IRS - 24FO - LD - POP ALPHABET BMW AV  EDOUARD BELIN (RUEIL MALMAISON) - AA;;;SFR_COLL;DSP_MAJ_IRISE;;;OR21;OR1;OR21;CST;MCO;OK;29/03/2017;29/03/2017;C;OPT;C;DI;RF30;24;23;1;4;;4;8,2237;;;29/03/2017;;;;
4632119;TERRITOIRE;IRS - 48FO CTM_HAY (D70)/RCE_FLOREAL (DXX);;;SFR_COLL;DSP_MAJ_IRISE;;;OR21;OR1;OR21;CST;MCO;OK;17/07/2009;17/07/2009;C;OPT;C;TR;RF19;48;46;2;4;;4;311,3970;;;17/07/2009;;;;
7286610;TERRITOIRE;IRS - 24 FO - BPE IMMEUBLE IENA RUNGIS-BPE2 / POP ASTERM PLACE DES ETATS UNIS - AA;;;SFR_COLL;DSP_MAJ_IRISE;;;OR21;OR1;OR21;CST;MCO;OK;11/09/2013;11/09/2013;C;OPT;C;DI;RF30;24;24;0;4;;4;81,3734;;;11/09/2013;;;;
4602330;TERRITOIRE;IRS - CAB 02 - ECOLE INFIRMIERE IRISE/LT POP IRISE KREMLIN;;;SFR_COLL;DSP_MAJ_IRISE;;;OR21;OR1;OR21;CST;MCO;OK;23/08/2002;23/08/2002;C;OPT;C;LH;RF56;144;113;31;12;;4;181,4856;;;23/08/2002;;;;
4604349;HORS TERRITOIRE;IRS - 48FO - N-1 URA LOGNES/BD MALVOISINE;;;SFR_COLL;DSP_MAJ_IRISE;;;OR21;OR1;OR21;CST;MCO;OK;15/07/2004;15/07/2004;C;OPT;C;TR;RF80;48;14;34;8;;4;117,7008;;;15/07/2004;;;;
4595269;TERRITOIRE;IRS - 48FO - NC COB CH 0B/CH 3 RUE PIERRE JOIGNEAUX - BL;;;SFR_COLL;DSP_MAJ_IRISE;;;OR21;OR1;OR21;CST;MCO;OK;06/02/2003;06/02/2003;C;OPT;C;TR;RF43;48;17;31;6;;183;1020,6563;;;06/02/2003;;;;
4599973;TERRITOIRE;IRS - ROBINSON-GUESDE/PELLETAN - 144 CD FT-2;;;SFR_COLL;DSP_MAJ_IRISE;;;OR21;OR1;OR21;CST;MCO;OK;30/01/2001;30/01/2001;C;OPT;C;LH;RF46;144;71;73;12;;100;261,9926;;;30/01/2001;;;;
45460897;TERRITOIRE;IRS - 12FO - POP C70 LES PAVILLONS SOUS BOIS /CH CAM SECURISE CAM70 - AA;;;SFR_COLL;DSP_MAJ_IRISE;;;OR21;OR1;OR21;CST;MCO;OK;25/06/2024;25/06/2024;C;OPT;C;DI;RF125;12;10;2;2;;5;9,6110;;;25/06/2024;;;;
4597090;TERRITOIRE;IRS - 48-10 AV DE PARIS IRS/10 AV DE PARIS EC78;;;SFR_COLL;DSP_MAJ_IRISE;;;OR21;OR1;OR21;CST;MCO;OK;26/09/2006;26/09/2006;C;OPT;C;TR;RF19;48;34;14;4;;4;13,6080;;;26/09/2006;;;;
16714595;TERRITOIRE;IRS - 36 FO - FT 25 - 118 RUE ANATOLE FRANCE / FT 784 RUE BAUDIN;;;SFR_COLL;DSP_MAJ_IRISE;;;OR21;OR1;OR21;CST;MCO;OK;07/12/2019;07/12/2019;C;OPT;C;TR;RF50;36;36;0;3;;4;781,6654;;;07/12/2019;;;;
15502792;TERRITOIRE;IRISE - 24 FO - ANGLE RUE DE PARIS_RUE FRANCINE FROMOND / PRC CAMERA AU PIED DE C30 BIS;;;SFR_COLL;DSP_MAJ_IRISE;;;OR21;OR1;OR21;CST;MCO;OK;06/08/2019;06/08/2019;C;OPT;C;DI;RF29;24;20;4;4;;5;6,1963;;;06/08/2019;;;;
4614715;TERRITOIRE;IRS-5 RUE KLEBER/CMS SAVATERRO MONTREUIL;;;SFR_COLL;DSP_MAJ_IRISE;;;OR21;OR1;OR21;CST;MCO;OK;03/11/2006;03/11/2006;C;OPT;C;DI;RF14;12;6;6;2;;4;28,9288;;;03/11/2006;;;;
4641590;TERRITOIRE;IRS - POP COMPLEXE NOUVELLE FRANCE / 163 RUE DE LA NOUVELLE FRANCE - AA;;;SFR_COLL;DSP_MAJ_IRISE;;;OR21;OR1;OR21;CST;MCO;OK;18/01/2012;18/01/2012;C;OPT;C;DI;RF15;24;20;4;4;;4;99,8888;;;18/01/2012;;;;
12418944;HORS TERRITOIRE;IRS - 48FO - FT780 - N-1 POP LYCEE CAMILLE PISSARRO / 79 RUE DE GISORS;;;SFR_COLL;DSP_MAJ_IRISE;;;OR21;OR1;OR21;CST;MCO;OK;20/01/2018;20/01/2018;C;OPT;C;TR;RF20;48;47;1;8;;5;696,6415;;;20/01/2018;;;;
11609619;TERRITOIRE;24FO IRS - BPE/FDF PALAIS DES SPORTS NANTERRE;;;SFR_COLL;DSP_MAJ_IRISE;;;OR21;OR1;OR21;CST;MCO;OK;20/07/2017;20/07/2017;C;OPT;C;DI;RF31;24;15;9;2;;5;0,4689;;;20/07/2017;;;;
8570817;TERRITOIRE;IRS - 144FO - AV KENNEDY-LECLERC - ACCES NUMERICABLE IRISE (FEU TRICOLORE) (JOINVILLE)-BPE2/14BIS RUE DES RESERVOIRS (JOINVILLE LE PONT);;;SFR_COLL;DSP_MAJ_IRISE;;;OR21;OR1;OR21;CST;MCO;OK;10/09/2014;10/09/2014;C;OPT;C;LH;RF22;144;142;2;12;;4;372,3048;;;10/09/2014;;;;
7164641;TERRITOIRE;IRS - 144 FO - FT -  3 RUE JOSEPH MONIER / FT - IRS - ANGLE RUE DU PARC DE L ILE / RUE DES SABLIERES;;;SFR_COLL;DSP_MAJ_IRISE;;;OR21;OR1;OR21;CST;MCO;OK;31/07/2013;31/07/2013;C;OPT;C;LH;RF22;144;140;4;12;;4;1549,7878;;;31/07/2013;;;;
8737541;TERRITOIRE;IRS - 144FO - LD -STE GENEVIEVE_LAGUE/16 RUE DE FRESNES;;;SFR_COLL;DSP_MAJ_IRISE;;;OR21;OR1;OR21;CST;MCO;OK;29/10/2014;29/10/2014;C;OPT;C;LH;RF22;144;140;4;12;;4;463,5851;;;29/10/2014;;;;
4633200;TERRITOIRE;IRS - 24FO BI/POP SEMINAIRE_HOPITAL (D58);;;SFR_COLL;DSP_MAJ_IRISE;;;OR21;OR1;OR21;CST;MCO;OK;28/07/2009;28/07/2009;C;OPT;C;DI;RF15;24;20;4;4;;4;25,2389;;;28/07/2009;;;;
4611424;TERRITOIRE;IRS-RUE MARCEL CACHIN/SMBH BOBIGNY;;;SFR_COLL;DSP_MAJ_IRISE;;;OR21;OR1;OR21;CST;MCO;OK;20/07/2006;20/07/2006;C;OPT;C;DI;RF14;12;6;6;2;;4;59,1816;;;20/07/2006;;;;
4614423;TERRITOIRE;IRS - COMPAGNONS_LIBERATION/MGP COMPAGNONS_LIBERATION;;;SFR_COLL;DSP_MAJ_IRISE;;;OR21;OR1;OR21;CST;MCO;OK;31/07/2007;31/07/2007;C;OPT;C;DI;RF38;12;12;0;1;;4;9,0000;;;31/07/2007;;;;
4637222;TERRITOIRE;IRS 48 FO N-1 ECOLE DE DANSE PANTIN / IRS CARNOT - LECLERC;;;SFR_COLL;DSP_MAJ_IRISE;;;OR21;OR1;OR21;CST;MCO;OK;15/03/2011;15/03/2011;C;OPT;C;TR;RF19;48;44;4;4;;4;186,4853;;;15/03/2011;;;;
34037538;TERRITOIRE;IRS - 72 FO -  FT2365 - 7 RUE LEO BOURGEOIS / 160 AVENUE HENRI BARBUSSE;;;SFR_COLL;DSP_MAJ_IRISE;;;OR21;OR1;OR21;CST;MCO;OK;26/09/2022;26/09/2022;C;OPT;C;TR;RF28;72;72;0;6;;4;489,3765;;;26/09/2022;;;;
4608916;TERRITOIRE;IRS - FINOT POULBOT/TOUR PLEYEL SOUS SOL;;;SFR_COLL;DSP_MAJ_IRISE;;;OR21;OR1;OR21;CST;MCO;OK;30/06/2005;30/06/2005;C;OPT;C;TR;RF19;48;46;2;4;;4;187,2051;;;30/06/2005;;;;
33199461;TERRITOIRE;IRS - 12FO - FT1272 - AVENUE JEAN MOULIN / PRC  CAM 72-73 A ROSNY SOUS BOIS- FT 79;;;SFR_COLL;DSP_MAJ_IRISE;;;OR21;OR1;OR21;CST;MCO;OK;10/08/2022;10/08/2022;C;OPT;C;DI;RF27;12;11;1;2;;5;304,6615;;;10/08/2022;;;;
4599291;TERRITOIRE;IRS - 4 AV DE LA REPUBLIQUE/RUE HENRI BARBUSSE;;;SFR_COLL;DSP_MAJ_IRISE;;;OR21;OR1;OR21;CST;MCO;OK;21/02/2005;21/02/2005;C;OPT;C;TR;RF16;72;24;48;6;;4;279,3727;;;21/02/2005;;;;
8564177;TERRITOIRE;IRS - 36 FO - BD DE LA LIBERTE / POP JB HOLDING LIBERTE LES LILAS - AA;;;SFR_COLL;DSP_MAJ_IRISE;;;OR21;OR1;OR21;CST;MCO;OK;09/09/2014;09/09/2014;C;OPT;C;TR;RF26;36;35;1;6;;4;18,9407;;;09/09/2014;;;;
4597879;TERRITOIRE;IRS - 144FO - 81 QUAI DE LA MARNE/BD DE LA MARNE;;;SFR_COLL;DSP_MAJ_IRISE;;;OR21;OR1;OR21;CST;MCO;OK;15/12/2009;15/12/2009;C;OPT;C;LH;RF56;144;72;72;12;;4;474,5584;;;15/12/2009;;;;
38688746;TERRITOIRE;IRS - 12FO - FT453 - N-1 CMS / FT443 - CH SAT SECURISEE CAM4;;;SFR_COLL;DSP_MAJ_IRISE;;;OR21;OR1;OR21;CST;MCO;OK;31/05/2023;31/05/2023;C;OPT;C;DI;RF130;12;10;2;1;;5;107,2311;;;31/05/2023;;;;
11115593;TERRITOIRE;IRS - 12FO - BI POP SILIC B/LT SILIC B- AA;;;SFR_COLL;DSP_MAJ_IRISE;;;OR21;OR1;OR21;CST;MCO;OK;29/03/2017;29/03/2017;C;OPT;C;DI;RF65;12;8;4;2;;4;6,0159;;;29/03/2017;;;;
4603865;TERRITOIRE;IRS - 72FO - IRS - AVENUE CURIE-FOREST HILL/JOLIOT CURIE DEVANT MAIRIE NANTERRE;;;SFR_COLL;DSP_MAJ_IRISE;;;OR21;OR1;OR21;CST;MCO;OK;01/12/2006;01/12/2006;C;OPT;C;TR;RF16;72;67;5;6;;4;555,8033;;;01/12/2006;;;;
8437155;TERRITOIRE;IRS - 72FO - FT 2571 - 19 RUE LAVOISIER / IRS - 13 RUE LAVOISIER;;;SFR_COLL;DSP_MAJ_IRISE;;;OR21;OR1;OR21;CST;MCO;OK;24/07/2014;24/07/2014;C;OPT;C;TR;RF28;72;71;1;6;;4;194,6513;;;24/07/2014;;;;
40107044;TERRITOIRE;IRIS - 24F0 - FT 2202 - RUE DU 11 NOVEMBRE / POP REGIE ESPACES VERTS NANTERRE;;;SFR_COLL;DSP_MAJ_IRISE;;;OR21;OR1;OR21;CST;MCO;OK;08/08/2023;08/08/2023;C;OPT;C;DI;RF29;24;22;2;4;;5;1140,4700;;;08/08/2023;;;;
22276291;TERRITOIRE;IRS - 24FO -  FT1632 - 39 BOULEVARD PAUL VAILLANT COUTURIER / FT1736 - 3 RUE DES EPERNONS;;;SFR_COLL;DSP_MAJ_IRISE;;;OR21;OR1;OR21;CST;MCO;OK;13/02/2021;13/02/2021;C;OPT;C;DI;RF29;24;22;2;4;;5;358,7705;;;13/02/2021;;;;
6189985;HORS TERRITOIRE;IRS - 144FO - N-1 POP COMPAGNIE GENERALE DE SANTE / ANGLE BD HAUTIL_BD DE L'HAUTIL;;;SFR_COLL;DSP_MAJ_IRISE;;;OR21;OR1;OR21;CST;MCO;OK;22/02/2013;22/02/2013;C;OPT;C;LH;RF22;144;142;2;12;;4;337,4741;;;22/02/2013;;;;
7033170;TERRITOIRE;IRS - 144FO - FT 302 - RUE DE LA RESISTANCE / IRS - VOIE DU MOULIN;;;SFR_COLL;DSP_MAJ_IRISE;;;OR21;OR1;OR21;CST;MCO;OK;15/07/2013;15/07/2013;C;OPT;C;LH;RF22;144;140;4;12;;4;260,0331;;;15/07/2013;;;;
4613101;HORS TERRITOIRE;IRS - PK 104+570/PK 103+950 MASSY;;;SFR_COLL;DSP_MAJ_IRISE;;;OR21;OR1;OR21;CST;MCO;OK;15/05/2006;15/05/2006;C;OPT;C;TR;RF41;72;32;40;6;;5;700,6610;;;15/05/2006;;;;
4608156;TERRITOIRE;IRS - RUE DE LA METALLURGIE/MCI DATA CENTER SAINT DENIS - AB;;;SFR_COLL;DSP_MAJ_IRISE;;;OR21;OR1;OR21;CST;MCO;OK;15/12/2005;15/12/2005;C;OPT;C;TR;RF19;48;44;4;4;;4;171,1558;;;15/12/2005;;;;
4615275;TERRITOIRE;IRS - RUE DU PORT ITX4 ADD2/RUE LAVOISIER-2;;;SFR_COLL;DSP_MAJ_IRISE;;;OR21;OR1;OR21;CST;MCO;OK;24/07/2007;24/07/2007;C;OPT;C;TR;RF19;48;19;29;4;;4;140,2367;;;24/07/2007;;;;
4611938;TERRITOIRE;IRS-BD CARNOT ST DENIS/IUT PARIS XIII ST DENIS;;;SFR_COLL;DSP_MAJ_IRISE;;;OR21;OR1;OR21;CST;MCO;OK;20/07/2006;20/07/2006;C;OPT;C;DI;RF14;12;8;4;2;;4;184,6812;;;20/07/2006;;;;
4606455;TERRITOIRE;A DEPOSER - BD REPUBLIQUE/9T POP BOULOGNE - AD;;;SFR_COLL;DSP_MAJ_IRISE;;;OR21;OR1;OR21;CST;MCO;OK;26/06/2004;26/06/2004;C;OPT;C;LH;RF118;288;286;2;24;;102;400,6605;;;26/06/2004;;;;
4603682;HORS TERRITOIRE;IRS - 72FO - FACE 2 BD DE GAULLE / PLACE MAGENTA;;;SFR_COLL;DSP_MAJ_IRISE;;;OR21;OR1;OR21;CST;MCO;OK;27/09/2004;27/09/2004;C;OPT;C;TR;RF16;72;19;53;6;;4;606,5801;;;27/09/2004;;;;
4599978;TERRITOIRE;IRS - COUTURIER-VARLIN/VERS CAA RAMEAU;;;SFR_COLL;DSP_MAJ_IRISE;;;OR21;OR1;OR21;CST;MCO;OK;09/10/2002;09/10/2002;C;OPT;C;TR;RF12;48;12;36;6;;5;394,9492;;;09/10/2002;;;;
15515348;TERRITOIRE;12 FO - POP GROUPE SCOLAIRE SIMONE VEIL VILLEJUIF/ IRS VANZETTI_CROIZAT;;;SFR_COLL;DSP_MAJ_IRISE;;;OR21;OR1;OR21;CST;MCO;OK;07/08/2019;07/08/2019;C;OPT;C;DI;RF66;12;4;8;2;;236;77,3549;;;07/08/2019;;;;
29162674;TERRITOIRE;IRISE - 12 FO - PRC FT1697 - 8 RUE DU 18 JUIN 1940  / PRC_CAM 9,3_96_FT1619;;;SFR_COLL;DSP_MAJ_IRISE;;;OR21;OR1;OR21;CST;MCO;OK;25/01/2022;25/01/2022;C;OPT;C;DI;RF27;12;11;1;2;;5;442,3250;;;25/01/2022;;;;
4622887;TERRITOIRE;INEXISTANT IRS - 144 FO - HUGO_COURBEVOIE/HUGO_PASCAL;;;SFR_COLL;DSP_MAJ_IRISE;;;OR21;OR1;OR21;CST;MCO;OK;29/09/2010;29/09/2010;C;OPT;C;LH;RF40;144;140;4;12;;4;521,5115;;;29/09/2010;;;;
8716753;TERRITOIRE;IRS - 72FO - AV M LECLERC HAUTECLOQUE  / RUE LUZERNIERE;;;SFR_COLL;DSP_MAJ_IRISE;;;OR21;OR1;OR21;CST;MCO;OK;23/10/2014;23/10/2014;C;OPT;C;TR;RF52;72;71;1;6;;4;277,4556;;;23/10/2014;;;;
4602172;TERRITOIRE;IRS - 6, BD DE LA VANNE/PERI-DISPENSAIRE;;;SFR_COLL;DSP_MAJ_IRISE;;;OR21;OR1;OR21;CST;MCO;OK;09/10/2002;09/10/2002;C;OPT;C;TR;RF16;72;9;63;6;;4;621,9855;;;09/10/2002;;;;
7353537;TERRITOIRE;IRS - 144FO - LD- BPE1/BPE2 - IRS - DE GAULLE LECLERC NOISY;;;SFR_COLL;DSP_MAJ_IRISE;;;OR21;OR1;OR21;CST;MCO;OK;02/10/2013;02/10/2013;C;OPT;C;LH;RF22;144;128;16;12;;4;6,6123;;;02/10/2013;;;;
4631501;TERRITOIRE;IRS - 24FO BI/POP BARBANSON_A&E (D16'D42);;;SFR_COLL;DSP_MAJ_IRISE;;;OR21;OR1;OR21;CST;MCO;OK;24/07/2009;24/07/2009;C;OPT;C;DI;RF15;24;20;4;4;;4;18,0002;;;24/07/2009;;;;
10839397;TERRITOIRE;24FO - BI /POP GROUPE SCOLAIRE MONOT (FRESNES) - AA;;;SFR_COLL;DSP_MAJ_IRISE;;;OR21;OR1;OR21;CST;MCO;OK;30/01/2017;30/01/2017;C;OPT;C;DI;RF48;24;22;2;4;;4;43,8692;;;30/01/2017;;;;
4600015;TERRITOIRE;IRS - 72FO - 29 RUE DU PROGRES/PROGRES-VOLTAIRE;;;SFR_COLL;DSP_MAJ_IRISE;;;OR21;OR1;OR21;CST;MCO;OK;04/10/2004;04/10/2004;C;OPT;C;TR;RF16;72;54;18;6;;4;274,3474;;;04/10/2004;;;;
4632995;TERRITOIRE;IRS - 24FO - POP REPMO AMBROIZE CROIZAT/N-1 BATIMENT C - AA;;;SFR_COLL;DSP_MAJ_IRISE;;;OR21;OR1;OR21;CST;MCO;OK;12/12/2011;12/12/2011;C;OPT;C;DI;RF15;24;22;2;4;;4;183,7168;;;12/12/2011;;;;
17846780;TERRITOIRE;IRS - 12 FO - FT 1615 - 23 RUE PEPIN / POP CAFE LA PECHE MONTREUIL -AA;;;SFR_COLL;DSP_MAJ_IRISE;;;OR21;OR1;OR21;CST;MCO;OK;25/03/2020;25/03/2020;C;OPT;C;DI;RF27;12;10;2;2;;5;20,6310;;;25/03/2020;;;;
16893521;TERRITOIRE;IRS - 12 FO - IRS - FT 1215 - 151 AVENUE DE PARIS / FT1181- 141 AV DE PARIS  VILLEJUIF;;;SFR_COLL;DSP_MAJ_IRISE;;;OR21;OR1;OR21;CST;MCO;OK;24/12/2019;24/12/2019;C;OPT;C;DI;RF27;12;10;2;2;;5;581,9061;;;24/12/2019;;;;
8900817;TERRITOIRE;IRS - 36FO - BI IRS POP JADE ST DENIS / ADD 2 RUE FELLINI;;;SFR_COLL;DSP_MAJ_IRISE;;;OR21;OR1;OR21;CST;MCO;OK;05/01/2015;05/01/2015;C;OPT;C;TR;RF26;36;35;1;6;;4;75,1073;;;05/01/2015;;;;
10939439;TERRITOIRE;IRS - 24FO - LD - POP SENNHEINSER AVENUE JEAN JAURES/BI 128 BIS AVENUE JEAN JAURES - AA;;;SFR_COLL;DSP_MAJ_IRISE;;;OR21;OR1;OR21;CST;MCO;OK;21/02/2017;21/02/2017;C;OPT;C;DI;RF30;24;23;1;4;;4;2,4504;;;21/02/2017;;;;
4610623;TERRITOIRE;IRS - BAG 24FO RES P&M_CURIE (E01)/DE GAULLE (RUE DE VERDUN);;;SFR_COLL;DSP_MAJ_IRISE;;;OR21;OR1;OR21;CST;MCO;OK;03/09/2009;03/09/2009;C;OPT;C;DI;RF15;24;18;6;4;;4;63,1242;;;03/09/2009;;;;
4614638;TERRITOIRE;IRS - 12FO - ALSTOM LEVALLOIS/ALLEE SISLEY LEVALLOIS;;;SFR_COLL;DSP_MAJ_IRISE;;;OR21;OR1;OR21;CST;MCO;OK;26/03/2007;26/03/2007;C;OPT;C;DI;RF14;12;10;2;2;;4;59,4872;;;26/03/2007;;;;
4639026;TERRITOIRE;IRS - 24 FO - N-1/POP CNAV AURION ROSNY -BA;;;SFR_COLL;DSP_MAJ_IRISE;;;OR21;OR1;OR21;CST;MCO;OK;17/11/2011;17/11/2011;C;OPT;C;DI;RF15;24;24;0;4;;4;31,1906;;;17/11/2011;;;;
4611453;TERRITOIRE;NE PLUS UTILISER - IRS - 144FO - RUE DES FILLETTES BPE2 IRISE/POP INTERXION 3 - AA;;;SFR_COLL;DSP_MAJ_IRISE;;;OR21;OR1;OR21;CST;MCO;OK;21/11/2006;21/11/2006;C;OPT;C;LH;RF40;144;0;144;12;;4;1019,2809;;;21/11/2006;;;;
4594597;HORS TERRITOIRE;N-1/URA HOUILLES;;;SFR_COLL;DSP_MAJ_IRISE;;;OR21;OR1;OR21;CST;MCO;OK;25/08/2004;25/08/2004;C;OPT;C;TR;RF42;36;20;16;6;;4;13,7676;;;25/08/2004;;;;
4631512;TERRITOIRE;IRS - 24FO BI/POP STADE_HAYETTE (E02);;;SFR_COLL;DSP_MAJ_IRISE;;;OR21;OR1;OR21;CST;MCO;OK;27/07/2009;27/07/2009;C;OPT;C;DI;RF15;24;22;2;4;;4;21,0000;;;27/07/2009;;;;
8800692;TERRITOIRE;144 FO - BAG CHB PRESSENCE_RUE ST DENIS - BPE1 / BPE2;;;SFR_COLL;DSP_MAJ_IRISE;;;OR21;OR1;OR21;CST;MCO;OK;18/11/2014;18/11/2014;C;OPT;C;LH;RF22;144;136;8;12;;4;15,0050;;;18/11/2014;;;;
4594517;TERRITOIRE;IRS - 96FO - CARNOT-PREFECTURE/CHEMIN VERT BOBIGNY;;;SFR_COLL;DSP_MAJ_IRISE;;;OR21;OR1;OR21;CST;MCO;OK;10/11/2004;10/11/2004;C;OPT;C;LH;RF120;96;67;29;8;;5;327,3523;;;10/11/2004;;;;
22774511;TERRITOIRE;IRS - 12FO - FT1692 - 78 BD HENRI BARBUSSE / POP LOCAL VOIRIE BARBUSSE MONTREUIL - AA;;;SFR_COLL;DSP_MAJ_IRISE;;;OR21;OR1;OR21;CST;MCO;OK;18/03/2021;18/03/2021;C;OPT;C;DI;RF27;12;8;4;2;;5;17,3141;;;18/03/2021;;;;
28828900;TERRITOIRE;24 FO - IRS - IRS - FT 1364  BOULEVARD JEANNE D ARC (MONTREUIL) - BPE 1 /  FT 1377  RUE COLMET LEPINAY (MONTREUIL) - BPE 1;;;SFR_COLL;DSP_MAJ_IRISE;;;OR21;OR1;OR21;CST;MCO;OK;07/01/2022;07/01/2022;C;OPT;C;DI;RF29;24;20;4;4;;5;261,8804;;;07/01/2022;;;;
4635522;TERRITOIRE;IRS - 72FO - CGTEL_PUISARD V2 PK2550-381/IRS - VILLENEUVE_PAYMAL (CLICHY);;;SFR_COLL;DSP_MAJ_IRISE;;;OR21;OR1;OR21;CST;MCO;OK;22/12/2010;22/12/2010;C;OPT;C;TR;RF16;72;70;2;6;;4;77,6352;;;22/12/2010;;;;
22866673;TERRITOIRE;IRS - 24FO - FT1051 - PLACE DU GENERAL DE GAULLE / FT595 - 15 RUE DELPECHE;;;SFR_COLL;DSP_MAJ_IRISE;;;OR21;OR1;OR21;CST;MCO;OK;25/03/2021;25/03/2021;C;OPT;C;DI;RF29;24;22;2;4;;5;210,1451;;;25/03/2021;;;;
4594305;TERRITOIRE;IRS - INTERSECTION CHALAIS/RUE RUE DU REGARD;;;SFR_COLL;DSP_MAJ_IRISE;;;OR21;OR1;OR21;CST;MCO;OK;10/09/2002;10/09/2002;C;OPT;C;TR;RF16;72;21;51;6;;4;1313,4210;;;10/09/2002;;;;
4603706;TERRITOIRE;IRS - 72FO - THOMEREAU-TASSIGNY/16 RUE DEMENITROUX;;;SFR_COLL;DSP_MAJ_IRISE;;;OR21;OR1;OR21;CST;MCO;OK;15/05/2004;15/05/2004;C;OPT;C;TR;RF16;72;21;51;6;;4;981,0423;;;15/05/2004;;;;
7340098;TERRITOIRE;IRS - 144FO - 16 RUE ERNEST RENAN/ZONE D'ACTIVITES MURE IVRY SUR SEINE;;;SFR_COLL;DSP_MAJ_IRISE;;;OR21;OR1;OR21;CST;MCO;OK;27/09/2013;27/09/2013;C;OPT;C;LH;RF22;144;144;0;12;;4;173,2806;;;27/09/2013;;;;
4605046;TERRITOIRE;IRS - CAB/BD T SUEUR MONTREUIL;;;SFR_COLL;DSP_MAJ_IRISE;;;OR21;OR1;OR21;CST;MCO;OK;30/01/2001;30/01/2001;C;OPT;C;LH;RF56;144;81;63;12;;4;20,6889;;;30/01/2001;;;;
7304241;TERRITOIRE;IRS - 144FO - ANGLE STALINGRAD / PIERRE BIGLE / N-1 THIAIS HOCHE;;;SFR_COLL;DSP_MAJ_IRISE;;;OR21;OR1;OR21;CST;MCO;OK;17/09/2013;17/09/2013;C;OPT;C;LH;RF22;144;142;2;12;;4;152,3028;;;17/09/2013;;;;
4634400;TERRITOIRE;IRS - 72FO 94B RUE DE MONTREUIL/UNION VINCENNES;;;SFR_COLL;DSP_MAJ_IRISE;;;OR21;OR1;OR21;CST;MCO;OK;06/05/2010;06/05/2010;C;OPT;C;TR;RF16;72;13;59;6;;4;312,0312;;;06/05/2010;;;;
34210338;TERRITOIRE;144 FO - IRISE - FT 1036 - 5 RUE HEMET / FT1063 - AV DE LA REPUBLIQUE AUBERVILLIERS;;;SFR_COLL;DSP_MAJ_IRISE;;;OR21;OR1;OR21;CST;MCO;OK;30/09/2022;30/09/2022;C;OPT;C;LH;RF22;144;142;2;12;;4;1053,5654;;;30/09/2022;;;;
17812835;TERRITOIRE;IRS - 36 FO - FT 1204 - 88 AVENUE DE LA BRUYERE / IRS - 34 RUE DE CHOISY;;;SFR_COLL;DSP_MAJ_IRISE;;;OR21;OR1;OR21;CST;MCO;OK;23/03/2020;23/03/2020;C;OPT;C;TR;RF50;36;36;0;3;;4;548,0089;;;23/03/2020;;;;
4604907;TERRITOIRE;IRS - 72FO IMM_CLIENT/RUE DEMENITROUX (CRETEIL);;;SFR_COLL;DSP_MAJ_IRISE;;;OR21;OR1;OR21;CST;MCO;OK;03/08/2009;03/08/2009;C;OPT;C;TR;RF16;72;64;8;6;;4;629,6717;;;03/08/2009;;;;
10870104;HORS TERRITOIRE;48 FO - IRS - POP CEGID 12 BD DE L'OISE / BI POP CEGID 12 BD DE L'OISE - AA;;;SFR_COLL;DSP_MAJ_IRISE;;;OR21;OR1;OR21;CST;MCO;OK;06/02/2017;06/02/2017;C;OPT;C;TR;RF60;48;47;1;8;;4;2,7615;;;06/02/2017;;;;
4614807;TERRITOIRE;IRS-N-1 MAIRIE DE MONTREUIL/N-1 PAVILLON DES FINANCES MONTREUIL;;;SFR_COLL;DSP_MAJ_IRISE;;;OR21;OR1;OR21;CST;MCO;OK;03/11/2006;03/11/2006;C;OPT;C;DI;RF14;12;10;2;2;;4;66,1212;;;03/11/2006;;;;
4619843;TERRITOIRE;IRS 48 FO -  ROSNY_FRANKLIN/35 RUE G LAURIAU;;;SFR_COLL;DSP_MAJ_IRISE;;;OR21;OR1;OR21;CST;MCO;OK;22/07/2010;22/07/2010;C;OPT;C;TR;RF19;48;39;9;4;;4;245,0513;;;22/07/2010;;;;
4599709;TERRITOIRE;IRS - ALLEE JEAN BIGUET/BELBEOCH;;;SFR_COLL;DSP_MAJ_IRISE;;;OR21;OR1;OR21;CST;MCO;OK;20/06/2002;20/06/2002;C;OPT;C;LH;RF56;144;66;78;12;;4;94,4747;;;20/06/2002;;;;
4594966;TERRITOIRE;IRS - BD BOURDON BIS/BD BOURDON;;;SFR_COLL;DSP_MAJ_IRISE;;;OR21;OR1;OR21;CST;MCO;OK;12/04/2002;12/04/2002;C;OPT;C;LH;RF56;144;121;23;12;;4;525,3955;;;12/04/2002;;;;
4611625;TERRITOIRE;BPE 4 ESSEN/LT GENES RUNGIS;;;SFR_COLL;DSP_MAJ_IRISE;;;OR21;OR1;OR21;CST;MCO;OK;06/02/2006;06/02/2006;C;OPT;C;DI;RF14;12;8;4;2;;4;121,0381;;;06/02/2006;;;;
4732369;HORS TERRITOIRE;IRS - 36FO - POP MAIRIE DE GARCHE/PT RUE CLAUDE LIARD - AA;;;SFR_COLL;DSP_MAJ_IRISE;;;OR21;OR1;OR21;CST;MCO;OK;03/10/2012;03/10/2012;C;OPT;C;TR;RF26;36;34;2;6;;4;23,8428;;;03/10/2012;;;;
4603875;TERRITOIRE;IRS - 48FO - PASSAGE PICARDIE/RUE DE NORMANDIE;;;SFR_COLL;DSP_MAJ_IRISE;;;OR21;OR1;OR21;CST;MCO;OK;03/05/2004;03/05/2004;C;OPT;C;TR;RF60;48;43;5;8;;4;255,3117;;;03/05/2004;;;;
4609872;HORS TERRITOIRE;IRS - 48FO - 132 BIS/RN17;;;SFR_COLL;DSP_MAJ_IRISE;;;OR21;OR1;OR21;CST;MCO;OK;05/10/2005;05/10/2005;C;OPT;C;TR;RF19;48;46;2;4;;4;302,9204;;;05/10/2005;;;;
4604269;TERRITOIRE;IRS - 144FO ARAGO BOUVETS/LIGNE A V2 - OPEX 657;;;SFR_COLL;DSP_MAJ_IRISE;;;OR21;OR1;OR21;CST;MCO;OK;30/01/2001;30/01/2001;C;OPT;C;LH;RF40;144;125;19;12;;4;1778,9384;;;30/01/2001;;;;
6173650;TERRITOIRE;IRS - 24 FO - IRS-12 RUE AUGER (PANTIN)-BPE1 / POP CRISTALLERIE SAINT LOUIS PANTIN - AA;;;SFR_COLL;DSP_MAJ_IRISE;;;OR21;OR1;OR21;CST;MCO;OK;16/04/2013;16/04/2013;C;OPT;C;DI;RF30;24;24;0;4;;4;99,5608;;;16/04/2013;;;;
10959716;TERRITOIRE;IRS 24FO - LD - POP IBIS R DE LA COKERIE / BI - R DE LA COKERIE - AA;;;SFR_COLL;DSP_MAJ_IRISE;;;OR21;OR1;OR21;CST;MCO;OK;24/02/2017;24/02/2017;C;OPT;C;DI;RF30;24;24;0;4;;4;1,6952;;;24/02/2017;;;;
4624212;TERRITOIRE;IRS - 24FO - N-1/MEDIATHEQUE DE STAINS - BA;;;SFR_COLL;DSP_MAJ_IRISE;;;OR21;OR1;OR21;CST;MCO;OK;26/08/2010;26/08/2010;C;OPT;C;DI;RF15;24;22;2;4;;4;65,4355;;;26/08/2010;;;;
8411489;HORS TERRITOIRE;IRISE - 72 FO - BAG BPE1/BPE2 AVEN-BEGUINES;;;SFR_COLL;DSP_MAJ_IRISE;;;OR21;OR1;OR21;CST;MCO;OK;17/07/2014;17/07/2014;C;OPT;C;TR;RF52;72;67;5;6;;4;8,5447;;;17/07/2014;;;;
4606553;TERRITOIRE;IRS - CAB 1 - 12FO - N-1/MAIRIE DE STAINS - AA;;;SFR_COLL;DSP_MAJ_IRISE;;;OR21;OR1;OR21;CST;MCO;OK;14/12/2004;14/12/2004;C;OPT;C;DI;RF14;12;2;10;2;;4;57,7226;;;14/12/2004;;;;
4611099;TERRITOIRE;IRS - 72FO BAGUETTE - DE GAULLE-EULER/EULER CG94;;;SFR_COLL;DSP_MAJ_IRISE;;;OR21;OR1;OR21;CST;MCO;OK;05/10/2011;05/10/2011;C;OPT;C;TR;RF16;72;70;2;6;;4;16,7037;;;05/10/2011;;;;
4608379;TERRITOIRE;IRS - 72FO - 20 RUE ALBERT THOMAS/17 RUE ALBERT THOMAS;;;SFR_COLL;DSP_MAJ_IRISE;;;OR21;OR1;OR21;CST;MCO;OK;09/12/2004;09/12/2004;C;OPT;C;TR;RF16;72;70;2;6;;4;232,0934;;;09/12/2004;;;;
4606552;TERRITOIRE;IRS - 12FO - N-1 MAIRIE DE STAINS/DRH MAIRIE DE STAINS;;;SFR_COLL;DSP_MAJ_IRISE;;;OR21;OR1;OR21;CST;MCO;OK;14/12/2004;14/12/2004;C;OPT;C;DI;RF14;12;8;4;2;;4;58,6135;;;14/12/2004;;;;
4610223;TERRITOIRE;IRS - 72 FO - IRS -A14-PK9920/N-1 CAA NANTERRE (J.MANSARD) BPE2 FIST;;;SFR_COLL;DSP_MAJ_IRISE;;;OR21;OR1;OR21;CST;MCO;OK;02/04/2010;02/04/2010;C;OPT;C;TR;RF16;72;68;4;6;;4;301,3772;;;02/04/2010;;;;
7166338;TERRITOIRE;IRS - 144FO - FT  - 84 JULES QUENTIN (NANTERRE) / FT - IRS - 13 AVENUE HENRI MARTIN (NANTERRE);;;SFR_COLL;DSP_MAJ_IRISE;;;OR21;OR1;OR21;CST;MCO;OK;31/07/2013;31/07/2013;C;OPT;C;LH;RF22;144;140;4;12;;4;628,5410;;;31/07/2013;;;;
4612047;TERRITOIRE;IRS - 36FO - MARIE DE FONTENAY SOUS BOIS/POP MAIRIE FONTENAY;;;SFR_COLL;DSP_MAJ_IRISE;;;OR21;OR1;OR21;CST;MCO;OK;04/06/2007;04/06/2007;C;OPT;C;TR;RF42;36;31;5;6;;4;18,4391;;;04/06/2007;;;;
7443730;HORS TERRITOIRE;IRS - 36FO - AVENUE DU GENERAL LECLERC / N-1  POP FTTS VIROFLAY-NORD;;;SFR_COLL;DSP_MAJ_IRISE;;;OR21;OR1;OR21;CST;MCO;OK;28/10/2013;28/10/2013;C;OPT;C;TR;RF26;36;32;4;6;;4;151,0397;;;28/10/2013;;;;
4633402;TERRITOIRE;IRS - 144FO - RUE DU PORT ITX4 ADD2/INTERXION 4 - AB;;;SFR_COLL;DSP_MAJ_IRISE;;;OR21;OR1;OR21;CST;MCO;OK;24/07/2009;24/07/2009;C;OPT;C;LH;RF122;144;138;6;12;;5;60,8183;;;24/07/2009;;;;
12382422;HORS TERRITOIRE;IRS - 12FO - FT 685 - N-1 POP CMP PONTOISE / POP CAFPI PONTOISE - AA;;;SFR_COLL;DSP_MAJ_IRISE;;;OR21;OR1;OR21;CST;MCO;OK;13/01/2018;13/01/2018;C;OPT;C;DI;RF37;12;11;1;2;;5;11,3280;;;13/01/2018;;;;
6300053;TERRITOIRE;IRS - 144FO - AVENUE KARL MARX (BOBIGNY) - BPE1/13 RUE CARNOT (BOBIGNY) - BPE1;;;SFR_COLL;DSP_MAJ_IRISE;;;OR21;OR1;OR21;CST;MCO;OK;30/04/2013;30/04/2013;C;OPT;C;LH;RF22;144;136;8;12;;4;772,8772;;;30/04/2013;;;;
7224209;TERRITOIRE;IRS - 144FO - LD - FT - 12 AVENUE DE LA RESISTANCE (MONTREUIL) / IRS - RUE HOCHE - AVENUE DE LA RESISTANCE (MONTREUIL) - BPE1;;;SFR_COLL;DSP_MAJ_IRISE;;;OR21;OR1;OR21;CST;MCO;OK;23/08/2013;23/08/2013;C;OPT;C;LH;RF22;144;129;15;12;;4;563,4524;;;23/08/2013;;;;
6375266;TERRITOIRE;IRS - 36FO - POP ESPACE LANGEVIN RUE ALBERT 1ER CHOISY LE ROI / IRS - 114 AV ANATOLE FRANCE - AA;;;SFR_COLL;DSP_MAJ_IRISE;;;OR21;OR1;OR21;CST;MCO;OK;15/05/2013;15/05/2013;C;OPT;C;TR;RF26;36;35;1;6;;4;671,1580;;;15/05/2013;;;;
4633300;TERRITOIRE;IRS - 48FO RESI_ETUD_P&M_CURIE (E01)/MONASTERE (D24);;;SFR_COLL;DSP_MAJ_IRISE;;;OR21;OR1;OR21;CST;MCO;OK;20/07/2009;20/07/2009;C;OPT;C;TR;RF19;48;46;2;4;;4;285,8273;;;20/07/2009;;;;
7147283;HORS TERRITOIRE;IRS - 12FO - ALLEE DES COTEAUX - BPE1 / POP PYLONE  BASE NAUTIQUE CHEMIN DU PONCEAU CERGY - AA;;;SFR_COLL;DSP_MAJ_IRISE;;;OR21;OR1;OR21;CST;MCO;OK;25/07/2013;25/07/2013;C;OPT;C;DI;RF45;12;8;4;2;;4;224,5025;;;25/07/2013;;;;
7695937;TERRITOIRE;IRS - 24FO - LD - IRS R. DU VERSEAU BPE1 / POP RUNGIS TORONTO - BA;;;SFR_COLL;DSP_MAJ_IRISE;;;OR21;OR1;OR21;CST;MCO;OK;13/01/2014;13/01/2014;C;OPT;C;DI;RF30;24;22;2;4;;4;135,2869;;;13/01/2014;;;;
16844241;TERRITOIRE;36FO - IRS - 1 BOULEVARD ARISTIDE BRIAND / FT396 - 116 AVENUE ROGER SALONGRO;;;SFR_COLL;DSP_MAJ_IRISE;;;OR21;OR1;OR21;CST;MCO;OK;19/12/2019;19/12/2019;C;OPT;C;TR;RF50;36;36;0;6;;4;513,7623;;;19/12/2019;;;;
4612710;TERRITOIRE;IRS - 48FO - CAPMON/PT000-0804/64 RUE BLEUZEN;;;SFR_COLL;DSP_MAJ_IRISE;;;OR21;OR1;OR21;CST;MCO;OK;25/10/2007;25/10/2007;C;OPT;C;TR;RF19;48;37;11;4;;4;69,7900;;;25/10/2007;;;;
4640805;TERRITOIRE;IRS - 144 FO - RABELAIS LUCIA (ST MAUR DES FOSSES)/AV DE LATTRE DE TASSIGNY (ST MAUR);;;SFR_COLL;DSP_MAJ_IRISE;;;OR21;OR1;OR21;CST;MCO;OK;13/04/2012;13/04/2012;C;OPT;C;LH;RF40;144;142;2;12;;4;356,1151;;;13/04/2012;;;;
36374499;TERRITOIRE;CH SAT SECURISEE CAM27_FT781 / N-1 ECOLE MONCEAU FT805;;;SFR_COLL;DSP_MAJ_IRISE;;;OR21;OR1;OR21;CST;MCO;OK;27/01/2023;27/01/2023;C;OPT;C;DI;RF27;12;10;2;2;;5;232,5219;;;27/01/2023;;;;
4609045;TERRITOIRE;IRS - 24FO - RUE DU LANDY ITX3 ADD2 / POP MEDIATRIBU METIERS - AA;;;SFR_COLL;DSP_MAJ_IRISE;;;OR21;OR1;OR21;CST;MCO;OK;18/08/2011;18/08/2011;C;OPT;C;DI;RF24;24;22;2;2;;4;201,3656;;;18/08/2011;;;;
4634255;TERRITOIRE;IRS - 72FO - SORTIE EGOUTS/3 FONTANOTS;;;SFR_COLL;DSP_MAJ_IRISE;;;OR21;OR1;OR21;CST;MCO;OK;04/05/2010;04/05/2010;C;OPT;C;TR;RF16;72;65;7;6;;4;318,7601;;;04/05/2010;;;;
15501491;TERRITOIRE;IRISE - 24 FO - N-1 POP CSU NLE PM LES LILAS / POP CSU NLE PM LES LILAS - AA;;;SFR_COLL;DSP_MAJ_IRISE;;;OR21;OR1;OR21;CST;MCO;OK;06/08/2019;06/08/2019;C;OPT;C;DI;RF29;24;20;4;4;;5;41,9215;;;06/08/2019;;;;
4620099;TERRITOIRE;IRS - 24 FO - N-1/POP CNAV AURION ROSNY - AA;;;SFR_COLL;DSP_MAJ_IRISE;;;OR21;OR1;OR21;CST;MCO;OK;28/07/2010;28/07/2010;C;OPT;C;DI;RF15;24;24;0;4;;4;26,4196;;;28/07/2010;;;;
22512428;TERRITOIRE;IRS - 36 FO - FT 1778 - AVENUE MARCEL PAUL / IRS - FT 753 - PLACE DES HAUTS TILLIERS(GENNEVILLIERS);;;SFR_COLL;DSP_MAJ_IRISE;;;OR21;OR1;OR21;CST;MCO;OK;02/03/2021;02/03/2021;C;OPT;C;TR;RF50;36;36;0;3;;4;1345,8111;;;02/03/2021;;;;
4641298;TERRITOIRE;BAG 72FO - LD - LAFERRIERE PLAISANCE/IRS LAFERRIERE PLAISANCE;;;SFR_COLL;DSP_MAJ_IRISE;;;OR21;OR1;OR21;CST;MCO;OK;29/02/2012;29/02/2012;C;OPT;C;TR;RF16;72;72;0;6;;4;12,1655;;;29/02/2012;;;;
10933465;TERRITOIRE;24FO - IRS - BI/POP DEKRA LE PLESSIS ROBINSON -AA;;;SFR_COLL;DSP_MAJ_IRISE;;;OR21;OR1;OR21;CST;MCO;OK;20/02/2017;20/02/2017;C;OPT;C;DI;RF48;24;21;3;4;;4;1,4193;;;20/02/2017;;;;
4640808;TERRITOIRE;IRS - 36 FO - N-1 ST MAUR CHERON/BI STADE 2 AVENUE DE NEPTUNE (ST MAUR);;;SFR_COLL;DSP_MAJ_IRISE;;;OR21;OR1;OR21;CST;MCO;OK;13/04/2012;13/04/2012;C;OPT;C;TR;RF42;36;34;2;6;;4;20,4564;;;13/04/2012;;;;
4609696;TERRITOIRE;IRS - 48FO - ANGLE CARREL_PROGRES/28 RUE CARREL;;;SFR_COLL;DSP_MAJ_IRISE;;;OR21;OR1;OR21;CST;MCO;OK;04/02/2008;04/02/2008;C;OPT;C;TR;RF19;48;33;15;4;;4;67,6360;;;04/02/2008;;;;
13964886;TERRITOIRE;[A NE PAS UTILISER] IRS - BAG 48FO - 9 RUE DE PARIS (PIERREFITTE) - BPE 1 / BPE 2;;;SFR_COLL;DSP_MAJ_IRISE;;;OR21;OR1;OR21;CST;MCO;OK;10/01/2019;10/01/2019;C;OPT;C;TR;RF20;48;46;2;8;;5;14,0274;;;10/01/2019;;;;
10896343;TERRITOIRE;24 FO - IRS - IRS - BI 2 AV DES MARGUERITES/POP MICROMANIA MARGUERITES BONNEUIL SUR MARNE - AA;;;SFR_COLL;DSP_MAJ_IRISE;;;OR21;OR1;OR21;CST;MCO;OK;10/02/2017;10/02/2017;C;OPT;C;DI;RF30;24;24;0;4;;4;2,6887;;;10/02/2017;;;;
29268897;TERRITOIRE;IRS - 36 - N-1 ROMAINVILLE 2000 / FT 848 - 63 BD DE LA BOISSIERE;;;SFR_COLL;DSP_MAJ_IRISE;;;OR21;OR1;OR21;CST;MCO;OK;31/01/2022;31/01/2022;C;OPT;C;TR;RF144;36;36;0;3;;5;1478,2576;;;31/01/2022;;;;
4613109;HORS TERRITOIRE;IRS - 144FO - IRS-VOIE DES GROUX/LT PET TCT;;;SFR_COLL;DSP_MAJ_IRISE;;;OR21;OR1;OR21;CST;MCO;OK;16/05/2006;16/05/2006;C;OPT;C;LH;RF40;144;139;5;12;;4;875,1198;;;16/05/2006;;;;
11546290;TERRITOIRE;IRS - 36FO -  POP JADE ST DENIS - SNCF / BI IRS POP JADE ST DENIS - AE;;;SFR_COLL;DSP_MAJ_IRISE;;;OR21;OR1;OR21;CST;MCO;OK;06/07/2017;06/07/2017;C;OPT;C;TR;RF26;36;35;1;6;;4;40,1509;;;06/07/2017;;;;
33719137;TERRITOIRE;12 FO - POP CAMERA C48 AUBERVILLIERS / POP CAMERA C39 AUBERVILLIERS;;;SFR_COLL;DSP_MAJ_IRISE;;;OR21;OR1;OR21;CST;MCO;OK;12/09/2022;12/09/2022;C;OPT;C;DI;RF37;12;10;2;2;;5;245,5275;;;12/09/2022;;;;
28182187;TERRITOIRE;IRS - 12 FO - FT 347 - 22 RUE DE CHEVILLY / POP MATERNELLE PELLOUTIER VILLEJUIF - AA;;;SFR_COLL;DSP_MAJ_IRISE;;;OR21;OR1;OR21;CST;MCO;OK;13/12/2021;13/12/2021;C;OPT;C;DI;RF27;12;10;2;2;;5;261,4525;;;13/12/2021;;;;
26631467;TERRITOIRE;IRS - 36 FO - RD POINT DES 6 ROUTES / PRC CAMERA - 4000 SUD 19;;;SFR_COLL;DSP_MAJ_IRISE;;;OR21;OR1;OR21;CST;MCO;OK;22/10/2021;22/10/2021;C;OPT;C;TR;RF139;36;34;2;6;;5;612,9832;;;22/10/2021;;;;
8930882;TERRITOIRE;IRS - 48FO CEN_GEOTH_CHEVILLY_LARUE (C01)/48_LGTS (D28);;;SFR_COLL;DSP_MAJ_IRISE;;;OR21;OR1;OR21;CST;MCO;OK;20/07/2009;20/07/2009;C;OPT;C;TR;RF19;48;46;2;4;;4;99,9840;;;20/07/2009;;;;
5501346;HORS TERRITOIRE;IRS - 144FO BD DE L'OISE RUE LAZARC ( ERAGNY) /BVD DE L'OISE ( CERGY PONTOISE);;;SFR_COLL;DSP_MAJ_IRISE;;;OR21;OR1;OR21;CST;MCO;OK;17/11/2011;17/11/2011;C;OPT;C;LH;RF40;144;49;95;12;;4;1870,9652;;;17/11/2011;;;;
4642622;TERRITOIRE;IRS - 144FO RUE ST DENIS/CHB PRESSENCE;;;SFR_COLL;DSP_MAJ_IRISE;;;OR21;OR1;OR21;CST;MCO;OK;09/02/2012;09/02/2012;C;OPT;C;LH;RF40;144;144;0;12;;4;575,4205;;;09/02/2012;;;;
21878833;HORS TERRITOIRE;IRS - 24FO - FT 503 RUE DE FRIEDBERG / RUE MARIE LOUISE_ROUTE DE BRY;;;SFR_COLL;DSP_MAJ_IRISE;;;OR21;OR1;OR21;CST;MCO;OK;14/01/2021;14/01/2021;C;OPT;C;DI;RF29;24;22;2;4;;5;316,3166;;;14/01/2021;;;;
4603213;TERRITOIRE;IRS - GARE VERSAILLES RG/IRS RUE DE NOAILLES;;;SFR_COLL;DSP_MAJ_IRISE;;;OR21;OR1;OR21;CST;MCO;OK;26/07/2004;26/07/2004;C;OPT;C;TR;RF41;72;49;23;6;;5;1360,0594;;;26/07/2004;;;;
6043750;HORS TERRITOIRE;IRS - 72FO - N-2 / N-3 POP NAMCO BANDAI PETIT ALBI;;;SFR_COLL;DSP_MAJ_IRISE;;;OR21;OR1;OR21;CST;MCO;OK;03/04/2013;03/04/2013;C;OPT;C;TR;RF28;72;65;7;6;;4;224,7453;;;03/04/2013;;;;
22828260;TERRITOIRE;IRS - 12FO - FT 1296 - 54 RUE PASTEUR / POP GS PASTEUR VILLEJUIF - AA;;;SFR_COLL;DSP_MAJ_IRISE;;;OR21;OR1;OR21;CST;MCO;OK;23/03/2021;23/03/2021;C;OPT;C;DI;RF27;12;6;6;2;;5;107,8064;;;23/03/2021;;;;
21957539;TERRITOIRE;24 FO - IRS - FT 142 - RUE JEAN JAURES/ FT 1053 - BOULEVARD JEAN MONNET;;;SFR_COLL;DSP_MAJ_IRISE;;;OR21;OR1;OR21;CST;MCO;OK;21/01/2021;21/01/2021;C;OPT;C;DI;RF29;24;22;2;4;;5;681,2852;;;21/01/2021;;;;
4627839;TERRITOIRE;IRS - 72FO - HUGO_PASCAL/HUGO_COURBEVOIE;;;SFR_COLL;DSP_MAJ_IRISE;;;OR21;OR1;OR21;CST;MCO;OK;18/11/2008;18/11/2008;C;OPT;C;TR;RF16;72;11;61;6;;4;522,9190;;;18/11/2008;;;;
4600981;TERRITOIRE;IRS - 34 AV DE ROSNY/WILSON GALLIENI;;;SFR_COLL;DSP_MAJ_IRISE;;;OR21;OR1;OR21;CST;MCO;OK;01/03/2005;01/03/2005;C;OPT;C;TR;RF16;72;19;53;6;;4;539,9541;;;01/03/2005;;;;
17846803;TERRITOIRE;IRS - 12 FO - 34 RUE DE ROSNY / POP CIMETIERE MONTREUIL - AA;;;SFR_COLL;DSP_MAJ_IRISE;;;OR21;OR1;OR21;CST;MCO;OK;25/03/2020;25/03/2020;C;OPT;C;DI;RF27;12;8;4;2;;5;328,2763;;;25/03/2020;;;;
4610986;TERRITOIRE;IRS - 24FO - 18 AV DES FRERES LUMIERES/POP INA BRY SUR MARNE;;;SFR_COLL;DSP_MAJ_IRISE;;;OR21;OR1;OR21;CST;MCO;OK;06/10/2009;06/10/2009;C;OPT;C;DI;RF15;24;20;4;4;;4;105,1846;;;06/10/2009;;;;
7259815;HORS TERRITOIRE;IRS - 144FO -  AVENUE DES BELLEVUES / FT 691 - AVENUE DES BELLEBUES;;;SFR_COLL;DSP_MAJ_IRISE;;;OR21;OR1;OR21;CST;MCO;OK;04/09/2013;04/09/2013;C;OPT;C;LH;RF22;144;135;9;12;;4;284,0627;;;04/09/2013;;;;
23670497;HORS TERRITOIRE;IRS - 12FO - FT221 - 1 AVENUE DES LUATS / POP C23 CH IRISE VILLIERS SUR MARNE - AA;;;SFR_COLL;DSP_MAJ_IRISE;;;OR21;OR1;OR21;CST;MCO;OK;18/05/2021;18/05/2021;C;OPT;C;DI;RF27;12;10;2;2;;5;45,2072;;;18/05/2021;;;;
28828901;TERRITOIRE;12 FO - IRS - IRS - FT 1364  BOULEVARD JEANNE D ARC (MONTREUIL) - BPE 1 /  POP GROUPE SCOLAIRE LOUISE MICHEL MONTREUIL AA;;;SFR_COLL;DSP_MAJ_IRISE;;;OR21;OR1;OR21;CST;MCO;OK;07/01/2022;07/01/2022;C;OPT;C;DI;RF27;12;8;4;2;;5;30,5278;;;07/01/2022;;;;
4603092;TERRITOIRE;IRS - 144FO - VERS PONT DE BEZONS RD;;;SFR_COLL;DSP_MAJ_IRISE;;;OR21;OR1;OR21;CST;MCO;OK;24/05/2004;24/05/2004;C;OPT;C;LH;RF93;144;96;48;12;;5;725,7924;;;24/05/2004;;;;
22827617;TERRITOIRE;IRS - 72 FO - RUE DE LA PROCESSION INTERXION3 ADD1/RUE DU LANDY ITX3 ADD2;;;SFR_COLL;DSP_MAJ_IRISE;;;OR21;OR1;OR21;CST;MCO;OK;22/03/2021;22/03/2021;C;OPT;C;TR;RF28;72;72;0;6;;4;245,8820;;;22/03/2021;;;;
4607754;TERRITOIRE;IRS - E DOLET POMPIERS/BD CHARLES DE GAULLE;;;SFR_COLL;DSP_MAJ_IRISE;;;OR21;OR1;OR21;CST;MCO;OK;21/03/2005;21/03/2005;C;OPT;C;TR;RF19;48;42;6;4;;4;434,5931;;;21/03/2005;;;;
4642538;TERRITOIRE;IRS - 72FO - RUE VELPEAU-PAUL BOURGET/ ANGLE RUE DU NORD-VELPEAU;;;SFR_COLL;DSP_MAJ_IRISE;;;OR21;OR1;OR21;CST;MCO;OK;09/03/2012;09/03/2012;C;OPT;C;TR;RF16;72;57;15;6;;4;210,3704;;;09/03/2012;;;;
4620749;TERRITOIRE;IRS - 72FO - 34 RUE DE ROSNY/ROSNY_FRANKLIN;;;SFR_COLL;DSP_MAJ_IRISE;;;OR21;OR1;OR21;CST;MCO;OK;23/04/2009;23/04/2009;C;OPT;C;TR;RF16;72;34;38;6;;4;240,5682;;;23/04/2009;;;;
4633316;TERRITOIRE;IRS - 48FO RCE BERGERE (D89)/RCE_COCHETTES (GXY);;;SFR_COLL;DSP_MAJ_IRISE;;;OR21;OR1;OR21;CST;MCO;OK;20/07/2009;20/07/2009;C;OPT;C;TR;RF19;48;44;4;4;;4;249,9109;;;20/07/2009;;;;
4622940;HORS TERRITOIRE;IRS - 48FO BAS NOYER/RD POINT BAS NOYER;;;SFR_COLL;DSP_MAJ_IRISE;;;OR21;OR1;OR21;CST;MCO;OK;10/01/2008;10/01/2008;C;OPT;C;TR;RF19;48;11;37;4;;4;121,6423;;;10/01/2008;;;;
4632367;TERRITOIRE;IRS - 24FO - BI/POP JEAN_MERMOZ (D63);;;SFR_COLL;DSP_MAJ_IRISE;;;OR21;OR1;OR21;CST;MCO;OK;22/07/2009;22/07/2009;C;OPT;C;DI;RF15;24;20;4;4;;4;24,3515;;;22/07/2009;;;;
4601479;TERRITOIRE;IRS - 48FO CHAUFFERIE_GS_DU_CENTRE (D14)/FRETTES_2 (D27);;;SFR_COLL;DSP_MAJ_IRISE;;;OR21;OR1;OR21;CST;MCO;OK;21/07/2009;21/07/2009;C;OPT;C;TR;RF19;48;46;2;4;;4;248,0632;;;21/07/2009;;;;
4635940;HORS TERRITOIRE;IRS - 72FO - RUE JEAN MOULIN/PLACE DU 19 MARS 1962 (GARGES LES GONESSE);;;SFR_COLL;DSP_MAJ_IRISE;;;OR21;OR1;OR21;CST;MCO;OK;02/12/2010;02/12/2010;C;OPT;C;TR;RF16;72;27;45;6;;4;174,6708;;;02/12/2010;;;;
4609485;HORS TERRITOIRE;IRS - 12FO - N-1 VAUCRESSON/BD PAUCHET_BOLLORE;;;SFR_COLL;DSP_MAJ_IRISE;;;OR21;OR1;OR21;CST;MCO;OK;27/12/2007;27/12/2007;C;OPT;C;DI;RF14;12;7;5;2;;4;840,7337;;;27/12/2007;;;;
8616290;TERRITOIRE;IRS - 36 FO - 1 AVENUE DES VIOLETTES / POP ASSA ABLOY - AA;;;SFR_COLL;DSP_MAJ_IRISE;;;OR21;OR1;OR21;CST;MCO;OK;24/09/2014;24/09/2014;C;OPT;C;TR;RF26;36;35;1;6;;4;59,7365;;;24/09/2014;;;;
4622615;TERRITOIRE;BPE IMMEUBLE IENA/ LT IENA OLYMPUS AA;;;SFR_COLL;DSP_MAJ_IRISE;;;OR21;OR1;OR21;CST;MCO;OK;07/07/2009;07/07/2009;C;OPT;C;DI;RF24;24;24;0;2;;4;52,4858;;;07/07/2009;;;;
5802770;HORS TERRITOIRE;IRS - 36FO - LD - POP IXAM FRANCE/IRS - RUE GROS MUGER - AA;;;SFR_COLL;DSP_MAJ_IRISE;;;OR21;OR1;OR21;CST;MCO;OK;04/03/2013;04/03/2013;C;OPT;C;TR;RF26;36;34;2;6;;4;147,2103;;;04/03/2013;;;;
4611618;TERRITOIRE;BPE 2 ESSEN/LT TOLEDE 1 RUNGIS;;;SFR_COLL;DSP_MAJ_IRISE;;;OR21;OR1;OR21;CST;MCO;OK;06/02/2006;06/02/2006;C;OPT;C;DI;RF14;12;8;4;2;;4;123,5484;;;06/02/2006;;;;
4605078;TERRITOIRE;IRS - 12FO - JULES GUESDES/GALLIENI-GATIN;;;SFR_COLL;DSP_MAJ_IRISE;;;OR21;OR1;OR21;CST;MCO;OK;01/01/2002;01/01/2002;C;OPT;C;DI;RF72;12;9;3;1;;4;300,7737;;;01/01/2002;;;;
4615481;TERRITOIRE;IRS - 91 AV HENRI GINOUX/PISCINE;;;SFR_COLL;DSP_MAJ_IRISE;;;OR21;OR1;OR21;CST;MCO;OK;07/10/2010;07/10/2010;C;OPT;C;DI;RF116;12;2;10;1;;5;90,6531;;;07/10/2010;;;;
20144689;TERRITOIRE;IRS - 12FO - ANGLE RUE DU NORD-RUE VELPEAU / BPE FT 1261;;;SFR_COLL;DSP_MAJ_IRISE;;;OR21;OR1;OR21;CST;MCO;OK;15/09/2020;15/09/2020;C;OPT;C;DI;RF27;12;8;4;2;;5;463,7483;;;15/09/2020;;;;
4612893;TERRITOIRE;IRS - RUE HUGEDE/POP DURAN TV (JOINVILLE) - AA;;;SFR_COLL;DSP_MAJ_IRISE;;;OR21;OR1;OR21;CST;MCO;OK;17/09/2007;17/09/2007;C;OPT;C;DI;RF15;24;22;2;4;;4;67,1657;;;17/09/2007;;;;
15562595;TERRITOIRE;IRISE - 24FO - ANGLE RUE DE ROMAINVILLE - RUE BRUYERES / ANGLE RUE DES BRUYERES - RUE PASTEUR;;;SFR_COLL;DSP_MAJ_IRISE;;;OR21;OR1;OR21;CST;MCO;OK;14/08/2019;14/08/2019;C;OPT;C;DI;RF29;24;22;2;4;;5;110,9658;;;14/08/2019;;;;
4594356;TERRITOIRE;12FO IRS - POP SANOFI GA/RUE ALLENDE - AC;;;SFR_COLL;DSP_MAJ_IRISE;;;OR21;OR1;OR21;CST;MCO;OK;28/04/2004;28/04/2004;C;OPT;C;DI;RF63;12;6;6;1;;101;88,2790;;;28/04/2004;;;;
4603707;TERRITOIRE;IRS - RUE DE L'ECHAT/VERS TCT - OPEX 0818;;;SFR_COLL;DSP_MAJ_IRISE;;;OR21;OR1;OR21;CST;MCO;OK;15/05/2004;15/05/2004;C;OPT;C;TR;RF42;36;24;12;6;;4;53,5767;;;15/05/2004;;;;
4604032;HORS TERRITOIRE;IRS - 72FO - N-1 URA ST CLOUD/PLACE GEORGES CLEMENCEAU;;;SFR_COLL;DSP_MAJ_IRISE;;;OR21;OR1;OR21;CST;MCO;OK;20/09/2004;20/09/2004;C;OPT;C;TR;RF16;72;40;32;6;;4;405,9921;;;20/09/2004;;;;
4613534;HORS TERRITOIRE;IRS - 72FO - VICTOR BALTAR/RUE GOUJON GARGES LES GONESSES;;;SFR_COLL;DSP_MAJ_IRISE;;;OR21;OR1;OR21;CST;MCO;OK;25/05/2007;25/05/2007;C;OPT;C;TR;RF16;72;54;18;6;;4;667,8615;;;25/05/2007;;;;
4612448;TERRITOIRE;IRS-RUE VOLTAIRE/42 RUE CUVIER MONTREUIL;;;SFR_COLL;DSP_MAJ_IRISE;;;OR21;OR1;OR21;CST;MCO;OK;14/03/2006;14/03/2006;C;OPT;C;TR;RF19;48;39;9;4;;4;392,3428;;;14/03/2006;;;;
4632260;TERRITOIRE;IRS - 24FO - BI/POP BRETAGNE (D29);;;SFR_COLL;DSP_MAJ_IRISE;;;OR21;OR1;OR21;CST;MCO;OK;22/07/2009;22/07/2009;C;OPT;C;DI;RF15;24;20;4;4;;4;19,3493;;;22/07/2009;;;;
4614912;HORS TERRITOIRE;IRS - BD HARDY_PAUL BERT/POP BIBLIO MONTFERMEIL;;;SFR_COLL;DSP_MAJ_IRISE;;;OR21;OR1;OR21;CST;MCO;OK;25/09/2007;25/09/2007;C;OPT;C;DI;RF15;24;23;1;4;;4;15,2643;;;25/09/2007;;;;
7310820;HORS TERRITOIRE;IRS - 144 FO - COURS DU BUISSON / BD MALVOISINE;;;SFR_COLL;DSP_MAJ_IRISE;;;OR21;OR1;OR21;CST;MCO;OK;18/09/2013;18/09/2013;C;OPT;C;LH;RF22;144;140;4;12;;4;434,3641;;;18/09/2013;;;;
4608641;TERRITOIRE;IRS - DE GAULLE-EULER/RUE GEORGES ENESCO;;;SFR_COLL;DSP_MAJ_IRISE;;;OR21;OR1;OR21;CST;MCO;OK;23/05/2005;23/05/2005;C;OPT;C;TR;RF19;48;46;2;4;;4;423,9333;;;23/05/2005;;;;
35630513;TERRITOIRE;IRS - 24FO - FT62 - RUE DE L ESPERANCE / FT299 - RUE PASTEUR;;;SFR_COLL;DSP_MAJ_IRISE;;;OR21;OR1;OR21;CST;MCO;OK;15/12/2022;15/12/2022;C;OPT;C;DI;RF29;24;22;2;4;;5;405,8703;;;15/12/2022;;;;
22560422;TERRITOIRE;IRS - 12 FO - FT2949 BOULEVARD ARISTIDE BRIAND / POP CMS LEO LAGRANGE MONTREUIL - AA;;;SFR_COLL;DSP_MAJ_IRISE;;;OR21;OR1;OR21;CST;MCO;OK;04/03/2021;04/03/2021;C;OPT;C;DI;RF27;12;8;4;2;;5;145,0258;;;04/03/2021;;;;
4615984;HORS TERRITOIRE;IRS 24 FO BP FRANCE CERGY / IRS AVEN BEGUINES - 1;;;SFR_COLL;DSP_MAJ_IRISE;;;OR21;OR1;OR21;CST;MCO;OK;26/08/2011;26/08/2011;C;OPT;C;DI;RF24;24;22;2;2;;4;60,0954;;;26/08/2011;;;;
23443938;TERRITOIRE;IRS - ANGLE RUE CHARLES PEGUY/ RUE DU PRESIDENT ROBERT SCHUMANN/POP CMS LES LILAS - AA;;;SFR_COLL;DSP_MAJ_IRISE;;;OR21;OR1;OR21;CST;MCO;OK;03/05/2021;03/05/2021;C;OPT;C;DI;RF29;24;22;2;4;;5;476,4074;;;03/05/2021;;;;
22844905;TERRITOIRE;IRS - 12FO - FT916 - 12 RUE DE L'EPINE PROLONGEE / POP ESPACE JARDINIERS/SERVICE JARDINS ET NATURE MONTREUIL - AA;;;SFR_COLL;DSP_MAJ_IRISE;;;OR21;OR1;OR21;CST;MCO;OK;24/03/2021;24/03/2021;C;OPT;C;DI;RF27;12;8;4;2;;5;92,2742;;;24/03/2021;;;;
4613984;HORS TERRITOIRE;IRS - 72FO N-1 ADD2 POINCARRE/IRS - PEPINIERE_REPUBLIQUE ( VAUCRESSON);;;SFR_COLL;DSP_MAJ_IRISE;;;OR21;OR1;OR21;CST;MCO;OK;06/11/2007;06/11/2007;C;OPT;C;TR;RF16;72;70;2;6;;4;581,5425;;;06/11/2007;;;;
4634193;TERRITOIRE;IRS - 24FO - POP CHATEAU BAGNOLET / IRS - RUE PASTEUR - AA;;;SFR_COLL;DSP_MAJ_IRISE;;;OR21;OR1;OR21;CST;MCO;OK;06/12/2011;06/12/2011;C;OPT;C;DI;RF15;24;22;2;4;;4;33,3665;;;06/12/2011;;;;
4614150;HORS TERRITOIRE;IRS - 48FO - LD - IRS - RUE DES HAUTS CHATEAUX/RUE VAUGIRARD (NOISY LE GRAND);;;SFR_COLL;DSP_MAJ_IRISE;;;OR21;OR1;OR21;CST;MCO;OK;16/10/2007;16/10/2007;C;OPT;C;TR;RF19;48;40;8;4;;4;199,4795;;;16/10/2007;;;;
4605889;TERRITOIRE;IRS - 72FO - ANGLE JAURES-ST ELOI/RUE ALLENDE;;;SFR_COLL;DSP_MAJ_IRISE;;;OR21;OR1;OR21;CST;MCO;OK;28/04/2004;28/04/2004;C;OPT;C;TR;RF16;72;64;8;6;;4;253,6996;;;28/04/2004;;;;
6043745;HORS TERRITOIRE;IRS - 48FO -  N-1 / POP NAMCO BANDAI PETIT ALBI - AA;;;SFR_COLL;DSP_MAJ_IRISE;;;OR21;OR1;OR21;CST;MCO;OK;03/04/2013;03/04/2013;C;OPT;C;TR;RF47;48;45;3;4;;4;39,6179;;;03/04/2013;;;;
4607748;TERRITOIRE;IRS - 19 RUE DE PARIS/BAT 19 URE DE PARIS;;;SFR_COLL;DSP_MAJ_IRISE;;;OR21;OR1;OR21;CST;MCO;OK;21/03/2005;21/03/2005;C;OPT;C;DI;RF14;12;8;4;2;;4;14,3178;;;21/03/2005;;;;
22844906;TERRITOIRE;IRS - 12FO - FT587 - 94 RUE HOCHE / POP CRECHE ETHEL ROSENBERG MONTREUIL - AA;;;SFR_COLL;DSP_MAJ_IRISE;;;OR21;OR1;OR21;CST;MCO;OK;24/03/2021;24/03/2021;C;OPT;C;DI;RF27;12;8;4;2;;5;71,5532;;;24/03/2021;;;;
25543779;TERRITOIRE;IRS - RUE DES ROSIERS FT 110 / POP CAEL BOURG LA REINE;;;SFR_COLL;DSP_MAJ_IRISE;;;OR21;OR1;OR21;CST;MCO;OK;02/09/2021;02/09/2021;C;OPT;C;DI;RF27;12;8;4;2;;5;11,0750;;;02/09/2021;;;;
36892578;TERRITOIRE;IRS - 12FO - CH SAT SECURISEE CAM02_FT566 / CH SAT SECURISEE CAM07_FT92;;;SFR_COLL;DSP_MAJ_IRISE;;;OR21;OR1;OR21;CST;MCO;OK;23/02/2023;23/02/2023;C;OPT;C;DI;RF27;12;9;3;2;;5;369,4836;;;23/02/2023;;;;
4602987;TERRITOIRE;IRS - 48FO - FT - VERS 23 AV G LECLERC;;;SFR_COLL;DSP_MAJ_IRISE;;;OR21;OR1;OR21;CST;MCO;OK;02/07/2004;02/07/2004;C;OPT;C;TR;RF59;48;48;0;4;;5;298,9857;;;02/07/2004;;;;
4613093;HORS TERRITOIRE;IRS - 144FO - PK 103-250/ROUTE DE LA BONDE CHAMPLAN;;;SFR_COLL;DSP_MAJ_IRISE;;;OR21;OR1;OR21;CST;MCO;OK;15/05/2006;15/05/2006;C;OPT;C;LH;RF21;144;69;75;12;;145;31,7170;;;15/05/2006;;;;
15530627;TERRITOIRE;12 FO - IRS - 34 RUE DE ROSNY (MONTREUIL) / POP MJC FRANKLIN MONTREUIL -AA;;;SFR_COLL;DSP_MAJ_IRISE;;;OR21;OR1;OR21;CST;MCO;OK;09/08/2019;09/08/2019;C;OPT;C;DI;RF27;12;8;4;2;;5;426,7635;;;09/08/2019;;;;
8648274;TERRITOIRE;24 FO - IRS - ANGLE RUE DES SEAUX_AVENUE DE LA RESISTANCE - POP CENTRE CHIRURGICAL - BA;;;SFR_COLL;DSP_MAJ_IRISE;;;OR21;OR1;OR21;CST;MCO;OK;02/10/2014;02/10/2014;C;OPT;C;DI;RF30;24;23;1;4;;4;467,8243;;;02/10/2014;;;;
4602992;TERRITOIRE;IRS - 144FO - MITTERAND (AV PRESSENCE- RUE DES BRETONS)/WILSON PRESSENCE IRISE;;;SFR_COLL;DSP_MAJ_IRISE;;;OR21;OR1;OR21;CST;MCO;OK;03/07/2004;03/07/2004;C;OPT;C;LH;RF40;144;17;127;12;;4;113,2644;;;03/07/2004;;;;
4602677;TERRITOIRE;IRS - 288FO - RUE ROUGET DE L ISLE STALINGRAD/CAMILLE DESMOULINS;;;SFR_COLL;DSP_MAJ_IRISE;;;OR21;OR1;OR21;CST;MCO;OK;23/11/2004;23/11/2004;C;OPT;C;LH;RF32;288;221;67;24;;4;218,5727;;;23/11/2004;;;;
4606111;TERRITOIRE;IRS - RUE MAURICE ARNOUX-PERIER/BAT JEUNESSE ET SPORT MONTROUGE;;;SFR_COLL;DSP_MAJ_IRISE;;;OR21;OR1;OR21;CST;MCO;OK;17/11/2005;17/11/2005;C;OPT;C;DI;RF14;12;10;2;2;;4;95,9021;;;17/11/2005;;;;
4608067;TERRITOIRE;IRS - CH IRISE 1341 - ANGLE BD GABRIEL PERI x RUE ANDRE COIN / SQUARE VERDUN;;;SFR_COLL;DSP_MAJ_IRISE;;;OR21;OR1;OR21;CST;MCO;OK;21/04/2008;21/04/2008;C;OPT;C;LH;RF56;144;39;105;12;;4;137,3639;;;21/04/2008;;;;
4602685;HORS TERRITOIRE;IRS - 24 FO - POP CNAV CERGY - BI CNAV CERGY - AB;;;SFR_COLL;DSP_MAJ_IRISE;;;OR21;OR1;OR21;CST;MCO;OK;25/11/2011;25/11/2011;C;OPT;C;DI;RF15;24;22;2;4;;4;138,1788;;;25/11/2011;;;;
36975780;TERRITOIRE;IRS - 12FO - AV CHARLES DE GAULLE N-1 B2S LE SIGNAC - BPE 2 / FT1155 - AV DU GENERAL DE GAULLE GENNEVILLIERS (ILE-DE-France) - BPE 1;;;SFR_COLL;DSP_MAJ_IRISE;;;OR21;OR1;OR21;CST;MCO;OK;28/02/2023;28/02/2023;C;OPT;C;DI;RF27;12;11;1;2;;5;722,3034;;;28/02/2023;;;;
21680115;HORS TERRITOIRE;IRS - 12 FO - IRS - FT852 - 11 ROUTE COMBAULT / PRC C55 DANIELLE CASANOVA - BPE 1;;;SFR_COLL;DSP_MAJ_IRISE;;;OR21;OR1;OR21;CST;MCO;OK;29/12/2020;29/12/2020;C;OPT;C;DI;RF27;12;10;2;2;;5;106,4355;;;29/12/2020;;;;
4600513;TERRITOIRE;IRS - PERI-DISPENSAIRE/MARCEL VIGNERON;;;SFR_COLL;DSP_MAJ_IRISE;;;OR21;OR1;OR21;CST;MCO;OK;11/12/2003;11/12/2003;C;OPT;C;TR;RF19;48;27;21;4;;4;94,3718;;;11/12/2003;;;;
4619981;TERRITOIRE;IRS - 24FO - POP NEW DEHLI/RUE DES VOSGES-ALPES;;;SFR_COLL;DSP_MAJ_IRISE;;;OR21;OR1;OR21;CST;MCO;OK;29/07/2011;29/07/2011;C;OPT;C;DI;RF15;24;24;0;4;;4;59,6124;;;29/07/2011;;;;
20323602;HORS TERRITOIRE;144 FO - BAGUETTE - RUE NEWTON (MITRY) - IRISE - BPE 1/BPE2;;;SFR_COLL;DSP_MAJ_IRISE;;;OR21;OR1;OR21;CST;MCO;OK;25/09/2020;25/09/2020;C;OPT;C;LH;RF22;144;128;16;12;;4;2,7545;;;25/09/2020;;;;
6422305;TERRITOIRE;IRS - 72 FO - IRS N-1 OPH AVENUE GALLIENI/IRS-GALIENI-GATINE;;;SFR_COLL;DSP_MAJ_IRISE;;;OR21;OR1;OR21;CST;MCO;OK;21/05/2013;21/05/2013;C;OPT;C;TR;RF28;72;71;1;6;;4;128,8292;;;21/05/2013;;;;
4631469;TERRITOIRE;IRS - 48FO - GUINOT-PERRIN/PERRIN-BERTHOUD;;;SFR_COLL;DSP_MAJ_IRISE;;;OR21;OR1;OR21;CST;MCO;OK;09/04/2009;09/04/2009;C;OPT;C;TR;RF19;48;40;8;4;;4;75,5847;;;09/04/2009;;;;
5760529;TERRITOIRE;IRS - 72FO - RUE DE LA LIBERTE /RUE F MITTERRAND;;;SFR_COLL;DSP_MAJ_IRISE;;;OR21;OR1;OR21;CST;MCO;OK;26/02/2013;26/02/2013;C;OPT;C;TR;RF28;72;21;51;6;;4;1045,5251;;;26/02/2013;;;;
4642931;TERRITOIRE;IRS - 48FO - ANGLE PARIS_FOCH/ANGLE DE GAULLE_LIEGE;;;SFR_COLL;DSP_MAJ_IRISE;;;OR21;OR1;OR21;CST;MCO;OK;11/07/2012;11/07/2012;C;OPT;C;TR;RF19;48;48;0;4;;4;358,3827;;;11/07/2012;;;;
4609697;TERRITOIRE;IRS - 48FO - ANGLE LAGNY_JOFFRE/BI UBISOFT LAGNY;;;SFR_COLL;DSP_MAJ_IRISE;;;OR21;OR1;OR21;CST;MCO;OK;04/02/2008;04/02/2008;C;OPT;C;TR;RF19;48;42;6;4;;4;229,9842;;;04/02/2008;;;;
4641081;HORS TERRITOIRE;IRS - 36 FO - N-1 PONT D'ARGENTEUIL/IRS-9 BD HELOISE D909;;;SFR_COLL;DSP_MAJ_IRISE;;;OR21;OR1;OR21;CST;MCO;OK;15/02/2012;15/02/2012;C;OPT;C;TR;RF42;36;32;4;6;;4;215,1084;;;15/02/2012;;;;
17404854;TERRITOIRE;IRS - 144 FO - FT 373 - 33 AV POINCARE / PAINLEVE_CARNOT;;;SFR_COLL;DSP_MAJ_IRISE;;;OR21;OR1;OR21;CST;MCO;OK;14/02/2020;14/02/2020;C;OPT;C;LH;RF22;144;144;0;12;;4;639,7659;;;14/02/2020;;;;
28883300;TERRITOIRE;IRISE - 12 FO - FT1744 - 1 Rue Jeanne d'arc Rosny-sous-Bois  / POP CAM 05 ROSNY SOUS BOIS - AA;;;SFR_COLL;DSP_MAJ_IRISE;;;OR21;OR1;OR21;CST;MCO;OK;12/01/2022;12/01/2022;C;OPT;C;DI;RF27;12;12;0;2;;5;729,4433;;;12/01/2022;;;;
15459278;TERRITOIRE;IRISE ‘«Ù 24FO - N-1 HOTEL DE VILLE / POP HOTEL DE VILLE LES LILAS - AA;;;SFR_COLL;DSP_MAJ_IRISE;;;OR21;OR1;OR21;CST;MCO;OK;31/07/2019;31/07/2019;C;OPT;C;DI;RF29;24;0;24;4;;5;57,2187;;;31/07/2019;;;;
5066788;TERRITOIRE;IRS - 144 FO -RUE CHABROL/52 AV GABRIEL PERI;;;SFR_COLL;DSP_MAJ_IRISE;;;OR21;OR1;OR21;CST;MCO;OK;28/11/2012;28/11/2012;C;OPT;C;LH;RF35;144;137;7;12;;4;747,3103;;;28/11/2012;;;;
15936113;TERRITOIRE;IRS - 24FO - IRS - FT 347 - 22 RUE DE CHEVILLY VILLEJUIF / FT 277 - 111 RUE YOURI GAGARINE;;;SFR_COLL;DSP_MAJ_IRISE;;;OR21;OR1;OR21;CST;MCO;OK;24/09/2019;24/09/2019;C;OPT;C;DI;RF27;12;10;2;2;;5;796,6511;;;24/09/2019;;;;
4623056;TERRITOIRE;IRS - 72FO - RUE DU PORT_RUE DES FONDRIERES/INTERXION 4 - AA;;;SFR_COLL;DSP_MAJ_IRISE;;;OR21;OR1;OR21;CST;MCO;OK;24/01/2008;24/01/2008;C;OPT;C;TR;RF16;72;57;15;6;;4;154,1331;;;24/01/2008;;;;
18994274;TERRITOIRE;IRS - 36 FO - IRS - FT 197 - 110 RUE ROGER SALENGRO CITEGASTON ROULANDD / IRS - PLACE NIEMEN (BOBIGNY);;;SFR_COLL;DSP_MAJ_IRISE;;;OR21;OR1;OR21;CST;MCO;OK;25/06/2020;25/06/2020;C;OPT;C;TR;RF50;36;34;2;3;;4;573,1458;;;25/06/2020;;;;
4599062;TERRITOIRE;IRS - RUE DE FRANCE/SERVICES TECHNIQUES VINCENNES;;;SFR_COLL;DSP_MAJ_IRISE;;;OR21;OR1;OR21;CST;MCO;OK;21/10/2002;21/10/2002;C;OPT;C;DI;RF67;24;20;4;2;;5;429,3870;;;21/10/2002;;;;
16769954;TERRITOIRE;IRS - 12 FO - FT 277 - 111 RUE YOURI GAGARINE (VILLEJUIF) / POP MPT GERARD PHILIPPE VILLEJUIF - AA;;;SFR_COLL;DSP_MAJ_IRISE;;;OR21;OR1;OR21;CST;MCO;OK;13/12/2019;13/12/2019;C;OPT;C;DI;RF27;12;4;8;2;;5;105,5249;;;13/12/2019;;;;
4609146;TERRITOIRE;IRS - RUE DU GENERAL GALLIENI/RUE P CAVARE;;;SFR_COLL;DSP_MAJ_IRISE;;;OR21;OR1;OR21;CST;MCO;OK;19/08/2005;19/08/2005;C;OPT;C;TR;RF16;72;55;17;6;;4;272,7352;;;19/08/2005;;;;
29144429;TERRITOIRE;IRIS - 12FO - IRS - 43 AV DE LA MARNE / POP N017 CHAMBRE IRISE - AA;;;SFR_COLL;DSP_MAJ_IRISE;;;OR21;OR1;OR21;CST;MCO;OK;26/01/2022;26/01/2022;C;OPT;C;DI;RF37;12;10;2;2;;5;223,0345;;;26/01/2022;;;;
27779938;TERRITOIRE;IRS - 12FO - RUE PAUL LAFARGUE / POP ELEMENTAIRE PAUL LAFARGUE MONTREUIL - AA;;;SFR_COLL;DSP_MAJ_IRISE;;;OR21;OR1;OR21;CST;MCO;OK;30/11/2021;30/11/2021;C;OPT;C;DI;RF27;12;8;4;2;;5;46,2419;;;30/11/2021;;;;
4626116;TERRITOIRE;IRS - 12 FO - FTTS BOBIGNY VAILLANT/BI BOBIGNY(VAILLANT) - AA;;;SFR_COLL;DSP_MAJ_IRISE;;;OR21;OR1;OR21;CST;MCO;OK;13/06/2012;13/06/2012;C;OPT;C;DI;RF38;12;8;4;1;;4;17,0294;;;13/06/2012;;;;
4632635;TERRITOIRE;IRS - 288FO - ADD2 POP BOULOGNE 2/BD REPUBLIQUE (IB);;;SFR_COLL;DSP_MAJ_IRISE;;;OR21;OR1;OR21;CST;MCO;OK;10/12/2009;10/12/2009;C;OPT;C;LH;RF51;288;207;81;24;;102;562,5586;;;10/12/2009;;;;
4601914;TERRITOIRE;IRS - 12FO - 12 RUE ADRIEN MESLIER/CENTRE ADMINISTRATIF ST OUEN - AA;;;SFR_COLL;DSP_MAJ_IRISE;;;OR21;OR1;OR21;CST;MCO;OK;27/01/2003;27/01/2003;C;OPT;C;DI;RF96;12;12;0;6;;5;74,9666;;;27/01/2003;;;;
4600982;TERRITOIRE;IRS - RUE DU GAL GALLIENI/PLACE DU MARCHE;;;SFR_COLL;DSP_MAJ_IRISE;;;OR21;OR1;OR21;CST;MCO;OK;01/03/2005;01/03/2005;C;OPT;C;DI;RF14;12;10;2;2;;4;67,6750;;;01/03/2005;;;;
5913809;TERRITOIRE;IRS - 36FO - 1 PASSAGE LACOUR/IRS - SANZILLON_HUGO;;;SFR_COLL;DSP_MAJ_IRISE;;;OR21;OR1;OR21;CST;MCO;OK;18/03/2013;18/03/2013;C;OPT;C;TR;RF50;36;36;0;3;;4;808,0840;;;18/03/2013;;;;
4615271;TERRITOIRE;IRS - 72FO - P9204/PT4690-1930/IRS - 98 AV LECLERC (BOULOGNE);;;SFR_COLL;DSP_MAJ_IRISE;;;OR21;OR1;OR21;CST;MCO;OK;23/07/2007;23/07/2007;C;OPT;C;TR;RF16;72;50;22;6;;4;261,2575;;;23/07/2007;;;;
4605855;TERRITOIRE;IRS - 72FO - CABLE 1 ORNANO-RENOUILLERE/FINOT-ORNANO;;;SFR_COLL;DSP_MAJ_IRISE;;;OR21;OR1;OR21;CST;MCO;OK;21/10/2003;21/10/2003;C;OPT;C;TR;RF28;72;60;12;6;;4;369,2149;;;21/10/2003;;;;
4634670;TERRITOIRE;IRS - 48 FO - FT 465 - 80 AV GAMBETTA BAGNOLET / 144 AV GAMBETTA;;;SFR_COLL;DSP_MAJ_IRISE;;;OR21;OR1;OR21;CST;MCO;OK;26/01/2011;26/01/2011;C;OPT;C;TR;RF19;48;9;39;4;;4;619,1692;;;26/01/2011;;;;
15928689;TERRITOIRE;IRS - FT 527 - 23 RUE JEAN BAPTISTE BAUDIN VILLEJUIF / POP GROUPE SCOLAIRE IRENE JOLIOT CURIE;;;SFR_COLL;DSP_MAJ_IRISE;;;OR21;OR1;OR21;CST;MCO;OK;23/09/2019;23/09/2019;C;OPT;C;DI;RF27;12;8;4;2;;5;42,4144;;;23/09/2019;;;;
18291876;TERRITOIRE;IRS - 12 FO - FT 2331 - 87 RUE LENAIN DE TILLEMONT / FT 2329 - 40 RUE BEL AIR;;;SFR_COLL;DSP_MAJ_IRISE;;;OR21;OR1;OR21;CST;MCO;OK;07/05/2020;07/05/2020;C;OPT;C;DI;RF27;12;6;6;2;;5;232,0296;;;07/05/2020;;;;
7284516;HORS TERRITOIRE;IRS - 72FO - RP LOUIS ARMAND / RD40 ZAC DE VILLEPINTE;;;SFR_COLL;DSP_MAJ_IRISE;;;OR21;OR1;OR21;CST;MCO;OK;23/12/2009;23/12/2009;C;OPT;C;TR;RF16;72;34;38;6;;4;2581,2556;;;23/12/2009;;;;
4614886;TERRITOIRE;NE PLUS UTILISER - IRS - IRS-RUE DU LANDY ITX3 ADD2/INTERXION 3 - AC;;;SFR_COLL;DSP_MAJ_IRISE;;;OR21;OR1;OR21;CST;MCO;OK;11/06/2007;11/06/2007;C;OPT;C;LH;RF40;144;128;16;12;;4;170,0160;;;11/06/2007;;;;
4595346;TERRITOIRE;IRS - 1 PIERRE BROSSOLETE/MAIRIE D'ASNIERES;;;SFR_COLL;DSP_MAJ_IRISE;;;OR21;OR1;OR21;CST;MCO;OK;30/01/2001;30/01/2001;C;OPT;C;TR;RF42;36;34;2;6;;4;128,6034;;;30/01/2001;;;;
22606839;TERRITOIRE;IRS - 12FO - FT2216 - 25 RUE EMILE BEAUFILS / POP ECOLE MATERNELLE GEORGES MELIES MONTREUIL - AA;;;SFR_COLL;DSP_MAJ_IRISE;;;OR21;OR1;OR21;CST;MCO;OK;08/03/2021;08/03/2021;C;OPT;C;DI;RF27;12;8;4;2;;5;164,1638;;;08/03/2021;;;;
36655783;TERRITOIRE;IRS - 12FO - CH SAT SECURISEE CAM12_FT126 / CAMERA12 - AA;;;SFR_COLL;DSP_MAJ_IRISE;;;OR21;OR1;OR21;CST;MCO;OK;10/02/2023;10/02/2023;C;OPT;C;DI;RF27;12;10;2;2;;5;14,2876;;;10/02/2023;;;;
4605106;TERRITOIRE;IRS - 12FO - 44 RUE MARECHAL LECLERC/MAIRIE ST MAURICE - AA;;;SFR_COLL;DSP_MAJ_IRISE;;;OR21;OR1;OR21;CST;MCO;OK;01/01/2002;01/01/2002;C;OPT;C;DI;RF38;12;8;4;1;;4;1220,8762;;;01/01/2002;;;;
4599976;TERRITOIRE;IRS - CAMILLE DESMOULINS/ROUGET DE LISLE;;;SFR_COLL;DSP_MAJ_IRISE;;;OR21;OR1;OR21;CST;MCO;OK;13/11/2002;13/11/2002;C;OPT;C;LH;RF56;144;52;92;12;;4;149,1437;;;13/11/2002;;;;
4838002;TERRITOIRE;IRS - 144FO - WILSON MITTERAND/CGTEL_P9306-PT2580;;;SFR_COLL;DSP_MAJ_IRISE;;;OR21;OR1;OR21;CST;MCO;OK;19/10/2012;19/10/2012;C;OPT;C;LH;RF93;144;117;27;12;;5;105,4960;;;19/10/2012;;;;
4638613;HORS TERRITOIRE;IRS - N-1 XEROX/N-1 BAT LE RENAN;;;SFR_COLL;DSP_MAJ_IRISE;;;OR21;OR1;OR21;CST;MCO;OK;25/03/2011;25/03/2011;C;OPT;C;TR;RF16;72;70;2;6;;4;308,3858;;;25/03/2011;;;;
36333548;TERRITOIRE;IRS - 12 FO - CHB STALINGRAD_CONVENTION / POP CAMERA 4 ROUTES 18 LA COURNEUVE;;;SFR_COLL;DSP_MAJ_IRISE;;;OR21;OR1;OR21;CST;MCO;OK;27/01/2023;27/01/2023;C;OPT;C;DI;RF27;12;10;2;2;;5;1026,1830;;;27/01/2023;;;;
4624047;TERRITOIRE;IRS - 144FO - RUE DES CHAMPS PIERREUX/ANGLE AV CLEMENCEAU - FELIX FAURE;;;SFR_COLL;DSP_MAJ_IRISE;;;OR21;OR1;OR21;CST;MCO;OK;05/04/2011;05/04/2011;C;OPT;C;LH;RF40;144;127;17;12;;4;261,1106;;;05/04/2011;;;;
16683275;TERRITOIRE;IRS - 12FO - FT 799 - RUE JEAN LURCAT(VILLEJUIF) / POP GS PV COUTURIER VILLEJUIF  - AA;;;SFR_COLL;DSP_MAJ_IRISE;;;OR21;OR1;OR21;CST;MCO;OK;04/12/2019;04/12/2019;C;OPT;C;DI;RF66;12;6;6;2;;236;82,7563;;;04/12/2019;;;;
4613549;TERRITOIRE;IRS - 12FO - RUE DE FRANCE/VIDEO SURVEILLANCE MAIRIE DE VINCENNES;;;SFR_COLL;DSP_MAJ_IRISE;;;OR21;OR1;OR21;CST;MCO;OK;30/08/2007;30/08/2007;C;OPT;C;DI;RF14;12;8;4;2;;4;11,4280;;;30/08/2007;;;;
24388900;TERRITOIRE;IRS - 24FO - POP HOTEL DE VILLE LES LILAS / N-1 HOTEL DE VILLE - AB;;;SFR_COLL;DSP_MAJ_IRISE;;;OR21;OR1;OR21;CST;MCO;OK;25/06/2021;25/06/2021;C;OPT;C;DI;RF29;24;20;4;4;;5;102,2898;;;25/06/2021;;;;
31730353;TERRITOIRE;IRS - 24 FO - 19 RUE WALDECK ROCHER /  POP GROUPE SCOLAIRE ROSENBERG LA COURNEUVE - AA;;;SFR_COLL;DSP_MAJ_IRISE;;;OR21;OR1;OR21;CST;MCO;OK;24/05/2022;24/05/2022;C;OPT;C;DI;RF29;24;22;2;4;;5;39,8652;;;24/05/2022;;;;
25989233;HORS TERRITOIRE;IRS - 12FO - FT 748 - 12 AVENUE DE L ISLE / POP CAMERA 63 VILLIERS SUR MARNE;;;SFR_COLL;DSP_MAJ_IRISE;;;OR21;OR1;OR21;CST;MCO;OK;27/09/2021;27/09/2021;C;OPT;C;DI;RF27;12;10;2;2;;5;226,2134;;;27/09/2021;;;;
33186027;TERRITOIRE;IRS - 24FO - FT1616 - RUE LAVOISIER / FT2347 - RUE PASCAL;;;SFR_COLL;DSP_MAJ_IRISE;;;OR21;OR1;OR21;CST;MCO;OK;10/08/2022;10/08/2022;C;OPT;C;DI;RF29;24;23;1;4;;5;480,7953;;;10/08/2022;;;;
5209489;TERRITOIRE;IRS - 72FO - BAGUETTE BPE1 - BPE2 QUAI DU PRESIDENT CARNOT;;;SFR_COLL;DSP_MAJ_IRISE;;;OR21;OR1;OR21;CST;MCO;OK;14/12/2012;14/12/2012;C;OPT;C;TR;RF28;72;63;9;6;;4;66,7846;;;14/12/2012;;;;
4637994;HORS TERRITOIRE;IRS - 24FO - N-1/POP CG94 DBD -AA;;;SFR_COLL;DSP_MAJ_IRISE;;;OR21;OR1;OR21;CST;MCO;OK;01/12/2011;01/12/2011;C;OPT;C;DI;RF15;24;20;4;4;;4;30,0835;;;01/12/2011;;;;
22726549;TERRITOIRE;BAG  - IRS - 12FO - RUE AMBROISE CROIZAT-RUE MARCEL PAUL VILLEJUIF - BPE 1 / BPE 2;;;SFR_COLL;DSP_MAJ_IRISE;;;OR21;OR1;OR21;CST;MCO;OK;15/03/2021;15/03/2021;C;OPT;C;DI;RF27;12;10;2;2;;5;2,2082;;;15/03/2021;;;;
4613779;HORS TERRITOIRE;IRS - 72FO - N-1 ADD2 EMILE ROUX / 1 AVENUE ALICE GUY LIMEIL-BREVANNES;;;SFR_COLL;DSP_MAJ_IRISE;;;OR21;OR1;OR21;CST;MCO;OK;22/10/2007;22/10/2007;C;OPT;C;TR;RF16;72;64;8;6;;4;1185,2477;;;22/10/2007;;;;
8611457;HORS TERRITOIRE;IRS - 24FO - POP POLYFLAME EUROPE SA BOUTON D OR / FT515 AV DU BOUTON D OR ‘«Ù AA;;;SFR_COLL;DSP_MAJ_IRISE;;;OR21;OR1;OR21;CST;MCO;OK;24/09/2014;24/09/2014;C;OPT;C;DI;RF114;24;23;1;2;;4;72,3449;;;24/09/2014;;;;
29259965;HORS TERRITOIRE;IRS - 144FO -  FT560 -14 PLACE GASTON BUSSIERE(SEVRAN) / FT842 - 83 AV DE LIVRY(SEVRAN);;;SFR_COLL;DSP_MAJ_IRISE;;;OR21;OR1;OR21;CST;MCO;OK;01/02/2022;01/02/2022;C;OPT;C;LH;RF22;144;144;0;12;;4;1108,6915;;;01/02/2022;;;;
22560423;TERRITOIRE;IRS - 24FO - FT2157 - 179 BOULEVARD ARISTIDE BRIAND / FT2949 - BOULEVARD ARISTIDE BRIAND;;;SFR_COLL;DSP_MAJ_IRISE;;;OR21;OR1;OR21;CST;MCO;OK;04/03/2021;04/03/2021;C;OPT;C;DI;RF29;24;20;4;4;;5;256,3618;;;04/03/2021;;;;
4599221;TERRITOIRE;IRS - 72FO - PLACE DU CLOS MONTHOLON/CLAMART PT;;;SFR_COLL;DSP_MAJ_IRISE;;;OR21;OR1;OR21;CST;MCO;OK;11/02/2005;11/02/2005;C;OPT;C;TR;RF16;72;72;0;6;;4;463,7455;;;11/02/2005;;;;
16697320;TERRITOIRE;IRS - 144 FO - FT 414 - 32 RUE DE BITCHE / FT 821 - 31 RUE GAULTIER COURBEVOIE;;;SFR_COLL;DSP_MAJ_IRISE;;;OR21;OR1;OR21;CST;MCO;OK;05/12/2019;05/12/2019;C;OPT;C;LH;RF22;144;144;0;12;;4;843,0341;;;05/12/2019;;;;
22216097;TERRITOIRE;IRS - 48 FO - FT 1310 - D63 - AVENUE DES 4 CHEMINS (CHATENAY MALABRY) / FT N-1 THEATRE FIRMIN PISCINE CHATENAY MALABRY;;;SFR_COLL;DSP_MAJ_IRISE;;;OR21;OR1;OR21;CST;MCO;OK;09/02/2021;09/02/2021;C;OPT;C;TR;RF33;48;46;2;4;;5;1988,5288;;;09/02/2021;;;;
11062486;TERRITOIRE;IRS - 36FO - LD - BI 2 AV DES ORANGES (BONNEUIL SUR MARNE) /  AV DES LYS_AV DES COQUELICOTS;;;SFR_COLL;DSP_MAJ_IRISE;;;OR21;OR1;OR21;CST;MCO;OK;29/10/2013;29/10/2013;C;OPT;C;TR;RF26;36;36;0;6;;4;357,0055;;;29/10/2013;;;;
29172897;TERRITOIRE;IRISE - 12FO - RUE CLAUDE PERNES - FT1665 / POP CAM 2.2_64 - AA;;;SFR_COLL;DSP_MAJ_IRISE;;;OR21;OR1;OR21;CST;MCO;OK;26/01/2022;26/01/2022;C;OPT;C;DI;RF27;12;11;1;2;;5;555,3326;;;26/01/2022;;;;
18799731;TERRITOIRE;36 FO - IRS - 172 AV DIVISION LECLERC  (VILLETANEUSE) / IRS - FT 63 - AVENUE JEAN BAPTISTE CLEMENT;;;SFR_COLL;DSP_MAJ_IRISE;;;OR21;OR1;OR21;CST;MCO;OK;12/06/2020;12/06/2020;C;OPT;C;TR;RF50;36;36;0;3;;4;1287,6508;;;12/06/2020;;;;
44062177;TERRITOIRE;IRS - 12FO - FT 1 RUE DE FONTENAY / RUE DES ROSIERS FT 110;;;SFR_COLL;DSP_MAJ_IRISE;;;OR21;OR1;OR21;CST;MCO;OK;28/03/2024;28/03/2024;C;OPT;C;DI;RF27;12;10;2;2;;5;426,4229;;;28/03/2024;;;;
4601729;HORS TERRITOIRE;IRS - 144FO - PK7500/RUE PEREIRE;;;SFR_COLL;DSP_MAJ_IRISE;;;OR21;OR1;OR21;CST;MCO;OK;27/05/2004;27/05/2004;C;OPT;C;LH;RF122;144;47;97;12;;5;10,9330;;;27/05/2004;;;;
15004837;TERRITOIRE;IRS - BI / APHP MONDOR VERS EQT - AB;;;SFR_COLL;DSP_MAJ_IRISE;;;OR21;OR1;OR21;CST;MCO;OK;21/05/2004;21/05/2004;C;OPT;C;DI;RF15;24;20;4;4;;4;50,7828;;;21/05/2004;;;;
5502933;TERRITOIRE;IRS - 144 FO - IRS DE LATTRE TASSIGNY / THOMERAU_TASSIGNY;;;SFR_COLL;DSP_MAJ_IRISE;;;OR21;OR1;OR21;CST;MCO;OK;22/01/2013;22/01/2013;C;OPT;C;LH;RF22;144;110;34;12;;4;416,4620;;;22/01/2013;;;;
11047093;TERRITOIRE;IRS - 24FO - BI BRAND LOYALTY  / FT112 - 23 - 25 AV ARISTIDE BRIAND;;;SFR_COLL;DSP_MAJ_IRISE;;;OR21;OR1;OR21;CST;MCO;OK;17/08/2015;17/08/2015;C;OPT;C;DI;RF29;24;24;0;4;;5;93,6396;;;17/08/2015;;;;
35077537;TERRITOIRE;IRS - 12 FO - POP ECOLE FIRMIN GEMIER / 74 AV DE LA REPUBLIQUE - BPE 3 - AA;;;SFR_COLL;DSP_MAJ_IRISE;;;OR21;OR1;OR21;CST;MCO;OK;22/11/2022;22/11/2022;C;OPT;C;DI;RF27;12;10;2;2;;5;585,5475;;;22/11/2022;;;;
4603856;TERRITOIRE;IRS - 12FO - RUE P CAVARE/MAIRIE DE ROSNY SOUS BOIS;;;SFR_COLL;DSP_MAJ_IRISE;;;OR21;OR1;OR21;CST;MCO;OK;19/10/2004;19/10/2004;C;OPT;C;DI;RF14;12;6;6;2;;4;359,8153;;;19/10/2004;;;;
4629728;TERRITOIRE;IRS - 144FO - AV ARISTIDE BRIAND/CHURCHILL_NORDLING;;;SFR_COLL;DSP_MAJ_IRISE;;;OR21;OR1;OR21;CST;MCO;OK;13/08/2012;13/08/2012;C;OPT;C;LH;RF40;144;106;38;12;;4;294,5555;;;13/08/2012;;;;
36824420;TERRITOIRE;24 FO - BOITE INTERMEDIAIRE_FT486 / N-1 POLICE MUNICIPALE_FT530;;;SFR_COLL;DSP_MAJ_IRISE;;;OR21;OR1;OR21;CST;MCO;OK;20/02/2023;20/02/2023;C;OPT;C;DI;RF29;24;24;0;4;;5;444,9427;;;20/02/2023;;;;
4610276;TERRITOIRE;IRS-RUE DE LA METALLURGIE-PROCESSION/EIFFEL;;;SFR_COLL;DSP_MAJ_IRISE;;;OR21;OR1;OR21;CST;MCO;OK;20/02/2007;20/02/2007;C;OPT;C;TR;RF28;72;55;17;6;;4;53,8753;;;20/02/2007;;;;
4604646;TERRITOIRE;IRS - 12FO - POP ABN AMRO ST DENIS/WILSON-PRESSENCE IRISE;;;SFR_COLL;DSP_MAJ_IRISE;;;OR21;OR1;OR21;CST;MCO;OK;01/01/2004;01/01/2004;C;OPT;C;DI;RF57;12;9;3;1;;4;72,8707;;;01/01/2004;;;;
4602401;TERRITOIRE;IRS - GARAGE CITROEN/AV DU CHATEAU;;;SFR_COLL;DSP_MAJ_IRISE;;;OR21;OR1;OR21;CST;MCO;OK;01/01/2002;01/01/2002;C;OPT;C;TR;RF16;72;31;41;6;;4;410,9215;;;01/01/2002;;;;
4610873;TERRITOIRE;IRS - 12FO - 57  BD DE LA SEINE/ECOLE EUGENIE COTTON NANTERRE;;;SFR_COLL;DSP_MAJ_IRISE;;;OR21;OR1;OR21;CST;MCO;OK;31/01/2006;31/01/2006;C;OPT;C;DI;RF14;12;6;6;2;;4;21,8403;;;31/01/2006;;;;
4594839;TERRITOIRE;IRS OU COLT CAA ST OUEN/N-1 CAA ST OUEN BPE1;;;SFR_COLL;DSP_MAJ_IRISE;;;OR21;OR1;OR21;CST;MCO;OK;10/10/2002;10/10/2002;C;OPT;C;DI;RF71;24;18;6;12;;5;206,2748;;;10/10/2002;;;;
8144625;TERRITOIRE;IRS - 144FO CABLE 2 - NEW JULES FERRY PK 3703 (LA COURNEUVE) /AVE MARCHEL CACHIN (LA COURNEUVE);;;SFR_COLL;DSP_MAJ_IRISE;;;OR21;OR1;OR21;CST;MCO;OK;06/05/2014;06/05/2014;C;OPT;C;LH;RF22;144;143;1;12;;4;344,9082;;;06/05/2014;;;;
25240102;TERRITOIRE;IRS - 144 FO - IRS - FT 213 - 295 AVENUE DE LA DIVISION LECLERC / IRS - FT 653 - 5 RUE JEAN BAPTISTE CLEMENT;;;SFR_COLL;DSP_MAJ_IRISE;;;OR21;OR1;OR21;CST;MCO;OK;16/08/2021;16/08/2021;C;OPT;C;LH;RF22;144;144;0;12;;4;976,6861;;;16/08/2021;;;;
4612117;TERRITOIRE;IRS - ARTHUR GROUSSIER (BONDY)/N-1 BONDY SFR ADD2;;;SFR_COLL;DSP_MAJ_IRISE;;;OR21;OR1;OR21;CST;MCO;OK;12/07/2007;12/07/2007;C;OPT;C;LH;RF22;144;126;18;12;;4;86,2530;;;12/07/2007;;;;
8464287;TERRITOIRE;IRS - 144FO - 24 AV BAUDOIN/LE BOURGET MAIRIE;;;SFR_COLL;DSP_MAJ_IRISE;;;OR21;OR1;OR21;CST;MCO;OK;05/08/2014;05/08/2014;C;OPT;C;LH;RF22;144;138;6;12;;4;472,3541;;;05/08/2014;;;;
10909809;HORS TERRITOIRE;IRS - 36FO - BI POP FTTS NOISY LE GRD (PICASSO) / N-1 CAA NOISY;;;SFR_COLL;DSP_MAJ_IRISE;;;OR21;OR1;OR21;CST;MCO;OK;11/09/2013;11/09/2013;C;OPT;C;TR;RF50;36;32;4;3;;4;410,4566;;;11/09/2013;;;;
4597826;TERRITOIRE;IRS - AV ALEMBERT/RUE VELPEAU;;;SFR_COLL;DSP_MAJ_IRISE;;;OR21;OR1;OR21;CST;MCO;OK;09/12/2009;09/12/2009;C;OPT;C;LH;RF46;144;88;56;12;;100;820,4337;;;09/12/2009;;;;
4594723;TERRITOIRE;IRS - BAGUETTE VERS TCT - PROJET MAIRIE WCM;;;SFR_COLL;DSP_MAJ_IRISE;;;OR21;OR1;OR21;CST;MCO;OK;15/11/2002;15/11/2002;C;OPT;C;TR;RF43;48;48;0;6;;183;160,9935;;;15/11/2002;;;;
4603694;HORS TERRITOIRE;IRS - 48FO - ALLEE DES HARRAS_ALLEE DE LA MARCHE (GARCHE)/HOPITAL POINCARRE;;;SFR_COLL;DSP_MAJ_IRISE;;;OR21;OR1;OR21;CST;MCO;OK;27/09/2004;27/09/2004;C;OPT;C;TR;RF19;48;26;22;4;;4;402,0964;;;27/09/2004;;;;
4604530;HORS TERRITOIRE;IRS - 48FO - RUE DENIS ROY 9T/RUE VALERE COLLAS ARGENTEUIL;;;SFR_COLL;DSP_MAJ_IRISE;;;OR21;OR1;OR21;CST;MCO;OK;22/11/2005;22/11/2005;C;OPT;C;TR;RF19;48;44;4;4;;4;1327,1501;;;22/11/2005;;;;
7531748;TERRITOIRE;IRS - 48FO - N-1 MEDIATHEQUE BAGNOLET/6 RUE HOCHE (BAGNOLET);;;SFR_COLL;DSP_MAJ_IRISE;;;OR21;OR1;OR21;CST;MCO;OK;22/11/2013;22/11/2013;C;OPT;C;TR;RF60;48;24;24;8;;4;322,1802;;;22/11/2013;;;;
8636452;TERRITOIRE;IRS - 72FO - 77 AVENUE DE LA RESISTANCE / FT 214 - ARTHUR RANC - FONTENAY;;;SFR_COLL;DSP_MAJ_IRISE;;;OR21;OR1;OR21;CST;MCO;OK;30/09/2014;30/09/2014;C;OPT;C;TR;RF172;72;71;1;6;;4;636,9861;;;30/09/2014;;;;
4617342;TERRITOIRE;IRS - 72FO - ROSNY FRANKLIN / 58 RUE FRANKLIN (MONTREUIL);;;SFR_COLL;DSP_MAJ_IRISE;;;OR21;OR1;OR21;CST;MCO;OK;01/06/2011;01/06/2011;C;OPT;C;TR;RF16;72;70;2;6;;4;371,0484;;;01/06/2011;;;;
21937727;TERRITOIRE;24 FO - IRS - FT 382 - 118 RUE JEAN JAURES / FT 142 - RUE JEAN JAURES;;;SFR_COLL;DSP_MAJ_IRISE;;;OR21;OR1;OR21;CST;MCO;OK;20/01/2021;20/01/2021;C;OPT;C;DI;RF29;24;20;4;4;;5;588,3107;;;20/01/2021;;;;
4608256;TERRITOIRE;IRS - 48FO - N-1 URA RUEIL/BD NATIONAL-BROSSOLETE;;;SFR_COLL;DSP_MAJ_IRISE;;;OR21;OR1;OR21;CST;MCO;OK;14/11/2005;14/11/2005;C;OPT;C;TR;RF19;48;4;44;4;;4;265,6000;;;14/11/2005;;;;
9959497;TERRITOIRE;72 FO - LD - C16775740 - 1;;;SFR_COLL;DSP_MAJ_IRISE;;;OR21;OR1;OR21;CST;MCO;OK;01/06/2016;01/06/2016;C;OPT;C;TR;RF28;72;19;53;6;;4;266,8235;;;01/06/2016;;;;
6007249;TERRITOIRE;IRS - 72FO - ROUTE DE ST LEU/RUE DE PARIS (EPINAY SUR SEINE) - 1;;;SFR_COLL;DSP_MAJ_IRISE;;;OR21;OR1;OR21;CST;MCO;OK;01/01/2004;01/01/2004;C;OPT;C;TR;RF16;72;42;30;6;;4;1234,3794;;;01/01/2004;;;;
4605757;TERRITOIRE;IRS - 48FO - RUE STE GENEVIEVE_RUE LAGUE/RUE D'ORLY;;;SFR_COLL;DSP_MAJ_IRISE;;;OR21;OR1;OR21;CST;MCO;OK;23/01/2007;23/01/2007;C;OPT;C;TR;RF12;48;15;33;6;;5;590,8781;;;23/01/2007;;;;
29197860;TERRITOIRE;12 FO - IRS - FT1449 - AVENUE DU PRESIDENT WILSON - BPE 1 / POP CENTRE DE QUARTIER PABLO PICASSO MONTREUIL - AA;;;SFR_COLL;DSP_MAJ_IRISE;;;OR21;OR1;OR21;CST;MCO;OK;27/01/2022;27/01/2022;C;OPT;C;DI;RF27;12;8;4;2;;5;130,7987;;;27/01/2022;;;;
22436578;HORS TERRITOIRE;12FO - IRS - FT 1806 - ANG THEOPHILE GAUTIER / PRC CAMERA C18 (VILLIERS SUR MARNE);;;SFR_COLL;DSP_MAJ_IRISE;;;OR21;OR1;OR21;CST;MCO;OK;24/02/2021;24/02/2021;C;OPT;C;DI;RF27;12;10;2;2;;5;85,8386;;;24/02/2021;;;;
32215137;TERRITOIRE;IRS - 72 FO - FT 748 - 232 AVENUE ARISTIDE BRIAND / IRS - 9 AVENUE ARISTIDE BRIAND;;;SFR_COLL;DSP_MAJ_IRISE;;;OR21;OR1;OR21;CST;MCO;OK;04/12/2019;04/12/2019;C;OPT;C;TR;RF28;72;72;0;6;;4;60,7425;;;04/12/2019;;;;
18390138;TERRITOIRE;IRS - 12 FO - IRS - FT 1911 - FACE 12 RUE PAUL DOUMER (MONTREUIL) / POP ANTENNE BEL PECHE MONTREUIL - AA;;;SFR_COLL;DSP_MAJ_IRISE;;;OR21;OR1;OR21;CST;MCO;OK;15/05/2020;15/05/2020;C;OPT;C;DI;RF27;12;8;4;2;;5;23,8990;;;15/05/2020;;;;
31030177;TERRITOIRE;IRS - 84 RUE CARVES (MONTROUGE) - BPE 1 / POP N015 CHAMBRE IRISE - AA;;;SFR_COLL;DSP_MAJ_IRISE;;;OR21;OR1;OR21;CST;MCO;OK;25/04/2022;25/04/2022;C;OPT;C;DI;RF27;12;10;2;2;;5;529,7568;;;25/04/2022;;;;
4598854;TERRITOIRE;IRS - DE GAULLE/LOUISON BOBET;;;SFR_COLL;DSP_MAJ_IRISE;;;OR21;OR1;OR21;CST;MCO;OK;09/12/2003;09/12/2003;C;OPT;C;LH;RF56;144;40;104;12;;4;175,0408;;;09/12/2003;;;;
4609712;TERRITOIRE;IRS - 144FO - ANGLE MAUCONSEIL NOTRE DAME/PLACE MOREAU DAVID;;;SFR_COLL;DSP_MAJ_IRISE;;;OR21;OR1;OR21;CST;MCO;OK;01/02/2011;01/02/2011;C;OPT;C;LH;RF56;144;86;58;12;;4;666,6640;;;01/02/2011;;;;
10780987;HORS TERRITOIRE;IRS - 36FO - BI POP FTTS CARRIERES SUR SEINE / FT 327 - RUE DES ENTREPRENEURS;;;SFR_COLL;DSP_MAJ_IRISE;;;OR21;OR1;OR21;CST;MCO;OK;07/06/2013;07/06/2013;C;OPT;C;TR;RF26;36;32;4;6;;4;47,8538;;;07/06/2013;;;;
36521060;TERRITOIRE;12 FO - IRS - FT538 - CH SAT SECURISEE CAM13 / FT486  - BOITE INTERMIDIARE ALLEE MONTHYON D78;;;SFR_COLL;DSP_MAJ_IRISE;;;OR21;OR1;OR21;CST;MCO;OK;03/02/2023;03/02/2023;C;OPT;C;DI;RF27;12;1;11;2;;5;678,9152;;;03/02/2023;;;;
19830755;TERRITOIRE;IRISE - 12 FO - FT 98 - 67 RUE CHARLES FREROT / FT416 - 25 RUE DU VAL DE MARNE;;;SFR_COLL;DSP_MAJ_IRISE;;;OR21;OR1;OR21;CST;MCO;OK;24/08/2020;24/08/2020;C;OPT;C;DI;RF27;12;10;2;2;;5;317,6390;;;24/08/2020;;;;
22085858;TERRITOIRE;12 FO - BPE FT356 / POP MAISON DE QUARTIER LOUNES MATOUB MONTREUIL;;;SFR_COLL;DSP_MAJ_IRISE;;;OR21;OR1;OR21;CST;MCO;OK;31/01/2021;31/01/2021;C;OPT;C;DI;RF27;12;8;4;2;;5;43,9705;;;31/01/2021;;;;
4642226;TERRITOIRE;IRS - 144FO -  NC CBV (ODF C)/ANGLE BAILLY PONS - CT;;;SFR_COLL;DSP_MAJ_IRISE;;;OR21;OR1;OR21;CST;MCO;OK;24/04/2012;24/04/2012;C;OPT;C;LH;RF40;144;123;21;12;;4;819,0658;;;24/04/2012;;;;
16653176;TERRITOIRE;IRS - 48 FO - FT343 - AVENUE ROGER SALENGRO / IRS - FT 1248 - D128 - 59-51 AVENUE EDOUARD DEPREUX;;;SFR_COLL;DSP_MAJ_IRISE;;;OR21;OR1;OR21;CST;MCO;OK;02/12/2019;02/12/2019;C;OPT;C;TR;RF20;48;48;0;8;;5;508,9668;;;02/12/2019;;;;
17910133;TERRITOIRE;IRS - 144 FO -  FT 2725 -  AVENUE DU MESNIL / FT 2674 -  SQUARE HAMELN;;;SFR_COLL;DSP_MAJ_IRISE;;;OR21;OR1;OR21;CST;MCO;OK;31/03/2020;31/03/2020;C;OPT;C;LH;RF22;144;144;0;12;;4;401,7266;;;31/03/2020;;;;
8330536;TERRITOIRE;288FO - RFF - IRS - QUAI DE CHOISY - BPE 3/TD_VALENTON N_1 PT - BPE 3;;;SFR_COLL;DSP_MAJ_IRISE;;;OR21;OR1;OR21;CST;MCO;OK;25/06/2014;25/06/2014;C;OPT;C;LH;RF117;288;282;6;24;;145;1257,3030;;;25/06/2014;;;;
4605867;TERRITOIRE;IRS - 20 RUE DE SILLY - BPE 1 / 54 AVENUE ANDRE MORIZET - BPE 1;;;SFR_COLL;DSP_MAJ_IRISE;;;OR21;OR1;OR21;CST;MCO;OK;01/01/2002;01/01/2002;C;OPT;C;LH;RF22;144;111;33;12;;4;497,0328;;;01/01/2002;;;;
16683618;TERRITOIRE;IRS - 72 FO - FT 773 - 29 ALLEE ROBERT ESTIENNE / FT 866 - 209 BD PASTEUR (LES PAVILLONS SOUS BOIS);;;SFR_COLL;DSP_MAJ_IRISE;;;OR21;OR1;OR21;CST;MCO;OK;04/12/2019;04/12/2019;C;OPT;C;TR;RF28;72;72;0;6;;4;1780,3355;;;04/12/2019;;;;
7735603;TERRITOIRE;IRS - 288 FO - RUE DE LA MOTTE - BPE 2 / 6 RUE DE LA MOTTE AUBERVILLIERS T17 BIS;;;SFR_COLL;DSP_MAJ_IRISE;;;OR21;OR1;OR21;CST;MCO;OK;22/01/2014;22/01/2014;C;OPT;C;LH;RF32;288;269;19;24;;4;11,9222;;;22/01/2014;;;;
19536102;TERRITOIRE;144 FO - BAG - IRISE - ANGLE GARDINOUX-HUGO - BPE 1 / BPE 2;;;SFR_COLL;DSP_MAJ_IRISE;;;OR21;OR1;OR21;CST;MCO;OK;03/08/2020;03/08/2020;C;OPT;C;LH;RF22;144;129;15;12;;4;2,1455;;;03/08/2020;;;;
4602025;TERRITOIRE;IRS - VERTE-COLONNEL FABIEN/PETITE SAUSSAIE;;;SFR_COLL;DSP_MAJ_IRISE;;;OR21;OR1;OR21;CST;MCO;OK;15/11/2002;15/11/2002;C;OPT;C;TR;RF12;48;16;32;6;;5;670,8606;;;15/11/2002;;;;
7264245;HORS TERRITOIRE;IRS - 144FO - RUE DU MAIL / FT 307 - RUE DU MAIL;;;SFR_COLL;DSP_MAJ_IRISE;;;OR21;OR1;OR21;CST;MCO;OK;05/09/2013;05/09/2013;C;OPT;C;LH;RF22;144;141;3;12;;4;429,7384;;;05/09/2013;;;;
4615273;TERRITOIRE;IRS - 72FO - 98 AV LECLERC (BOULOGNE) - BPE 1/ LECLERC SEVRES (BOULOGNE-BILLANCOURT) - BPE 1;;;SFR_COLL;DSP_MAJ_IRISE;;;OR21;OR1;OR21;CST;MCO;OK;23/07/2007;23/07/2007;C;OPT;C;TR;RF28;72;15;57;6;;4;459,4830;;;23/07/2007;;;;
7786145;HORS TERRITOIRE;IRS - 24FO - R DU DR ZAMENHOFF / POP MI-GENDARMERIE DGGN - BA;;;SFR_COLL;DSP_MAJ_IRISE;;;OR21;OR1;OR21;CST;MCO;OK;05/02/2014;05/02/2014;C;OPT;C;DI;RF48;24;23;1;4;;4;126,5448;;;05/02/2014;;;;
4607890;TERRITOIRE;IRS-PK 17842 GARE DE RUNGIS LA FRATERNELLE/RUE DES VOSGES RUNGIS;;;SFR_COLL;DSP_MAJ_IRISE;;;OR21;OR1;OR21;CST;MCO;OK;18/10/2005;18/10/2005;C;OPT;C;TR;RF41;72;33;39;6;;5;48,6206;;;18/10/2005;;;;
17044866;TERRITOIRE;IRS - 48FO - FT 1053 - RUE DE COURBEVOIE / POP MAIRIE DE NANTERRE;;;SFR_COLL;DSP_MAJ_IRISE;;;OR21;OR1;OR21;CST;MCO;OK;30/11/2019;30/11/2019;C;OPT;C;TR;RF61;48;44;4;4;;5;344,5881;;;30/11/2019;;;;
16683606;TERRITOIRE;IRS - 144 FO - FT 176 - 43 RUE DU 14 JUILLET - PLACE JEAN JAURES / FT  70 - 62 QUAI BLANQUI (ALFORTVILLE);;;SFR_COLL;DSP_MAJ_IRISE;;;OR21;OR1;OR21;CST;MCO;OK;04/12/2019;04/12/2019;C;OPT;C;LH;RF22;144;144;0;12;;4;451,4985;;;04/12/2019;;;;
4637461;TERRITOIRE;IRS - 48FO - IRS - 4 AVENUE LENINE / SENTIER DU BOIS DE RICHEBOURG;;;SFR_COLL;DSP_MAJ_IRISE;;;OR21;OR1;OR21;CST;MCO;OK;12/07/2010;12/07/2010;C;OPT;C;TR;RF19;48;46;2;4;;4;242,4944;;;12/07/2010;;;;
32192417;TERRITOIRE;IRS - 36 FO - FT1944 - 560 RUE DU MARCHE ROLLY/ FT 1844 - 655 RUE MARCEL PAUL ( CHAMPIGNY-SUR-MARNE );;;SFR_COLL;DSP_MAJ_IRISE;;;OR21;OR1;OR21;CST;MCO;OK;17/06/2022;17/06/2022;C;OPT;C;TR;RF50;36;36;0;3;;4;529,6539;;;17/06/2022;;;;
4603708;TERRITOIRE;IRS - RUE DANIELLE CASANOVA/RASPAIL-ST JUST;;;SFR_COLL;DSP_MAJ_IRISE;;;OR21;OR1;OR21;CST;MCO;OK;15/05/2004;15/05/2004;C;OPT;C;LH;RF56;144;41;103;12;;4;588,8698;;;15/05/2004;;;;
7147426;TERRITOIRE;IRS - 144 FO - AVENUE DES LYS / AVENUE DES MYOSOTIS;;;SFR_COLL;DSP_MAJ_IRISE;;;OR21;OR1;OR21;CST;MCO;OK;25/07/2013;25/07/2013;C;OPT;C;LH;RF22;144;140;4;12;;4;522,8123;;;25/07/2013;;;;
28922977;TERRITOIRE;IRS - 12FO - N-1 MAIRIE DE ROSNY / 31 AV JEAN JAURES;;;SFR_COLL;DSP_MAJ_IRISE;;;OR21;OR1;OR21;CST;MCO;OK;12/01/2022;12/01/2022;C;OPT;C;DI;RF27;12;10;2;2;;5;300,8059;;;12/01/2022;;;;
28049071;TERRITOIRE;BAG 144 FO - IRS - 77 BD REPUBLIQUE CH 12_BPE 1 / BPE 2;;;SFR_COLL;DSP_MAJ_IRISE;;;OR21;OR1;OR21;CST;MCO;OK;08/12/2021;08/12/2021;C;OPT;C;LH;RF22;144;134;10;12;;4;4,1024;;;08/12/2021;;;;
24366177;TERRITOIRE;12FO - IRS -  FT163 - 44 RUE DU 8 MAI 1945 (PIERREFITTE-SUR-SEINE) - BPE 1 / POP CENTRE GERMAINE TILLION;;;SFR_COLL;DSP_MAJ_IRISE;;;OR21;OR1;OR21;CST;MCO;OK;24/06/2021;24/06/2021;C;OPT;C;DI;RF27;12;10;2;2;;5;552,5241;;;24/06/2021;;;;
4625505;TERRITOIRE;IRS - 72FO - D ORVES_BARBUSSE/16 AV BARBUSSE;;;SFR_COLL;DSP_MAJ_IRISE;;;OR21;OR1;OR21;CST;MCO;OK;12/01/2009;12/01/2009;C;OPT;C;TR;RF16;72;14;58;6;;4;333,9832;;;12/01/2009;;;;
4630960;TERRITOIRE;IRS - 24FO BI/POP TOURNELLES_2 (D75);;;SFR_COLL;DSP_MAJ_IRISE;;;OR21;OR1;OR21;CST;MCO;OK;27/07/2009;27/07/2009;C;OPT;C;DI;RF15;24;20;4;4;;4;21,4011;;;27/07/2009;;;;
4613532;HORS TERRITOIRE;IRS - 24FO - N-1/MAIRIE GARGES LES GONESSES;;;SFR_COLL;DSP_MAJ_IRISE;;;OR21;OR1;OR21;CST;MCO;OK;25/05/2007;25/05/2007;C;OPT;C;DI;RF24;24;18;6;2;;4;60,3479;;;25/05/2007;;;;
4596862;TERRITOIRE;IRS - GABRIEL PERI-11 NOVEMBRE/32 GABRIEL PERI;;;SFR_COLL;DSP_MAJ_IRISE;;;OR21;OR1;OR21;CST;MCO;OK;06/07/2005;06/07/2005;C;OPT;C;LH;RF56;144;47;97;12;;4;403,9800;;;06/07/2005;;;;
17296746;TERRITOIRE;IRS - 36 FO - N-1 URA ORGEMONT - BPE 2 / FT 589 - 36 AV D ENGHIEN EPINAY SUR SEINE;;;SFR_COLL;DSP_MAJ_IRISE;;;OR21;OR1;OR21;CST;MCO;OK;06/02/2020;06/02/2020;C;OPT;C;TR;RF50;36;36;0;3;;4;1220,6158;;;06/02/2020;;;;
4596869;TERRITOIRE;IRS - 87 AV ARISTIDE BRIAND/99 AV HENRI GINOUX MONTROUGE;;;SFR_COLL;DSP_MAJ_IRISE;;;OR21;OR1;OR21;CST;MCO;OK;07/07/2005;07/07/2005;C;OPT;C;TR;RF19;48;32;16;4;;4;674,8198;;;07/07/2005;;;;
4632255;TERRITOIRE;IRS - 24FO - BI/POP CEN_GEOTH_CHEVILLY_LARUE (C01);;;SFR_COLL;DSP_MAJ_IRISE;;;OR21;OR1;OR21;CST;MCO;OK;22/07/2009;22/07/2009;C;OPT;C;DI;RF15;24;8;16;4;;4;16,1557;;;22/07/2009;;;;
4633203;TERRITOIRE;IRS - 24FO BI/POP DERICBOURG (D43);;;SFR_COLL;DSP_MAJ_IRISE;;;OR21;OR1;OR21;CST;MCO;OK;28/07/2009;28/07/2009;C;OPT;C;DI;RF15;24;20;4;4;;4;22,4687;;;28/07/2009;;;;
4608134;TERRITOIRE;IRS - AV DE LA REPUBLIQUE-CITE RONDELET/AV DE LA REPUBLIQUE-RUE PERIER MONTROUGE;;;SFR_COLL;DSP_MAJ_IRISE;;;OR21;OR1;OR21;CST;MCO;OK;16/11/2005;16/11/2005;C;OPT;C;TR;RF19;48;42;6;4;;4;289,2552;;;16/11/2005;;;;
4599064;TERRITOIRE;IRS - 144FO - BD VERDUN/6 BLD DE VERDUN (COURBEVOIE);;;SFR_COLL;DSP_MAJ_IRISE;;;OR21;OR1;OR21;CST;MCO;OK;30/01/2001;30/01/2001;C;OPT;C;LH;RF56;144;65;79;12;;4;508,7728;;;30/01/2001;;;;
4597064;TERRITOIRE;IRS 48 FO - 9 RUE JEAN JAURES/1 RUE EUGENE VARLIN;;;SFR_COLL;DSP_MAJ_IRISE;;;OR21;OR1;OR21;CST;MCO;OK;26/09/2006;26/09/2006;C;OPT;C;TR;RF19;48;44;4;4;;4;152,4768;;;26/09/2006;;;;
4600898;TERRITOIRE;IRS - 12FO - AV CURIE-FOREST HILL/N-1 MAIRIE NANTERRE (CA-FR-000421ZO-IRIS-012 );;;SFR_COLL;DSP_MAJ_IRISE;;;OR21;OR1;OR21;CST;MCO;OK;30/01/2001;30/01/2001;C;OPT;C;DI;RF73;12;2;10;6;;5;1226,1605;;;30/01/2001;;;;
7428629;TERRITOIRE;IRS - 144FO - 65 ROUTE DE LA LIBERATION/FT - RUE DES FUSILLES DE CHATEAUBRIANT CHENNEVIERE SUR MARNE;;;SFR_COLL;DSP_MAJ_IRISE;;;OR21;OR1;OR21;CST;MCO;OK;23/10/2013;23/10/2013;C;OPT;C;LH;RF22;144;140;4;12;;4;144,7063;;;23/10/2013;;;;
4640492;TERRITOIRE;36 FO - IRS - 22B RUE DE LA MARNE (ALFORTVILLE) / PONT D'IVRY;;;SFR_COLL;DSP_MAJ_IRISE;;;OR21;OR1;OR21;CST;MCO;OK;19/03/2012;19/03/2012;C;OPT;C;TR;RF112;36;20;16;3;;4;310,2825;;;19/03/2012;;;;
4620874;TERRITOIRE;IRS - 72FO - N-1 SEMECO/LT POP CPS - AA;;;SFR_COLL;DSP_MAJ_IRISE;;;OR21;OR1;OR21;CST;MCO;OK;10/09/2010;10/09/2010;C;OPT;C;TR;RF16;72;72;0;6;;4;88,6039;;;10/09/2010;;;;
4608503;TERRITOIRE;IRS - 12FO - RUE D'ORLY/LONDRES;;;SFR_COLL;DSP_MAJ_IRISE;;;OR21;OR1;OR21;CST;MCO;OK;17/01/2006;17/01/2006;C;OPT;C;DI;RF14;12;8;4;2;;4;108,1774;;;17/01/2006;;;;
4630356;TERRITOIRE;IRS - 24FO - N-1 ADD1/POP AUDIOPTIC CLAMART - AA;;;SFR_COLL;DSP_MAJ_IRISE;;;OR21;OR1;OR21;CST;MCO;OK;10/03/2009;10/03/2009;C;OPT;C;DI;RF15;24;20;4;4;;4;66,2430;;;10/03/2009;;;;
4613097;HORS TERRITOIRE;IRS - 144FO - PK 101+030 LONGJUMEAU/PARKING DE LA GARE LONGJUMEAU;;;SFR_COLL;DSP_MAJ_IRISE;;;OR21;OR1;OR21;CST;MCO;OK;15/05/2006;15/05/2006;C;OPT;C;LH;RF21;144;90;54;12;;145;131,4020;;;15/05/2006;;;;
22815207;TERRITOIRE;IRS - 12FO - FT1051 - RUE DES CLOS FRAN?ÁAIS / POP ELEMENTAIRES JOLIOT CURIE 1 ET 2 MONTREUIL - AA;;;SFR_COLL;DSP_MAJ_IRISE;;;OR21;OR1;OR21;CST;MCO;OK;22/03/2021;22/03/2021;C;OPT;C;DI;RF27;12;8;4;2;;5;136,1570;;;22/03/2021;;;;
26042339;HORS TERRITOIRE;24 FO - IRISE - IRISE - FT 766 - 24 RUE DES COURTS SILLONS - BPE 1 / PRC -FT 778 C34 VILLIERS SUR MARNE;;;SFR_COLL;DSP_MAJ_IRISE;;;OR21;OR1;OR21;CST;MCO;OK;29/09/2021;29/09/2021;C;OPT;C;DI;RF29;24;22;2;4;;5;401,0474;;;29/09/2021;;;;
19865332;HORS TERRITOIRE;IRS - 12FO - FT852 - 11 ROUTE COMBAULT/FT594 - ANGLE AV ANDRE ROUY- AV DE L EUROPE (VILLIERS SUR MARNE);;;SFR_COLL;DSP_MAJ_IRISE;;;OR21;OR1;OR21;CST;MCO;OK;26/08/2020;26/08/2020;C;OPT;C;DI;RF27;12;4;8;2;;5;536,5431;;;26/08/2020;;;;
8747524;TERRITOIRE;IRS - 48FO - 59 AV DE VERDUN/RESISTANCE-VERDUN;;;SFR_COLL;DSP_MAJ_IRISE;;;OR21;OR1;OR21;CST;MCO;OK;20/03/2008;20/03/2008;C;OPT;C;TR;RF19;48;34;14;4;;4;177,0448;;;20/03/2008;;;;
4607292;TERRITOIRE;IRS - 263 BD JEAN JAURES / 231 BD JEAN JAURES;;;SFR_COLL;DSP_MAJ_IRISE;;;OR21;OR1;OR21;CST;MCO;OK;08/12/2009;08/12/2009;C;OPT;C;LH;RF56;144;66;78;12;;4;530,0167;;;08/12/2009;;;;
4640007;TERRITOIRE;IRS - 12FO - BI CHAMPIGNY (CENTRE TECH)/POP FTTS CHAMPIGNY (CENTRE TECH) - AA;;;SFR_COLL;DSP_MAJ_IRISE;;;OR21;OR1;OR21;CST;MCO;OK;15/02/2012;15/02/2012;C;OPT;C;DI;RF38;12;8;4;1;;4;18,0277;;;15/02/2012;;;;
6291729;HORS TERRITOIRE;IRS - 12 FO - LD - ISH - PTC NOISY LE GRAND/BI 10 ALLEE BIENVENUE - AA;;;SFR_COLL;DSP_MAJ_IRISE;;;OR21;OR1;OR21;CST;MCO;OK;29/04/2013;29/04/2013;C;OPT;C;DI;RF45;12;8;4;2;;4;39,6207;;;29/04/2013;;;;
16582435;TERRITOIRE;IRS - 312 AV DE GAULLE / POP SIEGE VALLEE SUD GRAND PARIS FONTENAY AUX ROSES - AA;;;SFR_COLL;DSP_MAJ_IRISE;;;OR21;OR1;OR21;CST;MCO;OK;26/11/2019;26/11/2019;C;OPT;C;TR;RF20;48;46;2;8;;5;1737,5735;;;26/11/2019;;;;
10933464;TERRITOIRE;IRS - 72FO - POP DEKRA LE PLESSIS ROBINSON / IRS - REAUMUR - PAPIN - BPE 2;;;SFR_COLL;DSP_MAJ_IRISE;;;OR21;OR1;OR21;CST;MCO;OK;18/03/2013;18/03/2013;C;OPT;C;TR;RF28;72;69;3;6;;4;2,8916;;;18/03/2013;;;;
4632355;TERRITOIRE;IRS - 24FO - BI/POP CHAUFFERIE_LES_LOZETS (D84);;;SFR_COLL;DSP_MAJ_IRISE;;;OR21;OR1;OR21;CST;MCO;OK;22/07/2009;22/07/2009;C;OPT;C;DI;RF15;24;22;2;4;;4;20,0252;;;22/07/2009;;;;
19888676;HORS TERRITOIRE;12 FO - IRISE - FT 379 - ROUTE DE BRY - RUE ADRIEN MENTIENNE  / POP CENTRE DE SOINS VILLIERS SUR MARNE - AA;;;SFR_COLL;DSP_MAJ_IRISE;;;OR21;OR1;OR21;CST;MCO;OK;28/08/2020;28/08/2020;C;OPT;C;DI;RF27;12;6;6;2;;5;176,0846;;;28/08/2020;;;;
12368721;HORS TERRITOIRE;IRS - 12 FO - FT - N-1 FRANCE CARGO (ERAGNY) / POP AFTRAL SAINT OUEN L AUMONE - AA;;;SFR_COLL;DSP_MAJ_IRISE;;;OR21;OR1;OR21;CST;MCO;OK;10/01/2018;10/01/2018;C;OPT;C;DI;RF27;12;11;1;2;;5;183,9488;;;10/01/2018;;;;
9431602;HORS TERRITOIRE;12 FO - IRS - 15 RUE DES OZIERS / POP VINCI ENERGIES SI PROTEC FEU ST OUEN - AA;;;SFR_COLL;DSP_MAJ_IRISE;;;OR21;OR1;OR21;CST;MCO;OK;12/11/2015;12/11/2015;C;OPT;C;DI;RF27;12;11;1;2;;5;62,0108;;;12/11/2015;;;;
4607741;TERRITOIRE;IRS - PARKING RUE DE PARIS/BOURS DU TRAVAIL;;;SFR_COLL;DSP_MAJ_IRISE;;;OR21;OR1;OR21;CST;MCO;OK;21/03/2005;21/03/2005;C;OPT;C;DI;RF14;12;6;6;2;;4;41,3556;;;21/03/2005;;;;
4610992;TERRITOIRE;IRS-CORDON BAUER/BD JEAN JAURES SAINT OUEN;;;SFR_COLL;DSP_MAJ_IRISE;;;OR21;OR1;OR21;CST;MCO;OK;19/10/2006;19/10/2006;C;OPT;C;TR;RF19;48;29;19;4;;4;141,3996;;;19/10/2006;;;;
8787957;TERRITOIRE;IRS - 36FO- LD - IRS_SALENGRO-DAMOUS / FT_IRS 72 AVENUE GENERAL GALIENI;;;SFR_COLL;DSP_MAJ_IRISE;;;OR21;OR1;OR21;CST;MCO;OK;14/11/2014;14/11/2014;C;OPT;C;TR;RF50;36;34;2;3;;4;227,2912;;;14/11/2014;;;;
4642581;TERRITOIRE;IRS - 36 FO - BI 32 RUE JEAN MERMOZ/N-1 NOISY LE SEC;;;SFR_COLL;DSP_MAJ_IRISE;;;OR21;OR1;OR21;CST;MCO;OK;31/01/2012;31/01/2012;C;OPT;C;TR;RF42;36;34;2;6;;4;8,4534;;;31/01/2012;;;;
4601124;HORS TERRITOIRE;IRS - 144FO - ???/COURS DES LACS-1;;;SFR_COLL;DSP_MAJ_IRISE;;;OR21;OR1;OR21;CST;MCO;OK;30/07/2008;30/07/2008;C;OPT;C;LH;RF40;144;88;56;12;;4;748,1100;;;30/07/2008;;;;
7249489;TERRITOIRE;IRS - 36 FO - POP DSP APX RUNGIS/RUE DES SOLETS-ANGLE RUE DES CEVENNES - BA;;;SFR_COLL;DSP_MAJ_IRISE;;;OR21;OR1;OR21;CST;MCO;OK;30/08/2013;30/08/2013;C;OPT;C;TR;RF26;36;36;0;6;;4;116,2654;;;30/08/2013;;;;
8872018;HORS TERRITOIRE;BAG 72 FO - N-1 CAA NOISY - BPE 1 / BPE 2;;;SFR_COLL;DSP_MAJ_IRISE;;;OR21;OR1;OR21;CST;MCO;OK;12/12/2014;12/12/2014;C;OPT;C;TR;RF28;72;63;9;6;;4;23,5908;;;12/12/2014;;;;
16653169;TERRITOIRE;IRS - 48 FO - FT 1248 - D128 - 59-51 AVENUE EDOUARD DEPREUX / ROBINSON PELLETAN;;;SFR_COLL;DSP_MAJ_IRISE;;;OR21;OR1;OR21;CST;MCO;OK;02/12/2019;02/12/2019;C;OPT;C;TR;RF20;48;48;0;8;;5;312,5527;;;02/12/2019;;;;
32158817;TERRITOIRE;IRS - 36 FO - AV DE LA REPUBLIQUE CHEVILLY / FT 583 - RUE DE L'AUBRAC;;;SFR_COLL;DSP_MAJ_IRISE;;;OR21;OR1;OR21;CST;MCO;OK;16/06/2022;16/06/2022;C;OPT;C;TR;RF50;36;36;0;3;;4;541,7836;;;16/06/2022;;;;
7575346;TERRITOIRE;IRS - 24FO - POP HADLER MORVAN RUNGIS / BI 33 RUE JURA - AA;;;SFR_COLL;DSP_MAJ_IRISE;;;OR21;OR1;OR21;CST;MCO;OK;04/12/2013;04/12/2013;C;OPT;C;DI;RF30;24;22;2;4;;4;100,1313;;;04/12/2013;;;;
17229475;TERRITOIRE;IRS - 36 FO - FT 734 - 17 IMPASSE BENOIT GUICHON / FT 42 - 12 RUE D ALSACE CACHAN;;;SFR_COLL;DSP_MAJ_IRISE;;;OR21;OR1;OR21;CST;MCO;OK;30/01/2020;30/01/2020;C;OPT;C;TR;RF50;36;36;0;3;;4;887,2054;;;30/01/2020;;;;
4614455;TERRITOIRE;IRS - 48FO - IRS ALLENDE/CHOISY/IRS ALLENDE/RUE DU 8 MAI;;;SFR_COLL;DSP_MAJ_IRISE;;;OR21;OR1;OR21;CST;MCO;OK;27/09/2007;27/09/2007;C;OPT;C;TR;RF19;48;15;33;4;;4;197,4991;;;27/09/2007;;;;
36672755;TERRITOIRE;IRS - 12FO - CH SAT SECURISEE CAM04_FT99 / POP CAMERA 04 LES PAVILLONS SOUS BOIS - AA;;;SFR_COLL;DSP_MAJ_IRISE;;;OR21;OR1;OR21;CST;MCO;OK;11/02/2023;11/02/2023;C;OPT;C;DI;RF27;12;10;2;2;;5;83,8984;;;11/02/2023;;;;
7310819;HORS TERRITOIRE;IRS - 144 FO - PROMENADE DE LA CHOCOLATERIE / COURS DU BUISSON;;;SFR_COLL;DSP_MAJ_IRISE;;;OR21;OR1;OR21;CST;MCO;OK;18/09/2013;18/09/2013;C;OPT;C;LH;RF22;144;140;4;12;;4;515,8842;;;18/09/2013;;;;
10934469;TERRITOIRE;IRS - 72 FO - RUE DES CHEMINOTS/BI - 121 RUE DU LANDY;;;SFR_COLL;DSP_MAJ_IRISE;;;OR21;OR1;OR21;CST;MCO;OK;11/09/2013;11/09/2013;C;OPT;C;TR;RF28;72;72;0;6;;4;101,4312;;;11/09/2013;;;;
4606112;TERRITOIRE;IRS - RUE MAURICE ARNOUX-PERIER/107 RUE MAURICE ARNOUX MONTROUGE;;;SFR_COLL;DSP_MAJ_IRISE;;;OR21;OR1;OR21;CST;MCO;OK;17/11/2005;17/11/2005;C;OPT;C;TR;RF19;48;42;6;4;;4;180,7166;;;17/11/2005;;;;
4613979;TERRITOIRE;IRS 144FO - ROUTE DE LA SEINE (10)/20 RUE DE SILLY (39);;;SFR_COLL;DSP_MAJ_IRISE;;;OR21;OR1;OR21;CST;MCO;OK;06/11/2007;06/11/2007;C;OPT;C;LH;RF40;144;118;26;12;;4;1990,2419;;;06/11/2007;;;;
5873490;HORS TERRITOIRE;IRS - 72FO - LD - IRS - AV. EMBELLIE/IRS - ROND POINT DU TILLEUL;;;SFR_COLL;DSP_MAJ_IRISE;;;OR21;OR1;OR21;CST;MCO;OK;13/03/2013;13/03/2013;C;OPT;C;TR;RF28;72;27;45;6;;4;474,0911;;;13/03/2013;;;;
7546454;TERRITOIRE;IRS - 24FO - LT ARISTON/CGTEL_P9306-PT6030 - BPE2 -BA;;;SFR_COLL;DSP_MAJ_IRISE;;;OR21;OR1;OR21;CST;MCO;OK;27/11/2013;27/11/2013;C;OPT;C;DI;RF17;24;20;4;2;;4;216,6119;;;27/11/2013;;;;
4636423;TERRITOIRE;IRS - RABELAIS/GAULLE-BOBET;;;SFR_COLL;DSP_MAJ_IRISE;;;OR21;OR1;OR21;CST;MCO;OK;02/02/2011;02/02/2011;C;OPT;C;LH;RF56;144;40;104;12;;4;368,1888;;;02/02/2011;;;;
34403298;TERRITOIRE;48 FO - IRS -PRC- RUE DES MEUNIERS-LOUIS PASTEURS / IRISE 1217 - RUE DE L EGALITE;;;SFR_COLL;DSP_MAJ_IRISE;;;OR21;OR1;OR21;CST;MCO;OK;13/10/2022;13/10/2022;C;OPT;C;TR;RF47;48;48;0;4;;4;581,4847;;;13/10/2022;;;;
4638827;TERRITOIRE;IRS - 36 FO - BPI 2 RUE FONTENAY/2 RUE FONTENAY;;;SFR_COLL;DSP_MAJ_IRISE;;;OR21;OR1;OR21;CST;MCO;OK;29/12/2011;29/12/2011;C;OPT;C;TR;RF42;36;34;2;6;;4;19,1760;;;29/12/2011;;;;
15492225;TERRITOIRE;IRISE - 24 FO - CHAMBRE IRISE C48 / ANGLE RUE DES BRUYERES - RUE PASTEUR;;;SFR_COLL;DSP_MAJ_IRISE;;;OR21;OR1;OR21;CST;MCO;OK;05/08/2019;05/08/2019;C;OPT;C;DI;RF29;24;22;2;4;;5;127,3647;;;05/08/2019;;;;
22624145;TERRITOIRE;IRS - 12FO -  FT2950 - 82 RUE EMILE BEAUFILS / POP MULTI-ACCUEIL JULIE DAUBIE MONTREUIL - AA;;;SFR_COLL;DSP_MAJ_IRISE;;;OR21;OR1;OR21;CST;MCO;OK;09/03/2021;09/03/2021;C;OPT;C;DI;RF27;12;8;4;2;;5;56,4157;;;09/03/2021;;;;
24860898;TERRITOIRE;IRS - 24FO - FT2743 - RUE DES BLANES-VILAINS / FT2829 - RUE  BABEUF;;;SFR_COLL;DSP_MAJ_IRISE;;;OR21;OR1;OR21;CST;MCO;OK;22/07/2021;22/07/2021;C;OPT;C;DI;RF29;24;22;2;4;;5;329,2377;;;22/07/2021;;;;
16119090;TERRITOIRE;IRS - 36 FO - RUE HENRI BARBUSSE_ALL RICHARD BLOCH / FT 2050 - 84 HENRI BARBUSSE;;;SFR_COLL;DSP_MAJ_IRISE;;;OR21;OR1;OR21;CST;MCO;OK;11/10/2019;11/10/2019;C;OPT;C;TR;RF50;36;36;0;3;;4;644,4320;;;11/10/2019;;;;
4609790;TERRITOIRE;IRS - 144 AV GAMBETTA/CENTRE CULTUREL BAGNOLET;;;SFR_COLL;DSP_MAJ_IRISE;;;OR21;OR1;OR21;CST;MCO;OK;04/01/2006;04/01/2006;C;OPT;C;DI;RF14;12;8;4;2;;4;34,2921;;;04/01/2006;;;;
4613091;HORS TERRITOIRE;IRS-AV PIERRE BROSSOLETTE/POP SANOFI CHILLY;;;SFR_COLL;DSP_MAJ_IRISE;;;OR21;OR1;OR21;CST;MCO;OK;12/05/2006;12/05/2006;C;OPT;C;DI;RF14;12;10;2;2;;4;123,7954;;;12/05/2006;;;;
6293650;TERRITOIRE;IRS - 144FO - AV DESCARTES BPE2/COSMONAUTES_BOUQUIN - 2;;;SFR_COLL;DSP_MAJ_IRISE;;;OR21;OR1;OR21;CST;MCO;OK;12/06/2009;12/06/2009;C;OPT;C;LH;RF40;144;101;43;12;;4;106,5179;;;12/06/2009;;;;
8875907;HORS TERRITOIRE;144 FO - IRS RUE OBERKAMPF / TD_JOUY EN JOSAS N_3 PT;;;SFR_COLL;DSP_MAJ_IRISE;;;OR21;OR1;OR21;CST;MCO;OK;15/12/2014;15/12/2014;C;OPT;C;LH;RF36;144;142;2;12;;4;162,3366;;;15/12/2014;;;;
34023457;TERRITOIRE;IRS - 36 FO - 150 RUE DE STALINGRAD (BOBIGNY)/FT 802 - RUE STENDHAL (PANTIN);;;SFR_COLL;DSP_MAJ_IRISE;;;OR21;OR1;OR21;CST;MCO;OK;26/09/2022;26/09/2022;C;OPT;C;TR;RF50;36;36;0;3;;4;1454,4337;;;26/09/2022;;;;
4628027;TERRITOIRE;IRS - 144FO - N- 1 ENFANCE / N-1 MEDIATHEQUE CACHIN;;;SFR_COLL;DSP_MAJ_IRISE;;;OR21;OR1;OR21;CST;MCO;OK;09/06/2008;09/06/2008;C;OPT;C;LH;RF40;144;136;8;12;;4;182,7685;;;09/06/2008;;;;
4609921;TERRITOIRE;IRS - 48FO - METALLURGIE-SQUARE DIDEROT/MCI DATA CENTER SAINT DENIS - AC;;;SFR_COLL;DSP_MAJ_IRISE;;;OR21;OR1;OR21;CST;MCO;OK;28/12/2005;28/12/2005;C;OPT;C;TR;RF19;48;35;13;4;;4;397,2673;;;28/12/2005;;;;
4603245;TERRITOIRE;IRS - NANTERRE-MAGENTA/RUE AUGUSTE MOREAU;;;SFR_COLL;DSP_MAJ_IRISE;;;OR21;OR1;OR21;CST;MCO;OK;11/12/2003;11/12/2003;C;OPT;C;TR;RF16;72;70;2;6;;4;1043,6856;;;11/12/2003;;;;
4634531;TERRITOIRE;IRS - 24 FO L3T PASSERELLE ALFORTVILLE/POP SIAAP - AA;;;SFR_COLL;DSP_MAJ_IRISE;;;OR21;OR1;OR21;CST;MCO;OK;23/11/2010;23/11/2010;C;OPT;C;DI;RF15;24;22;2;4;;4;59,0762;;;23/11/2010;;;;
4617116;TERRITOIRE;IRS - 144FO - IRS - PERI - DISPENSAIRE  (Kremlin-Bicetre)/IRS - COUTURIER-VARLIN (VILLEJUIF);;;SFR_COLL;DSP_MAJ_IRISE;;;OR21;OR1;OR21;CST;MCO;OK;05/09/2011;05/09/2011;C;OPT;C;LH;RF40;144;135;9;12;;4;1939,7284;;;05/09/2011;;;;
4640470;TERRITOIRE;IRS - 36 FO - N-1 NOISY LE SEC/IRS-ANGLE BREMENT NEULLY;;;SFR_COLL;DSP_MAJ_IRISE;;;OR21;OR1;OR21;CST;MCO;OK;31/01/2012;31/01/2012;C;OPT;C;TR;RF42;36;34;2;6;;4;2072,3079;;;31/01/2012;;;;
4634497;TERRITOIRE;IRS - 72FO - UNION VINCENNES/FEDERATION;;;SFR_COLL;DSP_MAJ_IRISE;;;OR21;OR1;OR21;CST;MCO;OK;06/05/2010;06/05/2010;C;OPT;C;TR;RF16;72;72;0;6;;4;214,7478;;;06/05/2010;;;;
4641921;HORS TERRITOIRE;IRS - 72FO POSTE RTE HARCOURT/8 BD GALLIENI - AA;;;SFR_COLL;DSP_MAJ_IRISE;;;OR21;OR1;OR21;CST;MCO;OK;18/05/2012;18/05/2012;C;OPT;C;TR;RF16;72;70;2;6;;4;194,4288;;;18/05/2012;;;;
6864210;TERRITOIRE;IRS - 144FO - 5 AV DU CONSUL GENERAL NORDLING / RUE JULES VALLES;;;SFR_COLL;DSP_MAJ_IRISE;;;OR21;OR1;OR21;CST;MCO;OK;01/07/2013;01/07/2013;C;OPT;C;LH;RF22;144;140;4;12;;4;212,0776;;;01/07/2013;;;;
4610884;TERRITOIRE;IRS - 24FO - RUE PELLETAN / VIDEOSURVEILLANCE - AA;;;SFR_COLL;DSP_MAJ_IRISE;;;OR21;OR1;OR21;CST;MCO;OK;01/07/2008;01/07/2008;C;OPT;C;DI;RF15;24;22;2;4;;4;20,2485;;;01/07/2008;;;;
4611518;TERRITOIRE;IRS - 53 AV DE VERDUN/59 AV DE VERDUN ROMAINVILLE;;;SFR_COLL;DSP_MAJ_IRISE;;;OR21;OR1;OR21;CST;MCO;OK;03/11/2006;03/11/2006;C;OPT;C;TR;RF19;48;38;10;4;;4;93,7348;;;03/11/2006;;;;
4608591;TERRITOIRE;IRS - 12FO - RUE DE LA COUTURE BPE 1/GLASGOW 1;;;SFR_COLL;DSP_MAJ_IRISE;;;OR21;OR1;OR21;CST;MCO;OK;16/01/2006;16/01/2006;C;OPT;C;DI;RF14;12;8;4;2;;4;15,4804;;;16/01/2006;;;;
4604132;TERRITOIRE;IRS - SQUARE VERDUN/POP MAIRIE DE MALAKOFF;;;SFR_COLL;DSP_MAJ_IRISE;;;OR21;OR1;OR21;CST;MCO;OK;01/01/2002;01/01/2002;C;OPT;C;TR;RF42;36;27;9;6;;4;247,2907;;;01/01/2002;;;;
4599684;TERRITOIRE;IRS - 80 AV LE NOTRE/AV ALEMBAERT;;;SFR_COLL;DSP_MAJ_IRISE;;;OR21;OR1;OR21;CST;MCO;OK;28/10/2003;28/10/2003;C;OPT;C;LH;RF46;144;89;55;12;;100;341,1038;;;28/10/2003;;;;
5732690;HORS TERRITOIRE;IRS - ANGLE 2 GARES_GD TERRES/RUE AUGUSTE PERRET;;;SFR_COLL;DSP_MAJ_IRISE;;;OR21;OR1;OR21;CST;MCO;OK;22/04/2005;22/04/2005;C;OPT;C;TR;RF19;48;28;20;4;;4;470,1845;;;22/04/2005;;;;
4601471;TERRITOIRE;IRS - 48FO LGTS_B (D72'D73)/STADE_HAYETTE (E02);;;SFR_COLL;DSP_MAJ_IRISE;;;OR21;OR1;OR21;CST;MCO;OK;21/07/2009;21/07/2009;C;OPT;C;TR;RF19;48;46;2;4;;4;322,2861;;;21/07/2009;;;;
20239427;TERRITOIRE;IRS - 72 FO - BAG - N-1 BONDY SFR ADD1 - BPE 1 / BPE 2;;;SFR_COLL;DSP_MAJ_IRISE;;;OR21;OR1;OR21;CST;MCO;OK;21/09/2020;21/09/2020;C;OPT;C;TR;RF28;72;72;0;6;;4;153,2430;;;21/09/2020;;;;
22896737;TERRITOIRE;IRS - 12FO - FT 98 - 67 RUE CHARLES FREROT / JAURES-ST ELOI;;;SFR_COLL;DSP_MAJ_IRISE;;;OR21;OR1;OR21;CST;MCO;OK;26/03/2021;26/03/2021;C;OPT;C;DI;RF27;12;10;2;2;;5;219,8581;;;26/03/2021;;;;
4606443;HORS TERRITOIRE;IRS - 12FO - RUE VALERE COLAS/IUT ARGENTEUIL;;;SFR_COLL;DSP_MAJ_IRISE;;;OR21;OR1;OR21;CST;MCO;OK;09/12/2005;09/12/2005;C;OPT;C;DI;RF14;12;8;4;2;;4;13,6014;;;09/12/2005;;;;
4613102;HORS TERRITOIRE;IRS - 72FO - AV DE LA GARE MASSY/AV DE VERRIERES MASSY;;;SFR_COLL;DSP_MAJ_IRISE;;;OR21;OR1;OR21;CST;MCO;OK;15/05/2006;15/05/2006;C;OPT;C;TR;RF41;72;31;41;6;;5;94,6214;;;15/05/2006;;;;
7286609;TERRITOIRE;IRS - 72 FO - BAGUETTE BPE1/BPE2;;;SFR_COLL;DSP_MAJ_IRISE;;;OR21;OR1;OR21;CST;MCO;OK;11/09/2013;11/09/2013;C;OPT;C;TR;RF28;72;72;0;6;;4;0,6016;;;11/09/2013;;;;
4594518;TERRITOIRE;IRS - 12FO  - BOITIER EDM/PARC DES ANCIENNES MAIRIES NANTERRE;;;SFR_COLL;DSP_MAJ_IRISE;;;OR21;OR1;OR21;CST;MCO;OK;10/11/2004;10/11/2004;C;OPT;C;DI;RF14;12;10;2;2;;4;36,6488;;;10/11/2004;;;;
4625499;TERRITOIRE;IRS - 72FO - 33 RUE DES PEUPLIERS/RUE MARCEL DASSAULT;;;SFR_COLL;DSP_MAJ_IRISE;;;OR21;OR1;OR21;CST;MCO;OK;24/06/2008;24/06/2008;C;OPT;C;TR;RF16;72;68;4;6;;4;732,7397;;;24/06/2008;;;;
4633292;TERRITOIRE;IRS - 48FO CEN_GEOTH_CHEVILLY_LARUE (C01)/BRETAGNE (D29);;;SFR_COLL;DSP_MAJ_IRISE;;;OR21;OR1;OR21;CST;MCO;OK;20/07/2009;20/07/2009;C;OPT;C;TR;RF19;48;44;4;4;;4;627,1702;;;20/07/2009;;;;
6423890;HORS TERRITOIRE;IRS - 144FO - N-1 POP TYCO ELECTRONICS / R DE LA FALAISE-R DES BEAUX SOLEILS;;;SFR_COLL;DSP_MAJ_IRISE;;;OR21;OR1;OR21;CST;MCO;OK;22/05/2013;22/05/2013;C;OPT;C;LH;RF22;144;142;2;12;;4;530,3965;;;22/05/2013;;;;
4627979;TERRITOIRE;IRS - 288FO ILOT_E1 (D51)/OPAC_143_LGTS (D35);;;SFR_COLL;DSP_MAJ_IRISE;;;OR21;OR1;OR21;CST;MCO;OK;16/07/2009;16/07/2009;C;OPT;C;LH;RF135;288;276;12;24;;36;54,8032;;;16/07/2009;;;;
19830757;TERRITOIRE;IRISE - 12 FO - BPI LE LAVOIR /  POP LE LAVOIR NUMERIQUE GENTILLY -AA;;;SFR_COLL;DSP_MAJ_IRISE;;;OR21;OR1;OR21;CST;MCO;OK;24/08/2020;24/08/2020;C;OPT;C;DI;RF27;12;10;2;2;;5;13,8586;;;24/08/2020;;;;
7786149;TERRITOIRE;IRS - 72FO - BAG - RUE DU LIEUTENANT BATANY - BPE1 / BPE2;;;SFR_COLL;DSP_MAJ_IRISE;;;OR21;OR1;OR21;CST;MCO;OK;05/02/2014;05/02/2014;C;OPT;C;TR;RF28;72;71;1;6;;4;0,7452;;;05/02/2014;;;;
4608505;TERRITOIRE;IRS - 12FO - PE IMMEUBLE IENA/MONACO;;;SFR_COLL;DSP_MAJ_IRISE;;;OR21;OR1;OR21;CST;MCO;OK;17/01/2006;17/01/2006;C;OPT;C;DI;RF14;12;10;2;2;;4;131,3062;;;17/01/2006;;;;
4606183;HORS TERRITOIRE;IRS - BD D'OSNY/GENOTTES-PAIX;;;SFR_COLL;DSP_MAJ_IRISE;;;OR21;OR1;OR21;CST;MCO;OK;26/08/2004;26/08/2004;C;OPT;C;LH;RF40;144;105;39;12;;4;999,2361;;;26/08/2004;;;;
11656072;HORS TERRITOIRE;IRS - 36 FO - BI IRS / POP SFIL DEXIA - BA;;;SFR_COLL;DSP_MAJ_IRISE;;;OR21;OR1;OR21;CST;MCO;OK;28/07/2017;28/07/2017;C;OPT;C;TR;RF26;36;36;0;6;;4;0,8326;;;28/07/2017;;;;
25365868;TERRITOIRE;12 FO - IRS - N-1 CRECHE MAISON BLEU CHEVILLY LA RUE BPE 1  / POP CRECHE MAISON BLEUE CHEVILLY LARUE;;;SFR_COLL;DSP_MAJ_IRISE;;;OR21;OR1;OR21;CST;MCO;OK;24/08/2021;24/08/2021;C;OPT;C;DI;RF27;12;10;2;2;;5;25,4546;;;24/08/2021;;;;
11617303;TERRITOIRE;IRS - 12FO - TOUR VENDOME - AB;;;SFR_COLL;DSP_MAJ_IRISE;;;OR21;OR1;OR21;CST;MCO;OK;21/07/2017;21/07/2017;C;OPT;C;DI;RF45;12;12;0;2;;4;0,1344;;;21/07/2017;;;;
4607252;TERRITOIRE;IRS - 9 RUE DE PARIS/MAISON JAUNE;;;SFR_COLL;DSP_MAJ_IRISE;;;OR21;OR1;OR21;CST;MCO;OK;21/03/2005;21/03/2005;C;OPT;C;DI;RF14;12;4;8;2;;4;68,0929;;;21/03/2005;;;;
4601467;TERRITOIRE;IRS - 48FO GS_PASTEUR (D47)/RESID_CROIX_DU_SUD (A04);;;SFR_COLL;DSP_MAJ_IRISE;;;OR21;OR1;OR21;CST;MCO;OK;21/07/2009;21/07/2009;C;OPT;C;TR;RF19;48;42;6;4;;4;211,5732;;;21/07/2009;;;;
22081713;TERRITOIRE;IRS - 12FO - IRS -  AV DU GENERAL LECLERC (BOURG LA REINE) / POP ECOLE NATIONALE DE MUSIQUE ET DANSE;;;SFR_COLL;DSP_MAJ_IRISE;;;OR21;OR1;OR21;CST;MCO;OK;30/01/2021;30/01/2021;C;OPT;C;DI;RF27;12;10;2;2;;5;189,4876;;;30/01/2021;;;;
4636197;TERRITOIRE;IRS - 72FO - 302 AV VAILLANT COUTURIER/N-1 PARKING ETIENNE ORVES;;;SFR_COLL;DSP_MAJ_IRISE;;;OR21;OR1;OR21;CST;MCO;OK;31/01/2011;31/01/2011;C;OPT;C;TR;RF16;72;63;9;6;;4;792,2925;;;31/01/2011;;;;
4631456;TERRITOIRE;IRS - 24FO BI/POP SORBIERS_BAT_E&D&G (EXX EDG);;;SFR_COLL;DSP_MAJ_IRISE;;;OR21;OR1;OR21;CST;MCO;OK;24/07/2009;24/07/2009;C;OPT;C;DI;RF15;24;20;4;4;;4;17,2047;;;24/07/2009;;;;
4631942;TERRITOIRE;IRS - 144FO - AV DESCARTES BPE1/AV DESCARTES BPE2;;;SFR_COLL;DSP_MAJ_IRISE;;;OR21;OR1;OR21;CST;MCO;OK;12/06/2009;12/06/2009;C;OPT;C;LH;RF40;144;101;43;12;;4;140,6652;;;12/06/2009;;;;
4631830;TERRITOIRE;IRS - 144FO - PLACE VERDUN/SALENGRO-DAMOUS;;;SFR_COLL;DSP_MAJ_IRISE;;;OR21;OR1;OR21;CST;MCO;OK;24/11/2009;24/11/2009;C;OPT;C;LH;RF40;144;77;67;12;;4;859,6947;;;24/11/2009;;;;
17194946;TERRITOIRE;IRS - 36 FO - FT 1728 - 49 AV DU DR PAUL CASALIS / FT 1002 - 20 RUE DU DR PINEL CRETEIL;;;SFR_COLL;DSP_MAJ_IRISE;;;OR21;OR1;OR21;CST;MCO;OK;27/01/2020;27/01/2020;C;OPT;C;TR;RF50;36;36;0;6;;4;906,4404;;;27/01/2020;;;;
11655154;TERRITOIRE;IRS - BPE1 ESSEN/BPE2 ESSEN;;;SFR_COLL;DSP_MAJ_IRISE;;;OR21;OR1;OR21;CST;MCO;OK;28/07/2017;28/07/2017;C;OPT;C;TR;RF47;48;44;4;4;;4;2,0243;;;28/07/2017;;;;
4611157;TERRITOIRE;IRS - 24FO - N-1/CEPHALON A;;;SFR_COLL;DSP_MAJ_IRISE;;;OR21;OR1;OR21;CST;MCO;OK;16/02/2007;16/02/2007;C;OPT;C;DI;RF15;24;22;2;4;;4;54,9360;;;16/02/2007;;;;
4634015;TERRITOIRE;IRS - 48FO LD - ANGLE AV LIBERTE_RUE MONTESQUIEU/RUE MONTESQUIEU-2;;;SFR_COLL;DSP_MAJ_IRISE;;;OR21;OR1;OR21;CST;MCO;OK;15/03/2010;15/03/2010;C;OPT;C;TR;RF19;48;40;8;4;;4;96,8011;;;15/03/2010;;;;
4640614;TERRITOIRE;IRS - 24 FO - N-1/ POP LA DOCUMENTATION AUBERVILLIER;;;SFR_COLL;DSP_MAJ_IRISE;;;OR21;OR1;OR21;CST;MCO;OK;24/04/2012;24/04/2012;C;OPT;C;DI;RF15;24;22;2;4;;4;18,1147;;;24/04/2012;;;;
4601477;TERRITOIRE;IRS - 48FO POLYATHAS (D94)/AUDITORIUM (D76);;;SFR_COLL;DSP_MAJ_IRISE;;;OR21;OR1;OR21;CST;MCO;OK;21/07/2009;21/07/2009;C;OPT;C;TR;RF19;48;46;2;4;;4;192,3283;;;21/07/2009;;;;
22543218;TERRITOIRE;IRISE - 12FO - N-1 HOTEL DE VILLE / POP HOTEL DE VILLE LES LILAS;;;SFR_COLL;DSP_MAJ_IRISE;;;OR21;OR1;OR21;CST;MCO;OK;03/03/2021;03/03/2021;C;OPT;C;DI;RF27;12;1;11;2;;5;51,3862;;;03/03/2021;;;;
36746977;TERRITOIRE;IRS - 12FO - FT813 -  CH SAT SECURISEE CAM18 / POP CAMERA 18 LES PAVILLONS SOUS BOIS - AA;;;SFR_COLL;DSP_MAJ_IRISE;;;OR21;OR1;OR21;CST;MCO;OK;15/02/2023;15/02/2023;C;OPT;C;DI;RF27;12;10;2;2;;5;2,3085;;;15/02/2023;;;;
4623925;HORS TERRITOIRE;IRS - 144FO - BD DE L'OISE/FT 2823 BD DE L'OISE;;;SFR_COLL;DSP_MAJ_IRISE;;;OR21;OR1;OR21;CST;MCO;OK;19/07/2012;19/07/2012;C;OPT;C;LH;RF40;144;140;4;12;;4;540,5843;;;19/07/2012;;;;
4604216;HORS TERRITOIRE;IRS - ANGLE ROND POINT SCHUMAN/L3T LIVRAISON NUMERICABLE;;;SFR_COLL;DSP_MAJ_IRISE;;;OR21;OR1;OR21;CST;MCO;OK;08/04/2002;08/04/2002;C;OPT;C;TR;RF42;36;13;23;6;;4;461,2798;;;08/04/2002;;;;
20288481;TERRITOIRE;IRS - 144 FO - FT2110 - 29 BD DU CH?ÈTEAU / FT2322 - 35 RUE DU PLESSIS TREVISE;;;SFR_COLL;DSP_MAJ_IRISE;;;OR21;OR1;OR21;CST;MCO;OK;23/09/2020;23/09/2020;C;OPT;C;LH;RF22;144;144;0;12;;4;780,1298;;;23/09/2020;;;;
4606740;TERRITOIRE;IRS - RUE DE LA MONTJOIE/LT AB PROD -AA;;;SFR_COLL;DSP_MAJ_IRISE;;;OR21;OR1;OR21;CST;MCO;OK;25/05/2005;25/05/2005;C;OPT;C;DI;RF160;12;8;4;1;;5;555,4452;;;25/05/2005;;;;
8945329;HORS TERRITOIRE;IRS- 48FO - N-1 POP DGME LOGNES/RUE GABRIEL (LOGNES);;;SFR_COLL;DSP_MAJ_IRISE;;;OR21;OR1;OR21;CST;MCO;OK;26/01/2015;26/01/2015;C;OPT;C;TR;RF47;48;47;1;4;;4;23,7797;;;26/01/2015;;;;
4627547;TERRITOIRE;IRS - N-1 MEDIATHEQUE ST OUEN/RUE LAFARGE ST OUEN;;;SFR_COLL;DSP_MAJ_IRISE;;;OR21;OR1;OR21;CST;MCO;OK;02/07/2008;02/07/2008;C;OPT;C;TR;RF19;48;44;4;4;;4;275,3276;;;02/07/2008;;;;
8846178;TERRITOIRE;IRS - 144 FO - LD - RUE DES MEUNIERS-LOUIS PASTEURS (BAGNEUX) / RD POINT DES MARTYRS DE CHATEAUBRIANT(BAGNEUX);;;SFR_COLL;DSP_MAJ_IRISE;;;OR21;OR1;OR21;CST;MCO;OK;22/05/2014;22/05/2014;C;OPT;C;LH;RF22;144;136;8;12;;4;598,9632;;;22/05/2014;;;;
6004374;HORS TERRITOIRE;IRS - 72FO - FT791 RUE DES BEAUX SOLEILS/980 ANGLE BEAUX SOLEILS BD DES MERITES;;;SFR_COLL;DSP_MAJ_IRISE;;;OR21;OR1;OR21;CST;MCO;OK;28/03/2013;28/03/2013;C;OPT;C;TR;RF28;72;70;2;6;;4;352,5655;;;28/03/2013;;;;
17328050;TERRITOIRE;36 FO - IRS - FT 1275 229 RUE LA FONTAINE / IRS - FT 1246 5 AVENUE CHARLES GARCIA;;;SFR_COLL;DSP_MAJ_IRISE;;;OR21;OR1;OR21;CST;MCO;OK;07/02/2020;07/02/2020;C;OPT;C;TR;RF50;36;36;0;3;;4;673,0090;;;07/02/2020;;;;
8198422;TERRITOIRE;IRS - 144 FO - LD - SARRAZINE-FRERES LUMIERE (BAGNEUX) / 5 RUE DES TERTRES (BAGNEUX);;;SFR_COLL;DSP_MAJ_IRISE;;;OR21;OR1;OR21;CST;MCO;OK;22/05/2014;22/05/2014;C;OPT;C;LH;RF22;144;141;3;12;;4;533,9783;;;22/05/2014;;;;
4613971;TERRITOIRE;IRS - 12FO - N-1 CTM BONNEUIL/CTM BONNEUIL;;;SFR_COLL;DSP_MAJ_IRISE;;;OR21;OR1;OR21;CST;MCO;OK;03/12/2007;03/12/2007;C;OPT;C;DI;RF38;12;6;6;1;;4;131,2563;;;03/12/2007;;;;
14842913;TERRITOIRE;IRS - 144 FO - FT 518 - 117 AVENUE HENRI BARBUSSE DRANCY / FT 947 - 120 RUE AMBROISE CROIZAT;;;SFR_COLL;DSP_MAJ_IRISE;;;OR21;OR1;OR21;CST;MCO;OK;20/05/2019;20/05/2019;C;OPT;C;LH;RF22;144;144;0;12;;4;845,4818;;;20/05/2019;;;;
4632365;TERRITOIRE;IRS - 24FO - BI/POP CHAUFFERIE_STADE (A08);;;SFR_COLL;DSP_MAJ_IRISE;;;OR21;OR1;OR21;CST;MCO;OK;22/07/2009;22/07/2009;C;OPT;C;DI;RF15;24;22;2;4;;4;22,8477;;;22/07/2009;;;;
16702825;TERRITOIRE;IRS - 144FO - FT 1705 - 77 RUE LAVOISIER / N-1 MAIRIE DE ROSNY;;;SFR_COLL;DSP_MAJ_IRISE;;;OR21;OR1;OR21;CST;MCO;OK;06/12/2019;06/12/2019;C;OPT;C;LH;RF22;144;144;0;12;;4;1557,0279;;;06/12/2019;;;;
43805218;TERRITOIRE;IRS - 72 FO -  FT2365 - 7 RUE LEO BOURGEOIS / 160 AVENUE HENRI BARBUSSE;;;SFR_COLL;DSP_MAJ_IRISE;;;OR21;OR1;OR21;CST;MCO;OK;26/09/2022;26/09/2022;C;OPT;C;TR;RF28;72;72;0;6;;4;369,6182;;;26/09/2022;;;;
19349270;TERRITOIRE;IRS - 72 FO - IRS - FT 761 - 169 AVENUE PAUL VAILLANT COUTURIER  / IRS - RUE ETIENNE DOLET BPE 2;;;SFR_COLL;DSP_MAJ_IRISE;;;OR21;OR1;OR21;CST;MCO;OK;21/07/2020;21/07/2020;C;OPT;C;TR;RF28;72;72;0;6;;4;2188,7529;;;21/07/2020;;;;
38845225;TERRITOIRE;IRS - RN3-PASTEUR/RN3 GARDE CHASSE;;;SFR_COLL;DSP_MAJ_IRISE;;;OR21;OR1;OR21;CST;MCO;OK;24/06/2005;24/06/2005;C;OPT;C;TR;RF16;72;31;41;6;;4;1092,3831;;;24/06/2005;;;;
19913009;HORS TERRITOIRE;12 FO - IRISE - FT - BOULEVARD DE BISHOP'S STORTFORD / POP ECOLE CHARLES PEGUY VILLIERS SUR MARNE - AA;;;SFR_COLL;DSP_MAJ_IRISE;;;OR21;OR1;OR21;CST;MCO;OK;31/08/2020;31/08/2020;C;OPT;C;DI;RF27;12;6;6;2;;5;23,8565;;;31/08/2020;;;;
17300839;TERRITOIRE;IRS - 36 FO - ANGLE MAUCONSEIL  NOTRE DAME / IRS - FT- 858 - 21 RUE LOUIS XAVIER DE RICARD (FONTENAY-SOUS-BOIS);;;SFR_COLL;DSP_MAJ_IRISE;;;OR21;OR1;OR21;CST;MCO;OK;06/02/2020;06/02/2020;C;OPT;C;TR;RF50;36;36;0;3;;4;640,4520;;;06/02/2020;;;;
4632349;TERRITOIRE;IRS - 24FO - BI/POP CHAUFFERIE_LA_SAUSSAIE (A05);;;SFR_COLL;DSP_MAJ_IRISE;;;OR21;OR1;OR21;CST;MCO;OK;22/07/2009;22/07/2009;C;OPT;C;DI;RF15;24;20;4;4;;4;18,1109;;;22/07/2009;;;;
4614090;TERRITOIRE;IRS - N-1 POP TI VITRY PATTE OUEST/POP TI VITRY;;;SFR_COLL;DSP_MAJ_IRISE;;;OR21;OR1;OR21;CST;MCO;OK;21/11/2007;21/11/2007;C;OPT;C;TR;RF16;72;68;4;6;;4;49,9658;;;21/11/2007;;;;
5659105;TERRITOIRE;IRS - AV DU GENERAL LECLERC / POP MAIRIE DE PANTIN - AC;;;SFR_COLL;DSP_MAJ_IRISE;;;OR21;OR1;OR21;CST;MCO;OK;11/02/2013;11/02/2013;C;OPT;C;TR;RF26;36;34;2;6;;4;22,5611;;;11/02/2013;;;;
4633305;TERRITOIRE;IRS - 144FO SECHOIR_AUX_CORNETTES (D90)/TOURNELLES_3 (D44);;;SFR_COLL;DSP_MAJ_IRISE;;;OR21;OR1;OR21;CST;MCO;OK;20/07/2009;20/07/2009;C;OPT;C;LH;RF40;144;140;4;12;;4;330,8205;;;20/07/2009;;;;
11030145;TERRITOIRE;IRS - 144 FO - BD VOLTAIRE/IRS BI ADD1 163 QUAI DOCTEUR DERVEAUX(ASNIERES SUR SEINE);;;SFR_COLL;DSP_MAJ_IRISE;;;OR21;OR1;OR21;CST;MCO;OK;18/04/2013;18/04/2013;C;OPT;C;LH;RF22;144;144;0;12;;4;132,5732;;;18/04/2013;;;;
7259813;HORS TERRITOIRE;IRS - 144FO - FT 954 - AVENUE DES BELLEVUES / ROUTE DE PARIS;;;SFR_COLL;DSP_MAJ_IRISE;;;OR21;OR1;OR21;CST;MCO;OK;04/09/2013;04/09/2013;C;OPT;C;LH;RF22;144;135;9;12;;4;585,5652;;;04/09/2013;;;;
4637953;TERRITOIRE;IRS - 48FO - N-1 VALEO/N-1 LE PRADO;;;SFR_COLL;DSP_MAJ_IRISE;;;OR21;OR1;OR21;CST;MCO;OK;01/12/2011;01/12/2011;C;OPT;C;TR;RF19;48;46;2;4;;4;364,3009;;;01/12/2011;;;;
4604876;HORS TERRITOIRE;IRS - CENTAURE/BD DE L''OISE-VIOSNE;;;SFR_COLL;DSP_MAJ_IRISE;;;OR21;OR1;OR21;CST;MCO;OK;26/08/2004;26/08/2004;C;OPT;C;LH;RF40;144;44;100;12;;4;1554,9183;;;26/08/2004;;;;
32649068;TERRITOIRE;24 FO - POP ECOLE DAUBIE LES PAVILLONS SOUS BOIS / POP CONSERVATOIRE MUNICIPAL BERLIOZ LES PAVILLONS SOUS BOIS;;;SFR_COLL;DSP_MAJ_IRISE;;;OR21;OR1;OR21;CST;MCO;OK;11/07/2022;11/07/2022;C;OPT;C;DI;RF29;24;22;2;4;;5;712,5295;;;11/07/2022;;;;
4606945;TERRITOIRE;IRS -101 AV PV COUTURIER/COUTURIER-VARLIN/LL;;;SFR_COLL;DSP_MAJ_IRISE;;;OR21;OR1;OR21;CST;MCO;OK;08/04/2005;08/04/2005;C;OPT;C;TR;RF43;48;14;34;6;;183;572,0537;;;08/04/2005;;;;
5935889;HORS TERRITOIRE;IRS - 36 FO - N-1 PONT D'ARGENTEUIL/BI 10 RUE DE LA LIBERTE;;;SFR_COLL;DSP_MAJ_IRISE;;;OR21;OR1;OR21;CST;MCO;OK;15/02/2012;15/02/2012;C;OPT;C;TR;RF42;36;32;4;6;;4;2,7875;;;15/02/2012;;;;
4609279;TERRITOIRE;IRS - 48FO - PERI-CHAMPEAUD/RUE DU CAVEAU MONTROUGE;;;SFR_COLL;DSP_MAJ_IRISE;;;OR21;OR1;OR21;CST;MCO;OK;18/01/2006;18/01/2006;C;OPT;C;TR;RF19;48;44;4;4;;4;403,8003;;;18/01/2006;;;;
4642442;HORS TERRITOIRE;IRS - 36FO - N-1 27 RUE DE LA REPUBLIQUE/BI 27 RUE DE LA REPUBLIQUE (VILLIERS SUR MARNE);;;SFR_COLL;DSP_MAJ_IRISE;;;OR21;OR1;OR21;CST;MCO;OK;09/02/2012;09/02/2012;C;OPT;C;TR;RF42;36;32;4;6;;4;13,1083;;;09/02/2012;;;;
4594128;TERRITOIRE;IRS - 144FO - 247 BD JEAN JAURES/2 RUE DU HAMEAU FLEUR;;;SFR_COLL;DSP_MAJ_IRISE;;;OR21;OR1;OR21;CST;MCO;OK;19/01/2004;19/01/2004;C;OPT;C;LH;RF56;144;82;62;12;;4;415,5192;;;19/01/2004;;;;
8180226;TERRITOIRE;IRS - 144FO - FT 297 RUE DE ROSNY / THEOPHILE SUEUR_DR CHARCOT;;;SFR_COLL;DSP_MAJ_IRISE;;;OR21;OR1;OR21;CST;MCO;OK;19/05/2014;19/05/2014;C;OPT;C;LH;RF22;144;142;2;12;;4;406,0671;;;19/05/2014;;;;
4609550;TERRITOIRE;IRS - 72FO - ANGLE PARIS_FAYS/ANGLE PARIS_GAMBETTA;;;SFR_COLL;DSP_MAJ_IRISE;;;OR21;OR1;OR21;CST;MCO;OK;03/01/2008;03/01/2008;C;OPT;C;TR;RF16;72;59;13;6;;4;346,6284;;;03/01/2008;;;;
4624051;TERRITOIRE;IRS - 144FO ANGLE AV CLEMENCEAU - FELIX FAURE / 52 ROUTE DES FUSILLES DE LA RESISTANCE;;;SFR_COLL;DSP_MAJ_IRISE;;;OR21;OR1;OR21;CST;MCO;OK;05/04/2011;05/04/2011;C;OPT;C;LH;RF40;144;133;11;12;;4;941,6954;;;05/04/2011;;;;
32190177;TERRITOIRE;IRS - 36 FO - 12 AV DE LA REPUBLIQUE ( IVRY-SUR-SEINE ) / FT 938 - RUE DES CARRIERES;;;SFR_COLL;DSP_MAJ_IRISE;;;OR21;OR1;OR21;CST;MCO;OK;17/06/2022;17/06/2022;C;OPT;C;TR;RF50;36;36;0;3;;4;1177,9245;;;17/06/2022;;;;
4608147;TERRITOIRE;IRS - AV DE LA REPUBLIQUE-BOILEAU/REPUBLIQUE MARX DORMOY MONTROUGE;;;SFR_COLL;DSP_MAJ_IRISE;;;OR21;OR1;OR21;CST;MCO;OK;17/11/2005;17/11/2005;C;OPT;C;TR;RF19;48;44;4;4;;4;318,8935;;;17/11/2005;;;;
11106580;TERRITOIRE;IRS - 144FO - IRS-BI 88 AV GENERAL DE GAULLE/IRS-BI AV GENERAL LECLERC;;;SFR_COLL;DSP_MAJ_IRISE;;;OR21;OR1;OR21;CST;MCO;OK;29/01/2014;29/01/2014;C;OPT;C;LH;RF22;144;140;4;12;;4;178,0320;;;29/01/2014;;;;
11656074;TERRITOIRE;IRS - 12FO - IRS-BI 54 RUE ARCUEIL / POP RUNGIS AMSTERDAM - AA;;;SFR_COLL;DSP_MAJ_IRISE;;;OR21;OR1;OR21;CST;MCO;OK;28/07/2017;28/07/2017;C;OPT;C;DI;RF65;12;8;4;2;;4;0,3657;;;28/07/2017;;;;
4636778;TERRITOIRE;IRS - 24FO - MAIRIE DE CACHAN/HOTEL DES POSTES CACHAN;;;SFR_COLL;DSP_MAJ_IRISE;;;OR21;OR1;OR21;CST;MCO;OK;18/11/2010;18/11/2010;C;OPT;C;DI;RF67;24;20;4;2;;5;95,7646;;;18/11/2010;;;;
5194483;TERRITOIRE;IRS - 72FO - GABRIEL PERI-11NOVEMBRE/RUE DU 11 NOVEMBRE MONTROUGE;;;SFR_COLL;DSP_MAJ_IRISE;;;OR21;OR1;OR21;CST;MCO;OK;13/12/2012;13/12/2012;C;OPT;C;TR;RF28;72;68;4;6;;4;146,3203;;;13/12/2012;;;;
4606567;TERRITOIRE;IRS - MARCEL VIGNERON/PAUL DOUMER;;;SFR_COLL;DSP_MAJ_IRISE;;;OR21;OR1;OR21;CST;MCO;OK;11/12/2003;11/12/2003;C;OPT;C;TR;RF43;48;23;25;6;;183;904,8216;;;11/12/2003;;;;
22081718;TERRITOIRE;IRS - 12FO - BPE FT 1261 / BPE FT 1239;;;SFR_COLL;DSP_MAJ_IRISE;;;OR21;OR1;OR21;CST;MCO;OK;15/09/2020;15/09/2020;C;OPT;C;DI;RF27;12;8;4;2;;5;301,1726;;;15/09/2020;;;;
4617114;TERRITOIRE;IRS - 72FO  QUAI STALINGRAD-BD DES ILES/IRS - BATANY-ESTIENNE D ORVES;;;SFR_COLL;DSP_MAJ_IRISE;;;OR21;OR1;OR21;CST;MCO;OK;22/04/2009;22/04/2009;C;OPT;C;TR;RF16;72;11;61;6;;4;922,7756;;;22/04/2009;;;;
4598936;TERRITOIRE;IRS - 48FO - ROUTE DE ST LEU/172 AV DIVISION LECLERC;;;SFR_COLL;DSP_MAJ_IRISE;;;OR21;OR1;OR21;CST;MCO;OK;02/05/2003;02/05/2003;C;OPT;C;TR;RF12;48;32;16;6;;5;853,3927;;;02/05/2003;;;;
4599501;TERRITOIRE;IRS - 48FO - AVENUE KARL MARX/ANGLE AV S ALLENDE-K MARX;;;SFR_COLL;DSP_MAJ_IRISE;;;OR21;OR1;OR21;CST;MCO;OK;01/09/2008;01/09/2008;C;OPT;C;TR;RF19;48;32;16;4;;4;112,9762;;;01/09/2008;;;;
4638166;TERRITOIRE;IRS - 144 FO - ST DENIS UNIVERSITE / PLACE DE LA GARE;;;SFR_COLL;DSP_MAJ_IRISE;;;OR21;OR1;OR21;CST;MCO;OK;06/05/2011;06/05/2011;C;OPT;C;LH;RF40;144;43;101;12;;4;1224,5312;;;06/05/2011;;;;
36843303;TERRITOIRE;IRS - 24FO - N-1 MAIRIE_FT BPE2 / CH SAT SECURISEE CAM35_FT680;;;SFR_COLL;DSP_MAJ_IRISE;;;OR21;OR1;OR21;CST;MCO;OK;21/02/2023;21/02/2023;C;OPT;C;DI;RF29;24;22;2;4;;5;317,6855;;;21/02/2023;;;;
4634287;TERRITOIRE;IRS - 48FO - N-1 SEMECO/POP SEMECO PARKING DE LA FERME BOGIGNY - AA;;;SFR_COLL;DSP_MAJ_IRISE;;;OR21;OR1;OR21;CST;MCO;OK;16/02/2010;16/02/2010;C;OPT;C;TR;RF19;48;46;2;4;;4;29,1204;;;16/02/2010;;;;
4635561;TERRITOIRE;IRS - 24FO N-1/POP OVERLAP - IA;;;SFR_COLL;DSP_MAJ_IRISE;;;OR21;OR1;OR21;CST;MCO;OK;29/09/2010;29/09/2010;C;OPT;C;DI;RF15;24;22;2;4;;4;41,6895;;;29/09/2010;;;;
6365012;HORS TERRITOIRE;IRS - 144FO - PT2 AVENUE REDOUANE BOUGARA (PONTOISE) / PT1 AVENUE REDOUANE BOUGARA (PONTOISE);;;SFR_COLL;DSP_MAJ_IRISE;;;OR21;OR1;OR21;CST;MCO;OK;14/05/2013;14/05/2013;C;OPT;C;LH;RF22;144;141;3;12;;4;469,7492;;;14/05/2013;;;;
4632269;TERRITOIRE;IRS - 24FO - BI/POP FFF_123_LGTS (D50);;;SFR_COLL;DSP_MAJ_IRISE;;;OR21;OR1;OR21;CST;MCO;OK;22/07/2009;22/07/2009;C;OPT;C;DI;RF15;24;22;2;4;;4;174,5646;;;22/07/2009;;;;
4614587;TERRITOIRE;IRS - 72FO - RFF - PK12430/PK 14377 VIROFLAY;;;SFR_COLL;DSP_MAJ_IRISE;;;OR21;OR1;OR21;CST;MCO;OK;13/03/2007;13/03/2007;C;OPT;C;TR;RF23;72;31;41;6;;145;1910,7536;;;13/03/2007;;;;
4606113;TERRITOIRE;IRS - 107 RUE MAURICE ARNOUX/RUE MAURICE ARNOUX-GUESDES MONTROUGE;;;SFR_COLL;DSP_MAJ_IRISE;;;OR21;OR1;OR21;CST;MCO;OK;17/11/2005;17/11/2005;C;OPT;C;TR;RF19;48;42;6;4;;4;218,3801;;;17/11/2005;;;;
4597457;TERRITOIRE;IRS - 72FO - RD PT DOMUS/RUE DU PROGRES-RUE DE NEUILLY NOISY LE SEC;;;SFR_COLL;DSP_MAJ_IRISE;;;OR21;OR1;OR21;CST;MCO;OK;05/09/2006;05/09/2006;C;OPT;C;TR;RF16;72;57;15;6;;4;595,8534;;;05/09/2006;;;;
22997875;HORS TERRITOIRE;IRS - 12FO - FT 379 - ROUTE DE BRY - RUE ADRIEN MENTIENNE - BPE 2 / POP C03 ANGLE BD DE F ET AV NM VILLIERS SUR MARNE - AA;;;SFR_COLL;DSP_MAJ_IRISE;;;OR21;OR1;OR21;CST;MCO;OK;02/04/2021;02/04/2021;C;OPT;C;DI;RF27;12;10;2;2;;5;331,1818;;;02/04/2021;;;;
4609817;TERRITOIRE;IRS - 48FO - PASTEUR PANTIN/GAMBETTA PASTEUR BAGNOLET;;;SFR_COLL;DSP_MAJ_IRISE;;;OR21;OR1;OR21;CST;MCO;OK;04/01/2006;04/01/2006;C;OPT;C;TR;RF19;48;15;33;4;;4;45,4037;;;04/01/2006;;;;
4611345;TERRITOIRE;IRS - 144FO ECLUSE (D10)/CRECHE_PMI (D56);;;SFR_COLL;DSP_MAJ_IRISE;;;OR21;OR1;OR21;CST;MCO;OK;17/07/2009;17/07/2009;C;OPT;C;LH;RF40;144;140;4;12;;4;387,0268;;;17/07/2009;;;;
8061443;HORS TERRITOIRE;IRS - 36 FO - LD - ANGLE BD DE LA PAIX - BD D'OSNY / POP ABB OSNY (CERGY) - AA;;;SFR_COLL;DSP_MAJ_IRISE;;;OR21;OR1;OR21;CST;MCO;OK;10/04/2014;10/04/2014;C;OPT;C;TR;RF26;36;32;4;6;;4;124,3719;;;10/04/2014;;;;
15501489;TERRITOIRE;IRISE - 24 FO - N-1 POP FETES ET CEREMONIES / POP FETES ET CEREMONIES - AA;;;SFR_COLL;DSP_MAJ_IRISE;;;OR21;OR1;OR21;CST;MCO;OK;06/08/2019;06/08/2019;C;OPT;C;DI;RF29;24;19;5;4;;5;6,4961;;;06/08/2019;;;;
4641127;HORS TERRITOIRE;IRS - 72 FO - PLACE DE L'EUROPE / RUE AUGUSTE PERRET;;;SFR_COLL;DSP_MAJ_IRISE;;;OR21;OR1;OR21;CST;MCO;OK;27/04/2012;27/04/2012;C;OPT;C;TR;RF16;72;71;1;6;;4;105,1088;;;27/04/2012;;;;
4607289;TERRITOIRE;IRS - 24 FO - 23 RUE SALENGRO (N-1 MAIRIE)/MAIRIE DE VILLETANEUSE - AB;;;SFR_COLL;DSP_MAJ_IRISE;;;OR21;OR1;OR21;CST;MCO;OK;08/12/2009;08/12/2009;C;OPT;C;DI;RF15;24;22;2;4;;4;147,4085;;;08/12/2009;;;;
19839393;TERRITOIRE;IRS - 36FO - FT 151 - 4 RUE LENINE / N-1 MAIRIE ILE ST DENIS;;;SFR_COLL;DSP_MAJ_IRISE;;;OR21;OR1;OR21;CST;MCO;OK;25/08/2020;25/08/2020;C;OPT;C;TR;RF50;36;36;0;3;;4;658,4221;;;25/08/2020;;;;
4628031;TERRITOIRE;IRS - 144FO - RUE CACHIN / GS CHARCOT;;;SFR_COLL;DSP_MAJ_IRISE;;;OR21;OR1;OR21;CST;MCO;OK;09/06/2008;09/06/2008;C;OPT;C;LH;RF40;144;132;12;12;;4;697,2615;;;09/06/2008;;;;
4608637;HORS TERRITOIRE;IRS - RUE DES HAUTS CHATEAUX/ALLE JEAN RENOIR;;;SFR_COLL;DSP_MAJ_IRISE;;;OR21;OR1;OR21;CST;MCO;OK;20/05/2005;20/05/2005;C;OPT;C;TR;RF19;48;46;2;4;;4;296,1372;;;20/05/2005;;;;
13882390;HORS TERRITOIRE;24FO - FT1248 - 12 AVENUE HENRI DUNANT / FT594 - ANGLE AV ANDRE ROUY- AV DE L'EUROPE;;;SFR_COLL;DSP_MAJ_IRISE;;;OR21;OR1;OR21;CST;MCO;OK;24/12/2018;24/12/2018;C;OPT;C;DI;RF29;24;16;8;4;;5;841,3843;;;24/12/2018;;;;
4630966;TERRITOIRE;IRS - 24FO BI/POP RCE_COCHETTES (GXY);;;SFR_COLL;DSP_MAJ_IRISE;;;OR21;OR1;OR21;CST;MCO;OK;27/07/2009;27/07/2009;C;OPT;C;DI;RF15;24;20;4;4;;4;24,7386;;;27/07/2009;;;;
19302129;TERRITOIRE;IRS - 36 FO - COSMONAUTES_BOUQUIN LE BLANC-MESNIL / FT 212 - 129 AVENUE ARISTIDE BRIAND;;;SFR_COLL;DSP_MAJ_IRISE;;;OR21;OR1;OR21;CST;MCO;OK;17/07/2020;17/07/2020;C;OPT;C;TR;RF50;36;36;0;3;;4;1232,7695;;;17/07/2020;;;;
17373798;TERRITOIRE;IRS - FT 517 - 30 RUE GUY MOQUET / CH IRISE 1341 - ANGLE BD GABRIEL PERI x RUE ANDRE COIN;;;SFR_COLL;DSP_MAJ_IRISE;;;OR21;OR1;OR21;CST;MCO;OK;12/02/2020;12/02/2020;C;OPT;C;LH;RF22;144;144;0;12;;4;771,6932;;;12/02/2020;;;;
25738977;TERRITOIRE;IRS - 144 FO - FT 1967 - RUE DE L ABBE LEMIRE / FT 1372 - RUE FREYCINET ASNIERE SUR SEINE;;;SFR_COLL;DSP_MAJ_IRISE;;;OR21;OR1;OR21;CST;MCO;OK;05/07/2019;05/07/2019;C;OPT;C;LH;RF22;144;144;0;12;;4;434,9596;;;05/07/2019;;;;
36870177;TERRITOIRE;N-1 PETIT VOYAGEUR FT_1094 / CH SAT SECURISEE CAM25_FT975;;;SFR_COLL;DSP_MAJ_IRISE;;;OR21;OR1;OR21;CST;MCO;OK;22/02/2023;22/02/2023;C;OPT;C;DI;RF27;12;10;2;2;;5;59,8641;;;22/02/2023;;;;
6109652;TERRITOIRE;IRS - 12FO - SOLETS-MORVAN/21 RUE JURA;;;SFR_COLL;DSP_MAJ_IRISE;;;OR21;OR1;OR21;CST;MCO;OK;16/01/2006;16/01/2006;C;OPT;C;DI;RF14;12;4;8;2;;4;122,0170;;;16/01/2006;;;;
4594126;TERRITOIRE;IRS - BELBEOCH/ECOLE ST-MAURICE;;;SFR_COLL;DSP_MAJ_IRISE;;;OR21;OR1;OR21;CST;MCO;OK;09/12/2003;09/12/2003;C;OPT;C;DI;RF38;12;10;2;1;;4;296,8759;;;09/12/2003;;;;
4635224;TERRITOIRE;IRS 48FO - AV PRIEUR DE LA COTE D'OR/BI BAT N?149 SOUS-SOL MINDEF DGA ARCEUIL;;;SFR_COLL;DSP_MAJ_IRISE;;;OR21;OR1;OR21;CST;MCO;OK;26/01/2011;26/01/2011;C;OPT;C;TR;RF19;48;48;0;4;;4;223,6856;;;26/01/2011;;;;
4600230;TERRITOIRE;IRS - 12FO - RUE CACHIN/POP ESPACE CACHIN ROMAINVILLE;;;SFR_COLL;DSP_MAJ_IRISE;;;OR21;OR1;OR21;CST;MCO;OK;30/11/2006;30/11/2006;C;OPT;C;DI;RF14;12;4;8;2;;4;109,6569;;;30/11/2006;;;;
7505873;TERRITOIRE;IRS - 144 FO - WILSON-TENINE / 17 RUE VAL DE MARNE;;;SFR_COLL;DSP_MAJ_IRISE;;;OR21;OR1;OR21;CST;MCO;OK;18/11/2013;18/11/2013;C;OPT;C;LH;RF22;144;142;2;12;;4;439,4707;;;18/11/2013;;;;
4638558;HORS TERRITOIRE;IRS 48 FO POP DAF TRUCKS / IRS RUE DES VANESSES - AA;;;SFR_COLL;DSP_MAJ_IRISE;;;OR21;OR1;OR21;CST;MCO;OK;12/10/2011;12/10/2011;C;OPT;C;TR;RF19;48;46;2;4;;4;51,1196;;;12/10/2011;;;;
8180225;TERRITOIRE;IRS - 144FO - 252 RUE DE ROSNY / FT - 297 RUE DE ROSNY;;;SFR_COLL;DSP_MAJ_IRISE;;;OR21;OR1;OR21;CST;MCO;OK;19/05/2014;19/05/2014;C;OPT;C;LH;RF22;144;142;2;12;;4;346,5273;;;19/05/2014;;;;
4596417;TERRITOIRE;IRS - 72FO - VAL D'OR_DASSAULT/QUAI DU PRESIDENT CARNOT;;;SFR_COLL;DSP_MAJ_IRISE;;;OR21;OR1;OR21;CST;MCO;OK;15/05/2009;15/05/2009;C;OPT;C;TR;RF16;72;63;9;6;;4;1811,0086;;;15/05/2009;;;;
4625302;TERRITOIRE;IRS - 12FO - 20 MONTGOLFIER / PRC CAMERA ROSNY 3;;;SFR_COLL;DSP_MAJ_IRISE;;;OR21;OR1;OR21;CST;MCO;OK;06/01/2009;06/01/2009;C;OPT;C;DI;RF38;12;10;2;1;;4;13,1529;;;06/01/2009;;;;
4639418;TERRITOIRE;IRS - 72 FO - 2 RUE DU HAMEAU FLEUR/BI IRS - 8 RUE HEYRAULT;;;SFR_COLL;DSP_MAJ_IRISE;;;OR21;OR1;OR21;CST;MCO;OK;17/02/2012;17/02/2012;C;OPT;C;TR;RF16;72;69;3;6;;4;63,8731;;;17/02/2012;;;;
17888079;TERRITOIRE;IRS - 144 FO - FT 170 - 24 RUE DE L ARCHEVECHE / IRS - FT 31 - 1 RUE ROBERT GRENET;;;SFR_COLL;DSP_MAJ_IRISE;;;OR21;OR1;OR21;CST;MCO;OK;30/03/2020;30/03/2020;C;OPT;C;LH;RF22;144;144;0;12;;4;889,1399;;;30/03/2020;;;;
36333549;TERRITOIRE;IRS - 12 FO - CHB STALINGRAD_CONVENTION  / POP MARCHE DES 4 ROUTES LA COURNEUVE;;;SFR_COLL;DSP_MAJ_IRISE;;;OR21;OR1;OR21;CST;MCO;OK;27/01/2023;27/01/2023;C;OPT;C;DI;RF27;12;10;2;2;;5;838,9356;;;27/01/2023;;;;
23196593;TERRITOIRE;IRS - 36 FO - 20 RUE DES PAQUERETTES / FT 2216 RUE NOEL PONS;;;SFR_COLL;DSP_MAJ_IRISE;;;OR21;OR1;OR21;CST;MCO;OK;19/04/2021;19/04/2021;C;OPT;C;TR;RF50;36;36;0;3;;4;2128,8876;;;19/04/2021;;;;
4600978;TERRITOIRE;IRS - 194 RUE DE ROSNY/126 RUE DE ROSNY;;;SFR_COLL;DSP_MAJ_IRISE;;;OR21;OR1;OR21;CST;MCO;OK;01/03/2005;01/03/2005;C;OPT;C;TR;RF16;72;35;37;6;;4;807,2249;;;01/03/2005;;;;
6581985;TERRITOIRE;IRS - 72 FO - DE GAULLE-LECLERC NOISY /PRC SEQUANTIC DE GAULLE - LECLERC;;;SFR_COLL;DSP_MAJ_IRISE;;;OR21;OR1;OR21;CST;MCO;OK;05/06/2013;05/06/2013;C;OPT;C;TR;RF28;72;68;4;6;;4;17,7695;;;05/06/2013;;;;
4627698;TERRITOIRE;IRS - 144FO - PLACE CORNILLON/RUE AMBROISE CROIZAT;;;SFR_COLL;DSP_MAJ_IRISE;;;OR21;OR1;OR21;CST;MCO;OK;18/07/2008;18/07/2008;C;OPT;C;LH;RF40;144;66;78;12;;4;830,6077;;;18/07/2008;;;;
4603277;TERRITOIRE;IRS - 28AV LE NOTRE/80 AV LE NOTRE;;;SFR_COLL;DSP_MAJ_IRISE;;;OR21;OR1;OR21;CST;MCO;OK;01/01/2002;01/01/2002;C;OPT;C;LH;RF74;144;89;55;12;;100;245,8993;;;01/01/2002;;;;
12795569;TERRITOIRE;IRS - 144FO - DIVISION LECLERC/ AVENUE DE LA DIVISION LECLERC - RUE HENRI BARBUSSE;;;SFR_COLL;DSP_MAJ_IRISE;;;OR21;OR1;OR21;CST;MCO;OK;01/01/2002;01/01/2002;C;OPT;C;LH;RF22;144;96;48;12;;4;334,8245;;;01/01/2002;;;;
35480745;TERRITOIRE;IRS - 12 FO - FT1051 - 45 AVENUE GEORGETTE BACH / PRC CAM59;;;SFR_COLL;DSP_MAJ_IRISE;;;OR21;OR1;OR21;CST;MCO;OK;08/12/2022;08/12/2022;C;OPT;C;DI;RF27;12;10;2;2;;5;37,6552;;;08/12/2022;;;;
23670500;HORS TERRITOIRE;IRS - 12 FO - POP C42 CH IRISE VILLIERS SUR MARNE / FT77 - 65 AVENUE MARECHAL DE LATTRE DE TASSIGNY;;;SFR_COLL;DSP_MAJ_IRISE;;;OR21;OR1;OR21;CST;MCO;OK;18/05/2021;18/05/2021;C;OPT;C;DI;RF27;12;10;2;2;;5;106,2301;;;18/05/2021;;;;
4608502;TERRITOIRE;IRS - 12FO - RUE DE LA COUTURE BPE 2/BARCELONE;;;SFR_COLL;DSP_MAJ_IRISE;;;OR21;OR1;OR21;CST;MCO;OK;17/01/2006;17/01/2006;C;OPT;C;DI;RF14;12;10;2;2;;4;145,0639;;;17/01/2006;;;;
4620040;TERRITOIRE;IRS - RUE FELLINI/POP VENTE PRIVEE - ADD 2;;;SFR_COLL;DSP_MAJ_IRISE;;;OR21;OR1;OR21;CST;MCO;OK;17/05/2010;17/05/2010;C;OPT;C;DI;RF15;24;24;0;4;;4;240,2379;;;17/05/2010;;;;
7309943;HORS TERRITOIRE;IRS - 144 FO - AVENUE PASTEUR / ANGLE COURS ARCHE QUEDON_JULES FERRY;;;SFR_COLL;DSP_MAJ_IRISE;;;OR21;OR1;OR21;CST;MCO;OK;18/09/2013;18/09/2013;C;OPT;C;LH;RF22;144;140;4;12;;4;335,6015;;;18/09/2013;;;;
7295250;TERRITOIRE;IRS - 36FO - ADD MAIRIE DE SCEAUX - AA;;;SFR_COLL;DSP_MAJ_IRISE;;;OR21;OR1;OR21;CST;MCO;OK;13/09/2013;13/09/2013;C;OPT;C;TR;RF50;36;34;2;3;;4;39,4462;;;13/09/2013;;;;
4606367;TERRITOIRE;IRS - 12 FO - ST ROCH-GUYNEMER/BI POP MAIRIE VILLEJUIF;;;SFR_COLL;DSP_MAJ_IRISE;;;OR21;OR1;OR21;CST;MCO;OK;06/07/2012;06/07/2012;C;OPT;C;DI;RF73;12;8;4;6;;5;477,2977;;;06/07/2012;;;;
4628032;TERRITOIRE;IRS - 144FO - N-1 GS CHARCOT / N-1 GYMNASE GUIMER;;;SFR_COLL;DSP_MAJ_IRISE;;;OR21;OR1;OR21;CST;MCO;OK;09/06/2008;09/06/2008;C;OPT;C;LH;RF40;144;122;22;12;;4;416,0362;;;09/06/2008;;;;
4594255;HORS TERRITOIRE;IRS - 144FO - NIELSEN RUE DE LA PREFECTURE /BD OISE CHAUFFOURS;;;SFR_COLL;DSP_MAJ_IRISE;;;OR21;OR1;OR21;CST;MCO;OK;17/11/2011;17/11/2011;C;OPT;C;LH;RF40;144;47;97;12;;4;607,2218;;;17/11/2011;;;;
4604763;TERRITOIRE;IRS - 12FO - SEMECO BOBIGNY/RUE DES MARAIS - AA;;;SFR_COLL;DSP_MAJ_IRISE;;;OR21;OR1;OR21;CST;MCO;OK;09/11/2004;09/11/2004;C;OPT;C;DI;RF14;12;8;4;2;;4;29,5386;;;09/11/2004;;;;
19898278;HORS TERRITOIRE;12 FO - IRISE - FT 1806 - ANG THEOPHILE GAUTIER_CHEMIN DES HAUTES NOUES / FT 379 - ROUTE DE BRY - RUE ADRIEN MENTIENNE;;;SFR_COLL;DSP_MAJ_IRISE;;;OR21;OR1;OR21;CST;MCO;OK;28/08/2020;28/08/2020;C;OPT;C;DI;RF27;12;6;6;2;;5;375,5204;;;28/08/2020;;;;
7681510;TERRITOIRE;IRS - 72FO BAGUETTE RUE DE VILLENEUVE BPE 1- BPE 2;;;SFR_COLL;DSP_MAJ_IRISE;;;OR21;OR1;OR21;CST;MCO;OK;08/01/2014;08/01/2014;C;OPT;C;TR;RF28;72;70;2;6;;4;4,3916;;;08/01/2014;;;;
4639643;HORS TERRITOIRE;IRS - 12FO - ALLE DU CLOS DES CHARMES/COFFRET 1 - AA;;;SFR_COLL;DSP_MAJ_IRISE;;;OR21;OR1;OR21;CST;MCO;OK;01/03/2012;01/03/2012;C;OPT;C;DI;RF14;12;2;10;2;;4;45,8067;;;01/03/2012;;;;
19363253;TERRITOIRE;IRS - 144FO - IRS - RUE DE STALINGRAD / 243 AV.JEAN JAURES / BI PARKING OPHLM;;;SFR_COLL;DSP_MAJ_IRISE;;;OR21;OR1;OR21;CST;MCO;OK;09/08/2010;09/08/2010;C;OPT;C;LH;RF40;144;126;18;12;;4;153,9597;;;09/08/2010;;;;
4632098;TERRITOIRE;IRS - 48FO LES_SORBIERS_BAT_B&A (EXX)/BARBANSON_A&E (D16'D42);;;SFR_COLL;DSP_MAJ_IRISE;;;OR21;OR1;OR21;CST;MCO;OK;17/07/2009;17/07/2009;C;OPT;C;TR;RF19;48;44;4;4;;4;438,6648;;;17/07/2009;;;;
4611049;TERRITOIRE;IRS - 144FO - BD MELIES/BD MELIES-PASTEUR;;;SFR_COLL;DSP_MAJ_IRISE;;;OR21;OR1;OR21;CST;MCO;OK;13/03/2006;13/03/2006;C;OPT;C;LH;RF40;144;73;71;12;;4;807,8291;;;13/03/2006;;;;
4624006;TERRITOIRE;IRS - 24FO - BPE/ARMOIRE ANGLE LONGJUMEAU-SOLETS;;;SFR_COLL;DSP_MAJ_IRISE;;;OR21;OR1;OR21;CST;MCO;OK;18/05/2011;18/05/2011;C;OPT;C;DI;RF15;24;20;4;4;;4;12,0830;;;18/05/2011;;;;
7350929;TERRITOIRE;IRS - 288FO - BAG -IRS - RUE ARCUEIL (RUNGIS) - BPE 1/BPE 2;;;SFR_COLL;DSP_MAJ_IRISE;;;OR21;OR1;OR21;CST;MCO;OK;01/10/2013;01/10/2013;C;OPT;C;LH;RF123;288;287;1;24;;102;0,8661;;;01/10/2013;;;;
16545663;TERRITOIRE;IRS - 12 FO - BI CRECHE HAUTES BRUYERES / FT120 - RUE DE VERDUN;;;SFR_COLL;DSP_MAJ_IRISE;;;OR21;OR1;OR21;CST;MCO;OK;21/11/2019;21/11/2019;C;OPT;C;DI;RF27;12;8;4;2;;5;125,8136;;;21/11/2019;;;;
6007253;TERRITOIRE;IRS - 36 FO - 26 BD FOCH (EPINAY SUR SEINE) / POP CIE GENERALE DES EAUXREGISSEUR - AA;;;SFR_COLL;DSP_MAJ_IRISE;;;OR21;OR1;OR21;CST;MCO;OK;28/03/2013;28/03/2013;C;OPT;C;TR;RF26;36;36;0;6;;4;103,5191;;;28/03/2013;;;;
4604350;HORS TERRITOIRE;IRS - 144FO - COURS DES LACS/BD MALVOISINE;;;SFR_COLL;DSP_MAJ_IRISE;;;OR21;OR1;OR21;CST;MCO;OK;15/07/2004;15/07/2004;C;OPT;C;LH;RF74;144;89;55;12;;100;684,1933;;;15/07/2004;;;;
4597680;HORS TERRITOIRE;IRS - 48FO - BOULEVARD FREDERIC CHOPIN/POP TCT TORCY;;;SFR_COLL;DSP_MAJ_IRISE;;;OR21;OR1;OR21;CST;MCO;OK;20/10/2004;20/10/2004;C;OPT;C;TR;RF89;48;42;6;8;;5;2788,1737;;;20/10/2004;;;;
7929570;TERRITOIRE;144FO - IRS - RUE BERNE / C606 SDE 005 RUE DE LA LIBERTE;;;SFR_COLL;DSP_MAJ_IRISE;;;OR21;OR1;OR21;CST;MCO;OK;11/03/2014;11/03/2014;C;OPT;C;LH;RF22;144;68;76;12;;4;1242,6549;;;11/03/2014;;;;
34547298;TERRITOIRE;IRS - 72 FO - 11 QUAI DES CARRIERES /  24 QUAI DES CARRIERES;;;SFR_COLL;DSP_MAJ_IRISE;;;OR21;OR1;OR21;CST;MCO;OK;04/05/2006;04/05/2006;C;OPT;C;TR;RF28;72;56;16;6;;4;420,2895;;;04/05/2006;;;;
10958278;TERRITOIRE;24FO - BI 23-25 AV ARISTIDE BRIAND / (POP STAR APIC AV ARISTIDE BRIAND (ARCUEIL) - AA;;;SFR_COLL;DSP_MAJ_IRISE;;;OR21;OR1;OR21;CST;MCO;OK;24/02/2017;24/02/2017;C;OPT;C;DI;RF30;24;23;1;4;;4;13,9111;;;24/02/2017;;;;
4632118;TERRITOIRE;IRS - 48FO HORTENSIAS (D39)/COROLLE (D40);;;SFR_COLL;DSP_MAJ_IRISE;;;OR21;OR1;OR21;CST;MCO;OK;17/07/2009;17/07/2009;C;OPT;C;TR;RF19;48;46;2;4;;4;237,3852;;;17/07/2009;;;;
4597578;TERRITOIRE;IRS - 288FO - ARAGO CURIE/ARAGO BOUVETS;;;SFR_COLL;DSP_MAJ_IRISE;;;OR21;OR1;OR21;CST;MCO;OK;26/03/2002;26/03/2002;C;OPT;C;LH;RF51;288;206;82;24;;102;282,1891;;;26/03/2002;;;;
8240593;TERRITOIRE;IRS - 144FO - DE GAULLE-LECLERC NOISY BPE2 / AV DU G LECLERC-RUE DES MARAIS;;;SFR_COLL;DSP_MAJ_IRISE;;;OR21;OR1;OR21;CST;MCO;OK;04/06/2014;04/06/2014;C;OPT;C;LH;RF22;144;143;1;12;;4;602,7055;;;04/06/2014;;;;
36626660;TERRITOIRE;24 FO - FT2221 RUE SAINT GOBAIN / FT242 - 34 RUE DU LANDY;;;SFR_COLL;DSP_MAJ_IRISE;;;OR21;OR1;OR21;CST;MCO;OK;09/02/2023;09/02/2023;C;OPT;C;DI;RF29;24;22;2;4;;5;760,7398;;;09/02/2023;;;;
4596861;TERRITOIRE;IRS - AV PIERRE BROSSOLETTE/GABRIEL PERI-11 NOVEMBRE;;;SFR_COLL;DSP_MAJ_IRISE;;;OR21;OR1;OR21;CST;MCO;OK;06/07/2005;06/07/2005;C;OPT;C;LH;RF56;144;47;97;12;;4;431,0315;;;06/07/2005;;;;
22554069;TERRITOIRE;IRS - 12FO - FT2161 - 86 RUE DES  RAMENAS / POP CENTRE DE QUARTIER LES RAMENAS MONTREUIL - AA;;;SFR_COLL;DSP_MAJ_IRISE;;;OR21;OR1;OR21;CST;MCO;OK;04/03/2021;04/03/2021;C;OPT;C;DI;RF27;12;8;4;2;;5;412,4738;;;04/03/2021;;;;
24552739;TERRITOIRE;IRS - 12 FO - 1 AVENUE DE STALINGRAD - BPE FT 609 / POP PISCINE DE BAGNEUX;;;SFR_COLL;DSP_MAJ_IRISE;;;OR21;OR1;OR21;CST;MCO;OK;02/07/2021;02/07/2021;C;OPT;C;DI;RF27;12;10;2;2;;5;79,8036;;;02/07/2021;;;;
5066787;TERRITOIRE;IRS - 144 FO - 99 AVENUE DE LA REPUBLIQUE/RUE CHABROL;;;SFR_COLL;DSP_MAJ_IRISE;;;OR21;OR1;OR21;CST;MCO;OK;28/11/2012;28/11/2012;C;OPT;C;LH;RF35;144;143;1;12;;4;376,9425;;;28/11/2012;;;;
4636436;TERRITOIRE;IRS - 24FO - RUE BRETONS / ANGLE RUE DES BRETONS - RUE PARC CHARBON;;;SFR_COLL;DSP_MAJ_IRISE;;;OR21;OR1;OR21;CST;MCO;OK;18/05/2011;18/05/2011;C;OPT;C;DI;RF24;24;22;2;2;;4;70,0786;;;18/05/2011;;;;
4636908;TERRITOIRE;IRS - 48FO - 39 AV DES GUILLERAIS/N-1 EUREKA;;;SFR_COLL;DSP_MAJ_IRISE;;;OR21;OR1;OR21;CST;MCO;OK;05/05/2010;05/05/2010;C;OPT;C;TR;RF19;48;48;0;4;;4;232,8356;;;05/05/2010;;;;
4627252;TERRITOIRE;IRS- BPE OPALYS PICASSO/BAT PICASSO BOBIGNY;;;SFR_COLL;DSP_MAJ_IRISE;;;OR21;OR1;OR21;CST;MCO;OK;18/08/2008;18/08/2008;C;OPT;C;TR;RF19;48;48;0;4;;4;196,7042;;;18/08/2008;;;;
4633193;TERRITOIRE;IRS - 24FO BI/POP COOP_PTT (D48);;;SFR_COLL;DSP_MAJ_IRISE;;;OR21;OR1;OR21;CST;MCO;OK;28/07/2009;28/07/2009;C;OPT;C;DI;RF15;24;20;4;4;;4;24,2076;;;28/07/2009;;;;
15491555;TERRITOIRE;IRISE - 24FO - ALLEE DU DOCTEUR CALMETTE / RUE DE ROMAINVILLE;;;SFR_COLL;DSP_MAJ_IRISE;;;OR21;OR1;OR21;CST;MCO;OK;05/08/2019;05/08/2019;C;OPT;C;DI;RF29;24;20;4;4;;5;999,4499;;;05/08/2019;;;;
5811426;TERRITOIRE;IRS - 144FO - ACHAT OPALYS T1 A T6  - 81 QUAI DE LA MARNE -BPE 2/1 RUE ARISTIDE BRIAND;;;SFR_COLL;DSP_MAJ_IRISE;;;OR21;OR1;OR21;CST;MCO;OK;05/03/2013;05/03/2013;C;OPT;C;LH;RF22;144;60;84;12;;4;1621,4548;;;05/03/2013;;;;
11116010;HORS TERRITOIRE;IRS - 144FO - LD - FT - IRS 3 RUE JOSEPH MONIER / IRS BI 1 AV  EDOUARD BELIN (RUEIL MALMAISON);;;SFR_COLL;DSP_MAJ_IRISE;;;OR21;OR1;OR21;CST;MCO;OK;05/06/2014;05/06/2014;C;OPT;C;LH;RF22;144;143;1;12;;4;412,5017;;;05/06/2014;;;;
4630890;TERRITOIRE;IRS - 72FO - N-1 CENTRE TECHNIQUE/CENTRE TECHNIQUE;;;SFR_COLL;DSP_MAJ_IRISE;;;OR21;OR1;OR21;CST;MCO;OK;23/09/2009;23/09/2009;C;OPT;C;TR;RF16;72;68;4;6;;4;330,8448;;;23/09/2009;;;;
4633291;TERRITOIRE;IRS - 48FO 48_LGTS (D28)/GS_P&M_CURIE (D36);;;SFR_COLL;DSP_MAJ_IRISE;;;OR21;OR1;OR21;CST;MCO;OK;20/07/2009;20/07/2009;C;OPT;C;TR;RF19;48;46;2;4;;4;239,3608;;;20/07/2009;;;;
4633207;TERRITOIRE;IRS - 24FO BI/POP ARMAND_GAUTIER (D13);;;SFR_COLL;DSP_MAJ_IRISE;;;OR21;OR1;OR21;CST;MCO;OK;28/07/2009;28/07/2009;C;OPT;C;DI;RF15;24;22;2;4;;4;24,3311;;;28/07/2009;;;;
16813185;TERRITOIRE;IRISE - 12FO - ANGLE RUE ROMAIN ROLLAND ET RUE RAYMONDE SALIEZ / POP POLE SENIORS LES LILAS -AA;;;SFR_COLL;DSP_MAJ_IRISE;;;OR21;OR1;OR21;CST;MCO;OK;17/12/2019;17/12/2019;C;OPT;C;DI;RF27;12;10;2;2;;5;242,5174;;;17/12/2019;;;;
4603587;TERRITOIRE;IRS - AUGER-CONGO/PANTIN HERMES;;;SFR_COLL;DSP_MAJ_IRISE;;;OR21;OR1;OR21;CST;MCO;OK;19/07/2004;19/07/2004;C;OPT;C;TR;RF80;48;44;4;8;;4;244,0442;;;19/07/2004;;;;
22997874;HORS TERRITOIRE;IRS - 12FO - FT 379 - ROUTE DE BRY - RUE ADRIEN MENTIENNE - BPE 2 / POP C49 VILLIERS SUR MARNE - AA;;;SFR_COLL;DSP_MAJ_IRISE;;;OR21;OR1;OR21;CST;MCO;OK;02/04/2021;02/04/2021;C;OPT;C;DI;RF27;12;10;2;2;;5;76,7097;;;02/04/2021;;;;
37097699;TERRITOIRE;IRS - 24FO - N-1 MAIRIE NANTERRE - BPE 1 / POP MAIRIE DE NANTERRE - AB;;;SFR_COLL;DSP_MAJ_IRISE;;;OR21;OR1;OR21;CST;MCO;OK;07/03/2023;07/03/2023;C;OPT;C;DI;RF31;24;21;3;2;;5;103,3793;;;07/03/2023;;;;
7534002;TERRITOIRE;IRS - 144FO - LD -  BD DE LA MARNE / 9 BIS BD DE LA MARNE;;;SFR_COLL;DSP_MAJ_IRISE;;;OR21;OR1;OR21;CST;MCO;OK;25/11/2013;25/11/2013;C;OPT;C;LH;RF22;144;143;1;12;;4;332,9365;;;25/11/2013;;;;
11548179;TERRITOIRE;IRS - 24FO POP CASINO ROSA PARKS VITRY SUR SEINE / BI -AA;;;SFR_COLL;DSP_MAJ_IRISE;;;OR21;OR1;OR21;CST;MCO;OK;06/07/2017;06/07/2017;C;OPT;C;DI;RF30;24;23;1;4;;4;7,8747;;;06/07/2017;;;;
4614078;TERRITOIRE;IRS - 24FO - AP-HP - HOPITAL ANTOINE BECLERE/IRS - CARREFOUR BEAUJARD (BEAUJARRE) - N-1 CAA CLAMART - BA;;;SFR_COLL;DSP_MAJ_IRISE;;;OR21;OR1;OR21;CST;MCO;OK;25/10/2007;25/10/2007;C;OPT;C;DI;RF15;24;20;4;4;;4;318,2978;;;25/10/2007;;;;
26141858;TERRITOIRE;IRS - 12 FO - FT 216 - AVENUE DU PETIT CHAMBORD / POP ECOLE MATERNELLE FONTAINE GRELOT - BOURG LA REINE - AA;;;SFR_COLL;DSP_MAJ_IRISE;;;OR21;OR1;OR21;CST;MCO;OK;03/10/2021;03/10/2021;C;OPT;C;DI;RF27;12;10;2;2;;5;12,0088;;;03/10/2021;;;;
22560425;TERRITOIRE;IRS - 24FO - FT2161 - 86 RUE RAMENAS (MONTREUIL) / FT2969 - 15 RUE DANIELLE CASANOVA;;;SFR_COLL;DSP_MAJ_IRISE;;;OR21;OR1;OR21;CST;MCO;OK;04/03/2021;04/03/2021;C;OPT;C;DI;RF29;24;22;2;4;;5;180,1967;;;04/03/2021;;;;
5747445;HORS TERRITOIRE;IRS - 144FO - IRS - 10 BD DE L OISE (CERGY PONTOISE) - BPE1 / NIELSEN RUE DE LA PREFECTURE;;;SFR_COLL;DSP_MAJ_IRISE;;;OR21;OR1;OR21;CST;MCO;OK;17/11/2011;17/11/2011;C;OPT;C;LH;RF40;144;48;96;12;;4;452,8337;;;17/11/2011;;;;
4605847;TERRITOIRE;IRS CAB 1 - BPE PARKING CAI/CENTRE ADM MONTREUIL;;;SFR_COLL;DSP_MAJ_IRISE;;;OR21;OR1;OR21;CST;MCO;OK;26/09/2005;26/09/2005;C;OPT;C;DI;RF15;24;20;4;4;;4;232,8009;;;26/09/2005;;;;
7443731;HORS TERRITOIRE;IRS - 36FO - N-1 VIROFLAY (35 RUE JOSEPH BERTRAND) / FT - RUE DU GENERAL GALLIENI (VIROFLAY);;;SFR_COLL;DSP_MAJ_IRISE;;;OR21;OR1;OR21;CST;MCO;OK;28/10/2013;28/10/2013;C;OPT;C;TR;RF26;36;32;4;6;;4;362,5541;;;28/10/2013;;;;
15509475;TERRITOIRE;IRISE - 24 FO - PRC CAMERA IRISE C48 / CHAMBRE IRISE C48;;;SFR_COLL;DSP_MAJ_IRISE;;;OR21;OR1;OR21;CST;MCO;OK;06/08/2019;06/08/2019;C;OPT;C;DI;RF29;24;22;2;4;;5;4,0199;;;06/08/2019;;;;
11097619;HORS TERRITOIRE;IRS - 36FO - BI 5 AVENUE BERNARD HIRSCH / BD DE L'HAUTIL;;;SFR_COLL;DSP_MAJ_IRISE;;;OR21;OR1;OR21;CST;MCO;OK;15/01/2014;15/01/2014;C;OPT;C;TR;RF26;36;36;0;6;;4;209,9318;;;15/01/2014;;;;
14412514;TERRITOIRE;IRS - 24FO - 52 RUE ESTIENNE D'ORVES/ CH RUE DES CHATAIGNIERS;;;SFR_COLL;DSP_MAJ_IRISE;;;OR21;OR1;OR21;CST;MCO;OK;22/03/2019;22/03/2019;C;OPT;C;DI;RF29;24;22;2;4;;5;1762,4393;;;22/03/2019;;;;
15501495;TERRITOIRE;IRISE -24 FO - ANGLE RUE DE ROMAINVILLE / PRC CAMERA ANGLE DE ROMAINVILLE;;;SFR_COLL;DSP_MAJ_IRISE;;;OR21;OR1;OR21;CST;MCO;OK;06/08/2019;06/08/2019;C;OPT;C;DI;RF29;24;19;5;4;;5;5,1014;;;06/08/2019;;;;
7166343;TERRITOIRE;IRS - 144FO - N-1 CAA NANTERRE (J.MANSARD) / IRS - A14 - PK 9920 (NANTERRE);;;SFR_COLL;DSP_MAJ_IRISE;;;OR21;OR1;OR21;CST;MCO;OK;31/07/2013;31/07/2013;C;OPT;C;LH;RF22;144;144;0;12;;4;301,2066;;;31/07/2013;;;;
4612699;TERRITOIRE;IRS-PONT DE JOINVILLE BROSSOLETTE/IRS - 14BIS RUE DES RESERVOIRS (JOINVILLE LE PONT);;;SFR_COLL;DSP_MAJ_IRISE;;;OR21;OR1;OR21;CST;MCO;OK;08/06/2007;08/06/2007;C;OPT;C;TR;RF19;48;20;28;4;;4;592,4797;;;08/06/2007;;;;
4609792;TERRITOIRE;IRS - COLONEL FABIEN/MAISON DE LA VIE ECONOMIQUE BONNEUIL SUR MARNE;;;SFR_COLL;DSP_MAJ_IRISE;;;OR21;OR1;OR21;CST;MCO;OK;29/07/2005;29/07/2005;C;OPT;C;DI;RF14;12;8;4;2;;4;77,0987;;;29/07/2005;;;;
25545066;TERRITOIRE;IRS - 48 FO - N-1 FT1062 - 30 RUE DU DOCTEUR ROUX (SCEAUX) - BPE 1/POP THEATRE LES GEMEAUX SCEAUX - AA;;;SFR_COLL;DSP_MAJ_IRISE;;;OR21;OR1;OR21;CST;MCO;OK;02/09/2021;02/09/2021;C;OPT;C;TR;RF20;48;46;2;8;;5;46,5771;;;02/09/2021;;;;
4640876;TERRITOIRE;IRS - 24 FO PHILIBERT HOFFMAN_FRERES LUMIERE/POP ICADE (ROSNY-SOUS-BOIS) - AC;;;SFR_COLL;DSP_MAJ_IRISE;;;OR21;OR1;OR21;CST;MCO;OK;15/02/2012;15/02/2012;C;OPT;C;DI;RF15;24;23;1;4;;4;2639,8094;;;15/02/2012;;;;
4605890;TERRITOIRE;IRS - 72FO - RUE RASPAIL/RUE FRAYSSE;;;SFR_COLL;DSP_MAJ_IRISE;;;OR21;OR1;OR21;CST;MCO;OK;28/04/2004;28/04/2004;C;OPT;C;TR;RF16;72;44;28;6;;4;64,9904;;;28/04/2004;;;;
10896341;TERRITOIRE;IRS - 36 FO - ANGLE GRANDE ALLEE-AV. DES MARGUERITES/IRS - BI 2 AV DES MARGUERITES;;;SFR_COLL;DSP_MAJ_IRISE;;;OR21;OR1;OR21;CST;MCO;OK;31/05/2013;31/05/2013;C;OPT;C;TR;RF26;36;36;0;6;;4;255,1466;;;31/05/2013;;;;
7462305;TERRITOIRE;IRS - 24FO - LD - POP MONOPRIX AV DE LA RESISTANCE MONTREUIL / BI ENMD (MONTREUIL) - AA;;;SFR_COLL;DSP_MAJ_IRISE;;;OR21;OR1;OR21;CST;MCO;OK;31/10/2013;31/10/2013;C;OPT;C;DI;RF30;24;23;1;4;;4;50,7269;;;31/10/2013;;;;
4612449;TERRITOIRE;IRS-198 RUE DE FONTENAY/22 RUE LAGNY MONTREUIL;;;SFR_COLL;DSP_MAJ_IRISE;;;OR21;OR1;OR21;CST;MCO;OK;14/03/2006;14/03/2006;C;OPT;C;TR;RF19;48;42;6;4;;4;362,9702;;;14/03/2006;;;;
29144430;HORS TERRITOIRE;IRS - 12 FO - FT852 - 11 ROUTE COMBAULT / PRC CAMERA C39 CAMBRE IRISE VILLIERS SUR MARNE;;;SFR_COLL;DSP_MAJ_IRISE;;;OR21;OR1;OR21;CST;MCO;OK;26/01/2022;26/01/2022;C;OPT;C;DI;RF27;12;10;2;2;;5;556,5136;;;26/01/2022;;;;
36352427;TERRITOIRE;IRS - 12 FO - FT 220 / FT 218 - ALLEE ROBILLARD;;;SFR_COLL;DSP_MAJ_IRISE;;;OR21;OR1;OR21;CST;MCO;OK;26/01/2023;26/01/2023;C;OPT;C;DI;RF27;12;1;11;2;;5;92,6540;;;26/01/2023;;;;
4630962;TERRITOIRE;IRS - 24FO BI/POP CLOSERIE (D88);;;SFR_COLL;DSP_MAJ_IRISE;;;OR21;OR1;OR21;CST;MCO;OK;27/07/2009;27/07/2009;C;OPT;C;DI;RF15;24;20;4;4;;4;26,0768;;;27/07/2009;;;;
4608586;TERRITOIRE;IRS - 12FO - IMMEUBLE PAPRIKA/LIMA;;;SFR_COLL;DSP_MAJ_IRISE;;;OR21;OR1;OR21;CST;MCO;OK;16/01/2006;16/01/2006;C;OPT;C;DI;RF14;12;8;4;2;;4;114,4035;;;16/01/2006;;;;
4627804;TERRITOIRE;IRS - 72FO - AV BRIAND-RUE BERTHOLLET ARCUEIL/67 AV ARISTIDE BRIAND;;;SFR_COLL;DSP_MAJ_IRISE;;;OR21;OR1;OR21;CST;MCO;OK;29/08/2012;29/08/2012;C;OPT;C;TR;RF16;72;30;42;6;;4;76,9581;;;29/08/2012;;;;
4630617;TERRITOIRE;IRS - 72FO - D'ORVES_BARBUSSE/52 RUE ESTIENNE D'ORVES;;;SFR_COLL;DSP_MAJ_IRISE;;;OR21;OR1;OR21;CST;MCO;OK;03/06/2009;03/06/2009;C;OPT;C;TR;RF16;72;68;4;6;;4;328,0049;;;03/06/2009;;;;
4609864;TERRITOIRE;IRS - CHEMIN DES AVERNAISES/PK 17842 GARE DE RUNGIS;;;SFR_COLL;DSP_MAJ_IRISE;;;OR21;OR1;OR21;CST;MCO;OK;05/10/2005;05/10/2005;C;OPT;C;TR;RF41;72;57;15;6;;5;660,2158;;;05/10/2005;;;;
4630593;HORS TERRITOIRE;IRS - 24FO - LT POP DGME LOGNES/N-1 POP DGME LOGNES;;;SFR_COLL;DSP_MAJ_IRISE;;;OR21;OR1;OR21;CST;MCO;OK;30/07/2008;30/07/2008;C;OPT;C;DI;RF15;24;23;1;4;;4;122,6172;;;30/07/2008;;;;
6586145;HORS TERRITOIRE;IRS - 144FO - FT 210 - RUE DE ROUEN (PONTOISE) / RUE DE MONTGEROULT (PONTOISE);;;SFR_COLL;DSP_MAJ_IRISE;;;OR21;OR1;OR21;CST;MCO;OK;05/06/2013;05/06/2013;C;OPT;C;LH;RF22;144;139;5;12;;4;451,4023;;;05/06/2013;;;;
15491562;TERRITOIRE;IRISE - 24FO - 187 RUE DE PARIS / POP DGST LES LILAS - AA;;;SFR_COLL;DSP_MAJ_IRISE;;;OR21;OR1;OR21;CST;MCO;OK;05/08/2019;05/08/2019;C;OPT;C;DI;RF29;24;18;6;4;;5;39,8984;;;05/08/2019;;;;
4639419;TERRITOIRE;IRS - 24 FO - BI IRS - 8 RUE HEYRAULT/POP VINCI IMMOBILIER BOULOGNE - AA;;;SFR_COLL;DSP_MAJ_IRISE;;;OR21;OR1;OR21;CST;MCO;OK;17/02/2012;17/02/2012;C;OPT;C;DI;RF15;24;21;3;4;;4;16,6574;;;17/02/2012;;;;
4604535;TERRITOIRE;IRS - 85 RUE PARLEMENTIER/34 RUE BERGSON;;;SFR_COLL;DSP_MAJ_IRISE;;;OR21;OR1;OR21;CST;MCO;OK;22/11/2005;22/11/2005;C;OPT;C;TR;RF19;48;14;34;4;;4;668,0230;;;22/11/2005;;;;
4625506;TERRITOIRE;IRS - 24FO - ROUTE DU VIEUX CIMETIERE/CLAMART SALLE DES FETES - AA;;;SFR_COLL;DSP_MAJ_IRISE;;;OR21;OR1;OR21;CST;MCO;OK;12/01/2009;12/01/2009;C;OPT;C;DI;RF15;24;20;4;4;;4;49,7236;;;12/01/2009;;;;
4604790;TERRITOIRE;IRS - ADD 1 - FELLINI/POP JADE;;;SFR_COLL;DSP_MAJ_IRISE;;;OR21;OR1;OR21;CST;MCO;OK;12/04/2005;12/04/2005;C;OPT;C;TR;RF68;48;29;19;8;;4;116,4959;;;12/04/2005;;;;
4627986;TERRITOIRE;IRS - 288FO TOIT_ET_JOIE (D69)/GS_JEAN-MOULIN (D15);;;SFR_COLL;DSP_MAJ_IRISE;;;OR21;OR1;OR21;CST;MCO;OK;16/07/2009;16/07/2009;C;OPT;C;LH;RF51;288;280;8;24;;102;447,6552;;;16/07/2009;;;;
4626823;TERRITOIRE;IRS - 24FO - N-1/EUREKA - AA;;;SFR_COLL;DSP_MAJ_IRISE;;;OR21;OR1;OR21;CST;MCO;OK;16/03/2010;16/03/2010;C;OPT;C;DI;RF15;24;24;0;4;;4;27,2025;;;16/03/2010;;;;
4610406;TERRITOIRE;IRS-RUE JOLIOT CURIE-AV DE LA DIV LECLERC/UNIVERSITE VILLETANEUSE;;;SFR_COLL;DSP_MAJ_IRISE;;;OR21;OR1;OR21;CST;MCO;OK;26/06/2006;26/06/2006;C;OPT;C;DI;RF14;12;4;8;2;;4;387,1452;;;26/06/2006;;;;
4626474;HORS TERRITOIRE;IRS - 36FO - BLAISE PASCAL/N-1 URA DESCARTES;;;SFR_COLL;DSP_MAJ_IRISE;;;OR21;OR1;OR21;CST;MCO;OK;08/02/2008;08/02/2008;C;OPT;C;TR;RF26;36;32;4;6;;4;17,2045;;;08/02/2008;;;;
4625300;TERRITOIRE;IRS - 48FO - N-1 STUDIO TV / 20 MONTGOLFIER;;;SFR_COLL;DSP_MAJ_IRISE;;;OR21;OR1;OR21;CST;MCO;OK;06/01/2009;06/01/2009;C;OPT;C;TR;RF60;48;44;4;8;;4;177,1511;;;06/01/2009;;;;
13919077;HORS TERRITOIRE;IRS - 12 FO - FT1248 - 12 AVENUE HENRI DUNANT/ POP POLICE MUNICIPALE VILLIERS SUR MARNE - AA;;;SFR_COLL;DSP_MAJ_IRISE;;;OR21;OR1;OR21;CST;MCO;OK;02/01/2019;02/01/2019;C;OPT;C;DI;RF27;12;1;11;2;;5;137,8141;;;02/01/2019;;;;
36650671;TERRITOIRE;24 FO FT 488 - 1 BD ANATOLE France / FT 1730 (SELON RETOUR TERRAIN)  48 RUE DU MOUTIER;;;SFR_COLL;DSP_MAJ_IRISE;;;OR21;OR1;OR21;CST;MCO;OK;10/02/2023;10/02/2023;C;OPT;C;DI;RF29;24;22;2;4;;5;95,6358;;;10/02/2023;;;;
19898277;HORS TERRITOIRE;12 FO - IRISE - FT 1806 - ANG THEOPHILE GAUTIER_CHEMIN DES HAUTES NOUES / POP ECOLE THEOPHILE GAUTIER VILLIERS SUR MARNE - AA;;;SFR_COLL;DSP_MAJ_IRISE;;;OR21;OR1;OR21;CST;MCO;OK;28/08/2020;28/08/2020;C;OPT;C;DI;RF27;12;8;4;2;;5;49,0429;;;28/08/2020;;;;
4611427;TERRITOIRE;IRS - 12FO - RUE HAINAUT/ISMCM SAINT OUEN;;;SFR_COLL;DSP_MAJ_IRISE;;;OR21;OR1;OR21;CST;MCO;OK;20/07/2006;20/07/2006;C;OPT;C;DI;RF14;12;8;4;2;;4;51,5202;;;20/07/2006;;;;
4610269;TERRITOIRE;IRS - 144FO - 22 COURS DE LA REPUBLIQUE / 55 RUE JULES GUESDES;;;SFR_COLL;DSP_MAJ_IRISE;;;OR21;OR1;OR21;CST;MCO;OK;19/02/2007;19/02/2007;C;OPT;C;LH;RF56;144;68;76;12;;4;356,0308;;;19/02/2007;;;;
4635941;HORS TERRITOIRE;IRS - 72FO - PLACE DU 19 MARS 1962/RUE GOUJON (GARGES LES GONESSES);;;SFR_COLL;DSP_MAJ_IRISE;;;OR21;OR1;OR21;CST;MCO;OK;02/12/2010;02/12/2010;C;OPT;C;TR;RF16;72;50;22;6;;4;679,0706;;;02/12/2010;;;;
7536865;TERRITOIRE;IRS - 72FO - PLACE VERDUN / 2 RUE HUGEDE;;;SFR_COLL;DSP_MAJ_IRISE;;;OR21;OR1;OR21;CST;MCO;OK;27/12/2007;27/12/2007;C;OPT;C;TR;RF16;72;64;8;6;;4;60,4912;;;27/12/2007;;;;
15499553;TERRITOIRE;IRISE - 24FO - AVENUE PAUL DE KOCK / POP CCAS LES LILAS - AA;;;SFR_COLL;DSP_MAJ_IRISE;;;OR21;OR1;OR21;CST;MCO;OK;05/08/2019;05/08/2019;C;OPT;C;DI;RF29;24;20;4;4;;5;219,5583;;;05/08/2019;;;;
4614589;HORS TERRITOIRE;IRS - 72FO - PK 14377 VIROFLAY/VERS PORCH FONTAINE BB;;;SFR_COLL;DSP_MAJ_IRISE;;;OR21;OR1;OR21;CST;MCO;OK;13/03/2007;13/03/2007;C;OPT;C;TR;RF41;72;36;36;6;;5;71,0139;;;13/03/2007;;;;
4595345;TERRITOIRE;IRS - 24FO - VERS CH COLT CAA GENNEVILLIERS/AV DES LOTS COMMUNAUX (N-1 CAA GENNEVILLIERS);;;SFR_COLL;DSP_MAJ_IRISE;;;OR21;OR1;OR21;CST;MCO;OK;30/01/2001;30/01/2001;C;OPT;C;DI;RF71;24;14;10;12;;5;10,5444;;;30/01/2001;;;;
11518492;TERRITOIRE;IRS - 12 FO - FT - BI / POP ABN AMRO ST DENIS - CA;;;SFR_COLL;DSP_MAJ_IRISE;;;OR21;OR1;OR21;CST;MCO;OK;29/06/2017;29/06/2017;C;OPT;C;DI;RF27;12;11;1;2;;5;3,5277;;;29/06/2017;;;;
4604903;TERRITOIRE;IRS - 24FO BPE/POP MAISON_DES_SYNDIC;;;SFR_COLL;DSP_MAJ_IRISE;;;OR21;OR1;OR21;CST;MCO;OK;03/08/2009;03/08/2009;C;OPT;C;DI;RF15;24;20;4;4;;4;37,3627;;;03/08/2009;;;;
4594860;HORS TERRITOIRE;IRS - 144FO - N-1 GARCHES(STADE)/GRANDE RUE(GARCHES);;;SFR_COLL;DSP_MAJ_IRISE;;;OR21;OR1;OR21;CST;MCO;OK;19/07/2012;19/07/2012;C;OPT;C;LH;RF40;144;142;2;12;;4;498,0125;;;19/07/2012;;;;
4639027;TERRITOIRE;IRS - 24 FO - POP CITEC - BI DAIKIN - AA;;;SFR_COLL;DSP_MAJ_IRISE;;;OR21;OR1;OR21;CST;MCO;OK;21/11/2011;21/11/2011;C;OPT;C;DI;RF24;24;24;0;2;;4;86,3812;;;21/11/2011;;;;
6569491;TERRITOIRE;IRS - 36 FO - RUE ALLEE DES PROGRES / POP LA SULTANE DE SABA SOINS PAR SOINS - AA;;;SFR_COLL;DSP_MAJ_IRISE;;;OR21;OR1;OR21;CST;MCO;OK;04/06/2013;04/06/2013;C;OPT;C;TR;RF26;36;35;1;6;;4;145,5333;;;04/06/2013;;;;
4624844;TERRITOIRE;IRS - 24FO - POP EXPANSION/ IRS - EXPANSION;;;SFR_COLL;DSP_MAJ_IRISE;;;OR21;OR1;OR21;CST;MCO;OK;21/01/2010;21/01/2010;C;OPT;C;DI;RF15;24;18;6;4;;4;29,1611;;;21/01/2010;;;;
4611161;TERRITOIRE;IRS - 12FO - MAIRIE DE ROMAINVILLE/4 RUE DE PARIS;;;SFR_COLL;DSP_MAJ_IRISE;;;OR21;OR1;OR21;CST;MCO;OK;19/02/2007;19/02/2007;C;OPT;C;DI;RF70;12;10;2;2;;5;28,5040;;;19/02/2007;;;;
4609754;TERRITOIRE;IRS - RUE DU CIMETIERE/POP EPITA 2;;;SFR_COLL;DSP_MAJ_IRISE;;;OR21;OR1;OR21;CST;MCO;OK;14/09/2005;14/09/2005;C;OPT;C;DI;RF14;12;10;2;2;;4;872,0664;;;14/09/2005;;;;
4608136;TERRITOIRE;IRS - AV REPUBLIQUE-BOILEAU/AV REPUBLIQUE-PERIER MONTROUGE;;;SFR_COLL;DSP_MAJ_IRISE;;;OR21;OR1;OR21;CST;MCO;OK;16/11/2005;16/11/2005;C;OPT;C;TR;RF19;48;38;10;4;;4;140,9849;;;16/11/2005;;;;
4640891;TERRITOIRE;IRS - 36FO - POP FTTS ARCUEIL BRIAND/BI 11 GUY GOUYON;;;SFR_COLL;DSP_MAJ_IRISE;;;OR21;OR1;OR21;CST;MCO;OK;24/01/2012;24/01/2012;C;OPT;C;TR;RF42;36;32;4;6;;4;24,0625;;;24/01/2012;;;;
12847425;TERRITOIRE;IRS - 12FO - BI / POP ECOLE R BOIVIN PIERREFITTE SUR SEINE - AA;;;SFR_COLL;DSP_MAJ_IRISE;;;OR21;OR1;OR21;CST;MCO;OK;11/05/2018;11/05/2018;C;OPT;C;DI;RF27;12;10;2;2;;5;66,7927;;;11/05/2018;;;;
4630963;TERRITOIRE;IRS - 24FO BI/POP GS_PASTEUR (D47);;;SFR_COLL;DSP_MAJ_IRISE;;;OR21;OR1;OR21;CST;MCO;OK;27/07/2009;27/07/2009;C;OPT;C;DI;RF15;24;20;4;4;;4;22,8473;;;27/07/2009;;;;
4625176;TERRITOIRE;IRS - 48FO - MONTGOLFIER EIFFEL / N-1 STUDIO TV;;;SFR_COLL;DSP_MAJ_IRISE;;;OR21;OR1;OR21;CST;MCO;OK;06/01/2009;06/01/2009;C;OPT;C;TR;RF19;48;44;4;4;;4;34,6701;;;06/01/2009;;;;
4632802;TERRITOIRE;IRS - 144FO - RUE DES CHEMINOTS/POP GENERALI ST DENIS - CO-1;;;SFR_COLL;DSP_MAJ_IRISE;;;OR21;OR1;OR21;CST;MCO;OK;12/08/2011;12/08/2011;C;OPT;C;LH;RF40;144;60;84;12;;4;49,7789;;;12/08/2011;;;;
8856706;HORS TERRITOIRE;12FO - IRS - RUE CHAUFFOURS_QUAI LIVRAISON / POP CNAV CERGY - AA;;;SFR_COLL;DSP_MAJ_IRISE;;;OR21;OR1;OR21;CST;MCO;OK;11/01/2012;11/01/2012;C;OPT;C;DI;RF14;12;12;0;2;;4;195,5805;;;11/01/2012;;;;
10821956;HORS TERRITOIRE;IRS - 36 FO - BPI POP FTTS SUCY EN BRIE - NOISEAU / RUE MAURICE BERTEAUX;;;SFR_COLL;DSP_MAJ_IRISE;;;OR21;OR1;OR21;CST;MCO;OK;23/07/2013;23/07/2013;C;OPT;C;TR;RF26;36;32;4;6;;4;169,3420;;;23/07/2013;;;;
19416388;HORS TERRITOIRE;IRS - 48 FO - ANGLE BD DE STRASBOURD - RUE DU BOIS ST DENIS / POP RPA RESIDENCE PERSONNE AGEES VILLIERS SUR MARNE - BA;;;SFR_COLL;DSP_MAJ_IRISE;;;OR21;OR1;OR21;CST;MCO;OK;25/07/2020;25/07/2020;C;OPT;C;TR;RF61;48;48;0;4;;5;83,2476;;;25/07/2020;;;;
4615267;TERRITOIRE;MGP-RUE DE LA PROCESSION ITX3 ADD 1/POP INTERXION 3 - AD;;;SFR_COLL;DSP_MAJ_IRISE;;;OR21;OR1;OR21;CST;MCO;OK;12/07/2007;12/07/2007;C;OPT;C;TR;RF16;72;66;6;6;;4;115,7618;;;12/07/2007;;;;
4609734;TERRITOIRE;IRS - 14RUE J VANZUPPE/CPTL_IDF_NEOCOM;;;SFR_COLL;DSP_MAJ_IRISE;;;OR21;OR1;OR21;CST;MCO;OK;31/03/2005;31/03/2005;C;OPT;C;DI;RF164;12;10;2;1;;199;56,1154;;;31/03/2005;;;;
22173234;TERRITOIRE;IRS - 24FO - FT267 - AVENUE KARL MARX / FT324 - PLACE AUGUSTE RODIN;;;SFR_COLL;DSP_MAJ_IRISE;;;OR21;OR1;OR21;CST;MCO;OK;05/02/2021;05/02/2021;C;OPT;C;DI;RF29;24;22;2;4;;5;166,2490;;;05/02/2021;;;;
18273961;TERRITOIRE;IRS - 36 FO - IRS - 12 RUE SAINTE-GENEVIEVE / IRS - FT 62 - RUE DES DRUIDES;;;SFR_COLL;DSP_MAJ_IRISE;;;OR21;OR1;OR21;CST;MCO;OK;06/05/2020;06/05/2020;C;OPT;C;TR;RF50;36;36;0;3;;4;988,8382;;;06/05/2020;;;;
7257810;HORS TERRITOIRE;IRS - 144FO - AVE DES BERTHUNES / FT 1623 - AVE DE L EGUILLETTE;;;SFR_COLL;DSP_MAJ_IRISE;;;OR21;OR1;OR21;CST;MCO;OK;03/09/2013;03/09/2013;C;OPT;C;LH;RF22;144;140;4;12;;4;166,4683;;;03/09/2013;;;;
24868898;TERRITOIRE;IRS - 12FO - FT1539 - AV WALWEIN / POP ECOLE MATERNELLE DIDEROT MONTREUIL - AA;;;SFR_COLL;DSP_MAJ_IRISE;;;OR21;OR1;OR21;CST;MCO;OK;22/07/2021;22/07/2021;C;OPT;C;DI;RF27;12;8;4;2;;5;141,6749;;;22/07/2021;;;;
4614445;TERRITOIRE;IRS - 29 RUE JB POTIN/30 RUE DR ARNAUD;;;SFR_COLL;DSP_MAJ_IRISE;;;OR21;OR1;OR21;CST;MCO;OK;18/09/2007;18/09/2007;C;OPT;C;LH;RF122;144;112;32;12;;5;409,8176;;;18/09/2007;;;;
36340275;TERRITOIRE;CH SAT SECURISEE CAM41_FT298 / CH SAT SECURISEE CAM52_FT256;;;SFR_COLL;DSP_MAJ_IRISE;;;OR21;OR1;OR21;CST;MCO;OK;26/01/2023;26/01/2023;C;OPT;C;DI;RF27;12;10;2;2;;5;399,0630;;;26/01/2023;;;;
4632770;TERRITOIRE;IRS - 24FO - POP CMS CYGNES / RUE DE LA BOULANGERIE;;;SFR_COLL;DSP_MAJ_IRISE;;;OR21;OR1;OR21;CST;MCO;OK;23/11/2009;23/11/2009;C;OPT;C;DI;RF15;24;22;2;4;;4;80,9550;;;23/11/2009;;;;
4624004;TERRITOIRE;IRS - 72FO - 104 AVE BRIAND/ANGLE BRIAND-CARNOT;;;SFR_COLL;DSP_MAJ_IRISE;;;OR21;OR1;OR21;CST;MCO;OK;17/05/2011;17/05/2011;C;OPT;C;TR;RF16;72;71;1;6;;4;27,1647;;;17/05/2011;;;;
8455299;TERRITOIRE;IRS - 72FO - ECOLE INFIRMIERE IRISE / IRS- DANTON THOMAS;;;SFR_COLL;DSP_MAJ_IRISE;;;OR21;OR1;OR21;CST;MCO;OK;31/07/2014;31/07/2014;C;OPT;C;TR;RF28;72;68;4;6;;4;605,3483;;;31/07/2014;;;;
4607124;TERRITOIRE;IRS - COLONEL FABIEN/RONSARD-LECLERC BONNEUIL;;;SFR_COLL;DSP_MAJ_IRISE;;;OR21;OR1;OR21;CST;MCO;OK;29/07/2005;29/07/2005;C;OPT;C;TR;RF16;72;35;37;6;;4;239,9293;;;29/07/2005;;;;
18437515;TERRITOIRE;IRS - 144 FO - FT 991 - 20 RUE BERNARD GANTE / FT 171 - 26 AV DETOUCHE;;;SFR_COLL;DSP_MAJ_IRISE;;;OR21;OR1;OR21;CST;MCO;OK;19/05/2020;19/05/2020;C;OPT;C;LH;RF22;144;144;0;12;;4;700,7624;;;19/05/2020;;;;
4641180;HORS TERRITOIRE;IRS - BI CNAV NOISY LE GRAND/29 PROMENADE MICHEL SIMON;;;SFR_COLL;DSP_MAJ_IRISE;;;OR21;OR1;OR21;CST;MCO;OK;07/06/2012;07/06/2012;C;OPT;C;DI;RF15;24;24;0;4;;4;43,1370;;;07/06/2012;;;;
4614977;TERRITOIRE;IRS - 48FO IRS 1023 - 261 AVENUE DE FONTAINEBLEAU / AV DE LA REPUBLIQUE CHEVILLY;;;SFR_COLL;DSP_MAJ_IRISE;;;OR21;OR1;OR21;CST;MCO;OK;25/06/2010;25/06/2010;C;OPT;C;TR;RF19;48;29;19;4;;4;438,8772;;;25/06/2010;;;;
4630358;TERRITOIRE;IRS - 72 FO - 21 AVENUE DESCARTES / N-1 ADD2 AUDIOPTIC CLAMART;;;SFR_COLL;DSP_MAJ_IRISE;;;OR21;OR1;OR21;CST;MCO;OK;10/03/2009;10/03/2009;C;OPT;C;TR;RF16;72;68;4;6;;4;574,3213;;;10/03/2009;;;;
16577073;TERRITOIRE;IRS - 48FO - 32 RUE GABRIEL PERI  MONTROUGE/POP AQUAPOL MONTROUGE - AA;;;SFR_COLL;DSP_MAJ_IRISE;;;OR21;OR1;OR21;CST;MCO;OK;25/11/2019;25/11/2019;C;OPT;C;TR;RF20;48;48;0;8;;5;258,1014;;;25/11/2019;;;;
14975075;TERRITOIRE;IRS - 36 FO - IRS - FT 232 - 35 RUE EDMOND GILETTE / IRS - FT 197 - 110 RUE ROGER SALENGRO CITEGASTON ROULANDD;;;SFR_COLL;DSP_MAJ_IRISE;;;OR21;OR1;OR21;CST;MCO;OK;05/06/2019;05/06/2019;C;OPT;C;TR;RF50;36;34;2;3;;4;595,1788;;;05/06/2019;;;;
4609659;TERRITOIRE;IRS - 24FO - BD VERDUN / PRC INEO 3  BERANGER;;;SFR_COLL;DSP_MAJ_IRISE;;;OR21;OR1;OR21;CST;MCO;OK;01/02/2011;01/02/2011;C;OPT;C;DI;RF30;24;18;6;4;;4;119,3595;;;01/02/2011;;;;
7270723;HORS TERRITOIRE;IRS - 72FO AMBROISE CROIZAT D125/ROND POINT AMBROISE CROIZAT D125/D84A;;;SFR_COLL;DSP_MAJ_IRISE;;;OR21;OR1;OR21;CST;MCO;OK;06/09/2013;06/09/2013;C;OPT;C;TR;RF28;72;72;0;6;;4;185,7311;;;06/09/2013;;;;
7270722;TERRITOIRE;IRS - 72FO - ARTHUR NEIBECKER GARGES/ROND POINT AMBROISE CROIZAT D125/D84A;;;SFR_COLL;DSP_MAJ_IRISE;;;OR21;OR1;OR21;CST;MCO;OK;25/05/2007;25/05/2007;C;OPT;C;TR;RF16;72;30;42;6;;4;648,7211;;;25/05/2007;;;;
22862506;TERRITOIRE;IRS - 12FO - BPI - POP BONNEUIL SUR MARNE POLICE MUNICIPALE / POP BONNEUIL SUR MARNE POLICE MUNICIPALE - AA;;;SFR_COLL;DSP_MAJ_IRISE;;;OR21;OR1;OR21;CST;MCO;OK;29/07/2005;29/07/2005;C;OPT;C;DI;RF14;12;6;6;2;;4;3,6351;;;29/07/2005;;;;
24196595;TERRITOIRE;IRS - 24FO - N-1 FT1062 - 30 RUE DU DOCTEUR ROUX (SCEAUX) - BPE 1/POP THEATRE LES GEMEAUX SCEAUX;;;SFR_COLL;DSP_MAJ_IRISE;;;OR21;OR1;OR21;CST;MCO;OK;16/06/2021;16/06/2021;C;OPT;C;DI;RF163;24;22;2;4;;5;45,2524;;;16/06/2021;;;;
36975778;TERRITOIRE;IRS - 12FO - FT1155 AV DU GENERAL DE GAULLE GENNEVILLIERS (ILE-DE-France) - BPE 1 / FT986 - RUE THOMAS EDISON GENNEVILLIERS (ILE-DE-France) - BPE 1;;;SFR_COLL;DSP_MAJ_IRISE;;;OR21;OR1;OR21;CST;MCO;OK;28/02/2023;28/02/2023;C;OPT;C;DI;RF27;12;11;1;2;;5;617,4660;;;28/02/2023;;;;
27430548;TERRITOIRE;IRS - 24 FO - FT2418 RUE PIERRE DE MONTREUIL BPE 1 / FT2680 RUE DES RUFFINS;;;SFR_COLL;DSP_MAJ_IRISE;;;OR21;OR1;OR21;CST;MCO;OK;21/11/2021;21/11/2021;C;OPT;C;DI;RF29;24;22;2;4;;5;805,8836;;;21/11/2021;;;;
4608608;TERRITOIRE;IRS - 48FO - 40 RUE DU LANDY / RUE DU LANDY ITX3 ADD2;;;SFR_COLL;DSP_MAJ_IRISE;;;OR21;OR1;OR21;CST;MCO;OK;06/09/2010;06/09/2010;C;OPT;C;TR;RF59;48;44;4;4;;5;89,4611;;;06/09/2010;;;;
6281510;TERRITOIRE;IRS - NEW 144FO - AVENUE HENRI BARBUSSE/NEW JULES FERRY PK 3703 (LA COURNEUVE) - BPE1;;;SFR_COLL;DSP_MAJ_IRISE;;;OR21;OR1;OR21;CST;MCO;OK;25/04/2013;25/04/2013;C;OPT;C;LH;RF22;144;59;85;12;;4;905,3407;;;25/04/2013;;;;
4639665;HORS TERRITOIRE;IRS - 144 FO - AVENUE GROS CHENE/AV GROS CHENE_ROSA LUXEMBOURG-2;;;SFR_COLL;DSP_MAJ_IRISE;;;OR21;OR1;OR21;CST;MCO;OK;03/05/2012;03/05/2012;C;OPT;C;LH;RF40;144;121;23;12;;4;594,3231;;;03/05/2012;;;;
18390145;TERRITOIRE;IRS - 36 FO FT 339 - RUE PIERRE LAROUSSE / 1 RUE DE SURESNES;;;SFR_COLL;DSP_MAJ_IRISE;;;OR21;OR1;OR21;CST;MCO;OK;15/05/2020;15/05/2020;C;OPT;C;TR;RF50;36;36;0;6;;4;1451,1568;;;15/05/2020;;;;
37086818;TERRITOIRE;IRS - 12 FO - FT 218 - ALLEE ROBILLARD / FT 363 - ALLEE EMILE ZOLA;;;SFR_COLL;DSP_MAJ_IRISE;;;OR21;OR1;OR21;CST;MCO;OK;06/03/2023;06/03/2023;C;OPT;C;DI;RF27;12;10;2;2;;5;225,9320;;;06/03/2023;;;;
22457378;TERRITOIRE;IRS - 24FO - FT2588 - 107 AV DU PRESIDENT SALVADOR ALLENDE / FT2629 - 187 RUE EDOUARD BRANLY;;;SFR_COLL;DSP_MAJ_IRISE;;;OR21;OR1;OR21;CST;MCO;OK;25/02/2021;25/02/2021;C;OPT;C;DI;RF29;24;22;2;4;;5;620,5289;;;25/02/2021;;;;
4614111;TERRITOIRE;IRS-RUE PAUL DOUMER-RUE BEL AIR/ATELIER GARAGE VOIRIE MONTREUIL;;;SFR_COLL;DSP_MAJ_IRISE;;;OR21;OR1;OR21;CST;MCO;OK;03/11/2006;03/11/2006;C;OPT;C;DI;RF14;12;4;8;2;;4;26,5691;;;03/11/2006;;;;
8411491;HORS TERRITOIRE;IRISE - 36FO - FT 95127-1328 - IRS - N-1 POP PITNEY BOWES / POP PITNEY BOWES (CERGY) - AA;;;SFR_COLL;DSP_MAJ_IRISE;;;OR21;OR1;OR21;CST;MCO;OK;17/07/2014;17/07/2014;C;OPT;C;TR;RF26;36;36;0;6;;4;262,1317;;;17/07/2014;;;;
28807460;TERRITOIRE;IRISE - 12 FO - PRC-FT1697 / POP CAM 7_2 ROSNY SOUS BOIS - AA;;;SFR_COLL;DSP_MAJ_IRISE;;;OR21;OR1;OR21;CST;MCO;OK;06/01/2022;06/01/2022;C;OPT;C;DI;RF27;12;10;2;2;;5;38,4459;;;06/01/2022;;;;
24552737;TERRITOIRE;IRS - 12 FO - POP THEATRE ET CINEMA VICTOR HUGO BAGNEUX / FT 01 - AVENUE VICTOR HUGO - AA;;;SFR_COLL;DSP_MAJ_IRISE;;;OR21;OR1;OR21;CST;MCO;OK;02/07/2021;02/07/2021;C;OPT;C;DI;RF27;12;8;4;2;;5;37,0286;;;02/07/2021;;;;
36554688;TERRITOIRE;CH SAT SECURISEE CAM23 _FT869 / CH SAT SECURISEE CAM21_FT875;;;SFR_COLL;DSP_MAJ_IRISE;;;OR21;OR1;OR21;CST;MCO;OK;07/02/2023;07/02/2023;C;OPT;C;DI;RF27;12;10;2;2;;5;207,7704;;;07/02/2023;;;;
4603586;TERRITOIRE;IRS - CARNOT-LECLERC/AUGER-CONGO;;;SFR_COLL;DSP_MAJ_IRISE;;;OR21;OR1;OR21;CST;MCO;OK;19/07/2004;19/07/2004;C;OPT;C;LH;RF22;144;38;106;12;;4;538,6695;;;19/07/2004;;;;
7224210;TERRITOIRE;IRS - 144FO - LD - FT - 12 AVENUE DE LA RESISTANCE (MONTREUIL) - BPE1 / IRS - HORNET_STALINGRAD (BAGNOLET) - BPE1;;;SFR_COLL;DSP_MAJ_IRISE;;;OR21;OR1;OR21;CST;MCO;OK;23/08/2013;23/08/2013;C;OPT;C;LH;RF22;144;129;15;12;;4;804,6717;;;23/08/2013;;;;
5811430;TERRITOIRE;IRS - 144FO - 40 RUE MARECHAL LECLERC/49 RUE MARECHAL LECLERC;;;SFR_COLL;DSP_MAJ_IRISE;;;OR21;OR1;OR21;CST;MCO;OK;05/03/2013;05/03/2013;C;OPT;C;LH;RF22;144;56;88;12;;4;643,7758;;;05/03/2013;;;;
4596535;TERRITOIRE;IRS - 169 RUE GABRIEL PERI IRISE/VERS NOOS G PERI;;;SFR_COLL;DSP_MAJ_IRISE;;;OR21;OR1;OR21;CST;MCO;OK;23/08/2002;23/08/2002;C;OPT;C;DI;RF54;12;8;4;6;;4;65,2469;;;23/08/2002;;;;
38227941;TERRITOIRE;IRS - 12FO - FT67 / CH SAT SECURISEE CAM15_FT43;;;SFR_COLL;DSP_MAJ_IRISE;;;OR21;OR1;OR21;CST;MCO;OK;10/05/2023;10/05/2023;C;OPT;C;DI;RF130;12;10;2;1;;5;176,4379;;;10/05/2023;;;;
4606218;TERRITOIRE;IRS - JULES FERRY / 84 RUE DU QUATRIEME ZOUAVE;;;SFR_COLL;DSP_MAJ_IRISE;;;OR21;OR1;OR21;CST;MCO;OK;30/01/2001;30/01/2001;C;OPT;C;LH;RF56;144;81;63;12;;4;735,6160;;;30/01/2001;;;;
19581217;TERRITOIRE;12 RUE SAINTE-GENEVIEVE - LAGUE/MAIRIE RUNGIS;;;SFR_COLL;DSP_MAJ_IRISE;;;OR21;OR1;OR21;CST;MCO;OK;18/04/2007;18/04/2007;C;OPT;C;TR;RF42;36;36;0;6;;4;41,3256;;;18/04/2007;;;;
4624181;TERRITOIRE;IRS - 24 FO - 50-62 AV F ARAGO/POP JET MULTIMEDIA;;;SFR_COLL;DSP_MAJ_IRISE;;;OR21;OR1;OR21;CST;MCO;OK;10/07/2008;10/07/2008;C;OPT;C;DI;RF15;24;24;0;4;;4;35,4162;;;10/07/2008;;;;
4624184;TERRITOIRE;IRS - 72FO - 50-62 AV F ARAGO/AV FRANCOIS ARAGO;;;SFR_COLL;DSP_MAJ_IRISE;;;OR21;OR1;OR21;CST;MCO;OK;10/07/2008;10/07/2008;C;OPT;C;TR;RF16;72;72;0;6;;4;75,0406;;;10/07/2008;;;;
4625493;TERRITOIRE;IRS - 24FO - 52 RUE ESTIENNE D'ORVES/CLAMART CUISINE CENTRALE - AA;;;SFR_COLL;DSP_MAJ_IRISE;;;OR21;OR1;OR21;CST;MCO;OK;12/01/2009;12/01/2009;C;OPT;C;DI;RF15;24;22;2;4;;4;13,8396;;;12/01/2009;;;;
36843310;TERRITOIRE;IRS - 12FO - CH SAT SECURISEE CAM CAM14_FT8 /  POP CAMERA 14 - AA;;;SFR_COLL;DSP_MAJ_IRISE;;;OR21;OR1;OR21;CST;MCO;OK;21/02/2023;21/02/2023;C;OPT;C;DI;RF130;12;10;2;1;;5;14,3466;;;21/02/2023;;;;
36650338;TERRITOIRE;IRISE - 12FO - N-1 ROBILLARD _FT220 / FT222 - 16 ALL. ROBILLARD LES PAVILLONS-SOUS-B (ILE-DE-France);;;SFR_COLL;DSP_MAJ_IRISE;;;OR21;OR1;OR21;CST;MCO;OK;10/02/2023;10/02/2023;C;OPT;C;DI;RF27;12;8;4;2;;5;35,3606;;;10/02/2023;;;;
4594842;TERRITOIRE;IRS - 144FO - CABLE 02 - VERS ARMOIRE DE RUE - VERS ST MAURICE - AB;;;SFR_COLL;DSP_MAJ_IRISE;;;OR21;OR1;OR21;CST;MCO;OK;10/10/2002;10/10/2002;C;OPT;C;LH;RF56;144;88;56;12;;4;21,4110;;;10/10/2002;;;;
4604040;TERRITOIRE;IRS - 48FO - RUE JULES VEDRINES/C606 SDE 005 RUE DE LA LIBERTE;;;SFR_COLL;DSP_MAJ_IRISE;;;OR21;OR1;OR21;CST;MCO;OK;26/10/2004;26/10/2004;C;OPT;C;TR;RF19;48;30;18;4;;4;668,2660;;;26/10/2004;;;;
22088143;TERRITOIRE;24 FO - BPE FT 435 / BPE  FT768;;;SFR_COLL;DSP_MAJ_IRISE;;;OR21;OR1;OR21;CST;MCO;OK;02/02/2021;02/02/2021;C;OPT;C;DI;RF29;24;22;2;4;;5;278,3976;;;02/02/2021;;;;
36533862;TERRITOIRE;12 FO - BOITE EN CH_FT1022 / N-1 PETITS VOYAGEUR_FT1094;;;SFR_COLL;DSP_MAJ_IRISE;;;OR21;OR1;OR21;CST;MCO;OK;06/02/2023;06/02/2023;C;OPT;C;DI;RF27;12;0;12;2;;5;7,8035;;;06/02/2023;;;;
8948295;HORS TERRITOIRE;24 FO - IRISE - RUE THEODOR BULLIER_RUE DE FLANDRES / ROUTE DE GARGES (SARCELLES);;;SFR_COLL;DSP_MAJ_IRISE;;;OR21;OR1;OR21;CST;MCO;OK;27/01/2015;27/01/2015;C;OPT;C;DI;RF17;24;22;2;2;;4;544,5489;;;27/01/2015;;;;
12820625;HORS TERRITOIRE;12 FO - POP LES ESTUDINES SAINT CHRISTOPHE CERGY;;;SFR_COLL;DSP_MAJ_IRISE;;;OR21;OR1;OR21;CST;MCO;OK;02/05/2018;02/05/2018;C;OPT;C;DI;RF130;12;11;1;1;;5;52,6203;;;02/05/2018;;;;
17293025;HORS TERRITOIRE;12 FO - IRS - FT 379 - ROUTE DE BRY - RUE ADRIEN MENTIENNE / POP ANCIENNE GENDARMERIE VILLIERS SUR MARNE;;;SFR_COLL;DSP_MAJ_IRISE;;;OR21;OR1;OR21;CST;MCO;OK;05/02/2020;05/02/2020;C;OPT;C;DI;RF66;12;10;2;2;;236;147,6728;;;05/02/2020;;;;
17373206;TERRITOIRE;IRS - 36 FO - IRS - 79 AVENUE DU MARECHAL DE LATTRE DE TASSIGNY / FT 979 - 87 AVENUE CHEVREUL;;;SFR_COLL;DSP_MAJ_IRISE;;;OR21;OR1;OR21;CST;MCO;OK;12/02/2020;12/02/2020;C;OPT;C;TR;RF50;36;36;0;3;;4;1210,1319;;;12/02/2020;;;;
4608137;TERRITOIRE;IRS - AV REPUBLIQUE-RUE PERIER/RUE MAURICE ARNOUX-RUE PERIER MONTROUGE;;;SFR_COLL;DSP_MAJ_IRISE;;;OR21;OR1;OR21;CST;MCO;OK;16/11/2005;16/11/2005;C;OPT;C;TR;RF19;48;36;12;4;;4;486,3460;;;16/11/2005;;;;
8289219;TERRITOIRE;IRS - 144FO - LD - 54 RUE FRATACCI/34 BD ANTOINE FRATACCI;;;SFR_COLL;DSP_MAJ_IRISE;;;OR21;OR1;OR21;CST;MCO;OK;17/06/2014;17/06/2014;C;OPT;C;LH;RF22;144;134;10;12;;4;172,0790;;;17/06/2014;;;;
8948296;HORS TERRITOIRE;24 FO - IRISE - ROUTE DE GARGES (SARCELLES) / PRC INEO CAM 11;;;SFR_COLL;DSP_MAJ_IRISE;;;OR21;OR1;OR21;CST;MCO;OK;27/01/2015;27/01/2015;C;OPT;C;DI;RF17;24;22;2;2;;4;16,3224;;;27/01/2015;;;;
17810276;TERRITOIRE;IRS - 144 FO - IRS - FT 603 - RUE GAGNEE /IRS - FT 581 - RUE AUBER;;;SFR_COLL;DSP_MAJ_IRISE;;;OR21;OR1;OR21;CST;MCO;OK;23/03/2020;23/03/2020;C;OPT;C;LH;RF22;144;144;0;12;;4;966,8550;;;23/03/2020;;;;
4631970;TERRITOIRE;IRS - 36 FO - N-1 FRESNES(STADE-STALINGRAD)/2 RUE LOUIS BLERIOT (CHEVILLY LARUE);;;SFR_COLL;DSP_MAJ_IRISE;;;OR21;OR1;OR21;CST;MCO;OK;13/03/2012;13/03/2012;C;OPT;C;TR;RF42;36;32;4;6;;4;17,1425;;;13/03/2012;;;;
4596525;TERRITOIRE;IRS - CAB 2 - 77 AV DE LA RESISTANCE/79 AV ROBINSON;;;SFR_COLL;DSP_MAJ_IRISE;;;OR21;OR1;OR21;CST;MCO;OK;25/06/2001;25/06/2001;C;OPT;C;TR;RF12;48;23;25;6;;5;872,4519;;;25/06/2001;;;;
7433201;TERRITOIRE;IRS - 24FO - LD - AVENUE DE LA METALLURGIE / POP AB PROD - BA;;;SFR_COLL;DSP_MAJ_IRISE;;;OR21;OR1;OR21;CST;MCO;OK;24/10/2013;24/10/2013;C;OPT;C;DI;RF30;24;22;2;4;;4;45,6289;;;24/10/2013;;;;
4605043;TERRITOIRE;IRS - 63 AV HENRIOT/AV CH DE GAULLE (TUB8);;;SFR_COLL;DSP_MAJ_IRISE;;;OR21;OR1;OR21;CST;MCO;OK;30/01/2001;30/01/2001;C;OPT;C;LH;RF40;144;84;60;12;;4;516,7734;;;30/01/2001;;;;
36793063;TERRITOIRE;12 FO - CH SAT SECURISEE CAM25_FT975 / POP CAMERA 25 - AA;;;SFR_COLL;DSP_MAJ_IRISE;;;OR21;OR1;OR21;CST;MCO;OK;17/02/2023;17/02/2023;C;OPT;C;DI;RF27;12;10;2;2;;5;11,6644;;;17/02/2023;;;;
4611472;TERRITOIRE;IRS - 31 RUE THEOPHILE SUEUR/BD T SUEUR;;;SFR_COLL;DSP_MAJ_IRISE;;;OR21;OR1;OR21;CST;MCO;OK;20/11/2006;20/11/2006;C;OPT;C;LH;RF56;144;75;69;12;;4;363,3783;;;20/11/2006;;;;
4639919;TERRITOIRE;IRS - 36FO - N-1 POP FTTS LE PERREUX/ALSACE LORRAINE FERRY;;;SFR_COLL;DSP_MAJ_IRISE;;;OR21;OR1;OR21;CST;MCO;OK;20/02/2012;20/02/2012;C;OPT;C;TR;RF26;36;32;4;6;;4;210,0515;;;20/02/2012;;;;
4600631;HORS TERRITOIRE;IRS - 24FO - BD MELIES/N-1 CAA NOISY;;;SFR_COLL;DSP_MAJ_IRISE;;;OR21;OR1;OR21;CST;MCO;OK;01/01/2002;01/01/2002;C;OPT;C;DI;RF67;24;10;14;2;;5;1043,1793;;;01/01/2002;;;;
8875906;HORS TERRITOIRE;IRS- 72FO - LD - IRS - RUE OBERKAMPF / IRS - FT 776 - RUE DE BAUVINON;;;SFR_COLL;DSP_MAJ_IRISE;;;OR21;OR1;OR21;CST;MCO;OK;02/07/2014;02/07/2014;C;OPT;C;TR;RF28;72;70;2;6;;4;279,3875;;;02/07/2014;;;;
22728777;TERRITOIRE;IRS - 12FO - RUE AMBROISE CROIZAT-RUE MARCEL PAUL VILLEJUIF - BPE 2 / POP CAMERA 53 VILLEJUIF;;;SFR_COLL;DSP_MAJ_IRISE;;;OR21;OR1;OR21;CST;MCO;OK;16/03/2021;16/03/2021;C;OPT;C;DI;RF27;12;10;2;2;;5;12,8791;;;16/03/2021;;;;
22606840;TERRITOIRE;IRS - 24FO - FT2216 - 25 RUE EMILE BEAUFILS / FT2074 - 14 AV DU PRESIDENT SALVADOR ALLENDE;;;SFR_COLL;DSP_MAJ_IRISE;;;OR21;OR1;OR21;CST;MCO;OK;08/03/2021;08/03/2021;C;OPT;C;DI;RF29;24;22;2;4;;5;490,4792;;;08/03/2021;;;;
28608756;TERRITOIRE;IRS 24 FO - FT2122 - RUE SAINT DENIS (MONTREUIL) - BPE 1 / IRS - FT2577 - 20 RUE DES HAIES FLURIES (MONTREUIL) - BPE 1;;;SFR_COLL;DSP_MAJ_IRISE;;;OR21;OR1;OR21;CST;MCO;OK;28/12/2021;28/12/2021;C;OPT;C;DI;RF29;24;22;2;4;;5;643,0317;;;28/12/2021;;;;
4607222;TERRITOIRE;IRS - 99 AV HENRI GINOUX-RN20/105 AV HENRI GINOUX;;;SFR_COLL;DSP_MAJ_IRISE;;;OR21;OR1;OR21;CST;MCO;OK;03/10/2005;03/10/2005;C;OPT;C;TR;RF19;48;36;12;4;;4;46,2624;;;03/10/2005;;;;
10215605;TERRITOIRE;IRS - 72FO - N-1 POLICE MUNICIPALE AUBERVILLIERS  / HOTEL DE VILLE AUBERVILLIERS - AB;;;SFR_COLL;DSP_MAJ_IRISE;;;OR21;OR1;OR21;CST;MCO;OK;30/08/2016;30/08/2016;C;OPT;C;TR;RF28;72;66;6;6;;4;177,5216;;;30/08/2016;;;;
4606199;TERRITOIRE;IRS - 144FO - FINOT_POULBOT/109 BD DE LA LIBERATION;;;SFR_COLL;DSP_MAJ_IRISE;;;OR21;OR1;OR21;CST;MCO;OK;04/11/2008;04/11/2008;C;OPT;C;LH;RF22;144;136;8;12;;4;421,5822;;;04/11/2008;;;;
34618023;TERRITOIRE;IRS - 72 FO - 38 RUE DE FONTENAY BPE 2 / FT641 - 124B AVENUE DE LA REPUBLIQUE (FONTENAY-SOUS-BOIS);;;SFR_COLL;DSP_MAJ_IRISE;;;OR21;OR1;OR21;CST;MCO;OK;25/10/2022;25/10/2022;C;OPT;C;TR;RF22;72;72;0;6;;4;1736,4753;;;25/10/2022;;;;
21884594;TERRITOIRE;IRS - 144 FO - FT 41 - 46 BOULEVARD ARISTIDE BRIAND / 6 BLD DE VERDUN (COURBEVOIE);;;SFR_COLL;DSP_MAJ_IRISE;;;OR21;OR1;OR21;CST;MCO;OK;15/01/2021;15/01/2021;C;OPT;C;LH;RF22;144;144;0;12;;4;484,2589;;;15/01/2021;;;;
4623768;TERRITOIRE;IRS - 72FO - JOFFRE-N310 RUE CAERRIERES/RUE DE PARIS - RP AV DE LA REPUBLIQUE;;;SFR_COLL;DSP_MAJ_IRISE;;;OR21;OR1;OR21;CST;MCO;OK;12/07/2010;12/07/2010;C;OPT;C;TR;RF16;72;52;20;6;;4;1094,9855;;;12/07/2010;;;;
32184737;TERRITOIRE;IRS - 36 FO - FT 180 - 43 VA JEAN MOULIN / CH Mairie Ile St Denis (VILLENEUVE-LA-GARENNE);;;SFR_COLL;DSP_MAJ_IRISE;;;OR21;OR1;OR21;CST;MCO;OK;17/06/2022;17/06/2022;C;OPT;C;TR;RF50;36;36;0;3;;4;756,8335;;;17/06/2022;;;;
29413226;TERRITOIRE;IRS - 36 FO - 115 AVENUE DE LA DIVISION LECLERC / FT 404 - 25 BIS RUE EDOUARD VAILLANT;;;SFR_COLL;DSP_MAJ_IRISE;;;OR21;OR1;OR21;CST;MCO;OK;08/02/2022;08/02/2022;C;OPT;C;TR;RF50;36;36;0;3;;4;420,1622;;;08/02/2022;;;;
42324257;TERRITOIRE;IRS - 24 FO - ARISTIDE-BRIAND / FT 91 - AVENUE ARISTIDE BRIAND;;;SFR_COLL;DSP_MAJ_IRISE;;;OR21;OR1;OR21;CST;MCO;OK;11/12/2023;11/12/2023;C;OPT;C;DI;RF29;24;20;4;4;;5;640,4826;;;11/12/2023;;;;
4636751;TERRITOIRE;IRS - 144FO - RUE DAUBIGNY/RUE LOUIS RAMEAU;;;SFR_COLL;DSP_MAJ_IRISE;;;OR21;OR1;OR21;CST;MCO;OK;23/05/2012;23/05/2012;C;OPT;C;LH;RF40;144;130;14;12;;4;1122,6776;;;23/05/2012;;;;
19830754;TERRITOIRE;IRIS 36 FO - FT 830 - 38 AVENUE DU CIMETIERE / 132 AV DU PRESIDENT WILSON - AB PROD ADD1;;;SFR_COLL;DSP_MAJ_IRISE;;;OR21;OR1;OR21;CST;MCO;OK;24/08/2020;24/08/2020;C;OPT;C;TR;RF50;36;36;0;3;;4;748,1596;;;24/08/2020;;;;
41354337;TERRITOIRE;IRS - 12FO - FT163 - 44 RUE DU 8 MAI 1945 / POP GS HENRI WALLONN - AA;;;SFR_COLL;DSP_MAJ_IRISE;;;OR21;OR1;OR21;CST;MCO;OK;23/10/2023;23/10/2023;C;OPT;C;DI;RF27;12;10;2;2;;5;272,4882;;;23/10/2023;;;;
36843311;TERRITOIRE;IRS - 12FO - FT67 / CH SAT SECURISEE CAM CAM14_FT8;;;SFR_COLL;DSP_MAJ_IRISE;;;OR21;OR1;OR21;CST;MCO;OK;21/02/2023;21/02/2023;C;OPT;C;DI;RF130;12;8;4;1;;5;210,3805;;;21/02/2023;;;;
36843312;TERRITOIRE;IRS - 24FO - POP ECOLE DAUBIE / FT67 - AA;;;SFR_COLL;DSP_MAJ_IRISE;;;OR21;OR1;OR21;CST;MCO;OK;21/02/2023;21/02/2023;C;OPT;C;DI;RF31;24;18;6;2;;5;82,5746;;;21/02/2023;;;;
7700114;HORS TERRITOIRE;IRS - 24FO - LD - POP MI-GENDARMERIE DGGN / R CLAUDE BERNARD (CLAMART) - AA;;;SFR_COLL;DSP_MAJ_IRISE;;;OR21;OR1;OR21;CST;MCO;OK;14/01/2014;14/01/2014;C;OPT;C;DI;RF105;24;23;1;2;;4;106,0237;;;14/01/2014;;;;
4596756;TERRITOIRE;IRS - 24FO - ANGLE BATELIERS / HUGO / POP LEROY MERLIN SAINT-OUEN - AA;;;SFR_COLL;DSP_MAJ_IRISE;;;OR21;OR1;OR21;CST;MCO;OK;06/10/2010;06/10/2010;C;OPT;C;DI;RF15;24;24;0;4;;4;64,2882;;;06/10/2010;;;;
7452721;TERRITOIRE;IRS - 144 FO - LD - BAGUETTE - 66 QUAI DU MAL JOFFRE - BPE 1 / BPE2;;;SFR_COLL;DSP_MAJ_IRISE;;;OR21;OR1;OR21;CST;MCO;OK;30/10/2013;30/10/2013;C;OPT;C;LH;RF22;144;143;1;12;;4;18,4141;;;30/10/2013;;;;
36627299;TERRITOIRE;12 FO - IRS 37 RUE GAETANT LAMY / POP ECOLE LAMY AUBERVILLIERS -AA;;;SFR_COLL;DSP_MAJ_IRISE;;;OR21;OR1;OR21;CST;MCO;OK;09/02/2023;09/02/2023;C;OPT;C;DI;RF27;12;8;4;2;;5;8,9373;;;09/02/2023;;;;
29589217;TERRITOIRE;IRS - 12FO - RUE DU 11 NOVEMBRE/POP N019 CHAMBRE IRISE;;;SFR_COLL;DSP_MAJ_IRISE;;;OR21;OR1;OR21;CST;MCO;OK;16/02/2022;16/02/2022;C;OPT;C;DI;RF37;12;10;2;2;;5;126,7678;;;16/02/2022;;;;
21972277;HORS TERRITOIRE;IRS - 12 FO - FT382 - 118 RUE JEAN JAURES / PRC CAMERA C25 CHAMBRE IRISE;;;SFR_COLL;DSP_MAJ_IRISE;;;OR21;OR1;OR21;CST;MCO;OK;22/01/2021;22/01/2021;C;OPT;C;DI;RF27;12;10;2;2;;5;374,1024;;;22/01/2021;;;;
17404850;TERRITOIRE;IRS - 144 FO - FT 848 - 6 RUE DES CARRIERES MORILLON / FT 760 - 9007B AVENUE DE A CARELLE;;;SFR_COLL;DSP_MAJ_IRISE;;;OR21;OR1;OR21;CST;MCO;OK;14/02/2020;14/02/2020;C;OPT;C;LH;RF22;144;144;0;12;;4;902,8187;;;14/02/2020;;;;
4626128;TERRITOIRE;IRS - 144 FO - AV EDOUARD VAILLANT(DRANCY)/RUE ROBESPIERRE(BOBIGNY);;;SFR_COLL;DSP_MAJ_IRISE;;;OR21;OR1;OR21;CST;MCO;OK;13/06/2012;13/06/2012;C;OPT;C;LH;RF40;144;140;4;12;;4;411,3024;;;13/06/2012;;;;
38148899;TERRITOIRE;IRISE - 12FO - CH SAT SECURISEE CAM14_FT8 / CH SAT SECURISEE CAM09_FT939;;;SFR_COLL;DSP_MAJ_IRISE;;;OR21;OR1;OR21;CST;MCO;OK;05/05/2023;05/05/2023;C;OPT;C;DI;RF130;12;10;2;1;;5;348,3900;;;05/05/2023;;;;
4614805;TERRITOIRE;IRS-126 RUE DE ROSNY/ANGLE RUE ST JUST-RUE PIERRE DE MONTREUIL;;;SFR_COLL;DSP_MAJ_IRISE;;;OR21;OR1;OR21;CST;MCO;OK;03/11/2006;03/11/2006;C;OPT;C;TR;RF16;72;62;10;6;;4;449,9375;;;03/11/2006;;;;
36843301;TERRITOIRE;IRS - 12FO - POP CAMERA 48 / CH SAT SECURISEE  CAM48_FT613 - AA;;;SFR_COLL;DSP_MAJ_IRISE;;;OR21;OR1;OR21;CST;MCO;OK;21/02/2023;21/02/2023;C;OPT;C;DI;RF27;12;10;2;2;;5;16,1609;;;21/02/2023;;;;
4608065;TERRITOIRE;IRS - 40-42 RUE FRATACCI / CH IRISE 1341 - ANGLE BD GABRIEL PERI x RUE ANDRE COIN;;;SFR_COLL;DSP_MAJ_IRISE;;;OR21;OR1;OR21;CST;MCO;OK;21/04/2008;21/04/2008;C;OPT;C;LH;RF56;144;37;107;12;;4;929,2889;;;21/04/2008;;;;
22364307;TERRITOIRE;IRS - 24FO - ECOLE INFIRMIERE IRISE-1 / FT77 - 52 AVENUE CHARLES GIDE;;;SFR_COLL;DSP_MAJ_IRISE;;;OR21;OR1;OR21;CST;MCO;OK;19/02/2021;19/02/2021;C;OPT;C;DI;RF29;24;20;4;4;;5;415,1282;;;19/02/2021;;;;
28923938;TERRITOIRE;IRISE - 12 FO - PRC - Rue Cam?Ælinat Rosny-sous-Bois  / POP GOLF 2 CAM 10.2 ROSNY SOUS BOIS - AA;;;SFR_COLL;DSP_MAJ_IRISE;;;OR21;OR1;OR21;CST;MCO;OK;12/01/2022;12/01/2022;C;OPT;C;DI;RF27;12;11;1;2;;5;208,6705;;;12/01/2022;;;;
24452259;TERRITOIRE;IRS - 12FO - N-1 MAIRIE DE MONTREUIL / BPI FAUX PLAFOND;;;SFR_COLL;DSP_MAJ_IRISE;;;OR21;OR1;OR21;CST;MCO;OK;28/06/2021;28/06/2021;C;OPT;C;DI;RF130;12;10;2;1;;5;44,3711;;;28/06/2021;;;;
29224500;TERRITOIRE;IRS - 12 FO - BPI - POP BONNEUIL SUR MARNE - FOYER VOELCKEL / POP BONNEUIL SUR MARNE - FOYER VOELCKEL - AB;;;SFR_COLL;DSP_MAJ_IRISE;;;OR21;OR1;OR21;CST;MCO;OK;28/01/2022;28/01/2022;C;OPT;C;DI;RF27;12;6;6;2;;5;15,8573;;;28/01/2022;;;;
4642216;HORS TERRITOIRE;IRS - 72FO - BI VERIFON ISSY/P9205-PT1690-195;;;SFR_COLL;DSP_MAJ_IRISE;;;OR21;OR1;OR21;CST;MCO;OK;21/03/2012;21/03/2012;C;OPT;C;TR;RF16;72;71;1;6;;4;39,1155;;;21/03/2012;;;;
4628941;HORS TERRITOIRE;IRS - 48FO - STALINGRAD/ROUGET DE L'ISLE;;;SFR_COLL;DSP_MAJ_IRISE;;;OR21;OR1;OR21;CST;MCO;OK;10/07/2008;10/07/2008;C;OPT;C;TR;RF19;48;7;41;4;;4;15,8113;;;10/07/2008;;;;
4629854;TERRITOIRE;IRS - 48FO - N-1 GROUPE SCOLAIRE PERRIER / ARMOIRE DE RUE 2 - AB;;;SFR_COLL;DSP_MAJ_IRISE;;;OR21;OR1;OR21;CST;MCO;OK;06/01/2009;06/01/2009;C;OPT;C;TR;RF60;48;44;4;8;;4;334,3911;;;06/01/2009;;;;
7264243;HORS TERRITOIRE;IRS - 144FO - AVE DU CHATEAU / FT 896 - AVE DU CHATEAU;;;SFR_COLL;DSP_MAJ_IRISE;;;OR21;OR1;OR21;CST;MCO;OK;05/09/2013;05/09/2013;C;OPT;C;LH;RF22;144;140;4;12;;4;419,9405;;;05/09/2013;;;;
33949858;TERRITOIRE;IRS - 36 FO - FT 180 - 43 VA JEAN MOULIN / FT 287 - 34 AV DU 8 MAI 1945 (VILLENEUVE-LA-GARENNE);;;SFR_COLL;DSP_MAJ_IRISE;;;OR21;OR1;OR21;CST;MCO;OK;22/09/2022;22/09/2022;C;OPT;C;TR;RF50;36;36;0;3;;4;655,6206;;;22/09/2022;;;;
15295133;TERRITOIRE;IRS - BAG 72 FO - AV DES LOTS COMMUNAUX (N-1 CAA GENNEVILLIERS) BPE 1 / BPE 2;;;SFR_COLL;DSP_MAJ_IRISE;;;OR21;OR1;OR21;CST;MCO;OK;12/07/2019;12/07/2019;C;OPT;C;TR;RF28;72;71;1;6;;4;4,3568;;;12/07/2019;;;;
22844915;TERRITOIRE;IRS - 24FO - FT587 - 94 RUE HOCHE / FT916 - 12 RUE DE L'EPINE PROLONGEE;;;SFR_COLL;DSP_MAJ_IRISE;;;OR21;OR1;OR21;CST;MCO;OK;24/03/2021;24/03/2021;C;OPT;C;DI;RF29;24;20;4;4;;5;314,4401;;;24/03/2021;;;;
4628327;TERRITOIRE;144 FO - IRS - 12 RUE DE COULMIERS(NOGENT SUR MARNE)/IRS - RUE DE COULMIER;;;SFR_COLL;DSP_MAJ_IRISE;;;OR21;OR1;OR21;CST;MCO;OK;07/08/2012;07/08/2012;C;OPT;C;LH;RF40;144;141;3;12;;4;494,3672;;;07/08/2012;;;;
4628318;TERRITOIRE;IRS - 12FO - INTEROUTE - 132 AV DU PRESIDENT WILSON - AB PROD ADD1 / POP AB GROUP;;;SFR_COLL;DSP_MAJ_IRISE;;;OR21;OR1;OR21;CST;MCO;OK;19/06/2008;19/06/2008;C;OPT;C;DI;RF160;12;10;2;1;;5;42,0116;;;19/06/2008;;;;
4610756;TERRITOIRE;IRS - 24FO - RUE HENRI BARBUSSE_ALL RICHARD BLOCH / POP CMS HENRI BARBUSSE;;;SFR_COLL;DSP_MAJ_IRISE;;;OR21;OR1;OR21;CST;MCO;OK;04/02/2010;04/02/2010;C;OPT;C;DI;RF15;24;20;4;4;;4;171,0481;;;04/02/2010;;;;
21884595;TERRITOIRE;IRS - 144 FO - FT 1414 - 29 RUE DE LA SABLIERE / FT 41 - 46 BOULEVARD ARISTIDE BRIAND;;;SFR_COLL;DSP_MAJ_IRISE;;;OR21;OR1;OR21;CST;MCO;OK;15/01/2021;15/01/2021;C;OPT;C;LH;RF22;144;144;0;12;;4;1237,8311;;;15/01/2021;;;;
7878019;TERRITOIRE;144FO - RFF - IRS_RFF_PK83435 CHOISY - BPE1/BPE3;;;SFR_COLL;DSP_MAJ_IRISE;;;OR21;OR1;OR21;CST;MCO;OK;27/02/2014;27/02/2014;C;OPT;C;LH;RF36;144;138;6;12;;145;15,6555;;;27/02/2014;;;;
4603655;TERRITOIRE;IRS - PASSAGE LACROIX/N-1 CAA ST OUEN;;;SFR_COLL;DSP_MAJ_IRISE;;;OR21;OR1;OR21;CST;MCO;OK;21/09/2004;21/09/2004;C;OPT;C;TR;RF19;48;21;27;4;;4;119,6529;;;21/09/2004;;;;
18437513;TERRITOIRE;IRS - 144 FO - FT 196 - 14 AV LONGPERIER / FT 242 - 35 AV MARCEL;;;SFR_COLL;DSP_MAJ_IRISE;;;OR21;OR1;OR21;CST;MCO;OK;19/05/2020;19/05/2020;C;OPT;C;LH;RF22;144;144;0;12;;4;813,6698;;;19/05/2020;;;;
5265170;TERRITOIRE;A NE PAS UTILISER_IRS - 72FO - ADAMOV REPUBLIQUE/NEW ADAMOV REPUBLIQUE;;;SFR_COLL;DSP_MAJ_IRISE;;;OR21;OR1;OR21;CST;MCO;OK;19/09/2005;19/09/2005;C;OPT;C;TR;RF16;72;41;31;6;;4;2,7865;;;19/09/2005;;;;
44410340;TERRITOIRE;IRISE - 12FO - CH SAT SECURISEE CAM68 _FT712 / POP ECOLE ROBILLARD LES PAVILLONS SOUS BOIS - AB;;;SFR_COLL;DSP_MAJ_IRISE;;;OR21;OR1;OR21;CST;MCO;OK;19/04/2024;19/04/2024;C;OPT;C;DI;RF27;12;12;0;2;;5;503,2298;;;19/04/2024;;;;
42756264;TERRITOIRE;IRS - 144FO - AV DU GENERAL DE GAULLE BPE2/AV M LECLERC HAUTECLOQUE;;;SFR_COLL;DSP_MAJ_IRISE;;;OR21;OR1;OR21;CST;MCO;OK;05/08/2014;05/08/2014;C;OPT;C;LH;RF22;144;139;5;12;;4;63,1405;;;05/08/2014;;;;
4616391;TERRITOIRE;IRS - 12FO - GABRIEL PERI_PLACE EMILE ZOLA/POP CIMETIERE (ROSNY-SOUS-BOIS);;;SFR_COLL;DSP_MAJ_IRISE;;;OR21;OR1;OR21;CST;MCO;OK;09/10/2007;09/10/2007;C;OPT;C;DI;RF45;12;8;4;2;;4;34,6901;;;09/10/2007;;;;
4623999;TERRITOIRE;IRS - 36 FO - VILLENEUVE_PAYMAL/POP SNCF PAYMAL - AB;;;SFR_COLL;DSP_MAJ_IRISE;;;OR21;OR1;OR21;CST;MCO;OK;03/03/2008;03/03/2008;C;OPT;C;TR;RF42;36;34;2;6;;4;62,3497;;;03/03/2008;;;;
18437514;TERRITOIRE;IRS - 144 FO - FT 171 - 26 AV DETOUCHE / FT 196 - 14 AV LONGPERIER;;;SFR_COLL;DSP_MAJ_IRISE;;;OR21;OR1;OR21;CST;MCO;OK;19/05/2020;19/05/2020;C;OPT;C;LH;RF22;144;144;0;12;;4;729,0901;;;19/05/2020;;;;
8464284;TERRITOIRE;IRS - 144FO - AV DU GENERAL DE GAULLE BPE2/AV M LECLERC HAUTECLOQUE;;;SFR_COLL;DSP_MAJ_IRISE;;;OR21;OR1;OR21;CST;MCO;OK;05/08/2014;05/08/2014;C;OPT;C;LH;RF22;144;139;5;12;;4;564,5795;;;05/08/2014;;;;
4640541;TERRITOIRE;IRS - 1 RUE VARLIN/ANGLE PIERRE TIMBEAU/RD POINT CDG;;;SFR_COLL;DSP_MAJ_IRISE;;;OR21;OR1;OR21;CST;MCO;OK;23/05/2012;23/05/2012;C;OPT;C;TR;RF16;72;63;9;6;;4;617,5252;;;23/05/2012;;;;
23845874;TERRITOIRE;IRS - 72 FO - FT 12 - 22 AVENUE DU BOIS / FT 1352 - 15 RUE PAUL LANGEVIN (CHATENAY-MALABRY);;;SFR_COLL;DSP_MAJ_IRISE;;;OR21;OR1;OR21;CST;MCO;OK;27/04/2021;27/04/2021;C;OPT;C;TR;RF28;72;72;0;6;;4;726,7723;;;27/04/2021;;;;
7531747;TERRITOIRE;IRS - 48FO - POP MAIRIE DE BAGNOLET PAUL VAILLANT COUTURIER BAGNOLET/6 RUE HOCHE - AB;;;SFR_COLL;DSP_MAJ_IRISE;;;OR21;OR1;OR21;CST;MCO;OK;22/11/2013;22/11/2013;C;OPT;C;TR;RF60;48;24;24;8;;4;44,5833;;;22/11/2013;;;;
4623916;HORS TERRITOIRE;IRS - 144FO - FT1637 BD DES MERITES/FT 2823 BD DE L'OISE;;;SFR_COLL;DSP_MAJ_IRISE;;;OR21;OR1;OR21;CST;MCO;OK;19/07/2012;19/07/2012;C;OPT;C;LH;RF40;144;140;4;12;;4;477,4583;;;19/07/2012;;;;
25151477;TERRITOIRE;IRS - 48FO - ST MARTIN_CHAUDERON/N-1 MAIRIE VILLENEUVE-LE-ROI;;;SFR_COLL;DSP_MAJ_IRISE;;;OR21;OR1;OR21;CST;MCO;OK;13/06/2017;13/06/2017;C;OPT;C;TR;RF47;48;31;17;4;;4;275,5810;;;13/06/2017;;;;
22878818;TERRITOIRE;IRS - 12FO - BPI - POP COMMISSARIAT DE LA POLICE NATIONALE / POP COMMISSARIAT DE LA POLICE NATIONALE CRETEIL - AA;;;SFR_COLL;DSP_MAJ_IRISE;;;OR21;OR1;OR21;CST;MCO;OK;25/03/2021;25/03/2021;C;OPT;C;DI;RF27;12;10;2;2;;5;19,6584;;;25/03/2021;;;;
22841390;TERRITOIRE;IRS - 12FO - FT 463 - 2 Rue Eug?øne Varlin / POP RAM VILLEJUIF - AA;;;SFR_COLL;DSP_MAJ_IRISE;;;OR21;OR1;OR21;CST;MCO;OK;23/03/2021;23/03/2021;C;OPT;C;DI;RF27;12;10;2;2;;5;65,2656;;;23/03/2021;;;;
4605812;TERRITOIRE;IRS - 160 AVENUE HENRI BARBUSSE/LAKANAL;;;SFR_COLL;DSP_MAJ_IRISE;;;OR21;OR1;OR21;CST;MCO;OK;19/04/2004;19/04/2004;C;OPT;C;TR;RF16;72;62;10;6;;4;671,3098;;;19/04/2004;;;;
4603203;TERRITOIRE;IRS - 72FO - RUE VELPEAU TELCITE/RUE VELPEAU;;;SFR_COLL;DSP_MAJ_IRISE;;;OR21;OR1;OR21;CST;MCO;OK;11/10/2004;11/10/2004;C;OPT;C;TR;RF16;72;28;44;6;;4;51,2952;;;11/10/2004;;;;
4609533;TERRITOIRE;IRS 24FO - SQUARE RAOUL DUFY/POP VEOLIA EAU MAURICE - IA;;;SFR_COLL;DSP_MAJ_IRISE;;;OR21;OR1;OR21;CST;MCO;OK;31/01/2011;31/01/2011;C;OPT;C;DI;RF15;24;24;0;4;;4;189,5552;;;31/01/2011;;;;
4632889;TERRITOIRE;IRS - 36 FO - 14 AV PABLO PICASSO /  RUE DU CEL MANES_AVE PICASSO (NANTERRE);;;SFR_COLL;DSP_MAJ_IRISE;;;OR21;OR1;OR21;CST;MCO;OK;16/12/2011;16/12/2011;C;OPT;C;TR;RF42;36;30;6;6;;4;0,0868;;;16/12/2011;;;;
4607862;HORS TERRITOIRE;IRS - 48FO - MENDES FRANCE / IRS - ROCHES MAISON;;;SFR_COLL;DSP_MAJ_IRISE;;;OR21;OR1;OR21;CST;MCO;OK;14/01/2010;14/01/2010;C;OPT;C;TR;RF69;48;40;8;4;;4;226,9987;;;14/01/2010;;;;
8948291;HORS TERRITOIRE;24 FO - IRISE - ROND PT RD125 (SARCELLES) / PRC INEO CAM 51;;;SFR_COLL;DSP_MAJ_IRISE;;;OR21;OR1;OR21;CST;MCO;OK;27/01/2015;27/01/2015;C;OPT;C;DI;RF17;24;22;2;2;;4;28,8718;;;27/01/2015;;;;
15565812;TERRITOIRE;IRS - 144 FO - FT598 - 71 ALLEE DE NOMOURS / FT582 - 115 BOULEVARD JEAN JAURES;;;SFR_COLL;DSP_MAJ_IRISE;;;OR21;OR1;OR21;CST;MCO;OK;14/08/2019;14/08/2019;C;OPT;C;LH;RF22;144;143;1;12;;4;933,5945;;;14/08/2019;;;;
6775268;TERRITOIRE;IRS - 72 FO 98 AVENUE ANATOLE FRANCE - BPE1 / IRS - 96 AVENUE ANATOLE FRANCE;;;SFR_COLL;DSP_MAJ_IRISE;;;OR21;OR1;OR21;CST;MCO;OK;08/08/2002;08/08/2002;C;OPT;C;TR;RF16;72;34;38;6;;4;2,7058;;;08/08/2002;;;;
8800689;TERRITOIRE;IRS - 144FO - ANGLE KARMAN/CHB PRESSENCE - BPE 2;;;SFR_COLL;DSP_MAJ_IRISE;;;OR21;OR1;OR21;CST;MCO;OK;18/11/2014;18/11/2014;C;OPT;C;LH;RF22;144;75;69;12;;4;1699,6977;;;18/11/2014;;;;
17208396;TERRITOIRE;IRS - 36 FO - N-1 URA MASSY - ANGLE AVENUE DU PRESIDENT KENNEDY x RUE DE LONDRES / FT3401 - 1 ALLEE DE L ADOUR ANTONY;;;SFR_COLL;DSP_MAJ_IRISE;;;OR21;OR1;OR21;CST;MCO;OK;29/01/2020;29/01/2020;C;OPT;C;TR;RF50;36;36;0;3;;4;660,8538;;;29/01/2020;;;;
8038017;TERRITOIRE;IRS - 24FO - LD -126 RUE DE STALINGRAD / TD_DRANCY STALINGRAD - AA;;;SFR_COLL;DSP_MAJ_IRISE;;;OR21;OR1;OR21;CST;MCO;OK;04/04/2014;04/04/2014;C;OPT;C;DI;RF17;24;24;0;2;;4;45,9585;;;04/04/2014;;;;
30868258;TERRITOIRE;IRS - 72 FO - RUE AUGUSTE MOREAU / 160 AVENUE HENRI BARBUSSE - BPE 2;;;SFR_COLL;DSP_MAJ_IRISE;;;OR21;OR1;OR21;CST;MCO;OK;15/04/2022;15/04/2022;C;OPT;C;TR;RF78;72;71;1;6;;5;1068,9259;;;15/04/2022;;;;
4632259;TERRITOIRE;IRS - 24FO - BI/POP PEPINIERE (D30);;;SFR_COLL;DSP_MAJ_IRISE;;;OR21;OR1;OR21;CST;MCO;OK;22/07/2009;22/07/2009;C;OPT;C;DI;RF15;24;20;4;4;;4;23,4304;;;22/07/2009;;;;
4604690;TERRITOIRE;IRS - CH0D - /CH 12 - DC - VERS CAPITOLE (CA-FR-000421Y1-IRIS-144);;;SFR_COLL;DSP_MAJ_IRISE;;;OR21;OR1;OR21;CST;MCO;OK;09/10/2001;09/10/2001;C;OPT;C;LH;RF22;144;34;110;12;;4;1358,7834;;;09/10/2001;;;;
4601012;TERRITOIRE;IRS-41 RUE TENINE/AV EDOUARD HERRIOT FRESNES;;;SFR_COLL;DSP_MAJ_IRISE;;;OR21;OR1;OR21;CST;MCO;OK;01/02/2006;01/02/2006;C;OPT;C;TR;RF19;48;11;37;4;;4;87,2535;;;01/02/2006;;;;
14842915;TERRITOIRE;IRS - 144 FO - FT 1239 - 7 CITE JULES AUFFRET DRANCY / FT 1214 - 42 RUE JULES AUFFRET;;;SFR_COLL;DSP_MAJ_IRISE;;;OR21;OR1;OR21;CST;MCO;OK;20/05/2019;20/05/2019;C;OPT;C;LH;RF22;144;144;0;12;;4;455,2451;;;20/05/2019;;;;
4603958;TERRITOIRE;IRS - 48FO - J RICHARD/52 ALBERT THOMAS;;;SFR_COLL;DSP_MAJ_IRISE;;;OR21;OR1;OR21;CST;MCO;OK;28/06/2004;28/06/2004;C;OPT;C;TR;RF19;48;38;10;4;;4;245,6448;;;28/06/2004;;;;
4601478;TERRITOIRE;IRS - 48FO AUDITORIUM (D76)/CHAUFFERIE_GS_DU_CENTRE (D14);;;SFR_COLL;DSP_MAJ_IRISE;;;OR21;OR1;OR21;CST;MCO;OK;21/07/2009;21/07/2009;C;OPT;C;TR;RF19;48;46;2;4;;4;114,9077;;;21/07/2009;;;;
7224866;TERRITOIRE;IRS - 144FO - SANZILLON_HUGO / 1 PASSAGE LACOUR;;;SFR_COLL;DSP_MAJ_IRISE;;;OR21;OR1;OR21;CST;MCO;OK;23/08/2013;23/08/2013;C;OPT;C;LH;RF22;144;144;0;12;;4;808,3984;;;23/08/2013;;;;
15509476;TERRITOIRE;IRISE - 24 FO - N-1 POP POLE SENIORS LES LILAS / POP POLE SENIORS LES LILAS - AA;;;SFR_COLL;DSP_MAJ_IRISE;;;OR21;OR1;OR21;CST;MCO;OK;06/08/2019;06/08/2019;C;OPT;C;DI;RF29;24;20;4;4;;5;104,7113;;;06/08/2019;;;;
12382421;HORS TERRITOIRE;IRS - 12FO - FT 685 - N-1 POP CMP PONTOISE / FT 1524 - 15 RUE THIERS;;;SFR_COLL;DSP_MAJ_IRISE;;;OR21;OR1;OR21;CST;MCO;OK;13/01/2018;13/01/2018;C;OPT;C;DI;RF37;12;11;1;2;;5;445,7626;;;13/01/2018;;;;
4614340;HORS TERRITOIRE;IRS - BD V. PAUCHET_BOLLORE - POP BOLLORE BD PAUCHET;;;SFR_COLL;DSP_MAJ_IRISE;;;OR21;OR1;OR21;CST;MCO;OK;24/09/2007;24/09/2007;C;OPT;C;DI;RF164;12;10;2;1;;199;78,7188;;;24/09/2007;;;;
16550755;TERRITOIRE;IRS - 12FO - FT126 - 2 PLACE PABLO PICASSO / POP GROUPE SCOLAIRE HAUTES BRUYERES VILLEJUIF;;;SFR_COLL;DSP_MAJ_IRISE;;;OR21;OR1;OR21;CST;MCO;OK;19/09/2019;19/09/2019;C;OPT;C;DI;RF27;12;8;4;2;;5;21,0578;;;19/09/2019;;;;
11193657;TERRITOIRE;IRS - 36FO - BI POP FTTS CHOISY LE ROI (REPUBLIQUE) / IRS - RUE MAUREPAS (THIAIS);;;SFR_COLL;DSP_MAJ_IRISE;;;OR21;OR1;OR21;CST;MCO;OK;16/07/2013;16/07/2013;C;OPT;C;TR;RF26;36;32;4;6;;4;26,8785;;;16/07/2013;;;;
10754658;HORS TERRITOIRE;IRS - 48 FO - FT - BAG BPE1 / BPE2;;;SFR_COLL;DSP_MAJ_IRISE;;;OR21;OR1;OR21;CST;MCO;OK;10/01/2017;10/01/2017;C;OPT;C;TR;RF20;48;47;1;8;;5;4,3274;;;10/01/2017;;;;
4633643;TERRITOIRE;IRS - 24FO - N-1/AUGUSTA RUNGIS - AA;;;SFR_COLL;DSP_MAJ_IRISE;;;OR21;OR1;OR21;CST;MCO;OK;08/04/2010;08/04/2010;C;OPT;C;DI;RF15;24;20;4;4;;4;22,7875;;;08/04/2010;;;;
10965947;TERRITOIRE;IRS - 36FO - LD - PAPIN_MOLIERE / BI 21 R MORICE GRANDCOING;;;SFR_COLL;DSP_MAJ_IRISE;;;OR21;OR1;OR21;CST;MCO;OK;16/04/2014;16/04/2014;C;OPT;C;TR;RF26;36;36;0;6;;4;248,5423;;;16/04/2014;;;;
4601211;TERRITOIRE;IRS - 96FO - VERS A14 PK9920/NANTERRE VILLE;;;SFR_COLL;DSP_MAJ_IRISE;;;OR21;OR1;OR21;CST;MCO;OK;19/04/2004;19/04/2004;C;OPT;C;LH;RF120;96;31;65;8;;5;855,2736;;;19/04/2004;;;;
5156369;TERRITOIRE;IRS - 72FO - ARAGO CURIE / BPE A RECOLE PRJ120708 - A1 (NANTERRE);;;SFR_COLL;DSP_MAJ_IRISE;;;OR21;OR1;OR21;CST;MCO;OK;11/12/2009;11/12/2009;C;OPT;C;TR;RF52;72;60;12;6;;4;9,1407;;;11/12/2009;;;;
4609531;TERRITOIRE;IRS 72FO - ALLEE JEAN BIGUET/SQUARE RAOUL DUFY;;;SFR_COLL;DSP_MAJ_IRISE;;;OR21;OR1;OR21;CST;MCO;OK;31/01/2011;31/01/2011;C;OPT;C;TR;RF16;72;71;1;6;;4;428,3605;;;31/01/2011;;;;
4607482;TERRITOIRE;IRS - 48FO - N-1 MAIRIE AUBERVILLIERS / REPUBLIQUE ET BERNARD MAZOYER;;;SFR_COLL;DSP_MAJ_IRISE;;;OR21;OR1;OR21;CST;MCO;OK;13/05/2009;13/05/2009;C;OPT;C;TR;RF19;48;38;10;4;;4;203,3675;;;13/05/2009;;;;
4600610;TERRITOIRE;IRS - 72FO - 1 RUE VARLIN/AV DES LOTS COMMUNAUX (N-1 CAA GENNEVILLIERS);;;SFR_COLL;DSP_MAJ_IRISE;;;OR21;OR1;OR21;CST;MCO;OK;10/09/2002;10/09/2002;C;OPT;C;TR;RF82;72;51;21;6;;193;342,4124;;;10/09/2002;;;;
4608201;TERRITOIRE;IRS - N-1/MAIRIE DE PIERREFITTE - AC;;;SFR_COLL;DSP_MAJ_IRISE;;;OR21;OR1;OR21;CST;MCO;OK;22/03/2005;22/03/2005;C;OPT;C;DI;RF14;12;12;0;2;;4;33,0608;;;22/03/2005;;;;
7049815;TERRITOIRE;IRS - 144FO - FT 347 - IRS - SENTIER DU MARTRAY / IRS - VOIE DU MOULIN;;;SFR_COLL;DSP_MAJ_IRISE;;;OR21;OR1;OR21;CST;MCO;OK;16/07/2013;16/07/2013;C;OPT;C;LH;RF22;144;140;4;12;;4;414,0837;;;16/07/2013;;;;
4624839;TERRITOIRE;IRS - 72FO ARCHIVES/MAISON_DES_SYNDIC;;;SFR_COLL;DSP_MAJ_IRISE;;;OR21;OR1;OR21;CST;MCO;OK;19/01/2010;19/01/2010;C;OPT;C;TR;RF16;72;68;4;6;;4;133,6650;;;19/01/2010;;;;
4611848;TERRITOIRE;IRS - 12FO - MEDIATHEQUE VILLETANEUSE/RUE ALBERT WALTER (VILLETANEUSE);;;SFR_COLL;DSP_MAJ_IRISE;;;OR21;OR1;OR21;CST;MCO;OK;27/11/2006;27/11/2006;C;OPT;C;DI;RF70;12;10;2;2;;5;56,7216;;;27/11/2006;;;;
4611399;TERRITOIRE;IRS - 48FO JEAN_MERMOZ (D63)/CLOSERIE (D88);;;SFR_COLL;DSP_MAJ_IRISE;;;OR21;OR1;OR21;CST;MCO;OK;21/07/2009;21/07/2009;C;OPT;C;TR;RF19;48;46;2;4;;4;387,6230;;;21/07/2009;;;;
4607214;TERRITOIRE;IRS - 36FO LT POP SHELL NANTERRE/N-1 POP SHELL NANTERRE;;;SFR_COLL;DSP_MAJ_IRISE;;;OR21;OR1;OR21;CST;MCO;OK;29/07/2008;29/07/2008;C;OPT;C;TR;RF42;36;34;2;6;;4;74,5952;;;29/07/2008;;;;
4637281;TERRITOIRE;IRS - 48FO - BI/POP BI 68_&_24_LGTS (D77'D78);;;SFR_COLL;DSP_MAJ_IRISE;;;OR21;OR1;OR21;CST;MCO;OK;03/06/2011;03/06/2011;C;OPT;C;TR;RF80;48;44;4;8;;4;16,2790;;;03/06/2011;;;;
14656081;TERRITOIRE;IRS - 12FO - POP SII BOBIGNY/IRS - BI 4 R DU LIEUTENANT LEBRUN (BOBIGNY) - BPE 1;;;SFR_COLL;DSP_MAJ_IRISE;;;OR21;OR1;OR21;CST;MCO;OK;24/04/2019;24/04/2019;C;OPT;C;DI;RF37;12;0;12;2;;5;41,2686;;;24/04/2019;;;;
12382417;HORS TERRITOIRE;IRS - 12 FO - FT 2012 - IRS - 26 AVENUE DES BETHUNES / POP DIMOTRANS GROUP ST OUEN L AUMONE - AA;;;SFR_COLL;DSP_MAJ_IRISE;;;OR21;OR1;OR21;CST;MCO;OK;13/01/2018;13/01/2018;C;OPT;C;DI;RF126;12;11;1;2;;5;452,7005;;;13/01/2018;;;;
12932592;TERRITOIRE;IRS - 72 FO - ANGLE JFK-CHARLES GIDE/52 AVENUE GABRIEL PERI;;;SFR_COLL;DSP_MAJ_IRISE;;;OR21;OR1;OR21;CST;MCO;OK;05/06/2018;05/06/2018;C;OPT;C;TR;RF94;72;56;16;6;;5;868,8849;;;05/06/2018;;;;
25543778;TERRITOIRE;IRS -  RUE DES ROSIERS FT 110 / AV DU GENERAL LECLERC CH FT 772;;;SFR_COLL;DSP_MAJ_IRISE;;;OR21;OR1;OR21;CST;MCO;OK;02/09/2021;02/09/2021;C;OPT;C;DI;RF27;12;10;2;2;;5;746,4674;;;02/09/2021;;;;
4641845;HORS TERRITOIRE;IRS - 144 FO - AV GROS CHENE/ROSA LUXEMBOURG/ N-1 SFR Santeuil;;;SFR_COLL;DSP_MAJ_IRISE;;;OR21;OR1;OR21;CST;MCO;OK;17/04/2012;17/04/2012;C;OPT;C;LH;RF40;144;112;32;12;;4;540,9041;;;17/04/2012;;;;
7201939;TERRITOIRE;IRS - 144FO - AVENUE P.WILSON_AVENUE GENERAL GALLIENI / 53 AVENUE FOCH;;;SFR_COLL;DSP_MAJ_IRISE;;;OR21;OR1;OR21;CST;MCO;OK;13/08/2013;13/08/2013;C;OPT;C;LH;RF22;144;140;4;12;;4;519,7024;;;13/08/2013;;;;
4613007;TERRITOIRE;IRS - 12FO - FINOT-POULBOT/MGP - FINOT-POULBOT;;;SFR_COLL;DSP_MAJ_IRISE;;;OR21;OR1;OR21;CST;MCO;OK;30/07/2007;30/07/2007;C;OPT;C;DI;RF38;12;8;4;1;;4;42,5997;;;30/07/2007;;;;
8455298;TERRITOIRE;IRS - 144FO - BAG - ECOLE INFIRMIERE IRISE - BPE1/BPE2;;;SFR_COLL;DSP_MAJ_IRISE;;;OR21;OR1;OR21;CST;MCO;OK;31/07/2014;31/07/2014;C;OPT;C;LH;RF22;144;140;4;12;;4;6,5764;;;31/07/2014;;;;
4606845;TERRITOIRE;IRS - 48FO - RUE BARBES-RUE DE LA VANNE/BD DU GENERAL DE GAULLE-RUE VANNE;;;SFR_COLL;DSP_MAJ_IRISE;;;OR21;OR1;OR21;CST;MCO;OK;07/11/2005;07/11/2005;C;OPT;C;TR;RF19;48;45;3;4;;4;218,3415;;;07/11/2005;;;;
11021491;TERRITOIRE;IRS - 36 FO - LD - IRS -BI POP JARDILAND JOINVILLE LE PONT / IRS - 2 RUE HUGEDE;;;SFR_COLL;DSP_MAJ_IRISE;;;OR21;OR1;OR21;CST;MCO;OK;30/07/2014;30/07/2014;C;OPT;C;TR;RF26;36;34;2;6;;4;256,9061;;;30/07/2014;;;;
4634254;TERRITOIRE;IRS - 72FO - 3 FONTANOTS SORTIE EGOUTS/ANGLE PICASSO-3 MUSICIENS;;;SFR_COLL;DSP_MAJ_IRISE;;;OR21;OR1;OR21;CST;MCO;OK;04/05/2010;04/05/2010;C;OPT;C;TR;RF16;72;67;5;6;;4;1048,4486;;;04/05/2010;;;;
4607162;HORS TERRITOIRE;IRS - PK 104+570/RUE DE PARIS MASSY;;;SFR_COLL;DSP_MAJ_IRISE;;;OR21;OR1;OR21;CST;MCO;OK;15/05/2006;15/05/2006;C;OPT;C;LH;RF21;144;76;68;12;;145;42,2075;;;15/05/2006;;;;
7681202;TERRITOIRE;IRS - 144FO - LD - 126 RUE DE STALINGRAD/53 RUE ROMAIN ROLLAND;;;SFR_COLL;DSP_MAJ_IRISE;;;OR21;OR1;OR21;CST;MCO;OK;08/01/2014;08/01/2014;C;OPT;C;LH;RF35;144;144;0;12;;4;339,9428;;;08/01/2014;;;;
4607684;TERRITOIRE;IRS - 144FO - AV RIGNY-RUE MARECHAL FOCH/21 RUE DU BAC LE PERREUX;;;SFR_COLL;DSP_MAJ_IRISE;;;OR21;OR1;OR21;CST;MCO;OK;17/12/2004;17/12/2004;C;OPT;C;LH;RF40;144;108;36;12;;4;509,4458;;;17/12/2004;;;;
15570346;TERRITOIRE;IRIS 36 FO - 147 AV DE LA REPUBLIQUE / FT 898 - 108 RUE EDOUARD VAILLANT;;;SFR_COLL;DSP_MAJ_IRISE;;;OR21;OR1;OR21;CST;MCO;OK;16/08/2019;16/08/2019;C;OPT;C;TR;RF50;36;36;0;3;;4;873,6790;;;16/08/2019;;;;
17404851;TERRITOIRE;IRS - 144 FO - FT 848 - 6 RUE DES CARRIERES MORILLON / FT 1053 - 46 AVENUE DU FRONT DE SEINE;;;SFR_COLL;DSP_MAJ_IRISE;;;OR21;OR1;OR21;CST;MCO;OK;14/02/2020;14/02/2020;C;OPT;C;LH;RF22;144;144;0;12;;4;1165,9152;;;14/02/2020;;;;
4594315;TERRITOIRE;IRS - 72FO - 65 RUE LAFERRIERE/LAFERRIERE-PLAISANCE;;;SFR_COLL;DSP_MAJ_IRISE;;;OR21;OR1;OR21;CST;MCO;OK;30/01/2001;30/01/2001;C;OPT;C;TR;RF16;72;20;52;6;;4;464,0427;;;30/01/2001;;;;
22183793;TERRITOIRE;24 FO - BPE FT 331 / IRS - FT349 - 3 RUE PAUL ELUARD (MONTREUIL) - BPE 1;;;SFR_COLL;DSP_MAJ_IRISE;;;OR21;OR1;OR21;CST;MCO;OK;06/02/2021;06/02/2021;C;OPT;C;DI;RF29;24;22;2;4;;5;240,4029;;;06/02/2021;;;;
17846801;TERRITOIRE;IRS - 12 FO - FT 1983 - 127 RUE DE ROSNY / POP ELEMENTAIRE DANTON MONTREUIL - AA;;;SFR_COLL;DSP_MAJ_IRISE;;;OR21;OR1;OR21;CST;MCO;OK;25/03/2020;25/03/2020;C;OPT;C;DI;RF27;12;8;4;2;;5;176,7703;;;25/03/2020;;;;
8948293;HORS TERRITOIRE;24 FO - IRISE - ROND PT RD125 (SARCELLES) / RUE THEODOR BULLIER_RUE DE FLANDRES (SARCELLES);;;SFR_COLL;DSP_MAJ_IRISE;;;OR21;OR1;OR21;CST;MCO;OK;27/01/2015;27/01/2015;C;OPT;C;DI;RF17;24;22;2;2;;4;304,2517;;;27/01/2015;;;;
4603448;TERRITOIRE;IRS - ROSTAING-BARBUSSE/CASANOVA;;;SFR_COLL;DSP_MAJ_IRISE;;;OR21;OR1;OR21;CST;MCO;OK;15/05/2004;15/05/2004;C;OPT;C;LH;RF56;144;43;101;12;;4;1122,0209;;;15/05/2004;;;;
33013221;TERRITOIRE;IRS - 36 FO - FT2110 - 29 BD DU CH?ÈTEAU / FT 2259 - 2 RUE CARPEAUX;;;SFR_COLL;DSP_MAJ_IRISE;;;OR21;OR1;OR21;CST;MCO;OK;01/08/2022;01/08/2022;C;OPT;C;TR;RF50;36;36;0;3;;4;1042,1167;;;01/08/2022;;;;
4635532;TERRITOIRE;IRS - 24FO - IRS - BI/POP COLLEGE VICTOR HUGO CRETEIL - AA;;;SFR_COLL;DSP_MAJ_IRISE;;;OR21;OR1;OR21;CST;MCO;OK;22/02/2011;22/02/2011;C;OPT;C;DI;RF15;24;20;4;4;;4;39,3393;;;22/02/2011;;;;
7181665;TERRITOIRE;IRS - 24 FO - RUE DU MORVAN / SOLETS/MORVAN RUNGIS;;;SFR_COLL;DSP_MAJ_IRISE;;;OR21;OR1;OR21;CST;MCO;OK;06/08/2013;06/08/2013;C;OPT;C;DI;RF30;24;24;0;4;;4;233,2350;;;06/08/2013;;;;
4601013;TERRITOIRE;IRS - DIVISION LECLERC/AV EDOUARD HERRIOT FRESNES;;;SFR_COLL;DSP_MAJ_IRISE;;;OR21;OR1;OR21;CST;MCO;OK;01/02/2006;01/02/2006;C;OPT;C;TR;RF16;72;45;27;6;;4;249,4770;;;01/02/2006;;;;
4614082;TERRITOIRE;IRS - 24FO LD AP-HP - HOPITAL PAUL BROUSSE VILLEJUIF (XXXX)/N-1 ADD2 BROUSSE (BA);;;SFR_COLL;DSP_MAJ_IRISE;;;OR21;OR1;OR21;CST;MCO;OK;25/10/2007;25/10/2007;C;OPT;C;DI;RF15;24;18;6;4;;4;234,7767;;;25/10/2007;;;;
5653345;TERRITOIRE;IRS 24FO - RUE 8 MAI_RUE WALLON/POP EDF HORIZON (NANTERRE);;;SFR_COLL;DSP_MAJ_IRISE;;;OR21;OR1;OR21;CST;MCO;OK;11/02/2013;11/02/2013;C;OPT;C;DI;RF30;24;19;5;4;;4;29,2616;;;11/02/2013;;;;
4599791;TERRITOIRE;IRS - 48FO - RACCO NOOS VERS BOURGELAT;;;SFR_COLL;DSP_MAJ_IRISE;;;OR21;OR1;OR21;CST;MCO;OK;30/01/2001;30/01/2001;C;OPT;C;TR;RF19;48;40;8;4;;4;318,0984;;;30/01/2001;;;;
4609534;HORS TERRITOIRE;IRS - 144FO - 2 AV PIERRE MENDES FRANCE/BD MALVOISINE;;;SFR_COLL;DSP_MAJ_IRISE;;;OR21;OR1;OR21;CST;MCO;OK;07/12/2005;07/12/2005;C;OPT;C;LH;RF74;144;81;63;12;;100;533,7610;;;07/12/2005;;;;
16787314;TERRITOIRE;IRS - 12 FO - FT 1072 - RUE KARL LIEBKNECHT VILLEJUIF / PRC IRS - RUE DU LION D OR (VILLEJUIF);;;SFR_COLL;DSP_MAJ_IRISE;;;OR21;OR1;OR21;CST;MCO;OK;28/11/2019;28/11/2019;C;OPT;C;DI;RF27;12;10;2;2;;5;451,3279;;;28/11/2019;;;;
4606454;TERRITOIRE;A DEPOSER - PLACE BILLANCOURT/BD REPUBLIQUE - AD;;;SFR_COLL;DSP_MAJ_IRISE;;;OR21;OR1;OR21;CST;MCO;OK;26/06/2004;26/06/2004;C;OPT;C;LH;RF118;288;286;2;24;;102;914,0959;;;26/06/2004;;;;
15509474;TERRITOIRE;IRISE - 24 FO -  ANGLE RUE DES BRUYERES - RUE PASTEUR / CAMERA ANGLE RUE DES BRUYERES - RUE PASTEUR;;;SFR_COLL;DSP_MAJ_IRISE;;;OR21;OR1;OR21;CST;MCO;OK;06/08/2019;06/08/2019;C;OPT;C;DI;RF29;24;20;4;4;;5;2,8460;;;06/08/2019;;;;
4632262;TERRITOIRE;IRS - 24FO - BI/POP 48_LGTS (D28);;;SFR_COLL;DSP_MAJ_IRISE;;;OR21;OR1;OR21;CST;MCO;OK;22/07/2009;22/07/2009;C;OPT;C;DI;RF15;24;20;4;4;;4;19,6978;;;22/07/2009;;;;
4594851;TERRITOIRE;IRS - 144FO - NANTERRE VILLE/AV DU GENERAL GALLIENI (NANTERRE);;;SFR_COLL;DSP_MAJ_IRISE;;;OR21;OR1;OR21;CST;MCO;OK;24/11/2004;24/11/2004;C;OPT;C;LH;RF90;144;121;23;12;;5;176,1410;;;24/11/2004;;;;
4609430;TERRITOIRE;IRS - D30-AV DE LA REPUBLIQUE/JARDIN MUNICIPAL;;;SFR_COLL;DSP_MAJ_IRISE;;;OR21;OR1;OR21;CST;MCO;OK;30/05/2005;30/05/2005;C;OPT;C;DI;RF14;12;10;2;2;;4;101,3662;;;30/05/2005;;;;
4596872;TERRITOIRE;IRS - ECOLE ELEMENTAIRE QUENEAU/ECOLE MATERNELLE DUVAL;;;SFR_COLL;DSP_MAJ_IRISE;;;OR21;OR1;OR21;CST;MCO;OK;07/07/2005;07/07/2005;C;OPT;C;DI;RF14;12;8;4;2;;4;190,4583;;;07/07/2005;;;;
4643480;TERRITOIRE;IRS - 12FO - BI CHAMPIGNY(FOURCHETTE)/POP FTTS CHAMPIGNY (FOURCHETTE) - AA;;;SFR_COLL;DSP_MAJ_IRISE;;;OR21;OR1;OR21;CST;MCO;OK;02/02/2012;02/02/2012;C;OPT;C;DI;RF38;12;8;4;1;;4;22,8254;;;02/02/2012;;;;
4629726;TERRITOIRE;IRS - 72FO - AV DU CONSUL GENERAL NORDLING/ 5 AV DU CONSUL GENERAL NORDLING;;;SFR_COLL;DSP_MAJ_IRISE;;;OR21;OR1;OR21;CST;MCO;OK;13/08/2012;13/08/2012;C;OPT;C;TR;RF16;72;63;9;6;;4;272,1360;;;13/08/2012;;;;
8506836;TERRITOIRE;IRS - 144 FO - LD - IRS - 77 BD REPUBLIQUE CH 12 / IRS - 37 BD DE LA REPUBLIQUE (COURBEVOIE);;;SFR_COLL;DSP_MAJ_IRISE;;;OR21;OR1;OR21;CST;MCO;OK;21/08/2014;21/08/2014;C;OPT;C;LH;RF22;144;140;4;12;;4;449,9613;;;21/08/2014;;;;
4599900;TERRITOIRE;IRS - 29 RUE DU REGARD/H BARBUSSE;;;SFR_COLL;DSP_MAJ_IRISE;;;OR21;OR1;OR21;CST;MCO;OK;13/12/2002;13/12/2002;C;OPT;C;LH;RF40;144;87;57;12;;4;407,0771;;;13/12/2002;;;;
21674673;HORS TERRITOIRE;IRS - 12 FO - FT852 -11 ROUTE COMBAULT /POP C38 VILLIERS SUR MARNE - AA;;;SFR_COLL;DSP_MAJ_IRISE;;;OR21;OR1;OR21;CST;MCO;OK;29/12/2020;29/12/2020;C;OPT;C;DI;RF27;12;10;2;2;;5;504,1912;;;29/12/2020;;;;
4610747;TERRITOIRE;IRS - 12FO - MAIRIE DE EPINAY SUR SEINE/MAIRIE D'EPINAY SUR SEINE;;;SFR_COLL;DSP_MAJ_IRISE;;;OR21;OR1;OR21;CST;MCO;OK;21/11/2006;21/11/2006;C;OPT;C;DI;RF70;12;2;10;2;;5;125,5651;;;21/11/2006;;;;
4624045;TERRITOIRE;IRS - 72 FO 1 RUE DE SURESNES / IRS ANGLE AV CLEMENCEAU - FELIX FAURE;;;SFR_COLL;DSP_MAJ_IRISE;;;OR21;OR1;OR21;CST;MCO;OK;05/04/2011;05/04/2011;C;OPT;C;TR;RF16;72;66;6;6;;4;315,7003;;;05/04/2011;;;;
11062485;TERRITOIRE;24FO - LD - IRS - BI - IRS - AV J.JAURES (LE BOURGET) / POP AML SYSTEM J.JAURES LE BOURGET - AA;;;SFR_COLL;DSP_MAJ_IRISE;;;OR21;OR1;OR21;CST;MCO;OK;17/03/2017;17/03/2017;C;OPT;C;DI;RF30;24;24;0;4;;4;6,0205;;;17/03/2017;;;;
4631967;TERRITOIRE;IRS - 36 FO - INTERSECTION CHALAIS/HAMEAU (L'HAY LES ROSES)/N-1 FRESNES(STADE-STALINGRAD);;;SFR_COLL;DSP_MAJ_IRISE;;;OR21;OR1;OR21;CST;MCO;OK;13/03/2012;13/03/2012;C;OPT;C;TR;RF42;36;32;4;6;;4;822,5804;;;13/03/2012;;;;
30203965;TERRITOIRE;IRS - FT 1158 AV ARISTIDE BRIAND - RN20 MONTROUGE - BPE 1 / POP N013 CHAMBRE IRISE - AA;;;SFR_COLL;DSP_MAJ_IRISE;;;OR21;OR1;OR21;CST;MCO;OK;17/03/2022;17/03/2022;C;OPT;C;DI;RF27;12;10;2;2;;5;211,9118;;;17/03/2022;;;;
4629725;TERRITOIRE;IRS - 144FO - ANGLE LEDRU ROLLIN - TURGO/RUE LEDRU ROLLING;;;SFR_COLL;DSP_MAJ_IRISE;;;OR21;OR1;OR21;CST;MCO;OK;13/08/2012;13/08/2012;C;OPT;C;LH;RF40;144;108;36;12;;4;403,0787;;;13/08/2012;;;;
8297859;HORS TERRITOIRE;IRS - 144FO - MANCHON PK6700 TCT ATTERAGE /PK6210 TCT;;;SFR_COLL;DSP_MAJ_IRISE;;;OR21;OR1;OR21;CST;MCO;OK;18/06/2014;18/06/2014;C;OPT;C;LH;RF22;144;75;69;12;;4;638,6273;;;18/06/2014;;;;
17213156;TERRITOIRE;IRS - 144 FO - FT 840 - 20 AV  HENRI BARBUSSE / IRS - FT 778 - 42 RUE CHANZY;;;SFR_COLL;DSP_MAJ_IRISE;;;OR21;OR1;OR21;CST;MCO;OK;29/01/2020;29/01/2020;C;OPT;C;LH;RF22;144;144;0;12;;4;1027,9902;;;29/01/2020;;;;
4632103;TERRITOIRE;IRS - 48FO TOIT_ET_JOIE (D69)/GS_LALLIER (D65);;;SFR_COLL;DSP_MAJ_IRISE;;;OR21;OR1;OR21;CST;MCO;OK;17/07/2009;17/07/2009;C;OPT;C;TR;RF19;48;44;4;4;;4;272,5840;;;17/07/2009;;;;
45605221;TERRITOIRE;IRISE - 12FO - CH SAT CAM C64/FT775 - 75ALL. ROBILLARD LES PAVILLONS-SOUS-BOIS (ILE-DE-France);;;SFR_COLL;DSP_MAJ_IRISE;;;OR21;OR1;OR21;CST;MCO;OK;03/07/2024;03/07/2024;C;OPT;C;DI;RF125;12;10;2;2;;5;93,5987;;;03/07/2024;;;;
4610932;TERRITOIRE;IRS-19 RUE DIEUMEGARD/POP DRH ST OUEN;;;SFR_COLL;DSP_MAJ_IRISE;;;OR21;OR1;OR21;CST;MCO;OK;18/10/2006;18/10/2006;C;OPT;C;DI;RF14;12;12;0;2;;4;46,4493;;;18/10/2006;;;;
4605886;TERRITOIRE;IRS - RUE DE LA PAIX/HENRI BARBUSSE;;;SFR_COLL;DSP_MAJ_IRISE;;;OR21;OR1;OR21;CST;MCO;OK;28/04/2004;28/04/2004;C;OPT;C;TR;RF16;72;62;10;6;;4;616,8178;;;28/04/2004;;;;
16655089;TERRITOIRE;IRS - 24FO - FT 1053 - RUE DE COURBEVOIE / POP GS BALZAC NANTERRE - AA;;;SFR_COLL;DSP_MAJ_IRISE;;;OR21;OR1;OR21;CST;MCO;OK;02/12/2019;02/12/2019;C;OPT;C;DI;RF31;24;22;2;2;;5;642,8485;;;02/12/2019;;;;
4605492;TERRITOIRE;IRS - 72FO - RUE DE LA COSARDE/35 AV HENRI BARBUSSE (L'HAY LES ROSES);;;SFR_COLL;DSP_MAJ_IRISE;;;OR21;OR1;OR21;CST;MCO;OK;01/03/2006;01/03/2006;C;OPT;C;TR;RF16;72;61;11;6;;4;159,6288;;;01/03/2006;;;;
4619765;TERRITOIRE;IRS - 24 FO - 35 R LAURIAU/POP ANTENNE DE QUARTIER;;;SFR_COLL;DSP_MAJ_IRISE;;;OR21;OR1;OR21;CST;MCO;OK;22/07/2010;22/07/2010;C;OPT;C;DI;RF15;24;20;4;4;;4;53,5980;;;22/07/2010;;;;
4632358;TERRITOIRE;IRS - 24FO - BI/POP LES_ROSES_ROUGES (D96);;;SFR_COLL;DSP_MAJ_IRISE;;;OR21;OR1;OR21;CST;MCO;OK;22/07/2009;22/07/2009;C;OPT;C;DI;RF15;24;20;4;4;;4;26,0768;;;22/07/2009;;;;
4621275;TERRITOIRE;IRS - 72 FO - RUE HOCHE -  AV DE LA RESISTANCE/58 AV DE LA RESISTANCE;;;SFR_COLL;DSP_MAJ_IRISE;;;OR21;OR1;OR21;CST;MCO;OK;28/09/2010;28/09/2010;C;OPT;C;TR;RF16;72;9;63;6;;4;268,3474;;;28/09/2010;;;;
8551635;TERRITOIRE;IRS - PARKING RUE DE PARIS/NEW PARKING RUE DE PARIS;;;SFR_COLL;DSP_MAJ_IRISE;;;OR21;OR1;OR21;CST;MCO;OK;21/03/2005;21/03/2005;C;OPT;C;TR;RF19;48;38;10;4;;4;7,8217;;;21/03/2005;;;;
4621359;TERRITOIRE;IRS - 72FO - RUE PIERRELAIS/RUE BLANCHARD;;;SFR_COLL;DSP_MAJ_IRISE;;;OR21;OR1;OR21;CST;MCO;OK;08/03/2011;08/03/2011;C;OPT;C;TR;RF16;72;33;39;6;;4;562,2141;;;08/03/2011;;;;
4601469;TERRITOIRE;IRS - 48FO COLLEGE_CHEVREUL (D22)/LGTS_A (D71);;;SFR_COLL;DSP_MAJ_IRISE;;;OR21;OR1;OR21;CST;MCO;OK;21/07/2009;21/07/2009;C;OPT;C;TR;RF19;48;46;2;4;;4;173,2543;;;21/07/2009;;;;
4605820;TERRITOIRE;IRS - ADD APH CHENEVIER (AA);;;SFR_COLL;DSP_MAJ_IRISE;;;OR21;OR1;OR21;CST;MCO;OK;03/06/2004;03/06/2004;C;OPT;C;DI;RF15;24;18;6;4;;4;384,3113;;;03/06/2004;;;;
7245378;TERRITOIRE;IRS - 144FO - CASANOVA_HUZARD/RASPAIL_STE FOIX BPE2;;;SFR_COLL;DSP_MAJ_IRISE;;;OR21;OR1;OR21;CST;MCO;OK;14/05/2013;14/05/2013;C;OPT;C;LH;RF22;144;96;48;12;;4;876,4882;;;14/05/2013;;;;
4632266;TERRITOIRE;IRS - 24FO - BI/POP ILOT_E1 (D51);;;SFR_COLL;DSP_MAJ_IRISE;;;OR21;OR1;OR21;CST;MCO;OK;22/07/2009;22/07/2009;C;OPT;C;DI;RF15;24;20;4;4;;4;15,8115;;;22/07/2009;;;;
4599322;TERRITOIRE;IRS- 24FO - ADD2 FELLINI / POP VENTE PRIVEE - AC;;;SFR_COLL;DSP_MAJ_IRISE;;;OR21;OR1;OR21;CST;MCO;OK;06/12/2010;06/12/2010;C;OPT;C;DI;RF15;24;22;2;4;;4;132,7375;;;06/12/2010;;;;
4622724;TERRITOIRE;IRS - 24FO - N-1 LOS ANGELES/MONTREAL - AB;;;SFR_COLL;DSP_MAJ_IRISE;;;OR21;OR1;OR21;CST;MCO;OK;01/02/2010;01/02/2010;C;OPT;C;DI;RF24;24;22;2;2;;4;121,9179;;;01/02/2010;;;;
4923777;TERRITOIRE;IRS - 24 FO - RUE DES CHEMINOTS (SAINT-DENIS) -BPE1 / POP MEDIATHEQUE MUTUALISE CHEMINOTS SAINT DENIS - AA;;;SFR_COLL;DSP_MAJ_IRISE;;;OR21;OR1;OR21;CST;MCO;OK;05/11/2012;05/11/2012;C;OPT;C;DI;RF30;24;22;2;4;;4;109,9303;;;05/11/2012;;;;
8759654;HORS TERRITOIRE;144FO - IRS - BAG BVD DE L'OISE (CERGY) BPE 1/BPE 2;;;SFR_COLL;DSP_MAJ_IRISE;;;OR21;OR1;OR21;CST;MCO;OK;05/11/2014;05/11/2014;C;OPT;C;LH;RF22;144;143;1;12;;4;19,0204;;;05/11/2014;;;;
4609488;TERRITOIRE;IRS - NEW 144FO - DE GAULLE-LECLERC/ADAMOV-REPUBLIQUE BIS;;;SFR_COLL;DSP_MAJ_IRISE;;;OR21;OR1;OR21;CST;MCO;OK;09/01/2006;09/01/2006;C;OPT;C;LH;RF40;144;52;92;12;;4;610,7237;;;09/01/2006;;;;
4620323;TERRITOIRE;IRS - 48FO - N-1 PARKING ETIENNE ORVES / N-1 FRANCE TELEVIVION;;;SFR_COLL;DSP_MAJ_IRISE;;;OR21;OR1;OR21;CST;MCO;OK;14/03/2011;14/03/2011;C;OPT;C;TR;RF19;48;48;0;4;;4;337,2430;;;14/03/2011;;;;
4609713;TERRITOIRE;IRS - 144FO - VERS GAUCHER-DUHAI/PLACE MOREAU DAVID;;;SFR_COLL;DSP_MAJ_IRISE;;;OR21;OR1;OR21;CST;MCO;OK;01/02/2011;01/02/2011;C;OPT;C;LH;RF56;144;88;56;12;;4;796,4592;;;01/02/2011;;;;
30911777;TERRITOIRE;IRS - 144 FO - AVENUE DU 8 MAI /  FT 850 - 88 AVENUE D ALFORTVILLE;;;SFR_COLL;DSP_MAJ_IRISE;;;OR21;OR1;OR21;CST;MCO;OK;26/03/2020;26/03/2020;C;OPT;C;LH;RF22;144;144;0;12;;4;1560,5981;;;26/03/2020;;;;
4633314;TERRITOIRE;IRS - 48FO GS_BLONDEAUX (D33)/PISCINE_HAY (D18);;;SFR_COLL;DSP_MAJ_IRISE;;;OR21;OR1;OR21;CST;MCO;OK;20/07/2009;20/07/2009;C;OPT;C;TR;RF19;48;46;2;4;;4;141,5109;;;20/07/2009;;;;
11081975;HORS TERRITOIRE;IRS - 144FO - 29 RUE FRIEDBERG/BI 29 RUE FRIEDBERG;;;SFR_COLL;DSP_MAJ_IRISE;;;OR21;OR1;OR21;CST;MCO;OK;14/06/2013;14/06/2013;C;OPT;C;LH;RF22;144;140;4;12;;4;19,8377;;;14/06/2013;;;;
4640881;TERRITOIRE;IRS - NEW 144FO - AVE ARAGO/CHAMBRE 21A PLACE DE BELGIQUE;;;SFR_COLL;DSP_MAJ_IRISE;;;OR21;OR1;OR21;CST;MCO;OK;24/02/2012;24/02/2012;C;OPT;C;LH;RF93;144;113;31;12;;5;1404,5700;;;24/02/2012;;;;
4613104;TERRITOIRE;IRS-RUE LEON GEFFROY/POP SANOFI VITRY;;;SFR_COLL;DSP_MAJ_IRISE;;;OR21;OR1;OR21;CST;MCO;OK;16/05/2006;16/05/2006;C;OPT;C;DI;RF14;12;10;2;2;;4;961,7914;;;16/05/2006;;;;
4640708;TERRITOIRE;IRS - 12 FO - POP FTTS ARCUEIL/BI PLACE CAMILLE BLANC - AA;;;SFR_COLL;DSP_MAJ_IRISE;;;OR21;OR1;OR21;CST;MCO;OK;23/01/2012;23/01/2012;C;OPT;C;DI;RF14;12;8;4;2;;4;41,4584;;;23/01/2012;;;;
4630153;TERRITOIRE;IRS - 72FO - NEUILLY_FEUILLERE/BREMENT_NEUILLY;;;SFR_COLL;DSP_MAJ_IRISE;;;OR21;OR1;OR21;CST;MCO;OK;10/02/2009;10/02/2009;C;OPT;C;TR;RF16;72;63;9;6;;4;154,7220;;;10/02/2009;;;;
18135779;TERRITOIRE;IRISE - 12 FO - FT 72 - 26 AVENUE JEAN JAURES /  FT 98 - 67 RUE CHARLES FREROT;;;SFR_COLL;DSP_MAJ_IRISE;;;OR21;OR1;OR21;CST;MCO;OK;22/04/2020;22/04/2020;C;OPT;C;DI;RF27;12;11;1;2;;5;294,9486;;;22/04/2020;;;;
30925219;TERRITOIRE;IRS - 144 FO - FT 688 - 29 RUE BEL AIR / FT 10 - 98 AVENUE DE CHOISY ZA LES FLANDRES;;;SFR_COLL;DSP_MAJ_IRISE;;;OR21;OR1;OR21;CST;MCO;OK;20/04/2022;20/04/2022;C;OPT;C;LH;RF22;144;144;0;12;;4;1317,3814;;;20/04/2022;;;;
8061441;HORS TERRITOIRE;IRS - 144 FO - LD - N-1 POP TRIANGLE / ANGLE BD DE LA PAIX - BD D'OSNY (CERGY);;;SFR_COLL;DSP_MAJ_IRISE;;;OR21;OR1;OR21;CST;MCO;OK;10/04/2014;10/04/2014;C;OPT;C;LH;RF22;144;140;4;12;;4;1562,9954;;;10/04/2014;;;;
11741137;HORS TERRITOIRE;IRS - 48FO - N-1 POP TRIANGLE CERGY / N-1 POP CMP SAINT CHRISTOPHE-1;;;SFR_COLL;DSP_MAJ_IRISE;;;OR21;OR1;OR21;CST;MCO;OK;16/08/2017;16/08/2017;C;OPT;C;TR;RF20;48;46;2;8;;5;361,5875;;;16/08/2017;;;;
12357491;HORS TERRITOIRE;IRS - 12FO - FT 929 BD DE LA PAIX-AV DES ADOS / IRS - N-1 POP TRIANGLE CERGY;;;SFR_COLL;DSP_MAJ_IRISE;;;OR21;OR1;OR21;CST;MCO;OK;06/01/2018;06/01/2018;C;OPT;C;DI;RF27;12;9;3;2;;5;270,2144;;;06/01/2018;;;;
4597592;TERRITOIRE;IRS - 144FO - 7 RUE DES NOYERS/RUE KARMAN;;;SFR_COLL;DSP_MAJ_IRISE;;;OR21;OR1;OR21;CST;MCO;OK;10/04/2002;10/04/2002;C;OPT;C;LH;RF40;144;89;55;12;;4;319,0055;;;10/04/2002;;;;
4617343;TERRITOIRE;IRS - 24FO - IRS - 58 FRANKLIN / POP MJC FRANKLIN - AA;;;SFR_COLL;DSP_MAJ_IRISE;;;OR21;OR1;OR21;CST;MCO;OK;01/06/2011;01/06/2011;C;OPT;C;DI;RF15;24;22;2;4;;4;31,1499;;;01/06/2011;;;;
4622112;TERRITOIRE;IRS - 72FO - VOI LUCIA / AVENUE GRADE;;;SFR_COLL;DSP_MAJ_IRISE;;;OR21;OR1;OR21;CST;MCO;OK;29/06/2011;29/06/2011;C;OPT;C;TR;RF16;72;70;2;6;;4;293,0448;;;29/06/2011;;;;
4604784;HORS TERRITOIRE;IRS - 144FO - ABEIGLE_CERGY/RUE ROGER ALNO;;;SFR_COLL;DSP_MAJ_IRISE;;;OR21;OR1;OR21;CST;MCO;OK;26/08/2004;26/08/2004;C;OPT;C;LH;RF40;144;129;15;12;;4;545,2023;;;26/08/2004;;;;
4607752;TERRITOIRE;IRS - ETIENNE DOLET POMPIERS/CTM PIERREFITTE;;;SFR_COLL;DSP_MAJ_IRISE;;;OR21;OR1;OR21;CST;MCO;OK;21/03/2005;21/03/2005;C;OPT;C;DI;RF14;12;8;4;2;;4;44,2703;;;21/03/2005;;;;
14846466;TERRITOIRE;IRS - 36 FO - FT 212 - 129 AVENUE ARISTIDE BRIAND LE BLANC MESNIL / FT 192 - 112 AVENUE NORMANDIE NIEMEN;;;SFR_COLL;DSP_MAJ_IRISE;;;OR21;OR1;OR21;CST;MCO;OK;20/05/2019;20/05/2019;C;OPT;C;TR;RF50;36;36;0;3;;4;607,0184;;;20/05/2019;;;;
4625289;TERRITOIRE;IRS - 48FO - N-1 STUDIO TEV / STUDIO TV ROSNY - AA;;;SFR_COLL;DSP_MAJ_IRISE;;;OR21;OR1;OR21;CST;MCO;OK;06/01/2009;06/01/2009;C;OPT;C;TR;RF19;48;46;2;4;;4;54,4056;;;06/01/2009;;;;
4605876;TERRITOIRE;IRS - 12FO - CHATENAY-PREVERT/MATERNELLE PREVERT;;;SFR_COLL;DSP_MAJ_IRISE;;;OR21;OR1;OR21;CST;MCO;OK;27/11/2006;27/11/2006;C;OPT;C;DI;RF38;12;2;10;1;;4;22,0037;;;27/11/2006;;;;
10940273;TERRITOIRE;IRS - 144FO - FT_165 - N-1 / BI POP LA POSTE TELECOM DEBITEL;;;SFR_COLL;DSP_MAJ_IRISE;;;OR21;OR1;OR21;CST;MCO;OK;15/04/2013;15/04/2013;C;OPT;C;LH;RF22;144;143;1;12;;4;105,5342;;;15/04/2013;;;;
4614084;TERRITOIRE;IRS - 36FO - 11 QUAI DES CARRIERES NC/11, QUAI DES CARRIERES;;;SFR_COLL;DSP_MAJ_IRISE;;;OR21;OR1;OR21;CST;MCO;OK;25/10/2007;25/10/2007;C;OPT;C;TR;RF42;36;32;4;6;;4;8,1638;;;25/10/2007;;;;
4610519;TERRITOIRE;IRS - 72FO - SORTIE TCT ANTHONY/AV DE LA GARE PK19120;;;SFR_COLL;DSP_MAJ_IRISE;;;OR21;OR1;OR21;CST;MCO;OK;01/02/2005;01/02/2005;C;OPT;C;TR;RF23;72;28;44;6;;145;3300,1174;;;01/02/2005;;;;
16712036;TERRITOIRE;IRS - 72 FO - FT451 - 86-84 AVENUE DE RIGNY / FT751 - 100 AVENUE GEOGES CLEMENCEAU;;;SFR_COLL;DSP_MAJ_IRISE;;;OR21;OR1;OR21;CST;MCO;OK;07/12/2019;07/12/2019;C;OPT;C;TR;RF178;72;72;0;12;;4;901,5564;;;07/12/2019;;;;
4603466;TERRITOIRE;IRS 72 FO ANGLE VILAINS-DELAVAQUERIE/N-1 CENTRE SOCIAL ESPERANTO;;;SFR_COLL;DSP_MAJ_IRISE;;;OR21;OR1;OR21;CST;MCO;OK;20/06/2011;20/06/2011;C;OPT;C;TR;RF16;72;70;2;6;;4;164,9671;;;20/06/2011;;;;
8506834;TERRITOIRE;IRS - 144 FO - LD - IRS - 1 BD DE LA REPUBLIQUE (COURBEVOIE) / NETCENTER COURBEVOIE - EI;;;SFR_COLL;DSP_MAJ_IRISE;;;OR21;OR1;OR21;CST;MCO;OK;21/08/2014;21/08/2014;C;OPT;C;LH;RF22;144;139;5;12;;4;417,5111;;;21/08/2014;;;;
4614089;TERRITOIRE;IRS - RUE DE SEINE / 15 AV DU PRESIDENT SALVADOR ALLENDE;;;SFR_COLL;DSP_MAJ_IRISE;;;OR21;OR1;OR21;CST;MCO;OK;21/11/2007;21/11/2007;C;OPT;C;TR;RF16;72;68;4;6;;4;342,7322;;;21/11/2007;;;;
7147281;HORS TERRITOIRE;IRS - 144FO - FT 2765 RUE DE PONTOISE - BPE1 / IRS - BD DE L4OISE - VIOSNE - BPE1;;;SFR_COLL;DSP_MAJ_IRISE;;;OR21;OR1;OR21;CST;MCO;OK;25/07/2013;25/07/2013;C;OPT;C;LH;RF22;144;140;4;12;;4;379,5422;;;25/07/2013;;;;
6611730;TERRITOIRE;IRS - 72FO - RUE GUEROUX/N-1 MAIRIE DE PIERREFITTE;;;SFR_COLL;DSP_MAJ_IRISE;;;OR21;OR1;OR21;CST;MCO;OK;07/06/2013;07/06/2013;C;OPT;C;TR;RF168;72;48;24;12;;5;233,0400;;;07/06/2013;;;;
22756264;TERRITOIRE;IRS - 36FO - POP CAPITOLE / IRS - 90 RUE FRANCOIS MILLET - BPE1;;;SFR_COLL;DSP_MAJ_IRISE;;;OR21;OR1;OR21;CST;MCO;OK;17/03/2021;17/03/2021;C;OPT;C;TR;RF147;36;34;2;6;;5;87,4233;;;17/03/2021;;;;
4628035;TERRITOIRE;IRS - 144FO - N-1 PISCINE GUIMER / N-1 ROMAINVILLE 2000;;;SFR_COLL;DSP_MAJ_IRISE;;;OR21;OR1;OR21;CST;MCO;OK;09/06/2008;09/06/2008;C;OPT;C;LH;RF40;144;136;8;12;;4;142,1396;;;09/06/2008;;;;
17373207;TERRITOIRE;IRS - 36 FO - FT 979 - 87 AVENUE CHEVREUL / FT778 - 66 RUE GABRIEL PERI;;;SFR_COLL;DSP_MAJ_IRISE;;;OR21;OR1;OR21;CST;MCO;OK;12/02/2020;12/02/2020;C;OPT;C;TR;RF50;36;36;0;3;;4;989,6094;;;12/02/2020;;;;
15274938;TERRITOIRE;36 FO - IRS - FT 1245 - ROUTE PRINCIPALE DU PORT (GENNEVILLIERS) / IRS - FT 753 - PLACE DES HAUTS TILLIERS;;;SFR_COLL;DSP_MAJ_IRISE;;;OR21;OR1;OR21;CST;MCO;OK;11/07/2019;11/07/2019;C;OPT;C;TR;RF50;36;36;0;3;;4;1730,4267;;;11/07/2019;;;;
7224865;TERRITOIRE;IRS - 144FO - 12 RUE MESLIER 55B101 CHAMBRE 8 SAINT OUEN - BPE 2 / ANGLE BATELIERS/HUGO;;;SFR_COLL;DSP_MAJ_IRISE;;;OR21;OR1;OR21;CST;MCO;OK;23/08/2013;23/08/2013;C;OPT;C;LH;RF22;144;114;30;12;;4;388,5049;;;23/08/2013;;;;
4614808;TERRITOIRE;IRS-RUE HOCHE-RESISTANCE/POP ATRIUM MONTREUIL;;;SFR_COLL;DSP_MAJ_IRISE;;;OR21;OR1;OR21;CST;MCO;OK;03/11/2006;03/11/2006;C;OPT;C;DI;RF14;12;6;6;2;;4;67,8741;;;03/11/2006;;;;
4627627;HORS TERRITOIRE;IRS - 24FO - PARKING RUE DES VANESSES/POP XEROX;;;SFR_COLL;DSP_MAJ_IRISE;;;OR21;OR1;OR21;CST;MCO;OK;29/12/2009;29/12/2009;C;OPT;C;DI;RF15;24;24;0;4;;4;120,6027;;;29/12/2009;;;;
16518758;TERRITOIRE;IRS - 12 FO - FT625 - RUE AMBROISE CROIZAT (VILLEJUIF) / POP CAMERA C26 - AA;;;SFR_COLL;DSP_MAJ_IRISE;;;OR21;OR1;OR21;CST;MCO;OK;19/11/2019;19/11/2019;C;OPT;C;DI;RF66;12;10;2;2;;236;276,4246;;;19/11/2019;;;;
36870180;TERRITOIRE;CH SAT SECURISEE CAM19_FT984 / CH SAT SECURISEE CAM20_FT995;;;SFR_COLL;DSP_MAJ_IRISE;;;OR21;OR1;OR21;CST;MCO;OK;22/02/2023;22/02/2023;C;OPT;C;DI;RF27;12;10;2;2;;5;204,8456;;;22/02/2023;;;;
10868243;TERRITOIRE;24FO - IRS - BI 67 RUE BARBES/POP MINEFI IVRY ZAC - AA;;;SFR_COLL;DSP_MAJ_IRISE;;;OR21;OR1;OR21;CST;MCO;OK;06/02/2017;06/02/2017;C;OPT;C;DI;RF30;24;23;1;4;;4;18,2160;;;06/02/2017;;;;
5060693;TERRITOIRE;IRS - 144FO - CHAMPEVAL / DEMENITROUX CRETEIL;;;SFR_COLL;DSP_MAJ_IRISE;;;OR21;OR1;OR21;CST;MCO;OK;27/11/2012;27/11/2012;C;OPT;C;LH;RF22;144;134;10;12;;4;371,8817;;;27/11/2012;;;;
4634850;TERRITOIRE;IRS - 72FO - RUE FAIDHERBE/PLACE DR PIERRE;;;SFR_COLL;DSP_MAJ_IRISE;;;OR21;OR1;OR21;CST;MCO;OK;23/12/2010;23/12/2010;C;OPT;C;TR;RF16;72;70;2;6;;4;253,0311;;;23/12/2010;;;;
42902181;TERRITOIRE;IRS - 24FO - FT106 - AV DU PONT ROYAL / FT91 - AVENUE ARISTIDE BRIAND;;;SFR_COLL;DSP_MAJ_IRISE;;;OR21;OR1;OR21;CST;MCO;OK;18/01/2024;18/01/2024;C;OPT;C;DI;RF29;24;20;4;4;;5;207,2071;;;18/01/2024;;;;
16714594;TERRITOIRE;IRS - 36 FO - FT 854 - 6 RUE DU GENERAL KOENING / FT 820 - 3 RUE DE MESLY;;;SFR_COLL;DSP_MAJ_IRISE;;;OR21;OR1;OR21;CST;MCO;OK;07/12/2019;07/12/2019;C;OPT;C;TR;RF50;36;36;0;3;;4;1431,9844;;;07/12/2019;;;;
18291878;TERRITOIRE;IRS - 12 FO - FT 3219 - 27 RUE ANATOLE FRANCE / POP ELEMENTAIRE ANATOLE FRANCE MONTREUIL - AA;;;SFR_COLL;DSP_MAJ_IRISE;;;OR21;OR1;OR21;CST;MCO;OK;07/05/2020;07/05/2020;C;OPT;C;DI;RF27;12;8;4;2;;5;160,3623;;;07/05/2020;;;;
4610869;TERRITOIRE;IRS - 144FO - AV GUILLERAIS/GARAGE MUNICIPAL NANTERRE;;;SFR_COLL;DSP_MAJ_IRISE;;;OR21;OR1;OR21;CST;MCO;OK;30/01/2006;30/01/2006;C;OPT;C;LH;RF40;144;142;2;12;;4;51,5335;;;30/01/2006;;;;
4602676;TERRITOIRE;IRS - 48FO - PRC TISCALI/FERRY-COUTURIER;;;SFR_COLL;DSP_MAJ_IRISE;;;OR21;OR1;OR21;CST;MCO;OK;23/11/2004;23/11/2004;C;OPT;C;TR;RF19;48;44;4;4;;4;32,1643;;;23/11/2004;;;;
4602824;TERRITOIRE;144 FO - IRISE - PLACE DE LA GARE / CHAMBRE 7 DEVANT MSP ST-DENIS - BPE 1;;;SFR_COLL;DSP_MAJ_IRISE;;;OR21;OR1;OR21;CST;MCO;OK;15/09/2004;15/09/2004;C;OPT;C;LH;RF56;144;51;93;12;;4;992,0153;;;15/09/2004;;;;
4597935;TERRITOIRE;IRS - 72FO - IRS RUE DES PEUPLIERS/IRS 38 RUE HAUTES PATURES;;;SFR_COLL;DSP_MAJ_IRISE;;;OR21;OR1;OR21;CST;MCO;OK;17/04/2012;17/04/2012;C;OPT;C;TR;RF16;72;23;49;6;;4;443,8348;;;17/04/2012;;;;
4602991;TERRITOIRE;IRS - ANDRE CAMPRA/WILSON MITTERRAND;;;SFR_COLL;DSP_MAJ_IRISE;;;OR21;OR1;OR21;CST;MCO;OK;03/07/2004;03/07/2004;C;OPT;C;LH;RF40;144;14;130;12;;4;118,7463;;;03/07/2004;;;;
4601976;TERRITOIRE;IRS - RASPAIL-JUST/12 AV DE LA REPUBLIQUE;;;SFR_COLL;DSP_MAJ_IRISE;;;OR21;OR1;OR21;CST;MCO;OK;15/05/2004;15/05/2004;C;OPT;C;TR;RF16;72;66;6;6;;4;1253,4960;;;15/05/2004;;;;
4640475;TERRITOIRE;IRS - 12FO - POP FTTS ROMAINVILLE/BI 15 RUE EMILE ZOLA - AA;;;SFR_COLL;DSP_MAJ_IRISE;;;OR21;OR1;OR21;CST;MCO;OK;13/02/2012;13/02/2012;C;OPT;C;DI;RF38;12;10;2;1;;4;22,8254;;;13/02/2012;;;;
8464274;TERRITOIRE;IRS - 144FO - RUE EDGAR QUINET/19 RUE WALDECK ROCHER;;;SFR_COLL;DSP_MAJ_IRISE;;;OR21;OR1;OR21;CST;MCO;OK;05/08/2014;05/08/2014;C;OPT;C;LH;RF22;144;138;6;12;;4;520,7863;;;05/08/2014;;;;
44812897;TERRITOIRE;IRS - 12 FO -  AV DU GENERAL LECLERC (BOURG LA REINE) / AV DU GENERAL LECLERC CH FT 772;;;SFR_COLL;DSP_MAJ_IRISE;;;OR21;OR1;OR21;CST;MCO;OK;15/05/2024;15/05/2024;C;OPT;C;DI;RF27;12;10;2;2;;5;57,6070;;;15/05/2024;;;;
4595786;TERRITOIRE;IRS - 120 G PERI/154 G PERI;;;SFR_COLL;DSP_MAJ_IRISE;;;OR21;OR1;OR21;CST;MCO;OK;17/04/2003;17/04/2003;C;OPT;C;TR;RF16;72;36;36;6;;4;306,9370;;;17/04/2003;;;;
10862738;TERRITOIRE;IRS - 36FO - LD - BI 50-64 AVENUE FRANCOIS ARAGO/50-62 AV FRANCOIS ARAGO;;;SFR_COLL;DSP_MAJ_IRISE;;;OR21;OR1;OR21;CST;MCO;OK;17/02/2014;17/02/2014;C;OPT;C;TR;RF26;36;36;0;6;;4;68,2040;;;17/02/2014;;;;
4614379;TERRITOIRE;IRS - 48FO - PHILIBERT HOFFMAN / POP ICADE - AB;;;SFR_COLL;DSP_MAJ_IRISE;;;OR21;OR1;OR21;CST;MCO;OK;08/01/2009;08/01/2009;C;OPT;C;TR;RF19;48;34;14;4;;4;2573,6422;;;08/01/2009;;;;
17192046;TERRITOIRE;IRS - 72 FO - FT 1894 - 48 D906 / FT 163 - 26 VILLA DES PAROSEAUX CHATILLON;;;SFR_COLL;DSP_MAJ_IRISE;;;OR21;OR1;OR21;CST;MCO;OK;27/01/2020;27/01/2020;C;OPT;C;TR;RF28;72;72;0;6;;4;2302,6333;;;27/01/2020;;;;
4594601;TERRITOIRE;IRS - 29 RUE ANATOLE FRANCE / ANATOLE FRANCE;;;SFR_COLL;DSP_MAJ_IRISE;;;OR21;OR1;OR21;CST;MCO;OK;25/08/2004;25/08/2004;C;OPT;C;TR;RF19;48;20;28;4;;4;377,8106;;;25/08/2004;;;;
33993378;TERRITOIRE;IRS - 48FO - NEXON_BORDES/IRS - FT 559 - 4 ALLEE DU VAL DU MOULIN (STAINS);;;SFR_COLL;DSP_MAJ_IRISE;;;OR21;OR1;OR21;CST;MCO;OK;16/01/2008;16/01/2008;C;OPT;C;TR;RF19;48;41;7;4;;4;315,0045;;;16/01/2008;;;;
4636503;TERRITOIRE;IRS - BOURGELAT/7 RUE PIERRE SEMARD ( MAISON ALFORT );;;SFR_COLL;DSP_MAJ_IRISE;;;OR21;OR1;OR21;CST;MCO;OK;19/05/2011;19/05/2011;C;OPT;C;TR;RF19;48;46;2;4;;4;1920,3531;;;19/05/2011;;;;
35630515;TERRITOIRE;IRS - 12FO - FT62 - RUE DE L ESPERANCE / PRC CAMERA X05 BONNEUIL SUR MARNE - AA;;;SFR_COLL;DSP_MAJ_IRISE;;;OR21;OR1;OR21;CST;MCO;OK;15/12/2022;15/12/2022;C;OPT;C;DI;RF27;12;10;2;2;;5;12,0168;;;15/12/2022;;;;
4639917;TERRITOIRE;IRS - 12FO - POP FTTS LE PERREUX/BI 10 RUE PASTAUR - AA;;;SFR_COLL;DSP_MAJ_IRISE;;;OR21;OR1;OR21;CST;MCO;OK;20/02/2012;20/02/2012;C;OPT;C;DI;RF38;12;8;4;1;;4;19,6471;;;20/02/2012;;;;
9412130;TERRITOIRE;923784 / SRI-OOG / AA-001-072 / CBM / VANVES;;;SFR_COLL;DSP_MAJ_IRISE;;;OR21;OR1;OR21;CST;MCO;OK;03/11/2015;03/11/2015;C;OPT;C;TR;RF81;72;61;11;18;;47;218,7450;;;03/11/2015;;;;
4608066;TERRITOIRE;IRS - 24FO - 72 HENRI BARBUSSE / POP CTM AUBERVILLIERS;;;SFR_COLL;DSP_MAJ_IRISE;;;OR21;OR1;OR21;CST;MCO;OK;21/04/2008;21/04/2008;C;OPT;C;DI;RF15;24;8;16;4;;4;38,6205;;;21/04/2008;;;;
4613052;TERRITOIRE;IRS - 144FO - 30 RUE DR ARNAUD/PLACE DU CLOS MONTHOLON;;;SFR_COLL;DSP_MAJ_IRISE;;;OR21;OR1;OR21;CST;MCO;OK;18/09/2007;18/09/2007;C;OPT;C;LH;RF74;144;114;30;12;;100;314,3115;;;18/09/2007;;;;
4640670;TERRITOIRE;IRS - 12 FO - BI 10 RUE SAINTOT (VILLENEUVE LE ROI)/FTTS VILLENEUVE LE ROI (HAUT) - AA;;;SFR_COLL;DSP_MAJ_IRISE;;;OR21;OR1;OR21;CST;MCO;OK;14/03/2012;14/03/2012;C;OPT;C;DI;RF38;12;6;6;1;;4;17,4930;;;14/03/2012;;;;
24860897;TERRITOIRE;IRS - 12FO - FT2829 - RUE  BABEUF / POP CENTRE DE LOISIRS BABEUF MONTREUIL - AA;;;SFR_COLL;DSP_MAJ_IRISE;;;OR21;OR1;OR21;CST;MCO;OK;22/07/2021;22/07/2021;C;OPT;C;DI;RF27;12;8;4;2;;5;39,5484;;;22/07/2021;;;;
18379877;TERRITOIRE;IRS - 36 FO - FT 256 - ANGLE AV R.SALENGRO-RUE ANATOLE France (Boucle 102) / FT 727 - 61 RUE MARTIAL BOUDET (CHAVILLE);;;SFR_COLL;DSP_MAJ_IRISE;;;OR21;OR1;OR21;CST;MCO;OK;14/05/2020;14/05/2020;C;OPT;C;TR;RF50;36;36;0;3;;4;541,3279;;;14/05/2020;;;;
4604760;TERRITOIRE;IRS - 48FO - FT 746 - 15 RUE HEBERT/BD DES FRERES VIGOUROUX;;;SFR_COLL;DSP_MAJ_IRISE;;;OR21;OR1;OR21;CST;MCO;OK;09/11/2004;09/11/2004;C;OPT;C;TR;RF19;48;60;12;4;;4;469,9412;;;09/11/2004;;;;
5811428;TERRITOIRE;IRS - 144FO - ACHAT OPALYS T1 A T6  - 120 RUE MARECHAL LECLERC/40 RUE MARECHAL LECLERC;;;SFR_COLL;DSP_MAJ_IRISE;;;OR21;OR1;OR21;CST;MCO;OK;05/03/2013;05/03/2013;C;OPT;C;LH;RF22;144;56;88;12;;4;751,4542;;;05/03/2013;;;;
25365869;TERRITOIRE;24 FO - IRS - N-1 MEDIATHEQUE CHEVILLY LARUE - BPE 1 / IRS - N-1 CRECHE MAISON BLEU CHEVILLY LA RUE BPE 1;;;SFR_COLL;DSP_MAJ_IRISE;;;OR21;OR1;OR21;CST;MCO;OK;24/08/2021;24/08/2021;C;OPT;C;DI;RF29;24;22;2;4;;5;352,9060;;;24/08/2021;;;;
23569060;TERRITOIRE;IRS - 72 FO - FT 1472 - RUE MADELEINE / FT 438 - 7 RUE MONTROSIER;;;SFR_COLL;DSP_MAJ_IRISE;;;OR21;OR1;OR21;CST;MCO;OK;11/05/2021;11/05/2021;C;OPT;C;TR;RF28;72;72;0;6;;4;948,5201;;;11/05/2021;;;;
33535778;TERRITOIRE;36 FO - POP POLICE MUNICIPALE LES PAVILLONS SOUS BOIS / POP DECHETTERIE LES PAVILLONS SOUS BOIS;;;SFR_COLL;DSP_MAJ_IRISE;;;OR21;OR1;OR21;CST;MCO;OK;31/08/2022;31/08/2022;C;OPT;C;TR;RF139;36;34;2;6;;5;576,4402;;;31/08/2022;;;;
4641640;TERRITOIRE;IRS - 36FO - N-1 BOBIGNY (PREFECTURE)/BI 4 RUE DU LIEUTENANT LEBRUN (BOBIGNY);;;SFR_COLL;DSP_MAJ_IRISE;;;OR21;OR1;OR21;CST;MCO;OK;27/02/2012;27/02/2012;C;OPT;C;TR;RF42;36;20;16;6;;4;86,3987;;;27/02/2012;;;;
4632886;TERRITOIRE;IRS - 36FO - BPI N-1 HOTEL L'AMANDIER/14 AV PABLO PICASSO;;;SFR_COLL;DSP_MAJ_IRISE;;;OR21;OR1;OR21;CST;MCO;OK;16/12/2011;16/12/2011;C;OPT;C;TR;RF42;36;30;6;6;;4;102,6549;;;16/12/2011;;;;
4631961;HORS TERRITOIRE;IRS - 12FO - POP FTTS GARCHES (STADE)/ BI GARCHES (STADE) - AA;;;SFR_COLL;DSP_MAJ_IRISE;;;OR21;OR1;OR21;CST;MCO;OK;12/03/2012;12/03/2012;C;OPT;C;DI;RF38;12;10;2;1;;4;18,8678;;;12/03/2012;;;;
4641639;TERRITOIRE;IRS - 36FO - RUE EMILE ZOLA BOBIGNY/N-1 BOBIGNY (PREFECTURE);;;SFR_COLL;DSP_MAJ_IRISE;;;OR21;OR1;OR21;CST;MCO;OK;27/02/2012;27/02/2012;C;OPT;C;TR;RF42;36;32;4;6;;4;480,7622;;;27/02/2012;;;;
4606213;TERRITOIRE;IRS - 72FO -11 BD DE LA LIBERATION/POP ZONEPRO - AA;;;SFR_COLL;DSP_MAJ_IRISE;;;OR21;OR1;OR21;CST;MCO;OK;04/11/2008;04/11/2008;C;OPT;C;TR;RF16;72;64;8;6;;4;57,0746;;;04/11/2008;;;;
4594840;TERRITOIRE;IRS - 24FO - C606 SDE 005/C606 SDE 006 N-1 CAA ST DENIS;;;SFR_COLL;DSP_MAJ_IRISE;;;OR21;OR1;OR21;CST;MCO;OK;10/10/2002;10/10/2002;C;OPT;C;DI;RF67;24;16;8;2;;5;444,9627;;;10/10/2002;;;;
7507105;TERRITOIRE;IRS - 144FO - ADAMOV_REPUBLIQUE BPE2/ FT AV DE LA REP_R ELISEE RECLUS;;;SFR_COLL;DSP_MAJ_IRISE;;;OR21;OR1;OR21;CST;MCO;OK;18/11/2013;18/11/2013;C;OPT;C;LH;RF22;144;110;34;12;;4;529,4950;;;18/11/2013;;;;
8567331;TERRITOIRE;IRS - 144FO - MAURICE THOREZ / ROUTE DE SAINT LEU;;;SFR_COLL;DSP_MAJ_IRISE;;;OR21;OR1;OR21;CST;MCO;OK;10/09/2014;10/09/2014;C;OPT;C;LH;RF128;144;143;1;12;;4;801,6183;;;10/09/2014;;;;
4603692;HORS TERRITOIRE;IRS - 72FO - PEPINIERE_REPUBLIQUE ( VAUCRESSON)/HOPITAL POINCARRE;;;SFR_COLL;DSP_MAJ_IRISE;;;OR21;OR1;OR21;CST;MCO;OK;27/09/2004;27/09/2004;C;OPT;C;TR;RF16;72;46;26;6;;4;761,0171;;;27/09/2004;;;;
4611650;TERRITOIRE;IRS - 72FO - RUE JULES QUENTIN IRISE/94 BD DE LA SEINE NANTERRE;;;SFR_COLL;DSP_MAJ_IRISE;;;OR21;OR1;OR21;CST;MCO;OK;29/03/2007;29/03/2007;C;OPT;C;TR;RF16;72;44;28;6;;4;1132,6965;;;29/03/2007;;;;
4598287;TERRITOIRE;IRS - 24FO - CH COLT/BD DES FRERES VIGOUROUX;;;SFR_COLL;DSP_MAJ_IRISE;;;OR21;OR1;OR21;CST;MCO;OK;27/04/2005;27/04/2005;C;OPT;C;DI;RF71;24;12;12;12;;5;454,4113;;;27/04/2005;;;;
4597037;TERRITOIRE;(INEXISTANT SUR LE TERRAIN)  IRS - 48FO - MAIRIE DE LA COURNEUVE/JULES FERRY - AA;;;SFR_COLL;DSP_MAJ_IRISE;;;OR21;OR1;OR21;CST;MCO;OK;30/01/2001;30/01/2001;C;OPT;C;TR;RF43;48;42;6;6;;183;347,3808;;;30/01/2001;;;;
4605052;TERRITOIRE;IRS - 144FO - FERRY-ALSACE LORRAINE/LEDRU-ROLLIN;;;SFR_COLL;DSP_MAJ_IRISE;;;OR21;OR1;OR21;CST;MCO;OK;01/01/2002;01/01/2002;C;OPT;C;LH;RF56;144;74;70;12;;4;1676,4940;;;01/01/2002;;;;
23748258;TERRITOIRE;IRS - FT 1159 AV ARISTIDE BRIAND - RN20 MONTROUGE / IRS - 105 AV ARISTIDE BRIAND - RN20 MONTROUGE - BPE 1;;;SFR_COLL;DSP_MAJ_IRISE;;;OR21;OR1;OR21;CST;MCO;OK;22/05/2021;22/05/2021;C;OPT;C;DI;RF37;12;6;6;2;;5;47,1304;;;22/05/2021;;;;
36533868;TERRITOIRE;POP CAMERA20 / CH SAT SECURISEE CAM20_FT995;;;SFR_COLL;DSP_MAJ_IRISE;;;OR21;OR1;OR21;CST;MCO;OK;06/02/2023;06/02/2023;C;OPT;C;DI;RF27;12;10;2;2;;5;101,5043;;;06/02/2023;;;;
6681809;TERRITOIRE;IRS - 144FO - BD MELIES BPE2/BRY SUR MARNE N_9 PT;;;SFR_COLL;DSP_MAJ_IRISE;;;OR21;OR1;OR21;CST;MCO;OK;13/06/2013;13/06/2013;C;OPT;C;LH;RF22;144;106;38;12;;4;268,8633;;;13/06/2013;;;;
40755627;TERRITOIRE;IRS - 36 FO - FT 277 - RUE DE BAPAUME NOGENT SUR MARNE / PLACE MOREAU DAVID FONTENAY-SOUS-BOIS;;;SFR_COLL;DSP_MAJ_IRISE;;;OR21;OR1;OR21;CST;MCO;OK;06/02/2020;06/02/2020;C;OPT;C;TR;RF50;36;36;0;3;;4;74,9697;;;06/02/2020;;;;
38543782;TERRITOIRE;IRS- 24 FO - BD GABRIEL PERI FT897 / RD PT DE L'EUROPE - RUE DE LISBONNE (ROSNY);;;SFR_COLL;DSP_MAJ_IRISE;;;OR21;OR1;OR21;CST;MCO;OK;07/01/2022;07/01/2022;C;OPT;C;DI;RF29;24;20;4;4;;5;29,2579;;;07/01/2022;;;;
4632550;TERRITOIRE;IRS - 72FO - N-1 ORGEMONT/ JOFFRE N310-RUE DES CARRIERES;;;SFR_COLL;DSP_MAJ_IRISE;;;OR21;OR1;OR21;CST;MCO;OK;05/10/2009;05/10/2009;C;OPT;C;TR;RF16;72;62;10;6;;4;350,7573;;;05/10/2009;;;;
27430549;TERRITOIRE;IRS - 24 FO - FT1967 - RUE ST JUST (MONTREUIL) - BPE 1 / FT2418 RUE PIERRE DE MONTREUIL BPE 1;;;SFR_COLL;DSP_MAJ_IRISE;;;OR21;OR1;OR21;CST;MCO;OK;21/11/2021;21/11/2021;C;OPT;C;DI;RF29;24;22;2;4;;5;751,5579;;;21/11/2021;;;;
4605538;TERRITOIRE;IRS - 144FO - 32 RUE GABRIEL PERI  MONTROUGE/AV COUTURIER;;;SFR_COLL;DSP_MAJ_IRISE;;;OR21;OR1;OR21;CST;MCO;OK;01/01/2004;01/01/2004;C;OPT;C;LH;RF56;144;62;82;12;;4;994,4746;;;01/01/2004;;;;
14862854;TERRITOIRE;IRS - 144FO - 252 RUE DE ROSNY / IRS - FT 2587 - 118 AV DU PRESIDENT SALVADOR ALLENDE;;;SFR_COLL;DSP_MAJ_IRISE;;;OR21;OR1;OR21;CST;MCO;OK;22/05/2019;22/05/2019;C;OPT;C;LH;RF22;144;144;0;12;;4;1011,8306;;;22/05/2019;;;;
22085857;TERRITOIRE;12 FO - BPE FT356 / POP ANTENNE REPUBLIQUE;;;SFR_COLL;DSP_MAJ_IRISE;;;OR21;OR1;OR21;CST;MCO;OK;31/01/2021;31/01/2021;C;OPT;C;DI;RF27;12;8;4;2;;5;82,7352;;;31/01/2021;;;;
8556114;HORS TERRITOIRE;IRS - 72FO - LD BD MELIES/ BD MONT D'EST - 2;;;SFR_COLL;DSP_MAJ_IRISE;;;OR21;OR1;OR21;CST;MCO;OK;05/09/2014;05/09/2014;C;OPT;C;TR;RF106;72;25;47;6;;5;383,9135;;;05/09/2014;;;;
4628017;HORS TERRITOIRE;IRS - 48FO - COURS DU LUZARD / POP ANPE - AA;;;SFR_COLL;DSP_MAJ_IRISE;;;OR21;OR1;OR21;CST;MCO;OK;06/06/2008;06/06/2008;C;OPT;C;TR;RF69;48;46;2;4;;4;108,7452;;;06/06/2008;;;;
25696420;TERRITOIRE;IRS - 288 FO - RUE DU LANDY ITX3 ADD2 / FT988 RUE DU LANDY;;;SFR_COLL;DSP_MAJ_IRISE;;;OR21;OR1;OR21;CST;MCO;OK;10/09/2021;10/09/2021;C;OPT;C;LH;RF77;288;288;0;24;;255;56,8383;;;10/09/2021;;;;
31652580;TERRITOIRE;12 FO - IRISE - ANGLE GARDINOUX-HUGO - BPE 2 / POP PM AUBERVILLIERS;;;SFR_COLL;DSP_MAJ_IRISE;;;OR21;OR1;OR21;CST;MCO;OK;20/05/2022;20/05/2022;C;OPT;C;DI;RF37;12;10;2;2;;5;193,2467;;;20/05/2022;;;;
23348257;TERRITOIRE;IRS - 12FO - 312 AV G DE GAULLE/TD_FONTENAY AUX ROSES N_1 PT;;;SFR_COLL;DSP_MAJ_IRISE;;;OR21;OR1;OR21;CST;MCO;OK;28/04/2021;28/04/2021;C;OPT;C;DI;RF37;12;10;2;2;;5;1625,3989;;;28/04/2021;;;;
4606547;TERRITOIRE;36FO TIS - N-1/LT CAA GENNEVILLIERS TISCALI;;;SFR_COLL;DSP_MAJ_IRISE;;;OR21;OR1;OR21;CST;MCO;OK;08/12/2004;08/12/2004;C;OPT;C;TR;RF42;36;22;14;6;;4;48,4727;;;08/12/2004;;;;
25240100;TERRITOIRE;IRS - 144 FO - IRS - 59-51 EDOUARD DEPREUX / IRS - FT 353 - 129 AVENUE ROGER SALENGRO;;;SFR_COLL;DSP_MAJ_IRISE;;;OR21;OR1;OR21;CST;MCO;OK;16/08/2021;16/08/2021;C;OPT;C;LH;RF22;144;144;0;12;;4;1076,0263;;;16/08/2021;;;;
4623534;TERRITOIRE;IRS - 72FO - 122 AV DE PARIS/N-1 DAUMESNIL;;;SFR_COLL;DSP_MAJ_IRISE;;;OR21;OR1;OR21;CST;MCO;OK;05/02/2008;05/02/2008;C;OPT;C;TR;RF16;72;43;29;6;;4;206,8142;;;05/02/2008;;;;
36786017;TERRITOIRE;IRS - 12FO - POP ECOLE PIERRE BROSSOLETTE / N-1 BROSSOLETTE CH_FT163 - AA;;;SFR_COLL;DSP_MAJ_IRISE;;;OR21;OR1;OR21;CST;MCO;OK;16/02/2023;16/02/2023;C;OPT;C;DI;RF27;12;5;7;2;;5;13,5931;;;16/02/2023;;;;
25543458;TERRITOIRE;IRS - 48FO - FT1036 - 216 AV JEAN JAURES / POP BIBLIOTHEQUE DE LA FOURCHE CLAMART - AA;;;SFR_COLL;DSP_MAJ_IRISE;;;OR21;OR1;OR21;CST;MCO;OK;02/09/2021;02/09/2021;C;OPT;C;TR;RF61;48;46;2;4;;5;19,6402;;;02/09/2021;;;;
4611452;TERRITOIRE;144 FO - IRISE - 23 RUE DES GARDINOUX - BPE 2 / POP INTERXION 2 - ODF1 - AC;;;SFR_COLL;DSP_MAJ_IRISE;;;OR21;OR1;OR21;CST;MCO;OK;21/11/2006;21/11/2006;C;OPT;C;LH;RF40;144;0;144;12;;4;70,0021;;;21/11/2006;;;;
4610650;TERRITOIRE;IRS- 81 RUE DE FONTENAY/43 RUE RAYMOND DU TEMPLE VINCENNES;;;SFR_COLL;DSP_MAJ_IRISE;;;OR21;OR1;OR21;CST;MCO;OK;31/10/2006;31/10/2006;C;OPT;C;TR;RF16;72;64;8;6;;4;147,1977;;;31/10/2006;;;;
4631489;TERRITOIRE;IRS - HORNET_STALINGRAD/HOCHE_RESISTANCE;;;SFR_COLL;DSP_MAJ_IRISE;;;OR21;OR1;OR21;CST;MCO;OK;19/01/2009;19/01/2009;C;OPT;C;TR;RF16;72;12;60;6;;4;1355,0643;;;19/01/2009;;;;
44712418;TERRITOIRE;12 FO - IRS - RUE MAURICE ARNOUX-RUE PERIER / RUE GUILLOT;;;SFR_COLL;DSP_MAJ_IRISE;;;OR21;OR1;OR21;CST;MCO;OK;07/05/2024;07/05/2024;C;OPT;C;DI;RF27;12;10;2;2;;5;233,7545;;;07/05/2024;;;;
18065313;TERRITOIRE;IRS - 36 FO - FT 433 - 11B RUE DE LEON GAMBETTA / FT 478 - 30 RUE ALEXIS DRAPPIER;;;SFR_COLL;DSP_MAJ_IRISE;;;OR21;OR1;OR21;CST;MCO;OK;16/04/2020;16/04/2020;C;OPT;C;TR;RF50;36;36;0;3;;4;2037,5394;;;16/04/2020;;;;
8464286;TERRITOIRE;IRS - 144FO - AV M LECLERC HAUTECLOQUE/AV M LECLERC HAUTECLOQUE-PONT;;;SFR_COLL;DSP_MAJ_IRISE;;;OR21;OR1;OR21;CST;MCO;OK;05/08/2014;05/08/2014;C;OPT;C;LH;RF22;144;138;6;12;;4;627,7495;;;05/08/2014;;;;
4605461;HORS TERRITOIRE;IRS - 48FO - AV DE LA BELLE HEAUMIERE/POP AMEX SPIE;;;SFR_COLL;DSP_MAJ_IRISE;;;OR21;OR1;OR21;CST;MCO;OK;12/07/2004;12/07/2004;C;OPT;C;TR;RF19;48;7;41;4;;4;84,3088;;;12/07/2004;;;;
4632643;TERRITOIRE;IRS - 144 FO - 6 PLACE LEON GAMBETTA / 8 RUE GALILEE;;;SFR_COLL;DSP_MAJ_IRISE;;;OR21;OR1;OR21;CST;MCO;OK;30/06/2009;30/06/2009;C;OPT;C;LH;RF40;144;133;11;12;;4;212,4304;;;30/06/2009;;;;
5051441;TERRITOIRE;IRS - 144FO - IRS 28 RUE EMILE ZOLA/RUE LOUIS RAMEAU;;;SFR_COLL;DSP_MAJ_IRISE;;;OR21;OR1;OR21;CST;MCO;OK;26/11/2012;26/11/2012;C;OPT;C;LH;RF121;144;134;10;12;;5;411,9216;;;26/11/2012;;;;
8433876;TERRITOIRE;144 FO - IRS - 19 AV DE L'AERODROME / 10 RUE DU VERGER;;;SFR_COLL;DSP_MAJ_IRISE;;;OR21;OR1;OR21;CST;MCO;OK;24/07/2014;24/07/2014;C;OPT;C;LH;RF22;144;140;4;12;;4;393,4759;;;24/07/2014;;;;
15288129;TERRITOIRE;IRS - 144 FO - FT 1074 - 36 BD LOUISE MICHEL / FT 1079 - 23 QUAI DES GRESILLONS (GENNEVILLIERS);;;SFR_COLL;DSP_MAJ_IRISE;;;OR21;OR1;OR21;CST;MCO;OK;11/07/2019;11/07/2019;C;OPT;C;LH;RF22;144;142;2;12;;4;516,1401;;;11/07/2019;;;;
7557332;TERRITOIRE;IRS - 144FO - BD FICHOT_ANGLE BD GALLIENI / ALSACE LORRAINE-FERRY;;;SFR_COLL;DSP_MAJ_IRISE;;;OR21;OR1;OR21;CST;MCO;OK;29/11/2013;29/11/2013;C;OPT;C;LH;RF22;144;134;10;12;;4;756,5734;;;29/11/2013;;;;
7558289;TERRITOIRE;IRS -144 FO - RUE HOCHE-AV DE LA RESISTANCE / RUE ERNEST SAVERT;;;SFR_COLL;DSP_MAJ_IRISE;;;OR21;OR1;OR21;CST;MCO;OK;29/11/2013;29/11/2013;C;OPT;C;LH;RF22;144;143;1;12;;4;454,3517;;;29/11/2013;;;;
4611775;TERRITOIRE;IRS 144FO - RUE DE PRESLES/SALLE 1A03 - AL;;;SFR_COLL;DSP_MAJ_IRISE;;;OR21;OR1;OR21;CST;MCO;OK;18/10/2011;18/10/2011;C;OPT;C;LH;RF40;144;113;31;12;;4;311,5950;;;18/10/2011;;;;
4595733;TERRITOIRE;IRS - 1ER 72FO - AUBERVILLIERS (RECOLE TERRAIN) - AE;;;SFR_COLL;DSP_MAJ_IRISE;;;OR21;OR1;OR21;CST;MCO;OK;05/07/2002;05/07/2002;C;OPT;C;TR;RF16;72;57;15;6;;4;306,1162;;;05/07/2002;;;;
22929122;TERRITOIRE;IRS - 36 FO - IRIS 1022 -ESPLANADE AUGUSTE PERET / FT 1376 - 285 ALLEE JULES VERNES;;;SFR_COLL;DSP_MAJ_IRISE;;;OR21;OR1;OR21;CST;MCO;OK;30/03/2021;30/03/2021;C;OPT;C;TR;RF50;36;36;0;3;;4;287,9331;;;30/03/2021;;;;
23368431;TERRITOIRE;BAG - IRS - 28 RUE EDITH CAVELL / 15 AV DU PRESIDENT SALVADOR ALLENDE;;;SFR_COLL;DSP_MAJ_IRISE;;;OR21;OR1;OR21;CST;MCO;OK;04/12/2019;04/12/2019;C;OPT;C;LH;RF22;144;144;0;12;;4;152,6572;;;04/12/2019;;;;
4631200;TERRITOIRE;IRS - 72FO - 28 RUE EMILE ZOLA (BEZONS)/RUE DE LA MAIRIE (BEZONS);;;SFR_COLL;DSP_MAJ_IRISE;;;OR21;OR1;OR21;CST;MCO;OK;11/02/2009;11/02/2009;C;OPT;C;TR;RF41;72;63;9;6;;5;423,1118;;;11/02/2009;;;;
4629727;TERRITOIRE;IRS - 144FO - RUE LEDRU ROLLIN/AV ARISTIDE BRIAND;;;SFR_COLL;DSP_MAJ_IRISE;;;OR21;OR1;OR21;CST;MCO;OK;13/08/2012;13/08/2012;C;OPT;C;LH;RF40;144;108;36;12;;4;347,7423;;;13/08/2012;;;;
4606219;TERRITOIRE;IRS - AV DU CHATEAU/81 RUE DE FONTENAY;;;SFR_COLL;DSP_MAJ_IRISE;;;OR21;OR1;OR21;CST;MCO;OK;30/01/2001;30/01/2001;C;OPT;C;LH;RF56;144;104;40;12;;4;386,9346;;;30/01/2001;;;;
4597880;TERRITOIRE;IRS - 144FO - CHARLES VII/BD DE LA MARNE;;;SFR_COLL;DSP_MAJ_IRISE;;;OR21;OR1;OR21;CST;MCO;OK;15/12/2009;15/12/2009;C;OPT;C;LH;RF56;144;69;75;12;;4;1600,0929;;;15/12/2009;;;;
7147427;TERRITOIRE;IRS - 144 FO - 2 AV DES VIOLETTES / AVENUE DES LYS;;;SFR_COLL;DSP_MAJ_IRISE;;;OR21;OR1;OR21;CST;MCO;OK;25/07/2013;25/07/2013;C;OPT;C;LH;RF22;144;140;4;12;;4;491,4816;;;25/07/2013;;;;
4600630;TERRITOIRE;IRS - 72FO - DE GAULLE LECLERC (NOISY)/ADAMOV REPUBLIQUE (CHAMPIGNY);;;SFR_COLL;DSP_MAJ_IRISE;;;OR21;OR1;OR21;CST;MCO;OK;20/12/2012;20/12/2012;C;OPT;C;TR;RF16;72;13;59;6;;4;495,9888;;;20/12/2012;;;;
4604705;TERRITOIRE;IRS - 72FO - 81 RUE DE FONTENAY/FONTENAY-MONTREUIL;;;SFR_COLL;DSP_MAJ_IRISE;;;OR21;OR1;OR21;CST;MCO;OK;04/10/2004;04/10/2004;C;OPT;C;TR;RF16;72;20;52;6;;4;375,2777;;;04/10/2004;;;;
4637952;TERRITOIRE;IRS - 48FO - N-1 LE CORBUSIER/N-1 VALEO;;;SFR_COLL;DSP_MAJ_IRISE;;;OR21;OR1;OR21;CST;MCO;OK;01/12/2011;01/12/2011;C;OPT;C;TR;RF19;48;46;2;4;;4;277,9216;;;01/12/2011;;;;
25741540;TERRITOIRE;IRS - 144 FO - FT 997 - 138 AVENUE D ARGENTEUIL / FT 2018 - RUE DE L ABBE GLATZ ASNIERE SUR SEINE;;;SFR_COLL;DSP_MAJ_IRISE;;;OR21;OR1;OR21;CST;MCO;OK;05/07/2019;05/07/2019;C;OPT;C;LH;RF22;144;144;0;12;;4;916,5275;;;05/07/2019;;;;
15522322;TERRITOIRE;IRISE - 24 FO - RUE DE LA PREVOYANCE / POP POLICE NATIONALE LES LILAS - AA;;;SFR_COLL;DSP_MAJ_IRISE;;;OR21;OR1;OR21;CST;MCO;OK;08/08/2019;08/08/2019;C;OPT;C;DI;RF29;24;22;2;4;;5;29,1918;;;08/08/2019;;;;
4627287;TERRITOIRE;IRS - 9 AVENUE ARISTIDE BRIAND / JEAN MOULIN IRS;;;SFR_COLL;DSP_MAJ_IRISE;;;OR21;OR1;OR21;CST;MCO;OK;07/03/2008;07/03/2008;C;OPT;C;TR;RF16;72;36;36;6;;4;494,8297;;;07/03/2008;;;;
10929635;TERRITOIRE;24FO - IRS - BI - IRS - 222 RUE DE ROSNY (MONTREUIL) / POP CINEMACCANICA RUE DE ROSNY MONTREUIL - AA;;;SFR_COLL;DSP_MAJ_IRISE;;;OR21;OR1;OR21;CST;MCO;OK;17/02/2017;17/02/2017;C;OPT;C;DI;RF17;24;23;1;2;;4;4,4672;;;17/02/2017;;;;
17392738;TERRITOIRE;IRS - FT 888 - 2 RUE MAURICE UTRILLO / INTER RABELAIS-MOULIN;;;SFR_COLL;DSP_MAJ_IRISE;;;OR21;OR1;OR21;CST;MCO;OK;13/02/2020;13/02/2020;C;OPT;C;TR;RF50;36;36;0;3;;4;1359,5617;;;13/02/2020;;;;
11092242;HORS TERRITOIRE;24FO - IRS - BI 1-5 RUE JEANNE D ARC/POP TECHNICOLOR - AA;;;SFR_COLL;DSP_MAJ_IRISE;;;OR21;OR1;OR21;CST;MCO;OK;23/03/2017;23/03/2017;C;OPT;C;DI;RF17;24;24;0;2;;4;6,8803;;;23/03/2017;;;;
4599330;TERRITOIRE;IRS - 72FO - OPALYS - SORTIE EGOUTS IRISE VERS 3 FONTANOTS OPALYS;;;SFR_COLL;DSP_MAJ_IRISE;;;OR21;OR1;OR21;CST;MCO;OK;06/12/2010;06/12/2010;C;OPT;C;TR;RF16;72;72;0;6;;4;447,4796;;;06/12/2010;;;;
7049812;TERRITOIRE;IRS - 144FO - RUE DES AUBEPINES / FT 770 - IRS - AV DU PRESIDENT F.ROOSELEVELT;;;SFR_COLL;DSP_MAJ_IRISE;;;OR21;OR1;OR21;CST;MCO;OK;16/07/2013;16/07/2013;C;OPT;C;LH;RF22;144;140;4;12;;4;457,7005;;;16/07/2013;;;;
8236131;TERRITOIRE;IRS - 144FO - 7 RUE DU 2 DECEMBRE 1870 / 18 AV DES FRERES LUMIERES;;;SFR_COLL;DSP_MAJ_IRISE;;;OR21;OR1;OR21;CST;MCO;OK;03/06/2014;03/06/2014;C;OPT;C;LH;RF22;144;141;3;12;;4;434,5216;;;03/06/2014;;;;
34206819;HORS TERRITOIRE;IRS - 144FO - 32 RUE DANTON (N-1 URA SEVRAN)/14 PLACE GASTON BUSSIERE - SEVRAN;;;SFR_COLL;DSP_MAJ_IRISE;;;OR21;OR1;OR21;CST;MCO;OK;30/09/2022;30/09/2022;C;OPT;C;LH;RF22;144;144;0;12;;4;1022,4638;;;30/09/2022;;;;
4608141;TERRITOIRE;IRS - ECOLE RENAUDEL/ANNEXE RENAUDEL MONTROUGE;;;SFR_COLL;DSP_MAJ_IRISE;;;OR21;OR1;OR21;CST;MCO;OK;17/11/2005;17/11/2005;C;OPT;C;DI;RF14;12;10;2;2;;4;29,5296;;;17/11/2005;;;;
10934471;TERRITOIRE;24 FO - IRS - BI 121 RUE DU LANDY/POP EIFFAGE ENERGIE - AA;;;SFR_COLL;DSP_MAJ_IRISE;;;OR21;OR1;OR21;CST;MCO;OK;20/02/2017;20/02/2017;C;OPT;C;DI;RF30;24;22;2;4;;4;3,0980;;;20/02/2017;;;;
4631757;TERRITOIRE;IRS - 48FO - SEQUANTIC - PRC SEQUANTIC C.DESMOULINS (CACHAN) / IRS - 60 RUE CAMILLE DESMOULINS;;;SFR_COLL;DSP_MAJ_IRISE;;;OR21;OR1;OR21;CST;MCO;OK;30/11/2009;30/11/2009;C;OPT;C;TR;RF59;48;46;2;4;;5;73,6165;;;30/11/2009;;;;
7443441;HORS TERRITOIRE;IRS - 36FO - POP NOVOTEL PARC CERGY PONTOISE / N-1 - AA;;;SFR_COLL;DSP_MAJ_IRISE;;;OR21;OR1;OR21;CST;MCO;OK;28/10/2013;28/10/2013;C;OPT;C;TR;RF26;36;34;2;6;;4;28,4812;;;28/10/2013;;;;
7226801;TERRITOIRE;IRS - PLACE DU CAPITAINE GLAMER / IRS - SANZILLON_HUGO-1;;;SFR_COLL;DSP_MAJ_IRISE;;;OR21;OR1;OR21;CST;MCO;OK;06/10/2010;06/10/2010;C;OPT;C;TR;RF19;48;19;29;4;;4;562,9762;;;06/10/2010;;;;
5732689;HORS TERRITOIRE;IRS - 48FO - RUE DES 2 GARES/IRS - ANGLE 2 GARES_GD TERRES;;;SFR_COLL;DSP_MAJ_IRISE;;;OR21;OR1;OR21;CST;MCO;OK;22/04/2005;22/04/2005;C;OPT;C;TR;RF19;48;27;21;4;;4;42,0806;;;22/04/2005;;;;
4597539;TERRITOIRE;IRS - SENTIER DU FORT GALLIENI/ROUTE DE CALAIS RN1;;;SFR_COLL;DSP_MAJ_IRISE;;;OR21;OR1;OR21;CST;MCO;OK;01/09/2004;01/09/2004;C;OPT;C;TR;RF16;72;36;36;6;;4;2147,1756;;;01/09/2004;;;;
4602538;TERRITOIRE;IRS - 96FO - A14 PK9920/NANTERRE UNIVERSITE;;;SFR_COLL;DSP_MAJ_IRISE;;;OR21;OR1;OR21;CST;MCO;OK;26/03/2002;26/03/2002;C;OPT;C;LH;RF120;96;22;74;8;;5;481,9183;;;26/03/2002;;;;
4642617;TERRITOIRE;IRS - 72FO - 170 BOULEVARD NATIONAL / RUE DU PORT (NANTERRE);;;SFR_COLL;DSP_MAJ_IRISE;;;OR21;OR1;OR21;CST;MCO;OK;01/02/2012;01/02/2012;C;OPT;C;TR;RF16;72;44;28;6;;4;519,6518;;;01/02/2012;;;;
4611397;TERRITOIRE;IRS - 48FO RCE BERGERE (D89)/COOP_PTT (D48);;;SFR_COLL;DSP_MAJ_IRISE;;;OR21;OR1;OR21;CST;MCO;OK;21/07/2009;21/07/2009;C;OPT;C;TR;RF19;48;46;2;4;;4;498,4424;;;21/07/2009;;;;
4594314;TERRITOIRE;IRS - 48FO - KENNEDY-LECLERC/RABELAIS LUCIA;;;SFR_COLL;DSP_MAJ_IRISE;;;OR21;OR1;OR21;CST;MCO;OK;25/09/2002;25/09/2002;C;OPT;C;TR;RF19;48;6;42;4;;4;1809,4894;;;25/09/2002;;;;
4627439;HORS TERRITOIRE;IRS - 72FO - PARKING GARE/RUE TOLSTOI;;;SFR_COLL;DSP_MAJ_IRISE;;;OR21;OR1;OR21;CST;MCO;OK;03/04/2008;03/04/2008;C;OPT;C;TR;RF16;72;64;8;6;;4;140,5027;;;03/04/2008;;;;
8087793;TERRITOIRE;IRS - 36FO - LD - POP SYNERGIE AV. GENERAL DE GAULLE (SURESNES) / N-1 MAIRIE SURESNES - AA;;;SFR_COLL;DSP_MAJ_IRISE;;;OR21;OR1;OR21;CST;MCO;OK;17/04/2014;17/04/2014;C;OPT;C;TR;RF26;36;36;0;6;;4;218,0063;;;17/04/2014;;;;
4608376;TERRITOIRE;IRS - NEW 12FO - GALERIE DE GAULLE/POP MEDIAPOST - AB;;;SFR_COLL;DSP_MAJ_IRISE;;;OR21;OR1;OR21;CST;MCO;OK;08/12/2004;08/12/2004;C;OPT;C;DI;RF14;12;10;2;2;;4;77,1316;;;08/12/2004;;;;
6590611;TERRITOIRE;IRS - 144FO - 12 RUE MAGENTA/VAILLANT DEBARCADERE;;;SFR_COLL;DSP_MAJ_IRISE;;;OR21;OR1;OR21;CST;MCO;OK;05/06/2013;05/06/2013;C;OPT;C;LH;RF22;144;137;7;12;;4;782,8828;;;05/06/2013;;;;
4992849;HORS TERRITOIRE;IRS - 36FO - N-1 / POP FRANCE CARGO;;;SFR_COLL;DSP_MAJ_IRISE;;;OR21;OR1;OR21;CST;MCO;OK;19/11/2012;19/11/2012;C;OPT;C;TR;RF26;36;34;2;6;;4;86,0469;;;19/11/2012;;;;
4632777;TERRITOIRE;IRS - 48FO BI 68_&_24_LGTS (D77'D78)/83_LGTS (D26);;;SFR_COLL;DSP_MAJ_IRISE;;;OR21;OR1;OR21;CST;MCO;OK;16/07/2009;16/07/2009;C;OPT;C;TR;RF19;48;46;2;4;;4;74,7694;;;16/07/2009;;;;
4633194;TERRITOIRE;IRS - 24FO BI/POP ECOLE_VAL_AUX_RENARDS (D83);;;SFR_COLL;DSP_MAJ_IRISE;;;OR21;OR1;OR21;CST;MCO;OK;28/07/2009;28/07/2009;C;OPT;C;DI;RF15;24;20;4;4;;4;20,6153;;;28/07/2009;;;;
4636549;TERRITOIRE;IRS - 72FO - 26 RUE BERTHOLLET/IRS AV BRIAND-RUE BERTHOLLET;;;SFR_COLL;DSP_MAJ_IRISE;;;OR21;OR1;OR21;CST;MCO;OK;27/06/2011;27/06/2011;C;OPT;C;TR;RF16;72;70;2;6;;4;192,0017;;;27/06/2011;;;;
15491563;TERRITOIRE;IRISE - 24FO -  187 RUE DE PARIS / ALLEE DU DOCTEUR CALMETTE;;;SFR_COLL;DSP_MAJ_IRISE;;;OR21;OR1;OR21;CST;MCO;OK;05/08/2019;05/08/2019;C;OPT;C;DI;RF29;24;18;6;4;;5;383,8359;;;05/08/2019;;;;
15505314;TERRITOIRE;IRISE - 24FO - AVENUE PAUL DE KOCK / 159 RUE DE PARIS;;;SFR_COLL;DSP_MAJ_IRISE;;;OR21;OR1;OR21;CST;MCO;OK;06/08/2019;06/08/2019;C;OPT;C;DI;RF29;24;16;8;4;;5;269,7248;;;06/08/2019;;;;
4607267;TERRITOIRE;IRS-AV PIERRE BROSSOLETTE/N-1 ENS MONTROUGE;;;SFR_COLL;DSP_MAJ_IRISE;;;OR21;OR1;OR21;CST;MCO;OK;20/03/2007;20/03/2007;C;OPT;C;TR;RF16;72;70;2;6;;4;426,3555;;;20/03/2007;;;;
7251409;HORS TERRITOIRE;IRS - 12FO - POP FTTS ERAGNY (CHENE) / FT 1436 - AVENUE DU GROS CHENE (ERAGNY) - AA;;;SFR_COLL;DSP_MAJ_IRISE;;;OR21;OR1;OR21;CST;MCO;OK;02/09/2013;02/09/2013;C;OPT;C;DI;RF45;12;8;4;2;;4;336,1864;;;02/09/2013;;;;
17004294;TERRITOIRE;IRS - 24FO - BRIAND OHRESSER / PRC IRS - ANGLE BD ARISITIDE BRIAND / RUE DU LIEUTENANT ANDRE OHRESSER CHAMPIGNY SUR MARNE;;;SFR_COLL;DSP_MAJ_IRISE;;;OR21;OR1;OR21;CST;MCO;OK;08/01/2020;08/01/2020;C;OPT;C;DI;RF29;24;22;2;4;;5;21,5816;;;08/01/2020;;;;
4607746;TERRITOIRE;IRS - ALLEE G PHILIPPE/MATERNELLE JAURES;;;SFR_COLL;DSP_MAJ_IRISE;;;OR21;OR1;OR21;CST;MCO;OK;21/03/2005;21/03/2005;C;OPT;C;DI;RF14;12;8;4;2;;4;66,0501;;;21/03/2005;;;;
4630382;TERRITOIRE;IRS - 72 FO - 81 RUE DE FONTENAY/IRS 38 RUE DE FONTENAY;;;SFR_COLL;DSP_MAJ_IRISE;;;OR21;OR1;OR21;CST;MCO;OK;15/09/2011;15/09/2011;C;OPT;C;TR;RF16;72;16;56;6;;4;493,7015;;;15/09/2011;;;;
4601646;HORS TERRITOIRE;IRS - VICTOR HUGO/VOLTAIRE-CONVENTION;;;SFR_COLL;DSP_MAJ_IRISE;;;OR21;OR1;OR21;CST;MCO;OK;24/05/2004;24/05/2004;C;OPT;C;LH;RF74;144;99;45;12;;100;1307,8968;;;24/05/2004;;;;
4633297;TERRITOIRE;IRS - 48FO RESI_ETUD_P&M_CURIE (E01)/SERVICE_TECHNIQUE (D67);;;SFR_COLL;DSP_MAJ_IRISE;;;OR21;OR1;OR21;CST;MCO;OK;20/07/2009;20/07/2009;C;OPT;C;TR;RF19;48;48;0;4;;4;149,7775;;;20/07/2009;;;;
4632107;TERRITOIRE;IRS - 48FO TOIT_ET_JOIE (D69)/CILOF DOUANES (D61);;;SFR_COLL;DSP_MAJ_IRISE;;;OR21;OR1;OR21;CST;MCO;OK;17/07/2009;17/07/2009;C;OPT;C;TR;RF19;48;46;2;4;;4;452,1918;;;17/07/2009;;;;
16813186;TERRITOIRE;IRISE - 12FO - ANGLE RUE ROMAIN ROLLAND ET RUE RAYMONDE SALIEZ / POP DRH LES LILAS -AA;;;SFR_COLL;DSP_MAJ_IRISE;;;OR21;OR1;OR21;CST;MCO;OK;17/12/2019;17/12/2019;C;OPT;C;DI;RF27;12;10;2;2;;5;48,9520;;;17/12/2019;;;;
4608933;TERRITOIRE;IRS 24FO AP-HP - HOPITAL FRANCO-MUSULMAN AVICENNE (XXXX)/IRS N-1 ADD2 AVICENNE (BA);;;SFR_COLL;DSP_MAJ_IRISE;;;OR21;OR1;OR21;CST;MCO;OK;30/10/2007;30/10/2007;C;OPT;C;DI;RF15;24;18;6;4;;4;423,2775;;;30/10/2007;;;;
4636572;TERRITOIRE;IRS - 48FO - 16 EGLANTINE / ANGLE TESSIER LUSSAC;;;SFR_COLL;DSP_MAJ_IRISE;;;OR21;OR1;OR21;CST;MCO;OK;12/01/2012;12/01/2012;C;OPT;C;TR;RF19;48;44;4;4;;4;298,1000;;;12/01/2012;;;;
4622130;TERRITOIRE;IRS - 72FO - GALERIE TECHNIQUE CHENNEVRIER / IMPASSE PRE DIMANCHE;;;SFR_COLL;DSP_MAJ_IRISE;;;OR21;OR1;OR21;CST;MCO;OK;29/06/2011;29/06/2011;C;OPT;C;TR;RF16;72;68;4;6;;4;224,1283;;;29/06/2011;;;;
4642932;TERRITOIRE;IRS - 48FO - ANGLE PARIS_FAYS/ANGLE PARIS_FOCH;;;SFR_COLL;DSP_MAJ_IRISE;;;OR21;OR1;OR21;CST;MCO;OK;11/07/2012;11/07/2012;C;OPT;C;TR;RF19;48;34;14;4;;4;70,0889;;;11/07/2012;;;;
7742963;TERRITOIRE;IRS - 144FO - LD - AV ARISTIDE BRIAND SORTIE PARKING LAPEYRE(ARCUEIL)  / 55 AV ARISTIDE BRIAND;;;SFR_COLL;DSP_MAJ_IRISE;;;OR21;OR1;OR21;CST;MCO;OK;23/01/2014;23/01/2014;C;OPT;C;LH;RF22;144;143;1;12;;4;10,0491;;;23/01/2014;;;;
4606566;TERRITOIRE;IRS - BD VOLTAIRE/6 PIERRE BROSSOLETE;;;SFR_COLL;DSP_MAJ_IRISE;;;OR21;OR1;OR21;CST;MCO;OK;30/01/2001;30/01/2001;C;OPT;C;TR;RF62;60;31;29;5;;183;443,5183;;;30/01/2001;;;;
15755274;TERRITOIRE;IRS - 24FO - N-1 CENTRE ADMINISTRATIF/POP CENTRE ADMINISTRATIF ( CLAMART ) - AA;;;SFR_COLL;DSP_MAJ_IRISE;;;OR21;OR1;OR21;CST;MCO;OK;06/09/2019;06/09/2019;C;OPT;C;DI;RF170;24;4;20;2;;5;254,0720;;;06/09/2019;;;;
7168769;TERRITOIRE;IRS - PAPIN MOLIERE/14 RUE J VANZUPPE IVRY;;;SFR_COLL;DSP_MAJ_IRISE;;;OR21;OR1;OR21;CST;MCO;OK;31/03/2005;31/03/2005;C;OPT;C;TR;RF19;48;42;6;4;;4;951,8908;;;31/03/2005;;;;
16534908;TERRITOIRE;IRISE - 12FO - POP CAFE LUDO VILLEJUIF / BI CRECHE HAUTES BRUYERES - AA;;;SFR_COLL;DSP_MAJ_IRISE;;;OR21;OR1;OR21;CST;MCO;OK;21/11/2019;21/11/2019;C;OPT;C;DI;RF27;12;6;6;2;;5;73,7438;;;21/11/2019;;;;
4620271;TERRITOIRE;IRS - 72FO AUGER CONGO/OLIVE-HOCHE;;;SFR_COLL;DSP_MAJ_IRISE;;;OR21;OR1;OR21;CST;MCO;OK;24/03/2009;24/03/2009;C;OPT;C;TR;RF16;72;63;9;6;;4;420,0874;;;24/03/2009;;;;
15501492;TERRITOIRE;IRISE - 24 FO - N-1 POP CSU NLE PM LES LILAS / RUE DE ROMAINVILLE;;;SFR_COLL;DSP_MAJ_IRISE;;;OR21;OR1;OR21;CST;MCO;OK;06/08/2019;06/08/2019;C;OPT;C;DI;RF29;24;19;5;4;;5;205,3089;;;06/08/2019;;;;
4610990;TERRITOIRE;IRS-CORDON BAUER/RUE DES ECOLES ST OUEN;;;SFR_COLL;DSP_MAJ_IRISE;;;OR21;OR1;OR21;CST;MCO;OK;19/10/2006;19/10/2006;C;OPT;C;TR;RF19;48;40;8;4;;4;118,2878;;;19/10/2006;;;;
4636777;TERRITOIRE;IRS - 24FO - MAIRIE DE CACHAN/MEDIATEQUE DE CACHAN - AA;;;SFR_COLL;DSP_MAJ_IRISE;;;OR21;OR1;OR21;CST;MCO;OK;18/11/2010;18/11/2010;C;OPT;C;DI;RF67;24;22;2;2;;5;46,1409;;;18/11/2010;;;;
4594708;TERRITOIRE;IRS - PONT DE NEUILLY/BD GENERAL LECLERC (SOYER) (26);;;SFR_COLL;DSP_MAJ_IRISE;;;OR21;OR1;OR21;CST;MCO;OK;12/04/2002;12/04/2002;C;OPT;C;LH;RF56;144;113;31;12;;4;474,6781;;;12/04/2002;;;;
6417810;TERRITOIRE;IRS - 72FO - AV PIERRE MENDES FRANCE/N-1 POP FTTS CHOISY LE ROI GARE;;;SFR_COLL;DSP_MAJ_IRISE;;;OR21;OR1;OR21;CST;MCO;OK;21/05/2013;21/05/2013;C;OPT;C;TR;RF28;72;71;1;6;;4;465,3817;;;21/05/2013;;;;
4610993;TERRITOIRE;IRS-RUE DES ECOLES/MAIRIE SAINT OUEN;;;SFR_COLL;DSP_MAJ_IRISE;;;OR21;OR1;OR21;CST;MCO;OK;19/10/2006;19/10/2006;C;OPT;C;DI;RF14;12;4;8;2;;4;46,1644;;;19/10/2006;;;;
15522321;TERRITOIRE;IRISE - 24 FO - IRISE - RUE BERNARD / RUE DE LA PREVOYANCE;;;SFR_COLL;DSP_MAJ_IRISE;;;OR21;OR1;OR21;CST;MCO;OK;01/08/2019;01/08/2019;C;OPT;C;DI;RF29;24;8;16;4;;5;196,2448;;;01/08/2019;;;;
6866129;HORS TERRITOIRE;144FO - IRS - CHEMIN DA LA ROUE /FT 871 - RUE DE LA MARNE;;;SFR_COLL;DSP_MAJ_IRISE;;;OR21;OR1;OR21;CST;MCO;OK;01/07/2013;01/07/2013;C;OPT;C;LH;RF22;144;140;4;12;;4;229,4140;;;01/07/2013;;;;
42123636;TERRITOIRE;IRS - 24 FO - BPE FT765 / RUE DU COLONEL RAYNAL;;;SFR_COLL;DSP_MAJ_IRISE;;;OR21;OR1;OR21;CST;MCO;OK;06/12/2023;06/12/2023;C;OPT;C;DI;RF29;24;22;2;4;;5;205,2853;;;06/12/2023;;;;
4632258;TERRITOIRE;IRS - 24FO - BI/POP FOYER_ADEF (D54) - AA1;;;SFR_COLL;DSP_MAJ_IRISE;;;OR21;OR1;OR21;CST;MCO;OK;22/07/2009;22/07/2009;C;OPT;C;DI;RF15;24;22;2;4;;4;21,4009;;;22/07/2009;;;;
4609398;TERRITOIRE;IRS - 48FO IRS - 1 RUE FRANCIS DE PRESSENCE/RUE DES BRETONS;;;SFR_COLL;DSP_MAJ_IRISE;;;OR21;OR1;OR21;CST;MCO;OK;13/09/2005;13/09/2005;C;OPT;C;TR;RF12;48;38;10;6;;5;186,1807;;;13/09/2005;;;;
15246118;TERRITOIRE;IRS- BAGUETTE - 24FO - BI 1 PLACE DE LA MAIRIE/BI MAIRIE VILLEJUIF SS SOL;;;SFR_COLL;DSP_MAJ_IRISE;;;OR21;OR1;OR21;CST;MCO;OK;08/07/2019;08/07/2019;C;OPT;C;DI;RF163;24;20;4;4;;5;9,7617;;;08/07/2019;;;;
4594967;TERRITOIRE;IRS - DOCTEUR MASS/11, QUAI DES CARRIERES;;;SFR_COLL;DSP_MAJ_IRISE;;;OR21;OR1;OR21;CST;MCO;OK;12/04/2002;12/04/2002;C;OPT;C;LH;RF46;144;42;102;12;;100;220,5392;;;12/04/2002;;;;
4597265;TERRITOIRE;IRS - 144FO - FOD LTR5/FOD LTR7 - ???- OPEX 658;;;SFR_COLL;DSP_MAJ_IRISE;;;OR21;OR1;OR21;CST;MCO;OK;20/08/2003;20/08/2003;C;OPT;C;LH;RF162;144;133;11;12;;100;1170,6387;;;20/08/2003;;;;
4603683;HORS TERRITOIRE;IRS - 72FO - RUE DAILLY / RUE GOUNOD (SAINT CLOUD);;;SFR_COLL;DSP_MAJ_IRISE;;;OR21;OR1;OR21;CST;MCO;OK;27/09/2004;27/09/2004;C;OPT;C;TR;RF16;72;19;53;6;;4;436,8227;;;27/09/2004;;;;
4610790;TERRITOIRE;IRS - 42 AV G PERI/POP CAP J ST OUEN;;;SFR_COLL;DSP_MAJ_IRISE;;;OR21;OR1;OR21;CST;MCO;OK;18/10/2006;18/10/2006;C;OPT;C;DI;RF14;12;4;8;2;;4;3,4213;;;18/10/2006;;;;
22457379;TERRITOIRE;IRS - 24FO - FT2629 - 187 RUE EDOUARD BRANLY / FT2587 - 142 RUE EDOUARD BRANLY;;;SFR_COLL;DSP_MAJ_IRISE;;;OR21;OR1;OR21;CST;MCO;OK;25/02/2021;25/02/2021;C;OPT;C;DI;RF29;24;18;6;4;;5;255,7696;;;25/02/2021;;;;
4609036;HORS TERRITOIRE;IRS - BAGUETTE 288FO VERS LE RESEAU DE LA VILLE - INCONNU;;;SFR_COLL;DSP_MAJ_IRISE;;;OR21;OR1;OR21;CST;MCO;OK;28/11/2005;28/11/2005;C;OPT;C;LH;RF51;288;288;0;24;;102;254,6922;;;28/11/2005;;;;
15880039;TERRITOIRE;IRS - 12FO - FT121 - 1 PLACE DES ONZE ARPENTS / FT126 - 2 PLACE PABLO PICASSO;;;SFR_COLL;DSP_MAJ_IRISE;;;OR21;OR1;OR21;CST;MCO;OK;19/09/2019;19/09/2019;C;OPT;C;DI;RF27;12;10;2;2;;5;115,3607;;;19/09/2019;;;;
4594542;TERRITOIRE;IRS - 144FO - ECOLE INFIRMIERE/SEVERINE;;;SFR_COLL;DSP_MAJ_IRISE;;;OR21;OR1;OR21;CST;MCO;OK;21/11/2005;21/11/2005;C;OPT;C;LH;RF40;144;125;19;12;;4;35,1648;;;21/11/2005;;;;
4604215;HORS TERRITOIRE;IRS - 72FO - QUAI STALINGRAD BD DES ILES (IRISE)/M1C PLACE DE LA RESISTANCE;;;SFR_COLL;DSP_MAJ_IRISE;;;OR21;OR1;OR21;CST;MCO;OK;05/04/2002;05/04/2002;C;OPT;C;TR;RF16;72;10;62;6;;4;68,9949;;;05/04/2002;;;;
4596030;TERRITOIRE;IRS - 144FO - RUE J LOLIVE/N-1 CAA VILETTE;;;SFR_COLL;DSP_MAJ_IRISE;;;OR21;OR1;OR21;CST;MCO;OK;30/01/2001;30/01/2001;C;OPT;C;LH;RF56;144;99;45;12;;4;398,5149;;;30/01/2001;;;;
6816212;TERRITOIRE;IRS - 144FO - QUAI DU GENERAL DE GAULLES/PLACE CORNILLON;;;SFR_COLL;DSP_MAJ_IRISE;;;OR21;OR1;OR21;CST;MCO;OK;26/06/2013;26/06/2013;C;OPT;C;LH;RF22;144;120;24;12;;4;293,2413;;;26/06/2013;;;;
4601712;TERRITOIRE;IRS - 12FO - RUE GARDEBLED - PERI/POLICE MUNICIPALE ROSNY;;;SFR_COLL;DSP_MAJ_IRISE;;;OR21;OR1;OR21;CST;MCO;OK;06/07/2004;06/07/2004;C;OPT;C;DI;RF57;12;2;10;1;;4;298,6154;;;06/07/2004;;;;
5714129;HORS TERRITOIRE;IRS - 24 FO - LD - IRS 12 RUE ANDRE ET EDOUARD MICHELIN/POP VEOLIA RECHERCHE - AA;;;SFR_COLL;DSP_MAJ_IRISE;;;OR21;OR1;OR21;CST;MCO;OK;19/02/2013;19/02/2013;C;OPT;C;DI;RF30;24;24;0;4;;4;62,8028;;;19/02/2013;;;;
4610273;TERRITOIRE;IRS - 12 FO - BIBLIOTHEQUE DON QUICHOTTE/IMPASSE SAINT JUST SAINT DENIS;;;SFR_COLL;DSP_MAJ_IRISE;;;OR21;OR1;OR21;CST;MCO;OK;19/02/2007;19/02/2007;C;OPT;C;DI;RF70;12;10;2;2;;5;178,3555;;;19/02/2007;;;;
7470306;HORS TERRITOIRE;IRS - 144FO - 197 BOULEVARD DE PONTOISE / IRS - CHEMIN DA LA ROUE;;;SFR_COLL;DSP_MAJ_IRISE;;;OR21;OR1;OR21;CST;MCO;OK;28/03/2012;28/03/2012;C;OPT;C;LH;RF40;144;74;70;12;;4;1094,8931;;;28/03/2012;;;;
4603698;TERRITOIRE;IRS - 26/41 RUE TENINE;;;SFR_COLL;DSP_MAJ_IRISE;;;OR21;OR1;OR21;CST;MCO;OK;04/05/2004;04/05/2004;C;OPT;C;TR;RF19;48;28;20;4;;4;260,9861;;;04/05/2004;;;;
4607857;TERRITOIRE;IRS - 72FO HOTEL_DPTAL / RUE F MAURIAC;;;SFR_COLL;DSP_MAJ_IRISE;;;OR21;OR1;OR21;CST;MCO;OK;13/01/2010;13/01/2010;C;OPT;C;TR;RF16;72;70;2;6;;4;367,7901;;;13/01/2010;;;;
4632268;TERRITOIRE;IRS - 24FO - BI/POP FAGH (D49);;;SFR_COLL;DSP_MAJ_IRISE;;;OR21;OR1;OR21;CST;MCO;OK;22/07/2009;22/07/2009;C;OPT;C;DI;RF15;24;20;4;4;;4;17,0000;;;22/07/2009;;;;
4640875;TERRITOIRE;IRS - 36FO - BI POP CNAM CRETEIL / IRS DE GAULLE_FRANCE LIBRE;;;SFR_COLL;DSP_MAJ_IRISE;;;OR21;OR1;OR21;CST;MCO;OK;14/02/2012;14/02/2012;C;OPT;C;TR;RF42;36;35;1;6;;4;699,3404;;;14/02/2012;;;;
4609472;TERRITOIRE;IRS - 24FO - RUE DES SOLETS/POP RUNGIS BALI - AA - AB;;;SFR_COLL;DSP_MAJ_IRISE;;;OR21;OR1;OR21;CST;MCO;OK;19/12/2007;19/12/2007;C;OPT;C;DI;RF15;24;12;12;4;;4;181,4671;;;19/12/2007;;;;
17508528;HORS TERRITOIRE;IRS - 36FO - BI POP FTTS HERBLAY LA FOLIE / RUE DE PONTOISE (HERBLAY);;;SFR_COLL;DSP_MAJ_IRISE;;;OR21;OR1;OR21;CST;MCO;OK;01/07/2013;01/07/2013;C;OPT;C;TR;RF26;36;32;4;6;;4;7,3176;;;01/07/2013;;;;
12847427;TERRITOIRE;IRS - 12FO -  FT7 - 59  AV. GABRIEL PERI / SENTIER DU BOIS DE RICHEBOURG;;;SFR_COLL;DSP_MAJ_IRISE;;;OR21;OR1;OR21;CST;MCO;OK;11/05/2018;11/05/2018;C;OPT;C;DI;RF27;12;10;2;2;;5;333,8271;;;11/05/2018;;;;
4596775;TERRITOIRE;IRS - 24 FO - LD - POP SOLDATA NANTERRE/BI -AA;;;SFR_COLL;DSP_MAJ_IRISE;;;OR21;OR1;OR21;CST;MCO;OK;10/08/2012;10/08/2012;C;OPT;C;DI;RF15;24;20;4;4;;4;137,2953;;;10/08/2012;;;;
4600396;HORS TERRITOIRE;IRS - 36 FO - BI POP FTTS VIROFLAY NORD /N-1 POP FTTS VIROFLAY NORD;;;SFR_COLL;DSP_MAJ_IRISE;;;OR21;OR1;OR21;CST;MCO;OK;29/02/2012;29/02/2012;C;OPT;C;TR;RF42;36;32;4;6;;4;17,8391;;;29/02/2012;;;;
4639977;TERRITOIRE;IRS - 36FO - N-1 THIAIS HOCHE (THIAIS)/BI 6 AVENUE HOCHE (THIAIS);;;SFR_COLL;DSP_MAJ_IRISE;;;OR21;OR1;OR21;CST;MCO;OK;22/02/2012;22/02/2012;C;OPT;C;TR;RF42;36;32;4;6;;4;91,2900;;;22/02/2012;;;;
4608091;TERRITOIRE;IRS - ECOLE ELEMENTAIRE BOILEAU/ECOLE MATERNELLE BOILEAU;;;SFR_COLL;DSP_MAJ_IRISE;;;OR21;OR1;OR21;CST;MCO;OK;03/10/2005;03/10/2005;C;OPT;C;DI;RF14;12;10;2;2;;4;38,6392;;;03/10/2005;;;;
18135778;TERRITOIRE;IRISE - 12 FO - FT 72 - 26 AVENUE JEAN JAURES / POP ENM GENTILLY - AA;;;SFR_COLL;DSP_MAJ_IRISE;;;OR21;OR1;OR21;CST;MCO;OK;22/04/2020;22/04/2020;C;OPT;C;DI;RF27;12;11;1;2;;5;62,4441;;;22/04/2020;;;;
4609238;TERRITOIRE;IRS - 24FO IRS RUE DES FILLETTES/POP MSHPN -AA;;;SFR_COLL;DSP_MAJ_IRISE;;;OR21;OR1;OR21;CST;MCO;OK;17/01/2012;17/01/2012;C;OPT;C;DI;RF48;24;22;2;4;;4;35,0285;;;17/01/2012;;;;
4629439;HORS TERRITOIRE;IRS -36FO - AV JMONNET / POP ADEME ISSY MOULINEAUX;;;SFR_COLL;DSP_MAJ_IRISE;;;OR21;OR1;OR21;CST;MCO;OK;17/12/2008;17/12/2008;C;OPT;C;TR;RF42;36;34;2;6;;4;8,4851;;;17/12/2008;;;;
4595311;TERRITOIRE;IRS - 79 AV ROBINSON/ROBINSON-PELLETAN;;;SFR_COLL;DSP_MAJ_IRISE;;;OR21;OR1;OR21;CST;MCO;OK;25/06/2001;25/06/2001;C;OPT;C;LH;RF46;144;77;67;12;;100;226,0070;;;25/06/2001;;;;
4632273;TERRITOIRE;IRS - 24FO - BI/POP CEN_GEOTH_HAY_LES_ROSES (C02);;;SFR_COLL;DSP_MAJ_IRISE;;;OR21;OR1;OR21;CST;MCO;OK;22/07/2009;22/07/2009;C;OPT;C;DI;RF15;24;14;10;4;;4;24,0694;;;22/07/2009;;;;
4610395;TERRITOIRE;IRS - 12FO - RUE LEJEUNE/POP SANOFI MONTROUGE;;;SFR_COLL;DSP_MAJ_IRISE;;;OR21;OR1;OR21;CST;MCO;OK;26/01/2006;26/01/2006;C;OPT;C;DI;RF14;12;10;2;2;;4;84,6678;;;26/01/2006;;;;
4611158;TERRITOIRE;IRS - 24FO - N-1/CEPHALON B;;;SFR_COLL;DSP_MAJ_IRISE;;;OR21;OR1;OR21;CST;MCO;OK;16/02/2007;16/02/2007;C;OPT;C;DI;RF15;24;22;2;4;;4;49,8355;;;16/02/2007;;;;
4612890;TERRITOIRE;IRS - QUAI DE BROSSOLETTE (JOINVILLE)/INTEROUTE;;;SFR_COLL;DSP_MAJ_IRISE;;;OR21;OR1;OR21;CST;MCO;OK;17/09/2007;17/09/2007;C;OPT;C;TR;RF19;48;44;4;4;;4;16,1243;;;17/09/2007;;;;
8747528;TERRITOIRE;IRS - 48FO - BAG RESISTANCE-VERDUN BPE1-BPE2;;;SFR_COLL;DSP_MAJ_IRISE;;;OR21;OR1;OR21;CST;MCO;OK;20/03/2008;20/03/2008;C;OPT;C;TR;RF19;48;34;14;4;;4;3,2828;;;20/03/2008;;;;
4605325;TERRITOIRE;IRS - ALLE JEAN BIGUET/SH IRS JOINVILLE - 48FO - AC;;;SFR_COLL;DSP_MAJ_IRISE;;;OR21;OR1;OR21;CST;MCO;OK;30/01/2001;30/01/2001;C;OPT;C;TR;RF19;48;30;18;4;;4;30,5961;;;30/01/2001;;;;
4633056;HORS TERRITOIRE;IRS - BAG - 6 FO - AV DE LA SOUBRIARDE;;;SFR_COLL;DSP_MAJ_IRISE;;;OR21;OR1;OR21;CST;MCO;OK;18/03/2010;18/03/2010;C;OPT;C;DI;RF171;6;4;2;1;;4;16,9212;;;18/03/2010;;;;
4603997;HORS TERRITOIRE;IRS - 72FO RFF -  AV PRESIDENT WILSON/AV DE LA GARE PK19120;;;SFR_COLL;DSP_MAJ_IRISE;;;OR21;OR1;OR21;CST;MCO;OK;21/07/2004;21/07/2004;C;OPT;C;TR;RF23;72;18;54;6;;145;1631,2660;;;21/07/2004;;;;
4632256;TERRITOIRE;IRS - 24FO - BI/POP LES_LILAS (D97);;;SFR_COLL;DSP_MAJ_IRISE;;;OR21;OR1;OR21;CST;MCO;OK;22/07/2009;22/07/2009;C;OPT;C;DI;RF15;24;22;2;4;;4;25,9615;;;22/07/2009;;;;
7536866;TERRITOIRE;IRS - 72FO - RUE HUGEDE / 2 RUE HUGEDE;;;SFR_COLL;DSP_MAJ_IRISE;;;OR21;OR1;OR21;CST;MCO;OK;27/12/2007;27/12/2007;C;OPT;C;TR;RF16;72;70;2;6;;4;148,3911;;;27/12/2007;;;;
4609977;TERRITOIRE;IRS-GALERIE DE GAULLE/RUE BARBES-RUE DE LA VANNE MONTROUGE;;;SFR_COLL;DSP_MAJ_IRISE;;;OR21;OR1;OR21;CST;MCO;OK;24/04/2006;24/04/2006;C;OPT;C;TR;RF19;48;32;16;4;;4;315,7532;;;24/04/2006;;;;
4602861;TERRITOIRE;IRS - 12FO VERS CTM ANNEXE FRESNES;;;SFR_COLL;DSP_MAJ_IRISE;;;OR21;OR1;OR21;CST;MCO;OK;12/04/2005;12/04/2005;C;OPT;C;DI;RF14;12;12;0;2;;4;46,6465;;;12/04/2005;;;;
15465320;TERRITOIRE;12 FO - 19 RUE DE PARIS PIERREFITTE / POP SALLE EMILIE PIERREFITTE SUR SEINE;;;SFR_COLL;DSP_MAJ_IRISE;;;OR21;OR1;OR21;CST;MCO;OK;31/07/2019;31/07/2019;C;OPT;C;DI;RF27;12;10;2;2;;5;87,7916;;;31/07/2019;;;;
11108699;TERRITOIRE;IRS - 24 FO - LD - TD DRANCY STALINGRAD/BI 126 RUE DE STALINGRAD - BAT 106 - BA;;;SFR_COLL;DSP_MAJ_IRISE;;;OR21;OR1;OR21;CST;MCO;OK;28/03/2017;28/03/2017;C;OPT;C;DI;RF30;24;23;1;4;;4;17,1882;;;28/03/2017;;;;
4606339;TERRITOIRE;IRS - 52 ALBERT THOMAS/CMS CHAMPIGNY;;;SFR_COLL;DSP_MAJ_IRISE;;;OR21;OR1;OR21;CST;MCO;OK;12/12/2006;12/12/2006;C;OPT;C;TR;RF19;48;46;2;4;;4;67,3799;;;12/12/2006;;;;
17177009;TERRITOIRE;IRS - 36 FO - 169 RUE GABRIEL PERI (VANVES) / FT 269 - 2 RUE VICTOR HUGO MALAKOFF;;;SFR_COLL;DSP_MAJ_IRISE;;;OR21;OR1;OR21;CST;MCO;OK;24/01/2020;24/01/2020;C;OPT;C;TR;RF50;36;36;0;3;;4;589,2131;;;24/01/2020;;;;
37514659;TERRITOIRE;IRS - 12FO - FT714 - RUE JEAN PIERRE TIMBAUD / POP HALTE GARDERIE GOUTTE DE LAIT LA COURNEUVE - AA;;;SFR_COLL;DSP_MAJ_IRISE;;;OR21;OR1;OR21;CST;MCO;OK;28/03/2023;28/03/2023;C;OPT;C;DI;RF27;12;10;2;2;;5;1202,5576;;;28/03/2023;;;;
6699409;HORS TERRITOIRE;IRS - 144FO -  FT 47 - BOULEVARD DE la VIOSNE / RUE DE MONTGEROULT;;;SFR_COLL;DSP_MAJ_IRISE;;;OR21;OR1;OR21;CST;MCO;OK;17/06/2013;17/06/2013;C;OPT;C;LH;RF22;144;139;5;12;;4;333,8317;;;17/06/2013;;;;
11627858;TERRITOIRE;IRS - SOUS-SOL/15EME ETAGE TOUR PLEYEL CANAM;;;SFR_COLL;DSP_MAJ_IRISE;;;OR21;OR1;OR21;CST;MCO;OK;24/07/2017;24/07/2017;C;OPT;C;DI;RF57;12;10;2;1;;4;0,0996;;;24/07/2017;;;;
4632359;TERRITOIRE;IRS - 288FO CHAUFFERIE_THIRARD (A07)/CEN_GEOTH_HAY_LES_ROSES (C02);;;SFR_COLL;DSP_MAJ_IRISE;;;OR21;OR1;OR21;CST;MCO;OK;22/07/2009;22/07/2009;C;OPT;C;LH;RF51;288;286;2;24;;102;865,4252;;;22/07/2009;;;;
4639202;TERRITOIRE;IRS - 72FO LD- BPI_7 RUE GEORGES ENESCO / EULER_CG94;;;SFR_COLL;DSP_MAJ_IRISE;;;OR21;OR1;OR21;CST;MCO;OK;23/11/2011;23/11/2011;C;OPT;C;TR;RF16;72;72;0;6;;4;198,4533;;;23/11/2011;;;;
9161649;HORS TERRITOIRE;IRS - 36 FO - N-2 POP NAMCO BANDAI / POP AUTOLIV ELECTRONICS CERGY - AA;;;SFR_COLL;DSP_MAJ_IRISE;;;OR21;OR1;OR21;CST;MCO;OK;09/06/2015;09/06/2015;C;OPT;C;TR;RF26;36;34;2;6;;4;92,2317;;;09/06/2015;;;;
10900847;HORS TERRITOIRE;IRS - 36FO - AVENUE ALBERT CAMUS / BI POP FTTS ERAGNY (CENTRE);;;SFR_COLL;DSP_MAJ_IRISE;;;OR21;OR1;OR21;CST;MCO;OK;21/06/2013;21/06/2013;C;OPT;C;TR;RF26;36;32;4;6;;4;366,3007;;;21/06/2013;;;;
4636504;TERRITOIRE;IRS - 7 RUE PIERRE SEMARD ( MAISON ALFORT )/VERS MAIRIE DE MAISON ALFORT;;;SFR_COLL;DSP_MAJ_IRISE;;;OR21;OR1;OR21;CST;MCO;OK;19/05/2011;19/05/2011;C;OPT;C;TR;RF19;48;46;2;4;;4;335,5890;;;19/05/2011;;;;
15234289;TERRITOIRE;IRS - 144 FO - FT 45 - 42 BOULVARD BEAUMARCHAIS GENNEVILLIERS / FT 1372 - RUE FREYCINET ASNIERE SUR SEINE;;;SFR_COLL;DSP_MAJ_IRISE;;;OR21;OR1;OR21;CST;MCO;OK;05/07/2019;05/07/2019;C;OPT;C;LH;RF22;144;144;0;12;;4;1100,7142;;;05/07/2019;;;;
4637962;TERRITOIRE;IRS - 72FO - AV KENNEDY-LECLERC/ANGLE AV LAFERRIERE-RUE DE BONNE;;;SFR_COLL;DSP_MAJ_IRISE;;;OR21;OR1;OR21;CST;MCO;OK;26/07/2011;26/07/2011;C;OPT;C;TR;RF16;72;63;9;6;;4;1727,8463;;;26/07/2011;;;;
4610994;TERRITOIRE;IRS-19 BD JEAN JAURES/23 BD JEAN JAURES SAINT OUEN;;;SFR_COLL;DSP_MAJ_IRISE;;;OR21;OR1;OR21;CST;MCO;OK;19/10/2006;19/10/2006;C;OPT;C;DI;RF14;12;2;10;2;;4;102,6216;;;19/10/2006;;;;
4627251;TERRITOIRE;IRS- ARMOIRE DE RUE BOBIGNY/BPE OPALYS PICASSO BOBIGNY;;;SFR_COLL;DSP_MAJ_IRISE;;;OR21;OR1;OR21;CST;MCO;OK;18/08/2008;18/08/2008;C;OPT;C;TR;RF19;48;38;10;4;;4;21,3963;;;18/08/2008;;;;
45728104;HORS TERRITOIRE;IRS - 72FO - RFF - LD0203/GARE DE VILLEPARISI - IRS A CONFIRMER;;;SFR_COLL;DSP_MAJ_IRISE;;;OR21;OR1;OR21;CST;MCO;OK;03/05/2004;03/05/2004;C;OPT;C;DI;RF23;72;51;21;6;;145;10,7515;;;03/05/2004;;;;
18135777;TERRITOIRE;IRISE - 12 FO - FT 98 - 67 RUE CHARLES FREROT / POP MAISON DE LA PHOTO ROBERT DOISNEAU GENTILLY - AA;;;SFR_COLL;DSP_MAJ_IRISE;;;OR21;OR1;OR21;CST;MCO;OK;22/04/2020;22/04/2020;C;OPT;C;DI;RF27;12;7;5;2;;5;105,9949;;;22/04/2020;;;;
4595274;TERRITOIRE;IRS - 144FO - SALENGRO / SQUARE DU 19 MARS 1962 FRESNES;;;SFR_COLL;DSP_MAJ_IRISE;;;OR21;OR1;OR21;CST;MCO;OK;13/12/2002;13/12/2002;C;OPT;C;LH;RF40;144;93;51;12;;4;257,1887;;;13/12/2002;;;;
4599219;TERRITOIRE;IRS - 36 FO - PLACE DU CLOS MONTHOLON (5 BD DES FRERES VIGOUROUX ) / 53 BD STALINGTAD - ADD POP AMEX SPIE;;;SFR_COLL;DSP_MAJ_IRISE;;;OR21;OR1;OR21;CST;MCO;OK;11/02/2005;11/02/2005;C;OPT;C;TR;RF26;36;36;0;6;;4;8,0922;;;11/02/2005;;;;
10293217;TERRITOIRE;BAG 48FO - PARC DES ANCIENNES MAIRIES (NANTERRE) - BPE 1 / BPE 2;;;SFR_COLL;DSP_MAJ_IRISE;;;OR21;OR1;OR21;CST;MCO;OK;16/09/2016;16/09/2016;C;OPT;C;TR;RF20;48;45;3;8;;5;0,6592;;;16/09/2016;;;;
6169810;TERRITOIRE;IRS - 144FO  - RUE DE LA MOTTE - BPE 1  / HENRI BARBUSSE_PAUL BERT;;;SFR_COLL;DSP_MAJ_IRISE;;;OR21;OR1;OR21;CST;MCO;OK;16/04/2013;16/04/2013;C;OPT;C;LH;RF22;144;95;49;12;;4;337,5341;;;16/04/2013;;;;
4805986;TERRITOIRE;IRS - 72 Fo - Baguette IRS VIGNERON/IRS PERI DISPENSAIRE;;;SFR_COLL;DSP_MAJ_IRISE;;;OR21;OR1;OR21;CST;MCO;OK;15/10/2012;15/10/2012;C;OPT;C;TR;RF28;72;65;7;6;;4;94,3069;;;15/10/2012;;;;
4609919;TERRITOIRE;IRISE - 144 FO - RUE DES FILLETTES 9T - BPE 2 / METALLURGIE-SQUARE DIDEROT;;;SFR_COLL;DSP_MAJ_IRISE;;;OR21;OR1;OR21;CST;MCO;OK;28/12/2005;28/12/2005;C;OPT;C;LH;RF40;144;35;109;12;;4;203,8801;;;28/12/2005;;;;
4634153;TERRITOIRE;IRS - 72FO - LECLERC_GRANDE ALLEE/2 AV DES VIOLETTES;;;SFR_COLL;DSP_MAJ_IRISE;;;OR21;OR1;OR21;CST;MCO;OK;01/02/2010;01/02/2010;C;OPT;C;TR;RF16;72;58;14;6;;4;244,4932;;;01/02/2010;;;;
22101858;TERRITOIRE;12 FO - BPE FT765 / POP ECOLE MATERNELLE LOUIS ARAGON MONTREUIL;;;SFR_COLL;DSP_MAJ_IRISE;;;OR21;OR1;OR21;CST;MCO;OK;01/02/2021;01/02/2021;C;OPT;C;DI;RF27;12;6;6;2;;5;75,0944;;;01/02/2021;;;;
25696422;TERRITOIRE;IRS - 144 FO - FT988 RUE DU LANDY / RUE DE LA PROCESSION INTERXION3 ADD1;;;SFR_COLL;DSP_MAJ_IRISE;;;OR21;OR1;OR21;CST;MCO;OK;10/09/2021;10/09/2021;C;OPT;C;LH;RF22;144;142;2;12;;4;188,5064;;;10/09/2021;;;;
29205857;TERRITOIRE;12 FO - IRS - FT1331 RUE DE STALINGRAD /  POP ECOLE ANGELA DAVIS (RELAIS) MONTREUIL - AA;;;SFR_COLL;DSP_MAJ_IRISE;;;OR21;OR1;OR21;CST;MCO;OK;27/01/2022;27/01/2022;C;OPT;C;DI;RF27;12;8;4;2;;5;25,6323;;;27/01/2022;;;;
4614476;TERRITOIRE;IRS - CAB 2 -18 RUE ROUGET DE L'ISLE/ROUGET DE L ISLE CAMILLE DES MOULINS ISSY LES MOULLINEAUX;;;SFR_COLL;DSP_MAJ_IRISE;;;OR21;OR1;OR21;CST;MCO;OK;26/04/2007;26/04/2007;C;OPT;C;TR;RF16;72;23;49;6;;4;60,6957;;;26/04/2007;;;;
37046818;TERRITOIRE;IRS - 12FO - FT453 - AVENUE ARISTIDE BRIAND  - BPE 1 / FT451 - AVENUE ARISTIDE BRIAND - BPE 1;;;SFR_COLL;DSP_MAJ_IRISE;;;OR21;OR1;OR21;CST;MCO;OK;03/03/2023;03/03/2023;C;OPT;C;DI;RF27;12;8;4;2;;5;84,2573;;;03/03/2023;;;;
22364306;TERRITOIRE;IRS - 12FO - FT204 - 5 RUE JEAN MONNET / POP ESPACE CULTUREL ANDRE MALRAUX(ECAM) + ENM KREMLIN BICETRE - AA;;;SFR_COLL;DSP_MAJ_IRISE;;;OR21;OR1;OR21;CST;MCO;OK;19/02/2021;19/02/2021;C;OPT;C;DI;RF27;12;10;2;2;;5;85,7888;;;19/02/2021;;;;
4607657;TERRITOIRE;IRS-12 RUE MESLIER/LT ALSTOM ST OUEN;;;SFR_COLL;DSP_MAJ_IRISE;;;OR21;OR1;OR21;CST;MCO;OK;27/03/2007;27/03/2007;C;OPT;C;DI;RF14;12;10;2;2;;4;188,8836;;;27/03/2007;;;;
44810977;TERRITOIRE;IRS - 12FO - LT POP MAIRIE DE CHAMPIGNY/17 RUE ALBERT THOMAS - AB;;;SFR_COLL;DSP_MAJ_IRISE;;;OR21;OR1;OR21;CST;MCO;OK;15/05/2024;15/05/2024;C;OPT;C;DI;RF27;12;10;2;2;;5;51,0064;;;15/05/2024;;;;
23346017;TERRITOIRE;IRS - 72 FO - FT 68 - 24 AVENUE DE LA LIBERATION / FT 12 - 22 AVENUE DU BOIS;;;SFR_COLL;DSP_MAJ_IRISE;;;OR21;OR1;OR21;CST;MCO;OK;27/04/2021;27/04/2021;C;OPT;C;TR;RF28;72;70;2;6;;4;949,8560;;;27/04/2021;;;;
4637171;TERRITOIRE;IRS - 24FO - POP COTEBA/IRS- WILSON MITTERRAND - AA;;;SFR_COLL;DSP_MAJ_IRISE;;;OR21;OR1;OR21;CST;MCO;OK;29/08/2011;29/08/2011;C;OPT;C;DI;RF15;24;24;0;4;;4;123,5809;;;29/08/2011;;;;
4604314;TERRITOIRE;IRS - NC COB CH0B/RUE LATERALE (ANGLE FRANCE-MICHELET CH11) - BL;;;SFR_COLL;DSP_MAJ_IRISE;;;OR21;OR1;OR21;CST;MCO;OK;09/07/2003;09/07/2003;C;OPT;C;LH;RF40;144;70;74;12;;4;1895,3557;;;09/07/2003;;;;
4643059;HORS TERRITOIRE;IRS - 12 FO - BI 2 A 6 ALLEE DES NOYERS/FTTS SUCY EN BRIE MORBRAS - AA;;;SFR_COLL;DSP_MAJ_IRISE;;;OR21;OR1;OR21;CST;MCO;OK;20/02/2012;20/02/2012;C;OPT;C;DI;RF38;12;8;4;1;;4;11,0000;;;20/02/2012;;;;
4639025;TERRITOIRE;IRS - 72FO LD - RD PT DE L'EUROPE - IRS -1 RUE D'AURION;;;SFR_COLL;DSP_MAJ_IRISE;;;OR21;OR1;OR21;CST;MCO;OK;17/11/2011;17/11/2011;C;OPT;C;TR;RF16;72;72;0;6;;4;389,3524;;;17/11/2011;;;;
4600671;TERRITOIRE;IRS - 7 BD BELVEDERE/RUE DE PARIS;;;SFR_COLL;DSP_MAJ_IRISE;;;OR21;OR1;OR21;CST;MCO;OK;01/01/2002;01/01/2002;C;OPT;C;LH;RF40;144;65;79;12;;4;505,6935;;;01/01/2002;;;;
4605874;TERRITOIRE;IRS - 72FO - CABLE 2 ORNANO-RENOUILLERE/FINOT-ORNANO;;;SFR_COLL;DSP_MAJ_IRISE;;;OR21;OR1;OR21;CST;MCO;OK;01/01/2004;01/01/2004;C;OPT;C;TR;RF28;72;36;36;6;;4;369,0918;;;01/01/2004;;;;
4602823;TERRITOIRE;IRS - 48FO - MAIRIE EPINAY SUR SEINE/RUE DE PARIS;;;SFR_COLL;DSP_MAJ_IRISE;;;OR21;OR1;OR21;CST;MCO;OK;14/09/2004;14/09/2004;C;OPT;C;TR;RF69;48;38;10;4;;4;80,2540;;;14/09/2004;;;;
23245893;TERRITOIRE;48 FO - IRS - 48 RUE DES ROSIERS / IRS - 19 RUE DES ROSIERS;;;SFR_COLL;DSP_MAJ_IRISE;;;OR21;OR1;OR21;CST;MCO;OK;27/02/2007;27/02/2007;C;OPT;C;TR;RF19;48;44;4;4;;4;106,0082;;;27/02/2007;;;;
4604874;HORS TERRITOIRE;IRS - 48FO - AV DE LA BELLE HEAUMIERE/N-1 URA CERGY LE HAZAY;;;SFR_COLL;DSP_MAJ_IRISE;;;OR21;OR1;OR21;CST;MCO;OK;26/08/2004;26/08/2004;C;OPT;C;TR;RF19;48;22;26;4;;4;3163,4129;;;26/08/2004;;;;
25643969;TERRITOIRE;IRS - 144 FO - FT598 - 71 ALLEE DE NOMOURS / IRS - FT 967 - 50 RUE LOUISE MICHEL;;;SFR_COLL;DSP_MAJ_IRISE;;;OR21;OR1;OR21;CST;MCO;OK;08/09/2021;08/09/2021;C;OPT;C;LH;RF22;144;143;1;12;;4;3149,0802;;;08/09/2021;;;;
32308271;TERRITOIRE;IRS - 12FO - FT2347 - RUE PASCAL / PRC CAM 77-77A ROSNY SOUS BOIS - AA;;;SFR_COLL;DSP_MAJ_IRISE;;;OR21;OR1;OR21;CST;MCO;OK;23/06/2022;23/06/2022;C;OPT;C;DI;RF27;12;10;2;2;;5;14,4434;;;23/06/2022;;;;
25543457;TERRITOIRE;IRS - 48FO - 30 RUE DR ARNAUD / FT1036 - 216 AV JEAN JAURES;;;SFR_COLL;DSP_MAJ_IRISE;;;OR21;OR1;OR21;CST;MCO;OK;02/09/2021;02/09/2021;C;OPT;C;TR;RF61;48;46;2;4;;5;951,4715;;;02/09/2021;;;;
43383457;TERRITOIRE;IRS - 12 FO - FT538 - CH SAT SECURISEE CAM13 / 9 AVENUE ARISTIDE BRIAND;;;SFR_COLL;DSP_MAJ_IRISE;;;OR21;OR1;OR21;CST;MCO;OK;15/02/2024;15/02/2024;C;OPT;C;DI;RF27;12;11;1;2;;5;538,7270;;;15/02/2024;;;;
15388553;TERRITOIRE;IRS - 12FO - IRS - FT 448 -  ANGLE RUE E.VARLIN R.ROLLAND ( VILLEJUIF ) / IRS - FT1048 - 39 RUE JEAN JAURES VILLEJUIF;;;SFR_COLL;DSP_MAJ_IRISE;;;OR21;OR1;OR21;CST;MCO;OK;24/07/2019;24/07/2019;C;OPT;C;DI;RF37;12;10;2;2;;5;474,5016;;;24/07/2019;;;;
34476257;TERRITOIRE;IRS - 12FO - BI - IRS - RUE DU 19 MARS 1962 / POP POLE ANIMATION DE LA CITE VILLEJUIF - AA;;;SFR_COLL;DSP_MAJ_IRISE;;;OR21;OR1;OR21;CST;MCO;OK;17/10/2022;17/10/2022;C;OPT;C;DI;RF27;12;10;2;2;;5;10,9968;;;17/10/2022;;;;
19416387;HORS TERRITOIRE;IRS - 48 FO - ANGLE BD DE STRASBOURD - RUE DU BOIS ST DENIS / PRC C52 CHAMBRE IRISE - AA;;;SFR_COLL;DSP_MAJ_IRISE;;;OR21;OR1;OR21;CST;MCO;OK;25/07/2020;25/07/2020;C;OPT;C;TR;RF61;48;48;0;4;;5;7,9015;;;25/07/2020;;;;
4643058;HORS TERRITOIRE;IRS - 36 FO - N-1 2 A 6 ALLEE DES NOYERS/BI 2 A 6 ALLEE DES NOYERS;;;SFR_COLL;DSP_MAJ_IRISE;;;OR21;OR1;OR21;CST;MCO;OK;20/02/2012;20/02/2012;C;OPT;C;TR;RF42;36;32;4;6;;4;13,0384;;;20/02/2012;;;;
4612708;TERRITOIRE;IRS - 54 RUE FRATACCI/XCO CEGETEL G PERI;;;SFR_COLL;DSP_MAJ_IRISE;;;OR21;OR1;OR21;CST;MCO;OK;25/10/2007;25/10/2007;C;OPT;C;TR;RF16;72;13;59;6;;4;503,1402;;;25/10/2007;;;;
36823783;TERRITOIRE;POP CAMERA 34 / CH SAT SECURISEE CAM34_FT662;;;SFR_COLL;DSP_MAJ_IRISE;;;OR21;OR1;OR21;CST;MCO;OK;20/02/2023;20/02/2023;C;OPT;C;DI;RF27;12;10;2;2;;5;115,5224;;;20/02/2023;;;;
22847782;TERRITOIRE;IRS - 24FO - FT587 - 94 RUE HOCHE / FT1086 - 34 RUE COLBERT;;;SFR_COLL;DSP_MAJ_IRISE;;;OR21;OR1;OR21;CST;MCO;OK;24/03/2021;24/03/2021;C;OPT;C;DI;RF29;24;22;2;4;;5;469,7701;;;24/03/2021;;;;
7764387;TERRITOIRE;IRS - BAGUETTE 72FO - LD - SARRAZINE-FRERES LUMIERE BPE1/BPE2;;;SFR_COLL;DSP_MAJ_IRISE;;;OR21;OR1;OR21;CST;MCO;OK;29/01/2014;29/01/2014;C;OPT;C;TR;RF28;72;63;9;6;;4;6,6939;;;29/01/2014;;;;
7847284;TERRITOIRE;IRS - 36FO - WILSON-EIFFEL/P9306_PT1560;;;SFR_COLL;DSP_MAJ_IRISE;;;OR21;OR1;OR21;CST;MCO;OK;20/02/2014;20/02/2014;C;OPT;C;TR;RF144;36;31;5;3;;5;279,3606;;;20/02/2014;;;;
4602827;TERRITOIRE;IRS - RUE JOLIOT CURIE-AV DE LA DIV LECLERC/172 AV DE LA DIVISION LECLERC VILLETANEUSE;;;SFR_COLL;DSP_MAJ_IRISE;;;OR21;OR1;OR21;CST;MCO;OK;15/09/2004;15/09/2004;C;OPT;C;LH;RF51;288;272;16;24;;102;684,2831;;;15/09/2004;;;;
8198420;TERRITOIRE;IRS - 144 FO - LD - SARRAZINE-FRERES LUMIERE (BAGNEUX) / AVE. PAUL VAILLANT COUTURIER;;;SFR_COLL;DSP_MAJ_IRISE;;;OR21;OR1;OR21;CST;MCO;OK;22/05/2014;22/05/2014;C;OPT;C;LH;RF22;144;136;8;12;;4;417,7925;;;22/05/2014;;;;
7445025;TERRITOIRE;IRS - 24FO - BI 138 AV DU PRESIDANT WILSON / POP ABPROD -AB;;;SFR_COLL;DSP_MAJ_IRISE;;;OR21;OR1;OR21;CST;MCO;OK;28/10/2013;28/10/2013;C;OPT;C;DI;RF30;24;23;1;4;;4;10,1289;;;28/10/2013;;;;
28828897;TERRITOIRE;12 FO - IRS - FT 1108  RUE DE LA SOLIDARITE (MONTREUIL) - BPE 1 / POP CENTRE DE QUARTIER MENDES FRANCE MONTREUIL AA;;;SFR_COLL;DSP_MAJ_IRISE;;;OR21;OR1;OR21;CST;MCO;OK;07/01/2022;07/01/2022;C;OPT;C;DI;RF27;12;8;4;2;;5;90,4439;;;07/01/2022;;;;
18161672;TERRITOIRE;IRS - 12 FO - NEW ADAMOV-REPUBLIQUE - BIS / BPI - ANNEXE CITES JARDINS CHAMPIGNY SUR MARNE;;;SFR_COLL;DSP_MAJ_IRISE;;;OR21;OR1;OR21;CST;MCO;OK;24/04/2020;24/04/2020;C;OPT;C;DI;RF27;12;10;2;2;;5;122,6315;;;24/04/2020;;;;
12487057;HORS TERRITOIRE;IRS - 48 FO - FT459 - N-1 - AVENUE DE LA PALETTE (CERGY) / IRS - ANGLE BD HAUTIL_BD DE L'HAUTIL;;;SFR_COLL;DSP_MAJ_IRISE;;;OR21;OR1;OR21;CST;MCO;OK;05/02/2018;05/02/2018;C;OPT;C;TR;RF20;48;47;1;8;;5;529,9600;;;05/02/2018;;;;
6189986;HORS TERRITOIRE;IRS - 144FO - ANGLE BD HAUTIL_BD DE L'HAUTIL / BVD DE L'OISE;;;SFR_COLL;DSP_MAJ_IRISE;;;OR21;OR1;OR21;CST;MCO;OK;22/02/2013;22/02/2013;C;OPT;C;LH;RF22;144;138;6;12;;4;99,9346;;;22/02/2013;;;;
44709218;TERRITOIRE;IRS - 12FO - FT 799 - RUE JEAN LURCAT / POP CRECHE PVC VILLEJUIF - AA;;;SFR_COLL;DSP_MAJ_IRISE;;;OR21;OR1;OR21;CST;MCO;OK;07/05/2024;07/05/2024;C;OPT;C;DI;RF27;12;10;2;2;;5;399,2318;;;07/05/2024;;;;
4598638;TERRITOIRE;RABELAIS LUCIA/LT CAA GRAVELLE;;;SFR_COLL;DSP_MAJ_IRISE;;;OR21;OR1;OR21;CST;MCO;OK;21/06/2011;21/06/2011;C;OPT;C;TR;RF42;36;2;34;6;;4;43,4875;;;21/06/2011;;;;
22774510;TERRITOIRE;IRS - 24FO -  FT1632 - 39 BD PAUL VAILLANT COUTURIER / FT1692 - 78 BOULEVARD HENRI BARBUSSE;;;SFR_COLL;DSP_MAJ_IRISE;;;OR21;OR1;OR21;CST;MCO;OK;18/03/2021;18/03/2021;C;OPT;C;DI;RF29;24;22;2;4;;5;340,7398;;;18/03/2021;;;;
4597398;TERRITOIRE;IRS - 24FO - CH COLT CAA BERNY ANTONY/N-1 CAA BERNY;;;SFR_COLL;DSP_MAJ_IRISE;;;OR21;OR1;OR21;CST;MCO;OK;30/01/2001;30/01/2001;C;OPT;C;DI;RF71;24;12;12;12;;5;13,5762;;;30/01/2001;;;;
4641752;HORS TERRITOIRE;IRS - 144FO RD POINT DE CEDRE/N-1 POP AMEC SPIE;;;SFR_COLL;DSP_MAJ_IRISE;;;OR21;OR1;OR21;CST;MCO;OK;03/05/2012;03/05/2012;C;OPT;C;LH;RF40;144;60;84;12;;4;231,2104;;;03/05/2012;;;;
22326178;TERRITOIRE;IRS - 12FO - FT2081 - AV PAUL SIGNAC / POP ANTENNE JEUNESSE PAUL SIGNAC MONTREUIL - AA;;;SFR_COLL;DSP_MAJ_IRISE;;;OR21;OR1;OR21;CST;MCO;OK;17/02/2021;17/02/2021;C;OPT;C;DI;RF27;12;8;4;2;;5;46,5360;;;17/02/2021;;;;
4635624;TERRITOIRE;IRS - 48FO - N-1 URA ORGEMONT/PRC BYTEL RUE DES CARRIERES;;;SFR_COLL;DSP_MAJ_IRISE;;;OR21;OR1;OR21;CST;MCO;OK;17/12/2010;17/12/2010;C;OPT;C;TR;RF19;48;46;2;4;;4;82,1177;;;17/12/2010;;;;
29945384;TERRITOIRE;IRS - 8 RUE GABRIEL PERI (MONTROUGE) - BPE 1 / POP N012BIS CHAMBRE IRISE - AA;;;SFR_COLL;DSP_MAJ_IRISE;;;OR21;OR1;OR21;CST;MCO;OK;04/03/2022;04/03/2022;C;OPT;C;DI;RF27;12;10;2;2;;5;273,1022;;;04/03/2022;;;;
22606838;TERRITOIRE;IRS - 24FO - FT2568 18 RUE JULES VERNE / FT2216 - 25 RUE EMILE BEAUFILS;;;SFR_COLL;DSP_MAJ_IRISE;;;OR21;OR1;OR21;CST;MCO;OK;08/03/2021;08/03/2021;C;OPT;C;DI;RF29;24;22;2;4;;5;688,8910;;;08/03/2021;;;;
4626147;TERRITOIRE;IRS - 48FO - RUE ACHILLE DOMART /HOTEL DE VILLE D'AUBERVILLIERS  - AA;;;SFR_COLL;DSP_MAJ_IRISE;;;OR21;OR1;OR21;CST;MCO;OK;15/03/2010;15/03/2010;C;OPT;C;TR;RF19;48;40;8;4;;4;224,9727;;;15/03/2010;;;;
16701477;TERRITOIRE;IRS - 144 FO - FT1268 - 6 AVENUE CLAUDE DEBUSSY / FT1109 - 30 AVENUE DU DRAPEAU;;;SFR_COLL;DSP_MAJ_IRISE;;;OR21;OR1;OR21;CST;MCO;OK;06/12/2019;06/12/2019;C;OPT;C;LH;RF22;144;144;0;12;;4;1343,2422;;;06/12/2019;;;;
4640807;TERRITOIRE;IRS - 144 FO - AV DE LATTRE DE TASSIGNY (ST MAUR) - 2/N-1 ST MAUR CHERON;;;SFR_COLL;DSP_MAJ_IRISE;;;OR21;OR1;OR21;CST;MCO;OK;13/04/2012;13/04/2012;C;OPT;C;LH;RF40;144;142;2;12;;4;393,8957;;;13/04/2012;;;;
4639853;TERRITOIRE;IRS - 36FO - N-1 FTTS FONTENAY LA GARE/PLACE MOREAU DAVID;;;SFR_COLL;DSP_MAJ_IRISE;;;OR21;OR1;OR21;CST;MCO;OK;20/02/2012;20/02/2012;C;OPT;C;TR;RF42;36;32;4;6;;4;150,1746;;;20/02/2012;;;;
37112103;TERRITOIRE;IRS - 36FO - 48 Fo CH Mairie Ile St Denis / POP IUT GENNEVILLIERS BAT.B - AB;;;SFR_COLL;DSP_MAJ_IRISE;;;OR21;OR1;OR21;CST;MCO;OK;07/03/2023;07/03/2023;C;OPT;C;TR;RF139;36;35;1;6;;5;3102,2078;;;07/03/2023;;;;
8330537;TERRITOIRE;144FO - RFF - IRS_RFF_PK83435 CHOISY - BPE2/BPE3;;;SFR_COLL;DSP_MAJ_IRISE;;;OR21;OR1;OR21;CST;MCO;OK;25/06/2014;25/06/2014;C;OPT;C;LH;RF36;144;140;4;12;;145;49,3927;;;25/06/2014;;;;
7205011;TERRITOIRE;IRS - 72 FO - ANGLE 20 AVENUE MARX DORMOY ET 33 RUE FONTAINE/IRS - 12 RUE VARAGNAT - BONDY - 2;;;SFR_COLL;DSP_MAJ_IRISE;;;OR21;OR1;OR21;CST;MCO;OK;13/07/2007;13/07/2007;C;OPT;C;TR;RF16;72;44;28;6;;4;290,3020;;;13/07/2007;;;;
15566835;TERRITOIRE;IRS 72 FO - N-1 CAA BONDY / FT 433 - 40 AVENUE HENRI BARBUSSE;;;SFR_COLL;DSP_MAJ_IRISE;;;OR21;OR1;OR21;CST;MCO;OK;14/08/2019;14/08/2019;C;OPT;C;TR;RF28;72;72;0;6;;4;1274,1678;;;14/08/2019;;;;
29987940;TERRITOIRE;IRS - 36 FO - FT 15 - 18 AV. DE L EPI D OR / FT 284 AVENUE DE L EPI D OR;;;SFR_COLL;DSP_MAJ_IRISE;;;OR21;OR1;OR21;CST;MCO;OK;07/03/2022;07/03/2022;C;OPT;C;TR;RF50;36;36;0;3;;4;516,0740;;;07/03/2022;;;;
4640806;TERRITOIRE;IRS - 144 FO - AV DE LATTRE DE TASSIGNY (ST MAUR)/AV DE LATTRE DE TASSIGNY (ST MAUR) - 2;;;SFR_COLL;DSP_MAJ_IRISE;;;OR21;OR1;OR21;CST;MCO;OK;13/04/2012;13/04/2012;C;OPT;C;LH;RF40;144;142;2;12;;4;268,6082;;;13/04/2012;;;;
4641079;HORS TERRITOIRE;IRS - 12 FO - POP FTTS PONT D'ARGENTEUIL/N-1 PONT D'ARGENTEUIL - AA;;;SFR_COLL;DSP_MAJ_IRISE;;;OR21;OR1;OR21;CST;MCO;OK;15/02/2012;15/02/2012;C;OPT;C;DI;RF38;12;8;4;1;;4;87,7002;;;15/02/2012;;;;
4635793;HORS TERRITOIRE;IRS - 144FO - CH 9T PDT WILSON/FT 16 RUE CARNOT;;;SFR_COLL;DSP_MAJ_IRISE;;;OR21;OR1;OR21;CST;MCO;OK;02/08/2012;02/08/2012;C;OPT;C;LH;RF40;144;115;29;12;;4;996,4079;;;02/08/2012;;;;
4635707;TERRITOIRE;IRS - 36FO - N-1 POP FTTS ROMAINVILLE /BI RESIDENCE YOURI GAGARINE;;;SFR_COLL;DSP_MAJ_IRISE;;;OR21;OR1;OR21;CST;MCO;OK;13/02/2012;13/02/2012;C;OPT;C;TR;RF42;36;32;4;6;;4;79,4922;;;13/02/2012;;;;
4641641;TERRITOIRE;IRS - 12FO - BI 4 RUE DU LIEUTENANT LEBRUN (BOBIGNY)/POP FTTS BOBIGNY (PREFECTURE) - AA;;;SFR_COLL;DSP_MAJ_IRISE;;;OR21;OR1;OR21;CST;MCO;OK;27/02/2012;27/02/2012;C;OPT;C;DI;RF38;12;8;4;1;;4;27,7138;;;27/02/2012;;;;
4610137;TERRITOIRE;IRS - RUE BERNARD ET MAZOYER/SQUARE STALINGRAD AUBERVILLIERS;;;SFR_COLL;DSP_MAJ_IRISE;;;OR21;OR1;OR21;CST;MCO;OK;14/11/2006;14/11/2006;C;OPT;C;TR;RF19;48;10;38;4;;4;284,2092;;;14/11/2006;;;;
4613048;TERRITOIRE;IRS - 11, QUAI DES CARRIERES / 122 RUE DU MARECHAL LECLERC;;;SFR_COLL;DSP_MAJ_IRISE;;;OR21;OR1;OR21;CST;MCO;OK;04/05/2006;04/05/2006;C;OPT;C;LH;RF56;144;46;98;12;;4;1977,5857;;;04/05/2006;;;;
17810274;TERRITOIRE;IRS - 144 FO - IRS - FT 396 - RUE DCARPEAUX / IRS - FT 843 -BOULEVARD DE STALINGRAD;;;SFR_COLL;DSP_MAJ_IRISE;;;OR21;OR1;OR21;CST;MCO;OK;23/03/2020;23/03/2020;C;OPT;C;LH;RF22;144;144;0;12;;4;1229,7611;;;23/03/2020;;;;
17680084;TERRITOIRE;IRS - BAG - 144FO - RUE JULES GUESDE BPE1 / BPE2;;;SFR_COLL;DSP_MAJ_IRISE;;;OR21;OR1;OR21;CST;MCO;OK;10/03/2020;10/03/2020;C;OPT;C;LH;RF22;144;136;8;12;;4;11,2015;;;10/03/2020;;;;
23368420;TERRITOIRE;IRS - 144 FO - FT  70 - 62 QUAI BLANQUI / 28 RUE EDITH CAVELL (VITRY SUR SEINE);;;SFR_COLL;DSP_MAJ_IRISE;;;OR21;OR1;OR21;CST;MCO;OK;04/12/2019;04/12/2019;C;OPT;C;LH;RF22;144;144;0;12;;4;2034,6334;;;04/12/2019;;;;
17229477;TERRITOIRE;IRS - 36 FO - FT 734 - 17 IMPASSE BENOIT GUICHON / FT 581 - 5 RUE PAUL SIGNAC ARCUEIL;;;SFR_COLL;DSP_MAJ_IRISE;;;OR21;OR1;OR21;CST;MCO;OK;30/01/2020;30/01/2020;C;OPT;C;TR;RF50;36;36;0;3;;4;906,4201;;;30/01/2020;;;;
4602132;TERRITOIRE;IRS - 144FO - BD PRESSENCE AUBERVILLIERS/WILSON-PRESSENCE IRISE;;;SFR_COLL;DSP_MAJ_IRISE;;;OR21;OR1;OR21;CST;MCO;OK;01/01/2002;01/01/2002;C;OPT;C;LH;RF40;144;36;108;12;;4;751,4757;;;01/01/2002;;;;
11115595;TERRITOIRE;IRS - CARNOT-LECLERC/MAIRIE DE PANTIN;;;SFR_COLL;DSP_MAJ_IRISE;;;OR21;OR1;OR21;CST;MCO;OK;26/06/2003;26/06/2003;C;OPT;C;DI;RF38;12;9;3;1;;4;70,4583;;;26/06/2003;;;;
4599179;TERRITOIRE;IRS - AUGUSTE/MAIRIE DE COLOMBES - AA;;;SFR_COLL;DSP_MAJ_IRISE;;;OR21;OR1;OR21;CST;MCO;OK;09/09/2002;09/09/2002;C;OPT;C;DI;RF38;12;11;1;1;;4;24,0949;;;09/09/2002;;;;
4602169;TERRITOIRE;IRS - CAB1 - PLACE DES CACQUETS/MAIRIE DE ST DENIS;;;SFR_COLL;DSP_MAJ_IRISE;;;OR21;OR1;OR21;CST;MCO;OK;08/12/2003;08/12/2003;C;OPT;C;DI;RF38;12;2;10;1;;4;108,8660;;;08/12/2003;;;;
4599980;TERRITOIRE;IRS - PLACE SEVERINE/7 BD BELVEDERE;;;SFR_COLL;DSP_MAJ_IRISE;;;OR21;OR1;OR21;CST;MCO;OK;01/01/2002;01/01/2002;C;OPT;C;LH;RF40;144;63;81;12;;4;625,5737;;;01/01/2002;;;;
4606155;TERRITOIRE;IRS - 48FO INTRA-SITE - POP GENERALI - ODF B/ODF B - // - BI - MULTI;;;SFR_COLL;DSP_MAJ_IRISE;;;OR21;OR1;OR21;CST;MCO;OK;11/07/2003;11/07/2003;C;OPT;C;TR;RF19;48;48;0;4;;4;58,8786;;;11/07/2003;;;;
6281507;TERRITOIRE;IRS - 144FO - PT 1800/RD POINT DES 6 ROUTES - BPE1;;;SFR_COLL;DSP_MAJ_IRISE;;;OR21;OR1;OR21;CST;MCO;OK;01/01/2002;01/01/2002;C;OPT;C;LH;RF74;144;57;87;12;;100;733,3965;;;01/01/2002;;;;
4605136;TERRITOIRE;D126 AV CERISAIE-TILLEUL/N-1 CERISAIE-TILLEUL;;;SFR_COLL;DSP_MAJ_IRISE;;;OR21;OR1;OR21;CST;MCO;OK;01/01/2003;01/01/2003;C;OPT;C;DI;RF96;12;8;4;6;;5;244,1202;;;01/01/2003;;;;
4605003;TERRITOIRE;IRS - N-1 MAIRIE DE MONTREUIL/MAIRIE DE MONTREUIL - AA;;;SFR_COLL;DSP_MAJ_IRISE;;;OR21;OR1;OR21;CST;MCO;OK;08/12/2003;08/12/2003;C;OPT;C;DI;RF38;12;1;11;1;;4;74,7848;;;08/12/2003;;;;
4605038;HORS TERRITOIRE;IRS - 24FO - N-1 CAA NOISY/GALERIE EPAMARNE - TRACE??;;;SFR_COLL;DSP_MAJ_IRISE;;;OR21;OR1;OR21;CST;MCO;OK;02/01/2003;02/01/2003;C;OPT;C;DI;RF67;24;8;16;2;;5;359,6936;;;02/01/2003;;;;
43485554;TERRITOIRE;IRIS - 24 FO - POP GROUPE SCOLAIRE CARNOT  CACHAN / BPI - RUE GALLIENIE - BI;;;SFR_COLL;DSP_MAJ_IRISE;;;OR21;OR1;OR21;CST;MCO;OK;23/02/2024;23/02/2024;C;OPT;C;DI;RF29;24;22;2;4;;5;22,9804;;;23/02/2024;;;;
14840040;TERRITOIRE;IRS - 144 FO - FT 1398 - 130 RUE DANIELLE CASANOVA / FT 1321 - 11 RUE DE l'ABEILLE;;;SFR_COLL;DSP_MAJ_IRISE;;;OR21;OR1;OR21;CST;MCO;OK;20/05/2019;20/05/2019;C;OPT;C;LH;RF22;144;144;0;12;;4;582,4991;;;20/05/2019;;;;
29172898;TERRITOIRE;IRISE - 12FO - MAIRIE DE ROSNY / RUE CLAUDE PERNES - FT1665;;;SFR_COLL;DSP_MAJ_IRISE;;;OR21;OR1;OR21;CST;MCO;OK;26/01/2022;26/01/2022;C;OPT;C;DI;RF27;12;11;1;2;;5;271,8757;;;26/01/2022;;;;
17201650;TERRITOIRE;IRS - 144 FO -  FT448 - 8 RUE JEAN JAURES / 64 RUE BLEUZEN VANVES;;;SFR_COLL;DSP_MAJ_IRISE;;;OR21;OR1;OR21;CST;MCO;OK;28/01/2020;28/01/2020;C;OPT;C;LH;RF22;144;144;0;12;;4;282,4209;;;28/01/2020;;;;
4634672;TERRITOIRE;IRS - 48FO - ANGLE GAMBETTA HOCHE / N-1 MEDIATHEQUE BAGNOLET;;;SFR_COLL;DSP_MAJ_IRISE;;;OR21;OR1;OR21;CST;MCO;OK;26/01/2011;26/01/2011;C;OPT;C;TR;RF47;48;17;31;4;;4;284,2106;;;26/01/2011;;;;
4607379;TERRITOIRE;IRS - BAG 24FO N-1/POP MAIRIE FONTENAY;;;SFR_COLL;DSP_MAJ_IRISE;;;OR21;OR1;OR21;CST;MCO;OK;03/09/2009;03/09/2009;C;OPT;C;DI;RF161;24;18;6;6;;6;150,5341;;;03/09/2009;;;;
39262835;TERRITOIRE;IRS - 24FO - 43 AV DE LA MARNE - BPE 2 / FT317 - POP CAMERA N_13 MONTROUGE;;;SFR_COLL;DSP_MAJ_IRISE;;;OR21;OR1;OR21;CST;MCO;OK;27/06/2023;27/06/2023;C;OPT;C;DI;RF31;24;22;2;2;;5;517,9428;;;27/06/2023;;;;
15566833;TERRITOIRE;IRS - 72 FO - FT 963 - 19 AVENUE DE VERDUN / IRS - FT 929 - 115 AVENUE HENRI BARBUSSE;;;SFR_COLL;DSP_MAJ_IRISE;;;OR21;OR1;OR21;CST;MCO;OK;14/08/2019;14/08/2019;C;OPT;C;TR;RF28;72;72;0;6;;4;730,5697;;;14/08/2019;;;;
44176097;TERRITOIRE;IRS - 12FO - PRC CAMERA X09 BONNEUIL / N-1 CTM BONNEUIL;;;SFR_COLL;DSP_MAJ_IRISE;;;OR21;OR1;OR21;CST;MCO;OK;04/04/2024;04/04/2024;C;OPT;C;DI;RF27;12;10;2;2;;5;106,9221;;;04/04/2024;;;;
4608380;TERRITOIRE;IRS - 12FO - LT POP MAIRIE DE CHAMPIGNY/17 RUE ALBERT THOMAS - AA;;;SFR_COLL;DSP_MAJ_IRISE;;;OR21;OR1;OR21;CST;MCO;OK;09/12/2004;09/12/2004;C;OPT;C;DI;RF14;12;2;10;2;;4;51,6964;;;09/12/2004;;;;
23336425;TERRITOIRE;IRS - 72 FO - 21 AVENUE DESCARTES / REAUMUR-PAPIN;;;SFR_COLL;DSP_MAJ_IRISE;;;OR21;OR1;OR21;CST;MCO;OK;10/03/2009;10/03/2009;C;OPT;C;TR;RF16;72;68;4;6;;4;114,8711;;;10/03/2009;;;;
11007382;TERRITOIRE;IRS - 36 FO -LD 252 RUE ROSNY / BI POP ADCL RUE ACACIAS MONTREUIL;;;SFR_COLL;DSP_MAJ_IRISE;;;OR21;OR1;OR21;CST;MCO;OK;21/01/2013;21/01/2013;C;OPT;C;TR;RF26;36;36;0;6;;4;271,9444;;;21/01/2013;;;;
7617522;HORS TERRITOIRE;IRS - 144 FO - 65 ROUTE DE LA LIBERATION / FT- 13 ROUTE DE PROVINS;;;SFR_COLL;DSP_MAJ_IRISE;;;OR21;OR1;OR21;CST;MCO;OK;16/12/2013;16/12/2013;C;OPT;C;LH;RF22;144;142;2;12;;4;498,1698;;;16/12/2013;;;;
44809698;TERRITOIRE;IRISE - 24 FO - RUE MAURICE ARNOUX-RUE PERIER / POP ESPACE COLUCCI MONTROUGE - AA;;;SFR_COLL;DSP_MAJ_IRISE;;;OR21;OR1;OR21;CST;MCO;OK;15/05/2024;15/05/2024;C;OPT;C;DI;RF31;24;20;4;2;;5;336,5178;;;15/05/2024;;;;
20292579;TERRITOIRE;IRS - 144 FO - FT939 - 4-8 AVENUE BOILEAU (CHAMPIGNY-SUR-MARNE) / 65 ROUTE DE LA LIBERATION;;;SFR_COLL;DSP_MAJ_IRISE;;;OR21;OR1;OR21;CST;MCO;OK;24/09/2020;24/09/2020;C;OPT;C;LH;RF22;144;144;0;12;;4;810,2399;;;24/09/2020;;;;
4597946;TERRITOIRE;IRS - 3 RUE PIERRE JOIGNEAUX/160 AVENUE HENRI BARBUSSE;;;SFR_COLL;DSP_MAJ_IRISE;;;OR21;OR1;OR21;CST;MCO;OK;06/02/2003;06/02/2003;C;OPT;C;TR;RF43;48;21;27;6;;183;650,7212;;;06/02/2003;;;;
7558291;TERRITOIRE;IRS - 48 FO - RUE ERNEST SAVERT / RUE ALLE DES PROGRES;;;SFR_COLL;DSP_MAJ_IRISE;;;OR21;OR1;OR21;CST;MCO;OK;29/11/2013;29/11/2013;C;OPT;C;TR;RF47;48;47;1;4;;4;682,7720;;;29/11/2013;;;;
30313701;TERRITOIRE;IRS - 36 FO - FT 784 RUE BAUDIN / FT 189 RUE JULES GUESDE;;;SFR_COLL;DSP_MAJ_IRISE;;;OR21;OR1;OR21;CST;MCO;OK;07/12/2019;07/12/2019;C;OPT;C;TR;RF50;36;36;0;3;;4;522,4134;;;07/12/2019;;;;
17213154;TERRITOIRE;IRS - FT 468 - 1 RUE AV DE LA MARNE / FT 387 - 4 RUE DENIS PAPIN;;;SFR_COLL;DSP_MAJ_IRISE;;;OR21;OR1;OR21;CST;MCO;OK;29/01/2020;29/01/2020;C;OPT;C;LH;RF22;144;144;0;12;;4;518,2783;;;29/01/2020;;;;
25240105;TERRITOIRE;IRS - 144 FO - IRS - FT 597 - 11 RUE LEON MARTINE / IRS - FT - 35 RUE JEAN LONGUET;;;SFR_COLL;DSP_MAJ_IRISE;;;OR21;OR1;OR21;CST;MCO;OK;16/08/2021;16/08/2021;C;OPT;C;LH;RF22;144;144;0;12;;4;931,6849;;;16/08/2021;;;;
4610788;TERRITOIRE;IRS- 12 RUE MESLIER/POP OLE EMPLOI SAINT OUEN;;;SFR_COLL;DSP_MAJ_IRISE;;;OR21;OR1;OR21;CST;MCO;OK;18/10/2006;18/10/2006;C;OPT;C;DI;RF14;12;4;8;2;;4;139,5984;;;18/10/2006;;;;
34934817;TERRITOIRE;IRS - 72 FO - 312 AV G DE GAULLE / IRS - FT 1894 - 48 D906;;;SFR_COLL;DSP_MAJ_IRISE;;;OR21;OR1;OR21;CST;MCO;OK;14/11/2022;14/11/2022;C;OPT;C;TR;RF28;72;72;0;6;;4;1161,0944;;;14/11/2022;;;;
14843890;TERRITOIRE;IRS - 72FO - FT641 - 124B AVENUE DE LA REPUBLIQUE / FT455 - 79 RUE PASTEUR FONTENAY-SOUS-BOIS;;;SFR_COLL;DSP_MAJ_IRISE;;;OR21;OR1;OR21;CST;MCO;OK;20/05/2019;20/05/2019;C;OPT;C;TR;RF28;72;72;0;6;;4;772,3196;;;20/05/2019;;;;
23594019;TERRITOIRE;IRS - 36 FO - FT 58 - 150 BOULEVARD WASHINGTON / 74 AVENUE FRANKLIN ROOSEVELT;;;SFR_COLL;DSP_MAJ_IRISE;;;OR21;OR1;OR21;CST;MCO;OK;12/05/2021;12/05/2021;C;OPT;C;TR;RF50;36;36;0;3;;4;1054,1200;;;12/05/2021;;;;
4614341;TERRITOIRE;IRS - 72FO - IRS ANGLE 20 AVENUE MARX DORMOY ET 33 RUE FONTAINE/IRS - N-1 BONDY SFR ADD2;;;SFR_COLL;DSP_MAJ_IRISE;;;OR21;OR1;OR21;CST;MCO;OK;24/09/2007;24/09/2007;C;OPT;C;TR;RF16;72;58;14;6;;4;132,7117;;;24/09/2007;;;;
4611519;TERRITOIRE;IRS - BD DE LA LIBERTE/53 AV DE VERDUN ROMAINVILLE;;;SFR_COLL;DSP_MAJ_IRISE;;;OR21;OR1;OR21;CST;MCO;OK;03/11/2006;03/11/2006;C;OPT;C;TR;RF16;72;53;19;6;;4;1208,8155;;;03/11/2006;;;;
4601958;TERRITOIRE;96 AVENUE ANATOLE FRANCE IRISE-CAA CHOISY IRISE;;;SFR_COLL;DSP_MAJ_IRISE;;;OR21;OR1;OR21;CST;MCO;OK;08/08/2002;08/08/2002;C;OPT;C;TR;RF42;36;26;10;6;;4;263,0204;;;08/08/2002;;;;
4607191;TERRITOIRE;IRS - 48 FO - ARISTIDE-BRIAND / FT 734 - 17 IMPASSE BENOIT GUICHON CACHAN;;;SFR_COLL;DSP_MAJ_IRISE;;;OR21;OR1;OR21;CST;MCO;OK;23/02/2005;23/02/2005;C;OPT;C;TR;RF19;48;39;9;4;;4;388,6730;;;23/02/2005;;;;
4613115;TERRITOIRE;IRS - 72FO - 16 AV BARBUSSE/CAA CLAMART (CARREFOUR BEAUJARD) N-1 CAA CLAMART;;;SFR_COLL;DSP_MAJ_IRISE;;;OR21;OR1;OR21;CST;MCO;OK;16/05/2006;16/05/2006;C;OPT;C;TR;RF16;72;14;58;6;;4;2040,2522;;;16/05/2006;;;;
4606953;TERRITOIRE;IRS - 72FO - 4 RUE DE CHAMPIGNY (CHENNEVRIERES)/RUE GAL LECLERC-RUE MOULIN BATEAU;;;SFR_COLL;DSP_MAJ_IRISE;;;OR21;OR1;OR21;CST;MCO;OK;26/01/2007;26/01/2007;C;OPT;C;TR;RF16;72;32;40;6;;4;1725,4725;;;26/01/2007;;;;
12360698;HORS TERRITOIRE;IRS - 72FO - N-1 MAIRIE CLICHY SOUS-BOIS/IRS - AV DE CLICHY/AV BERTHE MORISOT - BPE1;;;SFR_COLL;DSP_MAJ_IRISE;;;OR21;OR1;OR21;CST;MCO;OK;27/05/2013;27/05/2013;C;OPT;C;TR;RF28;72;47;25;6;;4;2214,1242;;;27/05/2013;;;;
8781058;HORS TERRITOIRE;36FO - IRS - 15 RUE DES OZIERS (ST OUEN L'AUMONE) / 4 RUE DES OZIERS (ST OUEN L'AUMONE);;;SFR_COLL;DSP_MAJ_IRISE;;;OR21;OR1;OR21;CST;MCO;OK;12/11/2014;12/11/2014;C;OPT;C;TR;RF50;36;35;1;3;;4;476,4298;;;12/11/2014;;;;
34403297;TERRITOIRE;48 FO - IRS - 57 AV HENRI RAVERA / IRISE 1217 - RUE DE L EGALITE;;;SFR_COLL;DSP_MAJ_IRISE;;;OR21;OR1;OR21;CST;MCO;OK;13/10/2022;13/10/2022;C;OPT;C;TR;RF47;48;48;0;4;;4;472,3816;;;13/10/2022;;;;
30342498;TERRITOIRE;IRS - 12FO - FT2347 - RUE PASCAL / PRC_CAM3.1_74_75;;;SFR_COLL;DSP_MAJ_IRISE;;;OR21;OR1;OR21;CST;MCO;OK;23/03/2022;23/03/2022;C;OPT;C;DI;RF27;12;10;2;2;;5;181,3083;;;23/03/2022;;;;
8787969;HORS TERRITOIRE;24 FO - IRS - RUE DES CHAUFFOURS_QUAI DE LIVRAISON / POP AMETIF CHAUFFOURS CERGY - BA;;;SFR_COLL;DSP_MAJ_IRISE;;;OR21;OR1;OR21;CST;MCO;OK;14/11/2014;14/11/2014;C;OPT;C;DI;RF17;24;24;0;2;;4;242,3908;;;14/11/2014;;;;
34812900;TERRITOIRE;IRS - 72FO - 1 BOULEVARD ARISTIDE BRIAND ( CHAMPIGNY-SUR-MARNE ) / BRIAND-STALINGRAD (BONNEFF);;;SFR_COLL;DSP_MAJ_IRISE;;;OR21;OR1;OR21;CST;MCO;OK;03/12/2009;03/12/2009;C;OPT;C;TR;RF16;72;19;53;6;;4;711,3105;;;03/12/2009;;;;
24467298;TERRITOIRE;IRS-12 RUE BOBILLOT MONTREUIL/BPE  FT768;;;SFR_COLL;DSP_MAJ_IRISE;;;OR21;OR1;OR21;CST;MCO;OK;29/06/2021;29/06/2021;C;OPT;C;DI;RF27;12;8;4;2;;5;349,1169;;;29/06/2021;;;;
22871160;TERRITOIRE;IRS - 12FO - FT595 - 15 RUE DELPECHE / FT3625 - 2 SQUARE JEAN-PIERRE TIMBAUD;;;SFR_COLL;DSP_MAJ_IRISE;;;OR21;OR1;OR21;CST;MCO;OK;25/03/2021;25/03/2021;C;OPT;C;DI;RF27;12;8;4;2;;5;126,9902;;;25/03/2021;;;;
4630303;TERRITOIRE;IRS - 72FO - BD NATIONAL/RUE PEREIRE;;;SFR_COLL;DSP_MAJ_IRISE;;;OR21;OR1;OR21;CST;MCO;OK;27/08/2009;27/08/2009;C;OPT;C;TR;RF28;72;45;47;6;;4;555,1602;;;27/08/2009;;;;
4616732;TERRITOIRE;IRS - 72FO - AV DU PT ALLENDE ARCEUIL/AV ARISTIDE BRIAND SORTIE PARKING LAPEYRE;;;SFR_COLL;DSP_MAJ_IRISE;;;OR21;OR1;OR21;CST;MCO;OK;29/08/2012;29/08/2012;C;OPT;C;TR;RF16;72;27;45;6;;4;324,7693;;;29/08/2012;;;;
4610396;TERRITOIRE;IRS - 48FO - RUE BARBES-VANNE/RUE ORY MONTROUGE;;;SFR_COLL;DSP_MAJ_IRISE;;;OR21;OR1;OR21;CST;MCO;OK;26/01/2006;26/01/2006;C;OPT;C;TR;RF19;48;46;2;4;;4;134,6986;;;26/01/2006;;;;
4623856;TERRITOIRE;IRS - 48FO - VERS FAC RUE GALILEE-2;;;SFR_COLL;DSP_MAJ_IRISE;;;OR21;OR1;OR21;CST;MCO;OK;27/02/2008;27/02/2008;C;OPT;C;TR;RF83;48;29;19;4;;4;98,6534;;;27/02/2008;;;;
10803922;HORS TERRITOIRE;IRS - 12 FO - N-1 / POP AER HOLDING ERAGNY SUR OISE - AA;;;SFR_COLL;DSP_MAJ_IRISE;;;OR21;OR1;OR21;CST;MCO;OK;23/01/2017;23/01/2017;C;OPT;C;DI;RF37;12;11;1;2;;5;19,6617;;;23/01/2017;;;;
4601642;TERRITOIRE;IRS - PK13965 ORLY VILLE/PK17842 GARE DE RUNGIS;;;SFR_COLL;DSP_MAJ_IRISE;;;OR21;OR1;OR21;CST;MCO;OK;28/04/2004;28/04/2004;C;OPT;C;TR;RF23;72;43;29;6;;145;4307,2253;;;28/04/2004;;;;
4597932;TERRITOIRE;IRS - 24FO - 4 AV DES VIOLETTES/POP DSP DSEA4;;;SFR_COLL;DSP_MAJ_IRISE;;;OR21;OR1;OR21;CST;MCO;OK;01/02/2010;01/02/2010;C;OPT;C;DI;RF15;24;20;4;4;;4;30,3323;;;01/02/2010;;;;
4629038;HORS TERRITOIRE;IRS - 144FO - RUE GABRIEL/RUE GOUNOD;;;SFR_COLL;DSP_MAJ_IRISE;;;OR21;OR1;OR21;CST;MCO;OK;30/07/2008;30/07/2008;C;OPT;C;LH;RF40;144;92;52;12;;4;397,9254;;;30/07/2008;;;;
4636096;TERRITOIRE;IRS - 72FO - AV DU GENERAL DE GAULLE/AV DU GAL DE GAULLE BIS;;;SFR_COLL;DSP_MAJ_IRISE;;;OR21;OR1;OR21;CST;MCO;OK;29/11/2010;29/11/2010;C;OPT;C;TR;RF16;72;19;53;6;;4;33,0186;;;29/11/2010;;;;
4610929;TERRITOIRE;IRS-INTERSECTION PERI-ROSIERS/19 RUE DES ROSIERS ST OUEN;;;SFR_COLL;DSP_MAJ_IRISE;;;OR21;OR1;OR21;CST;MCO;OK;18/10/2006;18/10/2006;C;OPT;C;TR;RF19;48;44;4;4;;4;323,0710;;;18/10/2006;;;;
8737540;TERRITOIRE;IRS - 144FO - LD - ANGLE ORLY COUTURE/STE GENEVIEVE_LAGUE;;;SFR_COLL;DSP_MAJ_IRISE;;;OR21;OR1;OR21;CST;MCO;OK;29/10/2014;29/10/2014;C;OPT;C;LH;RF22;144;142;2;12;;4;653,0008;;;29/10/2014;;;;
4627625;HORS TERRITOIRE;IRS - 48FO - RD40 ZAC DE VILLEPINTE/PARKING RUE DES VANESSES;;;SFR_COLL;DSP_MAJ_IRISE;;;OR21;OR1;OR21;CST;MCO;OK;29/12/2009;29/12/2009;C;OPT;C;TR;RF19;48;40;8;4;;4;116,9972;;;29/12/2009;;;;
5059731;TERRITOIRE;IRS - 144FO RUE ST DENIS/ANGLE RUE DES NOYERS - Av P.ROOSEVEL;;;SFR_COLL;DSP_MAJ_IRISE;;;OR21;OR1;OR21;CST;MCO;OK;09/02/2012;09/02/2012;C;OPT;C;LH;RF40;144;144;0;12;;4;457,2793;;;09/02/2012;;;;
11097632;HORS TERRITOIRE;IRS - 24FO - POP WOLTERS KLUWER RUEIL MALMAISON / BI - AA;;;SFR_COLL;DSP_MAJ_IRISE;;;OR21;OR1;OR21;CST;MCO;OK;24/03/2017;24/03/2017;C;OPT;C;DI;RF48;24;23;1;4;;4;14,9867;;;24/03/2017;;;;
4628999;TERRITOIRE;IRS - 48FO - AV ELUARD/AV DU PRESIDENT SALVADOR ALLENDE;;;SFR_COLL;DSP_MAJ_IRISE;;;OR21;OR1;OR21;CST;MCO;OK;04/09/2008;04/09/2008;C;OPT;C;TR;RF19;48;22;26;4;;4;88,3496;;;04/09/2008;;;;
4605878;TERRITOIRE;IRS - 48FO - 9 RUE PIERRE GEYSER/13 RUE PIERRE GEYSER;;;SFR_COLL;DSP_MAJ_IRISE;;;OR21;OR1;OR21;CST;MCO;OK;27/11/2006;27/11/2006;C;OPT;C;TR;RF19;48;33;15;4;;4;186,8610;;;27/11/2006;;;;
10870103;HORS TERRITOIRE;IRS - 72 FO - BI POP CEGID 12 BD DE L'OISE / ANGLE RUE LA POSTE_BD DE L'OISE;;;SFR_COLL;DSP_MAJ_IRISE;;;OR21;OR1;OR21;CST;MCO;OK;16/04/2013;16/04/2013;C;OPT;C;TR;RF28;72;71;1;6;;4;152,3631;;;16/04/2013;;;;
4633362;TERRITOIRE;IRS - DE GAULLE_ FRANCE LIBRE/AV COMPAGNONS_QUAI CROISETTE (CRETEIL);;;SFR_COLL;DSP_MAJ_IRISE;;;OR21;OR1;OR21;CST;MCO;OK;23/09/2009;23/09/2009;C;OPT;C;TR;RF19;48;22;26;4;;4;542,1811;;;23/09/2009;;;;
15491556;TERRITOIRE;IRISE - 24FO - RUE DE ROMAINVILLE / POP SPORTS LES LILAS - AA;;;SFR_COLL;DSP_MAJ_IRISE;;;OR21;OR1;OR21;CST;MCO;OK;05/08/2019;05/08/2019;C;OPT;C;DI;RF29;24;18;6;4;;5;218,2278;;;05/08/2019;;;;
4613275;TERRITOIRE;IRS - 48FO - MONMOUSSEAU_MOULIN NEUF/RUE MONMOUSSEAU;;;SFR_COLL;DSP_MAJ_IRISE;;;OR21;OR1;OR21;CST;MCO;OK;24/10/2007;24/10/2007;C;OPT;C;TR;RF19;48;46;2;4;;4;198,8927;;;24/10/2007;;;;
4613653;TERRITOIRE;IRS - 72FO - 228 AV 8 MAI 1945/IRS - 115 AVENUE DE LA DIVISION LECLERC;;;SFR_COLL;DSP_MAJ_IRISE;;;OR21;OR1;OR21;CST;MCO;OK;07/09/2012;07/09/2012;C;OPT;C;TR;RF16;72;25;47;6;;4;2053,0156;;;07/09/2012;;;;
18296690;TERRITOIRE;IRS - 36 FO - FT 806 - 170 AVENUE PIERRE BROSSOLETTE / FT 250 - 115-105 AVENUE PIERRE BROSSOLETTE LE PERREUX SUR MARNE;;;SFR_COLL;DSP_MAJ_IRISE;;;OR21;OR1;OR21;CST;MCO;OK;07/05/2020;07/05/2020;C;OPT;C;TR;RF26;36;36;0;3;;4;424,0689;;;07/05/2020;;;;
4601701;TERRITOIRE;IRS - 24FO - ADD1 APHP VERDIER (AA);;;SFR_COLL;DSP_MAJ_IRISE;;;OR21;OR1;OR21;CST;MCO;OK;28/05/2004;28/05/2004;C;OPT;C;DI;RF15;24;20;4;4;;4;69,9408;;;28/05/2004;;;;
4603786;TERRITOIRE;IRS - SQUARE VERDUN/169 G PERI;;;SFR_COLL;DSP_MAJ_IRISE;;;OR21;OR1;OR21;CST;MCO;OK;01/01/2002;01/01/2002;C;OPT;C;LH;RF56;144;39;105;12;;4;628,9933;;;01/01/2002;;;;
4614639;TERRITOIRE;IRS-ALLE SISLEY/PONT DE LEVALLOIS-ANATOLE FRANCE;;;SFR_COLL;DSP_MAJ_IRISE;;;OR21;OR1;OR21;CST;MCO;OK;26/03/2007;26/03/2007;C;OPT;C;TR;RF16;72;70;2;6;;4;618,2727;;;26/03/2007;;;;
4602493;TERRITOIRE;IRS - MAIRIE DE GENNEVILLIERS/154 G. PERI - ADD;;;SFR_COLL;DSP_MAJ_IRISE;;;OR21;OR1;OR21;CST;MCO;OK;30/01/2001;30/01/2001;C;OPT;C;TR;RF42;36;28;8;6;;4;7,7153;;;30/01/2001;;;;
4614927;HORS TERRITOIRE;IRS - 72FO - AVEN-BEGUINES/BD DE LA PAIX-AV DES GENOTTES;;;SFR_COLL;DSP_MAJ_IRISE;;;OR21;OR1;OR21;CST;MCO;OK;19/04/2010;19/04/2010;C;OPT;C;TR;RF16;72;12;60;6;;4;278,7423;;;19/04/2010;;;;
4614428;HORS TERRITOIRE;IRS - CH N-1 POP SANEF NOISY/LT NOISY SANEF;;;SFR_COLL;DSP_MAJ_IRISE;;;OR21;OR1;OR21;CST;MCO;OK;08/08/2007;08/08/2007;C;OPT;C;TR;RF16;72;60;12;6;;4;75,8397;;;08/08/2007;;;;
4631765;TERRITOIRE;IRS - 60 CAMILLE DESMOULINS/ NORD CAMILLE DESMOULINS;;;SFR_COLL;DSP_MAJ_IRISE;;;OR21;OR1;OR21;CST;MCO;OK;30/11/2009;30/11/2009;C;OPT;C;TR;RF16;72;24;48;6;;4;437,3882;;;30/11/2009;;;;
4596870;TERRITOIRE;IRS - GALLERIE DE GAULLE/87 AV ARISTIDE BRIAND MONTROUGE;;;SFR_COLL;DSP_MAJ_IRISE;;;OR21;OR1;OR21;CST;MCO;OK;07/07/2005;07/07/2005;C;OPT;C;TR;RF19;48;8;40;4;;4;578,8674;;;07/07/2005;;;;
8951698;TERRITOIRE;144FO - IRS - 79 AV ROBINSON / ANGLE RUE DES SEAUX_AVENUE DE LA RESISTANCE;;;SFR_COLL;DSP_MAJ_IRISE;;;OR21;OR1;OR21;CST;MCO;OK;28/01/2015;28/01/2015;C;OPT;C;LH;RF35;144;143;1;12;;4;412,5036;;;28/01/2015;;;;
4605790;TERRITOIRE;(NE PLUS UTILISER)IRS - 12FO VERS POP CEGETEL VEOLIA;;;SFR_COLL;DSP_MAJ_IRISE;;;OR21;OR1;OR21;CST;MCO;OK;10/02/2004;10/02/2004;C;OPT;C;DI;RF63;12;6;6;1;;101;11,3137;;;10/02/2004;;;;
4619844;TERRITOIRE;IRS - 48 FO - 35 RUE LAURIAU/N-1 CAP HORN;;;SFR_COLL;DSP_MAJ_IRISE;;;OR21;OR1;OR21;CST;MCO;OK;22/07/2010;22/07/2010;C;OPT;C;TR;RF19;48;43;5;4;;4;85,4874;;;22/07/2010;;;;
8142674;TERRITOIRE;IRS - 144FO - LD - ANGLE PLACE DU CAPITAINE GLAMER_RUE DES DOCKS/ANGLE BATELIERS_HUGO;;;SFR_COLL;DSP_MAJ_IRISE;;;OR21;OR1;OR21;CST;MCO;OK;06/05/2014;06/05/2014;C;OPT;C;LH;RF22;144;143;1;12;;4;437,2220;;;06/05/2014;;;;
23266338;TERRITOIRE;36 FO - IRS - FT 2738 - 17 RUE DE GARCHES / IRS - 74 AVENUE FRANKLIN ROOSEVELT;;;SFR_COLL;DSP_MAJ_IRISE;;;OR21;OR1;OR21;CST;MCO;OK;23/04/2021;23/04/2021;C;OPT;C;TR;RF50;36;36;0;3;;4;828,5587;;;23/04/2021;;;;
4598929;TERRITOIRE;IRS - SALENGRO/POP EPITA VOLTAIRE;;;SFR_COLL;DSP_MAJ_IRISE;;;OR21;OR1;OR21;CST;MCO;OK;02/05/2003;02/05/2003;C;OPT;C;DI;RF99;12;6;6;1;;198;182,6813;;;02/05/2003;;;;
43805217;HORS TERRITOIRE;IRS - 144 FO - N-1 URA RUEIL/13 BOULEVARD DU MARECHAL FOCH;;;SFR_COLL;DSP_MAJ_IRISE;;;OR21;OR1;OR21;CST;MCO;OK;16/07/2013;16/07/2013;C;OPT;C;LH;RF22;144;142;2;12;;4;151,9017;;;16/07/2013;;;;
4621160;TERRITOIRE;IRS - 24FO - N-1/MAIRIE DE ST MANDE - AA;;;SFR_COLL;DSP_MAJ_IRISE;;;OR21;OR1;OR21;CST;MCO;OK;21/01/2010;21/01/2010;C;OPT;C;DI;RF15;24;24;0;4;;4;40,9284;;;21/01/2010;;;;
7164564;TERRITOIRE;IRS - 72FO - RUE LAUTREMONT/RUE MARCEL CACHIN;;;SFR_COLL;DSP_MAJ_IRISE;;;OR21;OR1;OR21;CST;MCO;OK;31/07/2013;31/07/2013;C;OPT;C;TR;RF28;72;60;12;6;;4;354,0998;;;31/07/2013;;;;
4596977;TERRITOIRE;IRS - 48FO - CAMILLE DESMOULINS/N-1 CAA CACHAN;;;SFR_COLL;DSP_MAJ_IRISE;;;OR21;OR1;OR21;CST;MCO;OK;30/01/2001;30/01/2001;C;OPT;C;TR;RF19;48;9;39;4;;4;1140,0120;;;30/01/2001;;;;
18384354;TERRITOIRE;IRS - 36 FO - 2 AVENUE DE PARIS - BPE 9C / IRS - FT 2763 - 23 RUE DU REFUGE;;;SFR_COLL;DSP_MAJ_IRISE;;;OR21;OR1;OR21;CST;MCO;OK;15/05/2020;15/05/2020;C;OPT;C;TR;RF50;36;36;0;3;;4;1552,8023;;;15/05/2020;;;;
4611425;TERRITOIRE;IRS-BD JULES GUESDES-TCT PK 760/BD CARNOT ST DENIS;;;SFR_COLL;DSP_MAJ_IRISE;;;OR21;OR1;OR21;CST;MCO;OK;20/07/2006;20/07/2006;C;OPT;C;TR;RF16;72;54;18;6;;4;249,5943;;;20/07/2006;;;;
4632771;TERRITOIRE;IRS - 48FO - N-1 CAA LA PLAINE / BOULEVARD JULES GUESDE (SAINT DENIS);;;SFR_COLL;DSP_MAJ_IRISE;;;OR21;OR1;OR21;CST;MCO;OK;23/11/2009;23/11/2009;C;OPT;C;TR;RF19;48;42;6;4;;4;292,2995;;;23/11/2009;;;;
4604823;TERRITOIRE;IRS - 48FO - 4 RUE COLBERT/LIVRAISON UPC COLOMBES;;;SFR_COLL;DSP_MAJ_IRISE;;;OR21;OR1;OR21;CST;MCO;OK;06/02/2003;06/02/2003;C;OPT;C;TR;RF12;48;11;37;6;;5;1680,0939;;;06/02/2003;;;;
40394671;TERRITOIRE;IRS - 72 FO - FT 929 - 115 AVENUE HENRI BARBUSSE / N-1 LES PAVILLONS SOUS BOIS;;;SFR_COLL;DSP_MAJ_IRISE;;;OR21;OR1;OR21;CST;MCO;OK;10/05/2021;10/05/2021;C;OPT;C;TR;RF28;72;70;2;6;;4;2198,9789;;;10/05/2021;;;;
4599172;TERRITOIRE;IRS - CH12/ARAGO CURIE (CA-FR-000421Z1-IRIS-144);;;SFR_COLL;DSP_MAJ_IRISE;;;OR21;OR1;OR21;CST;MCO;OK;30/01/2001;30/01/2001;C;OPT;C;LH;RF74;144;28;116;12;;100;384,0485;;;30/01/2001;;;;
4605488;TERRITOIRE;IRS - 12FO - POP SANOFI ANTONY/AV DE LA RESIDENCE ANTONY;;;SFR_COLL;DSP_MAJ_IRISE;;;OR21;OR1;OR21;CST;MCO;OK;01/03/2006;01/03/2006;C;OPT;C;DI;RF14;12;10;2;2;;4;215,4534;;;01/03/2006;;;;
7177826;HORS TERRITOIRE;IRS - 144 FO - N-1 POP VINCI ENERGIES / AV GROS CHENE/ROSA LUXEMBOURG;;;SFR_COLL;DSP_MAJ_IRISE;;;OR21;OR1;OR21;CST;MCO;OK;05/08/2013;05/08/2013;C;OPT;C;LH;RF22;144;142;2;12;;4;201,2010;;;05/08/2013;;;;
27430545;TERRITOIRE;12 FO - IRS - FT 2713 RUE DANIEL RENOULT BPE 1 / POP ELEMENTAIRE DANIEL RENOULT MONTREUIL;;;SFR_COLL;DSP_MAJ_IRISE;;;OR21;OR1;OR21;CST;MCO;OK;21/11/2021;21/11/2021;C;OPT;C;DI;RF27;12;8;4;2;;5;70,7378;;;21/11/2021;;;;
23159138;TERRITOIRE;IRS - 24FO - FT913 - 31 BOULEVARD CHANZY / BI SMRVA;;;SFR_COLL;DSP_MAJ_IRISE;;;OR21;OR1;OR21;CST;MCO;OK;15/04/2021;15/04/2021;C;OPT;C;DI;RF29;24;22;2;4;;5;522,7236;;;15/04/2021;;;;
37112104;HORS TERRITOIRE;IRS - 34 RUE HENRI BERGSON/POP IUT DE SARCELLES - AB;;;SFR_COLL;DSP_MAJ_IRISE;;;OR21;OR1;OR21;CST;MCO;OK;07/03/2023;07/03/2023;C;OPT;C;TR;RF139;36;35;1;6;;5;55,2249;;;07/03/2023;;;;
8433877;TERRITOIRE;144 FO - IRS - 92 AV DE L'AERODROME / 19 AV DE L'AERODROME;;;SFR_COLL;DSP_MAJ_IRISE;;;OR21;OR1;OR21;CST;MCO;OK;24/07/2014;24/07/2014;C;OPT;C;LH;RF22;144;140;4;12;;4;459,9050;;;24/07/2014;;;;
4641843;HORS TERRITOIRE;IRS - 24 FO - POP WIKA INSTRUMENT ERAGNY/N-1 WIKA INSTRUMENT -AA;;;SFR_COLL;DSP_MAJ_IRISE;;;OR21;OR1;OR21;CST;MCO;OK;17/04/2012;17/04/2012;C;OPT;C;DI;RF15;24;22;2;4;;4;191,1990;;;17/04/2012;;;;
4608590;TERRITOIRE;IRS - 12FO - RUE DU SCORPION/SYDNEY 3;;;SFR_COLL;DSP_MAJ_IRISE;;;OR21;OR1;OR21;CST;MCO;OK;16/01/2006;16/01/2006;C;OPT;C;DI;RF14;12;8;4;2;;4;87,7704;;;16/01/2006;;;;
11010726;TERRITOIRE;IRS - 144FO - BI POP FTTS STAINS (MAIRIE) / IRS - 19 Avenue Louis Bordes (STAINS);;;SFR_COLL;DSP_MAJ_IRISE;;;OR21;OR1;OR21;CST;MCO;OK;02/07/2013;02/07/2013;C;OPT;C;LH;RF22;144;140;4;12;;4;56,2348;;;02/07/2013;;;;
4608378;TERRITOIRE;IRS - 72FO - 52 RUE ALBERT THOMAS/17 RUE ALBERT THOMAS;;;SFR_COLL;DSP_MAJ_IRISE;;;OR21;OR1;OR21;CST;MCO;OK;09/12/2004;09/12/2004;C;OPT;C;TR;RF16;72;62;10;6;;4;182,6257;;;09/12/2004;;;;
5873491;HORS TERRITOIRE;IRS - 72FO - LD - AV. BELLE HEAUMIERE/IRS - AV. L EMBELLIE;;;SFR_COLL;DSP_MAJ_IRISE;;;OR21;OR1;OR21;CST;MCO;OK;13/03/2013;13/03/2013;C;OPT;C;TR;RF28;72;30;42;6;;4;728,8951;;;13/03/2013;;;;
4637955;TERRITOIRE;IRS - 24FO POP ECOLE DE LA PEPINIERE / 4 PLACE DU PARC;;;SFR_COLL;DSP_MAJ_IRISE;;;OR21;OR1;OR21;CST;MCO;OK;02/12/2011;02/12/2011;C;OPT;C;DI;RF15;24;22;2;4;;4;249,2697;;;02/12/2011;;;;
28924257;TERRITOIRE;IRS - 12 FO - PRC_CAM 91_92_70_71 / PRC_CAM_93_96;;;SFR_COLL;DSP_MAJ_IRISE;;;OR21;OR1;OR21;CST;MCO;OK;12/01/2022;12/01/2022;C;OPT;C;DI;RF27;12;11;1;2;;5;92,5752;;;12/01/2022;;;;
4636021;TERRITOIRE;IRS - 72FO - RUE DE STALINGRAD / PARC DES ANCIENNES MAIRIES;;;SFR_COLL;DSP_MAJ_IRISE;;;OR21;OR1;OR21;CST;MCO;OK;26/04/2010;26/04/2010;C;OPT;C;TR;RF16;72;70;2;6;;4;373,9722;;;26/04/2010;;;;
14006459;TERRITOIRE;IRS - 9 RUE DE PARIS / POP SALLE EMILIE PIERREFITTE SUR SEINE - AA;;;SFR_COLL;DSP_MAJ_IRISE;;;OR21;OR1;OR21;CST;MCO;OK;17/01/2019;17/01/2019;C;OPT;C;DI;RF57;12;10;2;1;;4;78,9053;;;17/01/2019;;;;
4603447;HORS TERRITOIRE;IRS - 48FO - VOLTAIRE/ VERS N-1 URA HOUILLES;;;SFR_COLL;DSP_MAJ_IRISE;;;OR21;OR1;OR21;CST;MCO;OK;15/05/2004;15/05/2004;C;OPT;C;TR;RF19;48;32;16;4;;4;802,6320;;;15/05/2004;;;;
5549331;HORS TERRITOIRE;IRS - BAG 48 FO - LD - XCO - IRS - RUE CLAREL / DEBITEX - 16 RUE CLARET;;;SFR_COLL;DSP_MAJ_IRISE;;;OR21;OR1;OR21;CST;MCO;OK;25/01/2013;25/01/2013;C;OPT;C;TR;RF60;48;46;2;8;;4;122,2278;;;25/01/2013;;;;
22173233;TERRITOIRE;IRS - 12FO - FT267 - AVENUE KARL MARX / POP HALLE DES SPORTS COLETTE BESSON VILLEJUIF - AA;;;SFR_COLL;DSP_MAJ_IRISE;;;OR21;OR1;OR21;CST;MCO;OK;05/02/2021;05/02/2021;C;OPT;C;DI;RF27;12;10;2;2;;5;120,4869;;;05/02/2021;;;;
23569062;TERRITOIRE;IRS - 72 FO - FT 1127 - 19 RUE DES GRAVIERS / FT 316 - 50 AVENUE SAINTE FOY;;;SFR_COLL;DSP_MAJ_IRISE;;;OR21;OR1;OR21;CST;MCO;OK;11/05/2021;11/05/2021;C;OPT;C;TR;RF28;72;72;0;6;;4;1209,2090;;;11/05/2021;;;;
21625713;TERRITOIRE;IRS - 72FO - RUE GUSTAVE EFFEIL BPE 1/BPE 2;;;SFR_COLL;DSP_MAJ_IRISE;;;OR21;OR1;OR21;CST;MCO;OK;03/08/2009;03/08/2009;C;OPT;C;TR;RF16;72;56;16;6;;4;43,6976;;;03/08/2009;;;;
16714593;TERRITOIRE;IRS - 36 FO -IRS - 79 AVENUE DU MARECHAL DE LATTRE DE TASSIGNY / FT 854 - 6 RUE DU GENERAL KOENING;;;SFR_COLL;DSP_MAJ_IRISE;;;OR21;OR1;OR21;CST;MCO;OK;07/12/2019;07/12/2019;C;OPT;C;TR;RF50;36;36;0;3;;4;951,1814;;;07/12/2019;;;;
7609217;TERRITOIRE;IRS - 36FO - POP MEDIATHEQUE DE VILLEJUIF / IRS - FT 426 - N-1 POP MEDIATHEQUE DE VILLEJUIF - AA;;;SFR_COLL;DSP_MAJ_IRISE;;;OR21;OR1;OR21;CST;MCO;OK;12/12/2013;12/12/2013;C;OPT;C;TR;RF26;36;30;6;6;;4;53,1151;;;12/12/2013;;;;
4631284;TERRITOIRE;IRS 12FO - POP MAIRIE ST-MAURICE/122-124  RUE DU MARECHAL LECLERC;;;SFR_COLL;DSP_MAJ_IRISE;;;OR21;OR1;OR21;CST;MCO;OK;15/09/2009;15/09/2009;C;OPT;C;DI;RF14;12;9;3;2;;4;1220,7036;;;15/09/2009;;;;
4635534;TERRITOIRE;IRS - 72FO - BI COLLEGE VICTOR HUGO/16 RUE DEMENITROUX;;;SFR_COLL;DSP_MAJ_IRISE;;;OR21;OR1;OR21;CST;MCO;OK;22/02/2011;22/02/2011;C;OPT;C;TR;RF16;72;68;4;6;;4;1110,5766;;;22/02/2011;;;;
4603526;TERRITOIRE;IRS - 48FO - J RICHARD/LA MONTAGNE MONUMENT;;;SFR_COLL;DSP_MAJ_IRISE;;;OR21;OR1;OR21;CST;MCO;OK;03/06/2004;03/06/2004;C;OPT;C;TR;RF19;48;31;17;4;;4;319,2590;;;03/06/2004;;;;
4631568;TERRITOIRE;IRS - 24FO BI/POP RESI_ETUD_P&M_CURIE (E01);;;SFR_COLL;DSP_MAJ_IRISE;;;OR21;OR1;OR21;CST;MCO;OK;23/07/2009;23/07/2009;C;OPT;C;DI;RF15;24;20;4;4;;4;7,5130;;;23/07/2009;;;;
4606493;TERRITOIRE;IRS - 72FO - LECLERC SEVRES (BOULOGNE-BILLANCOURT) - BPE 1 / PONT DE ST CLOUD - BPE 1;;;SFR_COLL;DSP_MAJ_IRISE;;;OR21;OR1;OR21;CST;MCO;OK;07/02/2005;07/02/2005;C;OPT;C;TR;RF28;72;20;52;6;;4;2288,9993;;;07/02/2005;;;;
27533541;TERRITOIRE;IRS - 24FO - FT 143 - D60 - (BONEUIL SUR MARNE) / IRS FT 167 - 303 MAIL DE LA RESISTANCE (BONEUIL SUR MARNE);;;SFR_COLL;DSP_MAJ_IRISE;;;OR21;OR1;OR21;CST;MCO;OK;23/11/2021;23/11/2021;C;OPT;C;DI;RF29;24;22;2;4;;5;402,3906;;;23/11/2021;;;;
41893866;TERRITOIRE;IRS - 12 FO - ALLEE DES MESSAGERIES / 49 AVENUE DE L'EUROPE;;;SFR_COLL;DSP_MAJ_IRISE;;;OR21;OR1;OR21;CST;MCO;OK;23/11/2023;23/11/2023;C;OPT;C;DI;RF27;12;11;1;2;;5;1019,6196;;;23/11/2023;;;;
7742962;TERRITOIRE;IRS - 144FO - LD - 55 AV ARISTIDE BRIAND / FT112 23-25 AV ARISTIDE BRIAND;;;SFR_COLL;DSP_MAJ_IRISE;;;OR21;OR1;OR21;CST;MCO;OK;23/01/2014;23/01/2014;C;OPT;C;LH;RF22;144;143;1;12;;4;207,9220;;;23/01/2014;;;;
4613096;HORS TERRITOIRE;IRS - 12FO - RUE DU CHEMIN DE FER (CHILLY)/SANOFI CHILLY;;;SFR_COLL;DSP_MAJ_IRISE;;;OR21;OR1;OR21;CST;MCO;OK;15/05/2006;15/05/2006;C;OPT;C;DI;RF14;12;10;2;2;;4;188,7353;;;15/05/2006;;;;
38227939;TERRITOIRE;IRS - 12FO - CH SAT SECURISEE CAM15_FT43 / POP CAM15 - AA;;;SFR_COLL;DSP_MAJ_IRISE;;;OR21;OR1;OR21;CST;MCO;OK;10/05/2023;10/05/2023;C;OPT;C;DI;RF130;12;10;2;1;;5;23,3931;;;10/05/2023;;;;
4607258;TERRITOIRE;IRS - PARKING RUE DE PARIS/OPHLM;;;SFR_COLL;DSP_MAJ_IRISE;;;OR21;OR1;OR21;CST;MCO;OK;21/03/2005;21/03/2005;C;OPT;C;DI;RF14;12;4;8;2;;4;17,2049;;;21/03/2005;;;;
7035409;TERRITOIRE;IRS - 144FO - AV DE VERSAILLES / FT 664 - IRS - AV DE VERSAILLES;;;SFR_COLL;DSP_MAJ_IRISE;;;OR21;OR1;OR21;CST;MCO;OK;15/07/2013;15/07/2013;C;OPT;C;LH;RF22;144;140;4;12;;4;270,9203;;;15/07/2013;;;;
4632111;TERRITOIRE;IRS - 144FO LES_BOSQUETS (D98)/PISCINE_KARL_MARX (D99);;;SFR_COLL;DSP_MAJ_IRISE;;;OR21;OR1;OR21;CST;MCO;OK;17/07/2009;17/07/2009;C;OPT;C;LH;RF40;144;140;4;12;;4;797,8121;;;17/07/2009;;;;
4637393;TERRITOIRE;IRS - PAVE BLANC/REAUMUR-DE GAULLE;;;SFR_COLL;DSP_MAJ_IRISE;;;OR21;OR1;OR21;CST;MCO;OK;30/11/2010;30/11/2010;C;OPT;C;TR;RF16;72;51;21;6;;4;53,8028;;;30/11/2010;;;;
11655155;TERRITOIRE;IRS - BPE1 ESSEN/BPE 3 ESSEN;;;SFR_COLL;DSP_MAJ_IRISE;;;OR21;OR1;OR21;CST;MCO;OK;28/07/2017;28/07/2017;C;OPT;C;TR;RF47;48;40;8;4;;4;0,9541;;;28/07/2017;;;;
4628755;TERRITOIRE;IRS - 72FO - PLACE JEAN JAURES/RUE PELLETAN;;;SFR_COLL;DSP_MAJ_IRISE;;;OR21;OR1;OR21;CST;MCO;OK;17/11/2008;17/11/2008;C;OPT;C;TR;RF16;72;70;2;6;;4;117,3910;;;17/11/2008;;;;
4622725;TERRITOIRE;IRS - 24FO - SOLETS/MONTREAL - AA;;;SFR_COLL;DSP_MAJ_IRISE;;;OR21;OR1;OR21;CST;MCO;OK;01/02/2010;01/02/2010;C;OPT;C;DI;RF24;24;22;2;2;;4;183,1360;;;01/02/2010;;;;
4604401;TERRITOIRE;IRS - RUE DU 11 NOVEMBRE/LIEUTENANT BATANI;;;SFR_COLL;DSP_MAJ_IRISE;;;OR21;OR1;OR21;CST;MCO;OK;03/07/2004;03/07/2004;C;OPT;C;TR;RF23;72;26;46;6;;145;2576,8839;;;03/07/2004;;;;
4606836;TERRITOIRE;IRS - BAT JEUNESSE ET SPORT/MATERNELLE MAURICE ARNOUX MONTROUGE;;;SFR_COLL;DSP_MAJ_IRISE;;;OR21;OR1;OR21;CST;MCO;OK;17/11/2005;17/11/2005;C;OPT;C;DI;RF14;12;10;2;2;;4;80,6534;;;17/11/2005;;;;
4594317;TERRITOIRE;IRS - 72FO - BRIAND_OHRESSER CHAMPIGNY/ADAMOV REPUBLIQUE;;;SFR_COLL;DSP_MAJ_IRISE;;;OR21;OR1;OR21;CST;MCO;OK;30/01/2001;30/01/2001;C;OPT;C;TR;RF16;72;16;56;6;;4;676,3869;;;30/01/2001;;;;
4610013;TERRITOIRE;IRS - 48FO - 33 RUE DES PEUPLIERS/IRS - 61 R ENFANTS DU PARADIS;;;SFR_COLL;DSP_MAJ_IRISE;;;OR21;OR1;OR21;CST;MCO;OK;21/10/2004;21/10/2004;C;OPT;C;TR;RF19;48;48;0;4;;4;112,7346;;;21/10/2004;;;;
4610651;TERRITOIRE;IRS- 43 RUE RAYMOND DU TEMPLE/MAISON DES ASSOCIATIONS VINCENNES;;;SFR_COLL;DSP_MAJ_IRISE;;;OR21;OR1;OR21;CST;MCO;OK;31/10/2006;31/10/2006;C;OPT;C;DI;RF14;12;4;8;2;;4;11,8790;;;31/10/2006;;;;
4605471;TERRITOIRE;- IRS - 144FO - FOURREAUX POUR XCO LD (RUE FINOT-POULBOT D600 / B601);;;SFR_COLL;DSP_MAJ_IRISE;;;OR21;OR1;OR21;CST;MCO;OK;28/09/2003;28/09/2003;C;OPT;C;LH;RF56;144;95;49;12;;4;964,3476;;;28/09/2003;;;;
4633468;HORS TERRITOIRE;IRS- 48 FO -  RD40 ZAC DE VILLEPINTE/DEBITEX- AV. DE LA PLAINE STADE DE FRANCE;;;SFR_COLL;DSP_MAJ_IRISE;;;OR21;OR1;OR21;CST;MCO;OK;22/12/2011;22/12/2011;C;OPT;C;TR;RF19;48;44;4;4;;4;345,9161;;;22/12/2011;;;;
4602995;HORS TERRITOIRE;IRS - 144FO - PIERRE MENDES FRANCE/BLAISE PASCAL;;;SFR_COLL;DSP_MAJ_IRISE;;;OR21;OR1;OR21;CST;MCO;OK;15/07/2004;15/07/2004;C;OPT;C;LH;RF74;144;75;69;12;;100;1784,2378;;;15/07/2004;;;;
7204418;TERRITOIRE;IRS - 36FO - 15 AV PRESIDENT WILSON (JOINVILLE LE PONT)/POP FTTS WILSON (JOINVILLE LE PONT);;;SFR_COLL;DSP_MAJ_IRISE;;;OR21;OR1;OR21;CST;MCO;OK;14/08/2013;14/08/2013;C;OPT;C;TR;RF26;36;32;4;6;;4;5,7162;;;14/08/2013;;;;
4601972;TERRITOIRE;IRS - DE GAULLE/ADD2 HENRI MONDOR;;;SFR_COLL;DSP_MAJ_IRISE;;;OR21;OR1;OR21;CST;MCO;OK;15/05/2004;15/05/2004;C;OPT;C;DI;RF15;24;12;12;4;;4;47,1679;;;15/05/2004;;;;
4635225;TERRITOIRE;IRS - 48FO - BI BAT N?149 SOUS-SOL MINDEF DGA ARCEUIL/POP MINDEF DGA ARCEUIL BAT N?148;;;SFR_COLL;DSP_MAJ_IRISE;;;OR21;OR1;OR21;CST;MCO;OK;26/01/2011;26/01/2011;C;OPT;C;TR;RF19;48;48;0;4;;4;18,2485;;;26/01/2011;;;;
36852897;HORS TERRITOIRE;IRIS - 12 FO - FT 691 - AVENUE DES BELLESVUES / POP AFT SERVICES ST OUEN L AUMONE;;;SFR_COLL;DSP_MAJ_IRISE;;;OR21;OR1;OR21;CST;MCO;OK;21/02/2023;21/02/2023;C;OPT;C;DI;RF27;12;11;1;2;;5;235,1498;;;21/02/2023;;;;
22466978;TERRITOIRE;IRS - 24FO - FT1764 - 39 BD PAUL VAILLANT COUTURIER / FT2097 - 2 RUE CLAUDE BERNARD;;;SFR_COLL;DSP_MAJ_IRISE;;;OR21;OR1;OR21;CST;MCO;OK;26/02/2021;26/02/2021;C;OPT;C;DI;RF29;24;22;2;4;;5;118,9827;;;26/02/2021;;;;
36746979;TERRITOIRE;IRS - 12FO - FT256 -  CH SAT SECURISEE CAM52 / POP CAM52 LES PAVILLONS SOUS BOIS - AA;;;SFR_COLL;DSP_MAJ_IRISE;;;OR21;OR1;OR21;CST;MCO;OK;15/02/2023;15/02/2023;C;OPT;C;DI;RF27;12;10;2;2;;5;8,7350;;;15/02/2023;;;;
4606368;TERRITOIRE;IRS - 12 FO - BI/POP MAIRIE VILLEJUIF - AA;;;SFR_COLL;DSP_MAJ_IRISE;;;OR21;OR1;OR21;CST;MCO;OK;06/07/2012;06/07/2012;C;OPT;C;DI;RF73;12;8;4;6;;5;21,1740;;;06/07/2012;;;;
4897828;TERRITOIRE;IRS - BAG 144 FO - BPE1/BPE2 IRS- 81 RUE DE FONTENAY (VINCENNES);;;SFR_COLL;DSP_MAJ_IRISE;;;OR21;OR1;OR21;CST;MCO;OK;29/10/2012;29/10/2012;C;OPT;C;LH;RF22;144;141;3;12;;4;4,1393;;;29/10/2012;;;;
4608636;TERRITOIRE;IRS - 12 FO - RUE LEON BLUM/CNAV ROSNY;;;SFR_COLL;DSP_MAJ_IRISE;;;OR21;OR1;OR21;CST;MCO;OK;20/05/2005;20/05/2005;C;OPT;C;DI;RF14;12;12;0;2;;4;29,9668;;;20/05/2005;;;;
4628030;TERRITOIRE;IRS - 144FO - N-1 RPA / RUE CACHIN;;;SFR_COLL;DSP_MAJ_IRISE;;;OR21;OR1;OR21;CST;MCO;OK;09/06/2008;09/06/2008;C;OPT;C;LH;RF40;144;140;4;12;;4;273,3011;;;09/06/2008;;;;
6365013;HORS TERRITOIRE;IRS - 144FO - PT3 AVENUE REDOUANE BOUGARA (PONTOISE) - BPE1 / PT2 AVENUE REDOUANE BOUGARA (PONTOISE);;;SFR_COLL;DSP_MAJ_IRISE;;;OR21;OR1;OR21;CST;MCO;OK;14/05/2013;14/05/2013;C;OPT;C;LH;RF22;144;141;3;12;;4;629,5582;;;14/05/2013;;;;
4607269;TERRITOIRE;IRS - 144FO - 38 RUE PAUL BERT/21 AV G LECLERC-2;;;SFR_COLL;DSP_MAJ_IRISE;;;OR21;OR1;OR21;CST;MCO;OK;20/03/2007;20/03/2007;C;OPT;C;LH;RF56;144;81;63;12;;4;386,1556;;;20/03/2007;;;;
8160913;TERRITOIRE;IRS - AP-HP - PHARMACIE CENTRALE DES HOPITAUX/LAVOISIER_GORS EFFONDRES - BA;;;SFR_COLL;DSP_MAJ_IRISE;;;OR21;OR1;OR21;CST;MCO;OK;13/05/2014;13/05/2014;C;OPT;C;TR;RF26;36;32;4;6;;4;165,1747;;;13/05/2014;;;;
7259812;HORS TERRITOIRE;IRS - 144FO - RUE MARCEL DASSAULT / ROUTE DE PARIS;;;SFR_COLL;DSP_MAJ_IRISE;;;OR21;OR1;OR21;CST;MCO;OK;04/09/2013;04/09/2013;C;OPT;C;LH;RF22;144;135;9;12;;4;1328,0580;;;04/09/2013;;;;
4630441;TERRITOIRE;IRS - 24FO - N-1/POP EDF BRIAND - AA;;;SFR_COLL;DSP_MAJ_IRISE;;;OR21;OR1;OR21;CST;MCO;OK;10/05/2011;10/05/2011;C;OPT;C;DI;RF15;24;23;1;4;;4;93,8009;;;10/05/2011;;;;
4629329;TERRITOIRE;IRS - 24FO - N-1 MEDIATHEQUE/POP MEDIATHEQUE SAINT OUEN - AA;;;SFR_COLL;DSP_MAJ_IRISE;;;OR21;OR1;OR21;CST;MCO;OK;02/07/2008;02/07/2008;C;OPT;C;DI;RF15;24;16;8;4;;4;20,1555;;;02/07/2008;;;;
10978635;TERRITOIRE;IRS - 36FO - BI 3 RUE HENRI ROL TANGUY/ANGLE RUE DES LONGS QUARTIERS;;;SFR_COLL;DSP_MAJ_IRISE;;;OR21;OR1;OR21;CST;MCO;OK;19/06/2013;19/06/2013;C;OPT;C;TR;RF26;36;35;1;6;;4;242,0469;;;19/06/2013;;;;
6337490;HORS TERRITOIRE;IRS - 144FO - N-1 POP FTTS OSNY ZAC (OSNY) / FT 1433 - PT1 ROUTE DE PARIS A DIEPPE (OSNY);;;SFR_COLL;DSP_MAJ_IRISE;;;OR21;OR1;OR21;CST;MCO;OK;07/05/2013;07/05/2013;C;OPT;C;LH;RF22;144;140;4;12;;4;492,7241;;;07/05/2013;;;;
4596649;TERRITOIRE;IRS - 24FO RUE DU VERSEAU/POP CEMEX - AA;;;SFR_COLL;DSP_MAJ_IRISE;;;OR21;OR1;OR21;CST;MCO;OK;05/08/2008;05/08/2008;C;OPT;C;DI;RF24;24;22;2;2;;4;86,2573;;;05/08/2008;;;;
10718177;HORS TERRITOIRE;IRS - 12 FO - FT 685 / POP CMP PONTOISE - AA;;;SFR_COLL;DSP_MAJ_IRISE;;;OR21;OR1;OR21;CST;MCO;OK;02/01/2017;02/01/2017;C;OPT;C;DI;RF27;12;11;1;2;;5;19,4555;;;02/01/2017;;;;
4625307;TERRITOIRE;IRS - 12FO - 30 ETIENNE MONTGOLFIER / PRC CAMERA 2 ROSNY;;;SFR_COLL;DSP_MAJ_IRISE;;;OR21;OR1;OR21;CST;MCO;OK;06/01/2009;06/01/2009;C;OPT;C;DI;RF38;12;10;2;1;;4;19,3075;;;06/01/2009;;;;
4631514;TERRITOIRE;IRS - 24FO BI/POP CHAUFFERIE_GS_DU_CENTRE (D14);;;SFR_COLL;DSP_MAJ_IRISE;;;OR21;OR1;OR21;CST;MCO;OK;27/07/2009;27/07/2009;C;OPT;C;DI;RF15;24;20;4;4;;4;24,6984;;;27/07/2009;;;;
4595391;TERRITOIRE;IRS - GARE DE PANTIN/CARNOT-LECLERC;;;SFR_COLL;DSP_MAJ_IRISE;;;OR21;OR1;OR21;CST;MCO;OK;26/06/2003;26/06/2003;C;OPT;C;LH;RF22;144;44;100;12;;4;338,5465;;;26/06/2003;;;;
4625964;HORS TERRITOIRE;IRS - ???? - AV MONTAIGNE/AV PAVE NEUF;;;SFR_COLL;DSP_MAJ_IRISE;;;OR21;OR1;OR21;CST;MCO;OK;27/03/2008;27/03/2008;C;OPT;C;LH;RF40;144;65;79;12;;4;1034,6027;;;27/03/2008;;;;
16550753;TERRITOIRE;IRS - 12FO - POP CRECHE HAUTES BRUYERES VILLEJUIF / BI SOUS SOL;;;SFR_COLL;DSP_MAJ_IRISE;;;OR21;OR1;OR21;CST;MCO;OK;19/09/2019;19/09/2019;C;OPT;C;DI;RF27;12;10;2;2;;5;20,8594;;;19/09/2019;;;;
4640136;TERRITOIRE;IRS - 48FO - N-1 CAA LA PLAINE (COLT)/CHAMBRE N-1 PLAINE;;;SFR_COLL;DSP_MAJ_IRISE;;;OR21;OR1;OR21;CST;MCO;OK;07/06/2012;07/06/2012;C;OPT;C;TR;RF19;48;28;20;4;;4;230,3313;;;07/06/2012;;;;
15468609;TERRITOIRE;IRISE - 24 FO - N-1 POP CIMETIERE / RUE DE LA PREVOYANCE;;;SFR_COLL;DSP_MAJ_IRISE;;;OR21;OR1;OR21;CST;MCO;OK;01/08/2019;01/08/2019;C;OPT;C;DI;RF29;24;6;18;4;;5;476,3715;;;01/08/2019;;;;
22872755;TERRITOIRE;IRS - NEW 12FO - BPI - POP BONNEUIL SUR MARNE POLICE MUNICIPALE / POP BONNEUIL SUR MARNE POLICE MUNICIPALE - AA;;;SFR_COLL;DSP_MAJ_IRISE;;;OR21;OR1;OR21;CST;MCO;OK;25/03/2021;25/03/2021;C;OPT;C;DI;RF27;12;8;4;2;;5;3,6350;;;25/03/2021;;;;
4614588;TERRITOIRE;IRS - 72FO - RFF - PK14377 VIROFLAY/VERS RUE DE NOAILLES;;;SFR_COLL;DSP_MAJ_IRISE;;;OR21;OR1;OR21;CST;MCO;OK;13/03/2007;13/03/2007;C;OPT;C;TR;RF23;72;49;23;6;;145;956,7409;;;13/03/2007;;;;
4629855;TERRITOIRE;IRS - 12FO - N-1 GROUPE SCOLAIRE PERRIER / PRC CAMERA VIDEO 6;;;SFR_COLL;DSP_MAJ_IRISE;;;OR21;OR1;OR21;CST;MCO;OK;06/01/2009;06/01/2009;C;OPT;C;DI;RF38;12;10;2;1;;4;20,5587;;;06/01/2009;;;;
19086436;TERRITOIRE;IRS - 12FO - FT5 - 9 AVENUE DE LA DIVISION LECLERC/POP PEPINIERE LA FABRIQUE CACHAN - AA;;;SFR_COLL;DSP_MAJ_IRISE;;;OR21;OR1;OR21;CST;MCO;OK;01/07/2020;01/07/2020;C;OPT;C;DI;RF27;12;10;2;2;;5;250,9005;;;01/07/2020;;;;
4627983;TERRITOIRE;IRS - 288FO CHAUFFERIE_LA_SAUSSAIE (A05)/LES_SORBIERS_BAT_B&A (EXX);;;SFR_COLL;DSP_MAJ_IRISE;;;OR21;OR1;OR21;CST;MCO;OK;16/07/2009;16/07/2009;C;OPT;C;LH;RF107;288;284;4;24;;180;958,5586;;;16/07/2009;;;;
4636365;HORS TERRITOIRE;IRS - 24FO - PARKING RUE VANESSES/BI POP HONEYWELL;;;SFR_COLL;DSP_MAJ_IRISE;;;OR21;OR1;OR21;CST;MCO;OK;30/09/2011;30/09/2011;C;OPT;C;DI;RF15;24;22;2;4;;4;108,3408;;;30/09/2011;;;;
22082023;TERRITOIRE;IRS - 12FO - FT349 - 3 RUE PAUL ELUARD / POP ELEMENTAIRES FRANCOISE HERITER ET VOLTAIRE MONTREUIL - AA;;;SFR_COLL;DSP_MAJ_IRISE;;;OR21;OR1;OR21;CST;MCO;OK;30/01/2021;30/01/2021;C;OPT;C;DI;RF27;12;8;4;2;;5;30,0956;;;30/01/2021;;;;
37158502;TERRITOIRE;IRIS - 36 FO - POP CAMERA C58 AUBERVILLIERS / POP HOTEL DE VILLE  D AUBERVILLIERS;;;SFR_COLL;DSP_MAJ_IRISE;;;OR21;OR1;OR21;CST;MCO;OK;09/03/2023;09/03/2023;C;OPT;C;TR;RF139;36;34;2;6;;5;1330,7148;;;09/03/2023;;;;
22364308;TERRITOIRE;IRS - 12FO - FT77 - 52 AVENUE CHARLES GIDE / POP PISCINE DU KREMLIN BICETRE - AA;;;SFR_COLL;DSP_MAJ_IRISE;;;OR21;OR1;OR21;CST;MCO;OK;19/02/2021;19/02/2021;C;OPT;C;DI;RF27;12;8;4;2;;5;167,5270;;;19/02/2021;;;;
24851633;TERRITOIRE;IRS - 12FO - FT2743 - RUE DES BLANES-VILAINS / POP ELEMENTAIRE ROMAIN ROLLAND MONTREUIL - AA;;;SFR_COLL;DSP_MAJ_IRISE;;;OR21;OR1;OR21;CST;MCO;OK;21/07/2021;21/07/2021;C;OPT;C;DI;RF27;12;8;4;2;;5;130,4737;;;21/07/2021;;;;
36626661;TERRITOIRE;12FO - FT2221 RUE SAINT GOBAIN / POP CAMERA C46 AUBERVILLIERS - AA;;;SFR_COLL;DSP_MAJ_IRISE;;;OR21;OR1;OR21;CST;MCO;OK;09/02/2023;09/02/2023;C;OPT;C;DI;RF27;12;10;2;2;;5;15,8805;;;09/02/2023;;;;
4601850;HORS TERRITOIRE;IRS - 96FO - MANCHON PK7500/MANCHON PK6700 TCT;;;SFR_COLL;DSP_MAJ_IRISE;;;OR21;OR1;OR21;CST;MCO;OK;19/04/2004;19/04/2004;C;OPT;C;LH;RF120;96;32;64;8;;5;742,6267;;;19/04/2004;;;;
36650672;TERRITOIRE;12 FO - BI SOUS SOL  CHAUFFERIE /FT 488 - 1 BD ANATOLE France;;;SFR_COLL;DSP_MAJ_IRISE;;;OR21;OR1;OR21;CST;MCO;OK;10/02/2023;10/02/2023;C;OPT;C;DI;RF27;12;10;2;2;;5;63,4540;;;10/02/2023;;;;
25545064;TERRITOIRE;IRS - FT506 - 21 AVENUE DE VERDUN (SCEAUX) - BPE 1/N-1 FT1062 - 30 RUE DU DOCTEUR ROUX (SCEAUX) - BPE 1;;;SFR_COLL;DSP_MAJ_IRISE;;;OR21;OR1;OR21;CST;MCO;OK;02/09/2021;02/09/2021;C;OPT;C;TR;RF20;48;46;2;8;;5;928,2105;;;02/09/2021;;;;
24877224;TERRITOIRE;IRS - 12FO - FT1539 - AV WALWEIN / POP MEDECINE PROFESSIONNELLE MONTREUIL - AA;;;SFR_COLL;DSP_MAJ_IRISE;;;OR21;OR1;OR21;CST;MCO;OK;23/07/2021;23/07/2021;C;OPT;C;DI;RF27;12;12;0;2;;5;30,9523;;;23/07/2021;;;;
36746978;TERRITOIRE;IRS - 12FO - CH SAT SECURISEE CAM18_FT813 / CH SAT SECURISEE CAM22_FT718;;;SFR_COLL;DSP_MAJ_IRISE;;;OR21;OR1;OR21;CST;MCO;OK;15/02/2023;15/02/2023;C;OPT;C;DI;RF27;12;10;2;2;;5;225,3723;;;15/02/2023;;;;
22634338;TERRITOIRE;IRS - 24 FO - FT2457 - 205 RUE DE ROSNY / FT 1983 - 127 RUE DE ROSNY;;;SFR_COLL;DSP_MAJ_IRISE;;;OR21;OR1;OR21;CST;MCO;OK;09/03/2021;09/03/2021;C;OPT;C;DI;RF29;24;22;2;4;;5;707,7012;;;09/03/2021;;;;
22081717;TERRITOIRE;IRS - 12FO - BPE FT 1239 / POP MAISON D'EMPLOI D'ANTONY;;;SFR_COLL;DSP_MAJ_IRISE;;;OR21;OR1;OR21;CST;MCO;OK;15/09/2020;15/09/2020;C;OPT;C;DI;RF27;12;10;2;2;;5;141,2212;;;15/09/2020;;;;
36862818;TERRITOIRE;IRIS - 12 FO - FT160 - CH SAT SECURISEE CAM36 / POP CAM36-LES PAVILLONS SOUS BOIS;;;SFR_COLL;DSP_MAJ_IRISE;;;OR21;OR1;OR21;CST;MCO;OK;22/02/2023;22/02/2023;C;OPT;C;DI;RF27;12;10;2;2;;5;8,8122;;;22/02/2023;;;;
22935137;TERRITOIRE;IRS - 24FO - FT841 - 32 RUE PARMENTIER / FT1010 - 50 AVENUE DE LA RESISTANCE;;;SFR_COLL;DSP_MAJ_IRISE;;;OR21;OR1;OR21;CST;MCO;OK;30/03/2021;30/03/2021;C;OPT;C;DI;RF29;24;22;2;4;;5;617,2969;;;30/03/2021;;;;
22624147;TERRITOIRE;IRS - 24FO - FT2157 - 179 BOULEVARD ARISTIDE BRIAND / FT2950 - 82 RUE EMILE BEAUFILS;;;SFR_COLL;DSP_MAJ_IRISE;;;OR21;OR1;OR21;CST;MCO;OK;09/03/2021;09/03/2021;C;OPT;C;DI;RF29;24;20;4;4;;5;672,3283;;;09/03/2021;;;;
36641700;TERRITOIRE;POP CAMERA 30 / CH SAT SECURISEE CAM30 FT_257;;;SFR_COLL;DSP_MAJ_IRISE;;;OR21;OR1;OR21;CST;MCO;OK;09/02/2023;09/02/2023;C;OPT;C;DI;RF27;12;10;2;2;;5;31,9840;;;09/02/2023;;;;
22815202;TERRITOIRE;IRS - 24FO - FT1185 - 41 RUE ERNEST SAVART / FT1229 - PLACE DU GENERAL DE GAULLE;;;SFR_COLL;DSP_MAJ_IRISE;;;OR21;OR1;OR21;CST;MCO;OK;22/03/2021;22/03/2021;C;OPT;C;DI;RF29;24;22;2;4;;5;346,7114;;;22/03/2021;;;;
22606835;TERRITOIRE;IRS - 12FO - FT2568 - 18 RUE JULES VERNE / POP ANTENNE JULES VERNES MONTREUIL - AA;;;SFR_COLL;DSP_MAJ_IRISE;;;OR21;OR1;OR21;CST;MCO;OK;08/03/2021;08/03/2021;C;OPT;C;DI;RF27;12;8;4;2;;5;37,9532;;;08/03/2021;;;;
22876276;TERRITOIRE;IRS - 12FO - FT842 - 56 RUE PARMENTIER / POP ELEMENTAIRE JULES FERRY 2 MONTREUIL - AA;;;SFR_COLL;DSP_MAJ_IRISE;;;OR21;OR1;OR21;CST;MCO;OK;25/03/2021;25/03/2021;C;OPT;C;DI;RF27;12;8;4;2;;5;27,2807;;;25/03/2021;;;;
36627300;TERRITOIRE;24 FO -  FT242 - 34 RUE DU LANDY / IRS 37 RUE GAETANT LAMY;;;SFR_COLL;DSP_MAJ_IRISE;;;OR21;OR1;OR21;CST;MCO;OK;09/02/2023;09/02/2023;C;OPT;C;DI;RF29;24;22;2;4;;5;430,4658;;;09/02/2023;;;;
29236900;TERRITOIRE;IRS - 12 FO - FT1543- 142B AV DE STALINGRAD VILLEJUIF/POP GROUPE SCOLAIRE LEBON VILLEJUIF - AA;;;SFR_COLL;DSP_MAJ_IRISE;;;OR21;OR1;OR21;CST;MCO;OK;28/01/2022;28/01/2022;C;OPT;C;DI;RF27;12;10;2;2;;5;171,2020;;;28/01/2022;;;;
35496097;TERRITOIRE;IRIS - 12FO - POP POLICE MUNICIPALE LES / POP CAMERA 02;;;SFR_COLL;DSP_MAJ_IRISE;;;OR21;OR1;OR21;CST;MCO;OK;08/12/2022;08/12/2022;C;OPT;C;DI;RF27;12;10;2;2;;5;217,6513;;;08/12/2022;;;;
36608421;TERRITOIRE;POP CAMERA50 / CH SAT SECURISEE CAM50_FT1016;;;SFR_COLL;DSP_MAJ_IRISE;;;OR21;OR1;OR21;CST;MCO;OK;08/02/2023;08/02/2023;C;OPT;C;DI;RF27;12;10;2;2;;5;10,0571;;;08/02/2023;;;;
22910502;HORS TERRITOIRE;IRS - 24FO - FT 430 - 23 RUE DU 11 NOVEMBRE 1918 / FT 748 - 12 AVENUE DE L ISLE;;;SFR_COLL;DSP_MAJ_IRISE;;;OR21;OR1;OR21;CST;MCO;OK;26/03/2021;26/03/2021;C;OPT;C;DI;RF29;24;20;4;4;;5;266,6916;;;26/03/2021;;;;
22841391;TERRITOIRE;IRS - 24FO - FT 426 - N-1 POP MEDIATHEQUE DE VILLEJUIF / FT 463 -  2 RUE EUGENE VARLIN;;;SFR_COLL;DSP_MAJ_IRISE;;;OR21;OR1;OR21;CST;MCO;OK;23/03/2021;23/03/2021;C;OPT;C;DI;RF29;24;22;2;4;;5;303,1408;;;23/03/2021;;;;
21936768;HORS TERRITOIRE;12 FO - IRS - FT 382 - FT 142 - RUE JEAN JAURES / PRC CAMERA C41 VILLIERS SUR MARNE;;;SFR_COLL;DSP_MAJ_IRISE;;;OR21;OR1;OR21;CST;MCO;OK;20/01/2021;20/01/2021;C;OPT;C;DI;RF27;12;10;2;2;;5;54,7792;;;20/01/2021;;;;
28828898;TERRITOIRE;24 FO - IRS - FT 1377  RUE COLMET LEPINAY (MONTREUIL) - BPE 1 / FT 1108  RUE DE LA SOLIDARITE (MONTREUIL) - BPE 1;;;SFR_COLL;DSP_MAJ_IRISE;;;OR21;OR1;OR21;CST;MCO;OK;07/01/2022;07/01/2022;C;OPT;C;DI;RF29;24;20;4;4;;5;264,2278;;;07/01/2022;;;;
4614713;TERRITOIRE;IRS-5 RUE KLEBER/12 RUE BOBILLOT MONTREUIL;;;SFR_COLL;DSP_MAJ_IRISE;;;OR21;OR1;OR21;CST;MCO;OK;03/11/2006;03/11/2006;C;OPT;C;TR;RF19;48;40;8;4;;4;223,9313;;;03/11/2006;;;;
8464279;TERRITOIRE;IRS - 144FO - AV DU GENERAL DE GAULLE BPE2/ANGLE RUE DANIEL SUER-RUE DEVAUX;;;SFR_COLL;DSP_MAJ_IRISE;;;OR21;OR1;OR21;CST;MCO;OK;05/08/2014;05/08/2014;C;OPT;C;LH;RF22;144;137;7;12;;4;704,5800;;;05/08/2014;;;;
4614879;TERRITOIRE;IRS-105 AV A BRIAND RN20/107 AV A BRIAND RN20 MONTROUGE;;;SFR_COLL;DSP_MAJ_IRISE;;;OR21;OR1;OR21;CST;MCO;OK;11/06/2007;11/06/2007;C;OPT;C;TR;RF19;48;3;45;4;;4;75,7789;;;11/06/2007;;;;
6475729;TERRITOIRE;IRS - 36FO - POP ELESA FRANCE BLEUETS/ANGLE GRANDE ALLEE-AV. DES MARGUERITE - AA;;;SFR_COLL;DSP_MAJ_IRISE;;;OR21;OR1;OR21;CST;MCO;OK;27/05/2013;27/05/2013;C;OPT;C;TR;RF26;36;36;0;6;;4;333,8802;;;27/05/2013;;;;
19086434;TERRITOIRE;IRS - 12FO - FT5 - 9 AVENUE DE LA DIVISION LECLERC/POP PISCINE CACHAN - AA;;;SFR_COLL;DSP_MAJ_IRISE;;;OR21;OR1;OR21;CST;MCO;OK;01/07/2020;01/07/2020;C;OPT;C;DI;RF27;12;11;1;2;;5;278,6628;;;01/07/2020;;;;
4614088;TERRITOIRE;IRS - IMPASSE JAURES/RUE DE SEINE (VITRY);;;SFR_COLL;DSP_MAJ_IRISE;;;OR21;OR1;OR21;CST;MCO;OK;21/11/2007;21/11/2007;C;OPT;C;TR;RF16;72;68;4;6;;4;339,6718;;;21/11/2007;;;;
5320850;TERRITOIRE;IRS - 144FO - RUE HENRI BARBUSSE/ANGLE HENRI BARBUSSE-PAUL BERT;;;SFR_COLL;DSP_MAJ_IRISE;;;OR21;OR1;OR21;CST;MCO;OK;03/01/2013;03/01/2013;C;OPT;C;LH;RF22;144;96;48;12;;4;138,8340;;;03/01/2013;;;;
7201940;TERRITOIRE;IRS - 144FO - 53 AVENUE FOCH / 84 AVENUE GUY MOQUET;;;SFR_COLL;DSP_MAJ_IRISE;;;OR21;OR1;OR21;CST;MCO;OK;13/08/2013;13/08/2013;C;OPT;C;LH;RF22;144;140;4;12;;4;208,4039;;;13/08/2013;;;;
4623669;TERRITOIRE;IRS - BAG 72FO - CONVENTION-PERI/JAURES-ST ELOI-2;;;SFR_COLL;DSP_MAJ_IRISE;;;OR21;OR1;OR21;CST;MCO;OK;25/01/2012;25/01/2012;C;OPT;C;TR;RF16;72;62;10;6;;4;189,6544;;;25/01/2012;;;;
19830756;TERRITOIRE;IRISE - 12 FO - FT 416 - 25 RUE DU VAL DE MARNE /  BPI LE LAVOIR;;;SFR_COLL;DSP_MAJ_IRISE;;;OR21;OR1;OR21;CST;MCO;OK;24/08/2020;24/08/2020;C;OPT;C;DI;RF27;12;10;2;2;;5;21,8723;;;24/08/2020;;;;
14843891;TERRITOIRE;IRS - 72FO - FT455 - 79 RUE PASTEUR / FT 478 - RUE RASPAIL;;;SFR_COLL;DSP_MAJ_IRISE;;;OR21;OR1;OR21;CST;MCO;OK;20/05/2019;20/05/2019;C;OPT;C;TR;RF28;72;72;0;6;;4;1121,5562;;;20/05/2019;;;;
4603552;TERRITOIRE;IRS - 1 PIERRE BROSSOLETE/NANTERRE-MAGENTA;;;SFR_COLL;DSP_MAJ_IRISE;;;OR21;OR1;OR21;CST;MCO;OK;11/12/2003;11/12/2003;C;OPT;C;TR;RF16;72;70;2;6;;4;913,0543;;;11/12/2003;;;;
4636095;TERRITOIRE;IRS - 72FO - CHEMIN DE PETITS PONTS/AV DU GAL DE GAULLE BIS;;;SFR_COLL;DSP_MAJ_IRISE;;;OR21;OR1;OR21;CST;MCO;OK;29/11/2010;29/11/2010;C;OPT;C;TR;RF28;72;19;53;6;;4;480,3783;;;29/11/2010;;;;
4617943;TERRITOIRE;IRS - 24FO - 66 QUAI DU MAL JOFFRE/POP KOMPASS - AA;;;SFR_COLL;DSP_MAJ_IRISE;;;OR21;OR1;OR21;CST;MCO;OK;14/10/2010;14/10/2010;C;OPT;C;DI;RF15;24;22;2;4;;4;64,8473;;;14/10/2010;;;;
18208034;TERRITOIRE;IRS - 24FO - FT 543 - 109 RUE DE LA REDOUTE / POP C.A.S.S. -AB;;;SFR_COLL;DSP_MAJ_IRISE;;;OR21;OR1;OR21;CST;MCO;OK;26/11/2019;26/11/2019;C;OPT;C;DI;RF29;24;22;2;4;;5;24,9962;;;26/11/2019;;;;
4603516;TERRITOIRE;CAB000000015759 - 72CODE RFF;;;SFR_COLL;DSP_MAJ_IRISE;;;OR21;OR1;OR21;CST;MCO;OK;28/05/2004;28/05/2004;C;OPT;C;TR;RF18;72;45;27;6;;145;20,6155;;;28/05/2004;;;;
4603456;HORS TERRITOIRE;IRS - 12FO - TCT REUIL MALMAISON/RUE DES 2 GARES - AA;;;SFR_COLL;DSP_MAJ_IRISE;;;OR21;OR1;OR21;CST;MCO;OK;28/10/2004;28/10/2004;C;OPT;C;DI;RF38;12;2;10;1;;4;108,9098;;;28/10/2004;;;;
22892897;HORS TERRITOIRE;IRS - 24FO - FT 748 - 12 AVENUE DE L ISLE /  FT801 - 28 CHEMIN DES PRUNAIS;;;SFR_COLL;DSP_MAJ_IRISE;;;OR21;OR1;OR21;CST;MCO;OK;26/03/2021;26/03/2021;C;OPT;C;DI;RF29;24;18;6;4;;5;416,4860;;;26/03/2021;;;;
4599004;TERRITOIRE;IRS- ANGLE ALBRECHT-CAVELL/N-1 POP TI VITRY;;;SFR_COLL;DSP_MAJ_IRISE;;;OR21;OR1;OR21;CST;MCO;OK;01/04/2011;01/04/2011;C;OPT;C;TR;RF16;72;63;9;6;;4;265,4446;;;01/04/2011;;;;
4624301;TERRITOIRE;IRS - 24FO - N-1/POP CDC ARCUEIL;;;SFR_COLL;DSP_MAJ_IRISE;;;OR21;OR1;OR21;CST;MCO;OK;02/07/2009;02/07/2009;C;OPT;C;DI;RF24;24;20;4;2;;4;35,7198;;;02/07/2009;;;;
4633199;TERRITOIRE;IRS - 24FO BI/POP CENTRE CULTUREL (D55);;;SFR_COLL;DSP_MAJ_IRISE;;;OR21;OR1;OR21;CST;MCO;OK;28/07/2009;28/07/2009;C;OPT;C;DI;RF15;24;20;4;4;;4;21,6332;;;28/07/2009;;;;
5760530;TERRITOIRE;IRS - 72FO - AVENUE JEAN MOULIN/RUE DE LA LIBERTE;;;SFR_COLL;DSP_MAJ_IRISE;;;OR21;OR1;OR21;CST;MCO;OK;26/02/2013;26/02/2013;C;OPT;C;TR;RF28;72;66;6;6;;4;479,4767;;;26/02/2013;;;;
4633303;TERRITOIRE;IRS - 144FO CHAUFFERIE_STADE (A08)/COLLEGE_CHEVREUL (D22);;;SFR_COLL;DSP_MAJ_IRISE;;;OR21;OR1;OR21;CST;MCO;OK;20/07/2009;20/07/2009;C;OPT;C;LH;RF40;144;130;14;12;;4;359,2580;;;20/07/2009;;;;
10841732;TERRITOIRE;IRS - 144 FO - IRISE - RUE JULES VALLES / POP FTTS LIVRY GARGAN (MUSEE);;;SFR_COLL;DSP_MAJ_IRISE;;;OR21;OR1;OR21;CST;MCO;OK;01/07/2013;01/07/2013;C;OPT;C;LH;RF22;144;140;4;12;;4;225,9029;;;01/07/2013;;;;
4627838;TERRITOIRE;IRS - 72FO - HUGO_COURBEVOIE/N-1 MAIRIE NANTERRE;;;SFR_COLL;DSP_MAJ_IRISE;;;OR21;OR1;OR21;CST;MCO;OK;18/11/2008;18/11/2008;C;OPT;C;TR;RF16;72;30;42;6;;4;118,0379;;;18/11/2008;;;;
4605877;TERRITOIRE;IRS - 48FO - GEYTER-CLUZEAUX/9 RUE PIERRE GEYSER;;;SFR_COLL;DSP_MAJ_IRISE;;;OR21;OR1;OR21;CST;MCO;OK;27/11/2006;27/11/2006;C;OPT;C;TR;RF19;48;34;14;4;;4;290,1988;;;27/11/2006;;;;
4605045;TERRITOIRE;IRS - 144 FO - AV DE LA REPUBLIQUE/DOLET METZ;;;SFR_COLL;DSP_MAJ_IRISE;;;OR21;OR1;OR21;CST;MCO;OK;30/01/2001;30/01/2001;C;OPT;C;LH;RF56;144;67;77;12;;4;672,4574;;;30/01/2001;;;;
16702821;TERRITOIRE;IRS - 144FO - FT 1440 - 3 VILLA CHANGIS / FT 1421 - 176 LAENNEC;;;SFR_COLL;DSP_MAJ_IRISE;;;OR21;OR1;OR21;CST;MCO;OK;06/12/2019;06/12/2019;C;OPT;C;LH;RF22;144;144;0;12;;4;653,0439;;;06/12/2019;;;;
11012214;TERRITOIRE;IRS - 72 FO - BI 155 AV JEAN JAURES (AUBERVILLIERS) / RUE DE LA MOTTE - BPE 1;;;SFR_COLL;DSP_MAJ_IRISE;;;OR21;OR1;OR21;CST;MCO;OK;06/06/2013;06/06/2013;C;OPT;C;TR;RF28;72;72;0;6;;4;471,6155;;;06/06/2013;;;;
5060692;TERRITOIRE;IRS - 144FO - THOMEREAU / CHAMPEVAL CRETEIL;;;SFR_COLL;DSP_MAJ_IRISE;;;OR21;OR1;OR21;CST;MCO;OK;27/11/2012;27/11/2012;C;OPT;C;LH;RF22;144;136;8;12;;4;615,5256;;;27/11/2012;;;;
4596479;TERRITOIRE;IRS - 48FO - VILLENEUVE_PAYMAL/54 RUE DU LANDY (CLICHY);;;SFR_COLL;DSP_MAJ_IRISE;;;OR21;OR1;OR21;CST;MCO;OK;25/05/2009;25/05/2009;C;OPT;C;TR;RF19;48;36;12;4;;4;210,3239;;;25/05/2009;;;;
4594390;TERRITOIRE;IRS - 36FO - POP SANOFI GA/RUE BENSERADE - AA;;;SFR_COLL;DSP_MAJ_IRISE;;;OR21;OR1;OR21;CST;MCO;OK;28/04/2004;28/04/2004;C;OPT;C;TR;RF42;36;10;26;6;;4;98,1061;;;28/04/2004;;;;
8737542;TERRITOIRE;IRS - 144FO - LD 16 RUE DE FRESNES/GIRATOIRE MEDICIS - FRESNES BPE 2;;;SFR_COLL;DSP_MAJ_IRISE;;;OR21;OR1;OR21;CST;MCO;OK;29/10/2014;29/10/2014;C;OPT;C;LH;RF22;144;140;4;12;;4;847,0771;;;29/10/2014;;;;
4610226;TERRITOIRE;IRS - 24FO - 9 RUE DE PARIS/MAIRIE PIERREFITTE - BB;;;SFR_COLL;DSP_MAJ_IRISE;;;OR21;OR1;OR21;CST;MCO;OK;06/04/2010;06/04/2010;C;OPT;C;DI;RF15;24;16;8;4;;4;31,7020;;;06/04/2010;;;;
8261045;TERRITOIRE;IRS - 36FO - LD - FT_IRS 1 QUAI GABRIEL PERI / FT_14 QUAI GABRIEL PERI (JOINVILLE LE PONT);;;SFR_COLL;DSP_MAJ_IRISE;;;OR21;OR1;OR21;CST;MCO;OK;10/06/2014;10/06/2014;C;OPT;C;TR;RF26;36;34;2;6;;4;234,1956;;;10/06/2014;;;;
4603084;TERRITOIRE;IRS - N-1/APHP ROSTAND;;;SFR_COLL;DSP_MAJ_IRISE;;;OR21;OR1;OR21;CST;MCO;OK;24/05/2004;24/05/2004;C;OPT;C;DI;RF15;24;24;0;4;;4;19,2519;;;24/05/2004;;;;
8464288;TERRITOIRE;IRS - 144FO - AV M LECLERC HAUTECLOQUE-PONT/24 AV BAUDOIN;;;SFR_COLL;DSP_MAJ_IRISE;;;OR21;OR1;OR21;CST;MCO;OK;05/08/2014;05/08/2014;C;OPT;C;LH;RF22;144;138;6;12;;4;527,8962;;;05/08/2014;;;;
17332865;TERRITOIRE;36FO - IRS - FT 970 - 6 ALLEE DES TILLEULS / 84 RUE DU QUATRIEME ZOUAVE;;;SFR_COLL;DSP_MAJ_IRISE;;;OR21;OR1;OR21;CST;MCO;OK;07/02/2020;07/02/2020;C;OPT;C;TR;RF50;36;36;0;3;;4;630,8799;;;07/02/2020;;;;
4632894;HORS TERRITOIRE;IRS - 24 FO - PARKING 2 AV. PIERRE MENDES (NOISIEL)/XCO TCT;;;SFR_COLL;DSP_MAJ_IRISE;;;OR21;OR1;OR21;CST;MCO;OK;19/12/2011;19/12/2011;C;OPT;C;DI;RF15;24;16;8;4;;4;55,3747;;;19/12/2011;;;;
18437511;TERRITOIRE;IRS - 144  FO - FT 463 - 84Q GRANDE RUE / IRS - N-1 MAIRIE VILLEMONBLE;;;SFR_COLL;DSP_MAJ_IRISE;;;OR21;OR1;OR21;CST;MCO;OK;19/05/2020;19/05/2020;C;OPT;C;LH;RF22;144;144;0;12;;4;1562,6571;;;19/05/2020;;;;
18379879;TERRITOIRE;IRS - 36 FO - IRS - FT 710 - 30 RUE DES CHERCHEVETS / FT 1415 - 33 RUE VOLTAIRE  (SURESNES);;;SFR_COLL;DSP_MAJ_IRISE;;;OR21;OR1;OR21;CST;MCO;OK;14/05/2020;14/05/2020;C;OPT;C;TR;RF50;36;36;0;6;;4;276,3782;;;14/05/2020;;;;
16697635;TERRITOIRE;IRS - 72 FO - 71 AVENUE ARISTIDE BRIAND / FT 773 - 29 ALLEE ROBERT ESTIENNE (LES PAVILLONS SOUS BOIS);;;SFR_COLL;DSP_MAJ_IRISE;;;OR21;OR1;OR21;CST;MCO;OK;04/12/2019;04/12/2019;C;OPT;C;TR;RF28;72;72;0;6;;4;1175,4423;;;04/12/2019;;;;
8357057;HORS TERRITOIRE;IRS - 72FO - LD - IRS - FT 7 RUE JULIEN ADASON / IRS - FT 229 RUE JULIEN ADASON;;;SFR_COLL;DSP_MAJ_IRISE;;;OR21;OR1;OR21;CST;MCO;OK;02/07/2014;02/07/2014;C;OPT;C;TR;RF28;72;70;2;6;;4;468,3518;;;02/07/2014;;;;
4594862;HORS TERRITOIRE;IRS - 144FO - RUE CLAUDE LIARD/AVENUE FOCH;;;SFR_COLL;DSP_MAJ_IRISE;;;OR21;OR1;OR21;CST;MCO;OK;19/07/2012;19/07/2012;C;OPT;C;LH;RF40;144;140;4;12;;4;328,9640;;;19/07/2012;;;;
37990497;TERRITOIRE;IRS - 12  FO - FT 587  N-1 POP CAMERA 11 LES SPAVILLONS SOUS BOIS / POP CAMERA 11 LES SPAVILLONS SOUS BOIS - AA;;;SFR_COLL;DSP_MAJ_IRISE;;;OR21;OR1;OR21;CST;MCO;OK;25/04/2023;25/04/2023;C;OPT;C;DI;RF27;12;10;2;2;;5;67,6611;;;25/04/2023;;;;
8074696;TERRITOIRE;IRS - 36 FO -BI IRS POP SFIL DEXIA  / IRS -RUE DE LA GALLIOTE -BPE1;;;SFR_COLL;DSP_MAJ_IRISE;;;OR21;OR1;OR21;CST;MCO;OK;14/04/2014;14/04/2014;C;OPT;C;TR;RF26;36;36;0;6;;4;17,5132;;;14/04/2014;;;;
4606624;TERRITOIRE;IRS - 72FO - 11, QUAI DES CARRIERES/47BIS, RUE DE PARIS - CHARENTON LE PONT;;;SFR_COLL;DSP_MAJ_IRISE;;;OR21;OR1;OR21;CST;MCO;OK;19/01/2007;19/01/2007;C;OPT;C;TR;RF16;72;70;2;6;;4;556,5956;;;19/01/2007;;;;
4607223;TERRITOIRE;IRS - 105 AV HENRI GINOUX / JARDIN D'ENFANTS MONTROUGE - AA;;;SFR_COLL;DSP_MAJ_IRISE;;;OR21;OR1;OR21;CST;MCO;OK;03/10/2005;03/10/2005;C;OPT;C;DI;RF14;12;4;8;2;;4;18,6815;;;03/10/2005;;;;
45728105;HORS TERRITOIRE;IRS - 72FO - GARE DE VILLEPARISI LD 0204 / PK 24 950;;;SFR_COLL;DSP_MAJ_IRISE;;;OR21;OR1;OR21;CST;MCO;OK;31/08/2004;31/08/2004;C;OPT;C;DI;RF23;72;51;21;6;;145;1662,0056;;;31/08/2004;;;;
6816210;TERRITOIRE;144 FO - BAG - IRISE - CHAMBRE 7 DEVANT MSP ST-DENIS - BPE 1 / BPE 2;;;SFR_COLL;DSP_MAJ_IRISE;;;OR21;OR1;OR21;CST;MCO;OK;26/06/2013;26/06/2013;C;OPT;C;LH;RF22;144;101;43;12;;4;2,2307;;;26/06/2013;;;;
4601440;TERRITOIRE;IRS - 144FO - ANGLE BD. STRASBOURG-R. STALINGRADE/25 BD DU 11 AOUT 1944;;;SFR_COLL;DSP_MAJ_IRISE;;;OR21;OR1;OR21;CST;MCO;OK;23/07/2012;23/07/2012;C;OPT;C;LH;RF40;144;142;2;12;;4;315,2130;;;23/07/2012;;;;
4598937;TERRITOIRE;IRS - 144FO INTRA-SITE - POP GENERALI WILLOW/INNOVATIS - ODF A/ODF A - AO;;;SFR_COLL;DSP_MAJ_IRISE;;;OR21;OR1;OR21;CST;MCO;OK;02/05/2003;02/05/2003;C;OPT;C;LH;RF40;144;70;74;12;;4;58,8786;;;02/05/2003;;;;
4600611;TERRITOIRE;IRS - 144FO - BD VOLTAIRE/PLACE VOLTAIRE;;;SFR_COLL;DSP_MAJ_IRISE;;;OR21;OR1;OR21;CST;MCO;OK;30/01/2001;30/01/2001;C;OPT;C;LH;RF22;144;85;59;12;;4;212,1839;;;30/01/2001;;;;
4597947;TERRITOIRE;IRS - VERS N-1 BATIMENT WCI - AA;;;SFR_COLL;DSP_MAJ_IRISE;;;OR21;OR1;OR21;CST;MCO;OK;06/02/2003;06/02/2003;C;OPT;C;TR;RF43;48;36;12;6;;183;173,5498;;;06/02/2003;;;;
4600644;TERRITOIRE;IRS - RUE DE PARIS/MAIRIE DES LILAS;;;SFR_COLL;DSP_MAJ_IRISE;;;OR21;OR1;OR21;CST;MCO;OK;01/01/2002;01/01/2002;C;OPT;C;TR;RF42;36;36;0;6;;4;139,0758;;;01/01/2002;;;;
6007250;TERRITOIRE;IRS - 72FO - ROUTE DE ST LEU/RUE DE PARIS (EPINAY SUR SEINE) - 2;;;SFR_COLL;DSP_MAJ_IRISE;;;OR21;OR1;OR21;CST;MCO;OK;01/01/2004;01/01/2004;C;OPT;C;TR;RF16;72;42;30;6;;4;1668,9874;;;01/01/2004;;;;
4599042;TERRITOIRE;IRS - 48FO INTRA-SITE - POP GENERALI - ODF A/ODF A - // - AI - MULTIMODE;;;SFR_COLL;DSP_MAJ_IRISE;;;OR21;OR1;OR21;CST;MCO;OK;11/07/2003;11/07/2003;C;OPT;C;TR;RF19;48;48;0;4;;4;58,8786;;;11/07/2003;;;;
4605463;HORS TERRITOIRE;IRS - 48FO - PAIX-COLOMB/N-1 URA SARTROUVILLE;;;SFR_COLL;DSP_MAJ_IRISE;;;OR21;OR1;OR21;CST;MCO;OK;01/01/2004;01/01/2004;C;OPT;C;TR;RF19;48;16;32;4;;4;1271,7139;;;01/01/2004;;;;
4602252;TERRITOIRE;IRS - 48FO - MAURICE THOREZ/ROUTE DE SAINT LEU;;;SFR_COLL;DSP_MAJ_IRISE;;;OR21;OR1;OR21;CST;MCO;OK;01/01/2002;01/01/2002;C;OPT;C;TR;RF12;48;13;35;6;;5;801,6991;;;01/01/2002;;;;
4601125;TERRITOIRE;IRS - CHAMBRE 21A PLACE DE BELGIQUE/CHAMBRE SITER PLACE DE Belgique;;;SFR_COLL;DSP_MAJ_IRISE;;;OR21;OR1;OR21;CST;MCO;OK;06/02/2003;06/02/2003;C;OPT;C;DI;RF70;12;8;4;2;;5;5,9879;;;06/02/2003;;;;
4599958;TERRITOIRE;IRS - ECOLE ST MAURICE/DELACROIX - AA - AB;;;SFR_COLL;DSP_MAJ_IRISE;;;OR21;OR1;OR21;CST;MCO;OK;12/12/2003;12/12/2003;C;OPT;C;DI;RF38;12;10;2;1;;4;40,3609;;;12/12/2003;;;;
4599710;TERRITOIRE;IRS - DE GAULLE - COUTURIER IRISE/LT CAA ALFORTVILLE;;;SFR_COLL;DSP_MAJ_IRISE;;;OR21;OR1;OR21;CST;MCO;OK;20/06/2002;20/06/2002;C;OPT;C;DI;RF71;24;10;14;12;;5;142,7365;;;20/06/2002;;;;
25240104;TERRITOIRE;IRS - 144 FO - IRS - FT 945 - 70 RUE JOSEPH LAHUEC / IRS - FT 597 - 11 RUE LEON MARTINE;;;SFR_COLL;DSP_MAJ_IRISE;;;OR21;OR1;OR21;CST;MCO;OK;16/08/2021;16/08/2021;C;OPT;C;LH;RF22;144;144;0;12;;4;923,1874;;;16/08/2021;;;;
4604942;TERRITOIRE;IRS - 48FO - LIGNE A V2/FOD LTR5 - OPEX 660;;;SFR_COLL;DSP_MAJ_IRISE;;;OR21;OR1;OR21;CST;MCO;OK;25/03/2005;25/03/2005;C;OPT;C;TR;RF19;48;42;6;4;;4;296,7059;;;25/03/2005;;;;
4609685;TERRITOIRE;IRS - 24FO BOURSIDIERE KERGUELEN/POP MBDA BOURSIDIERE;;;SFR_COLL;DSP_MAJ_IRISE;;;OR21;OR1;OR21;CST;MCO;OK;30/01/2008;30/01/2008;C;OPT;C;DI;RF15;24;8;16;4;;4;72,0378;;;30/01/2008;;;;
33184418;TERRITOIRE;IRS - 12 FO - RD PT DE L'EUROPE - RUE DE LISBONNE / PRC CAM 81 ROSNY SOUS BOIS;;;SFR_COLL;DSP_MAJ_IRISE;;;OR21;OR1;OR21;CST;MCO;OK;09/08/2022;09/08/2022;C;OPT;C;DI;RF27;12;10;2;2;;5;271,1099;;;09/08/2022;;;;
4612491;TERRITOIRE;IRS 72FO IRS - N-1 ADD2 BEAUJON/IRS - SANZILLON_HUGO;;;SFR_COLL;DSP_MAJ_IRISE;;;OR21;OR1;OR21;CST;MCO;OK;05/11/2007;05/11/2007;C;OPT;C;TR;RF16;72;66;6;6;;4;1261,2002;;;05/11/2007;;;;
4611448;TERRITOIRE;144 FO - IRISE - CAB 1 - GARDINOUX 2 / 23 RUE DES GARDINOUX - BPE 2;;;SFR_COLL;DSP_MAJ_IRISE;;;OR21;OR1;OR21;CST;MCO;OK;21/11/2006;21/11/2006;C;OPT;C;LH;RF40;144;56;88;12;;4;171,7405;;;21/11/2006;;;;
4624930;TERRITOIRE;IRS - 144FO - 228 AV 8 MAI 1945/AV DESCARTES BPE1-1;;;SFR_COLL;DSP_MAJ_IRISE;;;OR21;OR1;OR21;CST;MCO;OK;05/01/2010;05/01/2010;C;OPT;C;LH;RF40;144;109;35;12;;4;430,8399;;;05/01/2010;;;;
33933556;TERRITOIRE;IRISE - 24FO - ANGLE RUE CHARLES PEGUY/ RUE DU PRESIDENT ROBERT SCHUMANN / N-1 ATELIERS ESPACES VERTS;;;SFR_COLL;DSP_MAJ_IRISE;;;OR21;OR1;OR21;CST;MCO;OK;07/08/2019;07/08/2019;C;OPT;C;DI;RF29;24;22;2;4;;5;175,3957;;;07/08/2019;;;;
7264244;HORS TERRITOIRE;IRS - 144FO - FT 896 - AVE DU CHATEAU / RUE DU MAIL;;;SFR_COLL;DSP_MAJ_IRISE;;;OR21;OR1;OR21;CST;MCO;OK;05/09/2013;05/09/2013;C;OPT;C;LH;RF22;144;141;3;12;;4;608,6756;;;05/09/2013;;;;
4605630;HORS TERRITOIRE;IRS - 144FO - AV DE LA SOUBRIARDE/BD FREDERIC CHOPIN SUNGARD;;;SFR_COLL;DSP_MAJ_IRISE;;;OR21;OR1;OR21;CST;MCO;OK;20/10/2004;20/10/2004;C;OPT;C;LH;RF40;144;106;38;12;;4;387,8590;;;20/10/2004;;;;
4601441;TERRITOIRE;IRS - 144FO - 25 BD DU 11 AOUT 1944/BVD. GALLIENI;;;SFR_COLL;DSP_MAJ_IRISE;;;OR21;OR1;OR21;CST;MCO;OK;23/07/2012;23/07/2012;C;OPT;C;LH;RF40;144;142;2;12;;4;293,3693;;;23/07/2012;;;;
4637927;TERRITOIRE;IRS - 24 FO - 20 RUE DES PAQUERETTES/POP CENTRE SANTE PETIT NANTERRE;;;SFR_COLL;DSP_MAJ_IRISE;;;OR21;OR1;OR21;CST;MCO;OK;10/02/2011;10/02/2011;C;OPT;C;DI;RF15;24;20;4;4;;4;117,3269;;;10/02/2011;;;;
16701479;TERRITOIRE;IRS - 144 FO - FT1109 - 30 AVENUE DU DRAPEAU / FT313 - 1 RUE MARCELLIN BERTHELOT;;;SFR_COLL;DSP_MAJ_IRISE;;;OR21;OR1;OR21;CST;MCO;OK;06/12/2019;06/12/2019;C;OPT;C;LH;RF22;144;144;0;12;;4;527,9633;;;06/12/2019;;;;
21625714;TERRITOIRE;IRS - 36 FO - 42 RUE SAINT-SIMON /  FT291 - 63 AVENUE GENERAL DE GAULE;;;SFR_COLL;DSP_MAJ_IRISE;;;OR21;OR1;OR21;CST;MCO;OK;23/12/2020;23/12/2020;C;OPT;C;TR;RF50;36;36;0;3;;4;701,6804;;;23/12/2020;;;;
4603664;TERRITOIRE;IRS - 48 FO - CAB 2 - 77 AV DE LA RESISTANCE / 21 AV EDOUARD HERRIOT;;;SFR_COLL;DSP_MAJ_IRISE;;;OR21;OR1;OR21;CST;MCO;OK;10/04/2001;10/04/2001;C;OPT;C;TR;RF12;48;24;24;6;;5;1079,2042;;;10/04/2001;;;;
4609144;TERRITOIRE;IRS - 24FO -  N-1 MAIRIE DE ROSNY / BPI - MAIRIE DE ROSNY SOUS BOIS;;;SFR_COLL;DSP_MAJ_IRISE;;;OR21;OR1;OR21;CST;MCO;OK;19/08/2005;19/08/2005;C;OPT;C;DI;RF30;24;4;20;4;;4;162,9696;;;19/08/2005;;;;
4634250;TERRITOIRE;IRS - 24FO - N-1/CENTRE SOCIAL ET CULTUREL NANTERRE;;;SFR_COLL;DSP_MAJ_IRISE;;;OR21;OR1;OR21;CST;MCO;OK;04/05/2010;04/05/2010;C;OPT;C;DI;RF15;24;11;13;4;;4;28,8467;;;04/05/2010;;;;
44097377;TERRITOIRE;IRS - 12 FO - FT1581- 90 AV DE STALINGRAD VILLEJUIF / POP CRECHE AUBRAC VILLEJUIF - AA;;;SFR_COLL;DSP_MAJ_IRISE;;;OR21;OR1;OR21;CST;MCO;OK;29/03/2024;29/03/2024;C;OPT;C;DI;RF27;12;10;2;2;;5;272,8552;;;29/03/2024;;;;
45609697;TERRITOIRE;IRIS - 12 FO - FT718 - CH SAT SECURISEE CAM22 / POP C57 - Chbre Orange 715 LES PAVILLONS SOUS BOIS;;;SFR_COLL;DSP_MAJ_IRISE;;;OR21;OR1;OR21;CST;MCO;OK;03/07/2024;03/07/2024;C;OPT;C;DI;RF27;12;10;2;2;;5;224,3078;;;03/07/2024;;;;
4605291;HORS TERRITOIRE;IRS - 72FO - RFF - PASSAGE DE PICARDIE/VERS LDO 0202 - IRS A CONFIRMER;;;SFR_COLL;DSP_MAJ_IRISE;;;OR21;OR1;OR21;CST;MCO;OK;26/06/2004;26/06/2004;C;OPT;C;TR;RF18;72;43;29;6;;145;1717,2081;;;26/06/2004;;;;
4634251;TERRITOIRE;IRS - 24FO - N-1/POP MAIRIE DE QUARTIER DU PARC NANTERRE - AA;;;SFR_COLL;DSP_MAJ_IRISE;;;OR21;OR1;OR21;CST;MCO;OK;04/05/2010;04/05/2010;C;OPT;C;DI;RF15;24;22;2;4;;4;59,9045;;;04/05/2010;;;;
4632216;TERRITOIRE;IRS - 48FO - 8 D22 RUE DHALENNE/49 RUE DHALENNE;;;SFR_COLL;DSP_MAJ_IRISE;;;OR21;OR1;OR21;CST;MCO;OK;10/04/2009;10/04/2009;C;OPT;C;TR;RF19;48;40;8;4;;4;234,9315;;;10/04/2009;;;;
4598943;TERRITOIRE;IRS - 72FO - IRS - 55 RUE GABRIEL PERI - BPE 1 / 120 RUE GABRIEL PERI - BPE 1;;;SFR_COLL;DSP_MAJ_IRISE;;;OR21;OR1;OR21;CST;MCO;OK;17/04/2003;17/04/2003;C;OPT;C;TR;RF41;72;36;36;6;;5;736,9641;;;17/04/2003;;;;
4610754;TERRITOIRE;IRS - 24FO - POP CRECHE RIBAMBELLE / RUE HENRI BARBUSSE_ALL RICHARD BLOCH;;;SFR_COLL;DSP_MAJ_IRISE;;;OR21;OR1;OR21;CST;MCO;OK;04/02/2010;04/02/2010;C;OPT;C;DI;RF15;24;22;2;4;;4;156,1369;;;04/02/2010;;;;
4604943;TERRITOIRE;IRS - F MITTERRAND/ANATOLE FRANCE_NUNGESSER ET COLI;;;SFR_COLL;DSP_MAJ_IRISE;;;OR21;OR1;OR21;CST;MCO;OK;21/03/2005;21/03/2005;C;OPT;C;TR;RF16;72;19;53;6;;4;312,5132;;;21/03/2005;;;;
24884579;TERRITOIRE;IRS - 12FO  - FT1496 RUE GASTON LAURIAU / POP ECOLE MATERNELLE JEAN MOULIN MONTREUIL - AA;;;SFR_COLL;DSP_MAJ_IRISE;;;OR21;OR1;OR21;CST;MCO;OK;23/07/2021;23/07/2021;C;OPT;C;DI;RF27;12;6;6;2;;5;78,8044;;;23/07/2021;;;;
28875299;TERRITOIRE;IRS - 48FO - FT 256 - ANGLE AV R.SALENGRO_RUE ANATOLE France (Chaville) / RUE ANATOLE France;;;SFR_COLL;DSP_MAJ_IRISE;;;OR21;OR1;OR21;CST;MCO;OK;11/01/2022;11/01/2022;C;OPT;C;TR;RF47;48;48;0;4;;4;121,5876;;;11/01/2022;;;;
4608932;TERRITOIRE;IRS - 72FO IRS - RUE LAUTREAMONT (BOBIGNY)/IRS N-1 ADD2 AVICENNE;;;SFR_COLL;DSP_MAJ_IRISE;;;OR21;OR1;OR21;CST;MCO;OK;30/10/2007;30/10/2007;C;OPT;C;TR;RF16;72;65;7;6;;4;31,7948;;;30/10/2007;;;;
4599974;TERRITOIRE;IRS - DOLET METZ/RUE J E MONTGOLFIER;;;SFR_COLL;DSP_MAJ_IRISE;;;OR21;OR1;OR21;CST;MCO;OK;30/01/2001;30/01/2001;C;OPT;C;LH;RF56;144;91;53;12;;4;485,9566;;;30/01/2001;;;;
4604758;TERRITOIRE;IRS - RUE DU PORT ITX4 ADD1/IRS - RUE DU PORT ITX4 ADD2;;;SFR_COLL;DSP_MAJ_IRISE;;;OR21;OR1;OR21;CST;MCO;OK;24/07/2007;24/07/2007;C;OPT;C;TR;RF19;48;27;21;4;;4;125,1684;;;24/07/2007;;;;
4611266;TERRITOIRE;IRS - BPE IMMEUBLE ARCELOR/LT ARCELOR SAINT DENIS - AB;;;SFR_COLL;DSP_MAJ_IRISE;;;OR21;OR1;OR21;CST;MCO;OK;10/02/2006;10/02/2006;C;OPT;C;DI;RF15;24;18;6;4;;4;88,7054;;;10/02/2006;;;;
4603678;HORS TERRITOIRE;IRS - 72FO - BD POINCARRE- COTE PAIN/ BD POINCARRE-AVE PASTEUR;;;SFR_COLL;DSP_MAJ_IRISE;;;OR21;OR1;OR21;CST;MCO;OK;27/09/2004;27/09/2004;C;OPT;C;TR;RF16;72;23;49;6;;4;578,7744;;;27/09/2004;;;;
21883320;TERRITOIRE;IRS - 36 FO - IRS ANGLE RUE B VILAINS-RUE DELAVAQUERIE / IRS - FT 2689 RUE DE LA COTE DU N;;;SFR_COLL;DSP_MAJ_IRISE;;;OR21;OR1;OR21;CST;MCO;OK;15/01/2021;15/01/2021;C;OPT;C;TR;RF50;36;36;0;3;;4;805,6724;;;15/01/2021;;;;
11003602;TERRITOIRE;IRS - 36 FO - LD - BI EDF VITRY SUR SEINE/QUAI JULES GUESDE;;;SFR_COLL;DSP_MAJ_IRISE;;;OR21;OR1;OR21;CST;MCO;OK;06/12/2012;06/12/2012;C;OPT;C;TR;RF88;36;36;0;6;;4;243,1332;;;06/12/2012;;;;
4604110;TERRITOIRE;IRS - 72FO - R JACQUES RICHARD/R DE CHAMPIGNY_R D HOUIN;;;SFR_COLL;DSP_MAJ_IRISE;;;OR21;OR1;OR21;CST;MCO;OK;01/10/2004;01/10/2004;C;OPT;C;TR;RF16;72;30;42;6;;4;2432,8229;;;01/10/2004;;;;
4601438;TERRITOIRE;IRS - 144FO - N-1 ADDUCTION A / IRS - 12 R. GASTON MARGERIE;;;SFR_COLL;DSP_MAJ_IRISE;;;OR21;OR1;OR21;CST;MCO;OK;23/07/2012;23/07/2012;C;OPT;C;LH;RF40;144;142;2;12;;4;570,9930;;;23/07/2012;;;;
4635863;HORS TERRITOIRE;IRS - 36 FO - 81 RUE GAL LECLERC/RUE MOULIN BATEAU/N-1_2 A 6 ALLEE DES NOYERS;;;SFR_COLL;DSP_MAJ_IRISE;;;OR21;OR1;OR21;CST;MCO;OK;20/02/2012;20/02/2012;C;OPT;C;TR;RF42;36;32;4;6;;4;227,7931;;;20/02/2012;;;;
7259809;HORS TERRITOIRE;IRS - 144FO - FT 1872 - AVE DES BERTHUNES / AVE DES BERTHUNES;;;SFR_COLL;DSP_MAJ_IRISE;;;OR21;OR1;OR21;CST;MCO;OK;04/09/2013;04/09/2013;C;OPT;C;LH;RF22;144;138;6;12;;4;444,0573;;;04/09/2013;;;;
4639280;TERRITOIRE;IRS - 36 FO - N-1 FTTS LE PERREUX/AV DU GENERAL DE GAULE;;;SFR_COLL;DSP_MAJ_IRISE;;;OR21;OR1;OR21;CST;MCO;OK;21/02/2012;21/02/2012;C;OPT;C;TR;RF42;36;32;4;6;;4;461,8166;;;21/02/2012;;;;
4596574;TERRITOIRE;IRS - 24FO - CH COLT CAA CLAMART/CARREFOUR BEAUJART N-1 CAA CLAMART;;;SFR_COLL;DSP_MAJ_IRISE;;;OR21;OR1;OR21;CST;MCO;OK;10/04/2001;10/04/2001;C;OPT;C;DI;RF71;24;10;14;12;;5;14,5604;;;10/04/2001;;;;
4606603;TERRITOIRE;IRS - 48FO - ANATOLE FRANCE_NUNGESSER ET COLI/GEYTER-CLUZEAUX STAINS;;;SFR_COLL;DSP_MAJ_IRISE;;;OR21;OR1;OR21;CST;MCO;OK;02/03/2006;02/03/2006;C;OPT;C;TR;RF19;48;34;14;4;;4;1226,9872;;;02/03/2006;;;;
11652177;HORS TERRITOIRE;IRS - JOINT DROITE SUITE C18708391 / BD ARCHIMEDE;;;SFR_COLL;DSP_MAJ_IRISE;;;OR21;OR1;OR21;CST;MCO;OK;26/05/2010;26/05/2010;C;OPT;C;LH;RF74;144;71;73;12;;100;57,3822;;;26/05/2010;;;;
4608035;TERRITOIRE;IRS - RUE DES BRETON/POP VEDIORBIS - AB;;;SFR_COLL;DSP_MAJ_IRISE;;;OR21;OR1;OR21;CST;MCO;OK;20/07/2005;20/07/2005;C;OPT;C;DI;RF38;12;12;0;1;;4;246,4722;;;20/07/2005;;;;
4602988;TERRITOIRE;IRS - 48FO - CODE LD - 981 AV G LECLERC/21 AV G LECLERC;;;SFR_COLL;DSP_MAJ_IRISE;;;OR21;OR1;OR21;CST;MCO;OK;02/07/2004;02/07/2004;C;OPT;C;TR;RF19;48;48;0;4;;4;508,4264;;;02/07/2004;;;;
6479265;HORS TERRITOIRE;IRS - 72FO - AV DE CLICHY/AV BERTHE MORISOT/PICASSO;;;SFR_COLL;DSP_MAJ_IRISE;;;OR21;OR1;OR21;CST;MCO;OK;27/05/2013;27/05/2013;C;OPT;C;TR;RF28;72;47;25;6;;4;103,4759;;;27/05/2013;;;;
15505316;TERRITOIRE;IRISE - 24FO -  AVENUE DU MARECHAL JUIN / PRC IRISE - CAMERA PDL 10;;;SFR_COLL;DSP_MAJ_IRISE;;;OR21;OR1;OR21;CST;MCO;OK;06/08/2019;06/08/2019;C;OPT;C;DI;RF29;24;22;2;4;;5;8,3721;;;06/08/2019;;;;
17201654;TERRITOIRE;IRS - 36 FO - 21 RUE MEUNIER / FT 673 - 6 RUE PABLO NERUDA;;;SFR_COLL;DSP_MAJ_IRISE;;;OR21;OR1;OR21;CST;MCO;OK;28/01/2020;28/01/2020;C;OPT;C;TR;RF50;36;36;0;3;;4;1127,5127;;;28/01/2020;;;;
7953224;TERRITOIRE;IRS - 72FO - 198 RUE DE FONTENAY BPE 1 / 108 BIS RUE DE VINCENNES;;;SFR_COLL;DSP_MAJ_IRISE;;;OR21;OR1;OR21;CST;MCO;OK;17/03/2014;17/03/2014;C;OPT;C;TR;RF28;72;66;6;6;;4;530,1147;;;17/03/2014;;;;
6574305;TERRITOIRE;IRS - PHILIBERT HOFFMAN_FRERES LUMIERE/FACE 108 ALSACE LORRAINE;;;SFR_COLL;DSP_MAJ_IRISE;;;OR21;OR1;OR21;CST;MCO;OK;06/01/2009;06/01/2009;C;OPT;C;LH;RF40;144;87;57;12;;4;507,7801;;;06/01/2009;;;;
4598990;TERRITOIRE;IRS - BPE DEVANT MAIRIE/MAIRIE DE COURBEVOIE;;;SFR_COLL;DSP_MAJ_IRISE;;;OR21;OR1;OR21;CST;MCO;OK;30/01/2001;30/01/2001;C;OPT;C;TR;RF42;36;35;1;6;;4;121,4587;;;30/01/2001;;;;
4599043;TERRITOIRE;IRS - 144FO INTRA-SITE - POP GENERALI - ODF B/ODF B - BO;;;SFR_COLL;DSP_MAJ_IRISE;;;OR21;OR1;OR21;CST;MCO;OK;11/07/2003;11/07/2003;C;OPT;C;LH;RF40;144;72;72;12;;4;141,7210;;;11/07/2003;;;;
4605064;HORS TERRITOIRE;IRS - IRU LD A CONFIRMER - CH COLT/CAA NOISY;;;SFR_COLL;DSP_MAJ_IRISE;;;OR21;OR1;OR21;CST;MCO;OK;02/01/2003;02/01/2003;C;OPT;C;DI;RF71;24;15;9;12;;5;16,9076;;;02/01/2003;;;;
4605081;TERRITOIRE;IRS - N-1 CAA VILLETTE/ENTRE TELCITE;;;SFR_COLL;DSP_MAJ_IRISE;;;OR21;OR1;OR21;CST;MCO;OK;01/01/2003;01/01/2003;C;OPT;C;TR;RF41;72;24;48;6;;5;80,3943;;;01/01/2003;;;;
4603705;TERRITOIRE;IRS - 72FO - LAFERRIERE-PLAISANCE/THOMEREAU-TASSIGNY;;;SFR_COLL;DSP_MAJ_IRISE;;;OR21;OR1;OR21;CST;MCO;OK;15/05/2004;15/05/2004;C;OPT;C;TR;RF16;72;16;56;6;;4;585,8234;;;15/05/2004;;;;
4631219;TERRITOIRE;IRS-MARRONIERS-HELBRONNER/BAUER - MONET;;;SFR_COLL;DSP_MAJ_IRISE;;;OR21;OR1;OR21;CST;MCO;OK;09/04/2009;09/04/2009;C;OPT;C;TR;RF19;48;29;19;4;;4;249,0553;;;09/04/2009;;;;
4630671;TERRITOIRE;IRS - 24FO - POP BNP RIMET ADDUCTION SUD/CINQ NATIONS;;;SFR_COLL;DSP_MAJ_IRISE;;;OR21;OR1;OR21;CST;MCO;OK;08/07/2008;08/07/2008;C;OPT;C;DI;RF15;24;22;2;4;;4;101,1872;;;08/07/2008;;;;
7728039;TERRITOIRE;144 FO - LD - 51 AV FREDERIC ET IRENE JOLIOT CURIE/CGTEL P9210/PT13000;;;SFR_COLL;DSP_MAJ_IRISE;;;OR21;OR1;OR21;CST;MCO;OK;21/01/2014;21/01/2014;C;OPT;C;LH;RF22;144;140;4;12;;4;95,5677;;;21/01/2014;;;;
4602985;TERRITOIRE;IRS - 48FO - CODE LD - 1839 RUE DU VIEUX PONT DE SEVRES/2 RUE DU HAMEAU FLEUR;;;SFR_COLL;DSP_MAJ_IRISE;;;OR21;OR1;OR21;CST;MCO;OK;02/07/2004;02/07/2004;C;OPT;C;TR;RF19;48;48;0;4;;4;573,0589;;;02/07/2004;;;;
4597651;TERRITOIRE;IRS - 48FO - N-1/BATIMENT C BOBIGNY;;;SFR_COLL;DSP_MAJ_IRISE;;;OR21;OR1;OR21;CST;MCO;OK;26/02/2007;26/02/2007;C;OPT;C;TR;RF19;48;48;0;4;;4;206,3265;;;26/02/2007;;;;
7049810;TERRITOIRE;IRS - 144FO - RUE MAUREPAS/ FT 1014 - IRS - ANGLE STALINGRAD / PIERRE BIGLE;;;SFR_COLL;DSP_MAJ_IRISE;;;OR21;OR1;OR21;CST;MCO;OK;16/07/2013;16/07/2013;C;OPT;C;LH;RF22;144;140;4;12;;4;381,3370;;;16/07/2013;;;;
4608930;HORS TERRITOIRE;IRS - ADD2 MURET (BA);;;SFR_COLL;DSP_MAJ_IRISE;;;OR21;OR1;OR21;CST;MCO;OK;30/10/2007;30/10/2007;C;OPT;C;DI;RF15;24;20;4;4;;4;186,0631;;;30/10/2007;;;;
6300052;TERRITOIRE;IRS - 144FO - 13 RUE CARNOT (BOBIGNY) - BPE1/PAUL VAILLANT COURTURIER/YOURI GAGRINE (BOBIGNY) - BPE1;;;SFR_COLL;DSP_MAJ_IRISE;;;OR21;OR1;OR21;CST;MCO;OK;30/04/2013;30/04/2013;C;OPT;C;LH;RF22;144;136;8;12;;4;892,0172;;;30/04/2013;;;;
12653537;TERRITOIRE;IRS - 12FO - IRS - 131 AV DE LA VICTOIRE / IRS - 106 AVENUE DE LA VICTOIRE;;;SFR_COLL;DSP_MAJ_IRISE;;;OR21;OR1;OR21;CST;MCO;OK;20/03/2018;20/03/2018;C;OPT;C;DI;RF37;12;10;2;2;;5;299,7694;;;20/03/2018;;;;
4609300;TERRITOIRE;IRS - NEW 72FO - D30 AV DE LA REPUBLIQUE/J RICHARD;;;SFR_COLL;DSP_MAJ_IRISE;;;OR21;OR1;OR21;CST;MCO;OK;06/07/2005;06/07/2005;C;OPT;C;TR;RF16;72;43;29;6;;4;1593,9865;;;06/07/2005;;;;
21878837;HORS TERRITOIRE;IRS - 24FO -  FT399 - AVENUE AUGUSTE RODIN / FT 503 RUE DE FRIEDBERG;;;SFR_COLL;DSP_MAJ_IRISE;;;OR21;OR1;OR21;CST;MCO;OK;14/01/2021;14/01/2021;C;OPT;C;DI;RF29;24;22;2;4;;5;700,8456;;;14/01/2021;;;;
13919078;HORS TERRITOIRE;12 FO - IRISE -  FT 441 - RUE DU GENERAL GALLIENI / POP MAIRIE VILLIERS SUR MARNE - AA;;;SFR_COLL;DSP_MAJ_IRISE;;;OR21;OR1;OR21;CST;MCO;OK;02/01/2019;02/01/2019;C;OPT;C;DI;RF27;12;0;12;2;;5;24,7071;;;02/01/2019;;;;
4609695;TERRITOIRE;IRS - 72FO - ANGLE VOLTAIRE_PROGRES/ANGLE MARCEAU_DIDEROT;;;SFR_COLL;DSP_MAJ_IRISE;;;OR21;OR1;OR21;CST;MCO;OK;04/02/2008;04/02/2008;C;OPT;C;TR;RF16;72;68;4;6;;4;386,2397;;;04/02/2008;;;;
6628691;TERRITOIRE;IRS - 72 FO - AV CHARLES DE GAULLE N-1 B2S LE SIGNAC/B2S LE SIGNAC(GENNEVILLIERS);;;SFR_COLL;DSP_MAJ_IRISE;;;OR21;OR1;OR21;CST;MCO;OK;10/06/2013;10/06/2013;C;OPT;C;TR;RF28;72;71;1;6;;4;177,6231;;;10/06/2013;;;;
7166339;TERRITOIRE;IRS - 144FO - FT - 13 AVENUE HENRI MARTIN (NANTERRE) / FT - IRS - 76 RUE RAYMON BARBET (NANTERRE);;;SFR_COLL;DSP_MAJ_IRISE;;;OR21;OR1;OR21;CST;MCO;OK;31/07/2013;31/07/2013;C;OPT;C;LH;RF22;144;140;4;12;;4;1072,6514;;;31/07/2013;;;;
7470307;HORS TERRITOIRE;IRS - 144FO - 197 BOULEVARD DE PONTOISE / 224 BOULEVARD DE PONTOISE;;;SFR_COLL;DSP_MAJ_IRISE;;;OR21;OR1;OR21;CST;MCO;OK;05/11/2013;05/11/2013;C;OPT;C;LH;RF22;144;132;12;12;;4;108,2704;;;05/11/2013;;;;
4608781;TERRITOIRE;IRS - 12FO - RUE NUNGESSER ET COLI/COMPLEXE SPORTIF 2 (Gymnase) PIERREFITTE;;;SFR_COLL;DSP_MAJ_IRISE;;;OR21;OR1;OR21;CST;MCO;OK;28/07/2005;28/07/2005;C;OPT;C;DI;RF14;12;8;4;2;;4;47,3506;;;28/07/2005;;;;
15505318;TERRITOIRE;IRISE - 24 FO - POP 144 RUE DE PARIS LES LILAS / POP 144 LES LILAS - AA;;;SFR_COLL;DSP_MAJ_IRISE;;;OR21;OR1;OR21;CST;MCO;OK;06/08/2019;06/08/2019;C;OPT;C;DI;RF29;24;18;6;4;;5;112,2696;;;06/08/2019;;;;
33615778;TERRITOIRE;IRS - 12FO -  RUE DU 11 NOVEMBRE / POP RELAIS PETITE ENFANCE BARTHELEMY MONTROUGE;;;SFR_COLL;DSP_MAJ_IRISE;;;OR21;OR1;OR21;CST;MCO;OK;06/09/2022;06/09/2022;C;OPT;C;DI;RF37;12;10;2;2;;5;308,0765;;;06/09/2022;;;;
4607866;TERRITOIRE;IRS - 48FO MATERNELLE_SAUSSAIE (D32)/ERMITAGE (D25);;;SFR_COLL;DSP_MAJ_IRISE;;;OR21;OR1;OR21;CST;MCO;OK;17/07/2009;17/07/2009;C;OPT;C;TR;RF19;48;46;2;4;;4;214,9866;;;17/07/2009;;;;
4597100;TERRITOIRE;IRS - 36FO - AV PIERRE BROSSOLETTE IRISE/N-1 AUTOCOM MONTROUGE;;;SFR_COLL;DSP_MAJ_IRISE;;;OR21;OR1;OR21;CST;MCO;OK;20/06/2002;20/06/2002;C;OPT;C;TR;RF42;36;4;32;6;;4;455,0112;;;20/06/2002;;;;
4613094;HORS TERRITOIRE;IRS - 72FO - GARE DE CHILLY MAZARIN/ZI DE LA VIGNE AUX LOUPS;;;SFR_COLL;DSP_MAJ_IRISE;;;OR21;OR1;OR21;CST;MCO;OK;15/05/2006;15/05/2006;C;OPT;C;TR;RF41;72;48;24;6;;5;946,5108;;;15/05/2006;;;;
4612490;TERRITOIRE;IRS - 48FO - 1 PASSAGE LACOUR/IRS - SANZILLON_HUGO;;;SFR_COLL;DSP_MAJ_IRISE;;;OR21;OR1;OR21;CST;MCO;OK;05/11/2007;05/11/2007;C;OPT;C;TR;RF19;48;17;31;4;;4;810,3886;;;05/11/2007;;;;
4629146;TERRITOIRE;IRS - 72FO - 16 MARCEL DASSAULT / 14 RUE VANZUPPE;;;SFR_COLL;DSP_MAJ_IRISE;;;OR21;OR1;OR21;CST;MCO;OK;01/07/2008;01/07/2008;C;OPT;C;TR;RF16;72;68;4;6;;4;122,4287;;;01/07/2008;;;;
8570819;TERRITOIRE;IRS - 144FO - 14BIS RUE DES RESERVOIRS (JOINVILLE LE PONT)/QUAI BROSSOLETTE (JOINVILLE);;;SFR_COLL;DSP_MAJ_IRISE;;;OR21;OR1;OR21;CST;MCO;OK;10/09/2014;10/09/2014;C;OPT;C;LH;RF22;144;142;2;12;;4;566,2199;;;10/09/2014;;;;
6639570;TERRITOIRE;IRS - 144 FO - IRS - RUE ARCUEIL (RUNGIS) - BPE 2 / IRS - FT_463 - RUE LE CORBUSIER (RUNGIS);;;SFR_COLL;DSP_MAJ_IRISE;;;OR21;OR1;OR21;CST;MCO;OK;10/06/2013;10/06/2013;C;OPT;C;LH;RF22;144;143;1;12;;4;294,7982;;;10/06/2013;;;;
4614988;TERRITOIRE;IRS - 24FO - RUE JEAN MERMOZ / POP CMS MOULINS;;;SFR_COLL;DSP_MAJ_IRISE;;;OR21;OR1;OR21;CST;MCO;OK;03/02/2010;03/02/2010;C;OPT;C;DI;RF15;24;20;4;4;;4;163,0823;;;03/02/2010;;;;
4608593;TERRITOIRE;IRS - 72FO - POP ESSEN RUNGIS SILIC/BPE IMMEUBLE IENA RUNGIS - AB;;;SFR_COLL;DSP_MAJ_IRISE;;;OR21;OR1;OR21;CST;MCO;OK;17/01/2006;17/01/2006;C;OPT;C;TR;RF16;72;53;19;6;;4;308,6831;;;17/01/2006;;;;
15955585;TERRITOIRE;IRS - 12 FO - RUE DAMIER (VILLEJUIF) / POP GROUPE SCOLAIRE ROBESPIERRE VILLEJUIF - AA;;;SFR_COLL;DSP_MAJ_IRISE;;;OR21;OR1;OR21;CST;MCO;OK;25/09/2019;25/09/2019;C;OPT;C;DI;RF27;12;10;2;2;;5;39,6724;;;25/09/2019;;;;
4600045;TERRITOIRE;IRS - 12FO - BARBUSSE- MAIRIE DE COLOMBES;;;SFR_COLL;DSP_MAJ_IRISE;;;OR21;OR1;OR21;CST;MCO;OK;19/04/2004;19/04/2004;C;OPT;C;DI;RF38;12;11;1;1;;4;266,5475;;;19/04/2004;;;;
4625975;TERRITOIRE;IRS - 48FO - BD GAL LECLERC CLICHY /54 RUE DU LANDY (CLICHY);;;SFR_COLL;DSP_MAJ_IRISE;;;OR21;OR1;OR21;CST;MCO;OK;20/02/2008;20/02/2008;C;OPT;C;TR;RF19;48;37;11;4;;4;339,2931;;;20/02/2008;;;;
16702822;TERRITOIRE;IRS - 144FO - FT 1421 - 176 LAENNEC / FT 1827 - 51 RUE JACQUES DUCLOS;;;SFR_COLL;DSP_MAJ_IRISE;;;OR21;OR1;OR21;CST;MCO;OK;06/12/2019;06/12/2019;C;OPT;C;LH;RF22;144;144;0;12;;4;1352,7732;;;06/12/2019;;;;
4613050;TERRITOIRE;IRS-PONT DE CHARENTON/PK 17900 MAISON ALFORT;;;SFR_COLL;DSP_MAJ_IRISE;;;OR21;OR1;OR21;CST;MCO;OK;12/05/2006;12/05/2006;C;OPT;C;TR;RF16;72;54;18;6;;4;9,2199;;;12/05/2006;;;;
25267298;TERRITOIRE;24FO - IRISE - AVENUE DU MARECHAL JUIN / IRISE - N-1 HOTEL DE VILLE;;;SFR_COLL;DSP_MAJ_IRISE;;;OR21;OR1;OR21;CST;MCO;OK;18/08/2021;18/08/2021;C;OPT;C;DI;RF29;24;22;2;4;;5;552,7011;;;18/08/2021;;;;
10990476;TERRITOIRE;IRS - 144 FO - IRS AV DU GENERAL LECLERC / BI 6 BLVD CARNOT;;;SFR_COLL;DSP_MAJ_IRISE;;;OR21;OR1;OR21;CST;MCO;OK;04/06/2013;04/06/2013;C;OPT;C;LH;RF22;144;144;0;12;;4;103,8759;;;04/06/2013;;;;
22101860;TERRITOIRE;12 FO - BPE FT768 / POP CRECHE ET MULTI-ACCUEIL MIRIAM MAKEBA (EX EGLANTINE) MONTREUIL;;;SFR_COLL;DSP_MAJ_IRISE;;;OR21;OR1;OR21;CST;MCO;OK;01/02/2021;01/02/2021;C;OPT;C;DI;RF27;12;8;4;2;;5;51,6071;;;01/02/2021;;;;
7188376;TERRITOIRE;IRS - 12FO - XCO TCT/IRS - 14BIS RUE DES RESERVOIRS;;;SFR_COLL;DSP_MAJ_IRISE;;;OR21;OR1;OR21;CST;MCO;OK;08/08/2013;08/08/2013;C;OPT;C;DI;RF45;12;10;2;2;;4;12,5684;;;08/08/2013;;;;
4609277;TERRITOIRE;IRS - 12FO - RUE DU 11 NOVEMBRE/CRECHE DU 11 NOVEMBRE MONTROUGE;;;SFR_COLL;DSP_MAJ_IRISE;;;OR21;OR1;OR21;CST;MCO;OK;18/01/2006;18/01/2006;C;OPT;C;DI;RF14;12;4;8;2;;4;27,1660;;;18/01/2006;;;;
22216098;TERRITOIRE;IRS - 12 FO - FT N-1 THEATRE FIRMIN PISCINE CHATENAY MALABRY / POP THEATRE FIRMIN PISCINE CHATENAY MALABRY - AA;;;SFR_COLL;DSP_MAJ_IRISE;;;OR21;OR1;OR21;CST;MCO;OK;09/02/2021;09/02/2021;C;OPT;C;DI;RF119;12;10;2;2;;5;39,2432;;;09/02/2021;;;;
4598292;TERRITOIRE;IRS - ANGLE ANATOLE-MICHELET/RUE DU BAC-1;;;SFR_COLL;DSP_MAJ_IRISE;;;OR21;OR1;OR21;CST;MCO;OK;04/05/2005;04/05/2005;C;OPT;C;LH;RF40;144;64;80;12;;4;29,6251;;;04/05/2005;;;;
4602624;TERRITOIRE;IRS - 81 RUE DE FONTENAY/MAIRIE DE VINCENNES;;;SFR_COLL;DSP_MAJ_IRISE;;;OR21;OR1;OR21;CST;MCO;OK;01/01/2003;01/01/2003;C;OPT;C;DI;RF67;24;6;18;2;;5;225,7830;;;01/01/2003;;;;
4633298;TERRITOIRE;IRS - 48FO SERVICE_TECHNIQUE (D67)/COLLEGE_LIBERTE (D68);;;SFR_COLL;DSP_MAJ_IRISE;;;OR21;OR1;OR21;CST;MCO;OK;20/07/2009;20/07/2009;C;OPT;C;TR;RF19;48;46;2;4;;4;46,1816;;;20/07/2009;;;;
18379878;TERRITOIRE;IRS - 36 FO - 52 ROUTE DES FUSILLES DE LA RESISTANCE (NANTERRE) / FT 710 - 30 RUE DES CHERCHEVETS ( SURESNES);;;SFR_COLL;DSP_MAJ_IRISE;;;OR21;OR1;OR21;CST;MCO;OK;14/05/2020;14/05/2020;C;OPT;C;TR;RF50;36;36;0;6;;4;777,4524;;;14/05/2020;;;;
4607875;HORS TERRITOIRE;IRS - BAGUETTE 48FO ROUTE DE GONESSE VERS 144FO GLC;;;SFR_COLL;DSP_MAJ_IRISE;;;OR21;OR1;OR21;CST;MCO;OK;06/10/2005;06/10/2005;C;OPT;C;TR;RF19;48;36;12;4;;4;13,3417;;;06/10/2005;;;;
20013154;TERRITOIRE;72 FO - IRS - 8 RUE GALILEE / 25 BOULEVARD DU COLONEL FABIEN - MAZET IRISE;;;SFR_COLL;DSP_MAJ_IRISE;;;OR21;OR1;OR21;CST;MCO;OK;07/09/2020;07/09/2020;C;OPT;C;TR;RF55;72;70;2;12;;4;451,7274;;;07/09/2020;;;;
4636548;TERRITOIRE;IRS - 24FO - SITE EDF/IRS RUE BERTHOLLET - AA;;;SFR_COLL;DSP_MAJ_IRISE;;;OR21;OR1;OR21;CST;MCO;OK;27/06/2011;27/06/2011;C;OPT;C;DI;RF15;24;22;2;4;;4;128,4264;;;27/06/2011;;;;
19140516;TERRITOIRE;IRS - 24FO - FT 2713 - 120 BOULEVARD DE STALINGRAD /POP MAISON ASVP CHAMPIGNY SUR MARNE - AA;;;SFR_COLL;DSP_MAJ_IRISE;;;OR21;OR1;OR21;CST;MCO;OK;05/07/2020;05/07/2020;C;OPT;C;DI;RF27;12;10;2;2;;5;180,3137;;;05/07/2020;;;;
7443442;HORS TERRITOIRE;IRS - 144FO - N-1 POP NOVOTEL PARC CERGY PONTOISE / ANGLZ AV DU PARC/BD DE L'HAUTIL;;;SFR_COLL;DSP_MAJ_IRISE;;;OR21;OR1;OR21;CST;MCO;OK;28/10/2013;28/10/2013;C;OPT;C;LH;RF22;144;142;2;12;;4;386,0435;;;28/10/2013;;;;
4604746;TERRITOIRE;IRS - 72FO IRS - BOITIER IMMEUBLE DAIKIN/38 RUE HAUTES PATURES;;;SFR_COLL;DSP_MAJ_IRISE;;;OR21;OR1;OR21;CST;MCO;OK;20/07/2007;20/07/2007;C;OPT;C;TR;RF16;72;70;2;6;;4;50,0472;;;20/07/2007;;;;
4622132;TERRITOIRE;IRS - 72FO - N-1 ADD2 CHENNEVRIER / IMPASSE PRE DIMANCHE;;;SFR_COLL;DSP_MAJ_IRISE;;;OR21;OR1;OR21;CST;MCO;OK;29/06/2011;29/06/2011;C;OPT;C;TR;RF16;72;68;4;6;;4;192,8926;;;29/06/2011;;;;
4597831;TERRITOIRE;IRS - 24FO - 2 AV DES VIOLETTES/POP DSP DSEA2;;;SFR_COLL;DSP_MAJ_IRISE;;;OR21;OR1;OR21;CST;MCO;OK;01/02/2010;01/02/2010;C;OPT;C;DI;RF15;24;20;4;4;;4;27,0908;;;01/02/2010;;;;
12932591;TERRITOIRE;IRS - 72 FO - ANGLE MARCEL SEMBAT-SEVERINE/ BI POP AP-HP KB - GAINE TECHNIQUE - SOUS SOL-1 - SALLE ARCHIVE;;;SFR_COLL;DSP_MAJ_IRISE;;;OR21;OR1;OR21;CST;MCO;OK;05/06/2018;05/06/2018;C;OPT;C;TR;RF94;72;54;18;6;;5;172,9115;;;05/06/2018;;;;
5589665;HORS TERRITOIRE;IRS - 36 FO - LD - POP MANITOU / RUE DU GROS MURGER - AA;;;SFR_COLL;DSP_MAJ_IRISE;;;OR21;OR1;OR21;CST;MCO;OK;31/01/2013;31/01/2013;C;OPT;C;TR;RF26;36;34;2;6;;4;940,9727;;;31/01/2013;;;;
4605918;TERRITOIRE;IRS - 22 AV RAYMOND ARON/POP SANOFI ANTONY - AA;;;SFR_COLL;DSP_MAJ_IRISE;;;OR21;OR1;OR21;CST;MCO;OK;28/04/2004;28/04/2004;C;OPT;C;DI;RF14;12;10;2;2;;4;138,6374;;;28/04/2004;;;;
4614444;TERRITOIRE;IRS - 35 RUE GABRIEL PERI/29 RUE JB POTIN;;;SFR_COLL;DSP_MAJ_IRISE;;;OR21;OR1;OR21;CST;MCO;OK;18/09/2007;18/09/2007;C;OPT;C;TR;RF16;72;68;4;6;;4;701,4651;;;18/09/2007;;;;
25267297;TERRITOIRE;24FO - IRISE - N-1 HOTEL DE VILLE / POP HOTEL DE VILLE LES LILAS;;;SFR_COLL;DSP_MAJ_IRISE;;;OR21;OR1;OR21;CST;MCO;OK;18/08/2021;18/08/2021;C;OPT;C;DI;RF29;24;22;2;4;;5;49,1428;;;18/08/2021;;;;
29450979;TERRITOIRE;IRS - 43 AV DE LA MARNE (MONTROUGE) / POP N003 CHAMBRE IRISE - AA;;;SFR_COLL;DSP_MAJ_IRISE;;;OR21;OR1;OR21;CST;MCO;OK;09/02/2022;09/02/2022;C;OPT;C;DI;RF37;12;10;2;2;;5;249,5128;;;09/02/2022;;;;
36608422;TERRITOIRE;CH SAT SECURISEE CAM50_FT1016 / CH SAT SECURISEE CAM20_FT995;;;SFR_COLL;DSP_MAJ_IRISE;;;OR21;OR1;OR21;CST;MCO;OK;08/02/2023;08/02/2023;C;OPT;C;DI;RF27;12;10;2;2;;5;204,8616;;;08/02/2023;;;;
43928099;TERRITOIRE;IRS - 36FO - BOITIER IMMEUBLE DAIKIN/POP DAIKIN NANTERRE;;;SFR_COLL;DSP_MAJ_IRISE;;;OR21;OR1;OR21;CST;MCO;OK;20/12/2004;20/12/2004;C;OPT;C;TR;RF42;36;36;0;6;;4;11,4759;;;20/12/2004;;;;
4610208;TERRITOIRE;IRS - 8 D22 RUE DHALENNE/81 RUE DHALENNE;;;SFR_COLL;DSP_MAJ_IRISE;;;OR21;OR1;OR21;CST;MCO;OK;25/07/2006;25/07/2006;C;OPT;C;LH;RF40;144;59;85;12;;4;526,0114;;;25/07/2006;;;;
4617952;TERRITOIRE;IRS - 48FO - GAMBETTA-LAHAYE/CAABAG/PT345;;;SFR_COLL;DSP_MAJ_IRISE;;;OR21;OR1;OR21;CST;MCO;OK;04/11/2010;04/11/2010;C;OPT;C;TR;RF19;48;18;30;4;;4;201,2542;;;04/11/2010;;;;
8072275;TERRITOIRE;BAG 72FO CAMILLE DESMOULINS BPE.1/BPE.2;;;SFR_COLL;DSP_MAJ_IRISE;;;OR21;OR1;OR21;CST;MCO;OK;20/08/2002;20/08/2002;C;OPT;C;TR;RF16;72;11;61;6;;4;8,0749;;;20/08/2002;;;;
33275306;TERRITOIRE;IRS - 12FO - PRC CAM 80-80 A ROSNY SOUS BOIS_FT100 / PRC CAM 72-73 A ROSNY SOUS BOIS_FT79;;;SFR_COLL;DSP_MAJ_IRISE;;;OR21;OR1;OR21;CST;MCO;OK;17/08/2022;17/08/2022;C;OPT;C;DI;RF27;12;11;1;2;;5;384,2781;;;17/08/2022;;;;
27470820;TERRITOIRE;IRS - 12FO - FT 167 - 303 MAIL DE LA RESISTANCE (BONEUIL SUR MARNE) / POP RAM CRECHE MATIN DU MONDE;;;SFR_COLL;DSP_MAJ_IRISE;;;OR21;OR1;OR21;CST;MCO;OK;22/11/2021;22/11/2021;C;OPT;C;DI;RF27;12;10;2;2;;5;330,2640;;;22/11/2021;;;;
4606494;TERRITOIRE;IRS - BD MELIES-PASTEUR/BD JEAN MONNET NOISY - BPE 1;;;SFR_COLL;DSP_MAJ_IRISE;;;OR21;OR1;OR21;CST;MCO;OK;07/02/2005;07/02/2005;C;OPT;C;TR;RF19;48;28;20;4;;4;1203,7433;;;07/02/2005;;;;
4610277;TERRITOIRE;IRS - 48FO - METALLURGIE-EIIFFEL/IMPASSE SAINT JUST  ATTENTION TRACE INCERTAIN;;;SFR_COLL;DSP_MAJ_IRISE;;;OR21;OR1;OR21;CST;MCO;OK;20/02/2007;20/02/2007;C;OPT;C;TR;RF19;48;44;4;4;;4;193,5215;;;20/02/2007;;;;
4600016;TERRITOIRE;IRS - 72FO - VERS RUE VOLTAIRE-RUE DU PROGRES/FONTENAY-MONTREUIL;;;SFR_COLL;DSP_MAJ_IRISE;;;OR21;OR1;OR21;CST;MCO;OK;04/10/2004;04/10/2004;C;OPT;C;TR;RF16;72;49;23;6;;4;511,9048;;;04/10/2004;;;;
4633210;TERRITOIRE;IRS - 24FO BI/POP MAISON_D'ACCUEIL (E04) - AA;;;SFR_COLL;DSP_MAJ_IRISE;;;OR21;OR1;OR21;CST;MCO;OK;28/07/2009;28/07/2009;C;OPT;C;DI;RF15;24;18;6;4;;4;14,2125;;;28/07/2009;;;;
4606019;TERRITOIRE;IRS - 15 RUE DES PECHERS/ANGLE SUEUR DUNANT;;;SFR_COLL;DSP_MAJ_IRISE;;;OR21;OR1;OR21;CST;MCO;OK;19/08/2010;19/08/2010;C;OPT;C;TR;RF16;72;68;4;6;;4;191,5067;;;19/08/2010;;;;
7134471;TERRITOIRE;IRS - 144FO - 34 BD ANTOINE FRATACCI / 15 RUE ERNEST LAVAL;;;SFR_COLL;DSP_MAJ_IRISE;;;OR21;OR1;OR21;CST;MCO;OK;22/07/2013;22/07/2013;C;OPT;C;LH;RF22;144;122;22;12;;4;351,3880;;;22/07/2013;;;;
21912417;TERRITOIRE;IRS - 36 FO - 2 RUE SEVERINE / FT 23 - 39 RUE DU PROFESSEUR;;;SFR_COLL;DSP_MAJ_IRISE;;;OR21;OR1;OR21;CST;MCO;OK;18/01/2021;18/01/2021;C;OPT;C;TR;RF50;36;36;0;3;;4;976,3025;;;18/01/2021;;;;
15004839;TERRITOIRE;IRS - BI / APHP MONDOR VERS EQT - AC;;;SFR_COLL;DSP_MAJ_IRISE;;;OR21;OR1;OR21;CST;MCO;OK;11/06/2019;11/06/2019;C;OPT;C;DI;RF29;24;16;8;4;;5;51,4216;;;11/06/2019;;;;
4608596;TERRITOIRE;IRS - 72FO - RUE D'ARCEUIL/SOLETS-ARCEUIL RUNGIS;;;SFR_COLL;DSP_MAJ_IRISE;;;OR21;OR1;OR21;CST;MCO;OK;17/01/2006;17/01/2006;C;OPT;C;TR;RF16;72;54;18;6;;4;299,8883;;;17/01/2006;;;;
7478996;HORS TERRITOIRE;IRS - 24FO - LD - IRS - NEW RUE VAUGIRARD / POP URSSAF (NOISY LE GRAND);;;SFR_COLL;DSP_MAJ_IRISE;;;OR21;OR1;OR21;CST;MCO;OK;07/11/2013;07/11/2013;C;OPT;C;DI;RF30;24;22;2;4;;4;118,2490;;;07/11/2013;;;;
7340097;TERRITOIRE;IRS - 24FO - ZONE D'ACTIVITES MURE/POP MILS ZONE D'ACTIVITES MURE ILOT IVRY SUR SEINE - AA;;;SFR_COLL;DSP_MAJ_IRISE;;;OR21;OR1;OR21;CST;MCO;OK;27/09/2013;27/09/2013;C;OPT;C;DI;RF30;24;24;0;4;;4;110,3579;;;27/09/2013;;;;
4635657;TERRITOIRE;IRS - 24FO - LAFERRIERE PLAISANCE/COLLEGE PLAISANCE - AA;;;SFR_COLL;DSP_MAJ_IRISE;;;OR21;OR1;OR21;CST;MCO;OK;23/02/2011;23/02/2011;C;OPT;C;DI;RF15;24;20;4;4;;4;61,5927;;;23/02/2011;;;;
4609731;TERRITOIRE;IRS - TIMBAUD-PAIX/CEM GENNEVILLIERS;;;SFR_COLL;DSP_MAJ_IRISE;;;OR21;OR1;OR21;CST;MCO;OK;31/03/2005;31/03/2005;C;OPT;C;TR;RF42;36;32;4;6;;4;193,5858;;;31/03/2005;;;;
4609924;TERRITOIRE;IRS - 24FO - ANGLE MARCEAU_DIDEROT/POP UBISOFT MARCEAU MONTREUIL - AA;;;SFR_COLL;DSP_MAJ_IRISE;;;OR21;OR1;OR21;CST;MCO;OK;03/01/2008;03/01/2008;C;OPT;C;DI;RF15;24;20;4;4;;4;36,3455;;;03/01/2008;;;;
4630968;TERRITOIRE;IRS - 24FO BI/POP CRECHE_PMI (D56);;;SFR_COLL;DSP_MAJ_IRISE;;;OR21;OR1;OR21;CST;MCO;OK;27/07/2009;27/07/2009;C;OPT;C;DI;RF15;24;20;4;4;;4;18,0278;;;27/07/2009;;;;
4637355;HORS TERRITOIRE;IRS-24-BPE GENERALLI LUNDBECK/BI VERIZON GENERALLI LUNDBECK;;;SFR_COLL;DSP_MAJ_IRISE;;;OR21;OR1;OR21;CST;MCO;OK;13/05/2011;13/05/2011;C;OPT;C;DI;RF15;24;18;6;4;;4;23,7807;;;13/05/2011;;;;
7531745;TERRITOIRE;IRS - 48FO - POP MAIRIE DE BAGNOLET PAUL VAILLANT COUTURIER BAGNOLET/6 RUE HOCHE - AA;;;SFR_COLL;DSP_MAJ_IRISE;;;OR21;OR1;OR21;CST;MCO;OK;22/11/2013;22/11/2013;C;OPT;C;TR;RF60;48;24;24;8;;4;44,5833;;;22/11/2013;;;;
21349234;TERRITOIRE;IRS - 144 FO - FT743 RUE GARIBALDI / FT 221 - 6 BOULEVARD DE CRETEIL;;;SFR_COLL;DSP_MAJ_IRISE;;;OR21;OR1;OR21;CST;MCO;OK;04/12/2020;04/12/2020;C;OPT;C;LH;RF22;144;144;0;12;;4;1199,3848;;;04/12/2020;;;;
30056752;TERRITOIRE;IRS -  - 12 FO - 30 BD PASTEUR (AUBERVILLIERS) / POP ECOLE CHARLIE CHAPLIN  LA COURNEUVE  - AA;;;SFR_COLL;DSP_MAJ_IRISE;;;OR21;OR1;OR21;CST;MCO;OK;10/03/2022;10/03/2022;C;OPT;C;DI;RF27;12;10;2;2;;5;727,7906;;;10/03/2022;;;;
22847783;TERRITOIRE;IRS - 12FO - FT1086 - 34 RUE COLBERT / POP ECOLE MATERNELLE ANNE FRANK MONTREUIL - AA;;;SFR_COLL;DSP_MAJ_IRISE;;;OR21;OR1;OR21;CST;MCO;OK;24/03/2021;24/03/2021;C;OPT;C;DI;RF27;12;8;4;2;;5;40,7664;;;24/03/2021;;;;
34015458;TERRITOIRE;IRS - 72 FO - FT1622 - 2 RUE DES GROS GRES /  FT2365 - 7 RUE LEO BOURGEOIS;;;SFR_COLL;DSP_MAJ_IRISE;;;OR21;OR1;OR21;CST;MCO;OK;26/09/2022;26/09/2022;C;OPT;C;TR;RF28;72;72;0;6;;4;430,1554;;;26/09/2022;;;;
4606523;HORS TERRITOIRE;IRS - VERS 48FO GLC - A CONFIRMER;;;SFR_COLL;DSP_MAJ_IRISE;;;OR21;OR1;OR21;CST;MCO;OK;09/02/2005;09/02/2005;C;OPT;C;TR;RF113;48;34;14;4;;106;580,3690;;;09/02/2005;;;;
4632263;TERRITOIRE;IRS - 24FO - BI/POP OPAC_143_LGTS (D35);;;SFR_COLL;DSP_MAJ_IRISE;;;OR21;OR1;OR21;CST;MCO;OK;22/07/2009;22/07/2009;C;OPT;C;DI;RF15;24;20;4;4;;4;20,2485;;;22/07/2009;;;;
29171965;TERRITOIRE;IRS - 24FO - IRS - FT2697 - RUE PAUL LAFARGUE (MONTREUIL) - BPE 1 /  FT3434 - RUE JULES VALLES;;;SFR_COLL;DSP_MAJ_IRISE;;;OR21;OR1;OR21;CST;MCO;OK;26/01/2022;26/01/2022;C;OPT;C;DI;RF29;24;22;2;4;;5;438,9420;;;26/01/2022;;;;
4609236;TERRITOIRE;IRS - 36 FO - BI CHAVILLE (GARE) - N-1 CHAVILLE (GARE);;;SFR_COLL;DSP_MAJ_IRISE;;;OR21;OR1;OR21;CST;MCO;OK;17/01/2012;17/01/2012;C;OPT;C;TR;RF42;36;32;4;6;;4;59,4906;;;17/01/2012;;;;
4636696;TERRITOIRE;IRS - 72FO - BI RUE MARIUS SOBRE ARCUEIL/IRS PAUL DOUMER ARCUEIL;;;SFR_COLL;DSP_MAJ_IRISE;;;OR21;OR1;OR21;CST;MCO;OK;20/06/2011;20/06/2011;C;OPT;C;TR;RF16;72;64;8;6;;4;634,8836;;;20/06/2011;;;;
8114243;TERRITOIRE;IRS - 72FO- LD - ANGLE AV 11 NOVEMBRE 1968_JULES FERRAT/ANGLE AV GENERAL LECLERC_BD DE CHEVILLY;;;SFR_COLL;DSP_MAJ_IRISE;;;OR21;OR1;OR21;CST;MCO;OK;25/04/2014;25/04/2014;C;OPT;C;TR;RF28;72;68;4;6;;4;1003,8307;;;25/04/2014;;;;
4607563;TERRITOIRE;IRS - 48FO MAISON_D'ACCUEIL (E04)/SORBIER_BAT_C (E03) - AA;;;SFR_COLL;DSP_MAJ_IRISE;;;OR21;OR1;OR21;CST;MCO;OK;17/07/2009;17/07/2009;C;OPT;C;TR;RF19;48;40;8;4;;4;112,0582;;;17/07/2009;;;;
10801874;TERRITOIRE;24FO - IRS - POP METRO CASH&CARRY GRANDS PRES (NANTERRE) / BI POP METRO CASH&CARRY - AA;;;SFR_COLL;DSP_MAJ_IRISE;;;OR21;OR1;OR21;CST;MCO;OK;21/01/2017;21/01/2017;C;OPT;C;DI;RF115;24;24;0;4;;5;6,5676;;;21/01/2017;;;;
4632217;TERRITOIRE;IRS - 24FO - 49 RUE DHALENNE/;;;SFR_COLL;DSP_MAJ_IRISE;;;OR21;OR1;OR21;CST;MCO;OK;10/04/2009;10/04/2009;C;OPT;C;DI;RF15;24;16;8;4;;4;30,1111;;;10/04/2009;;;;
4604749;TERRITOIRE;IRS - LANDY_FILLETTE (ST DENIS)/RUE DE LA MONJOIE;;;SFR_COLL;DSP_MAJ_IRISE;;;OR21;OR1;OR21;CST;MCO;OK;20/07/2007;20/07/2007;C;OPT;C;LH;RF40;144;126;18;12;;4;594,3665;;;20/07/2007;;;;
4613009;TERRITOIRE;IRS - LANDY_FILLETTES (ST DENIS)/MGP LANDY_FILLETTTES (ST DENIS);;;SFR_COLL;DSP_MAJ_IRISE;;;OR21;OR1;OR21;CST;MCO;OK;30/07/2007;30/07/2007;C;OPT;C;DI;RF38;12;10;2;1;;4;34,6100;;;30/07/2007;;;;
16584040;TERRITOIRE;IRS - 24FO - FT 543 - 109 RUE DE LA REDOUTE / FT 547 - 12 RUE DE LA REDOUTE;;;SFR_COLL;DSP_MAJ_IRISE;;;OR21;OR1;OR21;CST;MCO;OK;26/11/2019;26/11/2019;C;OPT;C;DI;RF29;24;22;2;4;;5;162,1809;;;26/11/2019;;;;
8272241;TERRITOIRE;IRS - 144 FO RUE DE LA MOTTE/POP BELGACOM SALLE 1A03 - AO;;;SFR_COLL;DSP_MAJ_IRISE;;;OR21;OR1;OR21;CST;MCO;OK;12/06/2014;12/06/2014;C;OPT;C;LH;RF22;144;143;1;12;;4;311,7692;;;12/06/2014;;;;
17432033;TERRITOIRE;IRS - 36FO -  FT 175 - 6-10 MAIL DE LA RESISTANCE / ORADOUR GLANE/MICHEL GOUTIER;;;SFR_COLL;DSP_MAJ_IRISE;;;OR21;OR1;OR21;CST;MCO;OK;17/02/2020;17/02/2020;C;OPT;C;TR;RF50;36;36;0;3;;4;787,8115;;;17/02/2020;;;;
6557649;TERRITOIRE;144 FO - IRS - LEDRU-ROLLIN / 12 RUE DE COULMIERS(NOGENT SUR MARNE);;;SFR_COLL;DSP_MAJ_IRISE;;;OR21;OR1;OR21;CST;MCO;OK;03/06/2013;03/06/2013;C;OPT;C;LH;RF22;144;141;3;12;;4;756,4669;;;03/06/2013;;;;
19875249;HORS TERRITOIRE;IRS - 12 FO - 2 RUE LEON BLUM / 11 ROUTE COMBAULT;;;SFR_COLL;DSP_MAJ_IRISE;;;OR21;OR1;OR21;CST;MCO;OK;27/08/2020;27/08/2020;C;OPT;C;DI;RF27;12;10;2;2;;5;339,5150;;;27/08/2020;;;;
4623628;TERRITOIRE;IRS - 24FO - RUE CARNOT / POP BNP CARNOT - 1;;;SFR_COLL;DSP_MAJ_IRISE;;;OR21;OR1;OR21;CST;MCO;OK;11/10/2010;11/10/2010;C;OPT;C;DI;RF15;24;22;2;4;;4;63,6231;;;11/10/2010;;;;
5144866;TERRITOIRE;IRS - 72FO - AV RAYMOND ARON ET DU DOCTEUR TENINE / AV RAYMOND ARON ANTONY;;;SFR_COLL;DSP_MAJ_IRISE;;;OR21;OR1;OR21;CST;MCO;OK;09/03/2012;09/03/2012;C;OPT;C;TR;RF16;72;51;21;6;;4;658,8330;;;09/03/2012;;;;
17044867;TERRITOIRE;IRS - 24FO - FT 1053 - RUE DE COURBEVOIE / POP CIMETIERE CENTRE NANTERRE - AA;;;SFR_COLL;DSP_MAJ_IRISE;;;OR21;OR1;OR21;CST;MCO;OK;30/11/2019;30/11/2019;C;OPT;C;DI;RF31;24;22;2;2;;5;131,3188;;;30/11/2019;;;;
4605748;TERRITOIRE;IRS - 36FO - BOITIER IMMEUBLE DAIKIN/POP DAIKIN NANTERRE;;;SFR_COLL;DSP_MAJ_IRISE;;;OR21;OR1;OR21;CST;MCO;OK;20/12/2004;20/12/2004;C;OPT;C;TR;RF42;36;36;0;6;;4;57,8769;;;20/12/2004;;;;
4632639;TERRITOIRE;IRS - 72 FO - RUE GALILEE / 6 RUE GALILEE;;;SFR_COLL;DSP_MAJ_IRISE;;;OR21;OR1;OR21;CST;MCO;OK;30/06/2009;30/06/2009;C;OPT;C;TR;RF16;72;57;15;6;;4;137,2960;;;30/06/2009;;;;
4612150;TERRITOIRE;IRS - 24FO AP-HP - HOPITAL ANTOINE BECLERE/312 AV G DE GAULLE (AA);;;SFR_COLL;DSP_MAJ_IRISE;;;OR21;OR1;OR21;CST;MCO;OK;23/08/2007;23/08/2007;C;OPT;C;DI;RF15;24;20;4;4;;4;149,2737;;;23/08/2007;;;;
29285223;TERRITOIRE;IRIS - 36FO - IRS - FT 1459 - 118 AV DU MARECHAL-DE-L ATTRE-DE-TASSIGNY / IRS - FT 1436 - 188 AV DU MARECHAL-DE-L ATTRE;;;SFR_COLL;DSP_MAJ_IRISE;;;OR21;OR1;OR21;CST;MCO;OK;31/01/2022;31/01/2022;C;OPT;C;TR;RF50;36;36;0;3;;4;460,0936;;;31/01/2022;;;;
4614420;TERRITOIRE;IRS - RUE_BARBES (MONTROUGE)/MGP RUE_BARBES (MONTROUGE);;;SFR_COLL;DSP_MAJ_IRISE;;;OR21;OR1;OR21;CST;MCO;OK;31/07/2007;31/07/2007;C;OPT;C;DI;RF38;12;10;2;1;;4;10,1982;;;31/07/2007;;;;
4594389;TERRITOIRE;IRS - 36FO - POP SANOFI GB RASPAIL/RUE FRAYSSE;;;SFR_COLL;DSP_MAJ_IRISE;;;OR21;OR1;OR21;CST;MCO;OK;28/04/2004;28/04/2004;C;OPT;C;TR;RF42;36;34;2;6;;4;190,5844;;;28/04/2004;;;;
4612691;HORS TERRITOIRE;A DEPOSER - IRS - 24 FO - IRS - L3T IRISE ROND POINT DE CEDRE (CERGY)/POP AMEC SPIE CERGY - AA;;;SFR_COLL;DSP_MAJ_IRISE;;;OR21;OR1;OR21;CST;MCO;OK;30/09/2010;30/09/2010;C;OPT;C;DI;RF15;24;24;0;4;;4;191,6354;;;30/09/2010;;;;
5264545;TERRITOIRE;144FO - IRS AV. DU GENERAL DE GAULLE/PRC AV. DU GENERAL DE GAULLE;;;SFR_COLL;DSP_MAJ_IRISE;;;OR21;OR1;OR21;CST;MCO;OK;20/12/2012;20/12/2012;C;OPT;C;LH;RF22;144;140;4;12;;4;20,2485;;;20/12/2012;;;;
10940275;TERRITOIRE;IRS - 24 FO - BI POP LA POSTE TELECOM DEBITEL / POP LA POSTE TELECOM DEBITEL-AA;;;SFR_COLL;DSP_MAJ_IRISE;;;OR21;OR1;OR21;CST;MCO;OK;21/02/2017;21/02/2017;C;OPT;C;DI;RF48;24;23;1;4;;4;18,4108;;;21/02/2017;;;;
4622676;TERRITOIRE;IRS - 24FO - ANGLE PATURES_ST MARTIN/POP CREDIT COOPERATIF HAUTES PATURES NANTERRE - AA;;;SFR_COLL;DSP_MAJ_IRISE;;;OR21;OR1;OR21;CST;MCO;OK;05/02/2009;05/02/2009;C;OPT;C;DI;RF15;24;22;2;4;;4;84,6031;;;05/02/2009;;;;
6816211;TERRITOIRE;144 FO - IRISE - QUAI DU GENERAL DE GAULLES / CHAMBRE 7 DEVANT MSP ST-DENIS - BPE 2;;;SFR_COLL;DSP_MAJ_IRISE;;;OR21;OR1;OR21;CST;MCO;OK;26/06/2013;26/06/2013;C;OPT;C;LH;RF22;144;120;24;12;;4;778,2800;;;26/06/2013;;;;
11617302;TERRITOIRE;IRS - 12FO - TOUR VENDOME - AA;;;SFR_COLL;DSP_MAJ_IRISE;;;OR21;OR1;OR21;CST;MCO;OK;21/07/2017;21/07/2017;C;OPT;C;DI;RF45;12;12;0;2;;4;0,1379;;;21/07/2017;;;;
4627837;TERRITOIRE;IRS - 72FO - AV CURIE-FOREST HILL/ HUGO_COURBEVOIE;;;SFR_COLL;DSP_MAJ_IRISE;;;OR21;OR1;OR21;CST;MCO;OK;18/11/2008;18/11/2008;C;OPT;C;TR;RF16;72;14;58;6;;4;1107,1880;;;18/11/2008;;;;
4611517;TERRITOIRE;IRS - 53 AV DE VERDUN/79 BD WILSON ROMAINVILLE;;;SFR_COLL;DSP_MAJ_IRISE;;;OR21;OR1;OR21;CST;MCO;OK;03/11/2006;03/11/2006;C;OPT;C;TR;RF19;48;40;8;4;;4;83,3236;;;03/11/2006;;;;
5941329;HORS TERRITOIRE;IRS - 144 FO - 9 BD HELOISE D909 ENTREE SQUARE BAGUETTE BPE1-BPE2;;;SFR_COLL;DSP_MAJ_IRISE;;;OR21;OR1;OR21;CST;MCO;OK;20/03/2013;20/03/2013;C;OPT;C;LH;RF22;144;88;56;12;;4;11,6310;;;20/03/2013;;;;
4625509;TERRITOIRE;IRS - 72FO - ST PIERRE_TROSY/MAIRIE DE CLAMART - AA;;;SFR_COLL;DSP_MAJ_IRISE;;;OR21;OR1;OR21;CST;MCO;OK;12/01/2009;12/01/2009;C;OPT;C;TR;RF16;72;56;16;6;;4;105,9895;;;12/01/2009;;;;
6109651;TERRITOIRE;IRS - 12FO - SOLETS-MORVAN/BI 33 RUE DU JURA (RUNGIS);;;SFR_COLL;DSP_MAJ_IRISE;;;OR21;OR1;OR21;CST;MCO;OK;16/01/2006;16/01/2006;C;OPT;C;DI;RF14;12;8;4;2;;4;25,1171;;;16/01/2006;;;;
15521022;TERRITOIRE;12 FO - POP ANNEXE THIBAULT VILLEJUIF /  RUE SEVERINE;;;SFR_COLL;DSP_MAJ_IRISE;;;OR21;OR1;OR21;CST;MCO;OK;08/08/2019;08/08/2019;C;OPT;C;DI;RF66;12;4;8;2;;236;108,0927;;;08/08/2019;;;;
8433879;TERRITOIRE;144 FO - IRS - 131 AV DE LA VICTOIRE / 32 RUE HENRI BARBUSSE;;;SFR_COLL;DSP_MAJ_IRISE;;;OR21;OR1;OR21;CST;MCO;OK;24/07/2014;24/07/2014;C;OPT;C;LH;RF22;144;140;4;12;;4;523,2676;;;24/07/2014;;;;
7852081;TERRITOIRE;IRS - 144FO - LD -  METALLURGIE - EIFFEL / AVENUE DE LA METALLURGIE;;;SFR_COLL;DSP_MAJ_IRISE;;;OR21;OR1;OR21;CST;MCO;OK;21/02/2014;21/02/2014;C;OPT;C;LH;RF22;144;142;2;12;;4;202,3901;;;21/02/2014;;;;
4619392;TERRITOIRE;IRS - 36FO - LE BLANC MESNIL N?7 PT/IRS - ALLEE  D'AULNAY (LE BLANC MESNIL);;;SFR_COLL;DSP_MAJ_IRISE;;;OR21;OR1;OR21;CST;MCO;OK;30/08/2010;30/08/2010;C;OPT;C;TR;RF101;36;10;26;6;;145;384,4592;;;30/08/2010;;;;
5653346;TERRITOIRE;IRS 72FO - RUE 8 MAI_RUE WALLON/N-1 MAIRIE NANTERRE;;;SFR_COLL;DSP_MAJ_IRISE;;;OR21;OR1;OR21;CST;MCO;OK;11/02/2013;11/02/2013;C;OPT;C;TR;RF28;72;57;15;6;;4;61,5120;;;11/02/2013;;;;
4617882;TERRITOIRE;IRS - 24FO N-1 PISCINE GUIMIER/PISCINE GUIMIER;;;SFR_COLL;DSP_MAJ_IRISE;;;OR21;OR1;OR21;CST;MCO;OK;27/05/2011;27/05/2011;C;OPT;C;DI;RF15;24;20;4;4;;4;297,8702;;;27/05/2011;;;;
6109654;TERRITOIRE;IRS - 24FO - LD - POP SINGAPOUR/BI 33 RUE JURA - AB;;;SFR_COLL;DSP_MAJ_IRISE;;;OR21;OR1;OR21;CST;MCO;OK;10/04/2013;10/04/2013;C;OPT;C;DI;RF30;24;20;4;4;;4;30,0034;;;10/04/2013;;;;
4641015;HORS TERRITOIRE;IRS - 72FO - RFF - LDO 0202/LDO 0203 - IRS A CONFIRMER-1;;;SFR_COLL;DSP_MAJ_IRISE;;;OR21;OR1;OR21;CST;MCO;OK;29/03/2012;29/03/2012;C;OPT;C;TR;RF23;72;51;21;6;;145;3205,9810;;;29/03/2012;;;;
4634042;TERRITOIRE;IRS - 72F0 - RUE JEAN MERMOZ / RUE BERNE (ST DENIS);;;SFR_COLL;DSP_MAJ_IRISE;;;OR21;OR1;OR21;CST;MCO;OK;14/04/2010;14/04/2010;C;OPT;C;TR;RF16;72;64;8;6;;4;320,8613;;;14/04/2010;;;;
4604109;HORS TERRITOIRE;IRS - 48FO - N-1 URA SUCY EN BRIE/RUE GAL LECLERC-MOULIN BATEAU;;;SFR_COLL;DSP_MAJ_IRISE;;;OR21;OR1;OR21;CST;MCO;OK;01/10/2004;01/10/2004;C;OPT;C;TR;RF19;48;12;36;4;;4;927,5946;;;01/10/2004;;;;
6775267;TERRITOIRE;IRS - 72FO - AVE DU 8 MAI / 98 AVE ANATOLE FRANCE;;;SFR_COLL;DSP_MAJ_IRISE;;;OR21;OR1;OR21;CST;MCO;OK;08/08/2002;08/08/2002;C;OPT;C;TR;RF16;72;33;39;6;;4;1263,4848;;;08/08/2002;;;;
37834994;TERRITOIRE;IRS - 12FO - N-1/DISPENSAIRE CLAMART;;;SFR_COLL;DSP_MAJ_IRISE;;;OR21;OR1;OR21;CST;MCO;OK;16/05/2006;16/05/2006;C;OPT;C;DI;RF14;12;8;4;2;;4;17,8045;;;16/05/2006;;;;
8737543;TERRITOIRE;IRS - 144FO -GIRATOIRE MEDICIS - FRESNES BPE 2/D126 AV CERISAIE-RUE DES TILLEULS;;;SFR_COLL;DSP_MAJ_IRISE;;;OR21;OR1;OR21;CST;MCO;OK;29/10/2014;29/10/2014;C;OPT;C;LH;RF22;144;140;4;12;;4;490,9158;;;29/10/2014;;;;
18457665;TERRITOIRE;IRS - 36 FO - IRS - FT 408 - 105 RUE ROUGET DE LISLE  /  IRS - FT 508 - 36 RUE DE LA BERTHIE;;;SFR_COLL;DSP_MAJ_IRISE;;;OR21;OR1;OR21;CST;MCO;OK;20/05/2020;20/05/2020;C;OPT;C;TR;RF50;36;36;0;3;;4;654,1140;;;20/05/2020;;;;
4633160;TERRITOIRE;IRS - 48FO - RUE DES FRERES LUMIERES DUGNY / PRC SEQUANTIC;;;SFR_COLL;DSP_MAJ_IRISE;;;OR21;OR1;OR21;CST;MCO;OK;23/12/2009;23/12/2009;C;OPT;C;TR;RF59;48;46;2;4;;5;15,6892;;;23/12/2009;;;;
4630288;HORS TERRITOIRE;IRS - 48FO - GUYNEMER_SEVERINE/BI DIRECT ENERGIE ARMAND PARIS;;;SFR_COLL;DSP_MAJ_IRISE;;;OR21;OR1;OR21;CST;MCO;OK;21/01/2009;21/01/2009;C;OPT;C;TR;RF19;48;46;2;4;;4;548,6594;;;21/01/2009;;;;
28329404;TERRITOIRE;IRS - RD POINT DES 6 ROUTES / POP GS JOSEPHINE BAKER LA COURNEUV;;;SFR_COLL;DSP_MAJ_IRISE;;;OR21;OR1;OR21;CST;MCO;OK;16/12/2021;16/12/2021;C;OPT;C;DI;RF37;12;10;2;2;;5;860,3073;;;16/12/2021;;;;
8357058;HORS TERRITOIRE;IRS - 72FO - LD - IRS - FT 7 RUE JULIEN ADASON / IRS - FT 8 RUE JULIEN ADASON;;;SFR_COLL;DSP_MAJ_IRISE;;;OR21;OR1;OR21;CST;MCO;OK;02/07/2014;02/07/2014;C;OPT;C;TR;RF28;72;68;4;6;;4;432,1220;;;02/07/2014;;;;
13232560;TERRITOIRE;IRS - 12 FO - BI 1 PLACE DE LA MAIRIE / RUE EUGENE VARLIN - BPE DE MAINTENANCE;;;SFR_COLL;DSP_MAJ_IRISE;;;OR21;OR1;OR21;CST;MCO;OK;27/08/2018;27/08/2018;C;OPT;C;DI;RF37;12;2;10;2;;5;431,4818;;;27/08/2018;;;;
42771617;TERRITOIRE;IRS - RUE DU GAL DE GAULLE/LE BOURGET MAIRIE;;;SFR_COLL;DSP_MAJ_IRISE;;;OR21;OR1;OR21;CST;MCO;OK;01/01/2003;01/01/2003;C;OPT;C;TR;RF16;72;9;63;6;;4;706,1825;;;01/01/2003;;;;
17293474;TERRITOIRE;IRS - 36 FO - RUE DES BUTTES / FT 714 - 214 AVENUE ARISTIDE BRIAND BAGNEUX;;;SFR_COLL;DSP_MAJ_IRISE;;;OR21;OR1;OR21;CST;MCO;OK;05/02/2020;05/02/2020;C;OPT;C;TR;RF50;36;36;0;3;;4;545,1110;;;05/02/2020;;;;
10874661;TERRITOIRE;24FO - IRS - POP LA CRECHE SUR ME TOIT /IRS - BI POP LA CRECHE SUR LE TOIT - AA;;;SFR_COLL;DSP_MAJ_IRISE;;;OR21;OR1;OR21;CST;MCO;OK;07/02/2017;07/02/2017;C;OPT;C;DI;RF48;24;18;6;4;;4;7,6155;;;07/02/2017;;;;
4606544;TERRITOIRE;36FO TIS - LT CAA ROBINSON TISCALI SCEAUX/112 BIS RUE HOUDAN;;;SFR_COLL;DSP_MAJ_IRISE;;;OR21;OR1;OR21;CST;MCO;OK;08/12/2004;08/12/2004;C;OPT;C;TR;RF42;36;20;16;6;;4;27,5284;;;08/12/2004;;;;
16887397;TERRITOIRE;IRS - 12 FO - FT1581- 90 AV DE STALINGRAD / PRC - 140 AVENUE DE STALINGRAD;;;SFR_COLL;DSP_MAJ_IRISE;;;OR21;OR1;OR21;CST;MCO;OK;24/12/2019;24/12/2019;C;OPT;C;DI;RF27;12;10;2;2;;5;327,7064;;;24/12/2019;;;;
8074694;TERRITOIRE;IRS - 144FO - CAMILLE DESMOULINS/- IRS - QUAI DE STALINGRAD -BPE 1;;;SFR_COLL;DSP_MAJ_IRISE;;;OR21;OR1;OR21;CST;MCO;OK;28/10/2008;28/10/2008;C;OPT;C;LH;RF40;144;59;85;12;;4;512,7119;;;28/10/2008;;;;
4607749;TERRITOIRE;IRS-RUE GUEROUX/CENTRE DE SANTE PIERREFITTE;;;SFR_COLL;DSP_MAJ_IRISE;;;OR21;OR1;OR21;CST;MCO;OK;21/03/2005;21/03/2005;C;OPT;C;DI;RF14;12;6;6;2;;4;23,0219;;;21/03/2005;;;;
39374832;TERRITOIRE;24FO - IRS - 43 AV DE LA MARNE (MONTROUGE) - BPE 2 / POP JARDIN D ENFANT JULES GUESDES MONTROUGE;;;SFR_COLL;DSP_MAJ_IRISE;;;OR21;OR1;OR21;CST;MCO;OK;04/07/2023;04/07/2023;C;OPT;C;DI;RF29;24;22;2;4;;5;676,1684;;;04/07/2023;;;;
4614442;HORS TERRITOIRE;IRS - RUE ROUGET DE L'ISLE/BPE INTEROUTE ISLE;;;SFR_COLL;DSP_MAJ_IRISE;;;OR21;OR1;OR21;CST;MCO;OK;18/09/2007;18/09/2007;C;OPT;C;TR;RF19;48;36;12;4;;4;24,8776;;;18/09/2007;;;;
16702823;TERRITOIRE;IRS - 144FO - FT 1827 - 51 RUE JACQUES DUCLOS / FT 1759 - 170 RUE DE GENERAL LECLERC;;;SFR_COLL;DSP_MAJ_IRISE;;;OR21;OR1;OR21;CST;MCO;OK;06/12/2019;06/12/2019;C;OPT;C;LH;RF22;144;144;0;12;;4;1868,2017;;;06/12/2019;;;;
4594335;TERRITOIRE;IRS - 24FO - N-1/CH COLT CAA RAMEAU;;;SFR_COLL;DSP_MAJ_IRISE;;;OR21;OR1;OR21;CST;MCO;OK;30/01/2001;30/01/2001;C;OPT;C;DI;RF71;24;14;10;12;;5;248,7026;;;30/01/2001;;;;
4595811;TERRITOIRE;IRS - 36FO - WILSON_PRESSENCE IRS/P9306_PT2580;;;SFR_COLL;DSP_MAJ_IRISE;;;OR21;OR1;OR21;CST;MCO;OK;17/04/2003;17/04/2003;C;OPT;C;TR;RF141;36;8;28;6;;5;90,6191;;;17/04/2003;;;;
4598168;TERRITOIRE;IRS - 41 MEHUL/ANATOLE France;;;SFR_COLL;DSP_MAJ_IRISE;;;OR21;OR1;OR21;CST;MCO;OK;13/11/2008;13/11/2008;C;OPT;C;LH;RF40;144;85;59;12;;4;721,4377;;;13/11/2008;;;;
4597034;TERRITOIRE;IRS - PONT DE NEUILLY - AD;;;SFR_COLL;DSP_MAJ_IRISE;;;OR21;OR1;OR21;CST;MCO;OK;30/01/2001;30/01/2001;C;OPT;C;LH;RF40;144;110;34;12;;4;13,9286;;;30/01/2001;;;;
4597205;TERRITOIRE;IRS - FOD LTR5/GALERIE DDE PONT DE NEUILLY - VERS ESPLANADE - OPEX 0659;;;SFR_COLL;DSP_MAJ_IRISE;;;OR21;OR1;OR21;CST;MCO;OK;20/06/2003;20/06/2003;C;OPT;C;LH;RF56;144;131;13;12;;4;747,6788;;;20/06/2003;;;;
4594382;TERRITOIRE;IRS - 72FO - BAG VERS ARMOIRE DE RUE - AC;;;SFR_COLL;DSP_MAJ_IRISE;;;OR21;OR1;OR21;CST;MCO;OK;28/04/2004;28/04/2004;C;OPT;C;TR;RF16;72;40;32;6;;4;21,4336;;;28/04/2004;;;;
4596033;TERRITOIRE;IRS - RUE AUFFRET/41 RUE DE MEHUL;;;SFR_COLL;DSP_MAJ_IRISE;;;OR21;OR1;OR21;CST;MCO;OK;30/01/2001;30/01/2001;C;OPT;C;LH;RF56;144;78;66;12;;4;384,0900;;;30/01/2001;;;;
33287782;TERRITOIRE;IRS - 24 FO - RN3 - GARDE CHASSE / POP MAIRIE DES PAVILLONS-SOUS-BOIS;;;SFR_COLL;DSP_MAJ_IRISE;;;OR21;OR1;OR21;CST;MCO;OK;17/08/2022;17/08/2022;C;OPT;C;DI;RF31;24;20;4;2;;5;1001,4008;;;17/08/2022;;;;
42362030;TERRITOIRE;IRS - 12FO - N-1 MEDIATHEQUE CHEVILLY LARUE / POP POLICE CHEVILLY-LARUE - AA;;;SFR_COLL;DSP_MAJ_IRISE;;;OR21;OR1;OR21;CST;MCO;OK;12/12/2023;12/12/2023;C;OPT;C;DI;RF27;12;8;4;2;;5;151,8043;;;12/12/2023;;;;
42151457;TERRITOIRE;IRS - 12FO -BPI - N-1 POP PARKING AROBASE / FT 91 - AVENUE ARISTIDE BRIAND;;;SFR_COLL;DSP_MAJ_IRISE;;;OR21;OR1;OR21;CST;MCO;OK;06/12/2023;06/12/2023;C;OPT;C;DI;RF27;12;2;10;2;;5;30,8838;;;06/12/2023;;;;
33930977;TERRITOIRE;IRS - 36 FO - FT 1069 - 18 BD GALLIENI (GENNEVILLIERS)  / FT 370 - 34 AVENUE SANGNIER;;;SFR_COLL;DSP_MAJ_IRISE;;;OR21;OR1;OR21;CST;MCO;OK;15/06/2022;15/06/2022;C;OPT;C;TR;RF50;36;36;0;3;;4;608,2303;;;15/06/2022;;;;
17810277;TERRITOIRE;IRS - 144 FO - IRS - FT 581 - RUE AUBER / IRISE 534 - 51 RUE H. BARBUSSE IRISE;;;SFR_COLL;DSP_MAJ_IRISE;;;OR21;OR1;OR21;CST;MCO;OK;23/03/2020;23/03/2020;C;OPT;C;LH;RF22;144;144;0;12;;4;728,2404;;;23/03/2020;;;;
4611471;TERRITOIRE;IRS - 84 RUE DU QUATRIEME ZOUAVE / 31 RUE THEOPHILE SUEUR;;;SFR_COLL;DSP_MAJ_IRISE;;;OR21;OR1;OR21;CST;MCO;OK;20/11/2006;20/11/2006;C;OPT;C;LH;RF56;144;85;59;12;;4;589,8657;;;20/11/2006;;;;
17192044;TERRITOIRE;IRS - 36 FO - RUE DES PIERRELAIS CHATILLON / FT 532 - 78 AV DE LA DIVISION LECLERC CHATILLON;;;SFR_COLL;DSP_MAJ_IRISE;;;OR21;OR1;OR21;CST;MCO;OK;27/01/2020;27/01/2020;C;OPT;C;TR;RF50;36;36;0;3;;4;1251,1157;;;27/01/2020;;;;
17195587;TERRITOIRE;IRS - 36 FO - RUE JEAN SAVAR (N-1 CAA Creteil) / FT 1043 - 24 RUE DU PETIT BOIS CRETEIL;;;SFR_COLL;DSP_MAJ_IRISE;;;OR21;OR1;OR21;CST;MCO;OK;27/01/2020;27/01/2020;C;OPT;C;TR;RF50;36;36;0;3;;4;712,4774;;;27/01/2020;;;;
29285224;TERRITOIRE;IRIS - 36FO - IRS - ANGLE GAULLE JONCS MARINS / IRS - FT 1459 - 118 AV DU MARECHAL-DE-L ATTRE-DE-TASSIGNY;;;SFR_COLL;DSP_MAJ_IRISE;;;OR21;OR1;OR21;CST;MCO;OK;31/01/2022;31/01/2022;C;OPT;C;TR;RF50;36;36;0;3;;4;611,5262;;;31/01/2022;;;;
4640986;TERRITOIRE;IRS - 12FO - BI NOGENT SUR MARNE (MAIRIE)/POP FTTS NOGENT SUR MARNE (MAIRIE) - AA;;;SFR_COLL;DSP_MAJ_IRISE;;;OR21;OR1;OR21;CST;MCO;OK;31/01/2012;31/01/2012;C;OPT;C;DI;RF38;12;8;4;1;;4;9,0908;;;31/01/2012;;;;
36538661;TERRITOIRE;12 FO - IRIS - FT94 - CH SAT SECURISEE CAM06 / FT96 - CH SAT SECURISEE CAM05;;;SFR_COLL;DSP_MAJ_IRISE;;;OR21;OR1;OR21;CST;MCO;OK;06/02/2023;06/02/2023;C;OPT;C;DI;RF27;12;10;2;2;;5;10,0878;;;06/02/2023;;;;
4604374;TERRITOIRE;IRS - 144FO - BD NATIONAL/N-1 URA REUIL-1-2;;;SFR_COLL;DSP_MAJ_IRISE;;;OR21;OR1;OR21;CST;MCO;OK;08/01/2010;08/01/2010;C;OPT;C;LH;RF22;144;124;20;12;;4;292,9379;;;08/01/2010;;;;
22276290;TERRITOIRE;IRS - 24FO - FT1632 - 39 BOULEVARD PAUL VAILLANT COUTURIER / FT3107 - 1 PLACE JEAN JAURES;;;SFR_COLL;DSP_MAJ_IRISE;;;OR21;OR1;OR21;CST;MCO;OK;13/02/2021;13/02/2021;C;OPT;C;DI;RF29;24;20;4;4;;5;422,9689;;;13/02/2021;;;;
44891937;TERRITOIRE;IRS - 48 FO - FT 1248 - D128 - 59-51 AVENUE EDOUARD DEPREUX / ROBINSON PELLETAN;;;SFR_COLL;DSP_MAJ_IRISE;;;OR21;OR1;OR21;CST;MCO;OK;02/12/2019;02/12/2019;C;OPT;C;DI;RF20;48;48;0;8;;5;111,2077;;;02/12/2019;;;;
18065314;TERRITOIRE;IRS - 36 FO - 29 RUE ANATOLE FRANCE / FT 433 - 11B RUE DE LEON GAMBETTA;;;SFR_COLL;DSP_MAJ_IRISE;;;OR21;OR1;OR21;CST;MCO;OK;16/04/2020;16/04/2020;C;OPT;C;TR;RF50;36;36;0;3;;4;734,5845;;;16/04/2020;;;;
43169717;TERRITOIRE;IRS - 12FO - N-1 LES PAVILLONS SOUS BOIS / RN3 - GARDE CHASSE;;;SFR_COLL;DSP_MAJ_IRISE;;;OR21;OR1;OR21;CST;MCO;OK;02/02/2024;02/02/2024;C;OPT;C;DI;RF57;12;10;2;1;;4;335,5427;;;02/02/2024;;;;
4613273;TERRITOIRE;IRS  - COUTURIER_POINTET/NEXON_BORDES;;;SFR_COLL;DSP_MAJ_IRISE;;;OR21;OR1;OR21;CST;MCO;OK;24/10/2007;24/10/2007;C;OPT;C;TR;RF19;48;41;7;4;;4;593,4323;;;24/10/2007;;;;
4602559;TERRITOIRE;IRS - PK 83435 CHOISY/PK 85690 VILLENEUVE LE ROI;;;SFR_COLL;DSP_MAJ_IRISE;;;OR21;OR1;OR21;CST;MCO;OK;28/04/2004;28/04/2004;C;OPT;C;TR;RF23;72;25;47;6;;145;2430,7504;;;28/04/2004;;;;
4603944;TERRITOIRE;IRS - ADD 2 / BI- AP-HP - HOPITAL HENRI MONDOR;;;SFR_COLL;DSP_MAJ_IRISE;;;OR21;OR1;OR21;CST;MCO;OK;21/05/2004;21/05/2004;C;OPT;C;DI;RF15;24;12;12;4;;4;173,0568;;;21/05/2004;;;;
4609570;TERRITOIRE;IRS - 12FO - NEXON_BORDES/PRC MAISON DES PARENTS;;;SFR_COLL;DSP_MAJ_IRISE;;;OR21;OR1;OR21;CST;MCO;OK;16/01/2008;16/01/2008;C;OPT;C;DI;RF111;12;8;4;1;;22;55,1058;;;16/01/2008;;;;
7134466;TERRITOIRE;IRS - 144FO - ANGLE BD GALLIENI/BD FRERES VOISIN / ANGLE BD FRERES VOISIN/RUE VICTOR HUGO;;;SFR_COLL;DSP_MAJ_IRISE;;;OR21;OR1;OR21;CST;MCO;OK;22/07/2013;22/07/2013;C;OPT;C;LH;RF22;144;116;28;12;;4;477,8385;;;22/07/2013;;;;
14988535;HORS TERRITOIRE;24FO - FT594 - ANGLE AV ANDRE ROUY- AV DE L'EUROPE / POP CENTRE ADMINISTRATIF VILLIERS SUR MARNE - AA;;;SFR_COLL;DSP_MAJ_IRISE;;;OR21;OR1;OR21;CST;MCO;OK;24/12/2018;24/12/2018;C;OPT;C;DI;RF146;24;14;10;4;;5;485,5708;;;24/12/2018;;;;
34015457;TERRITOIRE;IRS - 72 FO - FT1374 - 294 GABRIEL PERI / FT1622 - 2 RUE DES GROS GRES;;;SFR_COLL;DSP_MAJ_IRISE;;;OR21;OR1;OR21;CST;MCO;OK;26/09/2022;26/09/2022;C;OPT;C;TR;RF28;72;72;0;6;;4;728,7917;;;26/09/2022;;;;
33186026;TERRITOIRE;IRS - 24FO - FT1272 - AVENUE JEAN MOULIN / FT1616 - RUE LAVOISIER;;;SFR_COLL;DSP_MAJ_IRISE;;;OR21;OR1;OR21;CST;MCO;OK;10/08/2022;10/08/2022;C;OPT;C;DI;RF29;24;23;1;6;;5;945,5439;;;10/08/2022;;;;
17201655;TERRITOIRE;IRS - 36 FO - FT 673 - 6 RUE PABLO NERUDA / FT 404 - 1 CLOS DES BENARDS;;;SFR_COLL;DSP_MAJ_IRISE;;;OR21;OR1;OR21;CST;MCO;OK;28/01/2020;28/01/2020;C;OPT;C;TR;RF50;36;36;0;3;;4;1147,8558;;;28/01/2020;;;;
4920529;TERRITOIRE;144 FO - BAG IRS - BD PRESSENCE  - EX METROMEDIA (AUBERVILLIERS) - BPE1/BPE2;;;SFR_COLL;DSP_MAJ_IRISE;;;OR21;OR1;OR21;CST;MCO;OK;05/11/2012;05/11/2012;C;OPT;C;LH;RF22;144;81;63;12;;4;0,3044;;;05/11/2012;;;;
4614797;TERRITOIRE;IRS-12 RUE BOBILLOT/CENTRE NAUTIQUE MONTREUIL;;;SFR_COLL;DSP_MAJ_IRISE;;;OR21;OR1;OR21;CST;MCO;OK;03/11/2006;03/11/2006;C;OPT;C;DI;RF14;12;8;4;2;;4;215,2105;;;03/11/2006;;;;
4624837;TERRITOIRE;IRS - 72FO RUE F MAURIAC/ARCHIVES;;;SFR_COLL;DSP_MAJ_IRISE;;;OR21;OR1;OR21;CST;MCO;OK;19/01/2010;19/01/2010;C;OPT;C;TR;RF16;72;68;4;6;;4;417,2386;;;19/01/2010;;;;
4631502;TERRITOIRE;IRS - 24FO BI/POP HORTENSIAS (D39);;;SFR_COLL;DSP_MAJ_IRISE;;;OR21;OR1;OR21;CST;MCO;OK;24/07/2009;24/07/2009;C;OPT;C;DI;RF15;24;20;4;4;;4;24,0416;;;24/07/2009;;;;
4632261;TERRITOIRE;IRS - 24FO - BI/POP GS_P&M_CURIE (D36);;;SFR_COLL;DSP_MAJ_IRISE;;;OR21;OR1;OR21;CST;MCO;OK;22/07/2009;22/07/2009;C;OPT;C;DI;RF15;24;22;2;4;;4;17,4643;;;22/07/2009;;;;
11123653;HORS TERRITOIRE;IRS - 36FO - BI - 1 RUE DE LA CROIX MAHEUX / N-1 POP COMPAGNIE GENERALE DE SANTE;;;SFR_COLL;DSP_MAJ_IRISE;;;OR21;OR1;OR21;CST;MCO;OK;22/02/2013;22/02/2013;C;OPT;C;TR;RF26;36;34;2;6;;4;14,5062;;;22/02/2013;;;;
29238838;TERRITOIRE;IRIS - 36 FO - IRS - 58 RUE PIERRE CURIE (PIERREFITTE SUR SEINE) / FT 320 - 39 AVENUE DU COLONEL ROL-TANGUY (STAINS);;;SFR_COLL;DSP_MAJ_IRISE;;;OR21;OR1;OR21;CST;MCO;OK;28/01/2022;28/01/2022;C;OPT;C;TR;RF50;36;36;0;3;;4;1569,0146;;;28/01/2022;;;;
4606920;TERRITOIRE;IRS - GALLERIE DE GAULLE/CRECHE ANNE DE GAULLE MONTROUGE;;;SFR_COLL;DSP_MAJ_IRISE;;;OR21;OR1;OR21;CST;MCO;OK;03/08/2005;03/08/2005;C;OPT;C;DI;RF14;12;8;4;2;;4;179,5493;;;03/08/2005;;;;
6107090;HORS TERRITOIRE;IRS - 12 FO - BD DE L'OISE-RUE DES CHAUFFOURS/BD DE L'OISE;;;SFR_COLL;DSP_MAJ_IRISE;;;OR21;OR1;OR21;CST;MCO;OK;10/04/2013;10/04/2013;C;OPT;C;DI;RF45;12;6;6;2;;4;252,1648;;;10/04/2013;;;;
11097628;HORS TERRITOIRE;IRS - 144 FO - BI 1 RUE EUGENE ET ARMAND PEUGEOT/18 RUE FRANCOIS JACOB;;;SFR_COLL;DSP_MAJ_IRISE;;;OR21;OR1;OR21;CST;MCO;OK;21/01/2014;21/01/2014;C;OPT;C;LH;RF22;144;144;0;12;;4;29,9628;;;21/01/2014;;;;
22414529;TERRITOIRE;IRS - 24FO -  FT1764 - 28 BD PAUL VAILLANT COUTURIER  / FT1736 - 39 R DES EPERNONS;;;SFR_COLL;DSP_MAJ_IRISE;;;OR21;OR1;OR21;CST;MCO;OK;23/02/2021;23/02/2021;C;OPT;C;DI;RF29;24;22;2;4;;5;230,4911;;;23/02/2021;;;;
4609714;TERRITOIRE;IRS - 144FO - BD VERDUN/ANGLE JOFFRE MICHELET;;;SFR_COLL;DSP_MAJ_IRISE;;;OR21;OR1;OR21;CST;MCO;OK;01/02/2011;01/02/2011;C;OPT;C;LH;RF56;144;40;104;12;;4;386,5898;;;01/02/2011;;;;
15515024;TERRITOIRE;IRISE - 24FO - PRC CAMERA AU PIED DE C35 / ANGLE RUE DE PARIS - RUE DU COQ FRANCAIS;;;SFR_COLL;DSP_MAJ_IRISE;;;OR21;OR1;OR21;CST;MCO;OK;07/08/2019;07/08/2019;C;OPT;C;DI;RF29;24;22;2;4;;5;7,2554;;;07/08/2019;;;;
7478997;HORS TERRITOIRE;IRS - 24FO - LD - PRC TELCITE NOISY CHAMPS / IRS - NEW RUE VAUGIRARD;;;SFR_COLL;DSP_MAJ_IRISE;;;OR21;OR1;OR21;CST;MCO;OK;07/11/2013;07/11/2013;C;OPT;C;DI;RF30;24;22;2;4;;4;32,3930;;;07/11/2013;;;;
4628066;TERRITOIRE;IRS - 12FO - N-1 RPA CACHIN/POP RPA CACHIN;;;SFR_COLL;DSP_MAJ_IRISE;;;OR21;OR1;OR21;CST;MCO;OK;20/03/2008;20/03/2008;C;OPT;C;DI;RF38;12;6;6;1;;4;45,3932;;;20/03/2008;;;;
4630360;TERRITOIRE;IRS - 72FO - GALILEE_VERSAILLES/N-1 ADD1 AUDIOPTIC CLAMART;;;SFR_COLL;DSP_MAJ_IRISE;;;OR21;OR1;OR21;CST;MCO;OK;10/03/2009;10/03/2009;C;OPT;C;TR;RF16;72;68;4;6;;4;612,1314;;;10/03/2009;;;;
10803924;HORS TERRITOIRE;IRS - 12 FO - N-1 POP AER HOLDING ERAGNY SUR OISE / FT994 - AVENUE DU GROS CHENE;;;SFR_COLL;DSP_MAJ_IRISE;;;OR21;OR1;OR21;CST;MCO;OK;23/01/2017;23/01/2017;C;OPT;C;DI;RF37;12;11;1;2;;5;51,9713;;;23/01/2017;;;;
4638826;TERRITOIRE;IRS - 12 FO - BPI 2 RUE FONTENAY/POP FTTS - AA;;;SFR_COLL;DSP_MAJ_IRISE;;;OR21;OR1;OR21;CST;MCO;OK;29/12/2011;29/12/2011;C;OPT;C;DI;RF14;12;10;2;2;;4;10,2956;;;29/12/2011;;;;
4608188;TERRITOIRE;IRS - ALBERT FRANCON/BLANDIN-CHATENAY;;;SFR_COLL;DSP_MAJ_IRISE;;;OR21;OR1;OR21;CST;MCO;OK;21/03/2005;21/03/2005;C;OPT;C;TR;RF19;48;12;36;4;;4;721,2281;;;21/03/2005;;;;
4607230;TERRITOIRE;IRS - 7 RUE BOILEAU/MONTROUGE;;;SFR_COLL;DSP_MAJ_IRISE;;;OR21;OR1;OR21;CST;MCO;OK;03/10/2005;03/10/2005;C;OPT;C;TR;RF19;48;38;10;4;;4;177,8676;;;03/10/2005;;;;
5501347;HORS TERRITOIRE;IRS - 144FO BD DE L'OISE/10 BD DE L'OISE ( CERGY PONTOISE);;;SFR_COLL;DSP_MAJ_IRISE;;;OR21;OR1;OR21;CST;MCO;OK;17/11/2011;17/11/2011;C;OPT;C;LH;RF40;144;48;96;12;;4;161,5316;;;17/11/2011;;;;
11655731;HORS TERRITOIRE;48FO BAGUETTE - MANCHON/BAIE LT PET TCT;;;SFR_COLL;DSP_MAJ_IRISE;;;OR21;OR1;OR21;CST;MCO;OK;28/07/2017;28/07/2017;C;OPT;C;TR;RF33;48;43;5;4;;5;4,9857;;;28/07/2017;;;;
4623343;HORS TERRITOIRE;IRS - 36FO - LD - 23 RUE DU PR VICTOR/BD. V. PAUCHET;;;SFR_COLL;DSP_MAJ_IRISE;;;OR21;OR1;OR21;CST;MCO;OK;29/11/2011;29/11/2011;C;OPT;C;TR;RF42;36;34;2;6;;4;239,1205;;;29/11/2011;;;;
9746706;HORS TERRITOIRE;IRS - 12 FO - POP OTI FRANCE SERVICES ( ST OUEN L AUMONE) / FT 2016 - IRS OTI FRANCE N-1 - AA;;;SFR_COLL;DSP_MAJ_IRISE;;;OR21;OR1;OR21;CST;MCO;OK;15/03/2016;15/03/2016;C;OPT;C;DI;RF27;12;11;1;2;;5;46,6927;;;15/03/2016;;;;
4608131;TERRITOIRE;IRS - AV DE LA REPUBLIQUE/RUE MARCELIN BERTHELOT MONTROUGE;;;SFR_COLL;DSP_MAJ_IRISE;;;OR21;OR1;OR21;CST;MCO;OK;16/11/2005;16/11/2005;C;OPT;C;DI;RF14;12;6;6;2;;4;249,1107;;;16/11/2005;;;;
4641302;TERRITOIRE;IRS - 144FO - 36 RUE KARMAN/CASANOVA_HUZARD;;;SFR_COLL;DSP_MAJ_IRISE;;;OR21;OR1;OR21;CST;MCO;OK;16/04/2012;16/04/2012;C;OPT;C;LH;RF40;144;51;93;12;;4;720,0809;;;16/04/2012;;;;
25134209;TERRITOIRE;IRS - 36 FO - IRS - BOULEVARD PIERRE BROSSOLETTE / IRS - FT 2569 - 27 RUE DES CHAMPS;;;SFR_COLL;DSP_MAJ_IRISE;;;OR21;OR1;OR21;CST;MCO;OK;06/08/2021;06/08/2021;C;OPT;C;TR;RF50;36;36;0;3;;4;799,5248;;;06/08/2021;;;;
4605729;HORS TERRITOIRE;IRS - CALAIS/VERS URA SARCELLES;;;SFR_COLL;DSP_MAJ_IRISE;;;OR21;OR1;OR21;CST;MCO;OK;01/01/2004;01/01/2004;C;OPT;C;TR;RF19;48;24;24;4;;4;2133,7156;;;01/01/2004;;;;
4640864;TERRITOIRE;IRS - 48FO - RUE D'ORLY/BI MADRID;;;SFR_COLL;DSP_MAJ_IRISE;;;OR21;OR1;OR21;CST;MCO;OK;19/04/2012;19/04/2012;C;OPT;C;TR;RF19;48;47;1;4;;4;457,1041;;;19/04/2012;;;;
6109653;TERRITOIRE;IRS - 12FO - 21 RUE DU JURA / POP SILIC (RUNGIS);;;SFR_COLL;DSP_MAJ_IRISE;;;OR21;OR1;OR21;CST;MCO;OK;16/01/2006;16/01/2006;C;OPT;C;DI;RF14;12;8;4;2;;4;47,7673;;;16/01/2006;;;;
4632342;TERRITOIRE;IRS - 36 FO - ANGLE BD G.LECLERC/RUE FAIDHERBE;;;SFR_COLL;DSP_MAJ_IRISE;;;OR21;OR1;OR21;CST;MCO;OK;15/12/2011;15/12/2011;C;OPT;C;TR;RF42;36;32;4;6;;4;123,3145;;;15/12/2011;;;;
4607908;HORS TERRITOIRE;IRS - 48FO - ROCHES MAISON/ COURS DU LUZARD;;;SFR_COLL;DSP_MAJ_IRISE;;;OR21;OR1;OR21;CST;MCO;OK;14/01/2010;14/01/2010;C;OPT;C;TR;RF69;48;42;6;4;;4;605,3392;;;14/01/2010;;;;
4629145;TERRITOIRE;IRS - 72FO - 16 MARCEL BOYER / ANGLE ROUSSEAU VANZUPPE;;;SFR_COLL;DSP_MAJ_IRISE;;;OR21;OR1;OR21;CST;MCO;OK;01/07/2008;01/07/2008;C;OPT;C;TR;RF16;72;68;4;6;;4;729,5565;;;01/07/2008;;;;
4597456;TERRITOIRE;IRS - 12FO - RUE ANATOLE FRANCE/MAIRIE DE NOISY LE SEC;;;SFR_COLL;DSP_MAJ_IRISE;;;OR21;OR1;OR21;CST;MCO;OK;05/09/2006;05/09/2006;C;OPT;C;DI;RF14;12;12;0;2;;4;119,7739;;;05/09/2006;;;;
4603517;TERRITOIRE;CAB000000012575-1;;;SFR_COLL;DSP_MAJ_IRISE;;;OR21;OR1;OR21;CST;MCO;OK;28/05/2004;28/05/2004;C;OPT;C;TR;RF41;72;45;27;6;;5;1889,5299;;;28/05/2004;;;;
6945169;TERRITOIRE;IRS - 12FO - POP FTTS STAINS (HAMEAU) / IRS - 12 RUE HAMEAU - AA;;;SFR_COLL;DSP_MAJ_IRISE;;;OR21;OR1;OR21;CST;MCO;OK;08/07/2013;08/07/2013;C;OPT;C;DI;RF45;12;8;4;2;;4;7,4205;;;08/07/2013;;;;
37046817;TERRITOIRE;IRS - 12FO - FT451 - AVENUE ARISTIDE BRIAND  - BPE 1 / POP CAM17-LES PAVILLONS SOUS BOIS - AA;;;SFR_COLL;DSP_MAJ_IRISE;;;OR21;OR1;OR21;CST;MCO;OK;03/03/2023;03/03/2023;C;OPT;C;DI;RF27;12;10;2;2;;5;22,5667;;;03/03/2023;;;;
4920532;TERRITOIRE;IRS - 144FO - IRS BD PRESSENCE - BPE2/PLACE CORNILLON;;;SFR_COLL;DSP_MAJ_IRISE;;;OR21;OR1;OR21;CST;MCO;OK;05/11/2012;05/11/2012;C;OPT;C;LH;RF127;144;103;41;12;;4;491,8723;;;05/11/2012;;;;
4635221;TERRITOIRE;IRS - 48FO - RUE JEAN MARIN NAUDIN/AV PRIEUR DE LA COTE D OR;;;SFR_COLL;DSP_MAJ_IRISE;;;OR21;OR1;OR21;CST;MCO;OK;26/01/2011;26/01/2011;C;OPT;C;TR;RF19;48;48;0;4;;4;140,1632;;;26/01/2011;;;;
4627635;TERRITOIRE;IRS - 24FO - RUE ACHILLE DOMART / CENTRE ACHILLE DOMART - AA;;;SFR_COLL;DSP_MAJ_IRISE;;;OR21;OR1;OR21;CST;MCO;OK;17/02/2009;17/02/2009;C;OPT;C;DI;RF15;24;12;12;4;;4;15,2782;;;17/02/2009;;;;
7617525;HORS TERRITOIRE;IRS - 36 FO - FT-39 RUE ANATOLE FRANCE / POP FTTS ORMESSON SUR MARNE - AA;;;SFR_COLL;DSP_MAJ_IRISE;;;OR21;OR1;OR21;CST;MCO;OK;16/12/2013;16/12/2013;C;OPT;C;TR;RF26;36;34;2;6;;4;41,0706;;;16/12/2013;;;;
4633204;TERRITOIRE;IRS - 24FO BI/POP FERME_ANDRYVON (D81);;;SFR_COLL;DSP_MAJ_IRISE;;;OR21;OR1;OR21;CST;MCO;OK;28/07/2009;28/07/2009;C;OPT;C;DI;RF15;24;20;4;4;;4;12,6489;;;28/07/2009;;;;
4603872;TERRITOIRE;IRS - PONT DE BEZONS RD/RUE DAUBIGNY;;;SFR_COLL;DSP_MAJ_IRISE;;;OR21;OR1;OR21;CST;MCO;OK;24/05/2004;24/05/2004;C;OPT;C;LH;RF22;144;94;50;12;;4;1527,9855;;;24/05/2004;;;;
14842625;TERRITOIRE;IRS - N-1 PARKING ETIENNE D'ORVES BOBIGNY / FT 435 - 5 RUE HENRI LANGLOIS DRANCY;;;SFR_COLL;DSP_MAJ_IRISE;;;OR21;OR1;OR21;CST;MCO;OK;20/05/2019;20/05/2019;C;OPT;C;LH;RF22;144;144;0;12;;4;1888,4585;;;20/05/2019;;;;
4609282;TERRITOIRE;IRS - PERI-11 NOVEMBRE/PERI-ARNOUX MONTROUGE;;;SFR_COLL;DSP_MAJ_IRISE;;;OR21;OR1;OR21;CST;MCO;OK;18/01/2006;18/01/2006;C;OPT;C;TR;RF28;72;70;2;6;;4;273,5101;;;18/01/2006;;;;
4597603;TERRITOIRE;IRS - IRS - RUE VERTE / ARAGO;;;SFR_COLL;DSP_MAJ_IRISE;;;OR21;OR1;OR21;CST;MCO;OK;15/11/2002;15/11/2002;C;OPT;C;TR;RF43;48;16;32;6;;183;1109,3415;;;15/11/2002;;;;
7326946;HORS TERRITOIRE;IRS - 36 FO -  POP ACCOR NOVOTEL / 21 RUE EDOUARD BELIN - AA;;;SFR_COLL;DSP_MAJ_IRISE;;;OR21;OR1;OR21;CST;MCO;OK;24/09/2013;24/09/2013;C;OPT;C;TR;RF26;36;35;1;6;;4;101,6937;;;24/09/2013;;;;
7539122;TERRITOIRE;IRS - 144FO - 16 RUE ERNEST RENAN (IVRY SUR SEINE)/PAPIN-MOLIERE IVRY;;;SFR_COLL;DSP_MAJ_IRISE;;;OR21;OR1;OR21;CST;MCO;OK;26/11/2013;26/11/2013;C;OPT;C;LH;RF22;144;143;1;12;;4;990,9731;;;26/11/2013;;;;
4605047;TERRITOIRE;IRS - RUE DE FRANCE/GAUCHET DUHAI;;;SFR_COLL;DSP_MAJ_IRISE;;;OR21;OR1;OR21;CST;MCO;OK;30/01/2001;30/01/2001;C;OPT;C;LH;RF56;144;88;56;12;;4;558,1386;;;30/01/2001;;;;
19349267;TERRITOIRE;IRS - 72 FO - IRS CHB STALINGRAD_CONVENTION / FT 90 - ANGLE RUE GUERMAN TITOV-RUE SAINT STENAY (DRANCY);;;SFR_COLL;DSP_MAJ_IRISE;;;OR21;OR1;OR21;CST;MCO;OK;21/07/2020;21/07/2020;C;OPT;C;TR;RF28;72;72;0;6;;4;657,2208;;;21/07/2020;;;;
4601647;HORS TERRITOIRE;IRS - VICTOR HUGO/PAIX-COLOMB;;;SFR_COLL;DSP_MAJ_IRISE;;;OR21;OR1;OR21;CST;MCO;OK;24/05/2004;24/05/2004;C;OPT;C;LH;RF74;144;99;45;12;;100;870,7920;;;24/05/2004;;;;
4607266;TERRITOIRE;IRS - N-1/ENS MONTROUGE;;;SFR_COLL;DSP_MAJ_IRISE;;;OR21;OR1;OR21;CST;MCO;OK;20/03/2007;20/03/2007;C;OPT;C;DI;RF14;12;10;2;2;;4;32,7565;;;20/03/2007;;;;
4608187;TERRITOIRE;IRS-CHARLES DE GAULLE/STRUCTURE PETITE ENFANCE;;;SFR_COLL;DSP_MAJ_IRISE;;;OR21;OR1;OR21;CST;MCO;OK;21/03/2005;21/03/2005;C;OPT;C;DI;RF14;12;8;4;2;;4;21,0238;;;21/03/2005;;;;
8592353;TERRITOIRE;IRS - 48FO - ETIENNE DOLET-RUE GUEROUX PIERREFITTE;;;SFR_COLL;DSP_MAJ_IRISE;;;OR21;OR1;OR21;CST;MCO;OK;18/09/2014;18/09/2014;C;OPT;C;TR;RF47;48;26;22;4;;4;186,6255;;;18/09/2014;;;;
22790535;TERRITOIRE;IRS - 24FO - FT1692 - 78 BD HENRI BARBUSSE / FT1164 - 11 RUE EMILE REYNAUD;;;SFR_COLL;DSP_MAJ_IRISE;;;OR21;OR1;OR21;CST;MCO;OK;19/03/2021;19/03/2021;C;OPT;C;DI;RF29;24;22;2;4;;5;435,8737;;;19/03/2021;;;;
27470817;TERRITOIRE;IRS 12FO FT 1004 Rue Jean Moulin / POP MAISON DE LA REUSSITE BONNEUIL SUR MARNE;;;SFR_COLL;DSP_MAJ_IRISE;;;OR21;OR1;OR21;CST;MCO;OK;22/11/2021;22/11/2021;C;OPT;C;DI;RF27;12;8;4;2;;5;55,3778;;;22/11/2021;;;;
4610268;TERRITOIRE;IRS - 48FO - MAIRIE DE BONDY/22 COURS DE LA REPUBLIQUE BONDY;;;SFR_COLL;DSP_MAJ_IRISE;;;OR21;OR1;OR21;CST;MCO;OK;19/02/2007;19/02/2007;C;OPT;C;TR;RF19;48;47;1;4;;4;112,5001;;;19/02/2007;;;;
4607123;TERRITOIRE;IRS - RONSARD-LECLERC/MAIRIE DE BONNEUIL;;;SFR_COLL;DSP_MAJ_IRISE;;;OR21;OR1;OR21;CST;MCO;OK;29/07/2005;29/07/2005;C;OPT;C;DI;RF14;12;6;6;2;;4;96,1515;;;29/07/2005;;;;
4594424;HORS TERRITOIRE;IRS - 72 FO - ANGLE  R. DE  LA PREFECTURE/AV DES  3 FONTAINES/NIELSEN RUE DE LA PREFECTURE (CERGY);;;SFR_COLL;DSP_MAJ_IRISE;;;OR21;OR1;OR21;CST;MCO;OK;22/06/2012;22/06/2012;C;OPT;C;TR;RF16;72;67;5;6;;4;146,1202;;;22/06/2012;;;;
4635938;TERRITOIRE;IRS - 48FO - JULES FERRY PK 3703/PRC BYTEL RUE DE LA CONVENTION;;;SFR_COLL;DSP_MAJ_IRISE;;;OR21;OR1;OR21;CST;MCO;OK;02/12/2010;02/12/2010;C;OPT;C;TR;RF19;48;44;4;4;;4;22,0907;;;02/12/2010;;;;
16701487;TERRITOIRE;IRS - 144 FO - FT904 - 89 RUE ADOLPHE GUYOT / FT385 - 17 AVENUE CHARLES DE GAULLE;;;SFR_COLL;DSP_MAJ_IRISE;;;OR21;OR1;OR21;CST;MCO;OK;06/12/2019;06/12/2019;C;OPT;C;LH;RF22;144;144;0;12;;4;793,6707;;;06/12/2019;;;;
4614836;HORS TERRITOIRE;IRS - PICASSO/AV CLICHY SOUS-BOIS;;;SFR_COLL;DSP_MAJ_IRISE;;;OR21;OR1;OR21;CST;MCO;OK;25/09/2007;25/09/2007;C;OPT;C;TR;RF16;72;71;1;6;;4;90,2575;;;25/09/2007;;;;
4610225;TERRITOIRE;IRS - 24FO - N-1/MAIRIE DE PIERREFITTE - BA;;;SFR_COLL;DSP_MAJ_IRISE;;;OR21;OR1;OR21;CST;MCO;OK;06/04/2010;06/04/2010;C;OPT;C;DI;RF15;24;16;8;4;;4;33,0608;;;06/04/2010;;;;
15459279;TERRITOIRE;IRISE ‘«Ù 24FO - N-1 POP CSU NLE PM LES LILAS / N-1 HOTEL DE VILLE;;;SFR_COLL;DSP_MAJ_IRISE;;;OR21;OR1;OR21;CST;MCO;OK;31/07/2019;31/07/2019;C;OPT;C;DI;RF29;24;19;5;4;;5;45,8631;;;31/07/2019;;;;
4603627;TERRITOIRE;IRS - AV DE GAULLE/45 AV ROOSEVELT;;;SFR_COLL;DSP_MAJ_IRISE;;;OR21;OR1;OR21;CST;MCO;OK;20/08/2002;20/08/2002;C;OPT;C;TR;RF12;48;18;30;6;;5;997,3531;;;20/08/2002;;;;
4622720;TERRITOIRE;IRS - 24FO - N-1/LOS ANGELES - AA;;;SFR_COLL;DSP_MAJ_IRISE;;;OR21;OR1;OR21;CST;MCO;OK;01/02/2010;01/02/2010;C;OPT;C;DI;RF24;24;20;4;2;;4;59,8932;;;01/02/2010;;;;
4638683;HORS TERRITOIRE;IRS - BD ARCHIMEDE/ROND POINT DE LATERRE-1;;;SFR_COLL;DSP_MAJ_IRISE;;;OR21;OR1;OR21;CST;MCO;OK;22/11/2011;22/11/2011;C;OPT;C;LH;RF74;144;73;71;12;;100;187,3754;;;22/11/2011;;;;
6689171;TERRITOIRE;IRS - 144FO - ANGLE ROUTE DE BRY-BOULEVARD JEAN MONNET/ FT 379 - ROUTE DE BRY - RUE ADRIEN MENTIENNE;;;SFR_COLL;DSP_MAJ_IRISE;;;OR21;OR1;OR21;CST;MCO;OK;14/06/2013;14/06/2013;C;OPT;C;LH;RF22;144;140;4;12;;4;750,7036;;;14/06/2013;;;;
4613985;HORS TERRITOIRE;IRS 24FO - AP-HP - HOPITAL RAYMOND POINCARRE/IRS - N-1 ADD2 POINCARRE (BA);;;SFR_COLL;DSP_MAJ_IRISE;;;OR21;OR1;OR21;CST;MCO;OK;06/11/2007;06/11/2007;C;OPT;C;DI;RF15;24;22;2;4;;4;147,2583;;;06/11/2007;;;;
7681506;TERRITOIRE;IRS - 24FO - RUE DE LA COUTURE BPE 1/POP RUNGIS QUITO - AB;;;SFR_COLL;DSP_MAJ_IRISE;;;OR21;OR1;OR21;CST;MCO;OK;08/01/2014;08/01/2014;C;OPT;C;DI;RF30;24;10;14;4;;4;107,5070;;;08/01/2014;;;;
4907153;TERRITOIRE;IRS - 144 FO - 81 RUE DE FONTENAY BPE2/38 RUE DE FONTENAY;;;SFR_COLL;DSP_MAJ_IRISE;;;OR21;OR1;OR21;CST;MCO;OK;30/10/2012;30/10/2012;C;OPT;C;LH;RF22;144;137;7;12;;4;494,9139;;;30/10/2012;;;;
23569058;TERRITOIRE;IRS - 72 FO - RUE DE VILLIERS LEVALLOIS / FT 1472 - RUE MADELEINE;;;SFR_COLL;DSP_MAJ_IRISE;;;OR21;OR1;OR21;CST;MCO;OK;11/05/2021;11/05/2021;C;OPT;C;TR;RF28;72;72;0;6;;4;1919,8390;;;11/05/2021;;;;
12847426;TERRITOIRE;IRS - 12FO -  BI - POP ECOLE R BOIVIN / FT7 - 59  AV. GABRIEL PERI;;;SFR_COLL;DSP_MAJ_IRISE;;;OR21;OR1;OR21;CST;MCO;OK;11/05/2018;11/05/2018;C;OPT;C;DI;RF27;12;10;2;2;;5;287,6486;;;11/05/2018;;;;
7226809;TERRITOIRE;IRS - 144FO - PLACE DU CAPITAINE GLAMER / ANGLE BATELIERS/HUGO;;;SFR_COLL;DSP_MAJ_IRISE;;;OR21;OR1;OR21;CST;MCO;OK;23/08/2013;23/08/2013;C;OPT;C;LH;RF22;144;115;29;12;;4;336,0962;;;23/08/2013;;;;
4595943;HORS TERRITOIRE;IRS - 144FO - LA FRETTE/SEINE-BOIVIN;;;SFR_COLL;DSP_MAJ_IRISE;;;OR21;OR1;OR21;CST;MCO;OK;25/05/2004;25/05/2004;C;OPT;C;LH;RF74;144;101;43;12;;100;2047,4210;;;25/05/2004;;;;
4606446;TERRITOIRE;(NE PLUS UTILISER) IRS - 24FO ADD2 APHP AP-HP - HOPITAL DE BICETRE LE KREMLIN-BICETRE (AB);;;SFR_COLL;DSP_MAJ_IRISE;;;OR21;OR1;OR21;CST;MCO;OK;20/05/2004;20/05/2004;C;OPT;C;DI;RF15;24;24;0;4;;4;110,6206;;;20/05/2004;;;;
4631510;TERRITOIRE;IRS - 24FO BI/POP CTM_HAY (D70);;;SFR_COLL;DSP_MAJ_IRISE;;;OR21;OR1;OR21;CST;MCO;OK;27/07/2009;27/07/2009;C;OPT;C;DI;RF15;24;20;4;4;;4;22,0227;;;27/07/2009;;;;
4610430;HORS TERRITOIRE;IRS - BD JEAN MONNET/RUE GRAHAM BELL NOISY;;;SFR_COLL;DSP_MAJ_IRISE;;;OR21;OR1;OR21;CST;MCO;OK;20/02/2006;20/02/2006;C;OPT;C;LH;RF40;144;124;20;12;;4;381,1673;;;20/02/2006;;;;
11656077;TERRITOIRE;24 FO - BI RUE DES CEVENNES - POP DSP APX RUNGIS - AB;;;SFR_COLL;DSP_MAJ_IRISE;;;OR21;OR1;OR21;CST;MCO;OK;28/07/2017;28/07/2017;C;OPT;C;DI;RF30;24;24;0;4;;4;0,4818;;;28/07/2017;;;;
6855892;HORS TERRITOIRE;IRS - 144FO - FT 871 - RUE DE LA MARNE / FT 664 - RUE DE PARIS;;;SFR_COLL;DSP_MAJ_IRISE;;;OR21;OR1;OR21;CST;MCO;OK;01/07/2013;01/07/2013;C;OPT;C;LH;RF22;144;140;4;12;;4;426,4514;;;01/07/2013;;;;
11721681;TERRITOIRE;IRS - 144 FO - 52 AVENUE GABRIEL PERI/ANGLE JFK-CHARLES GIDE;;;SFR_COLL;DSP_MAJ_IRISE;;;OR21;OR1;OR21;CST;MCO;OK;11/08/2017;11/08/2017;C;OPT;C;LH;RF148;144;87;57;12;;4;867,6641;;;11/08/2017;;;;
7356082;HORS TERRITOIRE;IRS - 144FO - N-1 POP DISMO FRANCE / N-1 FRANCE CARGO;;;SFR_COLL;DSP_MAJ_IRISE;;;OR21;OR1;OR21;CST;MCO;OK;03/10/2013;03/10/2013;C;OPT;C;LH;RF174;144;144;0;12;;4;326,4960;;;03/10/2013;;;;
7003411;TERRITOIRE;IRS - 144FO - RUE DARTHE (THIAIS) / FT 02B - AV DE REPUBLIQUE (CHOISY-LE-ROI);;;SFR_COLL;DSP_MAJ_IRISE;;;OR21;OR1;OR21;CST;MCO;OK;11/07/2013;11/07/2013;C;OPT;C;LH;RF22;144;140;4;12;;4;449,5999;;;11/07/2013;;;;
15502790;TERRITOIRE;IRISE - 24 FO -  N-1 POP CRECHE DES BRUYERES / POP CRECHE DES BRUYERES - AA;;;SFR_COLL;DSP_MAJ_IRISE;;;OR21;OR1;OR21;CST;MCO;OK;06/08/2019;06/08/2019;C;OPT;C;DI;RF29;24;12;12;4;;5;154,5421;;;06/08/2019;;;;
4637958;TERRITOIRE;IRS - 24FO 18 AVENUR FRERES LUMIERE/AV FRERES LUMIERE;;;SFR_COLL;DSP_MAJ_IRISE;;;OR21;OR1;OR21;CST;MCO;OK;02/12/2011;02/12/2011;C;OPT;C;DI;RF15;24;22;2;4;;4;268,8328;;;02/12/2011;;;;
4632116;TERRITOIRE;IRS - 48FO JARDIN_PARISIEN_ANNEXE (D19)/IRIS (D17);;;SFR_COLL;DSP_MAJ_IRISE;;;OR21;OR1;OR21;CST;MCO;OK;17/07/2009;17/07/2009;C;OPT;C;TR;RF19;48;46;2;4;;4;92,4289;;;17/07/2009;;;;
4632640;TERRITOIRE;IRS - 72FO - 6 RUE GALILEE / POP INTERXION 6 - AA;;;SFR_COLL;DSP_MAJ_IRISE;;;OR21;OR1;OR21;CST;MCO;OK;30/06/2009;30/06/2009;C;OPT;C;TR;RF16;72;57;15;6;;4;45,7909;;;30/06/2009;;;;
4603789;TERRITOIRE;IRS - 12FO - PLACE DES CACQUETS/TELCITE SAINT DENIS;;;SFR_COLL;DSP_MAJ_IRISE;;;OR21;OR1;OR21;CST;MCO;OK;18/07/2006;18/07/2006;C;OPT;C;DI;RF14;12;0;12;2;;4;15,8679;;;18/07/2006;;;;
8790354;TERRITOIRE;IRS - 36FO - LD - FT_IRS 14 QUAI GABRIEL PERI  / FT_IRS 5 AV DE PALISSY (JOINVILLE LE PONT);;;SFR_COLL;DSP_MAJ_IRISE;;;OR21;OR1;OR21;CST;MCO;OK;14/11/2014;14/11/2014;C;OPT;C;TR;RF26;36;34;2;6;;4;358,4926;;;14/11/2014;;;;
7259811;HORS TERRITOIRE;IRS - 144FO - FT 1803 - AVE DE LA MARE / RUE MARCEL DASSAULT;;;SFR_COLL;DSP_MAJ_IRISE;;;OR21;OR1;OR21;CST;MCO;OK;04/09/2013;04/09/2013;C;OPT;C;LH;RF22;144;135;9;12;;4;551,8540;;;04/09/2013;;;;
15955586;TERRITOIRE;IRS - 24 FO - RUE DAMIER (VILLEJUIF) / FT846: 34 AVENUE LOUIS ARAGON;;;SFR_COLL;DSP_MAJ_IRISE;;;OR21;OR1;OR21;CST;MCO;OK;25/09/2019;25/09/2019;C;OPT;C;DI;RF29;24;22;2;4;;5;646,1865;;;25/09/2019;;;;
4636006;HORS TERRITOIRE;IRS - 36FO - PLACE CLEMENCEAU / RUE ROYALE SORTIE PARKING;;;SFR_COLL;DSP_MAJ_IRISE;;;OR21;OR1;OR21;CST;MCO;OK;20/09/2010;20/09/2010;C;OPT;C;TR;RF50;36;26;10;3;;4;123,7162;;;20/09/2010;;;;
45460898;TERRITOIRE;IRS - 12FO - CH CAM SECURISE CAM70/ CH SAT SECURISEE CAM02_FT566;;;SFR_COLL;DSP_MAJ_IRISE;;;OR21;OR1;OR21;CST;MCO;OK;25/06/2024;25/06/2024;C;OPT;C;DI;RF125;12;10;2;2;;5;87,1007;;;25/06/2024;;;;
5144865;TERRITOIRE;IRS - 72FO - ANGLE RUE DU NORD-VELPEAU / AV RAYMOND ARON ET DU DOCTEUR TENINE ANTONY;;;SFR_COLL;DSP_MAJ_IRISE;;;OR21;OR1;OR21;CST;MCO;OK;09/03/2012;09/03/2012;C;OPT;C;TR;RF16;72;53;19;6;;4;532,1502;;;09/03/2012;;;;
4601464;TERRITOIRE;IRS - 48FO CEN_GEOTH_HAY_LES_ROSES (C02)/JARDINS_SUD (D62);;;SFR_COLL;DSP_MAJ_IRISE;;;OR21;OR1;OR21;CST;MCO;OK;21/07/2009;21/07/2009;C;OPT;C;TR;RF19;48;42;6;4;;4;234,9705;;;21/07/2009;;;;
4625291;TERRITOIRE;IRS - 48FO - N-1 STUDIO TV / ARMOIRE DE RUE ROSNY 1 - AA;;;SFR_COLL;DSP_MAJ_IRISE;;;OR21;OR1;OR21;CST;MCO;OK;06/01/2009;06/01/2009;C;OPT;C;TR;RF19;48;38;10;4;;4;138,3516;;;06/01/2009;;;;
4609729;TERRITOIRE;IRS - 1 RUE VARLIN/TIMBAUD-PAIX GENNEVILLIERS;;;SFR_COLL;DSP_MAJ_IRISE;;;OR21;OR1;OR21;CST;MCO;OK;31/03/2005;31/03/2005;C;OPT;C;TR;RF16;72;67;5;6;;4;266,4889;;;31/03/2005;;;;
22496119;TERRITOIRE;IRS - 12FO - FT3406 - 1 PLACE LUCY PERSONS  / POP GROUPE SCOLAIRE ODRU MONTREUIL - AA;;;SFR_COLL;DSP_MAJ_IRISE;;;OR21;OR1;OR21;CST;MCO;OK;01/03/2021;01/03/2021;C;OPT;C;DI;RF27;12;8;4;2;;5;171,8967;;;01/03/2021;;;;
4632369;TERRITOIRE;IRS - 24FO - BI/POP PISCINE_HAY (D18);;;SFR_COLL;DSP_MAJ_IRISE;;;OR21;OR1;OR21;CST;MCO;OK;22/07/2009;22/07/2009;C;OPT;C;DI;RF15;24;20;4;4;;4;26,0000;;;22/07/2009;;;;
17201652;TERRITOIRE;IRS - 144 FO - FT 807 - 27 RUE LOUIS VICAT /  FT502 - 106 AVENUE VICTOR HUGO;;;SFR_COLL;DSP_MAJ_IRISE;;;OR21;OR1;OR21;CST;MCO;OK;28/01/2020;28/01/2020;C;OPT;C;LH;RF22;144;144;0;12;;4;227,3996;;;28/01/2020;;;;
4607217;HORS TERRITOIRE;IRS - 72 FO ZAC DE VILLEPINTE/N-1 XEROX;;;SFR_COLL;DSP_MAJ_IRISE;;;OR21;OR1;OR21;CST;MCO;OK;29/07/2008;29/07/2008;C;OPT;C;TR;RF16;72;54;18;6;;4;238,7398;;;29/07/2008;;;;
7959601;TERRITOIRE;IRS - 72FO - 108 BIS RUE DE VINCENNES / 25 RUE FRANCOIS DEBERGUES;;;SFR_COLL;DSP_MAJ_IRISE;;;OR21;OR1;OR21;CST;MCO;OK;18/03/2014;18/03/2014;C;OPT;C;TR;RF28;72;66;6;6;;4;709,0968;;;18/03/2014;;;;
4608302;TERRITOIRE;IRS - 72FO - 32 RUE CHARLES GIDE/-SEVERINE-GIDE;;;SFR_COLL;DSP_MAJ_IRISE;;;OR21;OR1;OR21;CST;MCO;OK;14/11/2005;14/11/2005;C;OPT;C;TR;RF16;72;64;8;6;;4;196,1495;;;14/11/2005;;;;
4604751;TERRITOIRE;144 FO - IRISE - FRANCISQUE_POULBOT / CHAMBRE 7 DEVANT MSP ST-DENIS - BPE 1;;;SFR_COLL;DSP_MAJ_IRISE;;;OR21;OR1;OR21;CST;MCO;OK;20/07/2007;20/07/2007;C;OPT;C;LH;RF40;144;49;95;12;;4;976,5295;;;20/07/2007;;;;
4601014;TERRITOIRE;IRS - AV EDOUARD HERRIOT/D126 AV CERISAIE-TILLEUL FRENES;;;SFR_COLL;DSP_MAJ_IRISE;;;OR21;OR1;OR21;CST;MCO;OK;01/02/2006;01/02/2006;C;OPT;C;TR;RF16;72;35;37;6;;4;284,7598;;;01/02/2006;;;;
4612611;TERRITOIRE;IRS - 12FO LT POP SILIC CLIENT/IRS - SILIC B;;;SFR_COLL;DSP_MAJ_IRISE;;;OR21;OR1;OR21;CST;MCO;OK;21/11/2007;21/11/2007;C;OPT;C;DI;RF14;12;8;4;2;;4;220,5606;;;21/11/2007;;;;
33186338;TERRITOIRE;IRS - 12 FO - POP MAIRIE DES PAVILLONS-SOUS-BOIS / POP ECOLE ROBILLARD LES PAVILLONS SOUS BOIS - AA;;;SFR_COLL;DSP_MAJ_IRISE;;;OR21;OR1;OR21;CST;MCO;OK;09/08/2022;09/08/2022;C;OPT;C;DI;RF27;12;10;2;2;;5;563,9499;;;09/08/2022;;;;
45178025;TERRITOIRE;IRS - 30 BD PASTEUR (AUBERVILLIERS) / POP CENTRE CULTUREL HOUDREMONT LA COURNEUVE - AA;;;SFR_COLL;DSP_MAJ_IRISE;;;OR21;OR1;OR21;CST;MCO;OK;06/06/2024;06/06/2024;C;OPT;C;DI;RF125;12;12;0;2;;5;928,3839;;;06/06/2024;;;;
4597611;TERRITOIRE;IRS - 12FO - AV JULES RIMET/IMMEUBLE CANALSAT;;;SFR_COLL;DSP_MAJ_IRISE;;;OR21;OR1;OR21;CST;MCO;OK;18/10/2004;18/10/2004;C;OPT;C;DI;RF14;12;8;4;2;;4;87,4566;;;18/10/2004;;;;
8288625;TERRITOIRE;IRS - 144FO - PLACE DU CAPITAINE GLAMER / SANZILLON_HUGO;;;SFR_COLL;DSP_MAJ_IRISE;;;OR21;OR1;OR21;CST;MCO;OK;17/06/2014;17/06/2014;C;OPT;C;LH;RF22;144;144;0;12;;4;564,3502;;;17/06/2014;;;;
16547985;TERRITOIRE;IRS - 12 FO - RD POINT DES MARTYRS DE CHATEAUBRIANT(BAGNEUX)/POP THEATRE ET CINEMA VICTOR HUGO BAGNEUX;;;SFR_COLL;DSP_MAJ_IRISE;;;OR21;OR1;OR21;CST;MCO;OK;21/11/2019;21/11/2019;C;OPT;C;DI;RF37;12;12;0;2;;5;252,8762;;;21/11/2019;;;;
15249342;TERRITOIRE;IRS - 36 FO - FT 348 - 22 RUE DES BATELIERS / 54 RUE DU LANDY (CLICHY);;;SFR_COLL;DSP_MAJ_IRISE;;;OR21;OR1;OR21;CST;MCO;OK;08/07/2019;08/07/2019;C;OPT;C;TR;RF50;36;36;0;3;;4;453,0354;;;08/07/2019;;;;
4617941;TERRITOIRE;IRS - 72FO - 6 BLD DE VERDUN (COURBEVOIE)/66 QUAI DU MAL JOFFRE;;;SFR_COLL;DSP_MAJ_IRISE;;;OR21;OR1;OR21;CST;MCO;OK;14/10/2010;14/10/2010;C;OPT;C;TR;RF16;72;17;55;6;;4;882,4265;;;14/10/2010;;;;
4634154;TERRITOIRE;IRS - 72FO - 2 AV DES VIOLETTES/4 AV DES VIOLETTES;;;SFR_COLL;DSP_MAJ_IRISE;;;OR21;OR1;OR21;CST;MCO;OK;01/02/2010;01/02/2010;C;OPT;C;TR;RF16;72;68;4;6;;4;149,9947;;;01/02/2010;;;;
7134472;TERRITOIRE;IRS - 144FO - 15 RUE ERNEST LAVAL / CGTEL_CAPMON/PT000;;;SFR_COLL;DSP_MAJ_IRISE;;;OR21;OR1;OR21;CST;MCO;OK;22/07/2013;22/07/2013;C;OPT;C;LH;RF22;144;122;22;12;;4;96,3183;;;22/07/2013;;;;
4606932;TERRITOIRE;IRS - AV DU GENERAL DE GAULLE/RUE ARTHUR NEIBECKER;;;SFR_COLL;DSP_MAJ_IRISE;;;OR21;OR1;OR21;CST;MCO;OK;17/08/2005;17/08/2005;C;OPT;C;TR;RF19;48;8;40;4;;4;992,6461;;;17/08/2005;;;;
30342497;TERRITOIRE;IRS - 12FO - N-1 MAIRIE DE ROSNY / FT2347 - RUE PASCAL;;;SFR_COLL;DSP_MAJ_IRISE;;;OR21;OR1;OR21;CST;MCO;OK;23/03/2022;23/03/2022;C;OPT;C;DI;RF27;12;10;2;2;;5;627,2918;;;23/03/2022;;;;
8464280;TERRITOIRE;IRS - 144FO - ANGLE RUE DANIEL SUER-RUE DEVAUX/RUE ARTHUR NEIBECKER;;;SFR_COLL;DSP_MAJ_IRISE;;;OR21;OR1;OR21;CST;MCO;OK;05/08/2014;05/08/2014;C;OPT;C;LH;RF22;144;137;7;12;;4;289,4658;;;05/08/2014;;;;
4610469;HORS TERRITOIRE;IRS-PAIX COLOMB/BOUYGUES SARTROUVILLE;;;SFR_COLL;DSP_MAJ_IRISE;;;OR21;OR1;OR21;CST;MCO;OK;20/09/2006;20/09/2006;C;OPT;C;DI;RF54;12;10;2;6;;4;27,2218;;;20/09/2006;;;;
8114244;TERRITOIRE;IRS - 72FO - LD - ANGLE AV 11 NOVEMBRE 1968_JULES FERRAT/29 RUE DU LIEUTENANT PETIT LE ROY;;;SFR_COLL;DSP_MAJ_IRISE;;;OR21;OR1;OR21;CST;MCO;OK;25/04/2014;25/04/2014;C;OPT;C;TR;RF28;72;70;2;6;;4;403,6271;;;25/04/2014;;;;
4637501;TERRITOIRE;IRS - POP OPHLM BURNLEY VITRY/N-1 MAIRIE;;;SFR_COLL;DSP_MAJ_IRISE;;;OR21;OR1;OR21;CST;MCO;OK;25/01/2011;25/01/2011;C;OPT;C;DI;RF15;24;23;1;4;;4;139,5966;;;25/01/2011;;;;
17910139;TERRITOIRE;IRS - 144 FO - AVENUE GRADE / FT 221 - 6 BOULEVARD DE CRETEIL;;;SFR_COLL;DSP_MAJ_IRISE;;;OR21;OR1;OR21;CST;MCO;OK;31/03/2020;31/03/2020;C;OPT;C;LH;RF22;144;144;0;12;;4;898,2909;;;31/03/2020;;;;
4609656;TERRITOIRE;IRS - 144FO - ANGLE TESSIER LUSSAC/33 BIS RUE ST GERMAIN;;;SFR_COLL;DSP_MAJ_IRISE;;;OR21;OR1;OR21;CST;MCO;OK;01/02/2011;01/02/2011;C;OPT;C;LH;RF56;144;79;65;12;;4;278,8063;;;01/02/2011;;;;
4600030;TERRITOIRE;IRS - RUE DU PETIT-BEREGOVOY/IRS JAURES PORT - A RENOMMER ETIQ;;;SFR_COLL;DSP_MAJ_IRISE;;;OR21;OR1;OR21;CST;MCO;OK;26/04/2005;26/04/2005;C;OPT;C;LH;RF40;144;52;92;12;;4;975,1522;;;26/04/2005;;;;
4603200;TERRITOIRE;IRS - 144FO - RUE JEAN ALLEMANE - AV DE LA DIVISION LECLERC/23 RUE SALENGRO;;;SFR_COLL;DSP_MAJ_IRISE;;;OR21;OR1;OR21;CST;MCO;OK;11/10/2004;11/10/2004;C;OPT;C;LH;RF40;144;136;8;12;;4;261,6181;;;11/10/2004;;;;
4636695;TERRITOIRE;IRS - 24FO - CDC ARCUEIL/BI MARIUS SODOBRE ARCUEIL - AA;;;SFR_COLL;DSP_MAJ_IRISE;;;OR21;OR1;OR21;CST;MCO;OK;20/06/2011;20/06/2011;C;OPT;C;DI;RF15;24;16;8;4;;4;21,6333;;;20/06/2011;;;;
8692418;HORS TERRITOIRE;IRS - 72FO - CDD PARIS NORD (DEA) / RP LOUIS ARMAND;;;SFR_COLL;DSP_MAJ_IRISE;;;OR21;OR1;OR21;CST;MCO;OK;23/12/2009;23/12/2009;C;OPT;C;TR;RF16;72;24;48;6;;4;651,6883;;;23/12/2009;;;;
12933217;TERRITOIRE;IRS - 144 FO - NEW CONVENTION PERI/84 RUE GABRIEL PERI;;;SFR_COLL;DSP_MAJ_IRISE;;;OR21;OR1;OR21;CST;MCO;OK;11/08/2017;11/08/2017;C;OPT;C;LH;RF148;144;87;57;12;;4;271,7579;;;11/08/2017;;;;
4633312;TERRITOIRE;IRS - 144FO GS_BLONDEAUX (D33)/ECOLE_VAL_AUX_RENARDS (D83);;;SFR_COLL;DSP_MAJ_IRISE;;;OR21;OR1;OR21;CST;MCO;OK;20/07/2009;20/07/2009;C;OPT;C;LH;RF40;144;142;2;12;;4;654,2859;;;20/07/2009;;;;
4633211;TERRITOIRE;IRS - 24FO BI/POP MATERNELLE_SAUSSAIE (D32);;;SFR_COLL;DSP_MAJ_IRISE;;;OR21;OR1;OR21;CST;MCO;OK;28/07/2009;28/07/2009;C;OPT;C;DI;RF15;24;20;4;4;;4;11,6620;;;28/07/2009;;;;
4607122;TERRITOIRE;IRS - 72FO - LECLERC_GRANDE ALLEE/RONSARD-LECLERC BONNEUIL;;;SFR_COLL;DSP_MAJ_IRISE;;;OR21;OR1;OR21;CST;MCO;OK;29/07/2005;29/07/2005;C;OPT;C;TR;RF16;72;39;33;6;;4;627,7129;;;29/07/2005;;;;
29171967;TERRITOIRE;12 FO IRS - FT 681  RUE AVENUE BERTHELOT  (MONTREUIL) - BPE 1 / POP ELEMENTAIRE MARCELIN BERTHELOT MONTREUIL - AA;;;SFR_COLL;DSP_MAJ_IRISE;;;OR21;OR1;OR21;CST;MCO;OK;26/01/2022;26/01/2022;C;OPT;C;DI;RF27;12;6;6;2;;5;24,9560;;;26/01/2022;;;;
4607831;TERRITOIRE;IRS - 72FO RFF - PK 76940 SUCY EN BRIE/NEW PK 80435 VALENTON;;;SFR_COLL;DSP_MAJ_IRISE;;;OR21;OR1;OR21;CST;MCO;OK;05/11/2004;05/11/2004;C;OPT;C;TR;RF23;72;25;47;6;;145;3515,2017;;;05/11/2004;;;;
10929641;TERRITOIRE;24FO - IRS - BI - QUAI FERNAND DUPUIS (CHOISY LE ROI) / POP MEDIATHEQUE QUAI FERAND DUPUIS CHOISY LE ROI- AA;;;SFR_COLL;DSP_MAJ_IRISE;;;OR21;OR1;OR21;CST;MCO;OK;17/02/2017;17/02/2017;C;OPT;C;DI;RF30;24;23;1;4;;4;6,3335;;;17/02/2017;;;;
22512427;TERRITOIRE;IRS - 36 FO - FT 1778 - AVENUE MARCEL PAUL/FT 1480 - RUE DU BASSIN NUMERO 6;;;SFR_COLL;DSP_MAJ_IRISE;;;OR21;OR1;OR21;CST;MCO;OK;02/03/2021;02/03/2021;C;OPT;C;TR;RF50;36;36;0;3;;4;797,8212;;;02/03/2021;;;;
4632279;TERRITOIRE;IRS - 24FO - BI/POP JARDIN_PARISIEN_ANNEXE (D19);;;SFR_COLL;DSP_MAJ_IRISE;;;OR21;OR1;OR21;CST;MCO;OK;22/07/2009;22/07/2009;C;OPT;C;DI;RF15;24;20;4;4;;4;24,2072;;;22/07/2009;;;;
17286114;HORS TERRITOIRE;12 FO - IRISE - FT 379 - ROUTE DE BRY - RUE ADRIEN MENTIENNE / POP CENTRE CULTUREL L ESCALE VILLIERS SUR MARNE;;;SFR_COLL;DSP_MAJ_IRISE;;;OR21;OR1;OR21;CST;MCO;OK;04/02/2020;04/02/2020;C;OPT;C;DI;RF66;12;4;8;2;;236;520,3752;;;04/02/2020;;;;
4611150;TERRITOIRE;IRS - 48FO - D126 AV CERISAIE-RUE DES TILLEULS/GIRATOIRE MEDICIS;;;SFR_COLL;DSP_MAJ_IRISE;;;OR21;OR1;OR21;CST;MCO;OK;15/02/2007;15/02/2007;C;OPT;C;TR;RF19;48;17;31;4;;4;524,3400;;;15/02/2007;;;;
4611233;HORS TERRITOIRE;IRS - 8 BLVD GALLIENI/21 RUE BARA ISSY LES MOULINEAUX;;;SFR_COLL;DSP_MAJ_IRISE;;;OR21;OR1;OR21;CST;MCO;OK;01/08/2006;01/08/2006;C;OPT;C;TR;RF16;72;48;24;6;;4;182,5040;;;01/08/2006;;;;
4630287;HORS TERRITOIRE;IRS - 48FO - RUE SEVERINE/GUYNEMER_SEVERINE;;;SFR_COLL;DSP_MAJ_IRISE;;;OR21;OR1;OR21;CST;MCO;OK;21/01/2009;21/01/2009;C;OPT;C;TR;RF19;48;31;17;4;;4;382,9719;;;21/01/2009;;;;
4614076;HORS TERRITOIRE;IRS - 72FO - ADD2 APHP CORENTIN CELTON/IRIS - 32-34 RUE DES FRERES VOISINS;;;SFR_COLL;DSP_MAJ_IRISE;;;OR21;OR1;OR21;CST;MCO;OK;25/10/2007;25/10/2007;C;OPT;C;TR;RF16;72;68;4;6;;4;359,9176;;;25/10/2007;;;;
4604070;HORS TERRITOIRE;IRS -QUAI ROOSVELT ISSY LES MOULINEAUX/8 BLVD GALLIENI;;;SFR_COLL;DSP_MAJ_IRISE;;;OR21;OR1;OR21;CST;MCO;OK;10/07/2009;10/07/2009;C;OPT;C;TR;RF16;72;46;26;6;;4;705,4754;;;10/07/2009;;;;
4609679;HORS TERRITOIRE;IRS - 36FO - RUE DE MEUDON/POP LAFARGE - AA;;;SFR_COLL;DSP_MAJ_IRISE;;;OR21;OR1;OR21;CST;MCO;OK;28/01/2005;28/01/2005;C;OPT;C;TR;RF42;36;32;4;6;;4;67,0304;;;28/01/2005;;;;
4639554;TERRITOIRE;IRS - 36FO - NEW ADAMOV-REPUBLIQUE - BIS/CHAMPIGNY LES BOULEREAUX;;;SFR_COLL;DSP_MAJ_IRISE;;;OR21;OR1;OR21;CST;MCO;OK;06/02/2012;06/02/2012;C;OPT;C;TR;RF42;36;32;4;6;;4;397,8853;;;06/02/2012;;;;
36142833;TERRITOIRE;IRS - 12 FO - AV DU GENERAL LECLERC CH FT 772 / POP PARKING MUNICIPAL CONDORCET BOURG LA REINE - AA;;;SFR_COLL;DSP_MAJ_IRISE;;;OR21;OR1;OR21;CST;MCO;OK;16/01/2023;16/01/2023;C;OPT;C;DI;RF27;12;10;2;2;;5;288,9500;;;16/01/2023;;;;
7940401;TERRITOIRE;144 FO - IRISE - K3C PLACE DE LA GARE / CHAMBRE 7 DEVANT MSP - BPE 2;;;SFR_COLL;DSP_MAJ_IRISE;;;OR21;OR1;OR21;CST;MCO;OK;13/03/2014;13/03/2014;C;OPT;C;LH;RF22;144;144;0;12;;4;991,8986;;;13/03/2014;;;;
36824418;TERRITOIRE;12 FO - FT491 - CH SAT SECURISEE CAM10/ FT538 - CH SAT SECURISEE CAM13;;;SFR_COLL;DSP_MAJ_IRISE;;;OR21;OR1;OR21;CST;MCO;OK;20/02/2023;20/02/2023;C;OPT;C;DI;RF130;12;10;2;1;;5;598,3088;;;20/02/2023;;;;
4609093;TERRITOIRE;IRS - 36FO - N-1 CHAMPIGNY LES BOULEREAUX/BI CHAMPIGNY LES BOULEREAUX;;;SFR_COLL;DSP_MAJ_IRISE;;;OR21;OR1;OR21;CST;MCO;OK;09/02/2012;09/02/2012;C;OPT;C;TR;RF42;36;32;4;6;;4;12,1943;;;09/02/2012;;;;
4606546;TERRITOIRE;36FO TIS - N-1/LT CAA BERNY TISCALI ANTONY;;;SFR_COLL;DSP_MAJ_IRISE;;;OR21;OR1;OR21;CST;MCO;OK;08/12/2004;08/12/2004;C;OPT;C;TR;RF42;36;16;20;6;;4;71,8461;;;08/12/2004;;;;
4604050;TERRITOIRE;36FO TISC - RUE JULES VEDRINES/URA ST DENIS;;;SFR_COLL;DSP_MAJ_IRISE;;;OR21;OR1;OR21;CST;MCO;OK;26/10/2004;26/10/2004;C;OPT;C;TR;RF42;36;8;28;6;;4;66,8903;;;26/10/2004;;;;
4596559;TERRITOIRE;IRS -  CABLE 36FO - POP 9T BOULOGNE/POP CANAL SAT  - AF/AC;;;SFR_COLL;DSP_MAJ_IRISE;;;OR21;OR1;OR21;CST;MCO;OK;23/08/2002;23/08/2002;C;OPT;C;TR;RF42;36;36;0;6;;4;69,9443;;;23/08/2002;;;;
4597036;TERRITOIRE;IRS - JAURES-PORT/FACE AU 7 VILLENEUVE???;;;SFR_COLL;DSP_MAJ_IRISE;;;OR21;OR1;OR21;CST;MCO;OK;30/01/2001;30/01/2001;C;OPT;C;TR;RF16;72;49;23;6;;4;615,4784;;;30/01/2001;;;;
38379619;TERRITOIRE;IRS - 12 FO - FT588 - CH SAT SECURISEE CAM58 / POP CAMERA 58 LES PAVILLONS SOUS BOIS;;;SFR_COLL;DSP_MAJ_IRISE;;;OR21;OR1;OR21;CST;MCO;OK;17/05/2023;17/05/2023;C;OPT;C;DI;RF27;12;10;2;2;;5;13,4485;;;17/05/2023;;;;
37097700;TERRITOIRE;IRS - 24FO - BAQUETTE - N-1 MAIRIE NANTERRE - BPE 1 / N-1 MAIRIE NANTERRE - BPE 2;;;SFR_COLL;DSP_MAJ_IRISE;;;OR21;OR1;OR21;CST;MCO;OK;07/03/2023;07/03/2023;C;OPT;C;DI;RF31;24;24;0;2;;5;2,7501;;;07/03/2023;;;;
25267299;TERRITOIRE;24FO - IRISE - AVENUE DU MARECHAL JUIN / POP GARAGE MUNICIPAL LES LILAS;;;SFR_COLL;DSP_MAJ_IRISE;;;OR21;OR1;OR21;CST;MCO;OK;18/08/2021;18/08/2021;C;OPT;C;DI;RF29;24;22;2;4;;5;59,6067;;;18/08/2021;;;;
4607226;TERRITOIRE;IRS - 48 FO - 84 RUE CARVES / 13 RUE CHARLES FLOQUET;;;SFR_COLL;DSP_MAJ_IRISE;;;OR21;OR1;OR21;CST;MCO;OK;03/10/2005;03/10/2005;C;OPT;C;TR;RF19;48;34;14;4;;4;150,4848;;;03/10/2005;;;;
4632566;TERRITOIRE;IRS - 144FO CHB STALINGRAD_CONVENTION/RUE DE STALINGRAD HOPITAL;;;SFR_COLL;DSP_MAJ_IRISE;;;OR21;OR1;OR21;CST;MCO;OK;28/09/2009;28/09/2009;C;OPT;C;LH;RF108;144;95;49;12;;5;302,1158;;;28/09/2009;;;;
33887141;TERRITOIRE;IRS - 72 FO - FT 714 - RUE JEAN PIERRE TIMBAUD (COURNEUVE) / IRS - FT 761 - 169 AVENUE PAUL VAILLANT COUTURIER;;;SFR_COLL;DSP_MAJ_IRISE;;;OR21;OR1;OR21;CST;MCO;OK;21/07/2020;21/07/2020;C;OPT;C;TR;RF28;72;72;0;6;;4;428,8839;;;21/07/2020;;;;
37046819;TERRITOIRE;IRS - 12FO - FT453 - AVENUE ARISTIDE BRIAND / POP CENTRE MUNICILPAL DE SANTE LES PAVILLONS SOUS BOIS - AA;;;SFR_COLL;DSP_MAJ_IRISE;;;OR21;OR1;OR21;CST;MCO;OK;03/03/2023;03/03/2023;C;OPT;C;DI;RF27;12;4;8;2;;5;13,2188;;;03/03/2023;;;;
4635794;HORS TERRITOIRE;IRS - 144FO - FT - 16 RUE CARNOT/FT - 93 RUE DU GENERAL LECLERC;;;SFR_COLL;DSP_MAJ_IRISE;;;OR21;OR1;OR21;CST;MCO;OK;02/08/2012;02/08/2012;C;OPT;C;LH;RF40;144;115;29;12;;4;148,0428;;;02/08/2012;;;;
4604112;TERRITOIRE;IRS - 72FO - RUE DE PARIS SUCY EN BRIE/RUE GAL LECLERC-MOULIN BATEAU;;;SFR_COLL;DSP_MAJ_IRISE;;;OR21;OR1;OR21;CST;MCO;OK;01/10/2004;01/10/2004;C;OPT;C;TR;RF16;72;32;40;6;;4;662,1809;;;01/10/2004;;;;
14979943;TERRITOIRE;IRS - 36FO - FT 32 - QUAI DE LA MARINE / FT 151 - 4 RUE LENINE;;;SFR_COLL;DSP_MAJ_IRISE;;;OR21;OR1;OR21;CST;MCO;OK;06/06/2019;06/06/2019;C;OPT;C;TR;RF50;36;36;0;3;;4;1607,0036;;;06/06/2019;;;;
4643479;TERRITOIRE;IRS - 36FO - SALENGRO-DAMOUS/CHAMPIGNY(FOURCHETTE);;;SFR_COLL;DSP_MAJ_IRISE;;;OR21;OR1;OR21;CST;MCO;OK;02/02/2012;02/02/2012;C;OPT;C;TR;RF42;36;32;4;6;;4;232,5371;;;02/02/2012;;;;
4611450;TERRITOIRE;144 FO - IRISE - CAB 2 - GARDINOUX 2 / 23 RUE DES GARDINOUX - BPE 2;;;SFR_COLL;DSP_MAJ_IRISE;;;OR21;OR1;OR21;CST;MCO;OK;21/11/2006;21/11/2006;C;OPT;C;LH;RF40;144;0;144;12;;4;171,1790;;;21/11/2006;;;;
7147425;TERRITOIRE;IRS - 36 FO - AVENUE DES MYOSOTIS / POP FTTS SUCY EN BRIE (BOUTON D'OR) - AA;;;SFR_COLL;DSP_MAJ_IRISE;;;OR21;OR1;OR21;CST;MCO;OK;25/07/2013;25/07/2013;C;OPT;C;TR;RF26;36;32;4;6;;4;144,7001;;;25/07/2013;;;;
4594965;TERRITOIRE;IRS - IRISE 534 - 51 RUE H. BARBUSSE /RUE DANIELLE CASANOVA;;;SFR_COLL;DSP_MAJ_IRISE;;;OR21;OR1;OR21;CST;MCO;OK;12/04/2002;12/04/2002;C;OPT;C;LH;RF56;144;44;100;12;;4;1082,6054;;;12/04/2002;;;;
4609832;TERRITOIRE;IRS-RUE DES PIERRELAIS/RUE DE FONTENAY;;;SFR_COLL;DSP_MAJ_IRISE;;;OR21;OR1;OR21;CST;MCO;OK;03/08/2005;03/08/2005;C;OPT;C;TR;RF16;72;72;0;6;;4;4,1295;;;03/08/2005;;;;
4602122;TERRITOIRE;IRS - 48 FO - RUE STE GENEVIEVE - 12 RUE SAINTE-GENEVIEVE;;;SFR_COLL;DSP_MAJ_IRISE;;;OR21;OR1;OR21;CST;MCO;OK;01/01/2003;01/01/2003;C;OPT;C;TR;RF89;48;48;0;8;;5;219,3611;;;01/01/2003;;;;
25065420;TERRITOIRE;IRS - 12FO - 18 ALLEE FERNAND LEGER - BPE 1 / IRS - 90 RUE FRANCOIS MILLET - BPE1;;;SFR_COLL;DSP_MAJ_IRISE;;;OR21;OR1;OR21;CST;MCO;OK;03/08/2021;03/08/2021;C;OPT;C;DI;RF27;12;8;4;2;;5;314,0003;;;03/08/2021;;;;
4608361;TERRITOIRE;IRS - 70 AV DU GENERAL LECLERC/110 AV. DU GENERAL LECLERC;;;SFR_COLL;DSP_MAJ_IRISE;;;OR21;OR1;OR21;CST;MCO;OK;22/10/2007;22/10/2007;C;OPT;C;LH;RF40;144;130;14;12;;4;184,2742;;;22/10/2007;;;;
22929123;TERRITOIRE;IRS - FT 1376 - FT 1376 - 285 ALLEE JULES VERNES / FT 53 -  PARKING BELLE EPINE;;;SFR_COLL;DSP_MAJ_IRISE;;;OR21;OR1;OR21;CST;MCO;OK;30/03/2021;30/03/2021;C;OPT;C;TR;RF50;36;36;0;3;;4;961,0936;;;30/03/2021;;;;
22101859;TERRITOIRE;24 FO - BPE FT768 / BPE FT765;;;SFR_COLL;DSP_MAJ_IRISE;;;OR21;OR1;OR21;CST;MCO;OK;01/02/2021;01/02/2021;C;OPT;C;DI;RF29;24;18;6;4;;5;120,6477;;;01/02/2021;;;;
18437518;TERRITOIRE;IRS - 144 FO - DOLET_METZ / FT 821 - 7 RENE CHAR;;;SFR_COLL;DSP_MAJ_IRISE;;;OR21;OR1;OR21;CST;MCO;OK;19/05/2020;19/05/2020;C;OPT;C;LH;RF22;144;144;0;12;;4;1383,8000;;;19/05/2020;;;;
45456417;TERRITOIRE;IRIS - 12 FO - POP CTM LES PAVILLONS SOUS BOIS / N-1 - CTM;;;SFR_COLL;DSP_MAJ_IRISE;;;OR21;OR1;OR21;CST;MCO;OK;25/06/2024;25/06/2024;C;OPT;C;DI;RF27;12;10;2;2;;5;55,2662;;;25/06/2024;;;;
11443666;TERRITOIRE;IRS - 12FO -  IRS - 10 RUE DU VERGER / POP MAIRIE ORLY - AA;;;SFR_COLL;DSP_MAJ_IRISE;;;OR21;OR1;OR21;CST;MCO;OK;25/03/2010;25/03/2010;C;OPT;C;DI;RF167;12;2;10;1;;25;147,5554;;;25/03/2010;;;;
17910137;TERRITOIRE;IRS - 144 FO - FT 1222 -  50-52 AVENUE RASPAIL / FT 1273 -  33-29 AVENUE DES PERDRIX;;;SFR_COLL;DSP_MAJ_IRISE;;;OR21;OR1;OR21;CST;MCO;OK;31/03/2020;31/03/2020;C;OPT;C;LH;RF22;144;144;0;12;;4;765,5819;;;31/03/2020;;;;
15232382;TERRITOIRE;IRS - 144 FO - FT 2018 - RUE DE L ABBE GLATZ / FT 1967 - RUE DE L ABBE LEMIRE ASNIERE SUR SEINE;;;SFR_COLL;DSP_MAJ_IRISE;;;OR21;OR1;OR21;CST;MCO;OK;05/07/2019;05/07/2019;C;OPT;C;LH;RF22;144;144;0;12;;4;492,3410;;;05/07/2019;;;;
6154146;TERRITOIRE;A NE PAS UTULISER-IRS - 144FO - FT_288 - ANGLE GL LECLERC_AV TALAMON / FT_256 - ANGLE AV R.SALENGRO_RUE ANATOLE;;;SFR_COLL;DSP_MAJ_IRISE;;;OR21;OR1;OR21;CST;MCO;OK;15/04/2013;15/04/2013;C;OPT;C;LH;RF22;144;143;1;12;;4;465,6279;;;15/04/2013;;;;
4604313;TERRITOIRE;IRS - 144FO - BD NATIONAL/N-1 URA REUIL-2;;;SFR_COLL;DSP_MAJ_IRISE;;;OR21;OR1;OR21;CST;MCO;OK;08/01/2010;08/01/2010;C;OPT;C;LH;RF22;144;118;26;12;;4;224,3864;;;08/01/2010;;;;
4601705;TERRITOIRE;CAB000000012575-2-2;;;SFR_COLL;DSP_MAJ_IRISE;;;OR21;OR1;OR21;CST;MCO;OK;28/05/2004;28/05/2004;C;OPT;C;TR;RF41;72;34;38;6;;5;745,7913;;;28/05/2004;;;;
29268899;TERRITOIRE;IRS - 36 - ANGLE JOFFRE MICHELET/ FT 1047 - 1 RUE DU PASTEUR MARTIN LUTHER KING;;;SFR_COLL;DSP_MAJ_IRISE;;;OR21;OR1;OR21;CST;MCO;OK;31/01/2022;31/01/2022;C;OPT;C;TR;RF50;36;36;0;3;;4;1216,2718;;;31/01/2022;;;;
4608193;TERRITOIRE;IRS - 48 FO - ANATOLE FRANCE_NUNGESSER ET COLI/NUNGESSER ET COLI;;;SFR_COLL;DSP_MAJ_IRISE;;;OR21;OR1;OR21;CST;MCO;OK;22/03/2005;22/03/2005;C;OPT;C;TR;RF19;48;42;6;4;;4;159,3787;;;22/03/2005;;;;
4625796;TERRITOIRE;IRS - 36FO - ANATOLE FRANCE_NUNGESSER ET COLI/PIERREFITTE CENTRE CROIZAT;;;SFR_COLL;DSP_MAJ_IRISE;;;OR21;OR1;OR21;CST;MCO;OK;27/12/2007;27/12/2007;C;OPT;C;TR;RF112;36;6;6;3;;4;94,5191;;;27/12/2007;;;;
4608197;TERRITOIRE;IRS - AV MOLIERE/GROUPE SCOLAIRE PIERREFITTE;;;SFR_COLL;DSP_MAJ_IRISE;;;OR21;OR1;OR21;CST;MCO;OK;22/03/2005;22/03/2005;C;OPT;C;DI;RF14;12;8;4;2;;4;29,2464;;;22/03/2005;;;;
25240103;TERRITOIRE;IRS - 144 FO - IRS - FT 653 - 5 RUE JEAN BAPTISTE CLEMENT / IRS - FT 945 - 70 RUE JOSEPH LAHUEC;;;SFR_COLL;DSP_MAJ_IRISE;;;OR21;OR1;OR21;CST;MCO;OK;16/08/2021;16/08/2021;C;OPT;C;LH;RF22;144;144;0;12;;4;814,7265;;;16/08/2021;;;;
18073970;TERRITOIRE;IRS - 36FO - IRS - JAURES_VERDUN / FT 235 - 31 BOULEVARD PASTEUR;;;SFR_COLL;DSP_MAJ_IRISE;;;OR21;OR1;OR21;CST;MCO;OK;16/04/2020;16/04/2020;C;OPT;C;TR;RF50;36;36;0;3;;4;656,5315;;;16/04/2020;;;;
4607949;TERRITOIRE;IRS - 72FO - 45 RUE DE TROISY/ST PIERRE_TROSY;;;SFR_COLL;DSP_MAJ_IRISE;;;OR21;OR1;OR21;CST;MCO;OK;24/10/2005;24/10/2005;C;OPT;C;TR;RF16;72;56;16;6;;4;184,1950;;;24/10/2005;;;;
33184417;TERRITOIRE;IRS - 24FO -  BPI - MAIRIE DE ROSNY SOUS BOIS / POP MAIRIE DE ROSNY SOUS BOIS;;;SFR_COLL;DSP_MAJ_IRISE;;;OR21;OR1;OR21;CST;MCO;OK;19/08/2005;19/08/2005;C;OPT;C;DI;RF30;24;6;18;4;;4;23,4689;;;19/08/2005;;;;
6084049;TERRITOIRE;IRS - 72FO - 20 ROUTE DE SARTROUVILLE/ IRS PONT BEZONS RG CH2;;;SFR_COLL;DSP_MAJ_IRISE;;;OR21;OR1;OR21;CST;MCO;OK;19/05/2004;19/05/2004;C;OPT;C;TR;RF16;72;55;17;6;;4;370,5898;;;19/05/2004;;;;
4607869;TERRITOIRE;IRS - 144FO LES_SORBIERS_BAT_B&A (EXX)/ECLUSE (D10);;;SFR_COLL;DSP_MAJ_IRISE;;;OR21;OR1;OR21;CST;MCO;OK;17/07/2009;17/07/2009;C;OPT;C;LH;RF40;144;140;4;12;;4;430,2009;;;17/07/2009;;;;
4632361;TERRITOIRE;IRS - 24FO - BI/POP JARDINS_DISPAN (D12);;;SFR_COLL;DSP_MAJ_IRISE;;;OR21;OR1;OR21;CST;MCO;OK;22/07/2009;22/07/2009;C;OPT;C;DI;RF15;24;22;2;4;;4;27,6588;;;22/07/2009;;;;
4606602;TERRITOIRE;IRS - COSARDES-LAROUMES/11, RUE DES BLONDEAUX-2-2;;;SFR_COLL;DSP_MAJ_IRISE;;;OR21;OR1;OR21;CST;MCO;OK;01/03/2006;01/03/2006;C;OPT;C;TR;RF16;72;29;43;6;;4;747,6671;;;01/03/2006;;;;
4634941;TERRITOIRE;IRS - 24FO - 66 AV ANATOLE FRANCE/POP EDF VITRY SUR SEINE - AA;;;SFR_COLL;DSP_MAJ_IRISE;;;OR21;OR1;OR21;CST;MCO;OK;10/02/2011;10/02/2011;C;OPT;C;DI;RF15;24;20;4;4;;4;34,3276;;;10/02/2011;;;;
4632105;TERRITOIRE;IRS - 48FO TOIT_ET_JOIE (D69)/PLAINE (D09);;;SFR_COLL;DSP_MAJ_IRISE;;;OR21;OR1;OR21;CST;MCO;OK;17/07/2009;17/07/2009;C;OPT;C;TR;RF19;48;46;2;4;;4;344,3650;;;17/07/2009;;;;
15183809;TERRITOIRE;IRS - 12FO - NEW JULES FERRY PK 3703/POP GROUPE SCOLAIRE SAINT EXUPERY LA COURNEUVE - AA;;;SFR_COLL;DSP_MAJ_IRISE;;;OR21;OR1;OR21;CST;MCO;OK;01/07/2019;01/07/2019;C;OPT;C;DI;RF27;12;6;6;2;;5;165,9087;;;01/07/2019;;;;
4601971;TERRITOIRE;IRS - DE LATTRE TASSIGNY/DE GAULLE-ECHAT;;;SFR_COLL;DSP_MAJ_IRISE;;;OR21;OR1;OR21;CST;MCO;OK;15/05/2004;15/05/2004;C;OPT;C;TR;RF19;48;34;14;4;;4;149,1008;;;15/05/2004;;;;
29945382;TERRITOIRE;IRS - 8 RUE GABRIEL PERI (MONTROUGE) - BPE 1 / POP N012 CHAMBRE IRISE MONTROUGE - AA;;;SFR_COLL;DSP_MAJ_IRISE;;;OR21;OR1;OR21;CST;MCO;OK;04/03/2022;04/03/2022;C;OPT;C;DI;RF27;12;10;2;2;;5;354,0929;;;04/03/2022;;;;
4604603;TERRITOIRE;IRS - 154 G. PERI/44 RUE JEAN JAURES;;;SFR_COLL;DSP_MAJ_IRISE;;;OR21;OR1;OR21;CST;MCO;OK;10/09/2002;10/09/2002;C;OPT;C;TR;RF16;72;35;37;6;;4;408,0484;;;10/09/2002;;;;
4622767;HORS TERRITOIRE;IRS-72-FO-QUAI ROOSVELT ISSY LES MOULINEAUX/BPE GENERALLI LUNDBERCK;;;SFR_COLL;DSP_MAJ_IRISE;;;OR21;OR1;OR21;CST;MCO;OK;10/07/2009;10/07/2009;C;OPT;C;TR;RF16;72;66;6;6;;4;458,2556;;;10/07/2009;;;;
4598304;HORS TERRITOIRE;IRS - 24FO - BI/POP CBS OUTDOOR ISSY - AA;;;SFR_COLL;DSP_MAJ_IRISE;;;OR21;OR1;OR21;CST;MCO;OK;28/10/2008;28/10/2008;C;OPT;C;DI;RF15;24;22;2;4;;4;34,3045;;;28/10/2008;;;;
4638140;TERRITOIRE;36FO - IRS CLAUDE PERRAULT/POP PTC SCEAUX -AA;;;SFR_COLL;DSP_MAJ_IRISE;;;OR21;OR1;OR21;CST;MCO;OK;20/10/2011;20/10/2011;C;OPT;C;TR;RF26;36;32;4;6;;4;310,5658;;;20/10/2011;;;;
14843889;TERRITOIRE;IRS -72FO -  RUE DE FRANCE / FT246 - 109 AVENUE DE LA REPUBLIQUE;;;SFR_COLL;DSP_MAJ_IRISE;;;OR21;OR1;OR21;CST;MCO;OK;20/05/2019;20/05/2019;C;OPT;C;TR;RF28;72;72;0;6;;4;1259,4977;;;20/05/2019;;;;
20292577;TERRITOIRE;IRS - 144 FO - FT2554 - 3 AVENUE JEAN BOS (CHAMPIGNY SUR MARNE) / FT1176 - D145(CHAMPIGNY SUR MARNE);;;SFR_COLL;DSP_MAJ_IRISE;;;OR21;OR1;OR21;CST;MCO;OK;24/09/2020;24/09/2020;C;OPT;C;LH;RF22;144;144;0;12;;4;1530,1882;;;24/09/2020;;;;
17432034;TERRITOIRE;IRS - 36FO - FT 175 - 6-10 MAIL DE LA RESISTANCE  / FT 156 - AVENUE DE LA REPUBLIQUE (BONEUIL SUR MARNE);;;SFR_COLL;DSP_MAJ_IRISE;;;OR21;OR1;OR21;CST;MCO;OK;17/02/2020;17/02/2020;C;OPT;C;TR;RF50;36;36;0;3;;4;704,1828;;;17/02/2020;;;;
4637460;TERRITOIRE;IRS - 24FO - MAISON DE L'EMPLOI / IRS - 4 AVENUE LENINE - AA;;;SFR_COLL;DSP_MAJ_IRISE;;;OR21;OR1;OR21;CST;MCO;OK;12/07/2010;12/07/2010;C;OPT;C;DI;RF15;24;22;2;4;;4;20,2724;;;12/07/2010;;;;
4601901;TERRITOIRE;IRS - ARAGO-COMMUNE/ST ROCH-GUYNEMER;;;SFR_COLL;DSP_MAJ_IRISE;;;OR21;OR1;OR21;CST;MCO;OK;01/01/2002;01/01/2002;C;OPT;C;TR;RF166;48;11;37;8;;5;627,7393;;;01/01/2002;;;;
4608455;TERRITOIRE;IRS - 48FO - GEYTER CLUZEAUX/MARCEL POINTET;;;SFR_COLL;DSP_MAJ_IRISE;;;OR21;OR1;OR21;CST;MCO;OK;15/12/2005;15/12/2005;C;OPT;C;TR;RF19;48;41;7;4;;4;607,3924;;;15/12/2005;;;;
28685857;TERRITOIRE;IRS - 84 RUE CARVES (MONTROUGE) - BPE 1 / 32 RUE CARVES (MONTROUGE) - BPE 1;;;SFR_COLL;DSP_MAJ_IRISE;;;OR21;OR1;OR21;CST;MCO;OK;30/12/2021;30/12/2021;C;OPT;C;DI;RF37;12;6;6;2;;5;297,4655;;;30/12/2021;;;;
4596777;TERRITOIRE;IRS - 72 FO - LD - BI POP SOLDATA NANTERRE/IRS RUE DU PORT_RUE DES FONDRIERES;;;SFR_COLL;DSP_MAJ_IRISE;;;OR21;OR1;OR21;CST;MCO;OK;10/08/2012;10/08/2012;C;OPT;C;TR;RF16;72;68;4;6;;4;83,2163;;;10/08/2012;;;;
4640409;TERRITOIRE;IRS - 36FO - R DE CHAMPIGNY_R D'HOUIN/N-1 96 BIS RUE DE CHAMPIGNY;;;SFR_COLL;DSP_MAJ_IRISE;;;OR21;OR1;OR21;CST;MCO;OK;17/02/2012;17/02/2012;C;OPT;C;TR;RF42;36;32;4;6;;4;380,1174;;;17/02/2012;;;;
4640006;TERRITOIRE;IRS - 36FO - N-1 POP FTTS CHAMPIGN/BI POP FTTS CHAMPIGNY (CENTRE TECH);;;SFR_COLL;DSP_MAJ_IRISE;;;OR21;OR1;OR21;CST;MCO;OK;15/02/2012;15/02/2012;C;OPT;C;TR;RF42;36;32;4;6;;4;209,1937;;;15/02/2012;;;;
4941668;TERRITOIRE;IRS - 144FO - DEFENSEURS DE VERDUN_CHARLES DE GAULLE/173 GENERAL DE GAULLE;;;SFR_COLL;DSP_MAJ_IRISE;;;OR21;OR1;OR21;CST;MCO;OK;26/07/2012;26/07/2012;C;OPT;C;LH;RF56;144;73;71;12;;4;165,9748;;;26/07/2012;;;;
36886843;TERRITOIRE;IRS - 12FO - POP CAMERA 07 / CH SAT SECURISEE CAM07_FT92 - AA;;;SFR_COLL;DSP_MAJ_IRISE;;;OR21;OR1;OR21;CST;MCO;OK;23/02/2023;23/02/2023;C;OPT;C;DI;RF27;12;10;2;2;;5;8,7210;;;23/02/2023;;;;
4629730;TERRITOIRE;IRS - 72FO - 5 AV DU CONSUL GENERAL NORDLING/ANNEXE MAIRIE;;;SFR_COLL;DSP_MAJ_IRISE;;;OR21;OR1;OR21;CST;MCO;OK;13/08/2012;13/08/2012;C;OPT;C;TR;RF16;72;63;9;6;;4;118,3560;;;13/08/2012;;;;
16701475;TERRITOIRE;IRS - 144 FO -  FT426 - 87 RUE DES CERISIERS / IRS - 160 AVENUE HENRI BARBUSSE;;;SFR_COLL;DSP_MAJ_IRISE;;;OR21;OR1;OR21;CST;MCO;OK;06/12/2019;06/12/2019;C;OPT;C;LH;RF22;144;144;0;12;;4;1392,7178;;;06/12/2019;;;;
7428633;TERRITOIRE;IRS - 144FO - 41 RUE DES FUSILLES DE CHATEAUBRIANT/FT - CHEMIN DU SPLENDID PANORAMA CHENNEVIERE SUR MARNE;;;SFR_COLL;DSP_MAJ_IRISE;;;OR21;OR1;OR21;CST;MCO;OK;23/10/2013;23/10/2013;C;OPT;C;LH;RF22;144;140;4;12;;4;620,9445;;;23/10/2013;;;;
8073603;TERRITOIRE;IRS - 72 FO - IRS BD GARIBALDI (ISSY LES MOULINEAUX) / IRS - CAMILLE DES MOULINS - ISSY LES MOULINEAUX;;;SFR_COLL;DSP_MAJ_IRISE;;;OR21;OR1;OR21;CST;MCO;OK;14/04/2014;14/04/2014;C;OPT;C;TR;RF28;72;72;0;6;;4;282,7312;;;14/04/2014;;;;
38379620;TERRITOIRE;IRS - 12 FO - FT587 - CH SAT SECURISEE CAM11 / FT588 - CH SAT SECURISEE CAM58;;;SFR_COLL;DSP_MAJ_IRISE;;;OR21;OR1;OR21;CST;MCO;OK;17/05/2023;17/05/2023;C;OPT;C;DI;RF27;12;10;2;2;;5;83,7051;;;17/05/2023;;;;
9959498;TERRITOIRE;72 FO - LD - C16775740 - 2;;;SFR_COLL;DSP_MAJ_IRISE;;;OR21;OR1;OR21;CST;MCO;OK;01/06/2016;01/06/2016;C;OPT;C;TR;RF28;72;21;51;6;;4;266,4377;;;01/06/2016;;;;
4941667;TERRITOIRE;IRS - 144FO - CHARLES VII/DEFENSEURS DE VERDUN_CHARLES DE GAULLE;;;SFR_COLL;DSP_MAJ_IRISE;;;OR21;OR1;OR21;CST;MCO;OK;26/07/2012;26/07/2012;C;OPT;C;LH;RF56;144;73;71;12;;4;397,7835;;;26/07/2012;;;;
27430547;TERRITOIRE;IRS - 24 FO - FT 2680 - RUE DES RUFFINS / FT2713 - RUE DANIEL RENOULT BPE 1;;;SFR_COLL;DSP_MAJ_IRISE;;;OR21;OR1;OR21;CST;MCO;OK;21/11/2021;21/11/2021;C;OPT;C;DI;RF29;24;22;2;4;;5;481,3371;;;21/11/2021;;;;
4604396;HORS TERRITOIRE;IRS - 24FO ADD1 MURET (AA);;;SFR_COLL;DSP_MAJ_IRISE;;;OR21;OR1;OR21;CST;MCO;OK;03/07/2004;03/07/2004;C;OPT;C;DI;RF15;24;20;4;4;;4;267,2049;;;03/07/2004;;;;
36766500;TERRITOIRE;12 FO -  CH SAT SECURISEE CAM25_FT975 /  CH SAT SECURISEE CAM21_FT875;;;SFR_COLL;DSP_MAJ_IRISE;;;OR21;OR1;OR21;CST;MCO;OK;16/02/2023;16/02/2023;C;OPT;C;DI;RF27;12;10;2;2;;5;136,2152;;;16/02/2023;;;;
4610872;TERRITOIRE;IRS - 72FO - 57 BD DE LA SEINE/RUE FAIDHERBE-AV DE LA COMMUNE DE PARIS NANTERRE;;;SFR_COLL;DSP_MAJ_IRISE;;;OR21;OR1;OR21;CST;MCO;OK;31/01/2006;31/01/2006;C;OPT;C;TR;RF16;72;25;47;6;;4;396,4274;;;31/01/2006;;;;
4614903;HORS TERRITOIRE;IRS - AP - 48FO - RUE DE TOULOUSE/RUE DE LA DIVISION LECLERC;;;SFR_COLL;DSP_MAJ_IRISE;;;OR21;OR1;OR21;CST;MCO;OK;12/07/2007;12/07/2007;C;OPT;C;TR;RF19;48;30;18;4;;4;128,2667;;;12/07/2007;;;;
26108259;TERRITOIRE;IRS - 36 FO - FT 528 - 2 RUE DE LYON / FT 541 - 19 QUAI DE LA REVOLUTION;;;SFR_COLL;DSP_MAJ_IRISE;;;OR21;OR1;OR21;CST;MCO;OK;30/09/2021;30/09/2021;C;OPT;C;TR;RF50;36;36;0;3;;4;1268,3493;;;30/09/2021;;;;
4639095;TERRITOIRE;IRS - 72FO - ANGLE PICASSO MUSICIENS / CAPITOLE - IB;;;SFR_COLL;DSP_MAJ_IRISE;;;OR21;OR1;OR21;CST;MCO;OK;13/04/2011;13/04/2011;C;OPT;C;TR;RF16;72;70;2;6;;4;985,6337;;;13/04/2011;;;;
45395622;TERRITOIRE;IRIS - 12 FO - POP CAM71 LES PAVILLONS SOUS BOIS / IRS - N-1 CAM71;;;SFR_COLL;DSP_MAJ_IRISE;;;OR21;OR1;OR21;CST;MCO;OK;21/06/2024;21/06/2024;C;OPT;C;DI;RF27;12;10;2;2;;5;13,6685;;;21/06/2024;;;;
25469858;TERRITOIRE;IRS - 144FO - FT 1759 - 170 RUE DE GENERAL LECLERC / FT 1908 - 2 RUE DU DR ROUX;;;SFR_COLL;DSP_MAJ_IRISE;;;OR21;OR1;OR21;CST;MCO;OK;06/12/2019;06/12/2019;C;OPT;C;LH;RF22;144;144;0;12;;4;579,2358;;;06/12/2019;;;;
4614596;TERRITOIRE;IRS - 48FO - BOURBON HUGO/RUE DE VILLIERS LEVALLOIS;;;SFR_COLL;DSP_MAJ_IRISE;;;OR21;OR1;OR21;CST;MCO;OK;26/03/2007;26/03/2007;C;OPT;C;TR;RF19;48;45;3;4;;4;105,2074;;;26/03/2007;;;;
17304709;TERRITOIRE;IRS - 36 FO - FT 465 - 80 AV GAMBETTA / FT 149 - 27 RUE DES VILLEGRANGES LES LILAS;;;SFR_COLL;DSP_MAJ_IRISE;;;OR21;OR1;OR21;CST;MCO;OK;06/02/2020;06/02/2020;C;OPT;C;TR;RF50;36;36;0;3;;4;674,8639;;;06/02/2020;;;;
22791784;TERRITOIRE;IRS - 144 FO - FT1268 - 6 AVENUE CLAUDE DEBUSSY / FT66 - 11 PLACE DE GENERAL LECLERC;;;SFR_COLL;DSP_MAJ_IRISE;;;OR21;OR1;OR21;CST;MCO;OK;19/03/2021;19/03/2021;C;OPT;C;LH;RF22;144;144;0;12;;4;1083,5417;;;19/03/2021;;;;
17863748;TERRITOIRE;IRS - 144 FO - FT 1083 - AVENUE DE LA FOLIE / FT 1037 - 36 AVENUE JEAN BOUIN;;;SFR_COLL;DSP_MAJ_IRISE;;;OR21;OR1;OR21;CST;MCO;OK;26/03/2020;26/03/2020;C;OPT;C;LH;RF22;144;144;0;12;;4;1404,8183;;;26/03/2020;;;;
10797927;TERRITOIRE;IRS - 36 FO - LD - BI POP MAIRIE / 48Fo CH Mairie Ile St Denis;;;SFR_COLL;DSP_MAJ_IRISE;;;OR21;OR1;OR21;CST;MCO;OK;09/10/2012;09/10/2012;C;OPT;C;TR;RF50;36;36;0;3;;4;108,0017;;;09/10/2012;;;;
14862851;TERRITOIRE;IRS - 144FO - FT 2173 - 1 RUE TRAVERSIERE / FT 1736 - 93 BOULEVARD PAUL VAILLANT COUTURIER;;;SFR_COLL;DSP_MAJ_IRISE;;;OR21;OR1;OR21;CST;MCO;OK;22/05/2019;22/05/2019;C;OPT;C;LH;RF93;144;144;0;12;;5;1292,1559;;;22/05/2019;;;;
18568083;TERRITOIRE;IRS - 36 FO - 120/124 AV DE PARIS  (ST MANDE) / FT 48 - ANGLE AV DES MINES-AV DU PETIT PARC (VINCENNES);;;SFR_COLL;DSP_MAJ_IRISE;;;OR21;OR1;OR21;CST;MCO;OK;28/05/2020;28/05/2020;C;OPT;C;TR;RF50;36;36;0;3;;4;802,8743;;;28/05/2020;;;;
4638428;TERRITOIRE;IRS - 72FO - CGTEL NANTERRE INTERCO TELCITE/IRS PEREIRE;;;SFR_COLL;DSP_MAJ_IRISE;;;OR21;OR1;OR21;CST;MCO;OK;03/10/2011;03/10/2011;C;OPT;C;TR;RF85;72;72;0;6;;5;45,4384;;;03/10/2011;;;;
14862850;TERRITOIRE;IRS - 144FO -  FT 1736 - 93 BOULEVARD PAUL VAILLANT COUTURIER / FT 1618 - 16RUE DES CAILLOTS;;;SFR_COLL;DSP_MAJ_IRISE;;;OR21;OR1;OR21;CST;MCO;OK;22/05/2019;22/05/2019;C;OPT;C;LH;RF93;144;144;0;12;;5;772,2579;;;22/05/2019;;;;
6819411;TERRITOIRE;IRS - 144FO - AVENUE GASTON MONMOUSSEAU / MONMOUSSEAU_MOULIN NEUF;;;SFR_COLL;DSP_MAJ_IRISE;;;OR21;OR1;OR21;CST;MCO;OK;26/06/2013;26/06/2013;C;OPT;C;LH;RF22;144;140;4;12;;4;349,9407;;;26/06/2013;;;;
17392997;TERRITOIRE;IRS - 72 FO - FT 1225 - 8 RUE DE LA RENARDIERE 1 / IRS - FT 998 - 110 RUE DIDEROT;;;SFR_COLL;DSP_MAJ_IRISE;;;OR21;OR1;OR21;CST;MCO;OK;13/02/2020;13/02/2020;C;OPT;C;TR;RF179;72;72;0;6;;4;320,2008;;;13/02/2020;;;;
11702509;TERRITOIRE;144FO IRS - NC COB CH0B/ODF B - BL  (BAIE 84);;;SFR_COLL;DSP_MAJ_IRISE;;;OR21;OR1;OR21;CST;MCO;OK;08/08/2017;08/08/2017;C;OPT;C;LH;RF22;144;46;98;12;;4;41,5263;;;08/08/2017;;;;
24482022;TERRITOIRE;IRS - 12FO IRS - FT 184 - 91 RUE BOUCICAUT (FONTENAY AUX ROSES) - BPE 1/POP PISCINE FONTENAY AUX ROSES;;;SFR_COLL;DSP_MAJ_IRISE;;;OR21;OR1;OR21;CST;MCO;OK;20/11/2019;20/11/2019;C;OPT;C;DI;RF37;12;10;2;2;;5;54,0866;;;20/11/2019;;;;
16527730;TERRITOIRE;IRS - 12FO - FT 899 - 10 RUE JEAN JAURES (FONTENAY AUX ROSES)/IRS - FT 184 - 91 RUE BOUCICAUT (FONTENAY AUX ROSES);;;SFR_COLL;DSP_MAJ_IRISE;;;OR21;OR1;OR21;CST;MCO;OK;20/11/2019;20/11/2019;C;OPT;C;DI;RF37;12;10;2;2;;5;185,3926;;;20/11/2019;;;;
4604459;HORS TERRITOIRE;LOC 16FO - GLC - MANHOLE CE132/XCO IRISE GONESSE;;;SFR_COLL;DSP_MAJ_IRISE;;;OR21;OR1;OR21;CST;MCO;OK;05/10/2005;05/10/2005;C;OPT;C;LH;RF40;144;132;12;12;;4;1239,8452;;;05/10/2005;;;;
16547986;TERRITOIRE;IRS - 12 FO - RD POINT DES MARTYRS DE CHATEAUBRIANT(BAGNEUX)/POP PISCINE DE BAGNEUX;;;SFR_COLL;DSP_MAJ_IRISE;;;OR21;OR1;OR21;CST;MCO;OK;21/11/2019;21/11/2019;C;OPT;C;DI;RF37;12;12;0;2;;5;314,7180;;;21/11/2019;;;;
4601132;TERRITOIRE;IRS - 24FO COLT - VERS CH COLT/N-1 CAA DAUMESNIL;;;SFR_COLL;DSP_MAJ_IRISE;;;OR21;OR1;OR21;CST;MCO;OK;02/01/2003;02/01/2003;C;OPT;C;DI;RF71;24;10;14;12;;5;78,0111;;;02/01/2003;;;;
15892231;TERRITOIRE;IRS - 24FO - POP GROUPE SCOLAIRE SAND VILLEJUIF / IRS - 2 RUE AMBROISE CROIZAT VILLEJUIF;;;SFR_COLL;DSP_MAJ_IRISE;;;OR21;OR1;OR21;CST;MCO;OK;19/09/2019;19/09/2019;C;OPT;C;DI;RF29;24;20;4;4;;5;365,0794;;;19/09/2019;;;;
11070887;HORS TERRITOIRE;IRS - 24 FO - LD - POP THOMSON VIDEO NETWORKS CERGY/BI -AA;;;SFR_COLL;DSP_MAJ_IRISE;;;OR21;OR1;OR21;CST;MCO;OK;20/03/2017;20/03/2017;C;OPT;C;DI;RF48;24;24;0;4;;4;12,7700;;;20/03/2017;;;;
15974780;TERRITOIRE;IRS - 24FO - FT 846 - AV LOUIS ARAGON (VILLEJUIF) / FT 799 - RUE JEAN LURCAT(VILLEJUIF);;;SFR_COLL;DSP_MAJ_IRISE;;;OR21;OR1;OR21;CST;MCO;OK;26/09/2019;26/09/2019;C;OPT;C;DI;RF29;24;22;2;4;;5;685,1510;;;26/09/2019;;;;
4609658;TERRITOIRE;IRS - 24FO 2 - ANGLE TESSIER LUSSAC / PRC INEO 2 TESSIER;;;SFR_COLL;DSP_MAJ_IRISE;;;OR21;OR1;OR21;CST;MCO;OK;01/02/2011;01/02/2011;C;OPT;C;DI;RF15;24;20;4;4;;4;44,2721;;;01/02/2011;;;;
15974779;TERRITOIRE;IRS - 12FO - FT 846 - AV LOUIS ARAGON (VILLEJUIF) / POP GYMNASE BONIFACE VILLEJUIF  - AB;;;SFR_COLL;DSP_MAJ_IRISE;;;OR21;OR1;OR21;CST;MCO;OK;26/09/2019;26/09/2019;C;OPT;C;DI;RF27;12;10;2;2;;5;55,3533;;;26/09/2019;;;;
4598573;HORS TERRITOIRE;LOC 2 FO GLOBAL CROSSING PRJ 110148 GLC - MANHOLE CE 132/PRC - GLOBAL CROSSING - RUE DES NATIONS;;;SFR_COLL;DSP_MAJ_IRISE;;;OR21;OR1;OR21;CST;MCO;OK;21/06/2011;21/06/2011;C;OPT;C;DI;RF39;2;2;0;1;;4;3795,0675;;;21/06/2011;;;;
15086135;TERRITOIRE;IRS-24FO -FT1014-IRS ANGLE STALINGRAD/BIGGLE;;;SFR_COLL;DSP_MAJ_IRISE;;;OR21;OR1;OR21;CST;MCO;OK;20/06/2019;20/06/2019;C;OPT;C;DI;RF102;24;22;2;4;;5;808,5313;;;20/06/2019;;;;
