cc_cb_code;cc_cd_code;cc_creadat;cc_majdate;cc_majsrc;cc_abddate;cc_abdsrc
44339943;427390;16/04/2024;;;;
44339942;427390;16/04/2024;;;;
4637159;434366;02/08/2011;;;;
8692417;;23/12/2009;;;;
10871091;478505;27/04/2015;;;;
10871092;478505;27/04/2015;;;;
5884706;478505;14/03/2013;;;;
4604875;478505;26/08/2004;;;;
10801637;8174141;01/07/2013;;;;
4605004;435689;01/01/2002;;;;
4637493;653809;18/01/2011;;;;
4611265;439279;10/02/2006;;;;
4602993;439279;03/07/2004;;;;
20453859;487559;27/01/2006;;;;
4633311;463192;20/07/2009;;;;
41893868;428295;23/11/2023;;;;
4609520;429478;28/08/2007;;;;
7443443;978615;28/10/2013;;;;
4605958;487913;04/11/2004;;;;
4614604;489913;26/07/2012;;;;
7534003;489913;25/11/2013;;;;
4614494;8179257;26/07/2012;;;;
4604747;8179257;20/07/2007;;;;
4610214;429865;26/07/2006;;;;
4602165;429865;05/07/2002;;;;
36975779;431378;28/02/2023;;;;
8787953;467726;14/11/2014;;;;
8922946;435904;14/01/2015;;;;
4605758;431809;01/01/2007;;;;
4611247;431809;06/02/2006;;;;
11655157;431809;28/07/2017;;;;
4637998;421550;01/12/2011;;;;
4609562;489579;03/01/2008;;;;
4632213;8048695;10/04/2009;;;;
7035410;728368;15/07/2013;;;;
41619297;465120;07/11/2023;;;;
4600011;436756;04/10/2004;;;;
30295527;436756;22/03/2022;;;;
4610400;490651;27/01/2006;;;;
4614902;430256;12/07/2007;;;;
4608202;507151;22/03/2005;;;;
4607750;507151;21/03/2005;;;;
11012222;426430;10/06/2013;;;;
4603959;433702;28/06/2004;;;;
4598000;;13/11/2008;;;;
4610786;487171;18/10/2006;;;;
4636008;436169;20/09/2010;;;;
4604222;436747;12/04/2002;;;;
4613010;458100;30/07/2007;;;;
4609735;430799;31/03/2005;;;;
4597609;506606;15/11/2002;;;;
4611162;427749;19/02/2007;;;;
4607051;494944;19/09/2006;;;;
4638699;465124;29/09/2011;;;;
4605044;3328391;30/01/2001;;;;
4594357;426414;28/04/2004;;;;
15518114;426414;07/08/2019;;;;
17392998;9340864;13/02/2020;;;;
17863751;9445510;26/03/2020;;;;
4613105;719447;16/05/2006;;;;
4623270;436279;30/06/2011;;;;
4611430;427009;20/07/2006;;;;
4594330;427009;30/01/2001;;;;
8747527;486771;20/03/2008;;;;
4624008;435491;18/05/2011;;;;
7683461;435491;09/01/2014;;;;
4608588;486460;16/01/2006;;;;
4624042;486838;04/04/2011;;;;
4640890;1583170;24/01/2012;;;;
4641525;431337;17/02/2012;;;;
4612473;431337;27/11/2006;;;;
5141969;431414;01/03/2006;;;;
4597854;436561;14/10/2008;;;;
7134467;436561;22/07/2013;;;;
4627756;497863;26/11/2008;;;;
4597652;430521;26/02/2007;;;;
4605636;556200;25/10/2004;;;;
4642527;425516;09/03/2012;;;;
4613230;498839;03/02/2010;;;;
4600027;489820;26/04/2005;;;;
4603618;435339;13/04/2005;;;;
8861185;435339;09/12/2014;;;;
4603457;436943;28/10/2004;;;;
7328561;436943;24/09/2013;;;;
7163745;436943;30/07/2013;;;;
4611220;436606;19/10/2006;;;;
15580343;436606;17/08/2019;;;;
4631222;436606;09/04/2009;;;;
4632346;427619;22/07/2009;;;;
4632277;427619;22/07/2009;;;;
4632275;427619;22/07/2009;;;;
10953023;436988;23/02/2017;;;;
4628441;436081;28/03/2008;;;;
4636907;432922;05/05/2010;;;;
4613125;491260;22/05/2006;;;;
22988266;431785;02/04/2021;;;;
22031474;431922;15/11/2002;;;;
9959492;431570;29/04/2003;;;;
4597855;431570;14/10/2008;;;;
5548369;422944;18/10/2004;;;;
23569061;9361985;11/05/2021;;;;
10958276;1578944;23/01/2014;;;;
12760019;433684;16/04/2018;;;;
4636097;488655;29/11/2010;;;;
4637358;433888;13/05/2011;;;;
22214178;8787906;03/11/2006;;;;
17333217;8787906;07/02/2020;;;;
4595310;430933;25/06/2001;;;;
4634700;496444;13/04/2010;;;;
4595172;431761;25/11/2004;;;;
4604602;487529;10/09/2002;;;;
4640478;752684;13/02/2012;;;;
4611451;463954;21/11/2006;;;;
16119089;433868;11/10/2019;;;;
23016448;9525815;06/04/2021;;;;
33342500;9231763;19/08/2022;;;;
4605042;488088;30/01/2001;;;;
34070821;441288;27/09/2022;;;;
4604307;436056;08/01/2010;;;;
17812836;9267900;23/03/2020;;;;
4610026;491109;21/10/2004;;;;
4640809;728361;13/04/2012;;;;
4608784;430411;06/07/2005;;;;
4609605;437225;28/08/2007;;;;
4613095;504306;15/05/2006;;;;
4610789;432424;18/10/2006;;;;
4610791;432424;18/10/2006;;;;
33364903;982468;22/08/2022;;;;
4597524;490357;09/09/2002;;;;
7261333;490357;04/09/2013;;;;
4598409;490357;09/09/2002;;;;
29196270;3368381;27/01/2022;;;;
4608717;765479;19/01/2012;;;;
4602023;425154;01/01/2002;;;;
8433880;984389;24/07/2014;;;;
4632772;507920;23/11/2009;;;;
4625662;452267;30/01/2008;;;;
4610079;452267;14/11/2006;;;;
4594598;485297;25/08/2004;;;;
4609278;491598;18/01/2006;;;;
4609285;491598;18/01/2006;;;;
4608092;440085;03/10/2005;;;;
4603990;464910;16/07/2004;;;;
14969317;3507897;04/06/2019;;;;
4603858;934820;19/10/2004;;;;
4603857;934820;19/10/2004;;;;
4609145;934820;19/08/2005;;;;
4631764;508472;30/11/2009;;;;
4630892;434410;23/09/2009;;;;
5265171;434410;20/12/2012;;;;
5811429;431004;05/03/2013;;;;
29197862;;27/01/2022;;;;
33977389;434742;23/09/2022;;;;
4632637;430304;10/12/2009;;;;
4602675;430304;23/11/2004;;;;
4624303;427933;02/07/2009;;;;
4602402;490265;04/05/2005;;;;
4639981;460198;15/05/2012;;;;
4601267;431568;12/04/2002;;;;
23266337;508211;26/03/2009;;;;
4627387;440062;16/06/2008;;;;
11108693;432438;08/01/2014;;;;
4627333;471872;04/09/2008;;;;
4609604;431913;30/01/2008;;;;
7560882;9409657;02/12/2013;;;;
23845873;9409657;14/02/2020;;;;
4603874;470768;03/05/2004;;;;
19046131;453213;29/06/2020;;;;
7826884;430729;17/02/2014;;;;
9448561;969691;19/11/2015;;;;
4606980;497768;26/10/2005;;;;
27535778;497768;23/11/2021;;;;
19501185;427465;30/07/2020;;;;
4614819;429836;24/07/2007;;;;
4614422;429836;31/07/2007;;;;
4633361;429836;23/09/2009;;;;
13949154;509038;08/01/2019;;;;
16696081;425698;05/12/2019;;;;
4605490;425698;01/03/2006;;;;
26141857;425698;03/10/2021;;;;
7049811;978940;16/07/2013;;;;
4640613;504016;24/04/2012;;;;
18573505;447469;28/05/2020;;;;
4610918;447469;04/08/2010;;;;
4594712;440213;09/10/2002;;;;
34618022;449188;25/10/2022;;;;
4603679;471433;27/09/2004;;;;
4608501;503837;17/01/2006;;;;
19396546;9130618;23/07/2020;;;;
25876259;1557816;21/02/2012;;;;
4596871;;07/07/2005;;;;
23748257;;22/05/2021;;;;
16761009;486651;12/12/2019;;;;
8683809;3290621;14/10/2014;;;;
4597390;424975;30/01/2001;;;;
4636422;3305336;02/02/2011;;;;
7138148;470504;23/07/2013;;;;
4605439;433658;15/10/2004;;;;
7033173;3275905;15/07/2013;;;;
4602851;439086;09/05/2005;;;;
4634671;491563;26/01/2011;;;;
4631221;440211;09/04/2009;;;;
4631569;416045;23/07/2009;;;;
4607560;416045;17/07/2009;;;;
4618846;3306945;19/12/2011;;;;
4608628;472048;24/06/2005;;;;
4629729;472048;13/08/2012;;;;
4607268;485899;20/03/2007;;;;
12710247;3291581;04/04/2018;;;;
7134465;635589;22/07/2013;;;;
4612083;635589;13/04/2007;;;;
4602175;635589;18/11/2002;;;;
4610330;3300215;20/04/2012;;;;
4604908;439689;03/08/2009;;;;
36654817;463403;10/02/2023;;;;
4608006;501330;25/11/2004;;;;
6173649;486866;16/04/2013;;;;
4627316;431572;01/02/2008;;;;
7503585;1597496;15/11/2013;;;;
4630736;507205;06/03/2009;;;;
4614475;507205;26/04/2007;;;;
4639359;430480;20/04/2012;;;;
4600628;504542;30/01/2001;;;;
15580344;504542;17/08/2019;;;;
19913010;658284;31/08/2020;;;;
4611163;427724;19/02/2007;;;;
4599472;486766;20/08/2002;;;;
8114241;486766;25/04/2014;;;;
6586146;8172856;05/06/2013;;;;
4609708;454134;01/02/2011;;;;
6338182;8172215;07/05/2013;;;;
6338181;8172215;07/05/2013;;;;
4609791;435902;29/07/2005;;;;
41994978;434551;04/08/2005;;;;
11062488;8175425;17/03/2017;;;;
15288133;9226623;11/07/2019;;;;
4607194;489523;25/02/2005;;;;
44806819;977976;15/05/2024;;;;
11023122;440078;08/03/2013;;;;
17213157;9270194;29/01/2020;;;;
4640785;659888;20/01/2012;;;;
4620743;494756;23/04/2009;;;;
4641074;436857;23/01/2012;;;;
7960337;508584;18/03/2014;;;;
4619189;499567;04/09/2009;;;;
8556116;426492;05/09/2014;;;;
4609657;430683;01/02/2011;;;;
4609655;430683;01/02/2011;;;;
4629777;431930;06/01/2009;;;;
5038936;1203911;23/11/2012;;;;
4594837;430484;15/11/2002;;;;
8841921;490369;02/12/2014;;;;
4596648;501943;05/08/2008;;;;
7373089;467171;08/10/2013;;;;
4598173;433115;27/04/2005;;;;
7085969;433115;17/07/2013;;;;
15413810;433115;26/07/2019;;;;
4639041;3451583;05/09/2011;;;;
4638267;3451583;05/08/2011;;;;
7166951;501328;01/01/2002;;;;
7328558;436211;24/09/2013;;;;
4628998;509037;04/09/2008;;;;
4599548;509037;01/09/2008;;;;
4610078;507397;14/11/2006;;;;
43953379;441137;08/08/2002;;;;
4598956;432013;30/01/2001;;;;
4605287;429259;26/06/2004;;;;
34654513;3272380;21/11/2007;;;;
4609579;427938;08/01/2008;;;;
9319761;415820;15/09/2015;;;;
4608190;466363;21/03/2005;;;;
8565393;492103;09/09/2014;;;;
17201653;491483;28/01/2020;;;;
4602070;658285;07/02/2012;;;;
4632374;436664;16/09/2009;;;;
4597729;3477815;29/09/2004;;;;
6775249;626284;21/06/2013;;;;
7890531;431564;03/03/2014;;;;
36651321;507113;10/02/2023;;;;
4625844;430055;25/06/2008;;;;
4600843;425835;01/01/2003;;;;
15512994;;07/08/2019;;;;
4596034;429869;30/01/2001;;;;
4598445;485949;23/08/2002;;;;
4605635;489758;25/10/2004;;;;
7735602;434516;22/01/2014;;;;
4594523;3191101;10/11/2004;;;;
4614418;426687;31/07/2007;;;;
4633403;428714;24/07/2009;;;;
4636685;418795;06/04/2011;;;;
45204257;468883;07/06/2024;;;;
4604902;436021;03/08/2009;;;;
4632888;439065;16/12/2011;;;;
4631474;432271;09/04/2009;;;;
4631473;432271;09/04/2009;;;;
5009491;432271;20/11/2012;;;;
11030150;408572;13/03/2017;;;;
4607227;485781;03/10/2005;;;;
4639666;967118;03/05/2012;;;;
14840038;465344;20/05/2019;;;;
4641751;;03/05/2012;;;;
4630888;8293181;23/09/2009;;;;
4614882;472406;11/06/2007;;;;
7147282;8171578;25/07/2013;;;;
4614067;437513;19/07/2007;;;;
4632366;979645;22/07/2009;;;;
4607462;431212;06/08/2008;;;;
45515627;426766;27/06/2024;;;;
45509229;426766;27/06/2024;;;;
4609532;437003;07/12/2005;;;;
4603467;1503101;20/06/2011;;;;
24843618;1503101;21/07/2021;;;;
24851634;1503101;21/07/2021;;;;
10801714;431412;06/12/2012;;;;
4643196;439305;09/07/2012;;;;
4607238;469812;06/08/2008;;;;
15189494;1577343;01/07/2019;;;;
31730354;466925;24/05/2022;;;;
8464277;466925;05/08/2014;;;;
4597781;431305;09/12/2009;;;;
4600067;435484;01/01/2003;;;;
4614080;435484;25/10/2007;;;;
4633205;427329;28/07/2009;;;;
4633202;427329;28/07/2009;;;;
4632108;427329;17/07/2009;;;;
4635300;427329;26/11/2010;;;;
4632101;427329;17/07/2009;;;;
4610945;460314;19/07/2006;;;;
7847283;460314;20/02/2014;;;;
10803926;8163270;23/01/2017;;;;
12114641;8163270;06/11/2017;;;;
4608196;457544;22/03/2005;;;;
11082260;426630;21/01/2013;;;;
4623780;503623;19/07/2012;;;;
4607278;472388;03/12/2009;;;;
7188377;472388;08/08/2013;;;;
17810273;435708;23/03/2020;;;;
17589201;435708;03/03/2020;;;;
7683457;491908;09/01/2014;;;;
4614885;466530;11/06/2007;;;;
4637503;489787;25/01/2011;;;;
4633198;434606;28/07/2009;;;;
11106582;434606;27/03/2017;;;;
4633197;434606;28/07/2009;;;;
24913384;430297;26/07/2021;;;;
4609310;501396;31/08/2005;;;;
4600889;426224;30/01/2001;;;;
16844242;9097976;19/12/2019;;;;
7814306;501078;18/10/2005;;;;
17229474;437057;23/02/2005;;;;
34476258;439506;17/10/2022;;;;
4640091;964544;19/12/2011;;;;
17177011;436917;24/01/2020;;;;
17394612;436917;13/02/2020;;;;
16681012;9099266;04/12/2019;;;;
7764386;436874;29/01/2014;;;;
24196594;436874;16/06/2021;;;;
12740853;461242;10/04/2018;;;;
4602686;461242;25/11/2011;;;;
4636779;8139897;18/11/2010;;;;
12933224;437064;05/06/2018;;;;
4607753;472445;21/03/2005;;;;
7408545;8217657;17/10/2013;;;;
4638828;1582142;29/12/2011;;;;
25545065;1582142;02/09/2021;;;;
5822946;428720;06/03/2013;;;;
4610014;430059;21/10/2004;;;;
16531587;;20/11/2019;;;;
4600449;434490;19/02/2010;;;;
4608257;434490;14/11/2005;;;;
4595994;434490;30/01/2001;;;;
17726791;435879;13/03/2020;;;;
16288195;435879;29/10/2019;;;;
15515347;435879;07/08/2019;;;;
16464609;435879;14/11/2019;;;;
42599778;488973;26/12/2023;;;;
4598669;488973;30/01/2001;;;;
4600609;488973;30/01/2001;;;;
4630982;439498;13/05/2011;;;;
15859589;439498;17/09/2019;;;;
14862849;430925;22/05/2019;;;;
4637221;3341506;15/03/2011;;;;
26123035;492057;01/10/2021;;;;
4639978;659881;22/02/2012;;;;
4639851;965495;20/02/2012;;;;
7177825;459246;05/08/2013;;;;
4602986;429449;02/07/2004;;;;
4602989;429449;02/07/2004;;;;
4612496;431364;30/11/2007;;;;
4631470;437633;09/04/2009;;;;
4602848;3477509;04/05/2005;;;;
4594516;432622;10/11/2004;;;;
4607060;450568;19/09/2006;;;;
4640375;472370;28/03/2012;;;;
4627696;429579;18/07/2008;;;;
4637360;433887;13/05/2011;;;;
7443729;752679;28/10/2013;;;;
41994979;469001;28/11/2023;;;;
4614664;435020;27/09/2007;;;;
4610518;441296;01/02/2005;;;;
4601645;438291;24/05/2004;;;;
22910505;1580868;29/03/2021;;;;
4633341;431637;21/04/2010;;;;
4609574;471621;17/01/2008;;;;
11103379;491801;27/03/2017;;;;
25134210;9247421;06/08/2021;;;;
4607747;488218;21/03/2005;;;;
4604622;508176;17/10/2011;;;;
4614528;435505;18/09/2007;;;;
30276902;9165180;21/03/2022;;;;
36786021;;16/02/2023;;;;
32578977;9253178;05/07/2022;;;;
4613100;459402;15/05/2006;;;;
8929058;492574;16/01/2015;;;;
4631507;489811;24/07/2009;;;;
4604826;430432;03/08/2009;;;;
15755273;439867;06/09/2019;;;;
4638101;500002;11/01/2012;;;;
8130193;436625;30/04/2014;;;;
17132865;466556;20/01/2020;;;;
14842595;984376;20/05/2019;;;;
7685075;984376;09/01/2014;;;;
42551137;432813;22/10/2007;;;;
22910503;1580860;29/03/2021;;;;
19898275;1580860;28/08/2020;;;;
34311476;9495748;07/10/2022;;;;
8916818;486786;12/01/2015;;;;
15232370;9093830;05/07/2019;;;;
4604418;453234;08/08/2002;;;;
4613107;453234;16/05/2006;;;;
4636020;3193659;26/04/2010;;;;
11092243;1596550;23/03/2017;;;;
16550754;;19/09/2019;;;;
4611520;432436;03/11/2006;;;;
4640671;1612221;14/03/2012;;;;
4614837;430793;25/09/2007;;;;
22082020;439253;30/01/2021;;;;
22082017;439253;30/01/2021;;;;
7428627;931566;23/10/2013;;;;
4610946;456709;19/07/2006;;;;
4631453;427617;24/07/2009;;;;
4600900;435335;11/12/2003;;;;
16712035;8293175;07/12/2019;;;;
4622723;429251;01/02/2010;;;;
6338177;8172220;07/05/2013;;;;
25618034;984382;07/09/2021;;;;
16619875;439337;28/11/2019;;;;
16337122;439337;04/11/2019;;;;
8781057;1605175;12/11/2014;;;;
10934468;1625025;20/02/2017;;;;
4642046;1788559;22/05/2012;;;;
4631544;436030;11/05/2009;;;;
4620978;434402;04/01/2008;;;;
4606593;434402;28/11/2006;;;;
45231790;977990;11/06/2024;;;;
8234897;3476223;03/06/2014;;;;
7717377;3476223;17/01/2014;;;;
16893522;434638;24/12/2019;;;;
6088561;471205;08/04/2013;;;;
4595202;433345;19/02/2003;;;;
4639555;433660;06/02/2012;;;;
13049009;1134138;06/07/2018;;;;
22082018;496522;30/01/2021;;;;
45395623;474983;21/06/2024;;;;
4622104;461031;29/06/2011;;;;
6436705;508238;23/05/2013;;;;
8238354;432804;04/06/2014;;;;
4608983;465336;09/11/2004;;;;
4632348;436587;22/07/2009;;;;
4603677;437012;27/09/2004;;;;
7643457;8171903;20/12/2013;;;;
4615494;427949;13/10/2010;;;;
4631506;427949;24/07/2009;;;;
4613017;427206;09/08/2007;;;;
4603785;439447;09/10/2002;;;;
11115591;437321;21/11/2007;;;;
4632338;432919;15/12/2011;;;;
8678418;499321;13/10/2014;;;;
22107958;432298;02/02/2021;;;;
14942130;490011;31/05/2019;;;;
4614889;471692;11/06/2007;;;;
7953221;430854;17/03/2014;;;;
7259814;515841;04/09/2013;;;;
10939438;1289981;16/10/2013;;;;
5935891;456628;20/03/2013;;;;
4629438;507202;17/12/2008;;;;
4615479;436716;07/10/2010;;;;
28666659;;30/12/2021;;;;
31521702;468271;16/05/2022;;;;
4626127;751724;13/06/2012;;;;
4632339;1582135;15/12/2011;;;;
7166342;425904;31/07/2013;;;;
4599732;430408;29/04/2005;;;;
7728036;977988;21/01/2014;;;;
4633930;426682;03/10/2011;;;;
11097620;515846;24/03/2017;;;;
14842916;751721;20/05/2019;;;;
6702289;429873;17/06/2013;;;;
7465217;476091;04/11/2013;;;;
7057171;476091;16/07/2013;;;;
22790536;8175428;19/03/2021;;;;
11031074;3339590;11/12/2012;;;;
17201649;3640068;28/01/2020;;;;
4611147;437486;15/02/2007;;;;
4630889;496454;23/09/2009;;;;
22554049;9434295;03/03/2021;;;;
6645329;480895;11/06/2013;;;;
38676577;428485;31/05/2023;;;;
15518113;;07/08/2019;;;;
7356081;967117;03/10/2013;;;;
10965948;487361;27/02/2017;;;;
10939457;2140536;21/02/2017;;;;
4632363;455234;22/07/2009;;;;
4614081;469834;25/10/2007;;;;
4631454;427618;24/07/2009;;;;
17404853;9406147;14/02/2020;;;;
22082019;439477;30/01/2021;;;;
16518759;434810;19/11/2019;;;;
8803219;474814;19/11/2014;;;;
4610331;474814;20/04/2012;;;;
4637957;474814;02/12/2011;;;;
4612709;3640070;25/10/2007;;;;
7204417;461019;14/08/2013;;;;
32684897;497616;12/07/2022;;;;
12723412;463783;06/04/2018;;;;
16653171;9367102;02/12/2019;;;;
25240101;9367102;16/08/2021;;;;
44187937;438282;05/04/2024;;;;
15499554;;05/08/2019;;;;
7264246;8163904;05/09/2013;;;;
16653175;9373500;02/12/2019;;;;
4610944;472448;19/07/2006;;;;
15086136;461006;20/06/2019;;;;
4622119;3283898;29/06/2011;;;;
4641297;3283898;29/02/2012;;;;
23375473;9305340;29/04/2021;;;;
4603653;429648;21/09/2004;;;;
17810275;9415097;23/03/2020;;;;
34084900;9112070;28/09/2022;;;;
28552418;9425022;24/12/2021;;;;
42169378;9425022;07/12/2023;;;;
4607832;9453175;05/11/2004;;;;
16697634;9446470;05/12/2019;;;;
4601443;430858;23/07/2012;;;;
4609707;430858;01/02/2011;;;;
34629226;9340867;28/01/2022;;;;
8433878;984388;24/07/2014;;;;
4606379;437017;19/12/2011;;;;
4632110;9354630;17/07/2009;;;;
36352429;9254143;26/01/2023;;;;
36352426;9254143;26/01/2023;;;;
37022501;9254143;02/03/2023;;;;
4630016;427094;29/07/2009;;;;
4632117;427094;17/07/2009;;;;
4599731;439596;29/04/2005;;;;
4641596;434820;16/02/2012;;;;
4629896;436773;21/07/2009;;;;
8636451;435007;30/09/2014;;;;
22876277;;25/03/2021;;;;
22876278;;25/03/2021;;;;
29236901;;28/01/2022;;;;
19138608;;05/07/2020;;;;
4611398;763881;21/07/2009;;;;
4641142;509687;29/02/2012;;;;
4640937;489021;16/02/2012;;;;
19731594;509640;17/08/2020;;;;
12760018;1134146;16/04/2018;;;;
4607558;436770;17/07/2009;;;;
15480054;;02/08/2019;;;;
15505313;425649;06/08/2019;;;;
4620266;453029;24/03/2009;;;;
4602825;429578;15/09/2004;;;;
42123635;437037;06/12/2023;;;;
22088144;;02/02/2021;;;;
36586674;9446466;07/02/2023;;;;
5137826;791740;06/12/2012;;;;
35496099;;08/12/2022;;;;
5485332;491406;01/03/2005;;;;
4614895;;13/06/2007;;;;
33048740;9137662;03/08/2022;;;;
36726177;9446462;14/02/2023;;;;
25643970;9081021;08/09/2021;;;;
15583780;9528721;19/08/2019;;;;
15512993;9528721;07/08/2019;;;;
15491565;;05/08/2019;;;;
36538659;9243896;06/02/2023;;;;
36669542;9446469;10/02/2023;;;;
22608098;9430139;08/03/2021;;;;
22608097;9430139;08/03/2021;;;;
22560424;9430139;04/03/2021;;;;
42902180;9209667;18/01/2024;;;;
4639195;;20/06/2011;;;;
4621347;;08/03/2011;;;;
4612492;9389819;05/11/2007;;;;
22871161;9139588;25/03/2021;;;;
27533540;9226000;23/11/2021;;;;
4633315;487172;20/07/2009;;;;
4605626;494368;31/08/2004;;;;
4607061;444567;19/09/2006;;;;
7145505;488401;24/07/2013;;;;
4636502;427016;19/05/2011;;;;
7515735;751726;19/11/2013;;;;
4633313;478494;20/07/2009;;;;
4614083;434413;25/10/2007;;;;
4632276;426869;22/07/2009;;;;
4632120;426869;17/07/2009;;;;
4633192;426870;28/07/2009;;;;
4632257;486763;22/07/2009;;;;
4633295;486763;20/07/2009;;;;
4633296;486763;20/07/2009;;;;
22878817;427012;25/03/2021;;;;
4633360;8163263;23/09/2009;;;;
4633206;610600;28/07/2009;;;;
8130194;610600;30/04/2014;;;;
4631631;610600;20/08/2009;;;;
4605561;465335;01/06/2004;;;;
4632357;499811;22/07/2009;;;;
4622118;441133;29/06/2011;;;;
19279080;;16/07/2020;;;;
19279081;448705;16/07/2020;;;;
23670498;;18/05/2021;;;;
19887729;;28/08/2020;;;;
19898273;;28/08/2020;;;;
4604910;547879;03/08/2009;;;;
4633306;422211;20/07/2009;;;;
4633307;422211;20/07/2009;;;;
4608111;434917;20/05/2005;;;;
12820626;478505;02/05/2018;;;;
9868037;1088381;25/04/2016;;;;
6855891;8174141;01/07/2013;;;;
4600632;653809;01/01/2004;;;;
4603788;653809;18/07/2006;;;;
15505317;486925;06/08/2019;;;;
4608155;434452;15/12/2005;;;;
11518491;434185;29/06/2017;;;;
4610947;434185;19/07/2006;;;;
4632368;463192;22/07/2009;;;;
20743456;463192;23/10/2020;;;;
7257811;515845;03/09/2013;;;;
4605557;429639;27/05/2004;;;;
17719486;1578935;19/07/2006;;;;
33717858;489913;12/09/2022;;;;
4640987;489913;31/01/2012;;;;
4610538;434817;08/07/2008;;;;
4607626;434817;05/11/2004;;;;
4632641;436653;30/06/2009;;;;
4632642;436653;30/06/2009;;;;
4634190;429865;05/12/2011;;;;
8272242;429865;12/06/2014;;;;
4599208;429865;05/07/2002;;;;
4638684;501580;22/11/2011;;;;
4720867;501580;01/10/2012;;;;
4610949;431378;19/07/2006;;;;
4601702;3507901;28/05/2004;;;;
4609330;436032;24/01/2005;;;;
4608520;467726;01/09/2010;;;;
4608192;472425;22/03/2005;;;;
4608599;435904;17/01/2006;;;;
4609432;1534462;30/05/2005;;;;
4634160;439674;23/12/2009;;;;
4621285;582467;28/09/2010;;;;
4621280;582467;28/09/2010;;;;
4611622;431809;06/02/2006;;;;
11655153;431809;28/07/2017;;;;
4605781;3581513;05/02/2004;;;;
4610870;435704;30/01/2006;;;;
4609660;489579;03/01/2008;;;;
29259963;439828;01/02/2022;;;;
4637926;425903;10/02/2011;;;;
14870114;430256;22/05/2019;;;;
4607751;507151;21/03/2005;;;;
4607394;432909;20/05/2005;;;;
4597999;470060;13/11/2008;;;;
4638614;467178;25/03/2011;;;;
4609049;467178;18/08/2011;;;;
4614803;426856;03/11/2006;;;;
4634014;488938;15/03/2010;;;;
4603680;436169;27/09/2004;;;;
4636007;436169;20/09/2010;;;;
28231474;458100;14/12/2021;;;;
4608110;458100;20/05/2005;;;;
4607378;492591;03/09/2009;;;;
4606918;492591;03/08/2005;;;;
35599859;435867;14/12/2022;;;;
4614458;435867;27/09/2007;;;;
5059732;467186;09/02/2012;;;;
4603697;465124;04/05/2004;;;;
8177281;435013;16/05/2014;;;;
4608723;435013;20/07/2005;;;;
8433873;501077;24/07/2014;;;;
4641591;427009;18/01/2012;;;;
4628063;486771;20/03/2008;;;;
4612907;486771;03/11/2006;;;;
7683458;435491;09/01/2014;;;;
4617865;435491;12/04/2012;;;;
7233490;435491;27/08/2013;;;;
4608597;435491;17/01/2006;;;;
4608499;435491;17/01/2006;;;;
33296097;465346;17/01/2013;;;;
4630383;405479;15/09/2011;;;;
23498980;1583170;24/01/2012;;;;
8198423;429913;22/05/2014;;;;
4609828;429913;03/08/2005;;;;
8198424;429913;22/05/2014;;;;
4631362;497863;28/04/2009;;;;
4606844;497863;07/11/2005;;;;
4602474;430521;01/09/2004;;;;
4603455;436943;28/10/2004;;;;
4604536;472770;22/11/2005;;;;
4608928;461365;30/10/2007;;;;
4595312;425169;25/06/2001;;;;
16584041;431026;26/11/2019;;;;
8376385;436081;09/06/2008;;;;
4596480;426848;25/05/2009;;;;
4613114;440209;16/05/2006;;;;
7138146;505984;23/07/2013;;;;
8057905;491260;09/04/2014;;;;
4611469;431785;20/11/2006;;;;
30084577;431785;10/03/2022;;;;
4614806;431785;03/11/2006;;;;
22031475;431922;27/01/2021;;;;
4632441;437330;12/06/2009;;;;
4633187;457143;15/09/2009;;;;
4609709;9055097;01/02/2011;;;;
4607293;488662;08/12/2009;;;;
6154148;977341;15/04/2013;;;;
6154147;977341;15/04/2013;;;;
34136098;3305346;29/09/2022;;;;
14840044;9116881;20/05/2019;;;;
6586148;8172858;05/06/2013;;;;
6586149;8172858;05/06/2013;;;;
4638760;406188;27/10/2011;;;;
4637359;433888;13/05/2011;;;;
4603876;462625;03/05/2004;;;;
15232369;487529;05/07/2019;;;;
4611449;463954;21/11/2006;;;;
4606006;430930;19/08/2010;;;;
4599099;486637;13/12/2002;;;;
6737810;432339;19/06/2013;;;;
18587890;432339;29/05/2020;;;;
4600014;432339;04/10/2004;;;;
4596752;430077;06/10/2010;;;;
4597458;430077;05/09/2006;;;;
4612450;431895;14/03/2006;;;;
4596072;505914;20/05/2003;;;;
4607257;467169;21/03/2005;;;;
4612892;439474;17/09/2007;;;;
4598679;430411;30/01/2001;;;;
5265169;430411;19/09/2005;;;;
4610792;432424;18/10/2006;;;;
24002339;489563;04/06/2021;;;;
4615008;937326;12/11/2007;;;;
4602595;937326;22/04/2005;;;;
8437154;;24/07/2014;;;;
4617942;490357;14/10/2010;;;;
4614990;653799;03/02/2010;;;;
6761827;8172869;21/06/2013;;;;
4631816;432121;08/04/2009;;;;
7226802;463082;06/10/2010;;;;
32596913;765479;06/07/2022;;;;
38688747;765479;31/05/2023;;;;
35496100;765479;08/12/2022;;;;
36824417;;20/02/2023;;;;
32603297;765479;06/07/2022;;;;
4614443;425154;18/09/2007;;;;
4614075;425154;25/10/2007;;;;
7134469;425154;22/07/2013;;;;
4604334;425154;12/04/2002;;;;
4642558;1613495;09/05/2012;;;;
4642557;1613495;09/05/2012;;;;
4595982;507920;08/12/2003;;;;
10958425;1625021;30/05/2013;;;;
8608913;1625021;23/09/2014;;;;
4609286;491598;18/01/2006;;;;
4598217;491598;27/04/2005;;;;
4610401;1596537;27/01/2006;;;;
10936339;1596537;20/02/2017;;;;
4629851;934820;06/01/2009;;;;
4625734;426990;31/03/2008;;;;
4628036;426990;09/06/2008;;;;
4625735;426990;31/03/2008;;;;
19096076;508472;01/07/2020;;;;
34299635;431004;07/10/2022;;;;
22763937;431004;17/03/2021;;;;
4600037;3340229;01/01/2002;;;;
7255905;8162948;03/09/2013;;;;
4628026;436858;09/06/2008;;;;
4597616;8148224;18/10/2004;;;;
4596296;8148224;20/05/2005;;;;
4600026;490265;26/04/2005;;;;
29197861;469103;27/01/2022;;;;
4622129;430603;29/06/2011;;;;
4594316;430603;30/01/2001;;;;
4609730;456838;31/03/2005;;;;
4595675;460198;30/01/2001;;;;
4594602;425732;25/08/2004;;;;
4606197;439087;04/11/2008;;;;
11546289;463232;06/07/2017;;;;
4609340;463232;12/04/2005;;;;
14073971;490275;29/01/2019;;;;
4602850;490275;09/05/2005;;;;
4623425;433863;21/01/2008;;;;
4631815;433863;08/04/2009;;;;
4631220;426992;09/04/2009;;;;
8836209;8163267;01/12/2014;;;;
4613321;439846;19/11/2007;;;;
4626411;425472;05/03/2007;;;;
4605746;425472;26/08/2004;;;;
28329403;464001;16/12/2021;;;;
4764097;3217340;08/10/2012;;;;
4625965;430729;27/03/2008;;;;
7478993;430729;07/11/2013;;;;
15542798;499832;20/11/2006;;;;
29239777;499832;28/01/2022;;;;
4605413;3432707;01/03/2006;;;;
4611791;3432707;19/10/2011;;;;
4640515;507168;24/02/2012;;;;
4611160;427465;16/02/2007;;;;
4609856;427465;19/02/2007;;;;
4627383;438747;06/06/2008;;;;
43106342;430473;30/01/2024;;;;
4633071;509038;08/04/2010;;;;
44898017;425698;21/05/2024;;;;
26119802;425698;01/10/2021;;;;
25543780;425698;02/09/2021;;;;
4603083;459791;24/05/2004;;;;
11012223;516154;08/03/2017;;;;
4610940;984069;19/07/2006;;;;
4629194;447469;27/01/2009;;;;
4634253;426772;04/05/2010;;;;
4634252;426772;04/05/2010;;;;
7295571;3340868;13/09/2013;;;;
4635405;3340868;13/07/2010;;;;
7681508;503837;08/01/2014;;;;
4609473;503837;19/12/2007;;;;
4610860;437208;27/01/2006;;;;
4634041;8175426;14/04/2010;;;;
4641489;1557816;21/02/2012;;;;
4641488;1557816;21/02/2012;;;;
4625504;434290;12/01/2009;;;;
4608787;;07/07/2005;;;;
30203966;;17/03/2022;;;;
4600330;487775;10/04/2001;;;;
4603877;433112;03/05/2004;;;;
5114817;465306;04/12/2012;;;;
8616289;3290621;24/09/2014;;;;
6475731;3290621;27/05/2013;;;;
34246177;507193;18/08/2008;;;;
4607255;434652;21/03/2005;;;;
4607254;434652;21/03/2005;;;;
4629775;432908;06/01/2009;;;;
6293649;425829;12/06/2009;;;;
4609283;492044;18/01/2006;;;;
4604534;432822;22/11/2005;;;;
4622128;430606;29/06/2011;;;;
8118961;;28/04/2014;;;;
4614457;;27/09/2007;;;;
4636427;1611900;02/02/2011;;;;
4617106;434543;02/02/2011;;;;
15502791;425673;06/08/2019;;;;
15513955;425673;07/08/2019;;;;
9959495;635589;29/04/2003;;;;
4642441;3300215;09/02/2012;;;;
4614798;432343;03/11/2006;;;;
4602487;437347;08/08/2002;;;;
4610931;430823;18/10/2006;;;;
34927780;463403;14/11/2022;;;;
6109655;503655;10/04/2013;;;;
4602471;507205;31/08/2004;;;;
4598305;507205;28/10/2008;;;;
4636376;489885;26/05/2010;;;;
4631508;427724;24/07/2009;;;;
4605494;427724;01/03/2006;;;;
4597612;462813;18/10/2004;;;;
37794347;462813;13/04/2023;;;;
21884593;431375;15/01/2021;;;;
7155105;454134;29/07/2013;;;;
4639798;643247;08/06/2012;;;;
8516433;437019;25/08/2014;;;;
41354339;9049657;23/10/2023;;;;
4595055;489523;02/11/2004;;;;
36651320;489523;10/02/2023;;;;
7700115;439465;14/01/2014;;;;
5053011;1503097;26/11/2012;;;;
18437517;9423750;19/05/2020;;;;
4605888;487767;28/04/2004;;;;
7835140;979639;18/02/2014;;;;
24884578;494756;23/07/2021;;;;
4633057;437177;18/03/2010;;;;
6888211;973182;02/07/2013;;;;
4625507;440395;12/01/2009;;;;
4609654;430683;01/02/2011;;;;
4625304;431930;06/01/2009;;;;
4613047;464801;04/05/2006;;;;
4609661;435685;03/01/2008;;;;
29197859;3316857;27/01/2022;;;;
4642227;431352;24/04/2012;;;;
7959602;499991;18/03/2014;;;;
4621272;499991;28/09/2010;;;;
17817000;434720;23/03/2020;;;;
4632778;432425;16/07/2009;;;;
4640005;1614463;15/02/2012;;;;
4613008;461058;30/07/2007;;;;
4612494;426215;05/11/2007;;;;
4608976;429979;01/07/2005;;;;
4600620;432013;30/01/2001;;;;
4610871;486213;31/01/2006;;;;
34011620;471889;26/09/2022;;;;
4605684;441475;06/02/2003;;;;
4602555;426299;06/07/2004;;;;
4641032;452233;04/04/2012;;;;
4598814;452233;30/01/2001;;;;
19592034;428289;06/08/2020;;;;
4624746;544380;19/07/2010;;;;
17372842;496345;12/02/2020;;;;
4625498;430055;24/06/2008;;;;
4605070;431324;27/11/2002;;;;
4605653;491313;02/05/2003;;;;
4602621;491313;19/02/2003;;;;
24846497;488243;21/07/2021;;;;
4634016;3191101;15/03/2010;;;;
27217383;440019;18/03/2013;;;;
4604872;468883;09/12/2005;;;;
11070885;468883;29/04/2014;;;;
4600712;468883;17/11/2011;;;;
4608194;434751;22/03/2005;;;;
4603310;439065;07/08/2003;;;;
4614891;438326;12/06/2007;;;;
4633645;467549;08/04/2010;;;;
6584530;8172857;05/06/2013;;;;
4613981;472222;06/11/2007;;;;
4632887;434849;16/12/2011;;;;
7890530;434849;03/03/2014;;;;
4642048;1788558;22/05/2012;;;;
11030148;408572;19/04/2013;;;;
7404066;1289984;16/10/2013;;;;
7224867;429439;23/08/2013;;;;
4606015;497987;15/02/2006;;;;
4594710;486264;12/04/2002;;;;
16584039;9235609;26/11/2019;;;;
4609789;713983;04/01/2006;;;;
4603281;465344;04/07/2002;;;;
4642625;465344;09/02/2012;;;;
5873489;435455;13/03/2013;;;;
4632158;8293181;23/09/2009;;;;
10568050;8172226;14/05/2013;;;;
28072737;437513;08/12/2021;;;;
11097629;977989;24/03/2017;;;;
7728034;977989;21/01/2014;;;;
4622936;424454;10/01/2008;;;;
4601978;635273;15/05/2004;;;;
4633310;979645;20/07/2009;;;;
4604898;431212;17/11/2005;;;;
15246117;439249;08/07/2019;;;;
4608360;433342;22/10/2007;;;;
4611753;433342;16/11/2006;;;;
15491554;432437;05/08/2019;;;;
8464276;466925;05/08/2014;;;;
31730355;466925;24/05/2022;;;;
4609748;436420;14/09/2005;;;;
4610209;436420;25/07/2006;;;;
4609749;436420;14/09/2005;;;;
4632352;427329;22/07/2009;;;;
4632100;427329;17/07/2009;;;;
4632102;427329;17/07/2009;;;;
4610628;438281;21/04/2006;;;;
29433377;426800;08/02/2022;;;;
4632776;432427;16/07/2009;;;;
40665058;472237;14/09/2023;;;;
10803921;8163270;23/01/2017;;;;
7251410;8163270;02/09/2013;;;;
4602558;426602;28/04/2004;;;;
7057169;424977;16/07/2013;;;;
4610802;491184;04/02/2010;;;;
4626473;501303;08/02/2008;;;;
4622938;423509;10/01/2008;;;;
7568226;2141542;03/12/2013;;;;
7960338;472615;18/03/2014;;;;
16701484;9400390;06/12/2019;;;;
4614456;490499;27/09/2007;;;;
28669537;427011;03/12/2007;;;;
6004373;503623;28/03/2013;;;;
4623737;437340;12/07/2010;;;;
4617932;491908;12/04/2012;;;;
4608587;491908;16/01/2006;;;;
17846778;430297;25/03/2020;;;;
15377025;;22/07/2019;;;;
4611164;436917;19/02/2007;;;;
4594979;471335;10/02/2009;;;;
8198419;436874;22/05/2014;;;;
10797929;1598136;20/01/2017;;;;
4630289;489793;21/01/2009;;;;
4602727;933163;15/07/2004;;;;
6007252;438321;28/03/2013;;;;
4633836;437064;30/03/2011;;;;
4607755;472445;21/03/2005;;;;
4630154;8217657;10/02/2009;;;;
18081633;1582142;17/04/2020;;;;
4632567;436053;07/10/2009;;;;
8688273;1625656;15/10/2014;;;;
4614079;435879;25/10/2007;;;;
7609218;439498;12/12/2013;;;;
32141874;462636;15/06/2022;;;;
4634866;3193663;23/12/2010;;;;
7560883;638147;02/12/2013;;;;
4612495;431364;30/11/2007;;;;
11123654;1203619;30/03/2017;;;;
18933793;441488;22/06/2020;;;;
4604957;438710;20/08/2004;;;;
4845978;439471;22/10/2012;;;;
4604431;447641;05/12/2006;;;;
4641143;3308236;29/02/2012;;;;
8464281;474413;05/08/2014;;;;
4601643;438291;24/05/2004;;;;
7261329;3182459;04/09/2013;;;;
6613333;435550;07/06/2013;;;;
19898276;1580868;28/08/2020;;;;
19511409;1580868;31/07/2020;;;;
10868242;1581181;04/04/2013;;;;
4612489;430515;05/11/2007;;;;
4635226;491779;26/01/2011;;;;
4606114;457931;17/11/2005;;;;
11103377;491801;22/07/2013;;;;
17389474;9335739;13/02/2020;;;;
4639836;434655;25/01/2012;;;;
4604393;489477;03/07/2004;;;;
17392739;9233662;13/02/2020;;;;
24552738;453880;02/07/2021;;;;
4639278;1613818;21/02/2012;;;;
18568085;1613818;01/01/2002;;;;
4606919;428925;03/08/2005;;;;
38563617;428925;25/05/2023;;;;
7969937;462704;20/03/2014;;;;
7149985;424274;25/07/2013;;;;
4619902;424274;10/01/2008;;;;
4640710;438104;23/01/2012;;;;
4601291;439867;26/10/2005;;;;
8781059;1605176;12/11/2014;;;;
35496098;436852;08/12/2022;;;;
36843302;;21/02/2023;;;;
36823782;436852;20/02/2023;;;;
36823779;436852;20/02/2023;;;;
18027237;9537024;10/04/2020;;;;
4614901;430098;12/07/2007;;;;
4603038;430866;28/04/2010;;;;
4613402;431998;07/11/2007;;;;
4624842;436838;21/01/2010;;;;
4620969;932842;04/01/2008;;;;
4640092;430099;19/12/2011;;;;
4631503;422210;24/07/2009;;;;
4633304;422210;20/07/2009;;;;
4609753;427267;14/09/2005;;;;
4615759;439880;25/07/2007;;;;
10934472;439880;20/02/2017;;;;
21941559;;20/01/2021;;;;
4609873;424955;05/10/2005;;;;
4637954;421506;01/12/2011;;;;
15288130;9226937;11/07/2019;;;;
6325010;8172223;03/05/2013;;;;
6338184;8172223;07/05/2013;;;;
6338183;8172223;07/05/2013;;;;
6326609;8172223;06/05/2013;;;;
4601902;453234;15/11/2002;;;;
22496117;9429829;01/03/2021;;;;
4597614;508055;18/10/2004;;;;
4611804;488219;26/07/2006;;;;
15833959;434813;13/09/2019;;;;
4624063;464794;14/02/2011;;;;
4609727;465569;12/07/2007;;;;
4631455;427617;24/07/2009;;;;
6338180;8172220;07/05/2013;;;;
10900515;407215;13/02/2017;;;;
4605916;439337;28/04/2004;;;;
12114642;1235289;06/11/2017;;;;
6724692;975455;18/06/2013;;;;
4610639;437524;23/06/2006;;;;
10934466;1625025;03/07/2013;;;;
4642045;1788559;22/05/2012;;;;
4629634;472374;26/03/2009;;;;
45509231;472374;27/06/2024;;;;
4611617;431808;06/02/2006;;;;
7617523;420448;16/12/2013;;;;
8074693;491100;28/10/2008;;;;
9746417;1134138;15/03/2016;;;;
15468610;;01/08/2019;;;;
41621858;708551;07/11/2023;;;;
36521059;;03/02/2023;;;;
12932590;8152699;05/06/2018;;;;
4641524;654835;17/02/2012;;;;
4631819;432117;08/04/2009;;;;
6613330;8174135;07/06/2013;;;;
4608982;465336;09/11/2004;;;;
4609168;436367;27/06/2006;;;;
4601465;427949;21/07/2009;;;;
4599005;441299;01/04/2011;;;;
4599003;441299;01/04/2011;;;;
4631224;502814;09/04/2009;;;;
4608504;437321;17/01/2006;;;;
4612472;430873;27/11/2006;;;;
5059739;436588;27/11/2012;;;;
37288737;436588;15/03/2023;;;;
22082022;;30/01/2021;;;;
4631203;499321;17/02/2009;;;;
4614888;435504;11/06/2007;;;;
4602828;3403265;15/09/2004;;;;
8790353;8175430;14/11/2014;;;;
6324049;719449;03/05/2013;;;;
4640400;935741;16/01/2012;;;;
4638318;;30/12/2011;;;;
4608929;432377;30/10/2007;;;;
7259810;515842;04/09/2013;;;;
4629594;487354;22/07/2009;;;;
7309947;975449;18/09/2013;;;;
4610394;430645;26/01/2006;;;;
4609232;723563;17/01/2012;;;;
7295569;1580859;13/09/2013;;;;
4642044;751721;21/05/2012;;;;
14840039;9194636;20/05/2019;;;;
34192102;431928;30/09/2022;;;;
4631472;457552;09/04/2009;;;;
22216100;488289;09/02/2021;;;;
16712037;496454;07/12/2019;;;;
18649026;9328704;03/06/2020;;;;
4607225;428485;03/10/2005;;;;
22554070;9434307;04/03/2021;;;;
4642580;967113;31/01/2012;;;;
10801640;728365;11/07/2013;;;;
4601475;455234;21/07/2009;;;;
22206209;491975;09/02/2021;;;;
14840043;9140539;20/05/2019;;;;
23350177;434815;28/04/2021;;;;
29171966;582469;26/01/2022;;;;
17201651;9250944;28/01/2020;;;;
4628581;468948;02/02/2012;;;;
4601308;490938;12/09/2007;;;;
9197810;426250;01/07/2015;;;;
7852082;506768;21/02/2014;;;;
19633029;9149509;10/08/2020;;;;
22634337;497616;09/03/2021;;;;
7228370;497616;26/08/2013;;;;
22606844;497616;08/03/2021;;;;
4614151;430526;16/10/2007;;;;
4631515;422209;27/07/2009;;;;
16683607;9099259;04/12/2019;;;;
28883301;9131908;12/01/2022;;;;
16653174;9367102;02/12/2019;;;;
4608713;9255429;19/01/2012;;;;
16692235;9280400;05/12/2019;;;;
45605222;9449986;03/07/2024;;;;
16703409;9408707;06/12/2019;;;;
4594313;504246;30/01/2001;;;;
25066993;3190465;03/08/2021;;;;
4626475;437383;08/02/2008;;;;
27470819;9225999;22/11/2021;;;;
33012289;9068536;01/08/2022;;;;
16701483;9395581;06/12/2019;;;;
15565811;9083896;14/08/2019;;;;
17389477;9297015;13/02/2020;;;;
23594018;9327105;12/05/2021;;;;
4601483;436772;21/07/2009;;;;
4629897;436772;21/07/2009;;;;
4637282;436772;03/06/2011;;;;
4601266;8152704;12/04/2002;;;;
22661217;;11/03/2021;;;;
28608757;9425023;28/12/2021;;;;
28552417;9425023;24/12/2021;;;;
22606833;9425023;08/03/2021;;;;
4607868;487353;17/07/2009;;;;
22457377;9425022;25/02/2021;;;;
14840042;9194617;20/05/2019;;;;
36533863;9446470;06/02/2023;;;;
36533869;9446470;06/02/2023;;;;
4608090;436562;03/10/2005;;;;
4595235;492604;06/02/2003;;;;
8073602;431655;14/04/2014;;;;
4632099;466726;17/07/2009;;;;
16614514;9354630;28/11/2019;;;;
4642153;694120;19/04/2012;;;;
38148898;;05/05/2023;;;;
7835139;427218;18/02/2014;;;;
30301539;;22/03/2022;;;;
7786147;434820;05/02/2014;;;;
4606013;438290;15/02/2006;;;;
4609035;438290;28/11/2005;;;;
6724691;975457;18/06/2013;;;;
19136686;;05/07/2020;;;;
4631971;763881;13/03/2012;;;;
6084050;428787;19/05/2004;;;;
4618015;438368;22/11/2010;;;;
4601437;;23/07/2012;;;;
4633208;436770;28/07/2009;;;;
15505315;425649;06/08/2019;;;;
15510222;;07/08/2019;;;;
17888077;9343745;30/03/2020;;;;
10900514;440084;31/05/2013;;;;
6423889;1204231;22/05/2013;;;;
17177012;9542455;24/01/2020;;;;
33722345;;12/09/2022;;;;
27779937;9115903;30/11/2021;;;;
7705186;491406;15/01/2014;;;;
4600980;491406;01/03/2005;;;;
12714033;496623;04/04/2018;;;;
6694930;496623;17/06/2013;;;;
16614163;496623;28/11/2019;;;;
36726178;9446462;14/02/2023;;;;
19786914;9109837;20/08/2020;;;;
7966977;9140546;19/03/2014;;;;
37086817;9254148;06/03/2023;;;;
4636199;9217656;31/01/2011;;;;
36649395;9243586;10/02/2023;;;;
15514914;;07/08/2019;;;;
15476213;9528721;01/08/2019;;;;
15586292;9528721;19/08/2019;;;;
36538658;;06/02/2023;;;;
36892579;;23/02/2023;;;;
36870179;;22/02/2023;;;;
36766499;9446469;16/02/2023;;;;
19786913;;20/08/2020;;;;
36655782;;10/02/2023;;;;
24366178;9047736;24/06/2021;;;;
22660900;;10/03/2021;;;;
36650337;9254145;10/02/2023;;;;
22879459;;25/03/2021;;;;
4633302;487172;20/07/2009;;;;
4605625;494368;31/08/2004;;;;
4603263;494368;14/10/2004;;;;
4632114;478495;17/07/2009;;;;
4614883;435084;11/06/2007;;;;
7515739;751726;19/11/2013;;;;
4632360;426869;22/07/2009;;;;
11744488;461072;17/08/2017;;;;
4632272;486763;22/07/2009;;;;
6305169;8163263;30/04/2013;;;;
4605053;8163263;01/01/2003;;;;
19096077;431298;01/07/2020;;;;
4609166;610600;27/06/2006;;;;
4601212;489651;19/04/2004;;;;
4594852;489651;24/11/2004;;;;
4642616;489651;01/02/2012;;;;
7264241;515839;05/09/2013;;;;
16550129;;22/11/2019;;;;
4597491;472242;26/02/2007;;;;
12382418;1661182;13/01/2018;;;;
4632350;416043;22/07/2009;;;;
22921392;448705;29/03/2021;;;;
13882391;448705;24/12/2018;;;;
11061156;452264;06/05/2014;;;;
5077331;547879;29/11/2012;;;;
7085971;426985;17/07/2013;;;;
14975074;426985;05/06/2019;;;;
17656084;426985;07/03/2020;;;;
16010657;426985;30/09/2019;;;;
21662195;;28/12/2020;;;;
23302817;;26/04/2021;;;;
4628011;426659;30/10/2008;;;;
36852900;9190467;21/02/2023;;;;
7735954;;22/01/2014;;;;
17768055;;18/03/2020;;;;
5884705;478505;14/03/2013;;;;
4614926;478505;19/04/2010;;;;
4604911;1088381;03/08/2009;;;;
15491561;486925;05/08/2019;;;;
4594358;486925;28/04/2004;;;;
4611264;439279;10/02/2006;;;;
4636029;434452;11/05/2010;;;;
11518493;434185;29/06/2017;;;;
4631944;971266;12/06/2009;;;;
4639837;431107;25/01/2012;;;;
19633030;472053;10/08/2020;;;;
4624843;429639;21/01/2010;;;;
5060689;429639;27/11/2012;;;;
9868035;429639;03/08/2009;;;;
7270721;429478;25/05/2007;;;;
4599540;433899;21/10/2003;;;;
4631831;486121;24/11/2009;;;;
4614072;487913;25/10/2007;;;;
4602548;435513;12/04/2002;;;;
4609793;432370;29/07/2005;;;;
5091414;507119;22/03/2005;;;;
4603991;467180;17/07/2004;;;;
4624055;436653;14/02/2011;;;;
4595920;429865;24/11/2006;;;;
4611793;429865;19/10/2011;;;;
4640542;431378;23/05/2012;;;;
4620123;1068556;28/07/2010;;;;
6590610;431098;05/06/2013;;;;
4620256;431098;24/03/2009;;;;
4621477;435904;02/09/2011;;;;
8756833;435904;04/11/2014;;;;
4609865;435904;05/10/2005;;;;
4608497;435904;17/01/2006;;;;
4608600;435904;17/01/2006;;;;
4627634;555879;17/02/2009;;;;
4638880;582467;30/12/2011;;;;
11655156;431809;28/07/2017;;;;
4612609;431809;21/11/2007;;;;
11115594;431809;29/03/2017;;;;
15113025;2141180;21/06/2019;;;;
4639803;435704;08/06/2012;;;;
4609663;489579;03/01/2008;;;;
15578014;8048695;17/08/2019;;;;
4631223;8048695;09/04/2009;;;;
4615272;489373;23/07/2007;;;;
7003410;728368;11/07/2013;;;;
4636565;465120;07/07/2011;;;;
4614637;436756;26/03/2007;;;;
4607253;507151;15/04/2005;;;;
4601264;508427;12/04/2002;;;;
4607986;432889;30/08/2007;;;;
4600309;487171;10/10/2002;;;;
4609509;439451;16/01/2008;;;;
4609726;454777;12/07/2007;;;;
8793633;436169;17/11/2014;;;;
4594099;503517;23/02/2005;;;;
43485555;503517;23/02/2024;;;;
4600012;436747;04/10/2004;;;;
17177013;492591;24/01/2020;;;;
4621351;492591;08/03/2011;;;;
38487144;962939;07/01/2022;;;;
4614661;435867;27/09/2007;;;;
4633278;467186;29/09/2009;;;;
4635406;506606;13/07/2010;;;;
4603699;465124;04/05/2004;;;;
4609171;493687;27/06/2006;;;;
4601713;434656;06/01/2006;;;;
18227233;426414;30/04/2020;;;;
4600092;426414;09/11/2011;;;;
15512768;426414;07/08/2019;;;;
4627243;426414;14/08/2008;;;;
4613106;719447;16/05/2006;;;;
4623271;436279;30/06/2011;;;;
4608589;435491;16/01/2006;;;;
5853970;435491;18/05/2011;;;;
4620977;465346;04/01/2008;;;;
4603828;463763;24/06/2011;;;;
4907155;405479;30/10/2012;;;;
4630381;405479;15/09/2011;;;;
8846177;1583170;22/05/2014;;;;
4637607;1583170;13/04/2011;;;;
4635216;1583170;26/01/2011;;;;
4607288;431337;08/12/2009;;;;
4594608;426607;25/08/2004;;;;
10984038;1177979;11/01/2016;;;;
4625846;497863;25/06/2008;;;;
19646769;430521;11/08/2020;;;;
4598423;425516;26/05/2003;;;;
6689505;8171259;14/06/2013;;;;
11081969;8171259;14/06/2013;;;;
18574433;3311423;28/05/2020;;;;
4614799;3311423;03/11/2006;;;;
4601327;430498;14/09/2007;;;;
5732691;436943;21/02/2013;;;;
7328563;436943;24/09/2013;;;;
4605789;490273;10/02/2004;;;;
7772834;490273;31/01/2014;;;;
4631226;436606;09/04/2009;;;;
4610210;436606;25/07/2006;;;;
4627984;427619;16/07/2009;;;;
4632113;427619;17/07/2009;;;;
4632109;427619;17/07/2009;;;;
4632115;427619;17/07/2009;;;;
4627985;427619;16/07/2009;;;;
4603232;436988;26/05/2003;;;;
10953022;436988;08/01/2014;;;;
4598670;436988;30/01/2001;;;;
4628029;436081;09/06/2008;;;;
4610265;426848;19/02/2007;;;;
4605629;440918;20/10/2004;;;;
4637394;491260;30/11/2010;;;;
4611470;431785;20/11/2006;;;;
18232369;431785;01/05/2020;;;;
4614112;431785;03/11/2006;;;;
4614716;431785;03/11/2006;;;;
24452261;431785;28/06/2021;;;;
4613098;500710;15/05/2006;;;;
4594551;488662;10/09/2002;;;;
19025009;439454;26/06/2020;;;;
4604601;453043;10/09/2002;;;;
32116907;9116881;15/06/2022;;;;
6586147;8172858;05/06/2013;;;;
10881958;8172858;14/05/2013;;;;
17234610;406188;30/01/2020;;;;
4616731;1578944;29/08/2012;;;;
4607797;488655;13/12/2004;;;;
4601263;425910;11/04/2002;;;;
4630357;433722;10/03/2009;;;;
18291877;8787906;07/05/2020;;;;
18390139;8787906;15/05/2020;;;;
4607265;431761;20/03/2007;;;;
4640477;752684;13/02/2012;;;;
4608261;488608;14/11/2005;;;;
12933219;488608;11/08/2017;;;;
4602329;488608;23/08/2002;;;;
4608304;488608;14/11/2005;;;;
22364305;488608;19/02/2021;;;;
4599473;488608;20/08/2002;;;;
4608203;507158;22/03/2005;;;;
17910138;9425988;31/03/2020;;;;
23002978;9525815;02/04/2021;;;;
23336424;488088;10/04/2001;;;;
45522017;3193339;28/06/2024;;;;
4603681;472776;27/09/2004;;;;
4609635;486637;29/12/2005;;;;
8551636;467169;21/03/2005;;;;
8745601;436923;30/10/2014;;;;
4614541;491109;08/10/2007;;;;
43876582;1528390;19/03/2024;;;;
4641072;1528390;23/01/2012;;;;
4605892;1528390;28/04/2004;;;;
4622115;427017;29/06/2011;;;;
16531588;430411;20/11/2019;;;;
4608785;430411;06/07/2005;;;;
4610927;432424;18/10/2006;;;;
4627546;432424;02/07/2008;;;;
8437153;937326;24/07/2014;;;;
6438610;653799;23/05/2013;;;;
7929569;653799;11/03/2014;;;;
4631817;432121;08/04/2009;;;;
36521058;;03/02/2023;;;;
4608632;765479;24/06/2005;;;;
4608711;765479;19/01/2012;;;;
4632061;430111;09/09/2009;;;;
4632060;430111;09/09/2009;;;;
4601672;425154;23/08/2002;;;;
7134473;425154;22/07/2013;;;;
6486929;1625021;28/05/2013;;;;
8847681;437206;02/12/2014;;;;
6154145;485297;15/04/2013;;;;
4594604;485297;25/08/2004;;;;
4612040;432098;21/03/2007;;;;
16878756;491598;23/12/2019;;;;
6850769;436785;28/06/2013;;;;
14838559;3507897;20/05/2019;;;;
4625733;426990;31/03/2008;;;;
4603983;430705;28/04/2004;;;;
12758417;431004;05/03/2013;;;;
4609662;3311415;03/01/2008;;;;
4610627;432110;21/04/2006;;;;
5842770;440009;08/03/2013;;;;
4612493;434742;05/11/2007;;;;
22791783;434742;19/03/2021;;;;
4614542;430304;08/10/2007;;;;
7428634;436388;23/10/2013;;;;
4614425;430603;31/07/2007;;;;
4627073;463232;21/07/2008;;;;
4614460;463232;27/09/2007;;;;
4609341;463232;12/04/2005;;;;
4640676;463232;03/05/2012;;;;
4604750;490275;20/07/2007;;;;
4607573;433863;27/02/2007;;;;
4605786;432438;10/02/2004;;;;
5811427;432438;05/03/2013;;;;
11108695;432438;28/03/2017;;;;
8574369;432438;11/09/2014;;;;
4633629;426992;28/01/2010;;;;
4629925;433114;29/07/2009;;;;
7049813;469050;16/07/2013;;;;
4874772;458085;21/04/2008;;;;
4604906;439846;03/08/2009;;;;
4627334;471872;04/09/2008;;;;
4606185;425472;26/08/2004;;;;
4603700;486430;04/05/2004;;;;
4609603;431913;30/01/2008;;;;
4715410;969691;28/09/2012;;;;
4594061;499832;08/12/2003;;;;
4616205;461789;24/02/2010;;;;
4640605;507168;24/02/2012;;;;
4609855;427465;19/02/2007;;;;
4632373;429836;16/09/2009;;;;
17307616;3300549;06/02/2020;;;;
6590609;437034;05/06/2013;;;;
34357860;447469;11/10/2022;;;;
4613654;436592;07/09/2012;;;;
4606944;440213;08/04/2005;;;;
4633793;440213;30/03/2011;;;;
4612373;437757;24/02/2010;;;;
8851345;1598775;05/12/2014;;;;
4635407;3340868;13/07/2010;;;;
4635408;3340868;13/07/2010;;;;
7681505;503837;08/01/2014;;;;
8847682;437208;02/12/2014;;;;
17194945;9213509;27/01/2020;;;;
6299745;430884;30/04/2013;;;;
4610405;430884;26/06/2006;;;;
5463891;430884;17/01/2013;;;;
4614884;430884;11/06/2007;;;;
4608133;441102;16/11/2005;;;;
4609510;496346;16/01/2008;;;;
4596866;;07/07/2005;;;;
4607874;437883;05/10/2005;;;;
4625518;437883;14/01/2009;;;;
20973221;431329;10/11/2020;;;;
4610275;424975;20/02/2007;;;;
4636424;3305336;02/02/2011;;;;
4613422;488616;26/11/2007;;;;
4606224;507193;01/01/2012;;;;
4614342;431388;24/09/2007;;;;
4612265;461032;09/02/2007;;;;
43730345;492044;11/03/2024;;;;
4609301;467928;06/07/2005;;;;
4600708;467928;06/08/2002;;;;
7772833;467928;31/01/2014;;;;
4615269;490375;16/07/2007;;;;
4604873;432822;09/12/2005;;;;
5909650;434833;18/03/2013;;;;
7717378;434833;17/01/2014;;;;
4619202;440211;14/09/2010;;;;
4631814;440211;08/04/2009;;;;
23255139;440211;22/04/2021;;;;
4610936;440211;19/10/2006;;;;
4607561;416045;17/07/2009;;;;
23408115;416045;30/04/2021;;;;
4625573;430671;14/02/2008;;;;
4609840;456711;26/10/2005;;;;
15513956;425673;07/08/2019;;;;
15605153;;20/08/2019;;;;
29945383;490988;04/03/2022;;;;
4608788;490988;07/07/2005;;;;
22167459;432343;05/02/2021;;;;
30258337;;21/03/2022;;;;
22154338;;04/02/2021;;;;
22154337;;04/02/2021;;;;
4613118;437347;17/05/2006;;;;
4603709;436831;15/05/2004;;;;
6109650;503655;16/01/2006;;;;
4608530;503655;16/01/2006;;;;
9265649;503655;17/08/2015;;;;
4625303;454460;06/01/2009;;;;
4599329;431572;06/12/2010;;;;
4604745;431572;20/07/2007;;;;
9959496;507205;29/04/2003;;;;
4612082;507205;13/04/2007;;;;
4602826;504542;15/09/2004;;;;
4638680;489885;22/11/2011;;;;
6584529;8172856;05/06/2013;;;;
4602866;462813;09/07/2004;;;;
4629860;462813;08/07/2008;;;;
4597613;462813;18/10/2004;;;;
22815206;3321987;22/03/2021;;;;
17443234;452038;18/02/2020;;;;
4604753;643247;24/07/2007;;;;
11092241;451799;31/05/2013;;;;
14838560;9049657;20/05/2019;;;;
7033171;8162944;15/07/2013;;;;
7033172;8162944;15/07/2013;;;;
24884577;494756;23/07/2021;;;;
4609711;430680;01/02/2011;;;;
4633221;467216;29/09/2009;;;;
6191569;1203911;17/04/2013;;;;
4630474;490369;22/09/2011;;;;
6779089;455812;24/06/2013;;;;
4632264;432425;22/07/2009;;;;
4608377;1614463;09/12/2004;;;;
6281511;3451583;25/04/2013;;;;
7269085;3451583;27/11/2012;;;;
4611159;488444;16/02/2007;;;;
11062483;977347;17/10/2013;;;;
7737523;977347;23/01/2014;;;;
4601070;509037;26/11/2003;;;;
4607250;507397;21/03/2005;;;;
4607249;507397;21/03/2005;;;;
4634566;507984;23/11/2010;;;;
21901537;429259;18/01/2021;;;;
4639852;965496;20/02/2012;;;;
10876928;425457;29/04/2013;;;;
4608191;466363;21/03/2005;;;;
4610270;426857;19/02/2007;;;;
4600501;436664;01/03/2010;;;;
4641031;452233;04/04/2012;;;;
4624937;427544;05/01/2010;;;;
4603201;441318;11/10/2004;;;;
6300051;544380;30/04/2013;;;;
4605437;496315;15/10/2004;;;;
6650817;496345;11/06/2013;;;;
15515020;;07/08/2019;;;;
4594318;429869;30/01/2001;;;;
4625966;982455;27/03/2008;;;;
6426769;440019;22/05/2013;;;;
4608827;434751;28/07/2005;;;;
4604905;436021;03/08/2009;;;;
30995298;438326;06/12/2012;;;;
4613982;472222;06/11/2007;;;;
4605764;434849;30/01/2001;;;;
26962985;408572;03/11/2021;;;;
4623610;435714;11/10/2010;;;;
4604828;663094;03/08/2009;;;;
7259816;967118;04/09/2013;;;;
4606014;497987;15/02/2006;;;;
4595942;497987;25/05/2004;;;;
31521703;486264;16/05/2022;;;;
34295458;9235609;06/10/2022;;;;
8350449;465344;01/07/2014;;;;
4598662;465344;21/06/2011;;;;
4641179;963260;07/06/2012;;;;
18296689;8293181;07/05/2020;;;;
4607683;8293181;17/12/2004;;;;
4603684;440538;27/09/2004;;;;
4613983;440538;06/11/2007;;;;
4614068;437513;19/07/2007;;;;
4632803;439633;12/08/2011;;;;
4622939;424454;10/01/2008;;;;
6055603;635273;04/04/2013;;;;
4633309;979645;20/07/2009;;;;
7786146;;05/02/2014;;;;
4632895;437003;19/12/2011;;;;
4596583;487793;20/01/2012;;;;
28951782;1503101;14/01/2022;;;;
4603468;1503101;20/06/2011;;;;
24843617;1503101;21/07/2021;;;;
4639361;437672;20/04/2012;;;;
4595018;431752;08/04/2002;;;;
4614712;434446;03/11/2006;;;;
4603581;431305;15/10/2004;;;;
4623003;431305;29/09/2010;;;;
15928690;435484;23/09/2019;;;;
16473633;435484;14/11/2019;;;;
23408116;427329;30/04/2021;;;;
4632353;427329;22/07/2009;;;;
4611562;460314;24/10/2006;;;;
4633212;432427;28/07/2009;;;;
4607865;432427;17/07/2009;;;;
4607562;432427;17/07/2009;;;;
4636098;432427;30/11/2010;;;;
11373457;;24/05/2017;;;;
12865713;8163270;16/05/2018;;;;
4601704;427374;28/05/2004;;;;
4603530;488357;04/06/2004;;;;
4626146;423509;21/05/2008;;;;
8931233;424776;16/01/2015;;;;
6639569;437502;10/06/2013;;;;
4616393;490499;03/12/2007;;;;
4616394;490499;03/12/2007;;;;
4612889;472388;17/09/2007;;;;
4623664;437340;25/01/2012;;;;
4614429;433719;08/08/2007;;;;
7201941;1625028;13/08/2013;;;;
4631367;3338942;24/06/2009;;;;
4641935;434606;27/02/2012;;;;
4633196;434606;28/07/2009;;;;
4633340;440441;21/04/2010;;;;
4612674;430477;06/06/2007;;;;
22815205;491668;22/03/2021;;;;
11097631;1577335;20/12/2013;;;;
18009969;437493;09/04/2020;;;;
17569970;432428;28/02/2020;;;;
6993171;454789;11/07/2013;;;;
44036900;436874;27/03/2024;;;;
8198418;436874;22/05/2014;;;;
42635324;;28/12/2023;;;;
4609831;436874;03/08/2005;;;;
8856705;461242;11/01/2012;;;;
4607885;426703;17/10/2005;;;;
4599605;418822;18/02/2011;;;;
5156371;428720;10/12/2012;;;;
4599554;428720;26/03/2002;;;;
16697633;463078;04/12/2019;;;;
12933779;1625656;05/06/2018;;;;
8688274;1625656;15/10/2014;;;;
4622726;453037;01/02/2010;;;;
7728038;;21/01/2014;;;;
4628146;461003;18/08/2010;;;;
27704097;472423;17/11/2005;;;;
16539905;439498;21/11/2019;;;;
4609920;550119;28/12/2005;;;;
6724690;439331;12/09/2003;;;;
26123034;492057;01/10/2021;;;;
4633931;488234;03/10/2011;;;;
29218659;;27/01/2022;;;;
29154350;;26/01/2022;;;;
9217058;459246;16/07/2015;;;;
4608143;431429;17/11/2005;;;;
4602597;436957;22/04/2005;;;;
4631471;437633;09/04/2009;;;;
11123655;1203619;30/03/2017;;;;
4633736;1583168;08/06/2012;;;;
7767345;429579;30/01/2014;;;;
4607796;3244535;13/12/2004;;;;
4595995;3244535;10/09/2002;;;;
4596032;3244535;30/01/2001;;;;
4625715;752679;29/02/2012;;;;
4596758;439471;06/10/2010;;;;
4609551;3308236;03/01/2008;;;;
4607745;463985;21/03/2005;;;;
4601653;438291;24/05/2004;;;;
7814305;488224;18/10/2005;;;;
4607163;431196;15/05/2006;;;;
4622657;3306949;03/02/2011;;;;
43805236;425653;21/09/2021;;;;
17396913;9224067;13/02/2020;;;;
4608146;457741;17/11/2005;;;;
13888049;1580868;26/12/2018;;;;
17283233;;04/02/2020;;;;
19888678;1580868;28/08/2020;;;;
22910506;1580868;29/03/2021;;;;
6055602;1581181;04/04/2013;;;;
10978636;435826;01/03/2017;;;;
8716754;982459;23/10/2014;;;;
17389475;9335739;13/02/2020;;;;
36538662;9165180;06/02/2023;;;;
16701488;9405823;06/12/2019;;;;
35527457;9253178;09/12/2022;;;;
4639279;1613818;21/02/2012;;;;
4639281;1613818;21/02/2012;;;;
4628427;;07/08/2012;;;;
4608433;428925;29/11/2005;;;;
31997537;436852;08/06/2022;;;;
36823784;436852;20/02/2023;;;;
22935139;3320381;30/03/2021;;;;
4610399;3375421;27/01/2006;;;;
4614817;932842;24/07/2007;;;;
4620974;932842;04/01/2008;;;;
4634288;494546;16/02/2010;;;;
4631504;422210;24/07/2009;;;;
4600450;427267;19/02/2010;;;;
4609869;424955;05/10/2005;;;;
17304708;430071;26/01/2011;;;;
17019281;9148220;11/07/2019;;;;
4634133;434171;31/03/2011;;;;
17681638;486786;10/03/2020;;;;
4610397;469002;26/01/2006;;;;
4604706;3307582;04/10/2004;;;;
16534909;;21/11/2019;;;;
4609799;1271744;30/07/2005;;;;
4608140;457927;17/11/2005;;;;
12933218;1528708;11/08/2017;;;;
4614717;3318141;03/11/2006;;;;
44101857;496343;29/03/2024;;;;
4606946;439253;08/04/2005;;;;
10939458;8162946;21/02/2017;;;;
8948294;429983;27/01/2015;;;;
4632106;427617;17/07/2009;;;;
4601829;433682;28/10/2010;;;;
4640754;663093;14/02/2012;;;;
4608594;429251;17/01/2006;;;;
6365014;8172220;14/05/2013;;;;
8756834;440917;04/11/2014;;;;
36650670;492791;10/02/2023;;;;
4604394;435086;03/07/2004;;;;
4642047;1788559;22/05/2012;;;;
5509329;977990;22/01/2013;;;;
7309940;974785;18/09/2013;;;;
4631013;431808;26/05/2011;;;;
4631012;431808;26/05/2011;;;;
7681509;431808;08/01/2014;;;;
7332369;433667;25/09/2013;;;;
7332370;433667;25/09/2013;;;;
4615490;3414137;12/10/2010;;;;
11023123;1577655;10/03/2017;;;;
8074695;491100;14/04/2014;;;;
4611428;426852;20/07/2006;;;;
4641523;654835;17/02/2012;;;;
4607380;426437;08/09/2009;;;;
6936866;1577989;08/07/2013;;;;
4610928;434414;18/10/2006;;;;
4614820;436840;24/07/2007;;;;
4631629;436587;20/08/2009;;;;
4632347;436587;22/07/2009;;;;
4630967;436587;27/07/2009;;;;
4627960;436587;16/07/2009;;;;
7417169;8159741;21/10/2013;;;;
4594379;436367;28/04/2004;;;;
4630964;427949;27/07/2009;;;;
4601466;427949;21/07/2009;;;;
4608506;437321;17/01/2006;;;;
22180931;3312695;05/02/2021;;;;
18027236;9537345;10/04/2020;;;;
22107959;432298;02/02/2021;;;;
7269698;463029;06/09/2013;;;;
4608828;457548;28/07/2005;;;;
31045873;8293183;27/09/2004;;;;
16584038;431025;26/11/2019;;;;
4600256;435317;13/01/2012;;;;
42901541;430284;18/01/2024;;;;
4631457;426871;24/07/2009;;;;
9398385;1134144;27/10/2015;;;;
15340561;;18/07/2019;;;;
4598362;434456;03/11/2008;;;;
25741539;436882;05/07/2019;;;;
8825617;485810;26/11/2014;;;;
7309951;975449;18/09/2013;;;;
4601970;484411;15/05/2004;;;;
4637243;3189176;10/02/2011;;;;
29171968;;26/01/2022;;;;
4626117;751724;13/06/2012;;;;
4595214;437519;19/02/2003;;;;
34295457;426052;06/10/2022;;;;
7295570;1580859;13/09/2013;;;;
7171635;658280;02/08/2013;;;;
6724689;435864;12/09/2003;;;;
22790537;8175428;19/03/2021;;;;
4614880;436903;11/06/2007;;;;
15512767;425497;07/08/2019;;;;
28951783;1503099;14/01/2022;;;;
4611234;427587;01/08/2006;;;;
6043747;480895;03/04/2013;;;;
6043751;480895;03/04/2013;;;;
4610868;467196;30/01/2006;;;;
4631513;455234;27/07/2009;;;;
17888076;9343746;30/03/2020;;;;
7515731;751725;19/11/2013;;;;
29388949;9142787;07/02/2022;;;;
29388948;9142787;07/02/2022;;;;
41893867;;23/11/2023;;;;
4621246;582469;28/09/2010;;;;
16701482;9391425;06/12/2019;;;;
4632270;486765;22/07/2009;;;;
4605885;436856;28/04/2004;;;;
4630076;468948;08/12/2009;;;;
4614804;430119;03/11/2006;;;;
10929640;;21/05/2013;;;;
15257633;611911;09/07/2019;;;;
15491558;425496;05/08/2019;;;;
4612445;426250;14/03/2006;;;;
7847282;506768;20/02/2014;;;;
41240099;9128387;17/10/2023;;;;
10929634;497616;26/08/2013;;;;
4630961;422209;27/07/2009;;;;
19349268;9190457;21/07/2020;;;;
4605491;486956;01/03/2006;;;;
9746707;1177978;15/03/2016;;;;
44352418;9253176;16/04/2024;;;;
15491564;;05/08/2019;;;;
15499555;489798;05/08/2019;;;;
16712034;9126139;07/12/2019;;;;
22554068;9435255;04/03/2021;;;;
33364902;9062789;22/08/2022;;;;
4634598;9164217;28/06/2010;;;;
22660898;;10/03/2021;;;;
4606625;427921;19/01/2007;;;;
37514980;9190145;28/03/2023;;;;
43169716;9252221;02/02/2024;;;;
36521061;;03/02/2023;;;;
14840041;9194617;20/05/2019;;;;
36586673;9446470;07/02/2023;;;;
36533870;9446470;06/02/2023;;;;
7166341;499996;31/07/2013;;;;
32302817;9133183;23/06/2022;;;;
22184161;;06/02/2021;;;;
21878838;489107;14/01/2021;;;;
4607220;469931;21/03/2005;;;;
4604623;469931;17/10/2011;;;;
4609866;432109;05/10/2005;;;;
4630965;436773;27/07/2009;;;;
4633294;432426;20/07/2009;;;;
15501490;;06/08/2019;;;;
4602489;434499;08/08/2002;;;;
6761828;489021;21/06/2013;;;;
30365219;9133496;24/03/2022;;;;
4601442;9140871;23/07/2012;;;;
18472676;9286150;22/05/2020;;;;
4637912;454793;30/09/2011;;;;
4640412;965502;17/02/2012;;;;
36538660;9243580;06/02/2023;;;;
33719482;;12/09/2022;;;;
17846779;491406;25/03/2020;;;;
18125534;491406;21/04/2020;;;;
17846802;491406;25/03/2020;;;;
4627286;427367;07/03/2008;;;;
11061157;;17/03/2017;;;;
4614896;;13/06/2007;;;;
17888078;9343739;30/03/2020;;;;
19763560;9109837;19/08/2020;;;;
4601439;;23/07/2012;;;;
33287784;9449978;17/08/2022;;;;
44410341;9449979;19/04/2024;;;;
15583779;9528721;19/08/2019;;;;
30276903;9243590;21/03/2022;;;;
36538663;9243590;06/02/2023;;;;
4623227;9217658;30/10/2008;;;;
34113698;9101820;28/09/2022;;;;
42151458;9179269;06/12/2023;;;;
28807459;9133498;06/01/2022;;;;
28807458;9133498;06/01/2022;;;;
22436897;9434297;24/02/2021;;;;
4633301;9345976;20/07/2009;;;;
7515738;751726;19/11/2013;;;;
11744489;461072;17/08/2017;;;;
12357492;461072;06/01/2018;;;;
4633293;486763;20/07/2009;;;;
6305170;8163263;30/04/2013;;;;
4608984;8163263;09/11/2004;;;;
14656082;8163263;24/04/2019;;;;
4604264;489651;26/03/2002;;;;
37990498;;25/04/2023;;;;
19174769;499811;07/07/2020;;;;
16615425;;28/11/2019;;;;
15936117;499811;24/09/2019;;;;
4637283;499811;03/06/2011;;;;
19352033;1577987;22/07/2020;;;;
4603519;463797;28/05/2004;;;;
21866673;;14/01/2021;;;;
21866674;;14/01/2021;;;;
26028578;;28/09/2021;;;;
4609233;460188;17/01/2012;;;;
4601973;547879;15/05/2004;;;;
5410450;426985;10/01/2013;;;;
6281509;426985;25/04/2013;;;;
36852899;426985;21/02/2023;;;;
4631451;416042;24/07/2009;;;;
4630301;416042;27/07/2009;;;;
7680881;491669;08/01/2014;;;;
4601213;436879;19/04/2004;;;;
4607470;427950;17/07/2009;;;;
4627980;427950;16/07/2009;;;;
4632362;422211;22/07/2009;;;;
4614424;470263;31/07/2007;;;;
4631998;434917;02/03/2009;;;;
4616392;434917;09/10/2007;;;;
5620132;478505;06/02/2013;;;;
8411490;478505;17/07/2014;;;;
9110161;478505;27/04/2015;;;;
9868036;1088381;03/08/2009;;;;
4596451;435689;30/01/2001;;;;
4610803;435689;04/02/2010;;;;
4597389;435689;30/01/2001;;;;
5455890;435689;16/01/2013;;;;
18020193;486925;10/04/2020;;;;
4610402;487559;27/01/2006;;;;
4610009;434185;13/09/2005;;;;
4596449;463192;20/08/2002;;;;
5146161;425514;07/12/2012;;;;
4601265;437540;12/04/2002;;;;
7847281;1578935;20/02/2014;;;;
18568084;489913;28/05/2020;;;;
4630673;467180;08/07/2008;;;;
4629147;487785;01/07/2008;;;;
4604335;436653;12/04/2002;;;;
4623981;436653;27/02/2008;;;;
37294499;429865;05/07/2002;;;;
33963313;3507901;28/05/2004;;;;
4621274;582467;28/09/2010;;;;
22988265;582467;02/04/2021;;;;
4611619;431809;06/02/2006;;;;
4611245;431809;06/02/2006;;;;
4611624;431809;06/02/2006;;;;
18273962;431809;06/05/2020;;;;
4611623;431809;06/02/2006;;;;
4611246;431809;06/02/2006;;;;
4611620;431809;06/02/2006;;;;
6855895;467930;28/03/2012;;;;
7164645;435704;31/07/2013;;;;
4629732;439828;13/08/2012;;;;
33995937;439828;23/09/2022;;;;
4632215;8048695;10/04/2009;;;;
4632214;8048695;10/04/2009;;;;
14420849;490651;25/03/2019;;;;
14979942;430256;06/06/2019;;;;
4603957;433702;28/06/2004;;;;
4629853;432909;06/01/2009;;;;
4607395;432909;20/05/2005;;;;
4616390;432909;09/10/2007;;;;
4601711;432909;06/07/2004;;;;
4608362;470060;22/10/2007;;;;
4636100;467178;03/05/2010;;;;
4610787;487171;18/10/2006;;;;
4614802;426856;03/11/2006;;;;
4609567;439451;16/01/2008;;;;
4602432;458100;10/02/2004;;;;
4603617;458100;13/04/2005;;;;
4630201;458100;11/05/2012;;;;
17192048;492591;27/01/2020;;;;
4610847;962939;30/08/2006;;;;
35599860;435867;14/12/2022;;;;
35630514;435867;15/12/2022;;;;
5059737;467186;27/11/2012;;;;
7258769;465124;03/09/2013;;;;
4604945;486054;24/03/2005;;;;
27629858;426414;25/11/2021;;;;
29242657;9340864;28/01/2022;;;;
7683460;435491;09/01/2014;;;;
5853969;435491;11/03/2013;;;;
4636101;463763;03/05/2010;;;;
17392996;405479;13/02/2020;;;;
4635217;1583170;26/01/2011;;;;
33875937;1583170;20/09/2022;;;;
4613406;431337;07/11/2007;;;;
4604643;436561;29/04/2003;;;;
7470305;426607;28/03/2012;;;;
4594709;486784;12/04/2002;;;;
16683608;486784;04/12/2019;;;;
4602560;438903;28/04/2004;;;;
4920225;556200;05/11/2012;;;;
4600013;3311423;04/10/2004;;;;
4595023;488107;12/04/2002;;;;
4595785;489820;15/01/2002;;;;
4611263;435339;10/02/2006;;;;
4604824;435339;15/10/2004;;;;
7340434;436943;27/09/2013;;;;
4597376;436943;04/09/2006;;;;
8506837;425169;21/08/2014;;;;
10839395;450126;03/09/2013;;;;
7264242;8163908;05/09/2013;;;;
18208033;431026;26/11/2019;;;;
4631225;436606;09/04/2009;;;;
4597936;489176;17/04/2012;;;;
4628065;436081;20/03/2008;;;;
8376386;436081;09/06/2008;;;;
4611649;432922;29/03/2007;;;;
4637395;491260;30/11/2010;;;;
22276289;431785;13/02/2021;;;;
10874660;431785;16/05/2013;;;;
15195906;431785;02/07/2019;;;;
15195907;431785;02/07/2019;;;;
4600979;431785;01/03/2005;;;;
4613099;500710;15/05/2006;;;;
4610998;433666;19/10/2006;;;;
4610997;433666;19/10/2006;;;;
4610995;433666;19/10/2006;;;;
8453361;439888;30/07/2014;;;;
34284898;426488;06/10/2022;;;;
4626150;426488;15/03/2010;;;;
14843892;9055097;20/05/2019;;;;
17910131;9420868;31/03/2020;;;;
18384353;9339588;15/05/2020;;;;
4609234;977341;17/01/2012;;;;
4636425;3305346;02/02/2011;;;;
4614966;3305346;21/08/2007;;;;
12373793;8172858;11/01/2018;;;;
12373794;;11/01/2018;;;;
10568049;8172858;14/05/2013;;;;
14862853;9430143;22/05/2019;;;;
18437516;9428864;19/05/2020;;;;
4604424;425910;30/01/2001;;;;
4603113;462461;14/05/2012;;;;
15234291;487529;05/07/2019;;;;
8448625;488608;29/07/2014;;;;
12933220;488608;11/08/2017;;;;
4639360;433868;20/04/2012;;;;
4610629;9525815;21/04/2006;;;;
23346018;9537666;27/04/2021;;;;
34328738;9537666;10/04/2020;;;;
26438817;430930;14/10/2021;;;;
4604730;436439;01/01/2004;;;;
4630359;488088;10/03/2009;;;;
4625508;430935;12/01/2009;;;;
4633073;3193339;08/04/2010;;;;
4594176;486637;19/01/2004;;;;
25887789;9088704;21/09/2021;;;;
9198481;432339;02/07/2015;;;;
4609664;432339;03/01/2008;;;;
8506835;441288;21/08/2014;;;;
4614914;3301500;25/09/2007;;;;
7155106;3301500;29/07/2013;;;;
17304705;9224087;06/02/2020;;;;
4604306;436056;08/01/2010;;;;
4636558;436056;01/04/2011;;;;
4601315;491109;12/09/2007;;;;
17910130;728361;31/03/2020;;;;
7201938;439474;13/08/2013;;;;
4643477;430411;02/02/2012;;;;
4609429;430411;27/05/2005;;;;
4609431;430411;30/05/2005;;;;
6574306;3329660;06/01/2009;;;;
4613533;437225;25/05/2007;;;;
4608786;489563;07/07/2005;;;;
4596863;489563;06/07/2005;;;;
7261331;490357;04/09/2013;;;;
4596755;463082;06/10/2010;;;;
33886177;461201;20/09/2022;;;;
21766833;430054;06/01/2021;;;;
45456418;765479;25/06/2024;;;;
28875298;430111;11/01/2022;;;;
28875301;430111;11/01/2022;;;;
28875300;430111;11/01/2022;;;;
4642556;1613495;09/05/2012;;;;
6475730;1625021;27/05/2013;;;;
4596864;491598;06/07/2005;;;;
4642094;437193;21/05/2012;;;;
4631958;663719;12/03/2012;;;;
4612903;492599;16/03/2012;;;;
4605493;508472;01/03/2006;;;;
6231889;508472;22/04/2013;;;;
4600308;434410;01/01/2002;;;;
17893825;431004;30/03/2020;;;;
4606952;473005;26/01/2007;;;;
16504365;473005;28/04/2004;;;;
4605887;8148224;28/04/2004;;;;
7675122;8148224;07/01/2014;;;;
7428626;436388;28/04/2004;;;;
4626402;490265;14/01/2008;;;;
4610966;469103;14/02/2007;;;;
4601974;430603;15/05/2004;;;;
12141602;456838;10/11/2017;;;;
4641296;433880;29/02/2012;;;;
19707242;501069;14/08/2020;;;;
4599171;431568;30/01/2001;;;;
4640675;463232;03/05/2012;;;;
4626464;463232;11/05/2012;;;;
4614419;490275;31/07/2007;;;;
4638863;433863;05/10/2011;;;;
4609400;503914;14/09/2005;;;;
7847285;440062;20/02/2014;;;;
4605326;432438;30/01/2001;;;;
4607682;977979;17/12/2004;;;;
4632159;977979;23/09/2009;;;;
4611341;977979;15/07/2009;;;;
45817697;490554;17/07/2024;;;;
28816746;;07/01/2022;;;;
8264289;431913;11/06/2014;;;;
17863747;9445508;26/03/2020;;;;
7328556;432181;05/06/2013;;;;
4604878;463261;30/08/2004;;;;
7027409;430729;15/07/2013;;;;
4607948;497768;24/10/2005;;;;
44813859;3432707;15/05/2024;;;;
4605489;3432707;01/03/2006;;;;
4606823;430473;19/01/2005;;;;
4609710;3300549;01/02/2011;;;;
30729383;509038;08/04/2022;;;;
4594520;509038;10/11/2004;;;;
4633072;509038;08/04/2010;;;;
4595929;437034;24/11/2006;;;;
4601977;459791;15/05/2004;;;;
4614454;984069;27/09/2007;;;;
4601700;984069;26/05/2004;;;;
45506663;426772;27/06/2024;;;;
7681507;503837;08/01/2014;;;;
38536417;457540;25/05/2023;;;;
4599293;430884;21/02/2005;;;;
4632769;8175426;23/11/2009;;;;
6757985;8175426;20/06/2013;;;;
4632354;;22/07/2009;;;;
4641490;1557816;21/02/2012;;;;
4607338;;12/10/2005;;;;
4596865;;07/07/2005;;;;
4607892;437883;18/10/2005;;;;
4605288;433112;26/06/2004;;;;
7138147;470504;23/07/2013;;;;
4601071;507193;09/12/2003;;;;
4609787;491563;04/01/2006;;;;
18472677;462897;22/05/2020;;;;
4603031;462897;23/04/2010;;;;
7371778;509046;08/10/2013;;;;
4602849;488261;04/05/2005;;;;
4623893;488261;26/07/2011;;;;
4633818;488261;03/12/2010;;;;
4632204;432908;08/01/2009;;;;
4598363;467928;03/11/2008;;;;
4613845;435706;05/07/2007;;;;
4607572;440211;27/02/2007;;;;
4633201;416045;28/07/2009;;;;
24913382;631399;26/07/2021;;;;
4603223;462168;04/08/2004;;;;
7410145;462168;17/10/2013;;;;
4613092;444380;15/05/2006;;;;
4609843;456711;26/10/2005;;;;
15513953;425673;07/08/2019;;;;
15538593;425673;09/08/2019;;;;
4630891;3300215;23/09/2009;;;;
6689173;3300215;14/06/2013;;;;
22180929;432343;05/02/2021;;;;
22082021;;30/01/2021;;;;
4596741;436831;23/01/2012;;;;
36654818;463403;10/02/2023;;;;
4628936;503655;12/11/2009;;;;
37385390;463996;21/03/2023;;;;
7728037;463996;21/01/2014;;;;
4607104;431572;14/01/2011;;;;
4604069;432345;10/07/2009;;;;
4613103;1528079;16/05/2006;;;;
4608638;489885;20/05/2005;;;;
4601476;427724;21/07/2009;;;;
4631511;427724;27/07/2009;;;;
10718191;8172856;02/01/2017;;;;
4632644;1764223;30/06/2009;;;;
4610374;434645;29/11/2006;;;;
4614881;434645;11/06/2007;;;;
4605049;454134;30/01/2001;;;;
4609961;454134;12/09/2005;;;;
44143777;452038;03/04/2024;;;;
13114581;452038;25/07/2018;;;;
4605266;452038;18/04/2003;;;;
22828261;452038;23/03/2021;;;;
4604748;434640;20/07/2007;;;;
15288132;9226623;11/07/2019;;;;
18161671;977976;24/04/2020;;;;
7437427;977976;25/10/2013;;;;
4627982;979639;16/07/2009;;;;
4639918;1611902;20/02/2012;;;;
4605637;437177;25/10/2004;;;;
4636156;467556;22/12/2010;;;;
4610398;973182;27/01/2006;;;;
38591778;436938;26/05/2023;;;;
22192778;436938;08/02/2021;;;;
4600300;430680;30/01/2001;;;;
4608139;457743;17/11/2005;;;;
11010729;426492;04/07/2013;;;;
8800691;467216;18/11/2014;;;;
4625305;431930;06/01/2009;;;;
17892209;464801;30/03/2020;;;;
4598465;3316857;23/08/2002;;;;
29211618;3316857;27/01/2022;;;;
29211617;3316857;27/01/2022;;;;
22756265;3191095;17/03/2021;;;;
45509232;3191095;27/06/2024;;;;
4627978;432425;16/07/2009;;;;
4601482;432425;21/07/2009;;;;
7373091;467171;08/10/2013;;;;
12933225;432808;05/06/2018;;;;
4603465;462695;20/06/2011;;;;
14233635;3451583;25/02/2019;;;;
29462817;3451583;09/02/2022;;;;
7410146;977347;17/10/2013;;;;
4605811;485955;19/04/2004;;;;
10801646;8162624;15/07/2013;;;;
6699410;429979;17/06/2013;;;;
4607256;507397;21/03/2005;;;;
4614087;441137;21/11/2007;;;;
4605884;430836;28/04/2004;;;;
10879154;425457;07/02/2017;;;;
4603850;509099;18/10/2004;;;;
4633299;492103;20/07/2009;;;;
4594124;471889;09/12/2003;;;;
4627605;435516;20/03/2008;;;;
4605321;452233;30/01/2001;;;;
10959715;439247;27/06/2014;;;;
4923778;496315;05/11/2012;;;;
4595058;496345;02/11/2004;;;;
15955587;496345;25/09/2019;;;;
4995441;496345;19/11/2012;;;;
4625843;430055;25/06/2008;;;;
15515021;;07/08/2019;;;;
4608604;451090;01/09/2010;;;;
4631909;426687;07/05/2009;;;;
4614908;426687;28/09/2007;;;;
4604901;436021;03/08/2009;;;;
6779091;971260;24/06/2013;;;;
34084901;430848;28/09/2022;;;;
16692233;432457;05/12/2019;;;;
4629852;489958;06/01/2009;;;;
11030147;408572;13/03/2017;;;;
4636426;435714;02/02/2011;;;;
4624271;438667;04/06/2008;;;;
4640709;8125500;23/01/2012;;;;
4639664;967118;03/05/2012;;;;
7222945;465344;22/08/2013;;;;
4630498;489799;26/01/2009;;;;
7574977;977989;04/12/2013;;;;
9864673;439650;22/04/2016;;;;
4604913;439650;03/08/2009;;;;
15376033;439249;22/07/2019;;;;
17589202;439249;03/03/2020;;;;
10801717;431412;21/01/2017;;;;
17398792;431412;14/02/2020;;;;
27206513;432437;13/11/2021;;;;
4601547;466925;22/07/2004;;;;
26731003;466925;26/10/2021;;;;
4609746;436420;14/09/2005;;;;
12806732;435484;27/04/2018;;;;
4599676;435484;18/04/2003;;;;
4635299;427329;26/11/2010;;;;
4610630;438281;21/04/2006;;;;
4598981;426800;30/01/2001;;;;
4614426;426800;31/07/2007;;;;
8803537;460314;19/11/2014;;;;
4607867;432427;17/07/2009;;;;
4633209;432427;28/07/2009;;;;
12461174;502359;29/01/2018;;;;
11082262;9067908;22/03/2017;;;;
34542819;467357;06/05/2020;;;;
15580345;9065022;17/08/2019;;;;
15288134;9227587;11/07/2019;;;;
10958426;481066;24/02/2017;;;;
4614662;490499;27/09/2007;;;;
4609794;490499;29/07/2005;;;;
4616395;427011;03/12/2007;;;;
4608200;486122;22/03/2005;;;;
4638157;436378;02/12/2011;;;;
4596416;537960;15/05/2009;;;;
11373458;439875;24/05/2017;;;;
4599094;489787;21/11/2002;;;;
4607375;434606;03/09/2009;;;;
10990478;971261;03/03/2017;;;;
5485331;1577019;01/03/2005;;;;
14842626;9216704;20/05/2019;;;;
4632025;416044;13/03/2012;;;;
19406130;430477;24/07/2020;;;;
5589666;412192;31/01/2013;;;;
7228369;1597498;26/08/2013;;;;
4614834;454789;25/09/2007;;;;
18457666;471335;20/05/2020;;;;
4607377;436874;03/09/2009;;;;
4607461;490600;06/08/2008;;;;
4602594;453450;22/04/2005;;;;
4631007;461242;26/05/2011;;;;
4595988;933163;04/12/2006;;;;
8889410;933163;19/12/2014;;;;
4609170;933163;27/06/2006;;;;
4610655;438170;14/11/2006;;;;
4599075;467358;30/01/2001;;;;
17319074;1582142;07/02/2020;;;;
4603512;430869;19/05/2004;;;;
44101858;435879;29/03/2024;;;;
30323376;472423;23/03/2022;;;;
4608145;472423;17/11/2005;;;;
41621859;439498;07/11/2023;;;;
24877222;430925;23/07/2021;;;;
7329489;3341506;24/09/2013;;;;
4606829;1582458;23/01/2012;;;;
4634983;3315905;05/05/2010;;;;
4625309;489745;06/01/2009;;;;
4602596;436957;22/04/2005;;;;
4604375;439074;08/01/2010;;;;
4622761;426084;09/07/2009;;;;
4614453;432622;26/09/2007;;;;
4608106;436837;23/05/2005;;;;
4610924;3341824;09/08/2010;;;;
8095377;439471;18/04/2014;;;;
4594722;435078;15/11/2002;;;;
4606008;438291;15/02/2006;;;;
30753068;438291;24/05/2004;;;;
4622662;3306949;03/02/2011;;;;
4610680;474599;06/08/2009;;;;
4610015;429642;21/10/2004;;;;
23331968;9416064;27/04/2021;;;;
4601644;435550;24/05/2004;;;;
35875939;457741;29/12/2022;;;;
4608144;457741;17/11/2005;;;;
19888701;1580868;28/08/2020;;;;
22436579;1580868;24/02/2021;;;;
4634289;431637;16/02/2010;;;;
4614148;435826;16/10/2007;;;;
4607767;489268;08/01/2010;;;;
16697321;9113018;05/12/2019;;;;
34098337;9216383;28/09/2022;;;;
14842914;9216383;20/05/2019;;;;
4596536;430286;23/08/2002;;;;
36786020;9253178;16/02/2023;;;;
4597615;438104;18/10/2004;;;;
4613112;439867;16/05/2006;;;;
7557331;428277;29/11/2013;;;;
31969700;436852;07/06/2022;;;;
4608270;500002;17/09/2007;;;;
4597580;474577;10/04/2002;;;;
4594705;474577;10/04/2002;;;;
6936867;3375421;08/07/2013;;;;
4608395;440714;13/07/2004;;;;
24196596;;16/06/2021;;;;
4599220;435312;11/02/2005;;;;
17389476;435312;13/02/2020;;;;
4632364;422210;22/07/2009;;;;
4601470;422210;21/07/2009;;;;
26204273;;06/10/2021;;;;
6689170;1580860;14/06/2013;;;;
18437512;9432700;19/05/2020;;;;
7531746;430071;22/11/2013;;;;
17389473;9337017;13/02/2020;;;;
17910134;9231756;31/03/2020;;;;
4920226;469002;05/11/2012;;;;
15232371;9093830;05/07/2019;;;;
32116906;9429829;15/06/2022;;;;
15570347;9074950;16/08/2019;;;;
4619113;489792;04/01/2008;;;;
4845971;508055;22/10/2012;;;;
33186339;9449983;09/08/2022;;;;
45605219;9449983;03/07/2024;;;;
4607251;434813;21/03/2005;;;;
16550130;;22/11/2019;;;;
22184162;;06/02/2021;;;;
7263889;1271744;04/09/2013;;;;
4635795;460837;02/08/2012;;;;
4611516;432436;03/11/2006;;;;
15491559;426201;05/08/2019;;;;
15505320;426201;06/08/2019;;;;
7255906;8162946;03/09/2013;;;;
4631452;427617;24/07/2009;;;;
4616241;429251;06/03/2009;;;;
4642537;492573;09/03/2012;;;;
6365015;8172220;14/05/2013;;;;
6338179;8172220;07/05/2013;;;;
6338178;8172220;07/05/2013;;;;
41621857;439337;27/08/2018;;;;
16337123;439337;04/11/2019;;;;
4607259;439337;20/03/2007;;;;
4597438;490196;30/01/2001;;;;
10801873;1581178;03/01/2013;;;;
4631010;431808;26/05/2011;;;;
4611621;431808;06/02/2006;;;;
16616369;496624;28/11/2019;;;;
7617524;420448;16/12/2013;;;;
4611515;433667;03/11/2006;;;;
4602563;433667;28/04/2004;;;;
4611514;433667;03/11/2006;;;;
4613108;491108;16/05/2006;;;;
6332722;1134138;07/05/2013;;;;
6332721;1134138;07/05/2013;;;;
4614421;436020;31/07/2007;;;;
36650669;472066;10/02/2023;;;;
6300054;465336;30/04/2013;;;;
4607559;436587;17/07/2009;;;;
17821153;8159741;23/03/2020;;;;
4631505;427949;24/07/2009;;;;
4603654;457553;21/09/2004;;;;
8872963;457553;12/12/2014;;;;
30042990;430937;09/03/2022;;;;
15388554;439447;24/07/2019;;;;
11047094;437773;15/03/2017;;;;
4606022;3322936;19/08/2010;;;;
11021493;8175430;09/03/2017;;;;
4632271;432429;22/07/2009;;;;
4609167;432429;27/06/2006;;;;
4627687;935741;04/01/2010;;;;
44712417;440513;07/05/2024;;;;
4632885;461004;16/12/2011;;;;
7428631;931568;23/10/2013;;;;
26732296;426981;26/10/2021;;;;
4607221;432888;21/03/2005;;;;
24913385;426615;26/07/2021;;;;
43805235;9141817;22/09/2022;;;;
4607224;436716;03/10/2005;;;;
28685858;436716;30/12/2021;;;;
4594861;506919;19/07/2012;;;;
4594863;506919;19/07/2012;;;;
4609231;723563;17/01/2012;;;;
4632341;1582135;15/12/2011;;;;
7049814;978935;16/07/2013;;;;
7340435;977988;27/09/2013;;;;
4631818;3406469;08/04/2009;;;;
11322898;503844;14/05/2017;;;;
4641126;436903;27/04/2012;;;;
22876275;;25/03/2021;;;;
21957540;8182777;21/01/2021;;;;
17859877;489528;26/03/2020;;;;
28951779;1503107;21/07/2021;;;;
8236129;496454;03/06/2014;;;;
14862852;9434295;22/05/2019;;;;
22466977;9434295;26/02/2021;;;;
4611751;973185;16/11/2006;;;;
42665733;428485;30/12/2023;;;;
4633191;492104;28/07/2009;;;;
4601473;455234;21/07/2009;;;;
4632104;427618;17/07/2009;;;;
4596046;582469;30/01/2001;;;;
42169377;582469;07/12/2023;;;;
7953222;582469;17/03/2014;;;;
17910132;9422783;31/03/2020;;;;
15509477;626292;06/08/2019;;;;
5620129;410084;06/02/2013;;;;
4610332;474814;20/04/2012;;;;
19501186;9086782;30/07/2020;;;;
12723411;463783;06/04/2018;;;;
20288482;9280378;23/09/2020;;;;
17863750;9440697;26/03/2020;;;;
34501568;9407420;14/02/2020;;;;
4597065;491855;26/09/2006;;;;
4614149;435822;16/10/2007;;;;
4609280;556199;18/01/2006;;;;
36786022;9253176;16/02/2023;;;;
16692234;9103416;05/12/2019;;;;
15505319;;06/08/2019;;;;
15491566;489798;05/08/2019;;;;
14838558;9178298;20/05/2019;;;;
4634212;467532;27/12/2011;;;;
22866674;9139589;25/03/2021;;;;
4637502;;25/01/2011;;;;
22180930;9110137;05/02/2021;;;;
17192047;9292861;27/01/2020;;;;
20292578;9280065;24/09/2020;;;;
23551777;9252221;10/05/2021;;;;
17404849;9409335;14/02/2020;;;;
22457380;9425022;25/02/2021;;;;
17910135;9231748;31/03/2020;;;;
17859876;9266006;26/03/2020;;;;
25469860;9133497;06/12/2019;;;;
32649377;9453175;20/04/2022;;;;
4634821;431256;10/02/2011;;;;
18457667;9453817;20/05/2020;;;;
17296745;9146943;06/02/2020;;;;
22910501;;26/03/2021;;;;
45605220;9254143;03/07/2024;;;;
4607228;491515;03/10/2005;;;;
12487058;424957;05/02/2018;;;;
4632274;427218;22/07/2009;;;;
4632278;427094;22/07/2009;;;;
4615798;434820;30/11/2010;;;;
4617119;434820;22/04/2009;;;;
4615495;436773;13/10/2010;;;;
10780980;728680;31/05/2013;;;;
15496404;;05/08/2019;;;;
12418943;;20/01/2018;;;;
15246116;;08/07/2019;;;;
19406129;9125179;24/07/2020;;;;
32314337;9133180;24/06/2022;;;;
4635227;467924;26/01/2011;;;;
4640410;965502;17/02/2012;;;;
44566177;;29/04/2024;;;;
22276292;9434301;13/02/2021;;;;
6709650;491406;17/06/2013;;;;
17846781;491406;25/03/2020;;;;
15860545;472175;17/09/2019;;;;
4632351;434605;22/07/2009;;;;
4614897;;13/06/2007;;;;
6694929;496623;17/06/2013;;;;
30342500;9137340;23/03/2022;;;;
30342499;9137662;23/03/2022;;;;
7335617;9140546;26/09/2013;;;;
4634673;9140546;26/01/2011;;;;
17569969;9345975;28/02/2020;;;;
36641702;9254138;09/02/2023;;;;
17229476;9209976;30/01/2020;;;;
29205858;9350467;27/01/2022;;;;
16653173;9367099;02/12/2019;;;;
28922978;9133181;12/01/2022;;;;
15476212;9528721;01/08/2019;;;;
15513965;;07/08/2019;;;;
19707243;9269816;14/08/2020;;;;
36669543;9446469;10/02/2023;;;;
33048739;9132869;03/08/2022;;;;
4608607;9365499;06/09/2010;;;;
42151459;9179269;06/12/2023;;;;
22326180;9434297;17/02/2021;;;;
8357059;;02/07/2014;;;;
8356089;;02/07/2014;;;;
36374500;9449977;27/01/2023;;;;
4607376;9186617;03/09/2009;;;;
17394611;9186627;13/02/2020;;;;
36975777;;28/02/2023;;;;
4601963;487172;20/08/2002;;;;
4609007;494368;02/03/2007;;;;
4597529;438287;09/06/2004;;;;
8356090;;02/07/2014;;;;
4633195;478494;28/07/2009;;;;
4598060;434413;05/06/2004;;;;
4603520;463973;28/05/2004;;;;
4613421;8163263;26/11/2007;;;;
4631630;610600;20/08/2009;;;;
4631509;465317;27/07/2009;;;;
4632356;499811;22/07/2009;;;;
16615426;;28/11/2019;;;;
28632113;499811;28/12/2021;;;;
21662194;;28/12/2020;;;;
19865333;;26/08/2020;;;;
19898274;;28/08/2020;;;;
29154349;448705;26/01/2022;;;;
25063177;426985;03/08/2021;;;;
5410449;426985;10/01/2013;;;;
4632565;426985;28/09/2009;;;;
13451247;428719;11/10/2018;;;;
7682849;426659;08/01/2014;;;;
14925490;426659;29/05/2019;;;;
7735953;;22/01/2014;;;;
21349233;454946;04/12/2020;;;;
8411489;478505;17/07/2014;;;;
4606183;478505;26/08/2004;;;;
4611938;435689;20/07/2006;;;;
5760529;653809;26/02/2013;;;;
34403298;487559;13/10/2022;;;;
4602992;434185;03/07/2004;;;;
4838002;434185;19/10/2012;;;;
4604646;434185;01/01/2004;;;;
4602401;492341;01/01/2002;;;;
6293650;971266;12/06/2009;;;;
19302129;971266;17/07/2020;;;;
4642226;428295;24/04/2012;;;;
4611099;429639;05/10/2011;;;;
4637953;421547;01/12/2011;;;;
4605867;433899;01/01/2002;;;;
4631830;486121;24/11/2009;;;;
4606740;1578935;25/05/2005;;;;
4640492;435513;19/03/2012;;;;
4609792;432370;29/07/2005;;;;
4597879;489913;15/12/2009;;;;
7534002;489913;25/11/2013;;;;
4608067;470702;21/04/2008;;;;
4604132;470702;01/01/2002;;;;
4603092;8179257;24/05/2004;;;;
7735603;429865;22/01/2014;;;;
36975780;431378;28/02/2023;;;;
4619981;435904;29/07/2011;;;;
4604530;434619;22/11/2005;;;;
4606443;434619;09/12/2005;;;;
11115593;431809;29/03/2017;;;;
4611625;431809;06/02/2006;;;;
4611618;431809;06/02/2006;;;;
11655154;431809;28/07/2017;;;;
4609697;489579;04/02/2008;;;;
6864210;439828;01/07/2013;;;;
23196593;425903;19/04/2021;;;;
7340098;1289983;27/09/2013;;;;
4594966;436756;12/04/2002;;;;
4624047;434374;05/04/2011;;;;
20239427;430256;21/09/2020;;;;
4638613;467178;25/03/2011;;;;
4601914;487171;27/01/2003;;;;
4634015;488938;15/03/2010;;;;
4604032;436169;20/09/2004;;;;
17229475;503517;30/01/2020;;;;
4631501;436771;24/07/2009;;;;
4632098;436771;17/07/2009;;;;
4594597;440933;25/08/2004;;;;
8872018;493687;12/12/2014;;;;
8945329;429024;26/01/2015;;;;
4636436;435013;18/05/2011;;;;
15501491;426414;06/08/2019;;;;
15459278;426414;31/07/2019;;;;
24388900;426414;25/06/2021;;;;
22543218;426414;03/03/2021;;;;
4605046;427009;30/01/2001;;;;
8747524;486771;20/03/2008;;;;
4611518;486771;03/11/2006;;;;
15491555;486771;05/08/2019;;;;
4624006;435491;18/05/2011;;;;
4605855;438869;21/10/2003;;;;
4599291;465346;21/02/2005;;;;
35077537;465346;22/11/2022;;;;
7284516;505278;23/12/2009;;;;
4605078;430521;01/01/2002;;;;
4608993;556200;25/11/2004;;;;
4642538;425516;09/03/2012;;;;
20144689;425516;15/09/2020;;;;
4597826;425516;09/12/2009;;;;
4600015;3311423;04/10/2004;;;;
6007249;498839;01/01/2004;;;;
4598936;498839;02/05/2003;;;;
18799731;504530;12/06/2020;;;;
4603616;435339;13/04/2005;;;;
7164641;436943;31/07/2013;;;;
5732690;436943;22/04/2005;;;;
4612117;461365;12/07/2007;;;;
4639026;426275;17/11/2011;;;;
4620099;426275;28/07/2010;;;;
10839397;450126;30/01/2017;;;;
4625505;440209;12/01/2009;;;;
4636908;432922;05/05/2010;;;;
4614807;431785;03/11/2006;;;;
4613093;500710;15/05/2006;;;;
4609712;9055097;01/02/2011;;;;
17300839;9055097;06/02/2020;;;;
4607292;488662;08/12/2009;;;;
4594723;3305346;15/11/2002;;;;
4598854;3305346;09/12/2003;;;;
4636423;3305346;02/02/2011;;;;
12382422;8172858;13/01/2018;;;;
11047093;1578944;17/08/2015;;;;
10958278;1578944;24/02/2017;;;;
4614078;488655;25/10/2007;;;;
4632995;507904;12/12/2011;;;;
4627698;507904;18/07/2008;;;;
4630356;433722;10/03/2009;;;;
18291876;8787906;07/05/2020;;;;
4599973;430933;30/01/2001;;;;
4597064;487529;26/09/2006;;;;
19123890;488608;03/07/2020;;;;
4602330;488608;23/08/2002;;;;
4611453;463954;21/11/2006;;;;
4607754;507158;21/03/2005;;;;
7310820;488563;18/09/2013;;;;
4604350;488563;15/07/2004;;;;
16119090;433868;11/10/2019;;;;
4641590;430930;18/01/2012;;;;
4608134;441105;16/11/2005;;;;
4609696;432339;04/02/2008;;;;
33200115;430077;10/08/2022;;;;
8648274;984059;02/10/2014;;;;
4612047;3301500;04/06/2007;;;;
4640876;426282;15/02/2012;;;;
4608256;436056;14/11/2005;;;;
4607741;467169;21/03/2005;;;;
4597680;438737;20/10/2004;;;;
4606455;491109;26/06/2004;;;;
16844241;430411;19/12/2019;;;;
8787957;430411;14/11/2014;;;;
4613534;437225;25/05/2007;;;;
4613532;437225;25/05/2007;;;;
4615010;937326;12/11/2007;;;;
8437155;937326;24/07/2014;;;;
4615275;937326;24/07/2007;;;;
11030145;490357;18/04/2013;;;;
4638166;653799;06/05/2011;;;;
7929570;653799;11/03/2014;;;;
4639418;430054;17/02/2012;;;;
38688746;765479;31/05/2023;;;;
10896341;1625021;31/05/2013;;;;
4609237;485297;17/01/2012;;;;
4602987;432098;02/07/2004;;;;
4615271;432098;23/07/2007;;;;
4615273;432098;23/07/2007;;;;
4596862;491598;06/07/2005;;;;
4609279;491598;18/01/2006;;;;
28049071;425167;08/12/2021;;;;
4609485;436785;27/12/2007;;;;
4609146;934820;19/08/2005;;;;
4603856;934820;19/10/2004;;;;
4628031;426990;09/06/2008;;;;
4628032;426990;09/06/2008;;;;
43805218;492599;26/09/2022;;;;
28922977;441251;12/01/2022;;;;
16702825;441251;06/12/2019;;;;
6581985;434410;05/06/2013;;;;
8240593;434410;04/06/2014;;;;
34547298;431004;04/05/2006;;;;
19830755;8148224;24/08/2020;;;;
22896737;8148224;26/03/2021;;;;
7505873;8148224;18/11/2013;;;;
4600981;469103;01/03/2005;;;;
29197860;469103;27/01/2022;;;;
8900817;463232;05/01/2015;;;;
11546290;463232;06/07/2017;;;;
4620040;463232;17/05/2010;;;;
4608916;490275;30/06/2005;;;;
7546454;490275;27/11/2013;;;;
8570817;432438;10/09/2014;;;;
4610992;426992;19/10/2006;;;;
7264245;8163906;05/09/2013;;;;
11116012;8163267;29/03/2017;;;;
11116010;8163267;05/06/2014;;;;
4605106;431082;01/01/2002;;;;
32649068;436854;11/07/2022;;;;
4613984;471816;06/11/2007;;;;
26631467;464001;22/10/2021;;;;
4614150;430729;16/10/2007;;;;
4608637;430729;20/05/2005;;;;
4606567;439310;11/12/2003;;;;
4610223;430473;02/04/2010;;;;
4624840;429836;19/01/2010;;;;
4594518;509038;10/11/2004;;;;
4629728;426843;13/08/2012;;;;
22081713;425698;30/01/2021;;;;
32190177;459791;17/06/2022;;;;
22512428;516154;02/03/2021;;;;
4607189;504016;22/02/2005;;;;
11108697;984069;10/01/2014;;;;
34023457;984069;26/09/2022;;;;
7353537;931254;02/10/2013;;;;
4602172;440213;09/10/2002;;;;
4600513;440213;11/12/2003;;;;
4617116;440213;05/09/2011;;;;
4599062;449188;21/10/2002;;;;
4613549;449188;30/08/2007;;;;
4617839;503837;12/04/2012;;;;
4608591;503837;16/01/2006;;;;
4608502;503837;17/01/2006;;;;
4627547;502596;02/07/2008;;;;
19536102;430884;03/08/2020;;;;
7786149;434290;05/02/2014;;;;
17404854;437883;14/02/2020;;;;
4594517;507193;10/11/2004;;;;
6300053;507193;30/04/2013;;;;
4627252;507193;18/08/2008;;;;
7531748;491563;22/11/2013;;;;
4642931;462897;11/07/2012;;;;
4612448;436034;14/03/2006;;;;
38845225;432202;24/06/2005;;;;
4596861;492044;06/07/2005;;;;
4612699;467928;08/06/2007;;;;
17296746;9159737;06/02/2020;;;;
10933465;434833;20/02/2017;;;;
10933464;434833;18/03/2013;;;;
4633402;435706;24/07/2009;;;;
4633200;416045;28/07/2009;;;;
4620749;631399;23/04/2009;;;;
19349270;462168;21/07/2020;;;;
5194483;430671;13/12/2012;;;;
4605757;488154;23/01/2007;;;;
4603694;471810;27/09/2004;;;;
15502792;425673;06/08/2019;;;;
15562595;;14/08/2019;;;;
15501495;;06/08/2019;;;;
9959497;635589;01/06/2016;;;;
4604216;635589;08/04/2002;;;;
4603875;463757;03/05/2004;;;;
22085858;432343;31/01/2021;;;;
4603708;436831;15/05/2004;;;;
7575346;503655;04/12/2013;;;;
6109652;503655;16/01/2006;;;;
4625302;454460;06/01/2009;;;;
17044866;463996;30/11/2019;;;;
4600898;463996;30/01/2001;;;;
37097699;463996;07/03/2023;;;;
4603587;486866;19/07/2004;;;;
12795569;8145979;01/01/2002;;;;
4634255;431572;04/05/2010;;;;
4602677;507205;23/11/2004;;;;
4599976;507205;13/11/2002;;;;
19839393;504542;25/08/2020;;;;
4601477;427724;21/07/2009;;;;
4633305;427724;20/07/2009;;;;
4633300;486766;20/07/2009;;;;
22827617;434645;22/03/2021;;;;
4614886;434645;11/06/2007;;;;
7224209;3321987;23/08/2013;;;;
4623056;643247;24/01/2008;;;;
4609045;434640;18/08/2011;;;;
11062486;8175425;29/10/2013;;;;
7147426;8175425;25/07/2013;;;;
4608505;432794;17/01/2006;;;;
13964886;489523;10/01/2019;;;;
17373798;474604;12/02/2020;;;;
4611049;440078;13/03/2006;;;;
4635706;659888;13/02/2012;;;;
4615481;436938;07/10/2010;;;;
4596869;436938;07/07/2005;;;;
10870104;1203911;06/02/2017;;;;
4634400;3316857;06/05/2010;;;;
4634497;3316857;06/05/2010;;;;
36333549;436829;27/01/2023;;;;
7462305;499991;31/10/2013;;;;
33719137;434720;12/09/2022;;;;
6375268;455812;15/05/2013;;;;
4627979;432425;16/07/2009;;;;
8144625;433115;06/05/2014;;;;
5066788;3451583;28/11/2012;;;;
7033170;8162624;15/07/2013;;;;
4604876;429979;26/08/2004;;;;
4607252;507397;21/03/2005;;;;
4599684;431373;28/10/2003;;;;
4634531;507984;23/11/2010;;;;
5913809;427938;18/03/2013;;;;
4613091;444204;12/05/2006;;;;
4594356;430836;28/04/2004;;;;
4605889;430836;28/04/2004;;;;
7249489;415820;30/08/2013;;;;
4610873;486213;31/01/2006;;;;
11106580;492103;29/01/2014;;;;
18994274;471889;25/06/2020;;;;
19363253;471889;09/08/2010;;;;
4627804;488971;29/08/2012;;;;
4642442;658285;09/02/2012;;;;
4628027;435516;09/06/2008;;;;
4600982;426299;01/03/2005;;;;
4604349;438581;15/07/2004;;;;
4607289;441318;08/12/2009;;;;
4622887;431564;29/09/2010;;;;
4604907;932522;03/08/2009;;;;
4599978;496345;09/10/2002;;;;
4606367;496345;06/07/2012;;;;
4625499;430055;24/06/2008;;;;
8464287;425835;05/08/2014;;;;
4595346;425714;30/01/2001;;;;
4594255;468883;17/11/2011;;;;
5747445;468883;17/11/2011;;;;
4604904;436021;03/08/2009;;;;
11609619;439065;20/07/2017;;;;
4614090;438326;21/11/2007;;;;
31030177;485781;25/04/2022;;;;
4639643;438664;01/03/2012;;;;
7259815;967118;04/09/2013;;;;
4594126;486264;09/12/2003;;;;
34210338;465344;30/09/2022;;;;
4637461;3402297;12/07/2010;;;;
12418944;8172226;20/01/2018;;;;
7147283;8171578;25/07/2013;;;;
4604269;437513;30/01/2001;;;;
4622940;424454;10/01/2008;;;;
4606111;431212;17/11/2005;;;;
4606112;431212;17/11/2005;;;;
7786145;;05/02/2014;;;;
4601124;437003;30/07/2008;;;;
4637222;433342;15/03/2011;;;;
4597090;437672;26/09/2006;;;;
4603213;437672;26/07/2004;;;;
4614715;434446;03/11/2006;;;;
4631942;426585;12/06/2009;;;;
31730353;466925;24/05/2022;;;;
5066787;466925;28/11/2012;;;;
22726549;435484;15/03/2021;;;;
4633203;427329;28/07/2009;;;;
4633207;427329;28/07/2009;;;;
8236130;427355;03/06/2014;;;;
4603245;487533;11/12/2003;;;;
4614638;490266;26/03/2007;;;;
7304241;659882;17/09/2013;;;;
4600230;487594;30/11/2006;;;;
4635522;438654;22/12/2010;;;;
16582435;488357;26/11/2019;;;;
10896343;481066;10/02/2017;;;;
4614455;427011;27/09/2007;;;;
17846803;426612;25/03/2020;;;;
15530627;426612;09/08/2019;;;;
7681510;491908;08/01/2014;;;;
4608586;491908;16/01/2006;;;;
4613979;462876;06/11/2007;;;;
25543779;;02/09/2021;;;;
44062177;;28/03/2024;;;;
18390138;430297;15/05/2020;;;;
15928689;437506;23/09/2019;;;;
8180225;1577019;19/05/2014;;;;
4633292;416044;20/07/2009;;;;
5802770;412192;04/03/2013;;;;
8061443;419042;10/04/2014;;;;
22216097;437493;09/02/2021;;;;
16653176;437493;02/12/2019;;;;
16653169;437493;02/12/2019;;;;
25365868;432428;24/08/2021;;;;
8846178;436874;22/05/2014;;;;
8198422;436874;22/05/2014;;;;
4610884;490600;01/07/2008;;;;
4603865;430657;01/12/2006;;;;
4636778;8139897;18/11/2010;;;;
4610140;438170;14/11/2006;;;;
4638827;1582142;29/12/2011;;;;
4597578;428720;26/03/2002;;;;
10959716;472047;24/02/2017;;;;
4640007;1614464;15/02/2012;;;;
32215137;463078;04/12/2019;;;;
6189985;1625656;22/02/2013;;;;
5501346;1625656;17/11/2011;;;;
4641921;3223442;18/05/2012;;;;
4608379;3477505;09/12/2004;;;;
4606945;439498;08/04/2005;;;;
4619843;430925;22/07/2010;;;;
4608156;550119;15/12/2005;;;;
4610276;550119;20/02/2007;;;;
10934469;439331;11/09/2013;;;;
4611157;427217;16/02/2007;;;;
8564177;425650;09/09/2014;;;;
4634670;432175;26/01/2011;;;;
4641127;436957;27/04/2012;;;;
4603277;497976;01/01/2002;;;;
4594128;429449;19/01/2004;;;;
7295250;431364;13/09/2013;;;;
4631469;437633;09/04/2009;;;;
4608641;436837;23/05/2005;;;;
7443730;752679;28/10/2013;;;;
7443731;752679;28/10/2013;;;;
4602025;435078;15/11/2002;;;;
8180226;447641;19/05/2014;;;;
4613101;431196;15/05/2006;;;;
16683606;9097347;04/12/2019;;;;
4640470;474599;31/01/2012;;;;
4597457;474599;05/09/2006;;;;
29144429;457741;26/01/2022;;;;
21878833;1580868;14/01/2021;;;;
25989233;;27/09/2021;;;;
19888676;1580868;28/08/2020;;;;
22997875;1580868;02/04/2021;;;;
19898278;1580868;28/08/2020;;;;
22997874;1580868;02/04/2021;;;;
8636452;3242301;30/09/2014;;;;
4620874;431637;10/09/2010;;;;
8716753;982459;23/10/2014;;;;
4632255;478497;22/07/2009;;;;
4635224;491779;26/01/2011;;;;
4606113;457931;17/11/2005;;;;
24552739;;02/07/2021;;;;
14842913;9216383;20/05/2019;;;;
4617114;492574;22/04/2009;;;;
4599709;462704;20/06/2002;;;;
19830757;438104;24/08/2020;;;;
22815207;3321661;22/03/2021;;;;
36843303;436852;21/02/2023;;;;
8800692;467181;18/11/2014;;;;
4642622;467181;09/02/2012;;;;
7259813;515836;04/09/2013;;;;
4596417;474577;15/05/2009;;;;
5066786;;28/11/2012;;;;
32158817;436625;16/06/2022;;;;
4624212;3375421;26/08/2010;;;;
4603706;932842;15/05/2004;;;;
25545066;;02/09/2021;;;;
4634287;494546;16/02/2010;;;;
4631512;422210;27/07/2009;;;;
4601471;422210;21/07/2009;;;;
4613779;432813;22/10/2007;;;;
21937727;;20/01/2021;;;;
22436578;1580860;24/02/2021;;;;
29268897;9366466;31/01/2022;;;;
16545663;;21/11/2019;;;;
4613102;460837;15/05/2006;;;;
4609790;3337670;04/01/2006;;;;
22828260;496343;23/03/2021;;;;
7428629;931566;23/10/2013;;;;
4608595;429251;17/01/2006;;;;
7350929;429251;01/10/2013;;;;
4608147;407215;17/11/2005;;;;
4613109;440917;16/05/2006;;;;
4599221;434659;11/02/2005;;;;
5873490;437480;13/03/2013;;;;
9431602;1605175;12/11/2015;;;;
4613971;3287425;03/12/2007;;;;
4624051;472374;05/04/2011;;;;
11097619;977990;15/01/2014;;;;
7309943;974785;18/09/2013;;;;
4608503;431808;17/01/2006;;;;
16893521;496624;24/12/2019;;;;
5811426;509643;05/03/2013;;;;
15515348;;07/08/2019;;;;
4613097;471205;15/05/2006;;;;
6284692;435843;26/04/2013;;;;
6291729;1577655;29/04/2013;;;;
15004837;436020;21/05/2004;;;;
4641081;786291;15/02/2012;;;;
5935889;786291;15/02/2012;;;;
4611424;431464;20/07/2006;;;;
4627839;435697;18/11/2008;;;;
4640805;461031;13/04/2012;;;;
6423890;508238;22/05/2013;;;;
6004374;508238;28/03/2013;;;;
10780987;8174135;07/06/2013;;;;
4609872;424950;05/10/2005;;;;
4609921;507105;28/12/2005;;;;
4630617;439864;03/06/2009;;;;
5209489;436011;14/12/2012;;;;
4603682;489071;27/09/2004;;;;
4601467;427949;21/07/2009;;;;
4594839;457553;10/10/2002;;;;
7286610;437321;11/09/2013;;;;
4622615;437321;07/07/2009;;;;
7286609;437321;11/09/2013;;;;
12368721;694462;10/01/2018;;;;
4635940;429476;02/12/2010;;;;
4595269;436971;06/02/2003;;;;
11548179;8175424;06/07/2017;;;;
4602685;499321;25/11/2011;;;;
4612893;3291257;17/09/2007;;;;
6007253;412398;28/03/2013;;;;
4627618;935741;29/12/2009;;;;
8616290;3290623;24/09/2014;;;;
10939439;1289981;21/02/2017;;;;
25738977;9206457;05/07/2019;;;;
6422305;465175;21/05/2013;;;;
16714595;463025;07/12/2019;;;;
35630513;436240;15/12/2022;;;;
4607748;463982;21/03/2005;;;;
22081718;428291;15/09/2020;;;;
6365012;8172224;14/05/2013;;;;
4640614;465343;24/04/2012;;;;
7310819;975449;18/09/2013;;;;
11656072;507202;28/07/2017;;;;
5502933;484411;22/01/2013;;;;
4732369;506919;03/10/2012;;;;
4626116;751724;13/06/2012;;;;
17194946;9214139;27/01/2020;;;;
22276291;9436217;13/02/2021;;;;
7166343;425904;31/07/2013;;;;
10909809;434654;11/09/2013;;;;
4623925;468942;19/07/2012;;;;
4604763;471876;09/11/2004;;;;
4635561;434924;29/09/2010;;;;
21957539;8182777;21/01/2021;;;;
16813185;425497;17/12/2019;;;;
8737541;437486;29/10/2014;;;;
5659105;432189;11/02/2013;;;;
6043745;480895;03/04/2013;;;;
4606553;973185;14/12/2004;;;;
4606552;973185;14/12/2004;;;;
22560425;9434307;04/03/2021;;;;
4605890;430834;28/04/2004;;;;
4603707;486248;15/05/2004;;;;
4630966;492104;27/07/2009;;;;
4634193;491341;06/12/2011;;;;
4609817;491341;04/01/2006;;;;
7695937;490928;13/01/2014;;;;
4642581;967113;31/01/2012;;;;
4630960;455234;27/07/2009;;;;
4609550;496521;03/01/2008;;;;
11656074;435136;28/07/2017;;;;
4612449;582469;14/03/2006;;;;
4638558;;12/10/2011;;;;
11617303;429415;21/07/2017;;;;
24860898;3323575;22/07/2021;;;;
6043750;410084;03/04/2013;;;;
4610986;474814;06/10/2009;;;;
4612710;3640070;25/10/2007;;;;
4600978;497616;01/03/2005;;;;
4599064;457402;30/01/2001;;;;
4601479;422209;21/07/2009;;;;
25240102;9367102;16/08/2021;;;;
20288481;9280400;23/09/2020;;;;
16697320;9102469;05/12/2019;;;;
34037538;9145662;26/09/2022;;;;
4632635;9299584;10/12/2009;;;;
6173650;631411;16/04/2013;;;;
17910133;9422788;31/03/2020;;;;
32192417;9103416;17/06/2022;;;;
4632269;436772;22/07/2009;;;;
17328050;9118468;07/02/2020;;;;
17213155;9270216;29/01/2020;;;;
29162674;9133497;25/01/2022;;;;
8330536;9453175;25/06/2014;;;;
36870177;9446470;22/02/2023;;;;
17812835;431256;23/03/2020;;;;
4614912;489547;25/09/2007;;;;
15936113;9354630;24/09/2019;;;;
36352427;9254143;26/01/2023;;;;
36626660;472073;09/02/2023;;;;
4632118;427094;17/07/2009;;;;
14412514;434820;22/03/2019;;;;
4637994;473480;01/12/2011;;;;
4632367;436773;22/07/2009;;;;
4630962;436773;27/07/2009;;;;
15501489;;06/08/2019;;;;
6375266;434499;15/05/2013;;;;
16683275;486461;04/12/2019;;;;
4633193;763881;28/07/2009;;;;
28883300;9133496;12/01/2022;;;;
4630890;454482;23/09/2009;;;;
22554069;9365510;04/03/2021;;;;
16683618;9446466;04/12/2019;;;;
18291875;9109834;07/05/2020;;;;
11003603;791740;06/03/2017;;;;
36892578;;23/02/2023;;;;
35480745;;08/12/2022;;;;
33199461;;10/08/2022;;;;
17846780;491406;25/03/2020;;;;
4617342;491406;01/06/2011;;;;
4605847;491406;26/09/2005;;;;
4631456;434605;24/07/2009;;;;
19763559;9109840;19/08/2020;;;;
33186027;9137662;10/08/2022;;;;
17888079;9340224;30/03/2020;;;;
16307923;9415419;25/09/2019;;;;
36746977;9449978;15/02/2023;;;;
28807457;9133175;06/01/2022;;;;
28828900;9350467;07/01/2022;;;;
28828901;9350467;07/01/2022;;;;
4614587;9315261;13/03/2007;;;;
22606839;9434304;08/03/2021;;;;
23443938;9528721;03/05/2021;;;;
36672755;9243590;11/02/2023;;;;
29172897;9131909;26/01/2022;;;;
36521060;;03/02/2023;;;;
45460897;;25/06/2024;;;;
22560423;9430139;04/03/2021;;;;
26141858;9243295;03/10/2021;;;;
22560422;9429820;04/03/2021;;;;
36824420;;20/02/2023;;;;
24366177;9047736;24/06/2021;;;;
4610623;9345976;03/09/2009;;;;
40107044;9101187;08/08/2023;;;;
22774511;9436224;18/03/2021;;;;
36374499;9449977;27/01/2023;;;;
27779938;9115901;30/11/2021;;;;
28182187;;13/12/2021;;;;
15492225;;05/08/2019;;;;
15509475;;06/08/2019;;;;
22866673;;25/03/2021;;;;
22844905;;24/03/2021;;;;
22844906;;24/03/2021;;;;
22624145;;09/03/2021;;;;
4633316;487172;20/07/2009;;;;
4605441;494368;31/08/2004;;;;
20323602;494368;25/09/2020;;;;
8875907;;15/12/2014;;;;
4594305;478494;10/09/2002;;;;
4632365;426869;22/07/2009;;;;
4611345;426869;17/07/2009;;;;
4615984;461072;26/08/2011;;;;
4632260;486763;22/07/2009;;;;
4614423;427012;31/07/2007;;;;
4636197;8163263;31/01/2011;;;;
4599501;8163263;01/09/2008;;;;
8072276;431298;20/08/2002;;;;
19913009;427214;31/08/2020;;;;
7166338;489651;31/07/2013;;;;
4601729;489651;27/05/2004;;;;
36655783;;10/02/2023;;;;
4632119;465317;17/07/2009;;;;
16769954;499811;13/12/2019;;;;
4632355;499811;22/07/2009;;;;
4641298;441133;29/02/2012;;;;
4607890;431810;18/10/2005;;;;
23670497;;18/05/2021;;;;
21680115;;29/12/2020;;;;
26042339;448705;29/09/2021;;;;
19865332;;26/08/2020;;;;
13882390;448705;24/12/2018;;;;
23670500;;18/05/2021;;;;
29144430;;26/01/2022;;;;
4640808;728360;13/04/2012;;;;
8611457;486163;24/09/2014;;;;
36333548;426985;27/01/2023;;;;
29259965;436424;01/02/2022;;;;
8930882;427950;20/07/2009;;;;
4632349;427950;22/07/2009;;;;
4633291;427950;20/07/2009;;;;
4597539;434585;01/09/2004;;;;
8061441;478505;10/04/2014;;;;
4604040;653809;26/10/2004;;;;
4594840;653809;10/10/2002;;;;
11518492;434185;29/06/2017;;;;
4609398;434185;13/09/2005;;;;
4633314;463192;20/07/2009;;;;
7257810;515845;03/09/2013;;;;
4639202;429639;23/11/2011;;;;
4637952;421547;01/12/2011;;;;
7443441;978615;28/10/2013;;;;
4614445;431124;18/09/2007;;;;
4613052;431124;18/09/2007;;;;
25543457;431124;02/09/2021;;;;
4628318;1578935;19/06/2008;;;;
7445025;1578935;28/10/2013;;;;
4607124;432370;29/07/2005;;;;
4597880;489913;15/12/2009;;;;
4609734;487785;31/03/2005;;;;
4611775;429865;18/10/2011;;;;
4595733;429865;05/07/2002;;;;
6169810;429865;16/04/2013;;;;
37112103;431378;07/03/2023;;;;
6590611;431098;05/06/2013;;;;
4609864;435904;05/10/2005;;;;
7181665;435904;06/08/2013;;;;
4626147;555879;15/03/2010;;;;
6281510;2141180;25/04/2013;;;;
6866129;467930;01/07/2013;;;;
7470306;467930;28/03/2012;;;;
4642617;435704;01/02/2012;;;;
4629726;439828;13/08/2012;;;;
7205011;430256;13/07/2007;;;;
4616391;432909;09/10/2007;;;;
4601712;432909;06/07/2004;;;;
4610650;432889;31/10/2006;;;;
4606219;432889;30/01/2001;;;;
4604705;432889;04/10/2004;;;;
4630382;432889;15/09/2011;;;;
4607657;487171;27/03/2007;;;;
4624004;503517;17/05/2011;;;;
42324257;503517;11/12/2023;;;;
17229477;503517;30/01/2020;;;;
43485554;503517;23/02/2024;;;;
4594708;436747;12/04/2002;;;;
4602991;458100;03/07/2004;;;;
4637171;458100;29/08/2011;;;;
4639025;962939;17/11/2011;;;;
10965947;430799;16/04/2014;;;;
8800689;467186;18/11/2014;;;;
4627439;463464;03/04/2008;;;;
4600631;493687;01/01/2002;;;;
4605038;493687;02/01/2003;;;;
4630593;429024;30/07/2008;;;;
4600671;426414;01/01/2002;;;;
29205857;9340864;27/01/2022;;;;
27430548;427009;21/11/2021;;;;
4609472;435491;19/12/2007;;;;
4606199;438869;04/11/2008;;;;
4613007;438869;30/07/2007;;;;
4605874;438869;01/01/2004;;;;
18390145;486838;15/05/2020;;;;
34618023;405479;25/10/2022;;;;
4640891;1583170;24/01/2012;;;;
4611848;431337;27/11/2006;;;;
12382417;1661184;13/01/2018;;;;
4606845;497863;07/11/2005;;;;
4605538;497863;01/01/2004;;;;
4609977;497863;24/04/2006;;;;
4599791;486784;30/01/2001;;;;
4608376;556200;08/12/2004;;;;
4603203;425516;11/10/2004;;;;
4604874;8171259;26/08/2004;;;;
8297859;436943;18/06/2014;;;;
5732689;436943;22/04/2005;;;;
4604535;472770;22/11/2005;;;;
7264243;8163908;05/09/2013;;;;
4607379;431026;03/09/2009;;;;
4606454;429222;26/06/2004;;;;
4604314;509624;09/07/2003;;;;
4602824;489914;15/09/2004;;;;
10821956;505984;23/07/2013;;;;
24452259;431785;28/06/2021;;;;
4605003;431785;08/12/2003;;;;
4642216;431570;21/03/2012;;;;
4610994;433666;19/10/2006;;;;
36650671;426488;10/02/2023;;;;
10215605;426488;30/08/2016;;;;
33993378;439454;16/01/2008;;;;
17404850;9406465;14/02/2020;;;;
12382421;8172858;13/01/2018;;;;
7742963;1578944;23/01/2014;;;;
4605876;433684;27/11/2006;;;;
21884594;425910;15/01/2021;;;;
21884595;425910;15/01/2021;;;;
4632643;430615;30/06/2009;;;;
7168769;430615;31/03/2005;;;;
4624181;462461;10/07/2008;;;;
4624184;462461;10/07/2008;;;;
10862738;462461;17/02/2014;;;;
4630358;433722;10/03/2009;;;;
4595311;430933;25/06/2001;;;;
34206819;462625;30/09/2022;;;;
4640541;487529;23/05/2012;;;;
4600610;487529;10/09/2002;;;;
8455299;488608;31/07/2014;;;;
22364307;488608;19/02/2021;;;;
4594542;488608;21/11/2005;;;;
4609238;463954;17/01/2012;;;;
4609919;463954;28/12/2005;;;;
4610756;433868;04/02/2010;;;;
4603683;438375;27/09/2004;;;;
4608137;441105;16/11/2005;;;;
4595274;486637;13/12/2002;;;;
18065313;9316859;16/04/2020;;;;
8506834;441288;21/08/2014;;;;
4614379;426282;08/01/2009;;;;
17392738;9231834;13/02/2020;;;;
4603958;505914;28/06/2004;;;;
8551635;467169;21/03/2005;;;;
4622724;467919;01/02/2010;;;;
7536865;439474;27/12/2007;;;;
11021491;439474;30/07/2014;;;;
5265170;430411;19/09/2005;;;;
4643480;430411;02/02/2012;;;;
4609488;430411;09/01/2006;;;;
7507105;430411;18/11/2013;;;;
4600630;430411;20/12/2012;;;;
17004294;430411;08/01/2020;;;;
18161672;430411;24/04/2020;;;;
4635941;437225;02/12/2010;;;;
16577073;489563;25/11/2019;;;;
8567331;653799;10/09/2014;;;;
4602827;431525;15/09/2004;;;;
10900847;8172869;21/06/2013;;;;
4596756;463082;06/10/2010;;;;
7224865;463082;23/08/2013;;;;
37046818;765479;03/03/2023;;;;
18379877;430111;14/05/2020;;;;
8289219;425154;17/06/2014;;;;
9412130;425154;03/11/2015;;;;
6417810;1613495;21/05/2013;;;;
8198420;437206;22/05/2014;;;;
4608091;440085;03/10/2005;;;;
4623534;464910;05/02/2008;;;;
8506836;425167;21/08/2014;;;;
4610395;507818;26/01/2006;;;;
29945384;507818;04/03/2022;;;;
17208396;437193;29/01/2020;;;;
4594860;663719;19/07/2012;;;;
4631961;663719;12/03/2012;;;;
4605812;492599;19/04/2004;;;;
30868258;492599;15/04/2022;;;;
4631757;508472;30/11/2009;;;;
29172898;441251;26/01/2022;;;;
4594967;431004;12/04/2002;;;;
4613048;431004;04/05/2006;;;;
4634153;426686;01/02/2010;;;;
15566835;3340229;14/08/2019;;;;
4619765;427371;22/07/2010;;;;
4636751;440044;23/05/2012;;;;
6681809;440009;13/06/2013;;;;
8556114;440009;05/09/2014;;;;
18135779;8148224;22/04/2020;;;;
18135777;8148224;22/04/2020;;;;
4606566;460198;30/01/2001;;;;
8433876;501069;24/07/2014;;;;
4604690;431568;09/10/2001;;;;
4604790;463232;12/04/2005;;;;
4599322;463232;06/12/2010;;;;
4610932;433863;18/10/2006;;;;
19830754;440062;24/08/2020;;;;
4594314;432438;25/09/2002;;;;
4610990;426992;19/10/2006;;;;
7245378;433114;14/05/2013;;;;
4599980;3340856;01/01/2002;;;;
4641640;471872;27/02/2012;;;;
4641639;471872;27/02/2012;;;;
5811428;431082;05/03/2013;;;;
36843310;436854;21/02/2023;;;;
36843311;436854;21/02/2023;;;;
4604784;425472;26/08/2004;;;;
4603692;471816;27/09/2004;;;;
4601012;486430;01/02/2006;;;;
4606213;453213;04/11/2008;;;;
4607862;461789;14/01/2010;;;;
4628017;438747;06/06/2008;;;;
10940273;977339;15/04/2013;;;;
4624839;429836;19/01/2010;;;;
4609713;3300549;01/02/2011;;;;
4639853;3300549;20/02/2012;;;;
10293217;509038;16/09/2016;;;;
4629727;426843;13/08/2012;;;;
25543778;425698;02/09/2021;;;;
44812897;425698;15/05/2024;;;;
4601976;459791;15/05/2004;;;;
15274938;516154;11/07/2019;;;;
7049812;978940;16/07/2013;;;;
29413226;436592;08/02/2022;;;;
4611452;430884;21/11/2006;;;;
4632770;8175426;23/11/2009;;;;
4627986;;16/07/2009;;;;
4602538;439290;26/03/2002;;;;
30203965;;17/03/2022;;;;
23748258;;22/05/2021;;;;
4596525;487775;25/06/2001;;;;
5811430;465306;05/03/2013;;;;
7147427;3290621;25/07/2013;;;;
4601013;427568;01/02/2006;;;;
4594842;507193;10/10/2002;;;;
4627251;507193;18/08/2008;;;;
4634672;491563;26/01/2011;;;;
4608065;1578946;21/04/2008;;;;
4612708;1578946;25/10/2007;;;;
4623768;9159737;12/07/2010;;;;
4632550;9159737;05/10/2009;;;;
4596775;435706;10/08/2012;;;;
4631489;3339255;19/01/2009;;;;
23245893;440211;27/02/2007;;;;
4639919;1611900;20/02/2012;;;;
4605052;1611900;01/01/2002;;;;
7557332;1611900;29/11/2013;;;;
4596030;430327;30/01/2001;;;;
4610273;3418615;19/02/2007;;;;
4609534;429023;07/12/2005;;;;
4596872;490988;07/07/2005;;;;
22085857;432343;31/01/2021;;;;
4625300;454460;06/01/2009;;;;
4620271;486866;24/03/2009;;;;
4599900;8145979;13/12/2002;;;;
4614476;507205;26/04/2007;;;;
4628941;432345;10/07/2008;;;;
4631970;763885;13/03/2012;;;;
6699409;8172856;17/06/2013;;;;
4615267;434645;12/07/2007;;;;
25696422;434645;10/09/2021;;;;
7558289;3321987;29/11/2013;;;;
4614340;437019;24/09/2007;;;;
4608608;434640;06/09/2010;;;;
25696420;434640;10/09/2021;;;;
4608201;489523;22/03/2005;;;;
4609430;977976;30/05/2005;;;;
4598287;439465;27/04/2005;;;;
17213156;9270194;29/01/2020;;;;
4602861;426087;12/04/2005;;;;
4605136;426087;01/01/2003;;;;
4635707;659888;13/02/2012;;;;
4632359;979639;22/07/2009;;;;
4607222;436938;03/10/2005;;;;
4625506;440395;12/01/2009;;;;
4636572;430683;12/01/2012;;;;
37514659;436829;28/03/2023;;;;
22756264;3191095;17/03/2021;;;;
18273961;467560;06/05/2020;;;;
19581217;467560;18/04/2007;;;;
6775268;455812;08/08/2002;;;;
4637281;432425;03/06/2011;;;;
4632266;432425;22/07/2009;;;;
4632777;432425;16/07/2009;;;;
4606339;1614463;12/12/2006;;;;
4611158;488444;16/02/2007;;;;
11062485;977347;17/03/2017;;;;
4610269;426462;19/02/2007;;;;
4603586;436211;19/07/2004;;;;
4594851;431299;24/11/2004;;;;
7049815;8162624;16/07/2013;;;;
7147281;429979;25/07/2013;;;;
6611730;507397;07/06/2013;;;;
15465320;507397;31/07/2019;;;;
4621275;432621;28/09/2010;;;;
4614808;432621;03/11/2006;;;;
4595345;426029;30/01/2001;;;;
15295133;426029;12/07/2019;;;;
4606547;426029;08/12/2004;;;;
4614089;3272380;21/11/2007;;;;
23368431;3272380;04/12/2019;;;;
7226801;427938;06/10/2010;;;;
4611650;486213;29/03/2007;;;;
4607752;506774;21/03/2005;;;;
15570346;426857;16/08/2019;;;;
4636549;488971;27/06/2011;;;;
4622130;932522;29/06/2011;;;;
4609533;486161;31/01/2011;;;;
4609531;486161;31/01/2011;;;;
7201939;451090;13/08/2013;;;;
5051441;471489;26/11/2012;;;;
4628327;428921;07/08/2012;;;;
4639027;426687;21/11/2011;;;;
4597935;426687;17/04/2012;;;;
23368420;438326;04/12/2019;;;;
4611472;427052;20/11/2006;;;;
4632889;434849;16/12/2011;;;;
4632886;434849;16/12/2011;;;;
12847427;1788558;11/05/2018;;;;
4640708;8125500;23/01/2012;;;;
4640875;663094;14/02/2012;;;;
4608933;432798;30/10/2007;;;;
4639665;967118;03/05/2012;;;;
11081975;1580869;14/06/2013;;;;
4597592;465344;10/04/2002;;;;
4605461;435455;12/07/2004;;;;
4641752;435455;03/05/2012;;;;
7270722;436928;25/05/2007;;;;
4641180;963260;07/06/2012;;;;
4610747;437341;21/11/2006;;;;
4602823;437341;14/09/2004;;;;
4634254;437513;04/05/2010;;;;
4632802;439633;12/08/2011;;;;
17680084;488405;10/03/2020;;;;
44712418;431212;07/05/2024;;;;
7700114;;14/01/2014;;;;
4604760;491482;09/11/2004;;;;
25543458;491482;02/09/2021;;;;
4603466;1503101;20/06/2011;;;;
11115595;433342;26/06/2003;;;;
4640475;752691;13/02/2012;;;;
7224866;427935;23/08/2013;;;;
4603448;487575;15/05/2004;;;;
15491562;432437;05/08/2019;;;;
15491563;432437;05/08/2019;;;;
8464274;466925;05/08/2014;;;;
4634850;431305;23/12/2010;;;;
22728777;435484;16/03/2021;;;;
4595786;438281;17/04/2003;;;;
4641845;8163270;17/04/2012;;;;
7251409;8163270;02/09/2013;;;;
4639977;659882;22/02/2012;;;;
4623999;438654;03/03/2008;;;;
30911777;9440394;26/03/2020;;;;
29224500;427011;28/01/2022;;;;
4625176;430685;06/01/2009;;;;
4625289;430685;06/01/2009;;;;
4612890;472388;17/09/2007;;;;
4607684;436378;17/12/2004;;;;
8087793;537960;17/04/2014;;;;
27430549;430297;21/11/2021;;;;
4642932;491158;11/07/2012;;;;
4635624;430477;17/12/2010;;;;
5714129;1577335;19/02/2013;;;;
10929635;1597498;17/02/2017;;;;
15246118;439506;08/07/2019;;;;
34476257;;17/10/2022;;;;
25240100;437493;16/08/2021;;;;
25365869;432428;24/08/2021;;;;
4631200;471335;11/02/2009;;;;
7764387;436874;29/01/2014;;;;
14656081;1611909;24/04/2019;;;;
4641641;1611909;27/02/2012;;;;
4629439;430090;17/12/2008;;;;
32184737;1598136;17/06/2022;;;;
4636777;8139897;18/11/2010;;;;
4602169;438170;08/12/2003;;;;
12932592;437064;05/06/2018;;;;
4805986;437064;15/10/2012;;;;
5156369;428720;11/12/2009;;;;
17508528;8174140;01/07/2013;;;;
4609659;3304065;01/02/2011;;;;
43383457;463078;15/02/2024;;;;
8759654;1625656;05/11/2014;;;;
12487057;1625656;05/02/2018;;;;
6189986;1625656;22/02/2013;;;;
4609754;434490;14/09/2005;;;;
22364306;434490;19/02/2021;;;;
44810977;3477505;15/05/2024;;;;
16518758;435879;19/11/2019;;;;
22841390;439498;23/03/2021;;;;
15388553;439498;24/07/2019;;;;
24868898;430925;22/07/2021;;;;
4617343;430925;01/06/2011;;;;
7847284;550119;20/02/2014;;;;
4639917;1611905;20/02/2012;;;;
4923777;439331;05/11/2012;;;;
10934471;439331;20/02/2017;;;;
4626474;488234;08/02/2008;;;;
4636504;490530;19/05/2011;;;;
25151477;638147;13/06/2017;;;;
4605820;487155;03/06/2004;;;;
4629854;489745;06/01/2009;;;;
4611399;475007;21/07/2009;;;;
4623916;499679;19/07/2012;;;;
4596535;439056;23/08/2002;;;;
17177009;439056;24/01/2020;;;;
4605492;486954;01/03/2006;;;;
4600396;752679;29/02/2012;;;;
6816212;439471;26/06/2013;;;;
4607746;463985;21/03/2005;;;;
4633056;436977;18/03/2010;;;;
4607162;431196;15/05/2006;;;;
7452721;3182459;30/10/2013;;;;
4630153;474599;10/02/2009;;;;
17293025;1580868;05/02/2020;;;;
10868243;1581181;06/02/2017;;;;
25741540;9207424;05/07/2019;;;;
4632262;478497;22/07/2009;;;;
38148899;487764;05/05/2023;;;;
12820625;478491;02/05/2018;;;;
18437513;9432433;19/05/2020;;;;
17373207;9092855;12/02/2020;;;;
24552737;453880;02/07/2021;;;;
8948291;441059;27/01/2015;;;;
8948293;441059;27/01/2015;;;;
4607267;430286;20/03/2007;;;;
36786017;9253178;16/02/2023;;;;
11627858;435522;24/07/2017;;;;
4639419;488477;17/02/2012;;;;
4601646;470082;24/05/2004;;;;
4605325;462704;30/01/2001;;;;
15755274;439867;06/09/2019;;;;
36843301;;21/02/2023;;;;
36823783;436852;20/02/2023;;;;
23845874;9537024;27/04/2021;;;;
5060693;932842;27/11/2012;;;;
4640881;430099;24/02/2012;;;;
24196595;;16/06/2021;;;;
4599219;435312;11/02/2005;;;;
8464286;3440057;05/08/2014;;;;
4601469;422210;21/07/2009;;;;
4606155;439880;11/07/2003;;;;
19898277;;28/08/2020;;;;
17192046;9295102;27/01/2020;;;;
22457378;9429829;25/02/2021;;;;
22457379;9429829;25/02/2021;;;;
44410340;9449983;19/04/2024;;;;
45605221;9449983;03/07/2024;;;;
11092242;1596550;23/03/2017;;;;
16550755;;19/09/2019;;;;
16534908;;21/11/2019;;;;
15880039;;19/09/2019;;;;
4610519;460837;01/02/2005;;;;
4603997;460837;21/07/2004;;;;
4629725;491800;13/08/2012;;;;
42123636;3318141;06/12/2023;;;;
4640670;1612221;14/03/2012;;;;
4604903;435658;03/08/2009;;;;
8948295;429983;27/01/2015;;;;
7224210;3321976;23/08/2013;;;;
4607482;430882;13/05/2009;;;;
4610137;430882;14/11/2006;;;;
38543782;962944;07/01/2022;;;;
4604215;436030;05/04/2002;;;;
4608141;457929;17/11/2005;;;;
4608136;437762;16/11/2005;;;;
4611161;433667;19/02/2007;;;;
4610790;433862;18/10/2006;;;;
4641079;786291;15/02/2012;;;;
36627299;472066;09/02/2023;;;;
4622112;461031;29/06/2011;;;;
4598638;461031;21/06/2011;;;;
4633643;467547;08/04/2010;;;;
4611427;431735;20/07/2006;;;;
4630963;427949;27/07/2009;;;;
4636503;427206;19/05/2011;;;;
4603655;457553;21/09/2004;;;;
4625493;430937;12/01/2009;;;;
4610869;432919;30/01/2006;;;;
7270723;437409;06/09/2013;;;;
10754658;694462;10/01/2017;;;;
4992849;694462;19/11/2012;;;;
22183793;3312695;06/02/2021;;;;
8856706;499321;11/01/2012;;;;
11193657;978939;16/07/2013;;;;
7531747;9140543;22/11/2013;;;;
4610993;494161;19/10/2006;;;;
4621359;;08/03/2011;;;;
4627627;935741;29/12/2009;;;;
4607857;932519;13/01/2010;;;;
4632107;426871;17/07/2009;;;;
4605043;486209;30/01/2001;;;;
15234289;9206457;05/07/2019;;;;
4610406;491480;26/06/2006;;;;
29589217;439078;16/02/2022;;;;
4614977;457399;25/06/2010;;;;
7681202;984378;08/01/2014;;;;
22774510;9436217;18/03/2021;;;;
12847425;1788557;11/05/2018;;;;
23348257;433894;28/04/2021;;;;
8948296;425836;27/01/2015;;;;
4607214;431045;29/07/2008;;;;
22929122;658280;30/03/2021;;;;
15522322;;08/08/2019;;;;
4599330;428721;06/12/2010;;;;
4626128;751721;13/06/2012;;;;
14840040;9194636;20/05/2019;;;;
4599179;489586;09/09/2002;;;;
6569491;8175428;04/06/2013;;;;
22847782;;24/03/2021;;;;
15509476;425497;06/08/2019;;;;
4613104;431295;16/05/2006;;;;
4626823;435529;16/03/2010;;;;
8747528;485950;20/03/2008;;;;
4624844;468890;21/01/2010;;;;
4611397;492104;21/07/2009;;;;
17373206;484504;12/02/2020;;;;
16701477;9390149;06/12/2019;;;;
42756264;982467;05/08/2014;;;;
8464284;982467;05/08/2014;;;;
4605886;436856;28/04/2004;;;;
18135778;436856;22/04/2020;;;;
24860897;3323575;22/07/2021;;;;
17846801;430119;25/03/2020;;;;
11741137;410084;16/08/2017;;;;
12357491;410084;06/01/2018;;;;
4597398;424945;30/01/2001;;;;
8236131;474814;03/06/2014;;;;
4614111;490484;03/11/2006;;;;
16787314;611911;28/11/2019;;;;
17201650;3640070;28/01/2020;;;;
16813186;425496;17/12/2019;;;;
7433201;506768;24/10/2013;;;;
7536866;461019;27/12/2007;;;;
4606218;497616;30/01/2001;;;;
14862854;497616;22/05/2019;;;;
22606838;497616;08/03/2021;;;;
4602132;435015;01/01/2002;;;;
17810274;9415096;23/03/2020;;;;
4601478;422209;21/07/2009;;;;
18437515;9432424;19/05/2020;;;;
14975075;9164222;05/06/2019;;;;
23346017;9417658;27/04/2021;;;;
15288129;9226947;11/07/2019;;;;
17404851;9407420;14/02/2020;;;;
17810276;9411582;23/03/2020;;;;
33013221;9280400;01/08/2022;;;;
4637962;504246;26/07/2011;;;;
18291878;426854;07/05/2020;;;;
22862506;435010;29/07/2005;;;;
14846466;9475260;20/05/2019;;;;
35630515;;15/12/2022;;;;
15565812;9083896;14/08/2019;;;;
25643969;9081018;08/09/2021;;;;
15499553;489798;05/08/2019;;;;
16714594;9173175;07/12/2019;;;;
4632268;436772;22/07/2009;;;;
4608066;463250;21/04/2008;;;;
23569060;9361048;11/05/2021;;;;
4594315;3283898;30/01/2001;;;;
4628035;432799;09/06/2008;;;;
16712036;9125506;07/12/2019;;;;
9161649;410082;09/06/2015;;;;
33949858;9141827;22/09/2022;;;;
36554688;9446470;07/02/2023;;;;
36533862;9446470;06/02/2023;;;;
36793063;9446470;17/02/2023;;;;
5653345;499996;11/02/2013;;;;
16655089;499996;02/12/2019;;;;
4602676;431256;23/11/2004;;;;
4594601;977335;25/08/2004;;;;
8455298;485948;31/07/2014;;;;
14842915;9215749;20/05/2019;;;;
29987940;9354630;07/03/2022;;;;
6586145;8172855;05/06/2013;;;;
4614082;427392;25/10/2007;;;;
37086818;9254143;06/03/2023;;;;
36650338;9254143;10/02/2023;;;;
38227941;427917;10/05/2023;;;;
36843312;427917;21/02/2023;;;;
4640806;466552;13/04/2012;;;;
4632273;427218;22/07/2009;;;;
4609036;438290;28/11/2005;;;;
8038017;984379;04/04/2014;;;;
11108699;984379;28/03/2017;;;;
4624045;462694;05/04/2011;;;;
4632259;432426;22/07/2009;;;;
15501492;496455;06/08/2019;;;;
44709218;486461;07/05/2024;;;;
28608756;9434306;28/12/2021;;;;
15505314;425649;06/08/2019;;;;
15522321;;01/08/2019;;;;
4614084;427919;25/10/2007;;;;
22088143;437037;02/02/2021;;;;
22101858;437037;01/02/2021;;;;
28923938;9131257;12/01/2022;;;;
30925219;9445827;20/04/2022;;;;
4635532;3285187;22/02/2011;;;;
40755627;9131575;06/02/2020;;;;
4614805;491406;03/11/2006;;;;
18437514;9432430;19/05/2020;;;;
36340275;9254138;26/01/2023;;;;
28807460;9133175;06/01/2022;;;;
28828897;;07/01/2022;;;;
22606840;9434304;08/03/2021;;;;
33535778;;31/08/2022;;;;
36870180;;22/02/2023;;;;
36533868;9446469;06/02/2023;;;;
4620323;9217658;14/03/2011;;;;
42902181;9209667;18/01/2024;;;;
32308271;9132216;23/06/2022;;;;
41354337;9047736;23/10/2023;;;;
15509474;;06/08/2019;;;;
22844915;;24/03/2021;;;;
22326178;9434300;17/02/2021;;;;
36975778;;28/02/2023;;;;
4633297;487172;20/07/2009;;;;
45728104;494368;03/05/2004;;;;
31652580;435084;20/05/2022;;;;
8875906;;02/07/2014;;;;
4635793;431195;02/08/2012;;;;
4597265;437651;20/08/2003;;;;
4627287;427400;07/03/2008;;;;
4631967;478494;13/03/2012;;;;
4633194;478494;28/07/2009;;;;
4632103;426869;17/07/2009;;;;
8411491;461072;17/07/2014;;;;
4632258;486763;22/07/2009;;;;
4632256;486763;22/07/2009;;;;
22878818;427012;25/03/2021;;;;
6281507;428949;01/01/2002;;;;
4601211;489651;19/04/2004;;;;
22173234;499811;05/02/2021;;;;
4632358;499811;22/07/2009;;;;
13919077;448705;02/01/2019;;;;
19416388;448705;25/07/2020;;;;
21972277;448705;22/01/2021;;;;
21674673;;29/12/2020;;;;
19416387;448705;25/07/2020;;;;
7878019;448318;27/02/2014;;;;
8330537;448318;25/06/2014;;;;
4640807;728360;13/04/2012;;;;
4603698;452711;04/05/2004;;;;
4597037;426985;30/01/2001;;;;
4614589;498000;13/03/2007;;;;
4643059;488157;20/02/2012;;;;
4643058;488157;20/02/2012;;;;
4607123;427390;29/07/2005;;;;
4605729;434585;01/01/2004;;;;
6574305;434917;06/01/2009;;;;
4614927;478505;19/04/2010;;;;
4611425;435689;20/07/2006;;;;
5760530;653809;26/02/2013;;;;
4611266;439279;10/02/2006;;;;
17201654;487559;28/01/2020;;;;
4632369;463192;22/07/2009;;;;
4606493;431401;07/02/2005;;;;
5144865;425514;09/03/2012;;;;
7443442;978615;28/10/2013;;;;
4614444;431124;18/09/2007;;;;
7852081;1578935;21/02/2014;;;;
6557649;489913;03/06/2013;;;;
4920532;467180;05/11/2012;;;;
4629146;487785;01/07/2008;;;;
4629145;487785;01/07/2008;;;;
20013154;436653;07/09/2020;;;;
4604823;8179257;06/02/2003;;;;
11012214;429865;06/06/2013;;;;
8272241;429865;12/06/2014;;;;
6628691;431378;10/06/2013;;;;
4608636;1068556;20/05/2005;;;;
41893866;465310;23/11/2023;;;;
4604943;472425;21/03/2005;;;;
4606603;472425;02/03/2006;;;;
4601642;435904;28/04/2004;;;;
4609300;1534462;06/07/2005;;;;
4633160;439674;23/12/2009;;;;
4627635;555879;17/02/2009;;;;
11655155;431809;28/07/2017;;;;
4608593;431809;17/01/2006;;;;
4612611;431809;21/11/2007;;;;
7953224;582470;17/03/2014;;;;
4623856;3581513;27/02/2008;;;;
4632639;3581513;30/06/2009;;;;
4637927;425903;10/02/2011;;;;
7340097;1289983;27/09/2013;;;;
7003411;728368;11/07/2013;;;;
23569058;436756;11/05/2021;;;;
4614341;430256;24/09/2007;;;;
4897828;432889;29/10/2012;;;;
4602624;432889;01/01/2003;;;;
4610788;487171;18/10/2006;;;;
4613275;439451;24/10/2007;;;;
4636006;436169;20/09/2010;;;;
4607191;503517;23/02/2005;;;;
4596977;503517;30/01/2001;;;;
4630441;503517;10/05/2011;;;;
4597034;436747;30/01/2001;;;;
4597205;436747;20/06/2003;;;;
17192044;492591;27/01/2020;;;;
7539122;430799;26/11/2013;;;;
5059731;467186;09/02/2012;;;;
37158502;467186;09/03/2023;;;;
4598168;506606;13/11/2008;;;;
4596033;506606;30/01/2001;;;;
4603447;440933;15/05/2004;;;;
4625964;493687;27/03/2008;;;;
4605064;493687;02/01/2003;;;;
4629038;429024;30/07/2008;;;;
4608035;435013;20/07/2005;;;;
4600644;426414;01/01/2002;;;;
25267298;426414;18/08/2021;;;;
25267297;426414;18/08/2021;;;;
15459279;426414;31/07/2019;;;;
4606019;427009;19/08/2010;;;;
4608590;435491;16/01/2006;;;;
4607217;463763;29/07/2008;;;;
4635221;1583170;26/01/2011;;;;
4605488;431414;01/03/2006;;;;
7134466;436561;22/07/2013;;;;
4610396;497863;26/01/2006;;;;
4614420;497863;31/07/2007;;;;
4596870;556200;07/07/2005;;;;
4606920;556200;03/08/2005;;;;
4609695;3311423;04/02/2008;;;;
4603456;436943;28/10/2004;;;;
37112104;472770;07/03/2023;;;;
4601701;461365;28/05/2004;;;;
4613273;438135;24/10/2007;;;;
4632216;436606;10/04/2009;;;;
4632217;436606;10/04/2009;;;;
23569062;503643;11/05/2021;;;;
4628030;436081;09/06/2008;;;;
4628066;436081;20/03/2008;;;;
4604110;432803;01/10/2004;;;;
6816210;489914;26/06/2013;;;;
6816211;489914;26/06/2013;;;;
4604751;489914;20/07/2007;;;;
4637393;491260;30/11/2010;;;;
10874661;431785;07/02/2017;;;;
4597603;431922;15/11/2002;;;;
4613653;437330;07/09/2012;;;;
4624930;437330;05/01/2010;;;;
4630303;457143;27/08/2009;;;;
4601850;457143;19/04/2004;;;;
4639280;439888;21/02/2012;;;;
36650672;426488;10/02/2023;;;;
18065314;9315265;16/04/2020;;;;
16714593;406188;07/12/2019;;;;
4616732;1578944;29/08/2012;;;;
7742962;1578944;23/01/2014;;;;
22624147;9430143;09/03/2021;;;;
4613115;488655;16/05/2006;;;;
4611519;486131;03/11/2006;;;;
4599172;462461;30/01/2001;;;;
4630360;433722;10/03/2009;;;;
4605471;496444;28/09/2003;;;;
4609729;487529;31/03/2005;;;;
4610754;433868;04/02/2010;;;;
4625509;430935;12/01/2009;;;;
33184418;430077;09/08/2022;;;;
4614988;3367745;03/02/2010;;;;
4625291;426282;06/01/2009;;;;
4600016;431895;04/10/2004;;;;
4604374;436056;08/01/2010;;;;
4603526;505914;03/06/2004;;;;
4607258;467169;21/03/2005;;;;
12932591;1528390;05/06/2018;;;;
34812900;430411;03/12/2009;;;;
4594317;430411;30/01/2001;;;;
8160913;937326;13/05/2014;;;;
4600611;490357;30/01/2001;;;;
4602252;653799;01/01/2002;;;;
4634042;653799;14/04/2010;;;;
4632771;3368381;23/11/2009;;;;
8142674;463082;06/05/2014;;;;
7226809;463082;23/08/2013;;;;
4612491;461201;05/11/2007;;;;
4602985;430054;02/07/2004;;;;
40394671;765479;10/05/2021;;;;
16697635;765479;04/12/2019;;;;
33287782;765479;17/08/2022;;;;
43169717;765479;02/02/2024;;;;
37046817;765479;03/03/2023;;;;
28875299;430111;11/01/2022;;;;
7134471;425154;22/07/2013;;;;
6775267;1613495;08/08/2002;;;;
4640136;507920;07/06/2012;;;;
6475729;1625021;27/05/2013;;;;
4609236;485297;17/01/2012;;;;
4602988;432098;02/07/2004;;;;
4607230;440085;03/10/2005;;;;
4595943;426658;25/05/2004;;;;
4597946;492599;06/02/2003;;;;
4631765;508472;30/11/2009;;;;
19086436;508472;01/07/2020;;;;
19086434;508472;01/07/2020;;;;
8072275;508472;20/08/2002;;;;
4609144;441251;19/08/2005;;;;
4606624;431004;19/01/2007;;;;
4619844;427371;22/07/2010;;;;
4624301;427933;02/07/2009;;;;
4598292;490265;04/05/2005;;;;
17195587;430603;27/01/2020;;;;
4609731;456838;31/03/2005;;;;
4635657;433880;23/02/2011;;;;
4610929;435858;18/10/2006;;;;
25240105;451607;16/08/2021;;;;
4605790;432438;10/02/2004;;;;
7264244;8163906;05/09/2013;;;;
6007250;437901;01/01/2004;;;;
7326946;8163267;24/09/2013;;;;
4631284;431082;15/09/2009;;;;
38227939;436854;10/05/2023;;;;
4613985;471816;06/11/2007;;;;
23336425;431913;10/03/2009;;;;
4606953;434636;26/01/2007;;;;
4635863;434636;20/02/2012;;;;
4604109;434636;01/10/2004;;;;
4595391;432181;26/06/2003;;;;
4605291;463261;26/06/2004;;;;
4641015;463261;29/03/2012;;;;
7478996;430729;07/11/2013;;;;
7478997;430729;07/11/2013;;;;
4641843;969691;17/04/2012;;;;
4602995;461789;15/07/2004;;;;
4607908;461789;14/01/2010;;;;
4636021;509038;26/04/2010;;;;
10990476;425698;04/06/2013;;;;
12360698;436026;27/05/2013;;;;
18384354;447469;15/05/2020;;;;
4634250;426772;04/05/2010;;;;
4610651;449188;31/10/2006;;;;
4605047;449188;30/01/2001;;;;
4907153;449188;30/10/2012;;;;
4640864;503837;19/04/2012;;;;
7681506;503837;08/01/2014;;;;
17293474;437208;05/02/2020;;;;
4611448;430884;21/11/2006;;;;
4603664;489384;10/04/2001;;;;
4614879;;11/06/2007;;;;
4602559;437883;28/04/2004;;;;
8951698;487775;28/01/2015;;;;
4597831;3290621;01/02/2010;;;;
4634154;3290621;01/02/2010;;;;
21625713;1088375;03/08/2009;;;;
21625714;1088375;23/12/2020;;;;
4601014;427568;01/02/2006;;;;
4594382;507193;28/04/2004;;;;
4599974;433658;30/01/2001;;;;
7035409;3275905;15/07/2013;;;;
4617952;491563;04/11/2010;;;;
4608188;466988;21/03/2005;;;;
4597651;488353;26/02/2007;;;;
4609282;492044;18/01/2006;;;;
8570819;467928;10/09/2014;;;;
4604758;435706;24/07/2007;;;;
4631219;440211;09/04/2009;;;;
4605463;440928;01/01/2004;;;;
4603516;462168;28/05/2004;;;;
4603517;462168;28/05/2004;;;;
4623628;3306945;11/10/2010;;;;
4605081;430327;01/01/2003;;;;
4613096;444380;15/05/2006;;;;
4613094;444380;15/05/2006;;;;
33615778;430671;06/09/2022;;;;
4609277;430671;18/01/2006;;;;
8737542;488154;29/10/2014;;;;
4603678;431018;27/09/2004;;;;
4609714;434543;01/02/2011;;;;
15468609;425673;01/08/2019;;;;
15515024;425673;07/08/2019;;;;
15502790;425673;06/08/2019;;;;
4614442;635589;18/09/2007;;;;
4609924;432343;03/01/2008;;;;
6109654;503655;10/04/2013;;;;
6109653;503655;16/01/2006;;;;
4627838;463996;18/11/2008;;;;
5653346;463996;11/02/2013;;;;
8074694;507205;28/10/2008;;;;
4612150;488066;23/08/2007;;;;
4606494;658284;07/02/2005;;;;
6689171;658284;14/06/2013;;;;
7259812;515843;04/09/2013;;;;
4631568;486766;23/07/2009;;;;
8114243;486766;25/04/2014;;;;
10718177;8172856;02/01/2017;;;;
4630671;462813;08/07/2008;;;;
4597611;462813;18/10/2004;;;;
7558291;3321987;29/11/2013;;;;
17810277;452038;23/03/2020;;;;
4630288;451799;21/01/2009;;;;
4623343;437019;29/11/2011;;;;
4610226;489523;06/04/2010;;;;
4610225;489523;06/04/2010;;;;
7134472;474604;22/07/2013;;;;
8737543;426087;29/10/2014;;;;
4605878;973182;27/11/2006;;;;
4609656;430680;01/02/2011;;;;
5549331;471823;25/01/2013;;;;
4625307;431930;06/01/2009;;;;
10870103;1203911;16/04/2013;;;;
5501347;1203911;17/11/2011;;;;
19349267;436829;21/07/2020;;;;
18379878;8292543;14/05/2020;;;;
23159138;499991;15/04/2021;;;;
4596649;501943;05/08/2008;;;;
4601958;455812;08/08/2002;;;;
4608378;1614463;09/12/2004;;;;
4611471;462695;20/11/2006;;;;
4597100;461058;20/06/2002;;;;
8692418;458285;23/12/2009;;;;
4628999;509037;04/09/2008;;;;
14006459;507397;17/01/2019;;;;
4604749;434643;20/07/2007;;;;
4612490;427938;05/11/2007;;;;
4594390;430836;28/04/2004;;;;
4627625;509099;29/12/2009;;;;
4633468;509099;22/12/2011;;;;
4603627;492103;20/08/2002;;;;
11656077;439819;28/07/2017;;;;
4601125;426223;06/02/2003;;;;
6300052;544380;30/04/2013;;;;
4920529;439247;05/11/2012;;;;
17044867;431564;30/11/2019;;;;
4627837;431564;18/11/2008;;;;
4594335;496345;30/01/2001;;;;
4622676;432607;05/02/2009;;;;
7204418;451090;14/08/2013;;;;
8790354;451090;14/11/2014;;;;
4603552;425714;11/12/2003;;;;
4636095;430891;29/11/2010;;;;
4640986;428921;31/01/2012;;;;
4600030;491802;26/04/2005;;;;
4604746;426687;20/07/2007;;;;
4605748;426687;20/12/2004;;;;
8592353;507179;18/09/2014;;;;
6107090;468883;10/04/2013;;;;
4594424;468883;22/06/2012;;;;
4608781;434751;28/07/2005;;;;
4599004;438326;01/04/2011;;;;
4605630;438667;20/10/2004;;;;
7164564;432798;31/07/2013;;;;
36852897;967118;21/02/2023;;;;
5589665;967118;31/01/2013;;;;
22910502;;26/03/2021;;;;
4599958;486264;12/12/2003;;;;
4641302;465344;16/04/2012;;;;
5873491;435455;13/03/2013;;;;
4612691;435455;30/09/2010;;;;
4632640;441127;30/06/2009;;;;
4636548;8137345;27/06/2011;;;;
8288625;427937;17/06/2014;;;;
11097632;977989;24/03/2017;;;;
11097628;977989;21/01/2014;;;;
10841732;973180;01/07/2013;;;;
4598990;497895;30/01/2001;;;;
44809698;431212;15/05/2024;;;;
4632894;437003;19/12/2011;;;;
4609570;435461;16/01/2008;;;;
21883320;1503101;15/01/2021;;;;
29171965;1503101;26/01/2022;;;;
15955586;439249;25/09/2019;;;;
4614713;434446;03/11/2006;;;;
4632342;431305;15/12/2011;;;;
4633204;427329;28/07/2009;;;;
4607866;432427;17/07/2009;;;;
4633210;432427;28/07/2009;;;;
4607563;432427;17/07/2009;;;;
7470307;635261;05/11/2013;;;;
4600045;431066;19/04/2004;;;;
7177826;8163270;05/08/2013;;;;
4602493;426602;30/01/2001;;;;
29238838;457544;28/01/2022;;;;
4634251;467357;04/05/2010;;;;
4596479;438654;25/05/2009;;;;
34934817;488357;14/11/2022;;;;
4625975;426630;20/02/2008;;;;
15249342;426630;08/07/2019;;;;
4606523;467208;09/02/2005;;;;
4607749;486122;21/03/2005;;;;
7188376;472388;08/08/2013;;;;
15955585;435708;25/09/2019;;;;
4637501;489787;25/01/2011;;;;
4633298;434606;20/07/2009;;;;
23594019;502390;12/05/2021;;;;
23266338;502390;23/04/2021;;;;
25545064;501396;02/09/2021;;;;
11007382;1577019;21/01/2013;;;;
4632261;416044;22/07/2009;;;;
4613050;494345;12/05/2006;;;;
4606368;439506;06/07/2012;;;;
13232560;439506;27/08/2018;;;;
34403297;436917;13/10/2022;;;;
4628755;490600;17/11/2008;;;;
4603789;438170;18/07/2006;;;;
4608187;472445;21/03/2005;;;;
4597456;8217657;05/09/2006;;;;
6855892;8174140;01/07/2013;;;;
19140516;;05/07/2020;;;;
22364308;434490;19/02/2021;;;;
21912417;434490;18/01/2021;;;;
11721681;434490;11/08/2017;;;;
4608302;434490;14/11/2005;;;;
4622725;453037;01/02/2010;;;;
4608380;3477505;09/12/2004;;;;
22081717;488973;15/09/2020;;;;
7728039;;21/01/2014;;;;
39374832;472423;04/07/2023;;;;
22841391;439498;23/03/2021;;;;
24877224;430925;23/07/2021;;;;
4597947;550119;06/02/2003;;;;
4610277;550119;20/02/2007;;;;
43928099;426837;20/12/2004;;;;
4607266;426024;20/03/2007;;;;
4614088;436069;21/11/2007;;;;
4603084;436830;24/05/2004;;;;
4635534;487155;22/02/2011;;;;
4605877;472850;27/11/2006;;;;
11123653;1203619;22/02/2013;;;;
4598943;432912;17/04/2003;;;;
4606544;3244535;08/12/2004;;;;
17332865;447641;07/02/2020;;;;
8464279;474413;05/08/2014;;;;
5264545;474413;20/12/2012;;;;
42771617;474413;01/01/2003;;;;
4606932;474413;17/08/2005;;;;
8464280;474413;05/08/2014;;;;
4601647;438291;24/05/2004;;;;
4610469;438291;20/09/2006;;;;
4617943;3182459;14/10/2010;;;;
29285224;3306949;31/01/2022;;;;
4610268;504055;19/02/2007;;;;
4610013;429642;21/10/2004;;;;
4603872;435550;24/05/2004;;;;
39262835;457741;27/06/2023;;;;
29450979;457741;09/02/2022;;;;
4607875;490691;06/10/2005;;;;
5144866;426234;09/03/2012;;;;
10978635;435826;19/06/2013;;;;
4605918;3249335;28/04/2004;;;;
16547985;3241655;21/11/2019;;;;
4605045;426459;30/01/2001;;;;
4635225;;26/01/2011;;;;
16702822;9132870;06/12/2019;;;;
16702823;9132870;06/12/2019;;;;
4603786;430286;01/01/2002;;;;
4608596;488613;17/01/2006;;;;
4622720;488613;01/02/2010;;;;
19830756;438104;24/08/2020;;;;
8781058;1605176;12/11/2014;;;;
22815202;3321661;22/03/2021;;;;
22935137;3320381;30/03/2021;;;;
4614639;430081;26/03/2007;;;;
4598929;427267;02/05/2003;;;;
30056752;466556;10/03/2022;;;;
4608932;984376;30/10/2007;;;;
4598937;439880;02/05/2003;;;;
4599042;439880;11/07/2003;;;;
4599043;439880;11/07/2003;;;;
25134209;9495748;06/08/2021;;;;
14842625;9217348;20/05/2019;;;;
4614428;434171;08/08/2007;;;;
33930977;9226937;15/06/2022;;;;
16550753;;19/09/2019;;;;
6479265;1271744;27/05/2013;;;;
4614836;1271744;25/09/2007;;;;
4637355;489497;13/05/2011;;;;
4606446;1528708;20/05/2004;;;;
24467298;3318141;29/06/2021;;;;
4614797;3318141;03/11/2006;;;;
4611517;432436;03/11/2006;;;;
15505316;426201;06/08/2019;;;;
15521022;496343;08/08/2019;;;;
7617522;931566;16/12/2013;;;;
20292579;931566;24/09/2020;;;;
11010726;973187;02/07/2013;;;;
4637955;8293175;02/12/2011;;;;
6639570;429251;10/06/2013;;;;
12653537;984382;20/03/2018;;;;
8433879;984382;24/07/2014;;;;
21936768;;20/01/2021;;;;
10803924;1235289;23/01/2017;;;;
44176097;3287425;04/04/2024;;;;
12847426;1788559;11/05/2018;;;;
17201655;9189500;28/01/2020;;;;
8737540;431808;29/10/2014;;;;
4608131;437762;16/11/2005;;;;
4629329;433862;02/07/2008;;;;
7049810;978941;16/07/2013;;;;
4601972;436020;15/05/2004;;;;
15004839;436020;11/06/2019;;;;
4603944;436020;21/05/2004;;;;
4613009;472066;30/07/2007;;;;
7959601;3307587;18/03/2014;;;;
6945169;1577989;08/07/2013;;;;
4603200;430873;11/10/2004;;;;
7356082;694462;03/10/2013;;;;
22082023;;30/01/2021;;;;
4597932;3290935;01/02/2010;;;;
8787969;499321;14/11/2014;;;;
7531745;9140543;22/11/2013;;;;
7617525;471292;16/12/2013;;;;
7166339;463997;31/07/2013;;;;
4610208;491129;25/07/2006;;;;
4636365;935741;30/09/2011;;;;
11652177;;26/05/2010;;;;
4606836;440513;17/11/2005;;;;
7609217;708552;12/12/2013;;;;
4636696;435159;20/06/2011;;;;
4608930;431805;30/10/2007;;;;
7259809;515842;04/09/2013;;;;
5941329;456628;20/03/2013;;;;
8074696;507202;14/04/2014;;;;
37834994;490276;16/05/2006;;;;
4607223;436716;03/10/2005;;;;
4594862;506919;19/07/2012;;;;
10940275;723563;21/02/2017;;;;
22276290;9436217;13/02/2021;;;;
22790535;9436217;19/03/2021;;;;
8261045;706289;10/06/2014;;;;
30313701;9104069;07/12/2019;;;;
43805217;476091;16/07/2013;;;;
4624837;429834;19/01/2010;;;;
4599710;504160;20/06/2002;;;;
22847783;;24/03/2021;;;;
17201652;3640068;28/01/2020;;;;
15491556;485950;05/08/2019;;;;
22466978;9434295;26/02/2021;;;;
4607269;440022;20/03/2007;;;;
4621160;3309176;21/01/2010;;;;
10803922;1376060;23/01/2017;;;;
18457665;9387258;20/05/2020;;;;
16701487;9404862;06/12/2019;;;;
11617302;429415;21/07/2017;;;;
16701479;9391425;06/12/2019;;;;
17213154;9270222;29/01/2020;;;;
4623669;436856;25/01/2012;;;;
4594389;436856;28/04/2004;;;;
24851633;3323575;21/07/2021;;;;
4637958;474814;02/12/2011;;;;
6109651;465118;16/01/2006;;;;
21349234;9429186;04/12/2020;;;;
22634338;497616;09/03/2021;;;;
4619392;463783;30/08/2010;;;;
18379879;9322962;14/05/2020;;;;
14843891;9046468;20/05/2019;;;;
16702821;9137665;06/12/2019;;;;
4631514;422209;27/07/2009;;;;
4636695;440261;20/06/2011;;;;
4638826;9243259;29/12/2011;;;;
4617941;3182467;14/10/2010;;;;
34015458;9145662;26/09/2022;;;;
4638683;437383;22/11/2011;;;;
27533541;9225999;23/11/2021;;;;
17432033;9225999;17/02/2020;;;;
22872755;435010;25/03/2021;;;;
7259811;1177978;04/09/2013;;;;
25240104;9361668;16/08/2021;;;;
36862818;9253176;22/02/2023;;;;
6365013;8172536;14/05/2013;;;;
4632263;436772;22/07/2009;;;;
45178025;;06/06/2024;;;;
4617882;432799;27/05/2011;;;;
22606835;;08/03/2021;;;;
27470820;9225997;22/11/2021;;;;
6337490;8172219;07/05/2013;;;;
7201940;1625335;13/08/2013;;;;
34015457;9146307;26/09/2022;;;;
18296690;9399105;07/05/2020;;;;
14843890;9055099;20/05/2019;;;;
15566833;9252221;14/08/2019;;;;
29285223;9393337;31/01/2022;;;;
8464288;434626;05/08/2014;;;;
24884579;9340867;23/07/2021;;;;
17910139;9432380;31/03/2020;;;;
30342497;9133183;23/03/2022;;;;
8433877;984388;24/07/2014;;;;
44891937;487949;02/12/2019;;;;
22892897;;26/03/2021;;;;
21878837;489107;14/01/2021;;;;
4595811;471896;17/04/2003;;;;
33186338;9254143;09/08/2022;;;;
36626661;472073;09/02/2023;;;;
4601464;427218;21/07/2009;;;;
4631502;427094;24/07/2009;;;;
4632116;427094;17/07/2009;;;;
4636096;434820;29/11/2010;;;;
4604401;434820;03/07/2004;;;;
4596574;434820;10/04/2001;;;;
44097377;;29/03/2024;;;;
16887397;;24/12/2019;;;;
4601441;9140871;23/07/2012;;;;
36627300;472070;09/02/2023;;;;
4629855;462389;06/01/2009;;;;
15505318;425649;06/08/2019;;;;
22876276;;25/03/2021;;;;
22101860;437037;01/02/2021;;;;
33275306;;17/08/2022;;;;
11003602;791740;06/12/2012;;;;
22496119;9130630;01/03/2021;;;;
22414529;9434301;23/02/2021;;;;
4609685;434832;30/01/2008;;;;
28924257;9137662;12/01/2022;;;;
36746978;9446462;15/02/2023;;;;
45609697;9446462;03/07/2024;;;;
4601438;;23/07/2012;;;;
36608421;;08/02/2023;;;;
36746979;9254138;15/02/2023;;;;
22216098;9367103;09/02/2021;;;;
36538661;9243586;06/02/2023;;;;
33186026;9133175;10/08/2022;;;;
28828898;;07/01/2022;;;;
33933556;9528721;07/08/2019;;;;
35496097;;08/12/2022;;;;
45460898;;25/06/2024;;;;
36608422;;08/02/2023;;;;
30342498;9132216;23/03/2022;;;;
42151457;9179269;06/12/2023;;;;
8357058;;02/07/2014;;;;
4601440;;23/07/2012;;;;
27470817;9225993;22/11/2021;;;;
27430545;;21/11/2021;;;;
18208034;9186617;26/11/2019;;;;
16584040;9186617;26/11/2019;;;;
22871160;9139588;25/03/2021;;;;
36641700;9254140;09/02/2023;;;;
37990497;;25/04/2023;;;;
45728105;494368;31/08/2004;;;;
18437511;488401;19/05/2020;;;;
10801874;1581179;21/01/2017;;;;
5320850;435084;03/01/2013;;;;
4614588;488987;13/03/2007;;;;
8357057;;02/07/2014;;;;
11655731;;28/07/2017;;;;
4604942;437651;25/03/2005;;;;
4627983;426869;16/07/2009;;;;
4633303;426869;20/07/2009;;;;
8114244;;25/04/2014;;;;
4633362;427012;23/09/2009;;;;
4633199;610600;28/07/2009;;;;
4610430;427214;20/02/2006;;;;
4631510;465317;27/07/2009;;;;
22173233;499811;05/02/2021;;;;
4632111;499811;17/07/2009;;;;
9746706;1661182;15/03/2016;;;;
29236900;;28/01/2022;;;;
4630968;416043;27/07/2009;;;;
5060692;441133;27/11/2012;;;;
13919078;;02/01/2019;;;;
19875249;;27/08/2020;;;;
14988535;448705;24/12/2018;;;;
4603705;547879;15/05/2004;;;;
28329404;426985;16/12/2021;;;;
4635938;426985;02/12/2010;;;;
4622132;547880;29/06/2011;;;;
42362030;427950;12/12/2023;;;;
4633312;463192;20/07/2009;;;;
4941668;489913;26/07/2012;;;;
4941667;489913;26/07/2012;;;;
4604112;434817;01/10/2004;;;;
6084049;8179257;19/05/2004;;;;
4609679;436032;28/01/2005;;;;
4608193;472425;22/03/2005;;;;
4625796;472425;27/12/2007;;;;
4629730;439828;13/08/2012;;;;
4614596;436756;26/03/2007;;;;
4608361;470060;22/10/2007;;;;
6819411;439451;26/06/2013;;;;
4609832;492591;03/08/2005;;;;
4614076;436561;25/10/2007;;;;
4608455;438135;15/12/2005;;;;
16527730;431026;20/11/2019;;;;
4638140;436988;20/10/2011;;;;
4597036;426848;30/01/2001;;;;
7940401;489914;13/03/2014;;;;
4604070;433888;10/07/2009;;;;
17910137;9425988;31/03/2020;;;;
4607949;430935;24/10/2005;;;;
4596559;491109;23/08/2002;;;;
4639554;430411;06/02/2012;;;;
4643479;430411;02/02/2012;;;;
36824418;;20/02/2023;;;;
37046819;765479;03/03/2023;;;;
45456417;765479;25/06/2024;;;;
6154146;430111;15/04/2013;;;;
4601132;464910;02/01/2003;;;;
29945382;507818;04/03/2022;;;;
4630287;486594;21/01/2009;;;;
16701475;492599;06/12/2019;;;;
33184417;441251;19/08/2005;;;;
4640409;473005;17/02/2012;;;;
4607122;426686;29/07/2005;;;;
11443666;501069;25/03/2010;;;;
17863748;9445508;26/03/2020;;;;
36142833;425698;16/01/2023;;;;
4632566;984069;28/09/2009;;;;
4639095;426772;13/04/2011;;;;
14843889;449188;20/05/2019;;;;
4611450;430884;21/11/2006;;;;
4632105;;17/07/2009;;;;
4602122;488154;01/01/2003;;;;
9959498;635589;01/06/2016;;;;
37097700;463996;07/03/2023;;;;
4598304;507205;28/10/2008;;;;
8073603;507205;14/04/2014;;;;
4606602;427724;01/03/2006;;;;
4594965;452038;12/04/2002;;;;
4596777;643247;10/08/2012;;;;
18437518;9423750;19/05/2020;;;;
4611150;426087;15/02/2007;;;;
4609658;430683;01/02/2011;;;;
25065420;3191095;03/08/2021;;;;
12933217;432808;11/08/2017;;;;
4640006;1614463;15/02/2012;;;;
4610872;486213;31/01/2006;;;;
4601901;496345;01/01/2002;;;;
11070887;468883;20/03/2017;;;;
4607226;485781;03/10/2005;;;;
14979943;9249976;06/06/2019;;;;
15974780;439249;26/09/2019;;;;
4604050;504014;26/10/2004;;;;
15183809;466925;01/07/2019;;;;
4604603;426602;10/09/2002;;;;
15086135;659882;20/06/2019;;;;
4637460;3402309;12/07/2010;;;;
10797927;1598136;09/10/2012;;;;
4611233;3223442;01/08/2006;;;;
15892231;435879;19/09/2019;;;;
4604396;463974;03/07/2004;;;;
4604313;439074;08/01/2010;;;;
29268899;431753;31/01/2022;;;;
18568083;3308236;28/05/2020;;;;
17286114;1580868;04/02/2020;;;;
4622767;427589;10/07/2009;;;;
4604459;490691;05/10/2005;;;;
15232382;9207424;05/07/2019;;;;
16547986;3241655;21/11/2019;;;;
14862850;9436216;22/05/2019;;;;
17304709;430071;06/02/2020;;;;
4634941;486786;10/02/2011;;;;
25267299;426201;18/08/2021;;;;
4609093;433660;09/02/2012;;;;
4601971;436020;15/05/2004;;;;
45395622;474983;21/06/2024;;;;
4598573;474343;21/06/2011;;;;
24482022;431025;20/11/2019;;;;
22791784;436724;19/03/2021;;;;
22512427;9144696;02/03/2021;;;;
7428633;974779;23/10/2013;;;;
14862851;9434295;22/05/2019;;;;
28685857;428485;30/12/2021;;;;
4608197;438875;22/03/2005;;;;
29171967;582469;26/01/2022;;;;
4606546;424945;08/12/2004;;;;
7147425;427567;25/07/2013;;;;
20292577;9280386;24/09/2020;;;;
26108259;9086782;30/09/2021;;;;
4601705;463783;28/05/2004;;;;
22929123;9502790;30/03/2021;;;;
17392997;9353655;13/02/2020;;;;
17432034;9225999;17/02/2020;;;;
25240103;9361668;16/08/2021;;;;
33887141;9190145;21/07/2020;;;;
36766500;9446470;16/02/2023;;;;
4632279;427094;22/07/2009;;;;
11702509;472548;08/08/2017;;;;
25469858;9133496;06/12/2019;;;;
22101859;437037;01/02/2021;;;;
36886843;;23/02/2023;;;;
15974779;9415419;26/09/2019;;;;
38379619;;17/05/2023;;;;
38379620;;17/05/2023;;;;
10929641;;17/02/2017;;;;
27430547;9115904;21/11/2021;;;;
4635794;468735;02/08/2012;;;;
4607831;486162;05/11/2004;;;;
4607869;426869;17/07/2009;;;;
4638428;489651;03/10/2011;;;;
4614903;474982;12/07/2007;;;;
18073970;452711;16/04/2020;;;;
4633211;427950;28/07/2009;;;;
4632361;422211;22/07/2009;;;;
