dm_cd_code;dm_cm_code;dm_creadat;dm_majdate;dm_majsrc;dm_abddate;dm_abdsrc
489155;559122;;;;;
489156;559122;;;;;
489157;559123;;;;;
489158;559124;;;;;
489159;559124;;;;;
489160;559124;;;;;
489161;559124;;;;;
489162;559125;;;;;
489163;559125;;;;;
489164;559125;;;;;
489165;559125;;;;;
489166;559126;;;;;
489167;559126;;;;;
489168;559126;;;;;
489169;559126;;;;;
489170;559127;;;;;
489171;559127;;;;;
489176;559130;;;;;
489177;559131;;;;;
489178;559131;;;;;
489183;559137;;;;;
489184;556243;;;;;
489185;556245;;;;;
489186;556246;;;;;
489187;556246;;;;;
489188;556249;;;;;
489189;556249;;;;;
489190;556250;;;;;
489191;556250;;;;;
489192;556251;;;;;
489193;556252;;;;;
489194;556252;;;;;
489195;556252;;;;;
488957;559924;;;;;
488958;559925;;;;;
488925;562552;;;;;
488926;562553;;;;;
488927;562553;;;;;
488928;562554;;;;;
488929;562557;;;;;
488930;562557;;;;;
488932;562560;;;;;
488933;562560;;;;;
488934;562562;;;;;
488935;562564;;;;;
488936;562566;;;;;
488937;562567;;;;;
488938;562570;;;;;
488939;562572;;;;;
488940;562574;;;;;
488941;562574;;;;;
488942;562576;;;;;
488943;562576;;;;;
488955;559920;;;;;
488464;561449;;;;;
488465;561451;;;;;
488466;561451;;;;;
488467;561453;;;;;
488468;561454;;;;;
488469;561456;;;;;
488470;561459;;;;;
488472;561463;;;;;
488473;561464;;;;;
488474;561465;;;;;
488475;561465;;;;;
488477;561467;;;;;
488838;560097;;;;;
488839;560099;;;;;
488840;560099;;;;;
488841;560100;;;;;
488842;560101;;;;;
488605;560169;;;;;
488606;560170;;;;;
488608;560175;;;;;
488609;560177;;;;;
488610;560177;;;;;
488611;560178;;;;;
488612;560180;;;;;
488613;560181;;;;;
488615;560185;;;;;
488616;560188;;;;;
488617;561402;;;;;
488618;561402;;;;;
488619;561403;;;;;
488622;561408;;;;;
488626;561414;;;;;
488628;561418;;;;;
488629;561419;;;;;
488630;561419;;;;;
488631;561419;;;;;
488632;561420;;;;;
488633;561420;;;;;
488636;561423;;;;;
488637;561423;;;;;
488639;561427;;;;;
488655;561489;;;;;
488656;561491;;;;;
488657;561494;;;;;
488658;561494;;;;;
488659;561495;;;;;
488660;561496;;;;;
488661;561496;;;;;
488662;561499;;;;;
488664;561503;;;;;
488793;559891;;;;;
505571;586171;;;;;
505578;581426;;;;;
505960;583113;;;;;
505971;583127;;;;;
505807;583112;;;;;
505808;583112;;;;;
505809;583113;;;;;
3367737;563792;;;;;
3368058;586664;;;;;
3368382;586538;;;;;
3367418;586468;;;;;
505947;582270;;;;;
505949;582273;;;;;
505914;582227;;;;;
505915;582228;;;;;
505916;582228;;;;;
505984;581221;;;;;
505722;586154;;;;;
505723;586154;;;;;
505724;586155;;;;;
505727;586161;;;;;
505728;586163;;;;;
505729;586165;;;;;
505730;586165;;;;;
505731;586166;;;;;
505732;586166;;;;;
505733;586167;;;;;
505734;586168;;;;;
505735;586168;;;;;
505736;586169;;;;;
505737;586169;;;;;
505738;586170;;;;;
505739;586170;;;;;
505740;586171;;;;;
505503;587495;;;;;
506454;587317;;;;;
506455;587317;;;;;
506458;586583;;;;;
506459;586583;;;;;
506460;586585;;;;;
506469;586604;;;;;
506470;591034;;;;;
506471;591033;;;;;
506646;587355;;;;;
506649;587357;;;;;
506650;587359;;;;;
506651;587362;;;;;
506652;587364;;;;;
506653;587364;;;;;
506399;585804;;;;;
506400;585805;;;;;
506401;585806;;;;;
506402;585807;;;;;
506403;585807;;;;;
506404;585808;;;;;
506405;585808;;;;;
506406;585809;;;;;
506407;585809;;;;;
506306;586581;;;;;
506393;585799;;;;;
506394;585799;;;;;
506395;585800;;;;;
506396;585802;;;;;
506397;585803;;;;;
506398;585804;;;;;
506121;582310;;;;;
507007;589643;;;;;
507008;589643;;;;;
507011;589648;;;;;
507023;589653;;;;;
506712;583002;;;;;
506889;587523;;;;;
506897;587534;;;;;
506898;587535;;;;;
506900;587538;;;;;
506901;587539;;;;;
506902;587540;;;;;
506919;585121;;;;;
506922;585127;;;;;
506923;585128;;;;;
507188;586195;;;;;
507189;586195;;;;;
507190;586197;;;;;
507191;586198;;;;;
507192;586198;;;;;
507193;586200;;;;;
507194;586202;;;;;
507195;586204;;;;;
506948;586174;;;;;
506949;586174;;;;;
506950;586175;;;;;
506951;586175;;;;;
506952;586176;;;;;
507160;590864;;;;;
507161;590863;;;;;
507162;590852;;;;;
507163;590851;;;;;
507164;590842;;;;;
507165;590841;;;;;
507166;590813;;;;;
507167;590812;;;;;
507168;590811;;;;;
507169;591090;;;;;
507170;591089;;;;;
507171;591048;;;;;
507172;591047;;;;;
507173;590470;;;;;
507174;590469;;;;;
507175;590468;;;;;
507176;590467;;;;;
507177;590360;;;;;
507178;590359;;;;;
507179;590358;;;;;
507180;590357;;;;;
507181;590356;;;;;
507182;590355;;;;;
507183;590354;;;;;
507184;586192;;;;;
507185;586192;;;;;
507186;586193;;;;;
507187;586194;;;;;
506726;583665;;;;;
506760;586037;;;;;
506761;586040;;;;;
506762;586042;;;;;
506763;586043;;;;;
506764;586043;;;;;
506766;586047;;;;;
506768;586051;;;;;
506769;586054;;;;;
506773;585385;;;;;
506774;585387;;;;;
506775;585389;;;;;
506776;585389;;;;;
506777;585390;;;;;
506778;585390;;;;;
506814;587367;;;;;
506815;587367;;;;;
506816;587368;;;;;
506817;587368;;;;;
506828;587375;;;;;
506829;587375;;;;;
506830;587376;;;;;
506831;587376;;;;;
506840;589622;;;;;
506841;589622;;;;;
506842;589624;;;;;
506843;589625;;;;;
506873;587509;;;;;
506521;585321;;;;;
506522;585323;;;;;
506523;585325;;;;;
506524;585325;;;;;
506525;585325;;;;;
506526;585325;;;;;
506527;585326;;;;;
506528;585326;;;;;
506529;585326;;;;;
506530;585327;;;;;
506531;585327;;;;;
506532;585327;;;;;
506533;585327;;;;;
506534;585328;;;;;
506535;585328;;;;;
506561;585810;;;;;
506589;586005;;;;;
506590;586005;;;;;
506591;586006;;;;;
506593;586009;;;;;
506594;586009;;;;;
506595;586010;;;;;
506596;586012;;;;;
506597;586014;;;;;
506598;586016;;;;;
506600;586020;;;;;
506601;586020;;;;;
506604;586026;;;;;
506605;586026;;;;;
506606;586027;;;;;
506607;586028;;;;;
506609;586031;;;;;
506624;587337;;;;;
506625;587338;;;;;
506626;587338;;;;;
506953;586178;;;;;
506954;586179;;;;;
506955;586179;;;;;
506956;586180;;;;;
506957;586181;;;;;
537959;620833;;;;;
537960;620834;;;;;
533479;616033;;;;;
582761;653434;;;;;
582762;653434;;;;;
1788557;1428837;;;;;
1788559;1428839;;;;;
463776;586227;;;;;
463777;586227;;;;;
463778;586227;;;;;
463779;586227;;;;;
434386;563918;;;;;
434387;563918;;;;;
495188;563918;;;;;
495189;563918;;;;;
582467;653438;;;;;
582468;653438;;;;;
582469;653441;;;;;
582759;653437;;;;;
582760;653436;;;;;
3241663;559923;;;;;
3241660;559923;;;;;
1795587;1432673;;;;;
1795589;1432675;;;;;
653815;724247;;;;;
1788560;1428840;;;;;
3243260;561850;;;;;
3217343;586502;;;;;
3217655;586501;;;;;
3184381;586881;;;;;
3184376;559243;;;;;
3182458;564307;;;;;
9386615;8712378;;;;;
9386617;8712370;;;;;
9386618;8712371;;;;;
9386620;8712374;;;;;
3257986;558900;;;;;
399707;541271;;;;;
399708;541272;;;;;
401668;542852;;;;;
404006;546673;;;;;
404007;546674;;;;;
406188;546396;;;;;
404459;547560;;;;;
405478;543663;;;;;
405479;543664;;;;;
405480;543666;;;;;
405481;543553;;;;;
3205841;563614;;;;;
9089015;8272381;;;;;
9089016;8272409;;;;;
9089017;8272051;;;;;
9089018;8273649;;;;;
405376;544394;;;;;
3205834;563615;;;;;
3477505;2028219;;;;;
407215;545880;;;;;
407966;590734;;;;;
407967;590733;;;;;
407968;590732;;;;;
3206460;564086;;;;;
3204548;563295;;;;;
3470462;560396;;;;;
408559;547786;;;;;
3204546;563295;;;;;
408571;547793;;;;;
408572;547794;;;;;
408573;547796;;;;;
3477823;559545;;;;;
3477499;560537;;;;;
410082;590782;;;;;
410083;590781;;;;;
410084;590767;;;;;
411721;551231;;;;;
410772;551611;;;;;
3476219;2028209;;;;;
3476220;2028209;;;;;
3477826;559545;;;;;
3204540;562568;;;;;
409615;547188;;;;;
413823;552009;;;;;
413824;552010;;;;;
413825;552011;;;;;
3355584;563005;;;;;
412958;551978;;;;;
413642;551989;;;;;
414248;552090;;;;;
412190;590709;;;;;
412191;590708;;;;;
412192;590711;;;;;
412193;590710;;;;;
412917;551949;;;;;
9340222;8651927;;;;;
9340223;8651928;;;;;
9337980;8637491;;;;;
9337981;8637495;;;;;
412397;590731;;;;;
412398;590730;;;;;
414426;552104;;;;;
415663;551902;;;;;
415820;551675;;;;;
415827;551682;;;;;
416023;554841;;;;;
416042;565748;;;;;
416043;565749;;;;;
416044;565751;;;;;
416045;565753;;;;;
416053;565761;;;;;
416054;565762;;;;;
416055;565764;;;;;
416072;565774;;;;;
416073;565776;;;;;
3249340;587436;;;;;
415195;554233;;;;;
418995;565705;;;;;
419010;565720;;;;;
419022;565728;;;;;
419023;565729;;;;;
3350135;1968744;;;;;
3367419;587796;;;;;
3368378;586721;;;;;
419040;565742;;;;;
419042;565746;;;;;
3189184;563040;;;;;
3189182;563040;;;;;
3228539;558958;;;;;
418795;565676;;;;;
418796;565677;;;;;
418822;565695;;;;;
418823;565696;;;;;
418824;565697;;;;;
418825;565698;;;;;
416910;553517;;;;;
420254;567153;;;;;
3193346;586110;;;;;
3193343;586110;;;;;
653804;724233;;;;;
420430;567177;;;;;
421215;566819;;;;;
421220;566823;;;;;
487371;559578;;;;;
3217661;558772;;;;;
3242949;562677;;;;;
420448;567194;;;;;
3191097;564207;;;;;
422531;565903;;;;;
422532;565903;;;;;
422533;565903;;;;;
422557;565912;;;;;
422558;565913;;;;;
419933;569098;;;;;
420549;568144;;;;;
421353;567497;;;;;
422575;565925;;;;;
422576;565927;;;;;
422577;565928;;;;;
422209;566946;;;;;
422210;566947;;;;;
422211;566948;;;;;
3375421;653420;;;;;
3375417;563224;;;;;
3189180;562644;;;;;
421506;563134;;;;;
422528;565901;;;;;
422530;565903;;;;;
421547;567529;;;;;
421550;567535;;;;;
422417;566046;;;;;
422426;566056;;;;;
423119;565854;;;;;
423134;565997;;;;;
3206459;564086;;;;;
422899;565805;;;;;
422900;565806;;;;;
3231746;556266;;;;;
425488;558992;;;;;
425489;558992;;;;;
425490;558992;;;;;
425491;558993;;;;;
425492;558993;;;;;
425493;558993;;;;;
425494;558993;;;;;
425495;558994;;;;;
425138;558660;;;;;
425139;558661;;;;;
425140;558662;;;;;
425141;558662;;;;;
425142;558663;;;;;
425153;558680;;;;;
425154;590691;;;;;
425155;590690;;;;;
425156;590689;;;;;
425157;558682;;;;;
425162;558687;;;;;
425163;558687;;;;;
425167;558689;;;;;
425168;558689;;;;;
425169;558690;;;;;
425170;558690;;;;;
425171;558690;;;;;
422616;566084;;;;;
422617;566086;;;;;
423290;565867;;;;;
423291;565869;;;;;
423294;565871;;;;;
423325;565887;;;;;
423326;565887;;;;;
423327;565887;;;;;
423328;565888;;;;;
424974;558648;;;;;
424975;558650;;;;;
424976;558652;;;;;
424977;558653;;;;;
424978;558653;;;;;
424981;558656;;;;;
424982;558657;;;;;
424983;558658;;;;;
424984;558658;;;;;
424985;558659;;;;;
422728;565928;;;;;
422729;565929;;;;;
422730;565929;;;;;
422731;565930;;;;;
3375423;1977633;;;;;
3375422;653420;;;;;
423479;565888;;;;;
423491;555491;;;;;
423492;555491;;;;;
423493;555491;;;;;
423494;555491;;;;;
424274;555454;;;;;
424275;555454;;;;;
424276;555454;;;;;
423495;555491;;;;;
423496;555491;;;;;
423497;555492;;;;;
423498;555492;;;;;
423499;555492;;;;;
423500;555492;;;;;
423501;555492;;;;;
423502;555492;;;;;
423503;555493;;;;;
423504;555493;;;;;
423505;555493;;;;;
423506;555493;;;;;
423507;555493;;;;;
423508;555493;;;;;
423509;555494;;;;;
423510;555494;;;;;
423511;555494;;;;;
423512;555494;;;;;
423513;555494;;;;;
423514;555494;;;;;
424774;558608;;;;;
424775;558608;;;;;
424776;558609;;;;;
424936;558616;;;;;
424938;558619;;;;;
424943;558624;;;;;
424944;558624;;;;;
424945;558626;;;;;
424946;558626;;;;;
424947;558626;;;;;
424948;558628;;;;;
424949;558630;;;;;
424950;558632;;;;;
424951;558632;;;;;
424952;558632;;;;;
424953;558633;;;;;
424954;558633;;;;;
424955;558634;;;;;
424956;558634;;;;;
424957;558635;;;;;
424968;558643;;;;;
424969;558643;;;;;
424970;558644;;;;;
424971;558645;;;;;
424972;558646;;;;;
424973;558646;;;;;
422942;565971;;;;;
422943;565971;;;;;
425452;558978;;;;;
425453;558978;;;;;
425454;558979;;;;;
425455;558979;;;;;
425456;558980;;;;;
425457;558981;;;;;
425458;558981;;;;;
425459;558981;;;;;
425460;558981;;;;;
425461;558982;;;;;
425462;558982;;;;;
425463;558982;;;;;
425464;558982;;;;;
425470;590412;;;;;
425471;590411;;;;;
425472;590410;;;;;
425473;558984;;;;;
425475;558986;;;;;
425476;558986;;;;;
425477;558987;;;;;
425478;558987;;;;;
425479;558988;;;;;
425480;558989;;;;;
425481;558990;;;;;
425482;558990;;;;;
425483;558991;;;;;
425484;558991;;;;;
425485;558991;;;;;
425486;558991;;;;;
425487;558992;;;;;
422944;565972;;;;;
422945;565972;;;;;
3350143;1968745;;;;;
424777;558609;;;;;
424778;558610;;;;;
424779;558610;;;;;
424780;558610;;;;;
424781;558612;;;;;
424782;558614;;;;;
424783;558614;;;;;
424784;558615;;;;;
424785;558616;;;;;
424454;555479;;;;;
424455;555479;;;;;
424456;555479;;;;;
422376;565899;;;;;
422377;565900;;;;;
422379;566016;;;;;
422380;566018;;;;;
422402;566032;;;;;
423068;567711;;;;;
425940;564199;;;;;
425941;564199;;;;;
425942;564200;;;;;
425943;564200;;;;;
425944;564200;;;;;
425945;564200;;;;;
425946;564201;;;;;
425947;564201;;;;;
425948;564201;;;;;
425949;564201;;;;;
426587;558747;;;;;
426588;558747;;;;;
426590;558749;;;;;
426599;558753;;;;;
426600;558753;;;;;
426601;558754;;;;;
426602;558756;;;;;
426603;558757;;;;;
426604;558758;;;;;
426606;558761;;;;;
426607;558763;;;;;
426608;558763;;;;;
426612;562372;;;;;
426613;562373;;;;;
426615;562375;;;;;
426616;562375;;;;;
426617;562376;;;;;
426618;562376;;;;;
426619;562376;;;;;
426620;562376;;;;;
426621;562376;;;;;
426622;562376;;;;;
426623;562376;;;;;
426626;562379;;;;;
426627;562379;;;;;
426628;562379;;;;;
426630;562381;;;;;
426631;562381;;;;;
426632;562381;;;;;
426633;562381;;;;;
427263;566413;;;;;
427264;566413;;;;;
427267;566418;;;;;
427268;566420;;;;;
425999;558857;;;;;
426000;558857;;;;;
426001;558858;;;;;
426002;558858;;;;;
426003;558858;;;;;
426004;558858;;;;;
426005;558859;;;;;
426006;558859;;;;;
426007;558860;;;;;
426008;558860;;;;;
426012;558867;;;;;
426016;558874;;;;;
426019;590234;;;;;
426020;590233;;;;;
426634;562382;;;;;
426635;562382;;;;;
426636;562382;;;;;
426637;562383;;;;;
426638;562383;;;;;
426639;562383;;;;;
426640;562384;;;;;
426641;562385;;;;;
426642;562385;;;;;
426643;562386;;;;;
426644;562386;;;;;
426645;562386;;;;;
426646;562386;;;;;
426658;564109;;;;;
426659;564110;;;;;
426660;564112;;;;;
426663;564115;;;;;
426664;564117;;;;;
426666;564119;;;;;
426667;564119;;;;;
426668;564121;;;;;
427321;558694;;;;;
427322;558694;;;;;
427323;558694;;;;;
427329;558696;;;;;
427330;558697;;;;;
427331;558698;;;;;
427332;558698;;;;;
427333;558698;;;;;
427334;558698;;;;;
427335;558698;;;;;
427344;558700;;;;;
427345;558700;;;;;
427346;558700;;;;;
427347;558700;;;;;
427348;558700;;;;;
427349;558700;;;;;
427350;558700;;;;;
427351;558700;;;;;
427352;558701;;;;;
427353;558701;;;;;
427354;558701;;;;;
427355;560877;;;;;
427356;560879;;;;;
426021;558878;;;;;
426022;558880;;;;;
426023;558880;;;;;
426024;558881;;;;;
426025;558881;;;;;
426026;558881;;;;;
426027;558883;;;;;
426028;558885;;;;;
426029;558886;;;;;
426030;558886;;;;;
426031;558886;;;;;
426032;558887;;;;;
426033;558887;;;;;
426034;558888;;;;;
426049;558903;;;;;
426050;559079;;;;;
426053;559082;;;;;
426054;559084;;;;;
426057;559088;;;;;
426058;559089;;;;;
426670;564124;;;;;
426671;564126;;;;;
426672;564128;;;;;
426682;564131;;;;;
426683;564133;;;;;
426684;564135;;;;;
426685;564136;;;;;
426686;564138;;;;;
426687;564139;;;;;
426688;564139;;;;;
426689;564141;;;;;
426690;564141;;;;;
426691;564141;;;;;
426692;564142;;;;;
426693;564142;;;;;
426694;564144;;;;;
426695;564144;;;;;
426696;564144;;;;;
426697;564146;;;;;
426698;564148;;;;;
426699;564148;;;;;
426700;564152;;;;;
426701;564153;;;;;
426702;564155;;;;;
426703;564157;;;;;
426704;564159;;;;;
426705;564160;;;;;
427357;560880;;;;;
427361;562294;;;;;
427362;562296;;;;;
427365;562300;;;;;
427366;562300;;;;;
427367;562302;;;;;
427368;562302;;;;;
427369;562302;;;;;
427370;562303;;;;;
427371;562304;;;;;
427372;562304;;;;;
427373;562304;;;;;
427374;562306;;;;;
427375;562308;;;;;
427376;562309;;;;;
427377;562309;;;;;
427378;562310;;;;;
427381;562314;;;;;
427384;562319;;;;;
427385;562319;;;;;
427386;562320;;;;;
427387;562320;;;;;
427388;562321;;;;;
427390;562323;;;;;
427391;562323;;;;;
427392;562325;;;;;
427393;562325;;;;;
427394;562326;;;;;
426059;559089;;;;;
426060;559090;;;;;
426061;559090;;;;;
426062;559091;;;;;
426082;562441;;;;;
426083;562442;;;;;
426084;562443;;;;;
426085;562444;;;;;
426086;562445;;;;;
426087;562446;;;;;
426088;562446;;;;;
426089;562447;;;;;
426425;558969;;;;;
426426;558970;;;;;
426427;558971;;;;;
426706;564160;;;;;
426707;564162;;;;;
426758;558764;;;;;
426759;558766;;;;;
426760;558767;;;;;
426761;558769;;;;;
426762;558769;;;;;
426766;558771;;;;;
426771;558776;;;;;
425799;558835;;;;;
425800;558835;;;;;
425801;558835;;;;;
425802;558836;;;;;
425803;558836;;;;;
425804;558836;;;;;
425805;558836;;;;;
425807;558838;;;;;
425811;558840;;;;;
425812;558840;;;;;
425813;558840;;;;;
425814;558840;;;;;
425815;558841;;;;;
425816;558841;;;;;
425817;558841;;;;;
425818;558841;;;;;
425819;558842;;;;;
425820;558842;;;;;
425821;558842;;;;;
425822;558842;;;;;
425825;558845;;;;;
425826;558845;;;;;
425827;558845;;;;;
425828;558845;;;;;
425829;558846;;;;;
425830;558846;;;;;
425831;558846;;;;;
425832;558846;;;;;
425833;558847;;;;;
425834;558848;;;;;
426428;558971;;;;;
426429;590236;;;;;
426430;590235;;;;;
426431;558974;;;;;
426432;558975;;;;;
426433;558977;;;;;
426434;558978;;;;;
426435;562366;;;;;
426436;562367;;;;;
426437;562368;;;;;
426439;562370;;;;;
426440;562370;;;;;
426459;564069;;;;;
426460;564069;;;;;
426461;564069;;;;;
426462;564070;;;;;
426463;564071;;;;;
426772;558778;;;;;
426773;558780;;;;;
426774;558781;;;;;
426775;558782;;;;;
426776;558782;;;;;
426777;558782;;;;;
426778;558783;;;;;
427748;560778;;;;;
427749;560779;;;;;
427750;560779;;;;;
427753;560781;;;;;
427754;560783;;;;;
427755;560784;;;;;
425835;558849;;;;;
425836;558850;;;;;
425837;558850;;;;;
425838;558850;;;;;
425839;558850;;;;;
425840;558851;;;;;
425841;558852;;;;;
425842;558852;;;;;
425843;558852;;;;;
425844;558852;;;;;
425846;558854;;;;;
425847;558855;;;;;
425849;559031;;;;;
425850;559033;;;;;
425851;559035;;;;;
425852;559036;;;;;
425496;558995;;;;;
425497;558996;;;;;
425503;559131;;;;;
425504;559131;;;;;
425508;559133;;;;;
425512;556242;;;;;
425513;556244;;;;;
425514;556246;;;;;
425515;556246;;;;;
425516;556247;;;;;
425517;556248;;;;;
425518;556249;;;;;
426475;564083;;;;;
426476;564083;;;;;
426477;564085;;;;;
426479;564087;;;;;
426480;564087;;;;;
426483;564090;;;;;
426484;564090;;;;;
426485;564090;;;;;
426486;564090;;;;;
426487;564092;;;;;
426488;564094;;;;;
426489;564095;;;;;
426492;564098;;;;;
427155;560839;;;;;
427156;560840;;;;;
427157;560840;;;;;
427158;560840;;;;;
427159;560840;;;;;
427160;560841;;;;;
427161;560841;;;;;
427162;560841;;;;;
427163;560841;;;;;
427164;560842;;;;;
427165;560842;;;;;
427166;560842;;;;;
427167;560842;;;;;
427186;560861;;;;;
427555;562336;;;;;
427556;562338;;;;;
427557;562338;;;;;
427558;562339;;;;;
427559;562339;;;;;
427560;562340;;;;;
427561;562340;;;;;
427562;562340;;;;;
427563;562340;;;;;
427565;562343;;;;;
427566;562344;;;;;
427567;562346;;;;;
427568;562348;;;;;
427569;562350;;;;;
427570;562351;;;;;
427571;562351;;;;;
427572;562352;;;;;
427573;562353;;;;;
427574;562353;;;;;
427575;562353;;;;;
427586;562355;;;;;
427587;562356;;;;;
427588;562356;;;;;
427589;562357;;;;;
427590;562357;;;;;
425519;556250;;;;;
425520;556250;;;;;
425521;556251;;;;;
425522;556251;;;;;
425523;556251;;;;;
425524;556252;;;;;
425525;556252;;;;;
425526;556252;;;;;
425527;556252;;;;;
425528;556252;;;;;
425531;556254;;;;;
425532;556255;;;;;
425533;556255;;;;;
425534;556255;;;;;
426200;558903;;;;;
426201;558904;;;;;
426202;558906;;;;;
426203;558906;;;;;
426204;558906;;;;;
426205;558908;;;;;
426206;558908;;;;;
426207;558909;;;;;
426208;558909;;;;;
426209;558910;;;;;
426210;558910;;;;;
426211;558912;;;;;
426215;558919;;;;;
426216;558919;;;;;
426217;558920;;;;;
426218;558922;;;;;
426219;558922;;;;;
426220;558922;;;;;
427187;560861;;;;;
427188;560861;;;;;
427189;560862;;;;;
427190;560862;;;;;
427191;560862;;;;;
427192;560863;;;;;
427193;560863;;;;;
427194;560865;;;;;
427196;560867;;;;;
427197;560867;;;;;
427198;560868;;;;;
427199;560870;;;;;
426851;562404;;;;;
426852;562405;;;;;
426853;562405;;;;;
426854;562407;;;;;
426855;562407;;;;;
426856;562408;;;;;
426857;564163;;;;;
426858;564165;;;;;
426859;564167;;;;;
426860;564169;;;;;
426861;564170;;;;;
426862;564172;;;;;
426869;566367;;;;;
426870;566368;;;;;
426871;566369;;;;;
427395;562326;;;;;
427396;562327;;;;;
427397;562327;;;;;
427399;562329;;;;;
427400;562330;;;;;
427401;562332;;;;;
427402;562334;;;;;
427403;562335;;;;;
427404;562335;;;;;
426221;558923;;;;;
426222;558923;;;;;
426223;558925;;;;;
426224;558926;;;;;
426225;558928;;;;;
426231;558935;;;;;
426232;558936;;;;;
426233;558936;;;;;
426234;558937;;;;;
426236;558938;;;;;
426238;558939;;;;;
426239;558939;;;;;
426240;558939;;;;;
426241;558940;;;;;
426242;558940;;;;;
426243;558942;;;;;
426244;558944;;;;;
426245;558944;;;;;
426246;558944;;;;;
426247;558946;;;;;
426248;558946;;;;;
426249;558947;;;;;
426250;562452;;;;;
426251;562452;;;;;
426252;562453;;;;;
426253;562454;;;;;
426254;562454;;;;;
426255;562454;;;;;
426256;562454;;;;;
426257;562455;;;;;
426258;562455;;;;;
426259;562455;;;;;
426898;566385;;;;;
425648;558835;;;;;
425649;558997;;;;;
425650;558998;;;;;
425651;558999;;;;;
425652;558999;;;;;
425653;559000;;;;;
425654;559001;;;;;
425655;559001;;;;;
425656;559001;;;;;
426260;562455;;;;;
426261;562456;;;;;
426262;562457;;;;;
426263;562457;;;;;
426264;562457;;;;;
426265;562457;;;;;
426266;562457;;;;;
426267;562457;;;;;
426268;564041;;;;;
426269;564041;;;;;
426270;564041;;;;;
426271;564042;;;;;
426274;564045;;;;;
426275;564047;;;;;
426277;564049;;;;;
426278;564049;;;;;
426279;564049;;;;;
426280;564049;;;;;
426281;564049;;;;;
426282;564050;;;;;
426283;564051;;;;;
426284;564052;;;;;
426285;564053;;;;;
426286;564054;;;;;
426287;564056;;;;;
426288;564056;;;;;
426289;564057;;;;;
426290;564057;;;;;
426291;564058;;;;;
426292;564059;;;;;
426293;564060;;;;;
426294;564060;;;;;
426295;564061;;;;;
426296;564063;;;;;
426959;558810;;;;;
426960;558812;;;;;
426961;558812;;;;;
426962;558812;;;;;
426964;558815;;;;;
426965;558815;;;;;
427591;562358;;;;;
427592;562358;;;;;
427593;562359;;;;;
427594;562359;;;;;
427595;562360;;;;;
427596;562361;;;;;
427597;562361;;;;;
427599;562364;;;;;
427600;562365;;;;;
427601;562365;;;;;
427617;566313;;;;;
427618;566315;;;;;
427619;566317;;;;;
425657;559001;;;;;
425658;559001;;;;;
425659;559001;;;;;
425660;559002;;;;;
425661;559003;;;;;
425662;559003;;;;;
425663;559003;;;;;
425664;559003;;;;;
425665;559003;;;;;
425666;559004;;;;;
425667;559004;;;;;
425668;559004;;;;;
425673;559011;;;;;
425674;559012;;;;;
425675;559013;;;;;
425676;559013;;;;;
425677;559014;;;;;
425678;559015;;;;;
425679;559016;;;;;
425680;559016;;;;;
425681;559017;;;;;
425682;559017;;;;;
425683;559018;;;;;
425684;559019;;;;;
425685;559019;;;;;
425686;559019;;;;;
425687;559019;;;;;
425688;559020;;;;;
425689;559021;;;;;
425690;559021;;;;;
425691;559022;;;;;
426299;564068;;;;;
426973;558829;;;;;
426974;558831;;;;;
426976;558834;;;;;
426977;558834;;;;;
426981;560825;;;;;
426982;560826;;;;;
426983;560827;;;;;
426984;560828;;;;;
426985;560829;;;;;
426986;560830;;;;;
426987;560830;;;;;
426988;560830;;;;;
426989;560830;;;;;
426990;560831;;;;;
426991;560832;;;;;
426992;560833;;;;;
426993;560834;;;;;
426994;560834;;;;;
426995;560834;;;;;
426996;560834;;;;;
426997;560835;;;;;
427000;560838;;;;;
427001;560838;;;;;
427002;560838;;;;;
427003;560838;;;;;
427004;560839;;;;;
427005;560839;;;;;
427006;560839;;;;;
425692;559022;;;;;
425698;559031;;;;;
425703;559140;;;;;
425704;559141;;;;;
425705;559141;;;;;
425706;559142;;;;;
425707;559142;;;;;
425708;559143;;;;;
425709;559144;;;;;
425710;559144;;;;;
425711;559145;;;;;
425712;559145;;;;;
425713;559145;;;;;
425714;559147;;;;;
425715;559148;;;;;
425716;559148;;;;;
425717;559149;;;;;
425723;559155;;;;;
425724;559157;;;;;
425725;559157;;;;;
425726;559157;;;;;
425727;559159;;;;;
425728;559160;;;;;
425729;559160;;;;;
425730;559161;;;;;
425731;559161;;;;;
425732;559162;;;;;
425733;559162;;;;;
427009;562410;;;;;
427011;562414;;;;;
427012;562415;;;;;
427013;562417;;;;;
427014;562418;;;;;
427015;562418;;;;;
427016;562420;;;;;
427017;562421;;;;;
427018;562423;;;;;
427019;562424;;;;;
427020;562425;;;;;
427021;562425;;;;;
427705;558735;;;;;
427706;558735;;;;;
427707;558736;;;;;
427708;558736;;;;;
427709;558736;;;;;
427715;558739;;;;;
427716;558739;;;;;
427720;560746;;;;;
427722;560749;;;;;
427723;560749;;;;;
427724;560750;;;;;
427727;560752;;;;;
427537;558721;;;;;
427538;558722;;;;;
427539;558724;;;;;
427544;558727;;;;;
427545;558727;;;;;
427547;558729;;;;;
427548;558729;;;;;
427549;558730;;;;;
427553;558734;;;;;
427554;558734;;;;;
425734;559163;;;;;
426090;562447;;;;;
426091;562447;;;;;
426092;562448;;;;;
426093;562449;;;;;
426094;562449;;;;;
426095;562449;;;;;
426096;562449;;;;;
426097;562450;;;;;
426099;564202;;;;;
426100;564203;;;;;
426409;558947;;;;;
426410;558947;;;;;
426413;558953;;;;;
426414;558954;;;;;
427049;562427;;;;;
427050;562428;;;;;
427051;562429;;;;;
427052;562430;;;;;
427053;562432;;;;;
427054;562433;;;;;
427055;562435;;;;;
427094;566401;;;;;
427645;566339;;;;;
427646;566341;;;;;
427647;566342;;;;;
427648;566344;;;;;
426101;564203;;;;;
426102;564204;;;;;
426103;564204;;;;;
426104;564205;;;;;
426105;564206;;;;;
426415;558954;;;;;
426416;558955;;;;;
426417;558955;;;;;
426418;558956;;;;;
426779;558783;;;;;
426780;558783;;;;;
426800;558797;;;;;
426801;558798;;;;;
426802;558798;;;;;
426803;558798;;;;;
426804;558799;;;;;
427465;566445;;;;;
427735;560764;;;;;
427736;590308;;;;;
427737;590778;;;;;
427738;590777;;;;;
427739;590471;;;;;
427740;560766;;;;;
427741;560768;;;;;
427742;560769;;;;;
427744;560772;;;;;
427745;560773;;;;;
427746;560775;;;;;
427747;560776;;;;;
425862;559045;;;;;
425863;559045;;;;;
425864;559045;;;;;
425865;559046;;;;;
426837;562391;;;;;
426838;562392;;;;;
426839;562392;;;;;
426840;562394;;;;;
426843;562399;;;;;
426844;562399;;;;;
427505;558701;;;;;
427514;558710;;;;;
427515;558711;;;;;
425172;558691;;;;;
425173;558691;;;;;
425174;558692;;;;;
425175;558692;;;;;
425176;558693;;;;;
425177;558693;;;;;
425178;558694;;;;;
425866;559046;;;;;
425867;559048;;;;;
425868;559049;;;;;
425869;559049;;;;;
425882;559069;;;;;
425886;559072;;;;;
425887;559072;;;;;
425888;559073;;;;;
425889;559073;;;;;
425890;559074;;;;;
425891;559074;;;;;
425892;559075;;;;;
425893;559076;;;;;
425894;559076;;;;;
425895;559077;;;;;
425896;559077;;;;;
425897;559077;;;;;
425898;559078;;;;;
425899;559079;;;;;
425903;564180;;;;;
425904;564181;;;;;
426845;562400;;;;;
426846;562400;;;;;
426847;562400;;;;;
426848;562402;;;;;
426849;562402;;;;;
426850;562403;;;;;
426508;564107;;;;;
427531;558719;;;;;
427532;558719;;;;;
427533;558719;;;;;
427534;558720;;;;;
427535;558720;;;;;
427536;558721;;;;;
427200;560872;;;;;
427201;560873;;;;;
427203;560875;;;;;
427204;560875;;;;;
427205;562435;;;;;
427206;562436;;;;;
427208;562440;;;;;
427213;566277;;;;;
427214;566278;;;;;
427215;566279;;;;;
427216;566280;;;;;
427217;566281;;;;;
427218;566282;;;;;
425905;564182;;;;;
425906;564183;;;;;
425907;564184;;;;;
425908;564185;;;;;
425909;564186;;;;;
425910;564187;;;;;
425911;564188;;;;;
425912;564189;;;;;
425913;564190;;;;;
425914;564191;;;;;
425915;564192;;;;;
425916;564193;;;;;
425917;564194;;;;;
425938;564199;;;;;
425939;564199;;;;;
426576;558741;;;;;
426577;558741;;;;;
426578;558742;;;;;
426579;558742;;;;;
426580;558743;;;;;
426583;558745;;;;;
426584;558745;;;;;
426585;558746;;;;;
426586;558746;;;;;
427912;560793;;;;;
429214;561686;;;;;
429215;561686;;;;;
429216;561686;;;;;
429217;561687;;;;;
429218;561687;;;;;
429219;561689;;;;;
429220;561691;;;;;
429221;561692;;;;;
429860;561773;;;;;
429861;561774;;;;;
429862;561774;;;;;
429863;561776;;;;;
429864;561778;;;;;
429865;561779;;;;;
429866;560209;;;;;
427913;560794;;;;;
427914;560794;;;;;
427915;560796;;;;;
427917;560799;;;;;
427918;560801;;;;;
427919;560803;;;;;
427920;560805;;;;;
427921;560806;;;;;
427922;560808;;;;;
427923;560808;;;;;
427925;560811;;;;;
427926;560812;;;;;
427927;560812;;;;;
427928;560813;;;;;
427929;590310;;;;;
427930;590309;;;;;
427931;590847;;;;;
427932;590846;;;;;
427933;560815;;;;;
427934;560815;;;;;
427945;560160;;;;;
427946;560161;;;;;
427947;560163;;;;;
427948;560163;;;;;
429222;561694;;;;;
429223;561696;;;;;
429224;561697;;;;;
429225;561697;;;;;
429226;561698;;;;;
429227;561699;;;;;
429251;561702;;;;;
429252;561703;;;;;
429259;561706;;;;;
429260;561707;;;;;
429261;561708;;;;;
429869;560215;;;;;
429871;560217;;;;;
429873;560218;;;;;
429874;560218;;;;;
429875;560219;;;;;
429876;560219;;;;;
429877;560220;;;;;
429901;590427;;;;;
429902;590426;;;;;
429903;590427;;;;;
429904;590426;;;;;
427949;560164;;;;;
427950;560166;;;;;
427952;560168;;;;;
427974;566205;;;;;
427975;566206;;;;;
428651;559997;;;;;
429298;590366;;;;;
429913;560397;;;;;
429914;560399;;;;;
429922;560411;;;;;
429923;560411;;;;;
429924;560411;;;;;
429931;561830;;;;;
429299;590365;;;;;
429300;590366;;;;;
429301;590365;;;;;
429302;590366;;;;;
429303;590365;;;;;
429304;560278;;;;;
429305;560278;;;;;
429306;560279;;;;;
429307;560279;;;;;
3377349;563538;;;;;
430325;561889;;;;;
430326;561890;;;;;
430327;561891;;;;;
430328;561892;;;;;
430329;561893;;;;;
430330;561893;;;;;
430331;561894;;;;;
430332;561895;;;;;
430333;561895;;;;;
430334;561896;;;;;
430335;561896;;;;;
430336;561897;;;;;
430337;561897;;;;;
428712;563667;;;;;
428713;563667;;;;;
428714;563668;;;;;
428715;563668;;;;;
428716;563668;;;;;
428717;563668;;;;;
428718;563672;;;;;
428719;563673;;;;;
428721;563675;;;;;
428722;563676;;;;;
428723;563677;;;;;
428724;563678;;;;;
428725;563679;;;;;
428726;563679;;;;;
428729;563680;;;;;
428730;563681;;;;;
428731;563681;;;;;
428732;563681;;;;;
428733;563681;;;;;
428734;563681;;;;;
428735;563681;;;;;
428736;563682;;;;;
428737;563683;;;;;
428738;563684;;;;;
430093;561834;;;;;
430094;561834;;;;;
430095;561835;;;;;
430096;561837;;;;;
430097;561838;;;;;
430098;561840;;;;;
430100;561843;;;;;
430101;561843;;;;;
430108;561848;;;;;
430110;561852;;;;;
430111;561853;;;;;
430112;561853;;;;;
430113;561854;;;;;
430114;561856;;;;;
430115;561858;;;;;
430116;561858;;;;;
430117;561859;;;;;
430119;561862;;;;;
430120;561864;;;;;
430121;561864;;;;;
430122;561865;;;;;
430123;561866;;;;;
430126;561871;;;;;
428462;559114;;;;;
428463;559114;;;;;
428464;559114;;;;;
428465;559115;;;;;
428466;559115;;;;;
428467;559115;;;;;
428468;559115;;;;;
428469;559116;;;;;
428470;559116;;;;;
428471;559116;;;;;
428472;559116;;;;;
428473;559117;;;;;
428474;559117;;;;;
428475;559117;;;;;
428476;559117;;;;;
428741;563687;;;;;
428742;563687;;;;;
428743;563687;;;;;
428744;563687;;;;;
428745;563688;;;;;
428746;563688;;;;;
428747;563688;;;;;
428748;563688;;;;;
428749;563689;;;;;
428750;563689;;;;;
428751;563689;;;;;
428752;563689;;;;;
428753;563690;;;;;
428754;563691;;;;;
428755;563691;;;;;
428756;563691;;;;;
428757;563691;;;;;
428764;559207;;;;;
428765;559207;;;;;
428787;559214;;;;;
428788;559214;;;;;
429387;565628;;;;;
429389;565632;;;;;
429390;565632;;;;;
429391;565632;;;;;
430518;561912;;;;;
430519;561913;;;;;
430237;561069;;;;;
430238;561070;;;;;
430239;561070;;;;;
430240;561800;;;;;
430241;561801;;;;;
430242;561802;;;;;
430243;561803;;;;;
430244;561804;;;;;
430245;561805;;;;;
428477;559118;;;;;
428478;559118;;;;;
428479;559118;;;;;
428480;559118;;;;;
428481;559119;;;;;
428482;559119;;;;;
428483;559119;;;;;
428484;559119;;;;;
428485;559120;;;;;
428486;559120;;;;;
428487;559120;;;;;
428488;559121;;;;;
428489;559121;;;;;
428490;559122;;;;;
428491;559122;;;;;
428492;559123;;;;;
428493;559123;;;;;
428494;559123;;;;;
428495;559124;;;;;
428496;559124;;;;;
428497;559124;;;;;
428498;559124;;;;;
428499;559125;;;;;
428500;559125;;;;;
428501;559125;;;;;
428502;559125;;;;;
428503;559125;;;;;
428504;559125;;;;;
428505;559126;;;;;
428506;559126;;;;;
428507;559126;;;;;
428508;559126;;;;;
428509;559127;;;;;
428510;559127;;;;;
429415;561709;;;;;
429416;561709;;;;;
429417;561709;;;;;
429418;561709;;;;;
429419;561710;;;;;
429420;561710;;;;;
429421;561710;;;;;
429422;561710;;;;;
429423;561711;;;;;
429424;561711;;;;;
429425;561711;;;;;
429979;566496;;;;;
429980;566496;;;;;
429981;566496;;;;;
429982;566498;;;;;
429983;566499;;;;;
429984;566499;;;;;
429194;565604;;;;;
429829;561759;;;;;
429830;561759;;;;;
429831;561760;;;;;
429832;561760;;;;;
429833;561760;;;;;
429834;561761;;;;;
429835;561761;;;;;
429836;561762;;;;;
430127;561871;;;;;
430451;563437;;;;;
430452;563438;;;;;
430453;563439;;;;;
430454;563441;;;;;
430455;563442;;;;;
430456;563442;;;;;
430457;563444;;;;;
430458;563445;;;;;
430461;563447;;;;;
430462;563449;;;;;
430463;563451;;;;;
430466;563453;;;;;
430473;563037;;;;;
430474;563037;;;;;
430475;563037;;;;;
430476;563039;;;;;
430477;563041;;;;;
430478;563041;;;;;
428921;563696;;;;;
428922;563696;;;;;
428923;563698;;;;;
428924;563700;;;;;
428925;563701;;;;;
428926;563702;;;;;
429837;561762;;;;;
429838;561763;;;;;
429839;561764;;;;;
429840;561764;;;;;
429841;561765;;;;;
429842;561765;;;;;
429843;561766;;;;;
429844;561766;;;;;
429855;561770;;;;;
429856;561772;;;;;
429857;561772;;;;;
429858;561773;;;;;
429859;561773;;;;;
430247;561807;;;;;
430248;561807;;;;;
430249;561808;;;;;
430250;561809;;;;;
430251;561810;;;;;
430252;561811;;;;;
430253;561811;;;;;
430254;561811;;;;;
430255;561811;;;;;
430256;561812;;;;;
430257;561812;;;;;
430258;561813;;;;;
430259;561813;;;;;
430263;561818;;;;;
430264;561818;;;;;
430265;561820;;;;;
430266;561822;;;;;
430267;561823;;;;;
430268;561824;;;;;
430269;561824;;;;;
430270;561825;;;;;
430271;561825;;;;;
430272;561826;;;;;
430279;563415;;;;;
430280;563417;;;;;
430281;563418;;;;;
428274;559095;;;;;
428277;559097;;;;;
428278;559099;;;;;
428279;559099;;;;;
428280;559099;;;;;
428281;559099;;;;;
428282;559100;;;;;
428283;559100;;;;;
428284;559100;;;;;
428285;559100;;;;;
428288;559103;;;;;
428289;559104;;;;;
428927;563702;;;;;
428930;563707;;;;;
428949;565230;;;;;
428950;565232;;;;;
429558;565305;;;;;
430040;560224;;;;;
430041;560224;;;;;
430042;560224;;;;;
430043;560225;;;;;
430044;560225;;;;;
430045;560226;;;;;
430046;560226;;;;;
430047;560226;;;;;
430054;561781;;;;;
430055;561782;;;;;
430056;561782;;;;;
428290;559105;;;;;
428291;559106;;;;;
428292;559107;;;;;
428293;559108;;;;;
428294;559109;;;;;
428295;559110;;;;;
428301;559112;;;;;
428302;559112;;;;;
428303;559112;;;;;
428304;559112;;;;;
428305;559113;;;;;
428306;559113;;;;;
428307;559113;;;;;
428308;559113;;;;;
428309;559113;;;;;
428310;559113;;;;;
428311;559114;;;;;
429577;565661;;;;;
429578;565663;;;;;
429579;565664;;;;;
430480;563043;;;;;
430481;563045;;;;;
430482;563045;;;;;
430483;563046;;;;;
430484;563047;;;;;
430485;563047;;;;;
430486;563048;;;;;
430487;563048;;;;;
430488;563049;;;;;
430489;561899;;;;;
430495;561902;;;;;
430496;561903;;;;;
430497;561904;;;;;
430498;561905;;;;;
430499;561906;;;;;
430500;561906;;;;;
430501;561906;;;;;
430502;561906;;;;;
430503;561907;;;;;
430504;561907;;;;;
430505;561907;;;;;
430506;561907;;;;;
430507;561908;;;;;
430508;561909;;;;;
430509;561909;;;;;
430510;561910;;;;;
430511;561910;;;;;
430512;561910;;;;;
430513;561910;;;;;
430515;561912;;;;;
430516;561912;;;;;
430517;561912;;;;;
429023;560098;;;;;
429024;560099;;;;;
429025;560099;;;;;
429026;560101;;;;;
429027;560101;;;;;
429028;560101;;;;;
429034;560104;;;;;
429051;560124;;;;;
429624;561731;;;;;
429634;561734;;;;;
429635;561735;;;;;
429636;561736;;;;;
429637;561737;;;;;
429639;561741;;;;;
429640;561741;;;;;
429641;561741;;;;;
429642;561743;;;;;
429643;561743;;;;;
429644;561744;;;;;
429645;561746;;;;;
429646;561748;;;;;
429648;561751;;;;;
429649;561753;;;;;
429650;561754;;;;;
430282;563418;;;;;
430283;563419;;;;;
430284;563421;;;;;
430285;563423;;;;;
430286;563425;;;;;
430287;563427;;;;;
430288;563428;;;;;
430298;561881;;;;;
430299;561881;;;;;
430300;561882;;;;;
430301;561882;;;;;
430302;561883;;;;;
430303;561885;;;;;
430304;561886;;;;;
429052;560124;;;;;
429062;561682;;;;;
9091586;8285496;;;;;
9090939;8285180;;;;;
9091587;8285497;;;;;
429661;561758;;;;;
429662;561758;;;;;
429700;560148;;;;;
429701;560148;;;;;
429702;560148;;;;;
429703;560148;;;;;
429704;590425;;;;;
429705;590424;;;;;
429706;590425;;;;;
429707;590424;;;;;
429708;590425;;;;;
429709;590424;;;;;
429710;590425;;;;;
429711;590424;;;;;
430057;561782;;;;;
430058;561782;;;;;
430059;561783;;;;;
430060;561783;;;;;
430061;561783;;;;;
430062;561783;;;;;
430063;561784;;;;;
430064;561785;;;;;
430065;561785;;;;;
430066;561785;;;;;
430067;561785;;;;;
430068;561786;;;;;
430071;561789;;;;;
430072;561790;;;;;
430073;561791;;;;;
430074;561791;;;;;
430075;561791;;;;;
430076;561791;;;;;
430077;561792;;;;;
430081;561796;;;;;
430082;561796;;;;;
430083;561796;;;;;
430084;561796;;;;;
430085;561796;;;;;
430086;561796;;;;;
430087;561797;;;;;
430088;561798;;;;;
430089;561799;;;;;
430090;561832;;;;;
430091;561832;;;;;
430092;561832;;;;;
428789;559214;;;;;
428790;559215;;;;;
428791;559215;;;;;
428792;559216;;;;;
428793;559216;;;;;
429742;565323;;;;;
429743;565324;;;;;
429744;563095;;;;;
429745;563095;;;;;
429746;563096;;;;;
429747;563096;;;;;
429748;563096;;;;;
428857;560069;;;;;
429426;561711;;;;;
429427;561712;;;;;
429428;561713;;;;;
429429;561714;;;;;
429430;561715;;;;;
429439;561718;;;;;
429440;561719;;;;;
429441;561720;;;;;
429442;561720;;;;;
429443;561720;;;;;
429444;561720;;;;;
429445;561721;;;;;
429446;561721;;;;;
429447;561722;;;;;
429449;561724;;;;;
429450;561725;;;;;
429451;561726;;;;;
429452;561726;;;;;
429453;561726;;;;;
430130;561875;;;;;
430131;561875;;;;;
430132;561876;;;;;
430133;561876;;;;;
429454;561726;;;;;
429467;560294;;;;;
429468;560294;;;;;
429469;560295;;;;;
429470;560295;;;;;
429471;560296;;;;;
429472;560296;;;;;
429473;560296;;;;;
429474;560297;;;;;
429475;560297;;;;;
429476;560298;;;;;
429477;560298;;;;;
429478;560299;;;;;
429479;560299;;;;;
432271;561484;;;;;
432272;561484;;;;;
432273;561486;;;;;
430438;561093;;;;;
430440;563431;;;;;
430441;563432;;;;;
430442;563432;;;;;
430443;563433;;;;;
430790;561141;;;;;
430793;561144;;;;;
430794;561144;;;;;
430795;561144;;;;;
430796;561146;;;;;
431074;563536;;;;;
431075;563536;;;;;
431076;563537;;;;;
431077;563537;;;;;
431080;563539;;;;;
431081;563539;;;;;
431082;563540;;;;;
431083;563542;;;;;
431084;563543;;;;;
431085;563545;;;;;
431086;563547;;;;;
431430;559795;;;;;
431437;559807;;;;;
431454;561388;;;;;
431724;563631;;;;;
431725;563633;;;;;
431726;563635;;;;;
431727;563635;;;;;
431728;563635;;;;;
431729;563636;;;;;
432292;561488;;;;;
432293;561490;;;;;
432294;561492;;;;;
432295;561493;;;;;
432296;561494;;;;;
432297;561494;;;;;
432298;561496;;;;;
432299;561496;;;;;
432301;561498;;;;;
432302;561500;;;;;
430797;561147;;;;;
430798;561147;;;;;
430799;561148;;;;;
430801;561151;;;;;
430802;561153;;;;;
430803;561153;;;;;
430804;561154;;;;;
430805;561154;;;;;
430806;561154;;;;;
430807;561155;;;;;
430808;561155;;;;;
430809;561156;;;;;
430810;561156;;;;;
430811;561156;;;;;
430812;561157;;;;;
430813;561159;;;;;
430814;561159;;;;;
430815;561159;;;;;
430818;561162;;;;;
430820;561166;;;;;
430821;561166;;;;;
430822;561166;;;;;
430823;561168;;;;;
430824;561169;;;;;
430833;561175;;;;;
430834;561176;;;;;
430835;561176;;;;;
430836;561178;;;;;
430837;561178;;;;;
430838;561178;;;;;
430839;561179;;;;;
430840;563489;;;;;
430841;563489;;;;;
431455;561390;;;;;
431457;561394;;;;;
431458;561395;;;;;
431459;561396;;;;;
431461;561400;;;;;
431462;561400;;;;;
431463;561400;;;;;
431464;561401;;;;;
431465;560169;;;;;
431466;560169;;;;;
431467;560171;;;;;
431468;560172;;;;;
431469;560174;;;;;
431470;560176;;;;;
431471;560177;;;;;
432090;561448;;;;;
432091;561450;;;;;
432092;561451;;;;;
432093;561451;;;;;
432095;561454;;;;;
432096;561455;;;;;
432097;561457;;;;;
432098;561458;;;;;
432099;561460;;;;;
432320;562105;;;;;
432321;562106;;;;;
432322;562106;;;;;
432323;562106;;;;;
432324;562107;;;;;
432325;562108;;;;;
432326;562108;;;;;
432327;562108;;;;;
432328;562108;;;;;
432329;562108;;;;;
432330;562108;;;;;
432332;562110;;;;;
432333;562110;;;;;
432334;562111;;;;;
432335;562112;;;;;
432336;562112;;;;;
432337;562112;;;;;
432338;562112;;;;;
432339;562113;;;;;
432340;562113;;;;;
432341;562113;;;;;
430842;563489;;;;;
430843;563489;;;;;
430844;563490;;;;;
430845;563491;;;;;
430846;563492;;;;;
430847;563493;;;;;
430521;561915;;;;;
430522;561916;;;;;
430523;561916;;;;;
430524;561916;;;;;
430525;561916;;;;;
430526;561917;;;;;
430527;561917;;;;;
430528;561917;;;;;
430529;561917;;;;;
430530;561918;;;;;
430531;561919;;;;;
430532;561920;;;;;
431188;556296;;;;;
431190;556298;;;;;
431194;559761;;;;;
431195;559762;;;;;
431196;559763;;;;;
431200;559765;;;;;
431201;559765;;;;;
431202;559765;;;;;
431203;559765;;;;;
431204;559766;;;;;
431205;559766;;;;;
431206;559766;;;;;
431207;559766;;;;;
431208;559767;;;;;
431209;559767;;;;;
431210;559767;;;;;
431211;559767;;;;;
432100;561462;;;;;
432101;561464;;;;;
432102;561464;;;;;
432103;561464;;;;;
432104;561465;;;;;
432105;561465;;;;;
432107;561468;;;;;
432109;561470;;;;;
432110;561472;;;;;
432111;561474;;;;;
432112;561475;;;;;
432114;561478;;;;;
432115;561479;;;;;
432116;561481;;;;;
432117;590320;;;;;
432118;590319;;;;;
432119;590318;;;;;
432120;590776;;;;;
432121;590775;;;;;
431802;562183;;;;;
431803;562183;;;;;
431804;562184;;;;;
431805;562185;;;;;
431806;562185;;;;;
431807;562186;;;;;
431808;562187;;;;;
431809;562188;;;;;
431810;562189;;;;;
431811;562190;;;;;
432342;562113;;;;;
432343;562114;;;;;
430589;561093;;;;;
430590;561094;;;;;
430591;561094;;;;;
430592;561094;;;;;
430593;561094;;;;;
431212;559768;;;;;
431213;559768;;;;;
431214;559768;;;;;
431215;559768;;;;;
431216;559769;;;;;
431217;559769;;;;;
431218;559769;;;;;
431219;559769;;;;;
431235;590806;;;;;
431236;590805;;;;;
431237;590806;;;;;
431238;590805;;;;;
431239;590374;;;;;
431240;590373;;;;;
431256;563556;;;;;
431257;563558;;;;;
431815;562194;;;;;
431816;562194;;;;;
431817;562195;;;;;
431818;562195;;;;;
431819;562196;;;;;
431820;562197;;;;;
430600;561099;;;;;
430603;561107;;;;;
430604;561107;;;;;
430605;561108;;;;;
430606;561109;;;;;
430609;561113;;;;;
430610;561115;;;;;
430611;561116;;;;;
430612;561117;;;;;
430613;561119;;;;;
430614;561120;;;;;
430615;561121;;;;;
430617;561124;;;;;
430623;561130;;;;;
430624;561132;;;;;
430628;561135;;;;;
430629;561135;;;;;
430630;561136;;;;;
430631;561136;;;;;
430632;561136;;;;;
430635;561139;;;;;
430636;561139;;;;;
430637;561140;;;;;
430638;561140;;;;;
431291;563572;;;;;
431292;563572;;;;;
431293;563572;;;;;
431294;563572;;;;;
431295;563573;;;;;
431895;561430;;;;;
431896;561431;;;;;
431897;561431;;;;;
431898;561431;;;;;
431899;561431;;;;;
431905;561433;;;;;
431906;561433;;;;;
431907;561434;;;;;
431908;561434;;;;;
431909;561435;;;;;
431910;561436;;;;;
431911;561437;;;;;
431912;561439;;;;;
431913;561440;;;;;
431914;561440;;;;;
430639;563049;;;;;
430640;563049;;;;;
430641;563051;;;;;
430642;563053;;;;;
430643;563054;;;;;
430644;563054;;;;;
430645;563454;;;;;
430646;563454;;;;;
430648;590506;;;;;
430649;563455;;;;;
430650;563455;;;;;
430651;563455;;;;;
430652;563456;;;;;
430653;563456;;;;;
430654;563456;;;;;
430655;563457;;;;;
430656;563459;;;;;
430657;563460;;;;;
430658;563461;;;;;
430659;563461;;;;;
430660;563463;;;;;
430661;563465;;;;;
430662;563467;;;;;
430665;563472;;;;;
430666;563472;;;;;
430669;563475;;;;;
430670;563475;;;;;
430671;563476;;;;;
430672;563476;;;;;
430673;563476;;;;;
430674;563476;;;;;
430675;563477;;;;;
430676;563477;;;;;
431297;563575;;;;;
431298;563576;;;;;
431299;563577;;;;;
431300;563577;;;;;
431301;563577;;;;;
431302;563577;;;;;
431303;563578;;;;;
431304;563578;;;;;
431305;563579;;;;;
431306;563580;;;;;
431307;563581;;;;;
431308;563581;;;;;
431309;563581;;;;;
431310;563581;;;;;
431311;563582;;;;;
431312;563583;;;;;
431315;563586;;;;;
431317;563589;;;;;
431318;563589;;;;;
431319;563590;;;;;
431320;563592;;;;;
431321;563593;;;;;
431322;563594;;;;;
431323;563594;;;;;
431324;563596;;;;;
431325;563596;;;;;
431326;563597;;;;;
431327;563597;;;;;
431328;563597;;;;;
431329;563599;;;;;
431330;563599;;;;;
431331;563600;;;;;
431332;563600;;;;;
431915;561441;;;;;
431916;561443;;;;;
431920;564029;;;;;
431921;564030;;;;;
431922;564031;;;;;
431926;564036;;;;;
431927;564036;;;;;
431928;564037;;;;;
431929;564037;;;;;
431930;564039;;;;;
431931;564040;;;;;
431932;564040;;;;;
432620;560231;;;;;
432621;560233;;;;;
432622;560235;;;;;
432623;560235;;;;;
432624;560235;;;;;
432625;560236;;;;;
432642;560239;;;;;
432643;560239;;;;;
432644;560240;;;;;
432645;560240;;;;;
432646;560241;;;;;
432647;560242;;;;;
432648;560243;;;;;
432649;560245;;;;;
432651;562140;;;;;
430677;563477;;;;;
430678;563477;;;;;
430679;563478;;;;;
430680;563479;;;;;
430681;563480;;;;;
430683;563482;;;;;
430684;563483;;;;;
430685;563484;;;;;
430686;563485;;;;;
430687;563486;;;;;
430688;563487;;;;;
430689;563488;;;;;
430705;561923;;;;;
431333;563600;;;;;
431336;563603;;;;;
431337;563604;;;;;
431338;563604;;;;;
431340;563606;;;;;
431351;559170;;;;;
431352;559171;;;;;
431364;559172;;;;;
431370;559174;;;;;
431373;559176;;;;;
431375;559179;;;;;
431376;559180;;;;;
431970;562197;;;;;
431971;562198;;;;;
431972;562199;;;;;
431973;560249;;;;;
431974;560251;;;;;
431975;560251;;;;;
431976;560252;;;;;
431977;560252;;;;;
431978;560252;;;;;
430724;561926;;;;;
430725;561926;;;;;
430726;561926;;;;;
430727;561927;;;;;
430728;561929;;;;;
430729;561932;;;;;
430730;561932;;;;;
430731;561934;;;;;
430732;561935;;;;;
430733;561937;;;;;
430734;561939;;;;;
430738;561942;;;;;
431377;559180;;;;;
431378;559181;;;;;
431379;559181;;;;;
431380;590919;;;;;
431381;590918;;;;;
431382;591094;;;;;
431383;590917;;;;;
431384;590916;;;;;
431385;590915;;;;;
431386;590914;;;;;
431387;590913;;;;;
431388;590912;;;;;
431389;590774;;;;;
431390;591093;;;;;
431391;590953;;;;;
431392;590952;;;;;
431393;590481;;;;;
431394;590480;;;;;
431395;590479;;;;;
431396;590478;;;;;
431397;590477;;;;;
431398;590476;;;;;
431399;590475;;;;;
431400;590474;;;;;
431401;590473;;;;;
431402;590472;;;;;
431403;590462;;;;;
431404;590461;;;;;
431405;590460;;;;;
431406;590459;;;;;
431407;590458;;;;;
431408;590457;;;;;
431409;590456;;;;;
431410;590453;;;;;
431411;590430;;;;;
431993;560255;;;;;
431994;560257;;;;;
431995;560258;;;;;
431996;560258;;;;;
431997;560259;;;;;
431998;560261;;;;;
431999;560262;;;;;
432000;560262;;;;;
432013;560268;;;;;
432014;562201;;;;;
432016;562205;;;;;
432017;562206;;;;;
432018;562208;;;;;
431089;561980;;;;;
431093;561983;;;;;
431094;561985;;;;;
431095;561986;;;;;
431096;561987;;;;;
431097;561987;;;;;
431098;561989;;;;;
431099;561990;;;;;
431100;561991;;;;;
431101;561992;;;;;
431102;561993;;;;;
431103;561994;;;;;
431104;561994;;;;;
431105;561994;;;;;
431106;561994;;;;;
431107;561995;;;;;
431108;561995;;;;;
431109;561995;;;;;
431110;561995;;;;;
431111;561996;;;;;
431112;561996;;;;;
431113;561996;;;;;
431114;561996;;;;;
431116;563560;;;;;
431117;563561;;;;;
431412;559184;;;;;
431413;559184;;;;;
431414;559185;;;;;
431417;559186;;;;;
431418;559186;;;;;
431419;559187;;;;;
431420;590374;;;;;
431421;590373;;;;;
431422;590374;;;;;
431423;590373;;;;;
431424;559792;;;;;
431425;559793;;;;;
431426;559793;;;;;
431429;559795;;;;;
431730;563636;;;;;
431731;563637;;;;;
431732;563637;;;;;
431733;563638;;;;;
431734;563638;;;;;
431735;563639;;;;;
431736;563639;;;;;
431737;563640;;;;;
431738;563641;;;;;
431739;563642;;;;;
431740;563642;;;;;
431741;563643;;;;;
431742;563643;;;;;
431743;563644;;;;;
431744;563644;;;;;
431745;563645;;;;;
431746;563645;;;;;
431747;563646;;;;;
432344;562115;;;;;
432345;562116;;;;;
432346;562116;;;;;
432347;562116;;;;;
432348;562116;;;;;
432349;562117;;;;;
432350;562117;;;;;
432351;562117;;;;;
432886;562141;;;;;
432887;562142;;;;;
432888;562143;;;;;
432889;563709;;;;;
432890;563710;;;;;
432892;563713;;;;;
432893;563713;;;;;
432895;563716;;;;;
432896;563716;;;;;
432897;563717;;;;;
432898;563719;;;;;
432899;563721;;;;;
432901;563725;;;;;
432902;563726;;;;;
432903;563726;;;;;
432906;563731;;;;;
432907;563733;;;;;
432908;563734;;;;;
432909;563736;;;;;
432910;563738;;;;;
431118;563561;;;;;
431119;563561;;;;;
431120;563563;;;;;
431121;563564;;;;;
431122;563565;;;;;
431123;563566;;;;;
431124;563567;;;;;
431125;563568;;;;;
431126;563568;;;;;
431127;563568;;;;;
431128;563568;;;;;
431129;563569;;;;;
431130;563569;;;;;
431131;563569;;;;;
431132;563569;;;;;
431133;563570;;;;;
431134;563570;;;;;
431135;563570;;;;;
431136;563570;;;;;
431137;563571;;;;;
431138;563571;;;;;
431156;559165;;;;;
431157;559165;;;;;
431748;563646;;;;;
431750;563650;;;;;
431751;563650;;;;;
431752;563651;;;;;
431753;563653;;;;;
431754;563654;;;;;
431755;563654;;;;;
431756;563655;;;;;
431759;563660;;;;;
431760;563660;;;;;
431761;563661;;;;;
431762;563662;;;;;
431763;563663;;;;;
431764;563664;;;;;
431765;563665;;;;;
431766;563666;;;;;
431767;563666;;;;;
431768;563666;;;;;
431769;563666;;;;;
431770;563667;;;;;
431771;563667;;;;;
431778;562169;;;;;
431779;562170;;;;;
431780;562171;;;;;
431781;562172;;;;;
431782;562172;;;;;
432424;560583;;;;;
432425;560584;;;;;
432426;560586;;;;;
432427;560588;;;;;
432428;560589;;;;;
432429;560590;;;;;
432430;560592;;;;;
432431;560594;;;;;
432432;560594;;;;;
432433;560595;;;;;
432434;560595;;;;;
432435;560595;;;;;
432436;560596;;;;;
432437;560598;;;;;
432438;560600;;;;;
432439;560601;;;;;
432440;560601;;;;;
432446;560609;;;;;
432447;560611;;;;;
432448;560612;;;;;
432455;560616;;;;;
432456;560618;;;;;
431158;559165;;;;;
431159;559165;;;;;
431160;559166;;;;;
431161;559167;;;;;
431180;559169;;;;;
430849;563495;;;;;
430850;563495;;;;;
430851;563495;;;;;
430852;563495;;;;;
430853;563496;;;;;
430854;563497;;;;;
430855;563498;;;;;
430856;563499;;;;;
430857;563500;;;;;
430858;563501;;;;;
430859;563502;;;;;
430860;563502;;;;;
430861;563502;;;;;
430862;563502;;;;;
430866;563504;;;;;
430867;563504;;;;;
430868;563504;;;;;
430869;563505;;;;;
430870;563505;;;;;
430871;563505;;;;;
430872;563505;;;;;
430873;563506;;;;;
430874;563506;;;;;
430875;563506;;;;;
431783;562172;;;;;
431784;562173;;;;;
431785;562174;;;;;
431786;562175;;;;;
431787;562175;;;;;
431788;562175;;;;;
431789;562175;;;;;
431790;562176;;;;;
431791;562177;;;;;
431792;562178;;;;;
431793;562178;;;;;
431794;562178;;;;;
431795;562178;;;;;
431796;562179;;;;;
431799;562182;;;;;
431800;562183;;;;;
431801;562183;;;;;
432352;562117;;;;;
432353;562118;;;;;
432354;562119;;;;;
432367;562124;;;;;
432368;562125;;;;;
432369;562255;;;;;
432370;562256;;;;;
432371;562258;;;;;
432372;562260;;;;;
432373;562260;;;;;
432374;562261;;;;;
432375;562261;;;;;
432376;562261;;;;;
432377;562262;;;;;
432603;562125;;;;;
432607;562131;;;;;
432608;562132;;;;;
432609;562132;;;;;
432610;562133;;;;;
432611;562135;;;;;
432612;562135;;;;;
432613;562135;;;;;
432616;560230;;;;;
432617;560230;;;;;
432618;560230;;;;;
432619;560231;;;;;
430876;563506;;;;;
430877;563507;;;;;
430878;563508;;;;;
430879;563508;;;;;
430880;563508;;;;;
430881;563508;;;;;
430882;563509;;;;;
430883;563509;;;;;
430884;563510;;;;;
430885;563511;;;;;
430886;563511;;;;;
430887;563511;;;;;
430888;563512;;;;;
430889;563512;;;;;
430890;561942;;;;;
430891;561944;;;;;
430892;561945;;;;;
430893;561945;;;;;
430894;561947;;;;;
430895;561948;;;;;
430896;561949;;;;;
430897;561950;;;;;
430898;561950;;;;;
430899;561950;;;;;
430900;561951;;;;;
430901;561951;;;;;
431524;563606;;;;;
431525;563607;;;;;
431526;563607;;;;;
431529;563055;;;;;
431530;563058;;;;;
431532;563061;;;;;
431533;563061;;;;;
431534;563061;;;;;
431535;563062;;;;;
431536;563062;;;;;
431550;563067;;;;;
432911;563740;;;;;
432912;563742;;;;;
432913;563742;;;;;
432914;563742;;;;;
430915;561955;;;;;
430916;561957;;;;;
430917;561959;;;;;
430918;561960;;;;;
430919;561960;;;;;
430920;561961;;;;;
430921;561963;;;;;
430925;561966;;;;;
430929;561970;;;;;
430930;561971;;;;;
430931;561971;;;;;
430933;561975;;;;;
430934;561976;;;;;
430935;561978;;;;;
430936;561978;;;;;
430937;561979;;;;;
430938;561979;;;;;
431564;563616;;;;;
431565;563616;;;;;
431566;563617;;;;;
431567;563619;;;;;
431568;563620;;;;;
431569;563622;;;;;
431570;563624;;;;;
431574;559187;;;;;
431575;559188;;;;;
431576;559189;;;;;
431577;559189;;;;;
431581;559192;;;;;
431582;559192;;;;;
431583;559193;;;;;
431584;559193;;;;;
431585;559194;;;;;
431586;559194;;;;;
431587;559194;;;;;
431588;559195;;;;;
431589;559195;;;;;
432149;562099;;;;;
432150;562100;;;;;
432151;562101;;;;;
432152;562101;;;;;
432153;562101;;;;;
432154;562101;;;;;
432155;562101;;;;;
432156;562101;;;;;
432157;562102;;;;;
432158;562102;;;;;
432159;562102;;;;;
432160;562102;;;;;
432161;562102;;;;;
432162;562103;;;;;
432163;562103;;;;;
432164;562103;;;;;
432165;562103;;;;;
432166;562104;;;;;
432167;562104;;;;;
432168;562104;;;;;
432457;560620;;;;;
432458;560621;;;;;
432459;560623;;;;;
432460;560623;;;;;
432461;560623;;;;;
431613;559198;;;;;
431614;559198;;;;;
431615;559199;;;;;
431616;559200;;;;;
431617;559200;;;;;
431618;559202;;;;;
431619;559203;;;;;
431620;559203;;;;;
431621;559204;;;;;
431623;560177;;;;;
431624;560179;;;;;
431625;560180;;;;;
431626;560180;;;;;
431627;560182;;;;;
431628;560184;;;;;
431629;560186;;;;;
431630;560187;;;;;
431631;561402;;;;;
431632;561402;;;;;
431633;561403;;;;;
431634;561403;;;;;
432169;562105;;;;;
432170;562105;;;;;
432171;562210;;;;;
432176;562217;;;;;
432177;562217;;;;;
432178;562218;;;;;
432179;562218;;;;;
432180;562218;;;;;
432181;562219;;;;;
432182;562219;;;;;
432183;562220;;;;;
432184;562220;;;;;
432185;562221;;;;;
432186;562221;;;;;
432187;562222;;;;;
432188;562222;;;;;
432189;562223;;;;;
432190;562224;;;;;
432191;562226;;;;;
432192;562228;;;;;
432193;562230;;;;;
432194;562231;;;;;
432195;562232;;;;;
432196;562232;;;;;
432200;562237;;;;;
432201;562237;;;;;
432202;562239;;;;;
432203;562241;;;;;
432204;562241;;;;;
430389;561070;;;;;
430390;561070;;;;;
431001;561192;;;;;
431002;561192;;;;;
431003;561192;;;;;
431004;561194;;;;;
431005;561194;;;;;
431006;561194;;;;;
431007;561194;;;;;
431008;561194;;;;;
431012;559760;;;;;
431016;556282;;;;;
431017;556283;;;;;
431018;556284;;;;;
431019;556285;;;;;
431020;556285;;;;;
431021;556285;;;;;
431022;556285;;;;;
431025;556288;;;;;
431026;556289;;;;;
431028;556291;;;;;
431029;556292;;;;;
431030;556293;;;;;
431031;556293;;;;;
431032;556293;;;;;
431033;556293;;;;;
431034;556294;;;;;
431035;556294;;;;;
431036;556294;;;;;
431635;561403;;;;;
431636;561405;;;;;
431637;561407;;;;;
431642;561414;;;;;
431643;561415;;;;;
431645;561419;;;;;
431646;561419;;;;;
431647;561419;;;;;
431648;561419;;;;;
431649;561419;;;;;
431650;561420;;;;;
431651;561420;;;;;
431654;561422;;;;;
431655;561423;;;;;
431656;561423;;;;;
431657;561424;;;;;
431658;561426;;;;;
432205;562242;;;;;
432206;562242;;;;;
432207;562244;;;;;
432208;562244;;;;;
432209;562244;;;;;
432210;562245;;;;;
432214;562251;;;;;
432215;562251;;;;;
432216;562251;;;;;
432217;562251;;;;;
432218;562252;;;;;
432219;562253;;;;;
432220;562253;;;;;
430408;561079;;;;;
430409;561080;;;;;
430410;561081;;;;;
430411;561082;;;;;
430412;561083;;;;;
430413;561084;;;;;
430414;561084;;;;;
430415;561084;;;;;
430416;561084;;;;;
430417;561085;;;;;
430418;561085;;;;;
430419;561086;;;;;
430420;561087;;;;;
430421;561088;;;;;
430422;561088;;;;;
430423;561088;;;;;
430424;561088;;;;;
430425;561089;;;;;
430426;561090;;;;;
430427;561090;;;;;
430428;561090;;;;;
430429;561090;;;;;
430430;561091;;;;;
430431;561091;;;;;
430432;561092;;;;;
430433;561092;;;;;
430434;561092;;;;;
430435;561092;;;;;
430436;561093;;;;;
430437;561093;;;;;
431037;556294;;;;;
431038;556295;;;;;
431043;563517;;;;;
431045;563519;;;;;
431046;563520;;;;;
431047;563520;;;;;
431048;563521;;;;;
431049;563521;;;;;
431059;563524;;;;;
431060;563524;;;;;
431061;563525;;;;;
431062;563525;;;;;
431063;563525;;;;;
431064;563526;;;;;
431065;563526;;;;;
431066;563527;;;;;
431067;563527;;;;;
431068;563528;;;;;
431069;563528;;;;;
431071;563531;;;;;
431073;563535;;;;;
434730;563804;;;;;
434731;563804;;;;;
434732;563806;;;;;
434734;563810;;;;;
434735;563811;;;;;
434742;563823;;;;;
434743;563823;;;;;
434749;563829;;;;;
434750;563831;;;;;
434751;563832;;;;;
434752;563832;;;;;
432793;560626;;;;;
432794;560628;;;;;
432796;560630;;;;;
432797;560630;;;;;
432798;560631;;;;;
432799;560632;;;;;
432800;560634;;;;;
432801;560636;;;;;
432802;560637;;;;;
432803;560639;;;;;
432804;560641;;;;;
432808;560646;;;;;
432810;560648;;;;;
434181;562276;;;;;
434184;562279;;;;;
434185;562280;;;;;
434186;562281;;;;;
434187;562282;;;;;
434188;562284;;;;;
434189;562285;;;;;
434190;562285;;;;;
434191;562286;;;;;
434192;562286;;;;;
434193;562287;;;;;
434194;562287;;;;;
434195;562288;;;;;
434196;562288;;;;;
434197;562289;;;;;
434198;562289;;;;;
434199;562290;;;;;
434200;562290;;;;;
432811;560649;;;;;
432812;560649;;;;;
432813;560650;;;;;
432814;560650;;;;;
432815;560651;;;;;
432816;560651;;;;;
432817;590214;;;;;
432818;590213;;;;;
432819;560652;;;;;
432820;560654;;;;;
432821;560655;;;;;
432822;560657;;;;;
432823;560659;;;;;
432824;560659;;;;;
432825;560660;;;;;
432826;560660;;;;;
432827;560661;;;;;
433656;560500;;;;;
433657;560501;;;;;
433658;560502;;;;;
433659;560503;;;;;
433660;560505;;;;;
434808;562664;;;;;
434809;562664;;;;;
434810;562665;;;;;
434811;562666;;;;;
434812;562666;;;;;
434813;562667;;;;;
434814;562667;;;;;
434815;562668;;;;;
434816;562670;;;;;
434817;562671;;;;;
434818;562671;;;;;
434819;562672;;;;;
434820;562673;;;;;
434832;562674;;;;;
434833;562675;;;;;
433321;590363;;;;;
433322;590364;;;;;
433323;590363;;;;;
433324;560696;;;;;
433331;560701;;;;;
433332;560701;;;;;
433333;560701;;;;;
433334;560702;;;;;
433335;560702;;;;;
433336;560703;;;;;
433338;560706;;;;;
433340;560708;;;;;
433341;560708;;;;;
433342;560709;;;;;
433344;560712;;;;;
433345;560714;;;;;
433346;560716;;;;;
433347;560718;;;;;
433661;560506;;;;;
433662;560506;;;;;
433663;560507;;;;;
433664;560508;;;;;
433665;560510;;;;;
433666;560512;;;;;
433667;560514;;;;;
433668;560515;;;;;
433669;560515;;;;;
433678;560525;;;;;
433984;562268;;;;;
433985;562268;;;;;
433986;562268;;;;;
433987;562268;;;;;
433988;562269;;;;;
434255;562022;;;;;
434256;562022;;;;;
434257;562022;;;;;
434258;562023;;;;;
434259;562023;;;;;
434260;562023;;;;;
434261;562024;;;;;
434262;562024;;;;;
434263;562024;;;;;
434264;562024;;;;;
434265;562024;;;;;
434266;562024;;;;;
434267;562025;;;;;
434268;562025;;;;;
434269;562025;;;;;
434270;562025;;;;;
434271;562025;;;;;
434272;562025;;;;;
434273;562026;;;;;
434274;562026;;;;;
434275;562026;;;;;
434276;562026;;;;;
434277;562026;;;;;
434278;562026;;;;;
434847;562679;;;;;
434848;562680;;;;;
434849;562681;;;;;
434850;562681;;;;;
434851;562682;;;;;
434852;563908;;;;;
434853;563909;;;;;
434854;563909;;;;;
434855;563909;;;;;
434856;563950;;;;;
434857;563950;;;;;
434858;563950;;;;;
434859;563951;;;;;
434860;563951;;;;;
434861;563951;;;;;
3190466;586884;;;;;
3189177;585691;;;;;
3184383;559154;;;;;
3189176;585691;;;;;
434604;561215;;;;;
434605;561216;;;;;
434606;561217;;;;;
434614;562628;;;;;
434615;562628;;;;;
434616;562628;;;;;
434617;562629;;;;;
434618;562629;;;;;
434619;562630;;;;;
434620;562631;;;;;
434621;562633;;;;;
434622;562634;;;;;
434623;562634;;;;;
434625;562637;;;;;
434626;562638;;;;;
434627;562640;;;;;
434628;562640;;;;;
434629;562641;;;;;
434630;562642;;;;;
434631;562642;;;;;
434632;562642;;;;;
434633;562642;;;;;
434635;562645;;;;;
434636;562646;;;;;
434637;562646;;;;;
434638;562647;;;;;
435529;563156;;;;;
435530;563158;;;;;
435531;563159;;;;;
435533;563162;;;;;
435542;563163;;;;;
435543;563163;;;;;
435544;563164;;;;;
435545;563164;;;;;
435546;563165;;;;;
435547;563165;;;;;
435548;563166;;;;;
435549;563166;;;;;
435550;563167;;;;;
435551;563167;;;;;
435552;563167;;;;;
435553;563169;;;;;
435554;563171;;;;;
433092;563762;;;;;
433093;560661;;;;;
433094;560661;;;;;
433095;560662;;;;;
433096;560662;;;;;
433097;560662;;;;;
433098;560662;;;;;
433759;565427;;;;;
433761;565430;;;;;
433762;565430;;;;;
434639;562649;;;;;
434640;562651;;;;;
434641;562652;;;;;
434642;562652;;;;;
434643;562653;;;;;
434644;562653;;;;;
434645;562654;;;;;
434646;562654;;;;;
434647;562654;;;;;
434648;562656;;;;;
434649;562658;;;;;
434650;562660;;;;;
434651;562662;;;;;
434652;562663;;;;;
434654;562086;;;;;
434655;562088;;;;;
434656;562090;;;;;
434657;562090;;;;;
434659;562094;;;;;
434660;562096;;;;;
434661;562096;;;;;
434662;562096;;;;;
434663;562097;;;;;
434365;563884;;;;;
434366;563885;;;;;
434367;563885;;;;;
434368;563886;;;;;
434369;563886;;;;;
434370;563886;;;;;
434371;563888;;;;;
434372;563888;;;;;
434373;563888;;;;;
435002;562682;;;;;
435003;562682;;;;;
435004;562684;;;;;
435005;562685;;;;;
435006;562686;;;;;
435007;562687;;;;;
435008;562687;;;;;
435010;562690;;;;;
435011;562691;;;;;
435012;562693;;;;;
435013;562695;;;;;
433103;560664;;;;;
433104;560665;;;;;
433105;560665;;;;;
433106;560666;;;;;
433107;560667;;;;;
433110;560669;;;;;
433111;560670;;;;;
433112;560671;;;;;
433113;560671;;;;;
433114;560672;;;;;
433115;560673;;;;;
433116;560673;;;;;
433118;560675;;;;;
433119;560675;;;;;
433120;560675;;;;;
433121;560675;;;;;
433122;560676;;;;;
433123;560676;;;;;
433124;560676;;;;;
433125;560676;;;;;
433126;560677;;;;;
434374;563889;;;;;
434375;563889;;;;;
434376;563910;;;;;
434377;563911;;;;;
434378;563913;;;;;
434379;563913;;;;;
434380;563913;;;;;
434381;563914;;;;;
434382;563914;;;;;
434383;563916;;;;;
434384;563916;;;;;
434385;563917;;;;;
434397;563924;;;;;
434398;563926;;;;;
434399;563928;;;;;
434400;563928;;;;;
434401;563928;;;;;
434402;563930;;;;;
434407;561195;;;;;
434410;561198;;;;;
434411;561199;;;;;
435133;562161;;;;;
435134;562161;;;;;
435135;562162;;;;;
435136;562163;;;;;
435137;562164;;;;;
435138;562165;;;;;
435139;562166;;;;;
435140;562167;;;;;
435141;562167;;;;;
435142;562167;;;;;
435143;562167;;;;;
435144;562168;;;;;
433140;560681;;;;;
433141;560681;;;;;
433142;560681;;;;;
433143;560681;;;;;
433144;560682;;;;;
433145;560682;;;;;
433146;560682;;;;;
434412;561200;;;;;
434413;561201;;;;;
434414;561202;;;;;
434415;561202;;;;;
434417;561204;;;;;
434418;561204;;;;;
434419;561204;;;;;
434420;561204;;;;;
434421;561205;;;;;
434422;561206;;;;;
434423;561206;;;;;
434424;561206;;;;;
434425;561206;;;;;
434426;561207;;;;;
434427;561207;;;;;
434428;561208;;;;;
434429;561208;;;;;
434430;561208;;;;;
434431;561208;;;;;
434432;561209;;;;;
434433;561209;;;;;
434434;561209;;;;;
434435;561209;;;;;
433858;560548;;;;;
433859;560549;;;;;
433860;560550;;;;;
433861;560551;;;;;
433862;560552;;;;;
433863;560554;;;;;
433864;560556;;;;;
433865;560556;;;;;
433866;560557;;;;;
433867;560557;;;;;
433868;560558;;;;;
433869;560560;;;;;
433870;560561;;;;;
433871;560561;;;;;
433873;560563;;;;;
433874;560563;;;;;
433875;560564;;;;;
433876;560566;;;;;
433877;560567;;;;;
434445;561211;;;;;
434446;561212;;;;;
434447;561212;;;;;
434448;561212;;;;;
434449;561212;;;;;
434452;561215;;;;;
434453;562053;;;;;
434454;562054;;;;;
434455;562055;;;;;
434456;562057;;;;;
434457;562059;;;;;
434458;562060;;;;;
434459;562062;;;;;
434460;562063;;;;;
434461;562063;;;;;
434462;562064;;;;;
434472;562067;;;;;
435015;562698;;;;;
435016;562698;;;;;
435017;562698;;;;;
435018;562698;;;;;
435019;562700;;;;;
435020;562701;;;;;
435021;562701;;;;;
435022;562702;;;;;
435051;563968;;;;;
435052;563969;;;;;
435053;563970;;;;;
435054;563970;;;;;
435055;563970;;;;;
435056;563970;;;;;
435057;563971;;;;;
435058;563972;;;;;
435059;563973;;;;;
435060;563974;;;;;
435061;563976;;;;;
435062;563976;;;;;
435063;563977;;;;;
435064;563979;;;;;
435065;563981;;;;;
435066;563982;;;;;
435068;563986;;;;;
433878;560569;;;;;
433879;560571;;;;;
433880;560573;;;;;
433887;561998;;;;;
433888;561999;;;;;
433889;561999;;;;;
433890;562001;;;;;
433891;562002;;;;;
433892;562002;;;;;
433893;562002;;;;;
433894;562003;;;;;
433895;562003;;;;;
433896;562004;;;;;
433897;562004;;;;;
433898;562004;;;;;
433899;562006;;;;;
433900;562008;;;;;
433901;562010;;;;;
433902;562011;;;;;
434473;562069;;;;;
434474;562071;;;;;
434475;562071;;;;;
434476;562071;;;;;
434480;562076;;;;;
434481;562078;;;;;
434482;562080;;;;;
434485;562082;;;;;
434490;562083;;;;;
434495;562083;;;;;
434496;562083;;;;;
434499;590397;;;;;
434501;590397;;;;;
434503;562084;;;;;
434509;563762;;;;;
434510;563762;;;;;
435152;563248;;;;;
435153;563248;;;;;
435154;563248;;;;;
435155;563250;;;;;
435156;563251;;;;;
435157;563251;;;;;
435158;563253;;;;;
435159;563254;;;;;
435162;563256;;;;;
435163;563258;;;;;
435164;563259;;;;;
435165;563261;;;;;
435166;563262;;;;;
435167;563262;;;;;
435168;563263;;;;;
435169;563263;;;;;
435170;563264;;;;;
435171;563265;;;;;
435172;563265;;;;;
435173;563265;;;;;
435174;563265;;;;;
435175;563265;;;;;
433269;560425;;;;;
433270;560425;;;;;
433271;560425;;;;;
433272;560426;;;;;
433273;560427;;;;;
433274;560427;;;;;
433302;560682;;;;;
433303;560683;;;;;
433304;560684;;;;;
433305;560685;;;;;
434511;563762;;;;;
434512;563763;;;;;
434513;563764;;;;;
434514;563765;;;;;
434515;563766;;;;;
434516;563767;;;;;
434517;563768;;;;;
434518;563769;;;;;
434521;563771;;;;;
434522;563771;;;;;
434523;563771;;;;;
434524;563771;;;;;
434525;563773;;;;;
434526;563773;;;;;
434527;563773;;;;;
434528;563773;;;;;
434529;563774;;;;;
434542;563778;;;;;
434543;563779;;;;;
434544;563780;;;;;
434545;563781;;;;;
433306;560686;;;;;
433307;560687;;;;;
3306942;563206;;;;;
3306935;585463;;;;;
433308;560688;;;;;
3306938;563310;;;;;
433309;560689;;;;;
433318;590364;;;;;
433319;590363;;;;;
433320;590364;;;;;
433682;560529;;;;;
433683;560530;;;;;
433684;560532;;;;;
433685;560532;;;;;
433686;560533;;;;;
433687;560533;;;;;
433688;560534;;;;;
433689;560534;;;;;
433690;560536;;;;;
433691;560536;;;;;
433692;560536;;;;;
433695;560538;;;;;
433696;560538;;;;;
433697;560539;;;;;
433698;560539;;;;;
433699;560540;;;;;
433700;560540;;;;;
433701;560540;;;;;
433702;560541;;;;;
433968;562262;;;;;
433969;562262;;;;;
433970;562263;;;;;
433971;562263;;;;;
433972;562263;;;;;
433973;562263;;;;;
433974;562264;;;;;
433975;562264;;;;;
433976;562264;;;;;
433977;562264;;;;;
433978;562265;;;;;
433979;562265;;;;;
433980;562265;;;;;
433981;562265;;;;;
434280;562028;;;;;
434281;562029;;;;;
434282;562030;;;;;
434283;562031;;;;;
434284;562032;;;;;
434285;562034;;;;;
434286;562036;;;;;
434287;562038;;;;;
434288;562038;;;;;
434289;562038;;;;;
434290;562039;;;;;
434291;562040;;;;;
434546;563782;;;;;
434547;563783;;;;;
434548;563784;;;;;
434549;563785;;;;;
434550;563786;;;;;
434551;563787;;;;;
434552;563788;;;;;
434553;563788;;;;;
434555;563933;;;;;
434556;563933;;;;;
434557;563934;;;;;
434558;563935;;;;;
434559;563935;;;;;
434564;563941;;;;;
434565;563943;;;;;
434566;563945;;;;;
434567;563945;;;;;
434568;563946;;;;;
434569;563948;;;;;
434570;563948;;;;;
434571;563949;;;;;
434572;563949;;;;;
434573;563890;;;;;
434574;563890;;;;;
434575;563890;;;;;
434579;563894;;;;;
434580;563894;;;;;
435073;563994;;;;;
435074;590305;;;;;
435075;590304;;;;;
435076;563997;;;;;
435077;563998;;;;;
435078;564000;;;;;
435079;564002;;;;;
435083;564009;;;;;
435084;564011;;;;;
435085;564013;;;;;
435086;564014;;;;;
435087;564014;;;;;
435088;564015;;;;;
435089;564017;;;;;
435090;564019;;;;;
435091;564019;;;;;
435092;564020;;;;;
435093;564020;;;;;
435094;564020;;;;;
435095;564022;;;;;
435096;564024;;;;;
435097;564025;;;;;
435098;564025;;;;;
435100;564028;;;;;
435101;564028;;;;;
433703;560541;;;;;
433713;562148;;;;;
433714;562149;;;;;
433715;562149;;;;;
433716;562151;;;;;
433717;562151;;;;;
433718;562151;;;;;
433719;562153;;;;;
433720;562155;;;;;
433721;562155;;;;;
433722;562156;;;;;
433723;562157;;;;;
433724;562157;;;;;
433725;562157;;;;;
433726;562158;;;;;
433727;562158;;;;;
433728;562159;;;;;
433729;562159;;;;;
433730;562160;;;;;
433731;562160;;;;;
433732;562160;;;;;
433733;562161;;;;;
433734;562161;;;;;
434295;562047;;;;;
434296;562048;;;;;
434297;562048;;;;;
434298;562049;;;;;
434299;562049;;;;;
434300;562050;;;;;
434301;562052;;;;;
434302;562053;;;;;
434585;563900;;;;;
434588;563903;;;;;
434589;563905;;;;;
434899;563965;;;;;
434900;563966;;;;;
434901;563967;;;;;
434902;563833;;;;;
434903;563835;;;;;
434904;563835;;;;;
434905;563835;;;;;
434906;563836;;;;;
434908;563840;;;;;
434909;590254;;;;;
434910;590253;;;;;
434911;563843;;;;;
434912;563844;;;;;
435508;562994;;;;;
435513;562998;;;;;
435514;562999;;;;;
435516;563001;;;;;
435517;563003;;;;;
435518;563003;;;;;
435521;563007;;;;;
435522;563008;;;;;
435523;563009;;;;;
435524;563011;;;;;
435525;563013;;;;;
435526;563013;;;;;
435527;563013;;;;;
435528;563154;;;;;
3335420;1950753;;;;;
3336375;1950757;;;;;
3336699;1001645;;;;;
3335741;563882;;;;;
434361;563880;;;;;
434362;563880;;;;;
434065;562013;;;;;
434066;562013;;;;;
434067;562013;;;;;
434068;562014;;;;;
434069;562014;;;;;
434915;563851;;;;;
434917;563854;;;;;
434918;563854;;;;;
434919;563855;;;;;
434920;563856;;;;;
434923;563861;;;;;
434924;563863;;;;;
434925;563864;;;;;
434926;563864;;;;;
434927;563865;;;;;
434928;563866;;;;;
434929;563868;;;;;
434100;562017;;;;;
434682;562098;;;;;
432916;563745;;;;;
432917;563745;;;;;
432918;563745;;;;;
432919;563746;;;;;
432920;563746;;;;;
432921;563747;;;;;
432922;563748;;;;;
432923;563748;;;;;
432924;563749;;;;;
432926;563753;;;;;
432927;563755;;;;;
432928;563757;;;;;
432931;563759;;;;;
432932;563759;;;;;
432933;563760;;;;;
432934;563761;;;;;
432935;563761;;;;;
433512;560735;;;;;
433513;560735;;;;;
433514;560736;;;;;
433519;560740;;;;;
433520;560740;;;;;
433521;562144;;;;;
433522;562145;;;;;
434703;563788;;;;;
434704;563788;;;;;
434705;563789;;;;;
434706;563789;;;;;
434707;563789;;;;;
434708;563789;;;;;
434709;563790;;;;;
434710;563791;;;;;
434712;563793;;;;;
434713;563794;;;;;
434714;563794;;;;;
434715;563794;;;;;
434716;563794;;;;;
434717;563795;;;;;
434718;563796;;;;;
434719;563797;;;;;
434720;563799;;;;;
434721;563799;;;;;
434722;563800;;;;;
434723;563801;;;;;
434724;563801;;;;;
434725;563802;;;;;
434726;563802;;;;;
434727;563803;;;;;
434728;563803;;;;;
434729;563804;;;;;
434171;562270;;;;;
434172;562271;;;;;
434173;562272;;;;;
434174;562272;;;;;
434175;562273;;;;;
434176;562273;;;;;
434177;562274;;;;;
434178;562274;;;;;
434179;562275;;;;;
434180;562275;;;;;
437131;559341;;;;;
437133;559345;;;;;
437134;559345;;;;;
437135;564439;;;;;
437136;564440;;;;;
437137;564440;;;;;
437138;564440;;;;;
437139;564440;;;;;
437140;564441;;;;;
437141;564442;;;;;
437142;564443;;;;;
437146;564446;;;;;
437479;562732;;;;;
437480;562733;;;;;
437481;562734;;;;;
437482;562735;;;;;
437483;562735;;;;;
437484;562735;;;;;
437485;562735;;;;;
437486;562736;;;;;
437487;562737;;;;;
437488;562738;;;;;
437489;562738;;;;;
437490;562738;;;;;
435320;562970;;;;;
435321;562970;;;;;
435322;562970;;;;;
435323;562972;;;;;
435325;562975;;;;;
435326;562976;;;;;
435327;562978;;;;;
435328;562978;;;;;
435329;562978;;;;;
435330;562979;;;;;
435331;562979;;;;;
435332;562980;;;;;
435333;562980;;;;;
435334;562981;;;;;
435335;562982;;;;;
435337;562984;;;;;
435338;562984;;;;;
435339;562985;;;;;
435340;562985;;;;;
435341;562985;;;;;
435343;562987;;;;;
435344;562987;;;;;
435345;562988;;;;;
435346;562988;;;;;
435348;562990;;;;;
435349;562990;;;;;
435350;562991;;;;;
436599;560967;;;;;
436600;560967;;;;;
436601;560967;;;;;
436602;560968;;;;;
436603;560968;;;;;
436606;560970;;;;;
436607;560971;;;;;
436608;560973;;;;;
436609;560974;;;;;
436610;560975;;;;;
436624;561219;;;;;
436625;561220;;;;;
436626;561220;;;;;
436627;561220;;;;;
436628;561220;;;;;
436633;561222;;;;;
436634;561222;;;;;
437491;562738;;;;;
437492;562739;;;;;
437493;562740;;;;;
437494;562741;;;;;
437495;562741;;;;;
437496;562742;;;;;
437497;562742;;;;;
437499;562745;;;;;
437500;562745;;;;;
437502;562748;;;;;
437503;562750;;;;;
437504;562751;;;;;
437505;562753;;;;;
437506;562755;;;;;
437507;562756;;;;;
437508;562756;;;;;
437509;562756;;;;;
437510;562758;;;;;
437511;562760;;;;;
437514;562764;;;;;
437515;562765;;;;;
437519;562769;;;;;
437520;562770;;;;;
437521;562771;;;;;
437522;562771;;;;;
437523;562773;;;;;
437524;562775;;;;;
437525;562775;;;;;
437526;562775;;;;;
437527;562777;;;;;
436000;559345;;;;;
436001;559345;;;;;
436002;559345;;;;;
436003;559346;;;;;
436004;559347;;;;;
436005;559348;;;;;
436006;559349;;;;;
436007;559349;;;;;
436635;561222;;;;;
436636;561222;;;;;
436641;561225;;;;;
436642;561225;;;;;
436643;561226;;;;;
436644;561226;;;;;
436645;561226;;;;;
436646;561226;;;;;
436647;561227;;;;;
436648;561227;;;;;
436649;561227;;;;;
436650;561227;;;;;
436653;561230;;;;;
436654;561232;;;;;
436655;561232;;;;;
436656;561233;;;;;
436657;561233;;;;;
436658;561233;;;;;
436664;561236;;;;;
436665;561238;;;;;
436666;561238;;;;;
436668;561241;;;;;
437528;562777;;;;;
437532;564496;;;;;
437533;564498;;;;;
437539;564508;;;;;
437540;564510;;;;;
436008;559349;;;;;
436009;559349;;;;;
436011;559351;;;;;
436012;559351;;;;;
436016;561042;;;;;
436017;561042;;;;;
436018;561042;;;;;
436019;561044;;;;;
436020;561045;;;;;
436021;561047;;;;;
436022;561047;;;;;
436023;561048;;;;;
436024;561048;;;;;
436025;561048;;;;;
436026;561049;;;;;
436027;561049;;;;;
436028;561050;;;;;
436029;561050;;;;;
436030;562458;;;;;
436031;562459;;;;;
436032;562461;;;;;
436033;562461;;;;;
436034;562462;;;;;
436035;562462;;;;;
436036;562463;;;;;
436037;562463;;;;;
436040;562468;;;;;
436041;562469;;;;;
436042;562469;;;;;
436043;562470;;;;;
436044;562472;;;;;
436045;562474;;;;;
436708;559218;;;;;
436709;559218;;;;;
436710;559218;;;;;
436711;559218;;;;;
436712;559218;;;;;
436713;559218;;;;;
436714;559219;;;;;
436715;559219;;;;;
436716;559221;;;;;
436720;559303;;;;;
436721;559303;;;;;
436722;559304;;;;;
436724;559308;;;;;
436725;559309;;;;;
437279;562702;;;;;
437280;562702;;;;;
437281;562702;;;;;
435455;562523;;;;;
436048;562476;;;;;
436049;562476;;;;;
436050;562477;;;;;
436051;562477;;;;;
436052;562477;;;;;
436053;562478;;;;;
436054;562478;;;;;
436055;562480;;;;;
436056;562482;;;;;
436057;562483;;;;;
436058;562485;;;;;
436059;562485;;;;;
436060;562486;;;;;
436062;562489;;;;;
436063;564210;;;;;
436064;564210;;;;;
436065;564210;;;;;
436066;564210;;;;;
436067;564210;;;;;
436068;564211;;;;;
436072;564215;;;;;
436073;564215;;;;;
436079;564219;;;;;
436080;564219;;;;;
436081;564220;;;;;
436082;564220;;;;;
436534;559290;;;;;
436535;559290;;;;;
436536;559290;;;;;
436537;559290;;;;;
436764;559321;;;;;
436726;559309;;;;;
436727;559310;;;;;
436728;559310;;;;;
436732;559312;;;;;
436756;559315;;;;;
436757;559315;;;;;
436759;559317;;;;;
436760;559317;;;;;
436762;559320;;;;;
436763;559320;;;;;
437631;559921;;;;;
437633;559924;;;;;
437634;559925;;;;;
437635;559925;;;;;
437636;559926;;;;;
437651;559953;;;;;
437652;559955;;;;;
435456;562524;;;;;
435458;562526;;;;;
435459;562527;;;;;
435460;562528;;;;;
435461;562529;;;;;
435462;562530;;;;;
435463;562530;;;;;
435464;562530;;;;;
435465;562530;;;;;
435466;562531;;;;;
435467;562531;;;;;
435468;562531;;;;;
435469;562531;;;;;
435470;562532;;;;;
435471;562532;;;;;
435472;562533;;;;;
435473;562533;;;;;
435474;562533;;;;;
435475;562533;;;;;
435476;562534;;;;;
435477;562534;;;;;
435478;562534;;;;;
435479;562534;;;;;
435480;562535;;;;;
435481;562535;;;;;
435482;562536;;;;;
435483;562536;;;;;
435484;562537;;;;;
435485;562537;;;;;
435486;562537;;;;;
435487;562538;;;;;
435488;562538;;;;;
435489;562538;;;;;
435490;562538;;;;;
435491;562539;;;;;
436083;564221;;;;;
436084;564222;;;;;
436085;564223;;;;;
436086;564224;;;;;
436087;564224;;;;;
436089;561309;;;;;
436090;561309;;;;;
436091;561309;;;;;
436092;561309;;;;;
436093;561310;;;;;
436094;561311;;;;;
436095;561312;;;;;
436096;561313;;;;;
436097;561313;;;;;
436098;561314;;;;;
436099;561314;;;;;
436100;561315;;;;;
436101;561315;;;;;
436102;561315;;;;;
436103;561315;;;;;
436104;561316;;;;;
436110;561320;;;;;
436111;561321;;;;;
436765;559323;;;;;
436766;559325;;;;;
436770;560988;;;;;
436771;560990;;;;;
436772;560992;;;;;
436773;560994;;;;;
436774;560995;;;;;
436775;560997;;;;;
436776;560999;;;;;
436777;561001;;;;;
436778;561003;;;;;
436779;561003;;;;;
436780;561004;;;;;
436782;561008;;;;;
436783;559538;;;;;
436784;559538;;;;;
436785;559539;;;;;
436786;559539;;;;;
436787;559539;;;;;
436788;559539;;;;;
436789;559540;;;;;
436790;559540;;;;;
436791;559540;;;;;
436792;559540;;;;;
436793;559541;;;;;
436795;559543;;;;;
436796;559544;;;;;
436797;559544;;;;;
436798;559544;;;;;
436799;559544;;;;;
436800;559544;;;;;
436801;559544;;;;;
437380;559639;;;;;
437381;559639;;;;;
437382;591096;;;;;
437384;559641;;;;;
437385;559641;;;;;
437386;559642;;;;;
437387;559642;;;;;
437388;559643;;;;;
437389;559643;;;;;
437390;559644;;;;;
437391;559644;;;;;
437392;559645;;;;;
437393;559645;;;;;
437394;559645;;;;;
437405;559656;;;;;
437406;559658;;;;;
437409;559660;;;;;
437410;559660;;;;;
437416;559670;;;;;
437417;559671;;;;;
435492;562540;;;;;
435493;562541;;;;;
435494;562541;;;;;
435495;562541;;;;;
435496;562541;;;;;
435497;562541;;;;;
435498;562542;;;;;
435499;562542;;;;;
435500;562542;;;;;
435501;562542;;;;;
435502;562543;;;;;
435503;562544;;;;;
435504;562545;;;;;
435505;562993;;;;;
435506;562993;;;;;
435507;562994;;;;;
435841;561021;;;;;
435842;561022;;;;;
435845;561025;;;;;
435846;561026;;;;;
435847;561027;;;;;
435848;561028;;;;;
435849;561029;;;;;
435850;561030;;;;;
435851;561030;;;;;
435852;561030;;;;;
435853;561030;;;;;
435854;561031;;;;;
435855;561032;;;;;
435856;561033;;;;;
435858;561035;;;;;
435859;561035;;;;;
436813;559549;;;;;
436814;559549;;;;;
436815;559549;;;;;
436816;559549;;;;;
436817;559550;;;;;
436818;559550;;;;;
436819;559550;;;;;
436820;559550;;;;;
436829;561246;;;;;
436830;561247;;;;;
436831;561248;;;;;
436832;561248;;;;;
436833;561249;;;;;
436834;561250;;;;;
436835;561250;;;;;
436837;561252;;;;;
436838;561253;;;;;
436839;561253;;;;;
436840;561254;;;;;
436841;561254;;;;;
436842;561255;;;;;
436843;561256;;;;;
436844;561256;;;;;
437835;560205;;;;;
437836;560207;;;;;
437837;560208;;;;;
437838;561521;;;;;
437839;561521;;;;;
437841;561524;;;;;
435862;561038;;;;;
435863;562586;;;;;
435864;562588;;;;;
435865;562588;;;;;
435866;562589;;;;;
435867;562590;;;;;
435868;562590;;;;;
435869;562590;;;;;
435870;562591;;;;;
435871;562591;;;;;
435872;562593;;;;;
435873;562594;;;;;
435874;562594;;;;;
435875;562594;;;;;
435876;562595;;;;;
435877;562595;;;;;
435878;562595;;;;;
435879;562596;;;;;
435880;562598;;;;;
435881;562600;;;;;
435883;562604;;;;;
435884;562604;;;;;
435885;562604;;;;;
435886;562605;;;;;
435887;562605;;;;;
435889;562608;;;;;
435890;562609;;;;;
435891;562610;;;;;
435892;562611;;;;;
435893;562611;;;;;
435894;562611;;;;;
435895;562611;;;;;
435896;562612;;;;;
435897;562613;;;;;
436533;559289;;;;;
436539;559292;;;;;
436540;559292;;;;;
436541;559292;;;;;
436542;559292;;;;;
436553;559295;;;;;
436554;559295;;;;;
436555;559295;;;;;
436556;559295;;;;;
437164;564454;;;;;
437165;564454;;;;;
437166;564454;;;;;
437167;564454;;;;;
437168;564455;;;;;
437169;564455;;;;;
437170;564455;;;;;
437171;564455;;;;;
437172;564456;;;;;
437173;564456;;;;;
437174;564456;;;;;
437175;564456;;;;;
437176;559591;;;;;
437177;559592;;;;;
437178;559592;;;;;
437179;559592;;;;;
437180;559593;;;;;
437181;559593;;;;;
437184;559595;;;;;
437185;559595;;;;;
437186;559596;;;;;
437187;559596;;;;;
437282;562703;;;;;
437283;562704;;;;;
437284;562705;;;;;
437285;562706;;;;;
437286;562707;;;;;
437287;562708;;;;;
437288;562709;;;;;
437289;562710;;;;;
437290;562711;;;;;
437291;562712;;;;;
437292;562713;;;;;
437294;562715;;;;;
437295;562715;;;;;
437296;562715;;;;;
437297;562715;;;;;
437298;562716;;;;;
437299;562716;;;;;
437300;562716;;;;;
437301;562716;;;;;
437302;562717;;;;;
437303;562718;;;;;
437304;562719;;;;;
437305;562719;;;;;
437306;562719;;;;;
437307;562719;;;;;
437308;562720;;;;;
437309;562721;;;;;
437311;562723;;;;;
437312;562724;;;;;
437313;562724;;;;;
437314;562724;;;;;
437315;562724;;;;;
437316;562725;;;;;
437317;562725;;;;;
437318;562725;;;;;
437319;562725;;;;;
435898;562614;;;;;
435899;562614;;;;;
435900;562614;;;;;
435902;562617;;;;;
435904;562621;;;;;
435905;562623;;;;;
435906;562624;;;;;
435907;562624;;;;;
435908;562625;;;;;
435909;564209;;;;;
435910;564209;;;;;
435911;564209;;;;;
435912;564209;;;;;
436560;559298;;;;;
436561;559299;;;;;
436562;559300;;;;;
436563;559300;;;;;
436564;559301;;;;;
436565;559302;;;;;
436566;559302;;;;;
436567;559302;;;;;
436568;560937;;;;;
436572;560939;;;;;
436573;560939;;;;;
436574;560940;;;;;
436575;560940;;;;;
436576;560940;;;;;
436582;560950;;;;;
436583;560950;;;;;
436584;560952;;;;;
436585;560952;;;;;
436586;560954;;;;;
436587;560956;;;;;
436588;560958;;;;;
436589;560959;;;;;
436590;560960;;;;;
436591;560961;;;;;
436592;560963;;;;;
436593;560964;;;;;
436594;560964;;;;;
436238;562490;;;;;
436239;562491;;;;;
436240;562492;;;;;
437188;559596;;;;;
437189;559597;;;;;
437190;559597;;;;;
437191;559598;;;;;
437192;559598;;;;;
437193;559599;;;;;
437194;559599;;;;;
437195;559600;;;;;
437205;559618;;;;;
437206;559619;;;;;
437207;559619;;;;;
437208;559621;;;;;
437774;563185;;;;;
435668;562551;;;;;
435669;562551;;;;;
435658;561012;;;;;
435659;561012;;;;;
435660;561013;;;;;
435661;561013;;;;;
435662;561013;;;;;
435663;562546;;;;;
435664;562547;;;;;
435665;562548;;;;;
435666;562549;;;;;
435667;562550;;;;;
435670;562551;;;;;
436241;562492;;;;;
436243;562494;;;;;
436244;562496;;;;;
436245;562498;;;;;
436246;562500;;;;;
436247;562502;;;;;
436248;562503;;;;;
436249;562505;;;;;
436265;561323;;;;;
436266;561324;;;;;
436267;561325;;;;;
436268;561326;;;;;
436269;561326;;;;;
436270;561326;;;;;
436271;561326;;;;;
436272;561327;;;;;
436274;561329;;;;;
436275;561329;;;;;
436276;561329;;;;;
436277;561329;;;;;
436278;561330;;;;;
436279;561331;;;;;
436281;561333;;;;;
436283;561335;;;;;
436284;561336;;;;;
436285;561337;;;;;
436289;561339;;;;;
436290;561339;;;;;
437213;559628;;;;;
437214;559628;;;;;
437215;559629;;;;;
437218;559632;;;;;
437219;559632;;;;;
437220;559632;;;;;
437221;559633;;;;;
437222;559635;;;;;
437223;559636;;;;;
437224;559636;;;;;
437225;559637;;;;;
436924;559327;;;;;
436925;559329;;;;;
436928;559334;;;;;
436929;559334;;;;;
436930;556262;;;;;
436931;556262;;;;;
436932;556263;;;;;
436933;556263;;;;;
436934;556263;;;;;
436935;556265;;;;;
436938;556267;;;;;
436939;556267;;;;;
436940;556268;;;;;
436941;556269;;;;;
436942;556269;;;;;
435671;562551;;;;;
435672;562552;;;;;
435673;562552;;;;;
435674;562552;;;;;
435675;562552;;;;;
435676;562552;;;;;
435677;562553;;;;;
435678;562553;;;;;
435679;562554;;;;;
435680;562555;;;;;
435681;562556;;;;;
435682;562557;;;;;
435683;562557;;;;;
435684;562559;;;;;
435685;562560;;;;;
435686;562560;;;;;
435687;562561;;;;;
435689;562565;;;;;
435690;562566;;;;;
435693;562571;;;;;
435694;562573;;;;;
435695;562574;;;;;
435696;562574;;;;;
435697;562575;;;;;
435698;562576;;;;;
435699;562576;;;;;
435702;562578;;;;;
435703;562578;;;;;
435704;562579;;;;;
435705;562579;;;;;
435706;562580;;;;;
435707;562580;;;;;
436291;561339;;;;;
436292;561339;;;;;
436293;561340;;;;;
436294;561340;;;;;
436295;561340;;;;;
436296;561340;;;;;
436297;561341;;;;;
436298;561341;;;;;
436299;561341;;;;;
436300;561342;;;;;
436301;561343;;;;;
436302;561343;;;;;
436303;561344;;;;;
436304;561344;;;;;
436305;561345;;;;;
436306;561345;;;;;
436307;561346;;;;;
436308;561346;;;;;
436309;561347;;;;;
436310;561347;;;;;
436943;556270;;;;;
436944;556270;;;;;
436948;556273;;;;;
436949;556273;;;;;
436950;556273;;;;;
436951;556274;;;;;
436952;556274;;;;;
436953;556275;;;;;
436954;556275;;;;;
437321;562727;;;;;
437322;562728;;;;;
437323;562729;;;;;
437324;562730;;;;;
437325;562731;;;;;
437326;564457;;;;;
437327;564457;;;;;
437328;564457;;;;;
437329;564457;;;;;
437330;564458;;;;;
437331;564458;;;;;
437332;564458;;;;;
437333;564458;;;;;
437334;564459;;;;;
437335;564459;;;;;
437336;564459;;;;;
437337;564459;;;;;
437338;564460;;;;;
437339;564461;;;;;
437340;564462;;;;;
437341;564463;;;;;
437342;564464;;;;;
3256376;561377;;;;;
3255103;563181;;;;;
3256064;561601;;;;;
3256062;561601;;;;;
435708;562581;;;;;
435709;562582;;;;;
435710;562582;;;;;
435711;562584;;;;;
435712;562585;;;;;
435713;563173;;;;;
435714;563175;;;;;
435715;563176;;;;;
435716;563178;;;;;
435717;563179;;;;;
435718;563179;;;;;
436347;559285;;;;;
436348;559285;;;;;
436349;559285;;;;;
436350;559285;;;;;
436351;559285;;;;;
436352;559285;;;;;
436353;559285;;;;;
436354;559285;;;;;
436361;560898;;;;;
436362;560899;;;;;
436363;560899;;;;;
436364;560900;;;;;
436365;560901;;;;;
436366;560901;;;;;
436367;560902;;;;;
436368;560902;;;;;
436369;560903;;;;;
436370;560903;;;;;
436371;560903;;;;;
436957;556277;;;;;
436958;556277;;;;;
436959;556278;;;;;
436960;556278;;;;;
436961;556278;;;;;
436962;590381;;;;;
436963;590381;;;;;
436964;556279;;;;;
436965;556279;;;;;
436968;559338;;;;;
436969;559338;;;;;
436970;559338;;;;;
436971;559339;;;;;
436976;591026;;;;;
437775;563186;;;;;
437776;563186;;;;;
437777;563187;;;;;
437778;563187;;;;;
437779;563188;;;;;
437780;563189;;;;;
436372;560904;;;;;
436373;560904;;;;;
436378;560907;;;;;
436379;560909;;;;;
436380;560909;;;;;
436381;560909;;;;;
436382;560910;;;;;
436383;560910;;;;;
436384;560912;;;;;
436385;560913;;;;;
436386;560913;;;;;
436387;560914;;;;;
436388;560915;;;;;
436389;560916;;;;;
436390;560916;;;;;
436391;560916;;;;;
436392;560916;;;;;
436402;560929;;;;;
436403;560929;;;;;
436977;591025;;;;;
436978;591026;;;;;
436979;591025;;;;;
436980;591026;;;;;
436981;591025;;;;;
436982;591026;;;;;
436983;591025;;;;;
436986;559555;;;;;
436987;559556;;;;;
436988;559557;;;;;
436989;559558;;;;;
436990;559559;;;;;
436991;559560;;;;;
437000;559569;;;;;
437002;559571;;;;;
437003;559572;;;;;
437004;559574;;;;;
437005;559575;;;;;
437006;559575;;;;;
437007;559576;;;;;
437008;559576;;;;;
437013;559578;;;;;
437014;559579;;;;;
437015;559580;;;;;
437016;559580;;;;;
437017;559581;;;;;
437018;559581;;;;;
3202618;556286;;;;;
435813;561013;;;;;
435814;561014;;;;;
435815;561014;;;;;
435816;561014;;;;;
435817;561014;;;;;
435822;561017;;;;;
435823;561017;;;;;
435824;561017;;;;;
436407;560936;;;;;
436408;560936;;;;;
436409;560936;;;;;
436410;560936;;;;;
436411;560937;;;;;
436418;562508;;;;;
436419;562508;;;;;
436420;562509;;;;;
436421;562509;;;;;
436422;562510;;;;;
436423;562511;;;;;
436424;562512;;;;;
436425;562514;;;;;
436426;562516;;;;;
436427;562518;;;;;
436429;562521;;;;;
436430;562522;;;;;
436431;559671;;;;;
436432;559671;;;;;
436433;559672;;;;;
436434;559673;;;;;
436435;559674;;;;;
436436;559674;;;;;
436437;559674;;;;;
436438;559674;;;;;
436439;559675;;;;;
436440;559675;;;;;
436441;559675;;;;;
436442;559675;;;;;
436443;559676;;;;;
436444;559676;;;;;
436445;559676;;;;;
436446;559676;;;;;
436447;559677;;;;;
436448;559677;;;;;
436449;559677;;;;;
437019;559582;;;;;
437020;559582;;;;;
437021;559583;;;;;
437022;559585;;;;;
437023;559587;;;;;
437024;559588;;;;;
437025;559589;;;;;
437026;559589;;;;;
437027;559591;;;;;
437028;561278;;;;;
437029;561279;;;;;
437030;561280;;;;;
437031;561281;;;;;
437032;561281;;;;;
437033;561282;;;;;
437034;561284;;;;;
437037;561289;;;;;
437038;561290;;;;;
437039;561290;;;;;
437040;561290;;;;;
437041;561291;;;;;
437042;561291;;;;;
437043;561292;;;;;
437044;561292;;;;;
437045;561292;;;;;
437046;561292;;;;;
437048;561295;;;;;
437053;561300;;;;;
437054;561302;;;;;
437055;561303;;;;;
437056;561304;;;;;
437057;561305;;;;;
437058;561307;;;;;
437343;564465;;;;;
437344;564466;;;;;
437345;564467;;;;;
437346;564468;;;;;
437347;564470;;;;;
437348;564472;;;;;
437376;559637;;;;;
437377;559638;;;;;
437378;559638;;;;;
437379;559639;;;;;
436164;559351;;;;;
436165;559352;;;;;
435825;561017;;;;;
435826;561018;;;;;
435827;561018;;;;;
435828;561018;;;;;
435829;561018;;;;;
435830;561019;;;;;
435831;561019;;;;;
435832;561019;;;;;
435833;561019;;;;;
435834;561020;;;;;
435835;561020;;;;;
435836;561020;;;;;
435837;561020;;;;;
435838;561021;;;;;
435839;561021;;;;;
435840;561021;;;;;
436163;559351;;;;;
436166;559352;;;;;
436167;559352;;;;;
436168;559352;;;;;
436169;559353;;;;;
436170;559353;;;;;
436171;559353;;;;;
436172;559353;;;;;
436173;559354;;;;;
436177;559358;;;;;
436178;559359;;;;;
436179;559360;;;;;
436180;559361;;;;;
436181;559362;;;;;
436450;559677;;;;;
436455;559680;;;;;
436456;559681;;;;;
436457;559682;;;;;
436458;559682;;;;;
436459;559682;;;;;
436460;559682;;;;;
3305346;563241;;;;;
437059;561307;;;;;
437079;559272;;;;;
437080;559272;;;;;
437081;559273;;;;;
437088;559274;;;;;
436198;559363;;;;;
436850;561259;;;;;
436851;561260;;;;;
436852;561261;;;;;
436853;561261;;;;;
436854;561263;;;;;
436855;561263;;;;;
436856;561264;;;;;
436857;561265;;;;;
436858;561267;;;;;
436859;561268;;;;;
436860;561268;;;;;
436861;561269;;;;;
436862;561270;;;;;
436863;561271;;;;;
436866;561273;;;;;
436867;561274;;;;;
436868;561276;;;;;
436869;561276;;;;;
436870;561277;;;;;
436874;559227;;;;;
436879;559234;;;;;
436882;559239;;;;;
436883;559239;;;;;
436884;559239;;;;;
437095;559276;;;;;
437096;559278;;;;;
437097;559278;;;;;
437098;559278;;;;;
437099;559279;;;;;
437100;559279;;;;;
437101;559280;;;;;
437102;559280;;;;;
437103;559281;;;;;
437104;559281;;;;;
437105;559282;;;;;
437106;559282;;;;;
437107;559283;;;;;
437108;559283;;;;;
437109;559284;;;;;
437126;559340;;;;;
437130;559341;;;;;
435301;560189;;;;;
435302;560190;;;;;
435303;560192;;;;;
435304;560193;;;;;
435305;560193;;;;;
435306;560195;;;;;
435307;560197;;;;;
435308;560197;;;;;
435309;560197;;;;;
435310;560199;;;;;
435311;560200;;;;;
435312;562961;;;;;
435313;562962;;;;;
435314;562964;;;;;
435315;562965;;;;;
435316;562967;;;;;
435317;562968;;;;;
435318;562969;;;;;
435319;562969;;;;;
436208;560894;;;;;
436209;560895;;;;;
436210;560896;;;;;
436211;560897;;;;;
436889;559245;;;;;
436890;559245;;;;;
436891;559246;;;;;
436892;559246;;;;;
436893;559247;;;;;
436898;559252;;;;;
436899;559252;;;;;
436900;559252;;;;;
436901;559253;;;;;
436902;559255;;;;;
436903;559257;;;;;
436905;559260;;;;;
436906;559260;;;;;
436907;559261;;;;;
436908;559261;;;;;
436915;559263;;;;;
436916;559264;;;;;
436917;559265;;;;;
436918;559266;;;;;
436919;559266;;;;;
436920;559267;;;;;
436921;559267;;;;;
436922;559268;;;;;
439499;563413;;;;;
439497;563409;;;;;
439498;563411;;;;;
439501;563016;;;;;
439502;563016;;;;;
439503;563017;;;;;
439504;563017;;;;;
439505;563018;;;;;
439506;563019;;;;;
439507;563020;;;;;
439508;563022;;;;;
439509;563022;;;;;
439515;563025;;;;;
439516;563025;;;;;
439517;563025;;;;;
439518;563027;;;;;
439519;563028;;;;;
439520;563028;;;;;
439521;563028;;;;;
439522;563029;;;;;
439523;563029;;;;;
439524;563029;;;;;
439526;563032;;;;;
437736;564533;;;;;
437737;564533;;;;;
437738;564534;;;;;
437739;564534;;;;;
437740;564535;;;;;
437741;564536;;;;;
437742;564536;;;;;
437743;564538;;;;;
437744;564539;;;;;
437745;564539;;;;;
437746;564540;;;;;
437747;564540;;;;;
437748;564541;;;;;
437749;564541;;;;;
437750;564541;;;;;
437751;564542;;;;;
437752;564542;;;;;
437754;559529;;;;;
437755;559529;;;;;
437756;559530;;;;;
437757;590321;;;;;
437758;590376;;;;;
437759;590375;;;;;
437760;559533;;;;;
437761;559533;;;;;
437762;559534;;;;;
438357;559689;;;;;
438358;559689;;;;;
438737;559750;;;;;
438738;559750;;;;;
439318;563386;;;;;
439319;563386;;;;;
439320;563386;;;;;
439316;563383;;;;;
439317;563385;;;;;
439321;563386;;;;;
437764;559537;;;;;
437765;559538;;;;;
437766;563180;;;;;
437767;563180;;;;;
437768;563180;;;;;
437769;563180;;;;;
437771;563182;;;;;
437773;563184;;;;;
437965;563208;;;;;
437966;563209;;;;;
437969;563212;;;;;
437970;563212;;;;;
437971;563212;;;;;
437972;563212;;;;;
437973;563213;;;;;
437974;563213;;;;;
437975;563213;;;;;
437976;563213;;;;;
437977;563214;;;;;
437978;563214;;;;;
437979;563214;;;;;
438739;559751;;;;;
438740;559751;;;;;
438742;559754;;;;;
438743;559754;;;;;
438744;559754;;;;;
438745;559755;;;;;
438746;559755;;;;;
438747;559756;;;;;
438748;559756;;;;;
438750;559759;;;;;
439322;563386;;;;;
439323;563387;;;;;
439324;563387;;;;;
439325;563387;;;;;
439327;563390;;;;;
439328;563392;;;;;
439329;563394;;;;;
439330;563395;;;;;
439332;563399;;;;;
439333;563400;;;;;
439334;563401;;;;;
439335;563402;;;;;
439336;563402;;;;;
439337;563403;;;;;
439338;563405;;;;;
439339;563405;;;;;
439340;563405;;;;;
433102;560663;;;;;
439593;561351;;;;;
439594;561354;;;;;
439595;561356;;;;;
439596;561358;;;;;
439598;561360;;;;;
439600;561364;;;;;
439601;561364;;;;;
439602;561365;;;;;
439603;561365;;;;;
439604;561365;;;;;
439605;561366;;;;;
439606;561367;;;;;
439607;561367;;;;;
439608;561368;;;;;
439609;561368;;;;;
439610;561369;;;;;
439617;561375;;;;;
438471;564272;;;;;
438472;564273;;;;;
438473;564274;;;;;
438474;564274;;;;;
439100;564657;;;;;
439101;563348;;;;;
439619;561378;;;;;
439620;561378;;;;;
439621;561379;;;;;
438109;561512;;;;;
438110;561513;;;;;
438111;561514;;;;;
438104;561507;;;;;
438105;561508;;;;;
438108;561511;;;;;
438112;561514;;;;;
438516;564576;;;;;
438517;564577;;;;;
438518;564577;;;;;
438519;564577;;;;;
438520;564577;;;;;
438509;564575;;;;;
438510;564575;;;;;
438511;564575;;;;;
438512;564575;;;;;
438513;564576;;;;;
438514;564576;;;;;
438515;564576;;;;;
438521;564578;;;;;
438522;564578;;;;;
439107;563350;;;;;
439108;563351;;;;;
439109;563351;;;;;
439110;563351;;;;;
439111;563351;;;;;
439112;563352;;;;;
439113;563353;;;;;
440039;561540;;;;;
440006;561528;;;;;
440007;561529;;;;;
440008;561530;;;;;
440009;561531;;;;;
440011;561533;;;;;
440012;561533;;;;;
440013;561533;;;;;
440014;561533;;;;;
440019;561535;;;;;
440020;561536;;;;;
440022;561538;;;;;
440023;561539;;;;;
440040;561540;;;;;
438122;561516;;;;;
438523;564578;;;;;
438524;564578;;;;;
438538;559714;;;;;
438539;559714;;;;;
438540;559714;;;;;
438541;559715;;;;;
438542;559715;;;;;
438543;559716;;;;;
438544;559716;;;;;
438545;590299;;;;;
438546;590824;;;;;
438547;590823;;;;;
438548;591044;;;;;
438549;591043;;;;;
438550;590377;;;;;
438551;559717;;;;;
438552;559717;;;;;
438553;559718;;;;;
438554;559718;;;;;
438555;559719;;;;;
438556;559719;;;;;
438557;559720;;;;;
438558;559720;;;;;
438567;559735;;;;;
438568;559735;;;;;
438569;559736;;;;;
438570;559736;;;;;
439114;563353;;;;;
439115;563353;;;;;
439116;563353;;;;;
439117;563354;;;;;
439118;563354;;;;;
439119;563354;;;;;
439120;563354;;;;;
439123;563357;;;;;
439124;563357;;;;;
439125;563357;;;;;
439126;563357;;;;;
439127;563359;;;;;
439130;563362;;;;;
439131;563362;;;;;
439132;563362;;;;;
439133;563362;;;;;
439137;563366;;;;;
439140;563369;;;;;
439809;562814;;;;;
439791;562803;;;;;
439800;562805;;;;;
439801;562806;;;;;
439804;562811;;;;;
439805;562812;;;;;
439806;562812;;;;;
439807;562813;;;;;
439808;562814;;;;;
439810;562816;;;;;
437883;564408;;;;;
437884;564408;;;;;
438571;559736;;;;;
438572;559738;;;;;
438573;559738;;;;;
438574;559738;;;;;
438575;559740;;;;;
438576;559741;;;;;
438577;559742;;;;;
438578;559742;;;;;
438579;559743;;;;;
438580;559743;;;;;
438581;559744;;;;;
438582;559744;;;;;
438583;559745;;;;;
438585;559749;;;;;
439886;563274;;;;;
439887;563276;;;;;
439888;563277;;;;;
439889;563279;;;;;
437885;564410;;;;;
437886;564411;;;;;
437887;564411;;;;;
437888;564412;;;;;
437889;564412;;;;;
437890;564413;;;;;
437891;564414;;;;;
437893;564418;;;;;
437894;564420;;;;;
437895;564422;;;;;
437896;564423;;;;;
437897;564424;;;;;
437898;564424;;;;;
437899;564426;;;;;
437900;564426;;;;;
437901;564427;;;;;
437902;564428;;;;;
437903;564428;;;;;
437909;564438;;;;;
437914;561504;;;;;
438648;564295;;;;;
438650;564299;;;;;
438654;564304;;;;;
438655;564304;;;;;
438656;564306;;;;;
438657;564306;;;;;
438658;564306;;;;;
438659;564308;;;;;
438662;564313;;;;;
438663;564313;;;;;
438664;564314;;;;;
438665;564314;;;;;
438666;590822;;;;;
439992;562854;;;;;
439993;562856;;;;;
437956;563202;;;;;
437931;563191;;;;;
437933;563193;;;;;
437934;563193;;;;;
437935;563193;;;;;
437936;563193;;;;;
437937;563194;;;;;
437938;563195;;;;;
437939;563195;;;;;
437940;563195;;;;;
437941;563195;;;;;
437942;563196;;;;;
437943;563196;;;;;
437944;563196;;;;;
437945;563196;;;;;
437946;563196;;;;;
437947;563196;;;;;
437948;563197;;;;;
437949;563197;;;;;
437950;563197;;;;;
437951;563197;;;;;
437952;563198;;;;;
437953;563199;;;;;
437954;563200;;;;;
437955;563201;;;;;
437957;563203;;;;;
438667;590821;;;;;
438668;564316;;;;;
438683;564325;;;;;
438684;564334;;;;;
438685;564335;;;;;
438686;564336;;;;;
439241;562889;;;;;
439242;562890;;;;;
439243;562890;;;;;
439244;562891;;;;;
439245;562891;;;;;
439246;562892;;;;;
439247;562894;;;;;
439248;562896;;;;;
439249;562897;;;;;
439250;562899;;;;;
439251;562900;;;;;
439811;562816;;;;;
439812;562816;;;;;
439813;562817;;;;;
439814;562817;;;;;
439815;562817;;;;;
439816;562818;;;;;
439817;562820;;;;;
439818;562822;;;;;
439819;562824;;;;;
439820;562826;;;;;
439821;562828;;;;;
439822;562829;;;;;
439823;562829;;;;;
439824;562830;;;;;
439825;562832;;;;;
439826;562833;;;;;
439827;562834;;;;;
439828;562835;;;;;
439829;562835;;;;;
439832;562839;;;;;
439836;562843;;;;;
439837;562845;;;;;
439838;562847;;;;;
439839;562848;;;;;
439840;562850;;;;;
439841;562852;;;;;
439842;561666;;;;;
439843;561666;;;;;
439844;561666;;;;;
439845;561666;;;;;
439846;561667;;;;;
439847;561667;;;;;
439848;561667;;;;;
437959;563205;;;;;
437961;563207;;;;;
437962;563207;;;;;
437963;563207;;;;;
437964;563207;;;;;
438359;559690;;;;;
438360;559690;;;;;
438361;559691;;;;;
438362;559691;;;;;
438363;559691;;;;;
438364;559692;;;;;
438365;559692;;;;;
438366;559693;;;;;
438367;559693;;;;;
438368;559694;;;;;
438369;559695;;;;;
438370;559695;;;;;
438371;559696;;;;;
438372;559696;;;;;
438373;559697;;;;;
438374;559697;;;;;
438375;559698;;;;;
438376;559698;;;;;
438377;559699;;;;;
438378;559699;;;;;
438379;559699;;;;;
438708;564590;;;;;
438709;564592;;;;;
438710;564593;;;;;
438711;564593;;;;;
439252;562901;;;;;
439253;562902;;;;;
439254;562904;;;;;
439255;562904;;;;;
439256;562905;;;;;
439257;562905;;;;;
439258;562905;;;;;
439260;562907;;;;;
439268;562909;;;;;
439269;562909;;;;;
439270;562909;;;;;
439271;562910;;;;;
439272;562910;;;;;
439273;562910;;;;;
439274;562910;;;;;
439275;562910;;;;;
439276;562911;;;;;
439277;562911;;;;;
439278;562911;;;;;
440256;563338;;;;;
440261;563341;;;;;
440269;563347;;;;;
440270;563347;;;;;
440271;563348;;;;;
440272;563348;;;;;
438447;564248;;;;;
438448;564248;;;;;
438449;564248;;;;;
438460;564261;;;;;
438461;564263;;;;;
438462;564263;;;;;
438463;564264;;;;;
439077;562881;;;;;
439078;562882;;;;;
439045;562865;;;;;
439046;562866;;;;;
439047;562866;;;;;
439048;562867;;;;;
439049;562868;;;;;
439050;562869;;;;;
439051;562870;;;;;
439052;562871;;;;;
439053;562871;;;;;
439054;562872;;;;;
439055;562873;;;;;
439056;562874;;;;;
439057;562875;;;;;
439058;562875;;;;;
439059;562875;;;;;
439060;562875;;;;;
439061;562875;;;;;
439062;562875;;;;;
439063;562876;;;;;
439064;562877;;;;;
439065;562878;;;;;
439066;562879;;;;;
439067;562879;;;;;
439068;562879;;;;;
439069;562879;;;;;
439070;562880;;;;;
439071;562880;;;;;
439072;562880;;;;;
439073;562880;;;;;
439074;562881;;;;;
439075;562881;;;;;
439076;562881;;;;;
439279;562912;;;;;
439280;562912;;;;;
439281;562912;;;;;
439282;562913;;;;;
439283;562913;;;;;
439284;562913;;;;;
439290;562916;;;;;
439291;563369;;;;;
439292;563369;;;;;
439293;563369;;;;;
439294;563370;;;;;
439295;563370;;;;;
439296;563370;;;;;
439297;563370;;;;;
439298;563371;;;;;
439299;563371;;;;;
439300;563371;;;;;
439301;563371;;;;;
439303;563373;;;;;
439305;563375;;;;;
439306;563375;;;;;
439307;563375;;;;;
439308;563375;;;;;
439309;563375;;;;;
439310;563376;;;;;
440003;561526;;;;;
440004;561527;;;;;
440005;561527;;;;;
438470;564272;;;;;
438123;561517;;;;;
438124;561517;;;;;
438125;561518;;;;;
438126;561519;;;;;
438128;560189;;;;;
438129;563216;;;;;
438130;563218;;;;;
438131;563220;;;;;
438132;563220;;;;;
438133;563220;;;;;
439084;562884;;;;;
439085;562884;;;;;
439086;562885;;;;;
439087;562886;;;;;
439088;562886;;;;;
439089;562886;;;;;
439090;562888;;;;;
439311;563377;;;;;
439312;563378;;;;;
439313;563378;;;;;
439314;563379;;;;;
439315;563381;;;;;
439622;561380;;;;;
439623;561381;;;;;
439626;561384;;;;;
439627;561386;;;;;
439628;562799;;;;;
439629;562800;;;;;
439630;562800;;;;;
439633;562802;;;;;
439634;562802;;;;;
439635;562802;;;;;
439636;562802;;;;;
439637;562802;;;;;
439638;562802;;;;;
439639;562803;;;;;
439640;562803;;;;;
439647;561643;;;;;
439650;561646;;;;;
439651;561646;;;;;
439652;561647;;;;;
439653;561647;;;;;
439654;561647;;;;;
439655;561647;;;;;
439656;561648;;;;;
439849;561667;;;;;
439850;561668;;;;;
439851;561668;;;;;
439852;561668;;;;;
439853;561668;;;;;
439854;561669;;;;;
439855;561669;;;;;
439856;561669;;;;;
439857;561669;;;;;
439859;561671;;;;;
439860;561672;;;;;
439861;561673;;;;;
439862;561675;;;;;
439863;561675;;;;;
439864;561676;;;;;
439865;561677;;;;;
439866;561677;;;;;
439867;561679;;;;;
439868;561679;;;;;
439869;561680;;;;;
439870;563266;;;;;
439871;563266;;;;;
439872;563266;;;;;
439873;563267;;;;;
439874;563267;;;;;
439875;563269;;;;;
439876;563270;;;;;
439877;563270;;;;;
439878;563271;;;;;
439879;563271;;;;;
439880;563272;;;;;
439881;563272;;;;;
439882;563272;;;;;
439883;563272;;;;;
439884;563272;;;;;
439885;563272;;;;;
438156;563233;;;;;
438157;563233;;;;;
438158;563234;;;;;
438159;563234;;;;;
438160;563235;;;;;
438161;563235;;;;;
438162;563236;;;;;
438163;563237;;;;;
438164;563237;;;;;
438166;563240;;;;;
438168;563243;;;;;
438169;563243;;;;;
438170;563244;;;;;
438171;563244;;;;;
438172;563245;;;;;
438173;563246;;;;;
438174;563246;;;;;
438175;563246;;;;;
438176;563246;;;;;
438177;563246;;;;;
438178;563246;;;;;
438839;564336;;;;;
438842;564339;;;;;
438843;564341;;;;;
438845;564344;;;;;
438846;564344;;;;;
438847;564345;;;;;
438848;564345;;;;;
438849;564346;;;;;
439657;561648;;;;;
439658;561648;;;;;
439659;561648;;;;;
439660;561649;;;;;
439661;561649;;;;;
439662;561649;;;;;
439663;561649;;;;;
439664;561649;;;;;
439665;561650;;;;;
439666;561650;;;;;
439667;561650;;;;;
439668;561650;;;;;
439673;561652;;;;;
439674;561653;;;;;
439675;561654;;;;;
439676;561655;;;;;
439678;561657;;;;;
439679;561658;;;;;
439680;561659;;;;;
439681;561660;;;;;
439682;561661;;;;;
439683;561661;;;;;
439684;561661;;;;;
439685;561661;;;;;
439686;561662;;;;;
439687;561663;;;;;
439688;561664;;;;;
439689;561665;;;;;
439690;561665;;;;;
438869;562857;;;;;
438870;562858;;;;;
438871;562859;;;;;
438872;562859;;;;;
438873;562859;;;;;
438874;562859;;;;;
438875;562860;;;;;
438876;562860;;;;;
438877;562860;;;;;
438878;562860;;;;;
438879;562861;;;;;
438880;562861;;;;;
438881;562861;;;;;
438882;562861;;;;;
438883;562862;;;;;
438884;562862;;;;;
438885;562863;;;;;
438886;562863;;;;;
438887;562863;;;;;
438888;562863;;;;;
438901;564613;;;;;
438902;564613;;;;;
438903;564614;;;;;
438904;564614;;;;;
438914;564626;;;;;
438915;564626;;;;;
438916;564627;;;;;
438917;564629;;;;;
438918;564630;;;;;
438919;564630;;;;;
439441;562918;;;;;
439442;562918;;;;;
439443;562918;;;;;
439444;562919;;;;;
439445;562919;;;;;
439446;562921;;;;;
439447;562923;;;;;
439448;562925;;;;;
439450;562928;;;;;
439451;562930;;;;;
439452;562930;;;;;
439455;562933;;;;;
439456;562933;;;;;
439457;562933;;;;;
439458;562933;;;;;
437669;556309;;;;;
437672;556312;;;;;
437677;560202;;;;;
437679;562777;;;;;
437681;562780;;;;;
437682;562782;;;;;
437684;562786;;;;;
437685;562788;;;;;
437688;562793;;;;;
438279;559398;;;;;
438280;559399;;;;;
438281;590295;;;;;
438282;590921;;;;;
438283;590920;;;;;
438284;559401;;;;;
438285;559401;;;;;
438286;559401;;;;;
438287;559402;;;;;
438288;559404;;;;;
438289;559406;;;;;
438291;559409;;;;;
438292;559411;;;;;
438293;559412;;;;;
438294;559412;;;;;
438295;559413;;;;;
438296;559413;;;;;
438297;559414;;;;;
438298;559414;;;;;
438299;559415;;;;;
438300;559417;;;;;
439459;562933;;;;;
439460;562934;;;;;
439461;562936;;;;;
439462;562938;;;;;
439465;562942;;;;;
439466;562944;;;;;
439467;562944;;;;;
439470;562948;;;;;
439471;562950;;;;;
439474;562954;;;;;
439475;562955;;;;;
439477;562959;;;;;
439478;564544;;;;;
439479;564546;;;;;
439480;564547;;;;;
439481;564549;;;;;
439491;563406;;;;;
439492;563406;;;;;
439493;563408;;;;;
439494;563408;;;;;
439495;563409;;;;;
439496;563409;;;;;
437698;564385;;;;;
437699;564387;;;;;
437700;564389;;;;;
437701;564389;;;;;
437702;564389;;;;;
438302;559419;;;;;
438303;559419;;;;;
438304;559420;;;;;
438305;559420;;;;;
438309;559430;;;;;
438310;559430;;;;;
438311;559431;;;;;
438312;559431;;;;;
438313;559432;;;;;
438314;559432;;;;;
438317;564560;;;;;
438320;564563;;;;;
438321;564564;;;;;
438322;564564;;;;;
438323;564564;;;;;
438324;564564;;;;;
438325;564564;;;;;
438326;564565;;;;;
438327;564565;;;;;
438328;564565;;;;;
438329;564565;;;;;
441450;559377;;;;;
441451;559377;;;;;
441452;559378;;;;;
441453;559380;;;;;
441454;559380;;;;;
441455;559380;;;;;
441456;559380;;;;;
441457;559380;;;;;
441458;559381;;;;;
441459;559381;;;;;
441460;559381;;;;;
441461;559382;;;;;
441462;559382;;;;;
441463;559383;;;;;
441464;559383;;;;;
441465;559383;;;;;
441466;559383;;;;;
441470;559386;;;;;
441471;559387;;;;;
441472;559387;;;;;
441473;559388;;;;;
441474;559388;;;;;
441475;559389;;;;;
441482;559390;;;;;
441488;559391;;;;;
441495;559392;;;;;
441497;559396;;;;;
441498;559397;;;;;
441499;559397;;;;;
440191;561540;;;;;
440192;561540;;;;;
440193;561541;;;;;
440194;561541;;;;;
440209;561543;;;;;
440210;561543;;;;;
440211;561545;;;;;
440212;561546;;;;;
440213;561547;;;;;
440214;561549;;;;;
440215;561550;;;;;
440216;561550;;;;;
440217;561550;;;;;
440218;561551;;;;;
440219;561551;;;;;
440222;561555;;;;;
440223;561557;;;;;
440224;561559;;;;;
440225;561561;;;;;
440226;561563;;;;;
440227;561564;;;;;
440228;561564;;;;;
440229;561565;;;;;
440230;561567;;;;;
440231;561568;;;;;
440232;561568;;;;;
440234;561571;;;;;
440235;561573;;;;;
440239;561579;;;;;
440240;561579;;;;;
440620;561639;;;;;
440621;561641;;;;;
440623;561643;;;;;
440895;559478;;;;;
440896;559478;;;;;
440897;559479;;;;;
440898;559479;;;;;
440899;559480;;;;;
440900;559480;;;;;
440901;559481;;;;;
457708;586503;;;;;
457709;586503;;;;;
653811;724244;;;;;
440902;559481;;;;;
440915;559492;;;;;
440916;559492;;;;;
440917;559493;;;;;
440918;559494;;;;;
440919;559494;;;;;
440925;559497;;;;;
440926;559497;;;;;
440927;559497;;;;;
440928;559499;;;;;
440929;559499;;;;;
440930;559500;;;;;
440931;559500;;;;;
440932;559500;;;;;
440935;559502;;;;;
440936;559502;;;;;
440937;559503;;;;;
440938;559503;;;;;
440939;559504;;;;;
440940;559504;;;;;
440951;578398;;;;;
441423;564231;;;;;
441424;564232;;;;;
441425;564233;;;;;
441426;564234;;;;;
441061;564355;;;;;
441062;564355;;;;;
441063;564356;;;;;
441064;564357;;;;;
441066;564359;;;;;
441067;564360;;;;;
441068;564361;;;;;
441100;559521;;;;;
441101;559521;;;;;
441102;559522;;;;;
441992;570096;;;;;
441993;570097;;;;;
440395;561581;;;;;
440396;561582;;;;;
440397;561583;;;;;
440398;561583;;;;;
440399;561584;;;;;
440400;561586;;;;;
440401;561586;;;;;
440402;561587;;;;;
440403;561587;;;;;
440404;561587;;;;;
440405;561589;;;;;
440406;561591;;;;;
440407;561593;;;;;
440408;561593;;;;;
440409;561593;;;;;
440410;561594;;;;;
440411;561594;;;;;
440413;561597;;;;;
440414;561598;;;;;
440418;561603;;;;;
440424;561607;;;;;
440425;561607;;;;;
440426;561608;;;;;
440427;561609;;;;;
440428;561609;;;;;
440429;561611;;;;;
440430;561612;;;;;
440431;561612;;;;;
440432;561614;;;;;
440433;561614;;;;;
440434;561615;;;;;
440436;561618;;;;;
441103;559522;;;;;
441104;559522;;;;;
441105;559523;;;;;
441106;559523;;;;;
441107;590429;;;;;
441108;590428;;;;;
441109;590429;;;;;
441110;590428;;;;;
441111;559524;;;;;
441112;559524;;;;;
441113;559525;;;;;
441120;561052;;;;;
441121;561053;;;;;
441125;561057;;;;;
441126;561057;;;;;
441127;561058;;;;;
441128;561058;;;;;
441129;561059;;;;;
441130;561061;;;;;
441131;561063;;;;;
441132;561064;;;;;
441133;561066;;;;;
441134;561068;;;;;
441135;564659;;;;;
441136;564660;;;;;
441137;564661;;;;;
441138;564662;;;;;
441139;564663;;;;;
441140;564664;;;;;
441141;564665;;;;;
441142;564666;;;;;
441143;564667;;;;;
441144;564667;;;;;
441145;564667;;;;;
440437;561619;;;;;
440438;561620;;;;;
440439;561622;;;;;
440441;561624;;;;;
440442;561626;;;;;
440444;561629;;;;;
3188867;558748;;;;;
3191103;564208;;;;;
3191101;564208;;;;;
440507;559432;;;;;
440508;559433;;;;;
440509;559433;;;;;
440512;559436;;;;;
440513;559437;;;;;
440514;559438;;;;;
440515;559439;;;;;
440516;559440;;;;;
441146;564667;;;;;
440517;559443;;;;;
440518;559443;;;;;
440519;559443;;;;;
440520;559443;;;;;
440521;559443;;;;;
440522;559443;;;;;
440523;559443;;;;;
440524;559443;;;;;
440525;559444;;;;;
440526;559444;;;;;
440527;559444;;;;;
440528;559444;;;;;
440537;559451;;;;;
440538;559452;;;;;
440545;559457;;;;;
441251;564371;;;;;
441252;564371;;;;;
441253;564371;;;;;
441254;564372;;;;;
441270;559364;;;;;
440596;561629;;;;;
440597;561629;;;;;
440599;561633;;;;;
440600;561635;;;;;
440601;561637;;;;;
441277;559365;;;;;
441283;559366;;;;;
441284;559368;;;;;
441286;559370;;;;;
441287;559371;;;;;
441288;559373;;;;;
441296;559375;;;;;
441297;559376;;;;;
441298;559376;;;;;
441299;564668;;;;;
441300;564668;;;;;
441301;564668;;;;;
441302;564668;;;;;
441311;564671;;;;;
441312;564672;;;;;
441313;564672;;;;;
441314;564672;;;;;
3287418;562726;;;;;
3289660;562412;;;;;
441315;564672;;;;;
441318;564675;;;;;
441319;564675;;;;;
441320;564675;;;;;
441321;564675;;;;;
441322;564676;;;;;
441323;564676;;;;;
441324;564676;;;;;
441325;564676;;;;;
440041;563281;;;;;
440042;563282;;;;;
440044;563286;;;;;
440045;563286;;;;;
440046;563287;;;;;
440047;563287;;;;;
440048;563288;;;;;
440049;563288;;;;;
440050;563289;;;;;
440051;563291;;;;;
440052;563291;;;;;
440053;563291;;;;;
440054;563292;;;;;
440055;563292;;;;;
440056;563294;;;;;
440057;563294;;;;;
440058;563294;;;;;
440062;563302;;;;;
440063;563303;;;;;
440064;563303;;;;;
440065;563304;;;;;
440066;563306;;;;;
440070;563313;;;;;
440071;563313;;;;;
440072;563314;;;;;
440073;563314;;;;;
440074;563314;;;;;
440075;563316;;;;;
440076;563316;;;;;
440077;563316;;;;;
440078;563318;;;;;
440079;563319;;;;;
440080;563319;;;;;
441059;564355;;;;;
441060;564355;;;;;
440695;559457;;;;;
440696;559457;;;;;
440697;559457;;;;;
440698;559458;;;;;
440699;559458;;;;;
440700;559458;;;;;
440701;559458;;;;;
440702;559459;;;;;
440703;559460;;;;;
440704;559460;;;;;
440705;559460;;;;;
440706;559460;;;;;
440707;559461;;;;;
440708;559461;;;;;
440709;559461;;;;;
440710;559461;;;;;
440084;563326;;;;;
440085;563327;;;;;
440086;563327;;;;;
440087;563328;;;;;
440088;563330;;;;;
440089;563332;;;;;
440090;563332;;;;;
440714;559463;;;;;
440715;559463;;;;;
440716;559463;;;;;
440717;559463;;;;;
440718;559464;;;;;
440719;559464;;;;;
440720;559464;;;;;
440721;559465;;;;;
440722;559465;;;;;
440723;559466;;;;;
440724;559466;;;;;
440725;559467;;;;;
440726;559467;;;;;
440739;559473;;;;;
440740;559473;;;;;
440741;559474;;;;;
440742;559476;;;;;
440745;559478;;;;;
441427;564235;;;;;
441428;564236;;;;;
444204;590422;;;;;
444205;590421;;;;;
444206;571930;;;;;
444210;571935;;;;;
3182464;559244;;;;;
443487;571797;;;;;
444567;572142;;;;;
443348;569984;;;;;
443792;570125;;;;;
3374467;563225;;;;;
444338;572079;;;;;
444379;571963;;;;;
444380;571964;;;;;
444382;571967;;;;;
442472;569907;;;;;
444690;578572;;;;;
445827;570215;;;;;
446599;570311;;;;;
446600;570312;;;;;
446601;570312;;;;;
446603;570314;;;;;
446604;570314;;;;;
446605;570314;;;;;
444934;579993;;;;;
446629;570330;;;;;
447111;577340;;;;;
447112;577340;;;;;
446718;577271;;;;;
446782;570330;;;;;
448968;578251;;;;;
447113;577341;;;;;
447115;577344;;;;;
448159;576619;;;;;
448160;576619;;;;;
447911;569807;;;;;
447912;569807;;;;;
448705;573348;;;;;
448317;576557;;;;;
448318;576558;;;;;
448319;576559;;;;;
448320;576559;;;;;
449188;576333;;;;;
447464;577182;;;;;
447465;577183;;;;;
447466;577183;;;;;
447469;577185;;;;;
447470;577185;;;;;
447641;577216;;;;;
447642;577216;;;;;
447643;577217;;;;;
447644;577217;;;;;
447645;577218;;;;;
447646;577218;;;;;
447647;577218;;;;;
451114;589454;;;;;
451115;589455;;;;;
451116;589457;;;;;
451118;589460;;;;;
451119;589460;;;;;
451127;589469;;;;;
451128;589469;;;;;
3257988;558900;;;;;
3374457;563227;;;;;
3374462;589381;;;;;
450193;577521;;;;;
3204541;562568;;;;;
450126;569566;;;;;
450260;579362;;;;;
450307;578950;;;;;
451297;587992;;;;;
451298;587992;;;;;
9087415;8283614;;;;;
9528697;8683267;;;;;
9085507;8283901;;;;;
9528699;8684533;;;;;
450375;571576;;;;;
451603;587297;;;;;
451604;587297;;;;;
451605;587297;;;;;
451606;587297;;;;;
451607;587298;;;;;
451608;587298;;;;;
451609;587298;;;;;
451610;587298;;;;;
451611;587298;;;;;
451612;587299;;;;;
451613;587299;;;;;
451785;587317;;;;;
450920;569785;;;;;
451412;587287;;;;;
451413;587288;;;;;
451414;587288;;;;;
451415;587288;;;;;
451416;587288;;;;;
451417;587289;;;;;
451418;587289;;;;;
451419;587290;;;;;
451420;587291;;;;;
451421;587291;;;;;
451422;587291;;;;;
451423;587291;;;;;
451033;584756;;;;;
451636;587317;;;;;
451048;587651;;;;;
451049;587653;;;;;
451050;587654;;;;;
451799;587326;;;;;
450672;580087;;;;;
450673;580089;;;;;
451082;587681;;;;;
451090;589418;;;;;
451097;589427;;;;;
451098;589427;;;;;
451099;589427;;;;;
451112;589451;;;;;
451113;589453;;;;;
450560;571596;;;;;
450561;571596;;;;;
450562;571596;;;;;
450563;571598;;;;;
450564;571598;;;;;
450565;571599;;;;;
450566;571599;;;;;
450567;571599;;;;;
450568;571600;;;;;
450569;571600;;;;;
451808;587336;;;;;
451809;587337;;;;;
451810;587338;;;;;
451811;587338;;;;;
453447;587955;;;;;
453448;587956;;;;;
3369346;563446;;;;;
3369975;1972193;;;;;
453449;587957;;;;;
453450;590372;;;;;
453451;590371;;;;;
453452;587958;;;;;
453676;587989;;;;;
453677;587989;;;;;
453678;587989;;;;;
451907;588058;;;;;
454376;589651;;;;;
451992;587354;;;;;
451993;587355;;;;;
451994;587355;;;;;
452624;587435;;;;;
453212;587509;;;;;
453213;587510;;;;;
453234;587524;;;;;
451997;587358;;;;;
451998;587360;;;;;
451999;587361;;;;;
452000;587363;;;;;
452001;587364;;;;;
452002;587364;;;;;
452017;587367;;;;;
452018;587367;;;;;
452019;587368;;;;;
452020;587368;;;;;
452021;587369;;;;;
453244;587535;;;;;
453273;587941;;;;;
453274;587941;;;;;
453275;587941;;;;;
453276;587941;;;;;
453277;587942;;;;;
453278;587942;;;;;
453279;587942;;;;;
453280;587942;;;;;
453281;587943;;;;;
453282;587943;;;;;
453283;587943;;;;;
453284;587943;;;;;
452034;587375;;;;;
452035;587375;;;;;
452036;587376;;;;;
452037;587376;;;;;
452038;587377;;;;;
3188868;558853;;;;;
452711;569603;;;;;
453286;587945;;;;;
453287;587946;;;;;
453687;590845;;;;;
453688;590844;;;;;
452426;587411;;;;;
452427;587411;;;;;
452428;587413;;;;;
454091;589412;;;;;
454092;589412;;;;;
453844;589344;;;;;
453845;589344;;;;;
453846;589345;;;;;
453847;589346;;;;;
453848;589346;;;;;
453849;589346;;;;;
452193;587382;;;;;
452194;587382;;;;;
452195;587382;;;;;
452196;587382;;;;;
452197;587382;;;;;
452198;587382;;;;;
452199;587382;;;;;
452201;587384;;;;;
452203;587386;;;;;
453389;570967;;;;;
453390;570967;;;;;
453391;570967;;;;;
453392;570967;;;;;
453393;587536;;;;;
453395;587538;;;;;
453396;587539;;;;;
453397;587540;;;;;
452233;587399;;;;;
452234;587399;;;;;
452235;587399;;;;;
452236;587399;;;;;
452237;587399;;;;;
452238;587400;;;;;
452243;587797;;;;;
452244;587797;;;;;
452245;587797;;;;;
452261;587818;;;;;
452262;587819;;;;;
452263;587819;;;;;
452264;587821;;;;;
452265;587822;;;;;
453747;570999;;;;;
453748;570999;;;;;
453749;570999;;;;;
454133;576747;;;;;
454134;576749;;;;;
454135;576749;;;;;
454136;576749;;;;;
454137;576750;;;;;
452266;587822;;;;;
452267;587823;;;;;
452268;587823;;;;;
453880;589379;;;;;
453902;576674;;;;;
3195575;562801;;;;;
452111;588091;;;;;
452112;588092;;;;;
452393;587405;;;;;
453029;587480;;;;;
453031;587482;;;;;
453033;587484;;;;;
453034;587485;;;;;
453037;587488;;;;;
452394;587405;;;;;
452395;587405;;;;;
452396;587405;;;;;
452397;587406;;;;;
452398;587406;;;;;
452399;587406;;;;;
452400;587406;;;;;
453043;587493;;;;;
453044;587494;;;;;
453045;587496;;;;;
453080;587912;;;;;
453081;587913;;;;;
453082;587913;;;;;
453084;587915;;;;;
453085;587915;;;;;
456039;589243;;;;;
456040;589245;;;;;
455447;589753;;;;;
751721;802281;;;;;
455812;589174;;;;;
455813;589175;;;;;
455814;589176;;;;;
456447;570384;;;;;
454945;589940;;;;;
454946;589941;;;;;
454947;589942;;;;;
454948;589942;;;;;
454949;589943;;;;;
454950;589943;;;;;
454961;589954;;;;;
454962;589954;;;;;
454963;589954;;;;;
456823;589704;;;;;
454282;589823;;;;;
454283;589825;;;;;
454964;589956;;;;;
454965;589958;;;;;
454975;589964;;;;;
454345;589625;;;;;
9339579;8638449;;;;;
9339580;8637489;;;;;
9339581;8637522;;;;;
9339582;8637521;;;;;
9339583;8637515;;;;;
455652;589779;;;;;
751719;802280;;;;;
751720;802280;;;;;
454363;589643;;;;;
454364;589643;;;;;
454370;589650;;;;;
3217339;587483;;;;;
455688;589804;;;;;
455689;589804;;;;;
455690;589804;;;;;
455691;589804;;;;;
455692;589804;;;;;
455693;589806;;;;;
456481;570407;;;;;
456482;570407;;;;;
456483;570408;;;;;
454762;589915;;;;;
454776;589922;;;;;
454777;589923;;;;;
454789;589937;;;;;
454790;589937;;;;;
454793;589940;;;;;
3372857;562951;;;;;
3372861;562952;;;;;
3373500;562931;;;;;
3373828;562202;;;;;
3477508;2028219;;;;;
3477507;2028219;;;;;
456295;570383;;;;;
456296;570383;;;;;
456297;570384;;;;;
454482;589881;;;;;
454485;589886;;;;;
455234;589007;;;;;
456199;589262;;;;;
456799;589681;;;;;
456232;589298;;;;;
454654;588798;;;;;
454383;589652;;;;;
456003;589207;;;;;
454460;589850;;;;;
454462;589853;;;;;
456628;589666;;;;;
456629;589668;;;;;
456634;589671;;;;;
457727;586532;;;;;
457728;586534;;;;;
457729;586536;;;;;
457735;586544;;;;;
457736;586544;;;;;
457737;586545;;;;;
457738;586546;;;;;
457739;586547;;;;;
457740;586547;;;;;
457741;586548;;;;;
457742;586548;;;;;
457743;586549;;;;;
457744;586549;;;;;
457756;586727;;;;;
457499;586470;;;;;
457539;590801;;;;;
457540;590800;;;;;
457541;590434;;;;;
457542;590433;;;;;
457543;590199;;;;;
457544;590198;;;;;
457545;590197;;;;;
457546;590196;;;;;
457547;590195;;;;;
457548;590194;;;;;
457549;590193;;;;;
457550;586491;;;;;
457552;586495;;;;;
456689;570561;;;;;
456709;589490;;;;;
456710;589492;;;;;
456711;589493;;;;;
456712;589493;;;;;
456713;589494;;;;;
456714;589494;;;;;
457553;586496;;;;;
457554;586497;;;;;
457555;586497;;;;;
457603;586725;;;;;
457604;586725;;;;;
456730;589520;;;;;
456731;589521;;;;;
458260;586336;;;;;
458261;586338;;;;;
457113;589591;;;;;
457118;589597;;;;;
457119;589597;;;;;
457245;589130;;;;;
457246;589131;;;;;
458283;586367;;;;;
458284;586367;;;;;
458285;586369;;;;;
458286;586369;;;;;
458287;586369;;;;;
458288;586371;;;;;
458289;586371;;;;;
458290;586372;;;;;
3259255;562501;;;;;
458465;586400;;;;;
458467;586403;;;;;
458469;586407;;;;;
458477;586418;;;;;
458478;586420;;;;;
458482;586427;;;;;
458483;586429;;;;;
458489;586437;;;;;
457143;589622;;;;;
457144;589622;;;;;
457147;589625;;;;;
457148;589625;;;;;
457346;586467;;;;;
457347;586467;;;;;
457349;586469;;;;;
457369;586684;;;;;
457399;586843;;;;;
457400;586844;;;;;
457401;586844;;;;;
457402;586845;;;;;
457404;586848;;;;;
457405;586848;;;;;
458073;586299;;;;;
458074;586300;;;;;
458075;586300;;;;;
458076;586301;;;;;
458077;586303;;;;;
458078;586304;;;;;
458079;586304;;;;;
458080;586305;;;;;
458081;586305;;;;;
458082;586306;;;;;
458083;586306;;;;;
458084;586306;;;;;
458085;586307;;;;;
458086;586307;;;;;
458087;586309;;;;;
458088;586311;;;;;
458089;586311;;;;;
458090;586311;;;;;
458091;586312;;;;;
458092;586313;;;;;
458093;586313;;;;;
458094;586313;;;;;
458097;586319;;;;;
458098;586319;;;;;
458099;586319;;;;;
458100;586320;;;;;
458101;586321;;;;;
458102;586321;;;;;
458103;586322;;;;;
456941;589562;;;;;
456942;589563;;;;;
456943;589564;;;;;
456944;589565;;;;;
457927;586580;;;;;
457928;586580;;;;;
457929;586581;;;;;
457930;586581;;;;;
457931;586582;;;;;
457932;586583;;;;;
3322320;562374;;;;;
3321662;562212;;;;;
456996;589719;;;;;
456997;589719;;;;;
457933;586583;;;;;
457934;586584;;;;;
457947;586605;;;;;
457015;589732;;;;;
433099;560663;;;;;
456838;590907;;;;;
456839;590906;;;;;
456843;589717;;;;;
456844;589717;;;;;
456845;589717;;;;;
457714;586512;;;;;
457715;586514;;;;;
457716;586516;;;;;
457717;586518;;;;;
457718;586519;;;;;
457719;586520;;;;;
457722;586525;;;;;
457723;586526;;;;;
457724;586528;;;;;
459246;572267;;;;;
459250;572270;;;;;
461058;570669;;;;;
461059;570671;;;;;
461072;570681;;;;;
460154;586784;;;;;
460155;586786;;;;;
460156;586787;;;;;
460157;586787;;;;;
460176;586803;;;;;
460177;586803;;;;;
460178;586804;;;;;
460183;586814;;;;;
460185;586817;;;;;
460186;586818;;;;;
460188;586821;;;;;
460189;586823;;;;;
460194;586828;;;;;
460195;586828;;;;;
460197;586831;;;;;
460198;586832;;;;;
460212;570800;;;;;
461201;585650;;;;;
460302;586623;;;;;
461365;583302;;;;;
461366;583302;;;;;
460303;586624;;;;;
460304;586625;;;;;
460305;586626;;;;;
460306;586627;;;;;
460307;586628;;;;;
460308;586629;;;;;
460310;586631;;;;;
460311;586632;;;;;
460312;586633;;;;;
460314;586635;;;;;
460315;586635;;;;;
460316;586635;;;;;
460317;586635;;;;;
460318;586636;;;;;
460319;586636;;;;;
460320;586636;;;;;
460321;586636;;;;;
460322;586637;;;;;
460323;586637;;;;;
460324;586638;;;;;
460837;580510;;;;;
460872;570645;;;;;
460873;570646;;;;;
460874;570646;;;;;
459402;572276;;;;;
459403;590353;;;;;
459404;590352;;;;;
460325;586639;;;;;
460326;586639;;;;;
460327;586639;;;;;
460328;586639;;;;;
460329;586639;;;;;
460330;586639;;;;;
460333;586642;;;;;
460334;586643;;;;;
460337;586648;;;;;
460338;586649;;;;;
460339;586651;;;;;
460341;586655;;;;;
460342;586657;;;;;
460343;586658;;;;;
460344;586660;;;;;
460345;586661;;;;;
460346;586663;;;;;
460348;586832;;;;;
460349;586832;;;;;
460350;586834;;;;;
460351;586835;;;;;
460352;586835;;;;;
460353;586835;;;;;
461001;585617;;;;;
461002;585618;;;;;
461003;585619;;;;;
461004;585620;;;;;
461006;585623;;;;;
461007;585624;;;;;
461008;585625;;;;;
461009;585626;;;;;
461010;585627;;;;;
461011;585627;;;;;
461012;585627;;;;;
461013;585627;;;;;
461014;585628;;;;;
461015;585628;;;;;
461016;585628;;;;;
461017;585628;;;;;
461019;585630;;;;;
461020;585631;;;;;
461021;585632;;;;;
461022;585633;;;;;
461023;585634;;;;;
461024;585634;;;;;
461025;585634;;;;;
460122;586606;;;;;
460123;586607;;;;;
460143;586614;;;;;
460144;586615;;;;;
460145;586616;;;;;
460899;570663;;;;;
460146;586617;;;;;
461031;585636;;;;;
461032;585637;;;;;
461033;585638;;;;;
461034;585638;;;;;
461035;585639;;;;;
461036;585639;;;;;
461037;585640;;;;;
461038;585640;;;;;
461039;585640;;;;;
461040;585640;;;;;
461041;585641;;;;;
461042;585642;;;;;
461043;585643;;;;;
461044;585644;;;;;
461046;585646;;;;;
461047;585646;;;;;
461363;583301;;;;;
461364;583301;;;;;
459953;586744;;;;;
459954;586744;;;;;
459955;586744;;;;;
459956;586744;;;;;
459962;586750;;;;;
459964;586752;;;;;
459966;586754;;;;;
459967;586754;;;;;
459968;586754;;;;;
459969;586754;;;;;
459974;586759;;;;;
459982;586765;;;;;
459983;586766;;;;;
459984;586767;;;;;
459985;586767;;;;;
459986;586767;;;;;
3193664;563355;;;;;
460597;585245;;;;;
460598;585245;;;;;
460601;585248;;;;;
459780;586728;;;;;
459784;586732;;;;;
459785;586733;;;;;
459786;586733;;;;;
459787;586733;;;;;
459788;586733;;;;;
459789;586734;;;;;
459790;586735;;;;;
459791;586736;;;;;
459792;586736;;;;;
459793;586737;;;;;
459794;586738;;;;;
459795;586739;;;;;
459987;586767;;;;;
459988;586768;;;;;
459989;586768;;;;;
459990;586768;;;;;
459991;586768;;;;;
459993;586770;;;;;
459994;586772;;;;;
460627;581787;;;;;
463072;587034;;;;;
463073;587035;;;;;
463074;587036;;;;;
463077;587041;;;;;
463078;587042;;;;;
463079;587042;;;;;
463080;587043;;;;;
463081;587043;;;;;
463082;587044;;;;;
462459;581590;;;;;
462460;581590;;;;;
462461;581591;;;;;
462462;581591;;;;;
462484;585456;;;;;
462485;585456;;;;;
462486;585456;;;;;
461909;581810;;;;;
461910;581810;;;;;
461911;581810;;;;;
462487;585456;;;;;
463191;590220;;;;;
463192;590219;;;;;
463193;590220;;;;;
463194;590219;;;;;
463195;590220;;;;;
463196;590219;;;;;
463197;590220;;;;;
463198;590219;;;;;
462625;586849;;;;;
462626;586849;;;;;
462627;586850;;;;;
462632;586852;;;;;
462633;586853;;;;;
462634;586854;;;;;
462635;586855;;;;;
462636;586856;;;;;
3283899;561067;;;;;
463601;585245;;;;;
462637;586857;;;;;
462371;587233;;;;;
462372;587233;;;;;
462373;587233;;;;;
462995;586894;;;;;
462996;586894;;;;;
462997;586894;;;;;
462998;586895;;;;;
462999;586895;;;;;
463000;586896;;;;;
463001;586896;;;;;
463024;586916;;;;;
463025;586917;;;;;
463029;586923;;;;;
463030;586923;;;;;
463031;586924;;;;;
463032;586924;;;;;
463033;586924;;;;;
463034;586925;;;;;
463035;586925;;;;;
463464;570713;;;;;
463465;570713;;;;;
463466;570714;;;;;
463467;570714;;;;;
463468;570714;;;;;
463469;570714;;;;;
9333499;8639091;;;;;
9333500;8639096;;;;;
9333501;8639095;;;;;
9333502;8639101;;;;;
9333503;8639093;;;;;
461530;581618;;;;;
462102;581854;;;;;
462106;583263;;;;;
462107;583263;;;;;
463199;590220;;;;;
463200;590219;;;;;
463219;586931;;;;;
463220;586931;;;;;
463221;586932;;;;;
463222;586932;;;;;
463227;586941;;;;;
463228;586941;;;;;
463229;586941;;;;;
463230;586943;;;;;
463231;586945;;;;;
463232;586947;;;;;
463234;586947;;;;;
462788;586859;;;;;
462168;587199;;;;;
462169;587199;;;;;
462170;587200;;;;;
462171;587200;;;;;
462172;587200;;;;;
462797;586866;;;;;
462798;586867;;;;;
462803;586870;;;;;
462804;586870;;;;;
462805;586870;;;;;
462806;586870;;;;;
462807;586871;;;;;
462808;586872;;;;;
462809;586872;;;;;
462810;586872;;;;;
462811;586872;;;;;
462812;586873;;;;;
462813;586874;;;;;
462814;586875;;;;;
462815;586875;;;;;
462816;586876;;;;;
462817;586877;;;;;
462818;586877;;;;;
462827;586882;;;;;
462828;586883;;;;;
462834;586888;;;;;
462871;586995;;;;;
462872;586995;;;;;
462873;586996;;;;;
463241;586948;;;;;
463244;585438;;;;;
463245;585438;;;;;
463246;585439;;;;;
463250;585444;;;;;
463251;585445;;;;;
463252;585445;;;;;
463259;587057;;;;;
463260;587057;;;;;
463261;587058;;;;;
463262;587058;;;;;
463263;587058;;;;;
463264;587059;;;;;
462889;585458;;;;;
462890;585460;;;;;
462891;585460;;;;;
462897;585464;;;;;
462898;585466;;;;;
462899;585467;;;;;
462900;585467;;;;;
462904;585470;;;;;
462905;585470;;;;;
462906;585471;;;;;
462907;585472;;;;;
463402;585445;;;;;
463403;585447;;;;;
463404;585449;;;;;
3355579;563004;;;;;
461761;583352;;;;;
461762;583353;;;;;
461763;583353;;;;;
461765;583356;;;;;
462295;587071;;;;;
462296;587072;;;;;
462651;586957;;;;;
462669;586958;;;;;
462670;586958;;;;;
461789;583383;;;;;
461790;583383;;;;;
461791;583384;;;;;
461792;583384;;;;;
462679;586962;;;;;
462680;586963;;;;;
462691;587136;;;;;
462692;587137;;;;;
462693;587137;;;;;
462694;587140;;;;;
462695;587141;;;;;
462696;587142;;;;;
462697;587142;;;;;
462698;587144;;;;;
462699;587146;;;;;
462700;587147;;;;;
462701;587148;;;;;
462702;587148;;;;;
462703;587148;;;;;
462704;587149;;;;;
3190468;586884;;;;;
3184385;559154;;;;;
461225;585661;;;;;
461234;585663;;;;;
461235;585665;;;;;
461236;585665;;;;;
461237;585666;;;;;
461238;585666;;;;;
461239;585666;;;;;
461240;585667;;;;;
461241;585667;;;;;
461242;585669;;;;;
462387;587260;;;;;
462388;587261;;;;;
462389;587262;;;;;
462390;587264;;;;;
463755;585417;;;;;
463756;585417;;;;;
463757;586214;;;;;
463758;586215;;;;;
463759;586216;;;;;
463760;586216;;;;;
463761;586216;;;;;
463762;586216;;;;;
463763;586217;;;;;
463764;586217;;;;;
463765;586217;;;;;
463766;586217;;;;;
463780;586228;;;;;
463781;586229;;;;;
463782;586230;;;;;
463783;586231;;;;;
463784;586231;;;;;
463785;586231;;;;;
463786;586231;;;;;
463787;586232;;;;;
463788;586233;;;;;
463789;586234;;;;;
463790;586235;;;;;
463791;586236;;;;;
463796;586238;;;;;
463797;586239;;;;;
463798;586240;;;;;
463799;586241;;;;;
463800;586242;;;;;
463954;586247;;;;;
463955;586248;;;;;
463956;586248;;;;;
463957;586248;;;;;
463958;586248;;;;;
463960;586250;;;;;
463961;586250;;;;;
463962;586250;;;;;
463963;586250;;;;;
463964;586251;;;;;
463965;586253;;;;;
463966;586255;;;;;
463967;586256;;;;;
463968;586258;;;;;
463969;586260;;;;;
463970;586262;;;;;
465104;585849;;;;;
465105;585849;;;;;
465114;585854;;;;;
465115;585854;;;;;
465116;585854;;;;;
465117;585856;;;;;
465118;585858;;;;;
465119;585860;;;;;
465120;585861;;;;;
465121;585863;;;;;
465124;585869;;;;;
465125;585870;;;;;
463971;586264;;;;;
463972;586265;;;;;
463973;586266;;;;;
463974;586267;;;;;
463975;586267;;;;;
463976;586268;;;;;
463977;586268;;;;;
463978;586269;;;;;
463979;586269;;;;;
463980;586270;;;;;
465142;585878;;;;;
465143;585879;;;;;
465144;585879;;;;;
465145;585880;;;;;
465146;585880;;;;;
465175;583165;;;;;
465176;583165;;;;;
465177;583165;;;;;
464909;584281;;;;;
464910;584282;;;;;
465178;583165;;;;;
464935;585838;;;;;
464936;585839;;;;;
464937;585840;;;;;
464952;585846;;;;;
464953;585846;;;;;
464954;585848;;;;;
465569;583215;;;;;
465570;583215;;;;;
465571;583215;;;;;
465306;585890;;;;;
465307;585892;;;;;
465308;585893;;;;;
465309;585895;;;;;
465310;585897;;;;;
465311;585899;;;;;
465312;585901;;;;;
465313;585902;;;;;
465314;585904;;;;;
465315;585906;;;;;
465316;585908;;;;;
465317;585910;;;;;
465318;585911;;;;;
465319;585912;;;;;
465320;585913;;;;;
465321;585914;;;;;
465322;585914;;;;;
465323;585914;;;;;
465324;585915;;;;;
465325;585916;;;;;
465326;585917;;;;;
465327;585918;;;;;
465328;585919;;;;;
464196;581460;;;;;
464197;581460;;;;;
464749;581906;;;;;
465329;585919;;;;;
465330;585920;;;;;
465331;585920;;;;;
465332;585920;;;;;
465333;585920;;;;;
465334;585921;;;;;
465335;585923;;;;;
465336;585925;;;;;
465337;585927;;;;;
465338;585929;;;;;
465341;585933;;;;;
465342;585935;;;;;
465343;585937;;;;;
465344;585939;;;;;
465345;585940;;;;;
465346;585941;;;;;
464785;583112;;;;;
464786;583112;;;;;
464787;583113;;;;;
464788;583113;;;;;
464794;583120;;;;;
465372;583182;;;;;
465373;583184;;;;;
465374;583184;;;;;
465375;583184;;;;;
465376;583184;;;;;
465377;583185;;;;;
463981;586272;;;;;
463982;586273;;;;;
463983;586273;;;;;
463984;586273;;;;;
463985;586274;;;;;
463986;586275;;;;;
463987;586277;;;;;
463988;586278;;;;;
463989;586280;;;;;
463990;586281;;;;;
463991;586281;;;;;
463992;586283;;;;;
463993;586284;;;;;
463994;586286;;;;;
463995;586288;;;;;
464801;583127;;;;;
464802;583127;;;;;
464803;583127;;;;;
463996;586290;;;;;
463997;586292;;;;;
463998;586294;;;;;
463999;586295;;;;;
464000;586296;;;;;
464001;586297;;;;;
464002;586298;;;;;
467357;585277;;;;;
468102;585096;;;;;
468103;585098;;;;;
466720;586203;;;;;
466721;586204;;;;;
466722;586206;;;;;
466725;586211;;;;;
466726;586213;;;;;
466727;585400;;;;;
466728;585402;;;;;
466729;585403;;;;;
466730;585403;;;;;
467358;585278;;;;;
467359;585278;;;;;
467367;586001;;;;;
467368;586001;;;;;
467369;586003;;;;;
467370;586003;;;;;
467371;586004;;;;;
466731;585403;;;;;
466732;585404;;;;;
466733;585406;;;;;
466734;585408;;;;;
466735;585409;;;;;
466736;585411;;;;;
466737;585412;;;;;
466738;585413;;;;;
466739;585413;;;;;
466762;585415;;;;;
466763;585415;;;;;
466764;585415;;;;;
466765;585415;;;;;
490266;560267;;;;;
467400;581093;;;;;
467402;581098;;;;;
467406;581102;;;;;
466766;585415;;;;;
466767;585417;;;;;
466768;585417;;;;;
468554;582215;;;;;
468555;582215;;;;;
468556;582215;;;;;
468557;582215;;;;;
468581;582228;;;;;
468582;582228;;;;;
468583;582228;;;;;
468584;582229;;;;;
466520;586164;;;;;
466521;586165;;;;;
466522;586165;;;;;
466523;586166;;;;;
466524;586166;;;;;
466525;586167;;;;;
466526;586167;;;;;
466527;586167;;;;;
466528;586168;;;;;
466529;586168;;;;;
466530;586169;;;;;
466531;586169;;;;;
466532;586170;;;;;
466533;586170;;;;;
466534;586171;;;;;
466535;586171;;;;;
466536;586172;;;;;
466538;586174;;;;;
466539;586174;;;;;
467528;585283;;;;;
467530;585285;;;;;
467531;585286;;;;;
467532;585287;;;;;
467533;585288;;;;;
467537;585292;;;;;
467538;585293;;;;;
467539;585293;;;;;
467540;585293;;;;;
467541;585293;;;;;
467542;585294;;;;;
467543;585295;;;;;
467544;585296;;;;;
467545;585297;;;;;
467546;585298;;;;;
467547;585299;;;;;
467548;585300;;;;;
467549;585301;;;;;
467550;585302;;;;;
467551;585303;;;;;
467552;585304;;;;;
467554;585306;;;;;
467555;585307;;;;;
467556;585308;;;;;
467557;585309;;;;;
467558;585310;;;;;
467559;585311;;;;;
467560;585312;;;;;
468798;584044;;;;;
468799;584044;;;;;
466925;585036;;;;;
466981;585946;;;;;
466982;585947;;;;;
466983;585947;;;;;
466984;585948;;;;;
466985;585948;;;;;
466986;585948;;;;;
466987;585948;;;;;
466988;585949;;;;;
466989;585949;;;;;
466990;585950;;;;;
466991;585950;;;;;
467991;583471;;;;;
466992;585950;;;;;
466993;585950;;;;;
466994;585951;;;;;
466995;585951;;;;;
466998;585954;;;;;
466999;585955;;;;;
467003;585956;;;;;
467004;585956;;;;;
467005;585957;;;;;
467006;585957;;;;;
467007;585957;;;;;
467008;585957;;;;;
467009;585958;;;;;
467010;585959;;;;;
467011;585959;;;;;
467012;585959;;;;;
467013;585959;;;;;
467014;585960;;;;;
467015;585960;;;;;
467016;585960;;;;;
467017;585960;;;;;
468070;585082;;;;;
468734;579681;;;;;
468735;579682;;;;;
467035;581242;;;;;
467724;585319;;;;;
467725;585320;;;;;
467726;585322;;;;;
467727;585324;;;;;
467728;585325;;;;;
467729;585325;;;;;
467730;585325;;;;;
467731;585325;;;;;
467732;585326;;;;;
467733;585326;;;;;
467734;585326;;;;;
467735;585326;;;;;
467736;585326;;;;;
467737;585327;;;;;
467738;585327;;;;;
467739;585327;;;;;
467740;585327;;;;;
467741;585328;;;;;
466362;586153;;;;;
466363;586154;;;;;
466364;586154;;;;;
466365;586155;;;;;
466366;586156;;;;;
466369;586162;;;;;
3372864;562952;;;;;
3374458;563227;;;;;
3373829;562202;;;;;
3373501;562927;;;;;
467742;585328;;;;;
467743;585329;;;;;
467752;585330;;;;;
467761;585331;;;;;
467765;581993;;;;;
467766;581993;;;;;
467767;581993;;;;;
467773;581996;;;;;
467774;581996;;;;;
467775;581996;;;;;
467776;581996;;;;;
468260;585102;;;;;
468261;585102;;;;;
468262;585103;;;;;
468263;585103;;;;;
468264;585103;;;;;
468265;585104;;;;;
468266;585104;;;;;
468267;585105;;;;;
468268;585105;;;;;
468269;585106;;;;;
468270;585108;;;;;
468271;585110;;;;;
468275;585113;;;;;
468281;585116;;;;;
467169;585962;;;;;
467170;585963;;;;;
467171;585964;;;;;
467172;585965;;;;;
467173;585965;;;;;
467174;585965;;;;;
467175;585965;;;;;
467176;585966;;;;;
467177;585967;;;;;
468766;582270;;;;;
468767;582270;;;;;
468768;582270;;;;;
468784;582294;;;;;
467178;585968;;;;;
467179;585969;;;;;
467180;585970;;;;;
467181;585971;;;;;
467182;585972;;;;;
467183;585972;;;;;
467184;585973;;;;;
467185;585974;;;;;
467186;585975;;;;;
467187;585976;;;;;
467188;585977;;;;;
467189;585978;;;;;
467190;585978;;;;;
467191;585978;;;;;
467192;585979;;;;;
467193;585981;;;;;
467194;585983;;;;;
467195;585985;;;;;
467196;585986;;;;;
467197;585987;;;;;
467198;585987;;;;;
467199;585988;;;;;
467200;585988;;;;;
467201;585988;;;;;
467202;585990;;;;;
467203;585990;;;;;
467214;585996;;;;;
467215;585998;;;;;
467866;583837;;;;;
468317;581945;;;;;
468318;581945;;;;;
467216;585999;;;;;
467918;585332;;;;;
467919;585334;;;;;
467920;585336;;;;;
467921;585338;;;;;
467922;585340;;;;;
467923;585342;;;;;
467924;585343;;;;;
467925;585345;;;;;
467926;585347;;;;;
467927;585349;;;;;
467928;585351;;;;;
467929;585352;;;;;
467930;585354;;;;;
467931;585355;;;;;
465987;584583;;;;;
465988;584583;;;;;
465989;584583;;;;;
465990;584583;;;;;
466540;586175;;;;;
466541;586175;;;;;
466542;586177;;;;;
466543;586178;;;;;
466544;586179;;;;;
466545;586179;;;;;
466546;586180;;;;;
466547;586180;;;;;
466548;586181;;;;;
466549;586181;;;;;
466550;586183;;;;;
466552;586187;;;;;
466553;586188;;;;;
466554;586190;;;;;
466555;586191;;;;;
466556;586192;;;;;
466557;586192;;;;;
466558;586193;;;;;
466559;586193;;;;;
466560;586193;;;;;
466561;586194;;;;;
466562;586195;;;;;
466563;586195;;;;;
466565;586198;;;;;
466566;586198;;;;;
466567;586199;;;;;
466568;586201;;;;;
466569;586201;;;;;
467957;585367;;;;;
467958;585368;;;;;
470702;582337;;;;;
470707;582630;;;;;
469102;582184;;;;;
469103;582186;;;;;
469104;582186;;;;;
469105;582187;;;;;
469833;582900;;;;;
469834;582901;;;;;
469835;582901;;;;;
470756;584164;;;;;
470766;582940;;;;;
470767;582940;;;;;
470768;582941;;;;;
470429;551990;;;;;
469388;582588;;;;;
469389;582590;;;;;
469874;585017;;;;;
469875;585018;;;;;
8294782;1984036;;;;;
8294783;1984035;;;;;
8294784;1984035;;;;;
8294785;1984035;;;;;
8294787;1554276;;;;;
8294788;1554276;;;;;
8294789;1554276;;;;;
8294790;1554276;;;;;
8295095;1554277;;;;;
469884;585022;;;;;
469910;582392;;;;;
470871;585812;;;;;
470874;585813;;;;;
468870;585690;;;;;
468883;585699;;;;;
468884;585700;;;;;
468885;585701;;;;;
468886;585701;;;;;
468887;585702;;;;;
468888;585702;;;;;
469931;590898;;;;;
469932;590897;;;;;
469933;590872;;;;;
469934;590871;;;;;
469935;590840;;;;;
469936;590839;;;;;
468890;585705;;;;;
468891;585707;;;;;
468892;585707;;;;;
468893;585707;;;;;
468894;585708;;;;;
468896;585712;;;;;
471057;585816;;;;;
471058;585817;;;;;
471059;585817;;;;;
471060;585817;;;;;
471061;585817;;;;;
471076;585821;;;;;
471077;585822;;;;;
471078;585823;;;;;
471079;585824;;;;;
471080;585825;;;;;
471081;585826;;;;;
470769;582941;;;;;
470770;582941;;;;;
470771;582941;;;;;
468942;582172;;;;;
468947;582309;;;;;
468948;582310;;;;;
470504;580720;;;;;
468978;583739;;;;;
468979;583739;;;;;
469001;590714;;;;;
469002;590713;;;;;
469003;590712;;;;;
469004;591022;;;;;
469005;591021;;;;;
469006;590218;;;;;
1583172;585452;;;;;
1583173;585452;;;;;
470114;582433;;;;;
470649;552086;;;;;
469632;582860;;;;;
469633;582861;;;;;
469634;582861;;;;;
469635;582861;;;;;
469636;582861;;;;;
469637;582862;;;;;
469638;582862;;;;;
469639;582863;;;;;
469640;582864;;;;;
469641;582864;;;;;
470772;582942;;;;;
470773;582942;;;;;
470774;582942;;;;;
470775;582942;;;;;
469050;585716;;;;;
469051;585716;;;;;
469052;585716;;;;;
469053;585717;;;;;
469054;585717;;;;;
469071;585724;;;;;
469072;585726;;;;;
469073;585727;;;;;
469074;585729;;;;;
469075;585731;;;;;
469076;585733;;;;;
469713;582507;;;;;
469714;582509;;;;;
469715;582509;;;;;
469937;590838;;;;;
469938;590797;;;;;
469939;590796;;;;;
469940;590466;;;;;
2140535;1552674;;;;;
2140536;1552673;;;;;
2140539;1552677;;;;;
2140540;1552676;;;;;
470149;582461;;;;;
471051;585815;;;;;
471052;585815;;;;;
471053;585815;;;;;
471054;585816;;;;;
471055;585816;;;;;
471056;585816;;;;;
8048699;7082296;;;;;
8048700;7082296;;;;;
3507903;2067586;;;;;
8048701;7082297;;;;;
8048702;7082297;;;;;
8048703;7082295;;;;;
1528384;1283244;;;;;
1528385;1283244;;;;;
1528386;1283245;;;;;
1528387;1283245;;;;;
2142140;1554962;;;;;
469941;590465;;;;;
469942;590431;;;;;
469943;590224;;;;;
469944;590223;;;;;
469945;590222;;;;;
469946;590221;;;;;
469947;590217;;;;;
469948;590216;;;;;
2141178;1552680;;;;;
2141179;1552678;;;;;
2141180;1552679;;;;;
2141181;1553639;;;;;
434916;563853;;;;;
470012;584197;;;;;
470013;584197;;;;;
470014;584197;;;;;
470212;584232;;;;;
470213;584232;;;;;
2141182;1553638;;;;;
470583;582787;;;;;
470263;580628;;;;;
470076;582080;;;;;
470082;582087;;;;;
468648;584044;;;;;
468649;584044;;;;;
469812;582878;;;;;
469813;582878;;;;;
472995;584195;;;;;
472996;584196;;;;;
472997;584196;;;;;
472998;584196;;;;;
472999;584196;;;;;
473000;584197;;;;;
473001;582043;;;;;
473005;582049;;;;;
470970;583023;;;;;
472361;585518;;;;;
472362;585519;;;;;
472363;585520;;;;;
472370;585524;;;;;
472371;585526;;;;;
472372;585528;;;;;
472373;585530;;;;;
472374;585531;;;;;
472375;585532;;;;;
472376;585532;;;;;
472377;585533;;;;;
472378;585535;;;;;
472379;585536;;;;;
472382;585538;;;;;
472383;585540;;;;;
472384;585542;;;;;
472386;585544;;;;;
472387;585544;;;;;
472388;585545;;;;;
472392;586026;;;;;
472393;586028;;;;;
472394;586028;;;;;
472395;586028;;;;;
472400;586038;;;;;
472401;586039;;;;;
472402;586041;;;;;
472403;586042;;;;;
472404;586043;;;;;
472405;586043;;;;;
473047;582066;;;;;
471409;585749;;;;;
471410;585750;;;;;
471411;585751;;;;;
471412;585752;;;;;
471413;585753;;;;;
471414;585754;;;;;
471425;585757;;;;;
471426;585758;;;;;
471427;585758;;;;;
471428;585759;;;;;
471429;585761;;;;;
471430;585763;;;;;
471431;585765;;;;;
471432;585766;;;;;
471433;585768;;;;;
471434;585769;;;;;
471435;585769;;;;;
471436;585770;;;;;
471437;585770;;;;;
471438;585771;;;;;
3216055;597460;;;;;
471810;585799;;;;;
471811;585799;;;;;
471812;585801;;;;;
471813;585803;;;;;
471814;585803;;;;;
471815;585803;;;;;
471816;585804;;;;;
471817;585804;;;;;
471818;585806;;;;;
471819;585806;;;;;
471820;585806;;;;;
471821;585807;;;;;
472406;586044;;;;;
472408;586048;;;;;
472409;586050;;;;;
472411;586053;;;;;
472412;586055;;;;;
472415;585385;;;;;
472416;585386;;;;;
472417;585386;;;;;
472418;585388;;;;;
472419;585389;;;;;
472420;585389;;;;;
472421;585390;;;;;
472422;585390;;;;;
472423;585391;;;;;
472424;585391;;;;;
472425;590799;;;;;
472426;590798;;;;;
472427;591038;;;;;
472428;591037;;;;;
472429;590432;;;;;
472430;590232;;;;;
472431;590231;;;;;
472432;590230;;;;;
472433;590229;;;;;
472434;590228;;;;;
472435;590227;;;;;
472436;590226;;;;;
472438;585393;;;;;
473108;582374;;;;;
471439;585773;;;;;
471440;585775;;;;;
471441;585776;;;;;
471442;585776;;;;;
471453;580975;;;;;
471454;580975;;;;;
471455;580976;;;;;
471456;580976;;;;;
471457;580976;;;;;
471458;580977;;;;;
471459;580977;;;;;
472439;585394;;;;;
472440;585396;;;;;
472441;585396;;;;;
472442;585397;;;;;
472443;585397;;;;;
472444;585398;;;;;
472445;586056;;;;;
472446;586057;;;;;
472447;586058;;;;;
472448;586059;;;;;
472449;586059;;;;;
472450;586060;;;;;
472451;586060;;;;;
472452;586060;;;;;
471484;581013;;;;;
471485;581013;;;;;
472175;584000;;;;;
472176;584000;;;;;
472177;584000;;;;;
472178;584000;;;;;
472179;584001;;;;;
472845;582032;;;;;
472846;582034;;;;;
472847;582035;;;;;
472848;582035;;;;;
472849;582040;;;;;
472850;582041;;;;;
472851;582041;;;;;
472852;582042;;;;;
472853;582042;;;;;
472855;583608;;;;;
471894;586122;;;;;
471895;586124;;;;;
471896;586125;;;;;
471897;586127;;;;;
473319;555454;;;;;
471200;585368;;;;;
471201;585369;;;;;
471205;580608;;;;;
472608;586063;;;;;
472609;586065;;;;;
472610;586066;;;;;
472611;586067;;;;;
472612;586068;;;;;
472613;586068;;;;;
472614;586069;;;;;
472615;586071;;;;;
472616;586072;;;;;
472636;580441;;;;;
471292;580964;;;;;
471335;581362;;;;;
471336;581362;;;;;
471337;581363;;;;;
473341;555479;;;;;
473342;555479;;;;;
473343;555479;;;;;
471338;581363;;;;;
471339;581363;;;;;
472046;586129;;;;;
472047;586131;;;;;
472048;586133;;;;;
472049;586133;;;;;
472050;586133;;;;;
472051;586134;;;;;
472052;586134;;;;;
3231743;556266;;;;;
3231747;559066;;;;;
471405;585745;;;;;
471406;585746;;;;;
471407;585747;;;;;
472053;586135;;;;;
472054;586135;;;;;
472055;586136;;;;;
472056;586136;;;;;
472057;586137;;;;;
472058;586139;;;;;
472064;586147;;;;;
472065;586149;;;;;
472066;586150;;;;;
472067;586150;;;;;
472068;586150;;;;;
472069;586150;;;;;
472070;586151;;;;;
472071;586151;;;;;
472072;586151;;;;;
472073;586152;;;;;
472074;586152;;;;;
472075;586152;;;;;
472076;586152;;;;;
472770;585579;;;;;
472771;585580;;;;;
472772;585581;;;;;
472773;585581;;;;;
472774;585582;;;;;
472775;585582;;;;;
471408;585748;;;;;
471822;585807;;;;;
471823;585808;;;;;
471824;585808;;;;;
471825;585809;;;;;
471826;585809;;;;;
471827;585810;;;;;
471828;585811;;;;;
471848;586083;;;;;
471849;586083;;;;;
471850;586084;;;;;
471851;586084;;;;;
471852;586084;;;;;
471853;586084;;;;;
471854;586085;;;;;
471855;586085;;;;;
471856;586086;;;;;
472776;585583;;;;;
472777;585583;;;;;
472778;585584;;;;;
472782;585595;;;;;
472783;585597;;;;;
472784;585598;;;;;
472786;585602;;;;;
472787;585604;;;;;
472788;585606;;;;;
472794;584171;;;;;
472795;584172;;;;;
472809;582007;;;;;
472810;582008;;;;;
471857;586086;;;;;
471858;586086;;;;;
471859;586087;;;;;
471860;586089;;;;;
471861;586091;;;;;
471862;586091;;;;;
471863;586092;;;;;
471864;586093;;;;;
471865;586094;;;;;
471866;586096;;;;;
471867;586098;;;;;
471868;586098;;;;;
471869;586098;;;;;
471870;586099;;;;;
471871;586099;;;;;
471872;586100;;;;;
471873;586100;;;;;
471874;586101;;;;;
471875;586101;;;;;
471876;586102;;;;;
471877;586102;;;;;
471878;586103;;;;;
471879;586103;;;;;
471880;586103;;;;;
471881;586105;;;;;
471882;586107;;;;;
471883;586108;;;;;
471884;586108;;;;;
471886;586111;;;;;
471887;586113;;;;;
471888;586115;;;;;
471889;586117;;;;;
471890;586118;;;;;
471891;586119;;;;;
471892;586121;;;;;
473478;567530;;;;;
473479;567532;;;;;
473480;567534;;;;;
471893;586122;;;;;
471486;581013;;;;;
471487;581014;;;;;
471488;581014;;;;;
471489;581015;;;;;
471490;581015;;;;;
471491;581016;;;;;
471492;581016;;;;;
471493;581017;;;;;
471494;581017;;;;;
472548;583873;;;;;
472222;586005;;;;;
472223;586005;;;;;
472224;586006;;;;;
472225;586006;;;;;
472226;586006;;;;;
472228;586009;;;;;
472229;586009;;;;;
472230;586009;;;;;
472232;586013;;;;;
472233;586015;;;;;
472235;586019;;;;;
472236;586019;;;;;
472237;586020;;;;;
472238;586020;;;;;
472242;586026;;;;;
470890;585814;;;;;
470891;585814;;;;;
470892;585814;;;;;
470893;585814;;;;;
470894;585814;;;;;
470895;585814;;;;;
470896;585814;;;;;
470897;585814;;;;;
470898;585815;;;;;
470899;585815;;;;;
470900;585815;;;;;
470901;585815;;;;;
470902;585815;;;;;
471621;585790;;;;;
471670;586073;;;;;
471671;586074;;;;;
471672;586075;;;;;
472962;584185;;;;;
471673;586075;;;;;
471674;586075;;;;;
471675;586075;;;;;
471676;586076;;;;;
471677;586076;;;;;
471678;586076;;;;;
471679;586076;;;;;
471680;586077;;;;;
471681;586077;;;;;
471682;586077;;;;;
471683;586077;;;;;
471684;586078;;;;;
471685;586079;;;;;
471686;586080;;;;;
471687;586080;;;;;
471688;586080;;;;;
471689;586080;;;;;
471690;586080;;;;;
471691;586080;;;;;
471692;586081;;;;;
471693;586081;;;;;
471694;586081;;;;;
471695;586081;;;;;
471696;586082;;;;;
471697;586082;;;;;
471698;586082;;;;;
471699;586082;;;;;
3367738;563792;;;;;
3368055;586664;;;;;
3367427;586942;;;;;
3367739;563042;;;;;
472302;585127;;;;;
472303;585128;;;;;
472304;585128;;;;;
472305;585128;;;;;
472358;585378;;;;;
472359;585379;;;;;
472360;585517;;;;;
474407;558608;;;;;
474408;558608;;;;;
474409;558609;;;;;
474410;558609;;;;;
474411;558610;;;;;
474412;558611;;;;;
474413;558613;;;;;
475123;565972;;;;;
3300230;560523;;;;;
3301508;563601;;;;;
3301188;563821;;;;;
473799;558719;;;;;
473800;558720;;;;;
473801;558720;;;;;
439525;563030;;;;;
486601;562974;;;;;
474529;566080;;;;;
474534;566085;;;;;
474562;565831;;;;;
474565;558614;;;;;
474566;558614;;;;;
474567;558616;;;;;
474568;558616;;;;;
474569;558618;;;;;
474573;558624;;;;;
474574;558624;;;;;
474575;558625;;;;;
474576;558626;;;;;
474577;558627;;;;;
474578;558629;;;;;
474579;558631;;;;;
474580;558632;;;;;
474581;558633;;;;;
474582;558633;;;;;
474583;558634;;;;;
474584;558634;;;;;
474591;558641;;;;;
474594;558643;;;;;
474595;558643;;;;;
474596;558644;;;;;
474597;558645;;;;;
474598;558647;;;;;
474599;558649;;;;;
474600;558651;;;;;
474601;558653;;;;;
474602;558653;;;;;
474604;558655;;;;;
474605;558656;;;;;
474606;558657;;;;;
474607;558659;;;;;
474608;558660;;;;;
474609;558661;;;;;
474610;558662;;;;;
474611;558662;;;;;
474612;558721;;;;;
474613;558721;;;;;
474614;558723;;;;;
474991;560812;;;;;
474992;560814;;;;;
474993;560815;;;;;
474994;560815;;;;;
474997;560821;;;;;
475003;560159;;;;;
475004;560162;;;;;
475005;560163;;;;;
475006;560163;;;;;
475007;560165;;;;;
475008;560168;;;;;
474331;566033;;;;;
474343;566045;;;;;
474034;551978;;;;;
474752;565868;;;;;
474770;558727;;;;;
474771;558727;;;;;
474772;558729;;;;;
474773;558729;;;;;
474776;558732;;;;;
474777;558734;;;;;
474778;558734;;;;;
474779;558735;;;;;
474780;558735;;;;;
474781;558736;;;;;
474786;558739;;;;;
474787;558739;;;;;
474788;558740;;;;;
474793;560749;;;;;
474794;560749;;;;;
474803;560765;;;;;
474804;560767;;;;;
474805;560768;;;;;
474806;560770;;;;;
474807;560772;;;;;
474808;560774;;;;;
474809;560776;;;;;
3471419;563685;;;;;
474811;560779;;;;;
474812;560779;;;;;
474814;590789;;;;;
474815;590788;;;;;
474816;590423;;;;;
474817;560782;;;;;
474144;558680;;;;;
474145;558681;;;;;
474146;558683;;;;;
474150;558687;;;;;
474151;558687;;;;;
474154;558689;;;;;
474155;558689;;;;;
474156;558690;;;;;
474157;558691;;;;;
474158;558691;;;;;
474159;558692;;;;;
474160;558692;;;;;
474161;558693;;;;;
474162;558693;;;;;
474164;566017;;;;;
474935;565884;;;;;
474937;565887;;;;;
474938;565888;;;;;
474939;565888;;;;;
474969;565971;;;;;
474970;565971;;;;;
474971;565972;;;;;
474978;560792;;;;;
474979;560794;;;;;
474980;560794;;;;;
474981;560795;;;;;
474982;560798;;;;;
474983;560800;;;;;
474984;560802;;;;;
474985;560804;;;;;
474986;560807;;;;;
474987;560808;;;;;
474988;560808;;;;;
474990;560812;;;;;
475398;565926;;;;;
475399;565928;;;;;
475400;565928;;;;;
475401;565929;;;;;
475402;565929;;;;;
478318;565721;;;;;
478328;565730;;;;;
3375418;563224;;;;;
9091589;8285176;;;;;
9091590;8285177;;;;;
476700;557909;;;;;
3191100;564207;;;;;
3191110;563587;;;;;
477940;551681;;;;;
478682;565787;;;;;
478479;565732;;;;;
441123;561056;;;;;
3375426;1977633;;;;;
478616;567176;;;;;
478491;565741;;;;;
478494;565747;;;;;
478495;565750;;;;;
478496;565752;;;;;
478497;565754;;;;;
478503;565760;;;;;
478504;565763;;;;;
478505;565765;;;;;
478518;565773;;;;;
478519;565775;;;;;
430625;561134;;;;;
477575;552424;;;;;
3225337;563648;;;;;
3193348;586109;;;;;
481043;551230;;;;;
481065;551255;;;;;
481066;551257;;;;;
479818;546757;;;;;
480739;567423;;;;;
480517;551575;;;;;
480895;551172;;;;;
3476228;562939;;;;;
3476866;2028214;;;;;
3477820;559545;;;;;
3477178;2028215;;;;;
3476859;2028213;;;;;
3476227;562939;;;;;
3476216;2028209;;;;;
3367741;586662;;;;;
3368068;586720;;;;;
3367742;586662;;;;;
3368066;586722;;;;;
3367749;586665;;;;;
3367108;563923;;;;;
3468857;563658;;;;;
482171;547795;;;;;
482745;546672;;;;;
2246455;1588194;;;;;
2246456;1588193;;;;;
3272382;564027;;;;;
3477183;2028216;;;;;
482619;544393;;;;;
486036;560908;;;;;
485775;559218;;;;;
485776;559218;;;;;
485777;559218;;;;;
485778;559218;;;;;
485779;559219;;;;;
485780;559219;;;;;
485781;559220;;;;;
485787;559228;;;;;
485788;559230;;;;;
485790;559233;;;;;
485791;559235;;;;;
484504;546556;;;;;
3308537;1940520;;;;;
3309179;563345;;;;;
3311419;561628;;;;;
485793;559239;;;;;
485794;559239;;;;;
485795;559240;;;;;
485799;559245;;;;;
485800;559245;;;;;
485801;559246;;;;;
485802;559246;;;;;
485804;562579;;;;;
485805;562579;;;;;
485806;562580;;;;;
485807;562580;;;;;
485808;562582;;;;;
485809;562582;;;;;
485810;562583;;;;;
485811;562584;;;;;
485812;562587;;;;;
485813;562588;;;;;
485814;562588;;;;;
485815;562589;;;;;
3205838;562569;;;;;
485854;560204;;;;;
485855;560206;;;;;
485856;560208;;;;;
485857;561521;;;;;
485858;561521;;;;;
485859;561523;;;;;
485867;561525;;;;;
486071;561627;;;;;
486072;561629;;;;;
486073;561629;;;;;
486074;561630;;;;;
486075;561632;;;;;
486076;561634;;;;;
486077;561636;;;;;
486078;561638;;;;;
486092;561640;;;;;
486093;561641;;;;;
486094;561643;;;;;
486095;561643;;;;;
485297;542853;;;;;
485641;543665;;;;;
485642;543552;;;;;
485643;543554;;;;;
486182;562741;;;;;
486183;562741;;;;;
486184;562742;;;;;
486185;562742;;;;;
486186;562744;;;;;
486187;562745;;;;;
486188;562745;;;;;
486190;562749;;;;;
486231;560941;;;;;
486234;563237;;;;;
486207;562774;;;;;
486208;562775;;;;;
486209;562776;;;;;
486210;562777;;;;;
486211;562777;;;;;
486212;562779;;;;;
486213;562781;;;;;
486214;562783;;;;;
486215;562785;;;;;
486216;562787;;;;;
485893;561609;;;;;
485894;561610;;;;;
485895;561612;;;;;
485896;561613;;;;;
485897;561614;;;;;
485898;561614;;;;;
485899;561617;;;;;
485900;561619;;;;;
485901;561619;;;;;
485902;561621;;;;;
485904;560105;;;;;
486246;561042;;;;;
486247;561043;;;;;
486248;561046;;;;;
486249;561047;;;;;
486250;561047;;;;;
486251;561048;;;;;
486252;561049;;;;;
486253;561049;;;;;
486254;561050;;;;;
486255;561050;;;;;
486256;562458;;;;;
486257;562460;;;;;
486258;562461;;;;;
486259;562461;;;;;
486260;562462;;;;;
486261;562463;;;;;
486262;562463;;;;;
486263;562465;;;;;
486264;562467;;;;;
486265;562469;;;;;
486266;562469;;;;;
486267;562471;;;;;
486268;568079;;;;;
3470136;2023409;;;;;
3471418;563239;;;;;
486221;560936;;;;;
486222;560936;;;;;
486223;560937;;;;;
486224;560937;;;;;
486228;560939;;;;;
486229;560939;;;;;
486230;560940;;;;;
486037;560909;;;;;
486038;560910;;;;;
486039;560910;;;;;
486040;560911;;;;;
486041;560913;;;;;
486042;560913;;;;;
486043;560915;;;;;
486044;560916;;;;;
486045;560916;;;;;
486046;560916;;;;;
486051;590303;;;;;
486052;590302;;;;;
486053;590301;;;;;
486054;590272;;;;;
486055;590271;;;;;
486056;590270;;;;;
486057;590850;;;;;
486058;590849;;;;;
486059;590848;;;;;
486060;591050;;;;;
486061;591049;;;;;
486062;590246;;;;;
3335422;1950755;;;;;
3184387;559154;;;;;
486191;562752;;;;;
486192;562754;;;;;
486193;562756;;;;;
486194;562756;;;;;
486195;562757;;;;;
486197;562761;;;;;
486199;562764;;;;;
486200;562765;;;;;
486203;562768;;;;;
486204;562771;;;;;
486205;562771;;;;;
486206;562772;;;;;
486063;590406;;;;;
486064;590405;;;;;
486065;560926;;;;;
484634;543954;;;;;
485928;560425;;;;;
485929;560425;;;;;
485930;560427;;;;;
485931;560427;;;;;
485945;560506;;;;;
485946;560506;;;;;
485947;560507;;;;;
485948;560509;;;;;
485949;560511;;;;;
485950;560513;;;;;
485951;560515;;;;;
485952;560515;;;;;
485955;559249;;;;;
485959;559252;;;;;
485960;559252;;;;;
485961;559254;;;;;
486155;560559;;;;;
486156;560561;;;;;
486157;560561;;;;;
486159;560563;;;;;
486160;560563;;;;;
486161;560565;;;;;
486162;560568;;;;;
486163;560570;;;;;
486164;560572;;;;;
486165;560573;;;;;
485962;559256;;;;;
485964;559260;;;;;
485965;559260;;;;;
485966;559261;;;;;
485967;559261;;;;;
485970;559262;;;;;
485971;559263;;;;;
485972;559264;;;;;
485973;559266;;;;;
485974;559266;;;;;
485975;559267;;;;;
485976;559267;;;;;
485979;559271;;;;;
485980;559272;;;;;
485981;559272;;;;;
485992;559275;;;;;
485993;559277;;;;;
485994;559278;;;;;
485995;562659;;;;;
485996;559279;;;;;
485997;559280;;;;;
485998;559280;;;;;
485999;559281;;;;;
486000;559281;;;;;
486001;559282;;;;;
486002;559282;;;;;
486022;560899;;;;;
486023;560899;;;;;
486024;560901;;;;;
486025;560901;;;;;
486026;560901;;;;;
486027;560902;;;;;
486028;560902;;;;;
486029;560903;;;;;
486030;560904;;;;;
486031;560904;;;;;
484411;546395;;;;;
484412;546397;;;;;
3305344;563285;;;;;
487954;561307;;;;;
487978;562802;;;;;
487979;562802;;;;;
487980;562802;;;;;
487981;562802;;;;;
487982;562803;;;;;
487983;562803;;;;;
487984;562804;;;;;
487991;562806;;;;;
487992;562807;;;;;
487993;562809;;;;;
486569;564426;;;;;
486570;564428;;;;;
486571;564428;;;;;
486576;561517;;;;;
486577;561517;;;;;
486578;561518;;;;;
486579;561519;;;;;
486580;560189;;;;;
486581;560189;;;;;
486582;560191;;;;;
486583;560193;;;;;
486584;560193;;;;;
486585;560194;;;;;
486586;560196;;;;;
486587;560197;;;;;
486588;560198;;;;;
486589;560199;;;;;
486590;560201;;;;;
486591;562963;;;;;
486592;590341;;;;;
486855;561341;;;;;
486856;561342;;;;;
486857;561344;;;;;
486858;561344;;;;;
486859;561345;;;;;
486860;561345;;;;;
486861;561346;;;;;
486862;561346;;;;;
486863;561347;;;;;
486864;561347;;;;;
486865;561349;;;;;
486866;561353;;;;;
486867;561355;;;;;
486868;561357;;;;;
486870;561361;;;;;
486871;561363;;;;;
487994;562811;;;;;
487995;562812;;;;;
487996;562812;;;;;
488006;547667;;;;;
486593;590340;;;;;
486594;562966;;;;;
486595;562967;;;;;
486596;562969;;;;;
486597;562969;;;;;
486598;562970;;;;;
486599;562970;;;;;
486600;562971;;;;;
486602;562975;;;;;
486603;562977;;;;;
486604;562978;;;;;
486605;562979;;;;;
486606;562979;;;;;
486607;562980;;;;;
486608;562980;;;;;
486609;562981;;;;;
486612;562984;;;;;
486613;562984;;;;;
486319;561999;;;;;
486320;561999;;;;;
486321;562000;;;;;
486322;562002;;;;;
486323;562002;;;;;
486324;562002;;;;;
486325;562003;;;;;
486326;562003;;;;;
486327;562004;;;;;
486328;562005;;;;;
488047;562629;;;;;
488048;562629;;;;;
488049;562630;;;;;
488050;562632;;;;;
488051;562634;;;;;
488052;562634;;;;;
488053;562635;;;;;
488054;562637;;;;;
488055;562639;;;;;
488056;562640;;;;;
488057;562640;;;;;
488058;562642;;;;;
488059;562642;;;;;
488060;562642;;;;;
488061;562642;;;;;
488063;562646;;;;;
488064;562646;;;;;
488065;562648;;;;;
488066;562650;;;;;
488067;562652;;;;;
488068;562652;;;;;
488069;562653;;;;;
488070;562653;;;;;
488071;562654;;;;;
488073;562657;;;;;
488075;562661;;;;;
486329;562007;;;;;
486331;563894;;;;;
486334;563900;;;;;
486337;563902;;;;;
486338;563904;;;;;
487246;560651;;;;;
487247;560651;;;;;
487248;560653;;;;;
487249;560655;;;;;
487250;560656;;;;;
487251;560658;;;;;
487252;560660;;;;;
487253;560660;;;;;
487254;560661;;;;;
487497;559307;;;;;
487498;559309;;;;;
487499;559309;;;;;
487500;559310;;;;;
487501;559310;;;;;
487504;559313;;;;;
488081;562664;;;;;
488082;562664;;;;;
488083;562665;;;;;
488084;562666;;;;;
488085;562666;;;;;
488086;562667;;;;;
488087;562667;;;;;
488088;562669;;;;;
488089;562671;;;;;
488090;562671;;;;;
488101;564533;;;;;
488102;564533;;;;;
488103;564534;;;;;
488104;564534;;;;;
488105;564536;;;;;
488106;564536;;;;;
488107;564537;;;;;
488108;564539;;;;;
488109;564539;;;;;
488110;564540;;;;;
488111;564540;;;;;
488112;564541;;;;;
488113;564542;;;;;
488114;564542;;;;;
486376;564386;;;;;
486377;564388;;;;;
486378;564389;;;;;
486402;564408;;;;;
486403;564408;;;;;
486404;564409;;;;;
486405;564411;;;;;
486406;564411;;;;;
486407;564412;;;;;
486408;564412;;;;;
486968;590402;;;;;
486969;590401;;;;;
486970;590400;;;;;
486971;590252;;;;;
486972;590251;;;;;
486973;590250;;;;;
486974;590249;;;;;
486975;590248;;;;;
486976;591062;;;;;
486977;591061;;;;;
486978;590247;;;;;
486979;590404;;;;;
486980;590403;;;;;
486981;590402;;;;;
486982;590401;;;;;
486983;590400;;;;;
486984;590252;;;;;
486985;590251;;;;;
486986;590250;;;;;
486987;590249;;;;;
486988;590248;;;;;
486989;591062;;;;;
486990;591061;;;;;
486991;590247;;;;;
486992;590404;;;;;
486993;590403;;;;;
486994;590402;;;;;
486995;590401;;;;;
486996;590400;;;;;
486997;590252;;;;;
487522;559315;;;;;
487523;559315;;;;;
487524;559317;;;;;
487525;559317;;;;;
487527;559320;;;;;
487528;559320;;;;;
487529;559322;;;;;
487530;559324;;;;;
487533;559328;;;;;
487534;559330;;;;;
487536;559334;;;;;
487537;559334;;;;;
487538;556262;;;;;
487539;556262;;;;;
487540;556263;;;;;
487544;556267;;;;;
487545;556267;;;;;
487546;559599;;;;;
487547;559599;;;;;
487556;559619;;;;;
3375420;563224;;;;;
521941;603553;;;;;
488440;566412;;;;;
488441;566413;;;;;
488442;566413;;;;;
488443;566415;;;;;
488444;566419;;;;;
486410;561470;;;;;
486411;564419;;;;;
486412;564421;;;;;
486413;564424;;;;;
486414;564424;;;;;
486415;564425;;;;;
486416;564426;;;;;
486417;562473;;;;;
486420;562476;;;;;
486421;562476;;;;;
486422;562477;;;;;
486423;562478;;;;;
486424;562478;;;;;
486425;562479;;;;;
486426;562481;;;;;
486427;562484;;;;;
486428;562485;;;;;
486429;562485;;;;;
486430;562487;;;;;
486998;590251;;;;;
486999;590250;;;;;
487000;590249;;;;;
487001;590248;;;;;
487002;591062;;;;;
487003;591061;;;;;
487004;590247;;;;;
487005;590404;;;;;
487006;590403;;;;;
487007;590402;;;;;
487008;590401;;;;;
487009;590400;;;;;
487896;562628;;;;;
487900;564417;;;;;
488555;559657;;;;;
488558;559660;;;;;
488559;559660;;;;;
488563;559669;;;;;
488564;559671;;;;;
488261;562676;;;;;
488262;562678;;;;;
488263;562680;;;;;
488264;562681;;;;;
486452;562490;;;;;
486453;562491;;;;;
486454;562492;;;;;
486455;562492;;;;;
486456;562495;;;;;
486457;562497;;;;;
486458;562499;;;;;
486460;562504;;;;;
486461;562506;;;;;
487907;564495;;;;;
487908;564497;;;;;
487913;564507;;;;;
487914;564509;;;;;
487915;564511;;;;;
488346;561568;;;;;
488348;561572;;;;;
488349;561574;;;;;
488351;561579;;;;;
488352;561579;;;;;
488353;561580;;;;;
488354;561582;;;;;
488355;561583;;;;;
488356;561583;;;;;
488357;561585;;;;;
488358;561586;;;;;
488359;561586;;;;;
488360;561587;;;;;
488361;561588;;;;;
488362;561590;;;;;
488364;561593;;;;;
488365;561594;;;;;
488366;561594;;;;;
488368;561596;;;;;
488372;561602;;;;;
488377;561607;;;;;
488378;561607;;;;;
487075;560625;;;;;
487076;560627;;;;;
487078;560630;;;;;
487079;560630;;;;;
3188864;558748;;;;;
487671;562011;;;;;
488116;559529;;;;;
488117;559529;;;;;
488118;559531;;;;;
488119;559532;;;;;
488120;559533;;;;;
488121;559533;;;;;
488123;559538;;;;;
488124;563214;;;;;
488125;563215;;;;;
488126;563217;;;;;
488127;563219;;;;;
488128;563220;;;;;
488142;563230;;;;;
488147;562814;;;;;
488148;562814;;;;;
488149;562815;;;;;
488150;562816;;;;;
487080;560631;;;;;
487081;560633;;;;;
487082;560635;;;;;
487083;560638;;;;;
487084;560640;;;;;
487085;560642;;;;;
487087;560645;;;;;
487088;560646;;;;;
487090;560649;;;;;
487091;560649;;;;;
487092;560650;;;;;
487093;560650;;;;;
487697;556269;;;;;
487698;556269;;;;;
487699;556270;;;;;
487700;556270;;;;;
487704;556273;;;;;
487705;556274;;;;;
487706;556274;;;;;
487707;556275;;;;;
487708;556275;;;;;
487711;556277;;;;;
487712;556277;;;;;
487713;556278;;;;;
487714;590381;;;;;
487715;590381;;;;;
487716;556279;;;;;
487717;556279;;;;;
488265;562681;;;;;
488266;562682;;;;;
488267;562682;;;;;
488268;562683;;;;;
488269;562685;;;;;
488270;562686;;;;;
488271;562687;;;;;
488272;562687;;;;;
488273;562689;;;;;
488274;562692;;;;;
488275;562694;;;;;
488276;562695;;;;;
488277;562697;;;;;
488278;562698;;;;;
488279;562698;;;;;
488281;562701;;;;;
488282;562701;;;;;
488283;561433;;;;;
488284;561433;;;;;
488285;561434;;;;;
488286;561434;;;;;
488287;561436;;;;;
488288;561437;;;;;
488289;561438;;;;;
488290;561440;;;;;
488291;561440;;;;;
488292;561442;;;;;
488296;563233;;;;;
488297;563233;;;;;
488298;563234;;;;;
488299;563234;;;;;
488300;563235;;;;;
488301;563235;;;;;
486872;561364;;;;;
486873;561364;;;;;
486874;561365;;;;;
486910;566156;;;;;
487144;561366;;;;;
487145;561367;;;;;
487146;561367;;;;;
487147;561368;;;;;
487148;561368;;;;;
487149;561369;;;;;
487154;561375;;;;;
487155;561376;;;;;
487156;561378;;;;;
487157;561378;;;;;
487720;559338;;;;;
487721;559338;;;;;
487728;559341;;;;;
487731;564469;;;;;
487732;564471;;;;;
487747;561248;;;;;
487748;561250;;;;;
487749;561250;;;;;
487750;561252;;;;;
487751;561253;;;;;
487752;561253;;;;;
487753;561254;;;;;
487754;561254;;;;;
487755;561256;;;;;
487756;561256;;;;;
488379;561609;;;;;
488380;559637;;;;;
488381;559638;;;;;
488382;559638;;;;;
488383;559639;;;;;
488385;559641;;;;;
488386;559641;;;;;
488387;559642;;;;;
488388;559642;;;;;
488389;559643;;;;;
488390;559643;;;;;
488391;559644;;;;;
488392;559644;;;;;
488393;559645;;;;;
488394;559646;;;;;
488397;564148;;;;;
488398;564148;;;;;
488399;564154;;;;;
488400;564156;;;;;
488401;564158;;;;;
488402;564159;;;;;
488403;564161;;;;;
488404;564162;;;;;
488405;564164;;;;;
488406;564166;;;;;
488407;564168;;;;;
488408;564171;;;;;
486925;560599;;;;;
486926;560601;;;;;
486927;560602;;;;;
486931;560608;;;;;
486932;560610;;;;;
486933;560612;;;;;
486939;560617;;;;;
486940;560619;;;;;
486941;560621;;;;;
486942;560622;;;;;
486943;560623;;;;;
486944;560624;;;;;
486945;590252;;;;;
486946;590251;;;;;
486947;590250;;;;;
486948;590249;;;;;
486949;590248;;;;;
486950;591062;;;;;
486951;591061;;;;;
486952;590247;;;;;
486953;590404;;;;;
486954;590403;;;;;
486955;590402;;;;;
486956;590401;;;;;
487158;561379;;;;;
487159;561381;;;;;
487161;561383;;;;;
487162;561385;;;;;
487163;562794;;;;;
487164;562800;;;;;
487165;562800;;;;;
487169;560950;;;;;
487170;560950;;;;;
487171;560951;;;;;
487172;560953;;;;;
487173;560955;;;;;
487174;560957;;;;;
487175;560958;;;;;
487176;560959;;;;;
487177;560962;;;;;
487178;560964;;;;;
487179;560964;;;;;
487184;560967;;;;;
487185;560968;;;;;
487186;560968;;;;;
487187;560968;;;;;
487190;560972;;;;;
487191;560974;;;;;
487192;560975;;;;;
487792;561292;;;;;
487793;561293;;;;;
487761;561258;;;;;
487762;561261;;;;;
487763;561261;;;;;
487764;561262;;;;;
487765;561263;;;;;
487766;561263;;;;;
487767;561266;;;;;
487768;561268;;;;;
487769;561268;;;;;
487770;561269;;;;;
487771;561270;;;;;
487772;561271;;;;;
487775;561275;;;;;
487776;561276;;;;;
487777;561276;;;;;
487778;561278;;;;;
487779;561279;;;;;
487780;561280;;;;;
487781;561281;;;;;
487782;561281;;;;;
487783;561283;;;;;
487785;561288;;;;;
487786;561290;;;;;
487787;561290;;;;;
487788;561290;;;;;
487789;561291;;;;;
487790;561291;;;;;
487791;561292;;;;;
488151;562816;;;;;
488152;562817;;;;;
488153;562817;;;;;
488154;562819;;;;;
488156;562823;;;;;
488157;562825;;;;;
488158;562827;;;;;
488159;562829;;;;;
488160;562829;;;;;
488161;562831;;;;;
488162;562833;;;;;
488163;562834;;;;;
488164;562835;;;;;
488165;562835;;;;;
488167;562839;;;;;
488169;562842;;;;;
488170;562844;;;;;
488171;562846;;;;;
488172;562849;;;;;
488479;561471;;;;;
488480;561473;;;;;
488481;561475;;;;;
488482;561476;;;;;
488483;561478;;;;;
488484;561480;;;;;
488485;561482;;;;;
488488;561486;;;;;
488489;561487;;;;;
486957;590400;;;;;
486958;590252;;;;;
486959;590251;;;;;
486960;590250;;;;;
486961;590249;;;;;
486962;590248;;;;;
486963;591062;;;;;
486964;591061;;;;;
486965;590247;;;;;
486966;590404;;;;;
486967;590403;;;;;
486614;562985;;;;;
486615;562985;;;;;
486616;562987;;;;;
486617;562987;;;;;
486618;562988;;;;;
486619;562988;;;;;
486629;562508;;;;;
486630;562508;;;;;
486631;562509;;;;;
486632;562509;;;;;
486633;562511;;;;;
486634;562513;;;;;
486635;562515;;;;;
486636;562517;;;;;
486637;562520;;;;;
486638;562521;;;;;
486641;562590;;;;;
486642;562591;;;;;
486643;562591;;;;;
486644;562592;;;;;
486645;562594;;;;;
486646;562594;;;;;
486647;562594;;;;;
486648;562595;;;;;
487557;559619;;;;;
487558;559620;;;;;
487559;559622;;;;;
487563;559628;;;;;
487564;559628;;;;;
487567;559631;;;;;
487568;559632;;;;;
487569;559633;;;;;
487571;559636;;;;;
487572;559636;;;;;
487573;559637;;;;;
487575;561231;;;;;
487576;561232;;;;;
487577;561232;;;;;
487578;561233;;;;;
487579;561234;;;;;
487584;561237;;;;;
487585;561238;;;;;
487594;561245;;;;;
487794;561295;;;;;
487827;547559;;;;;
3306936;585463;;;;;
488302;563179;;;;;
488303;563237;;;;;
488306;563243;;;;;
488307;563243;;;;;
488308;563244;;;;;
488309;563244;;;;;
488310;563245;;;;;
488311;563246;;;;;
488312;563246;;;;;
488313;563246;;;;;
488314;563246;;;;;
488315;563247;;;;;
488316;563248;;;;;
488317;563249;;;;;
488318;563251;;;;;
488319;563251;;;;;
488320;563252;;;;;
488324;563257;;;;;
488325;563260;;;;;
488326;563262;;;;;
488327;563262;;;;;
488328;563263;;;;;
488329;563263;;;;;
488330;563265;;;;;
488331;563265;;;;;
488332;563265;;;;;
488333;563265;;;;;
488334;563265;;;;;
486649;562595;;;;;
486650;562597;;;;;
486651;562599;;;;;
486654;562604;;;;;
486655;562605;;;;;
486656;562605;;;;;
486658;562608;;;;;
486659;562609;;;;;
486660;562610;;;;;
486661;562611;;;;;
486662;562611;;;;;
486663;562612;;;;;
486664;562613;;;;;
486665;562614;;;;;
486666;562614;;;;;
486667;562614;;;;;
487595;561247;;;;;
487596;561248;;;;;
488173;562851;;;;;
488174;562853;;;;;
488175;562855;;;;;
488176;561542;;;;;
488178;561543;;;;;
488179;561543;;;;;
488180;561544;;;;;
488181;561546;;;;;
488182;561548;;;;;
488183;561550;;;;;
488184;561550;;;;;
488185;561551;;;;;
488186;561551;;;;;
488187;561551;;;;;
488189;561556;;;;;
488190;561558;;;;;
488191;561560;;;;;
488192;561562;;;;;
488193;561564;;;;;
488194;561564;;;;;
488195;561566;;;;;
488196;561568;;;;;
486761;560583;;;;;
486762;560585;;;;;
486763;560587;;;;;
486764;560590;;;;;
486765;560591;;;;;
486766;560593;;;;;
486767;560594;;;;;
486768;560594;;;;;
486769;560595;;;;;
486770;560596;;;;;
486771;560597;;;;;
486772;562990;;;;;
486773;562990;;;;;
488214;564108;;;;;
488215;564111;;;;;
488218;564114;;;;;
488219;564116;;;;;
488220;564119;;;;;
488221;564119;;;;;
488222;564120;;;;;
488223;564122;;;;;
488224;564125;;;;;
488225;564127;;;;;
488226;564129;;;;;
488227;564130;;;;;
488234;564132;;;;;
488235;564134;;;;;
488236;564137;;;;;
488237;564139;;;;;
488238;564139;;;;;
488239;564140;;;;;
488240;564141;;;;;
488241;564142;;;;;
488242;564142;;;;;
488243;564143;;;;;
488244;564144;;;;;
488245;564145;;;;;
488246;564147;;;;;
3476856;2028211;;;;;
3477180;2028215;;;;;
3477189;2028218;;;;;
486121;560524;;;;;
486122;560526;;;;;
486124;560528;;;;;
486125;560530;;;;;
486126;560531;;;;;
486127;560533;;;;;
486128;560533;;;;;
486129;560534;;;;;
486130;560534;;;;;
486131;560535;;;;;
486132;560536;;;;;
486135;560538;;;;;
486136;560538;;;;;
486137;560539;;;;;
486138;560539;;;;;
486139;560540;;;;;
486140;560541;;;;;
486141;560541;;;;;
486147;560549;;;;;
486148;560550;;;;;
486775;562993;;;;;
486776;562993;;;;;
486777;562994;;;;;
486778;562994;;;;;
486781;590294;;;;;
486782;590293;;;;;
486783;590793;;;;;
486784;590792;;;;;
486786;563000;;;;;
486787;563002;;;;;
486788;563003;;;;;
486789;563003;;;;;
486790;563006;;;;;
486791;563007;;;;;
486792;563008;;;;;
486794;563012;;;;;
486795;563013;;;;;
486796;563014;;;;;
486797;563155;;;;;
486798;563157;;;;;
486799;563160;;;;;
486807;563163;;;;;
486808;563163;;;;;
486809;563164;;;;;
486810;563164;;;;;
486811;563165;;;;;
486812;563165;;;;;
486813;563166;;;;;
487339;559300;;;;;
487340;559300;;;;;
487341;559302;;;;;
487342;559302;;;;;
487343;559303;;;;;
487344;559303;;;;;
487345;559303;;;;;
487346;559279;;;;;
487353;560989;;;;;
487356;560996;;;;;
487357;560998;;;;;
487358;561000;;;;;
487359;561002;;;;;
487360;561004;;;;;
487361;561005;;;;;
487363;559573;;;;;
487364;559575;;;;;
487365;559575;;;;;
487366;559576;;;;;
487367;559576;;;;;
487370;559578;;;;;
487372;559580;;;;;
487373;559580;;;;;
487374;559581;;;;;
487375;559581;;;;;
487376;559582;;;;;
487949;561301;;;;;
487950;561302;;;;;
487951;561304;;;;;
487952;561306;;;;;
487953;561307;;;;;
486149;560551;;;;;
486150;560553;;;;;
486151;560555;;;;;
486152;560556;;;;;
486153;560557;;;;;
486154;560557;;;;;
486814;563166;;;;;
486815;563167;;;;;
486818;563172;;;;;
486819;563174;;;;;
486822;563179;;;;;
486823;563180;;;;;
486828;562624;;;;;
486829;562624;;;;;
486830;564209;;;;;
486831;564209;;;;;
486832;564209;;;;;
486833;564210;;;;;
486834;564210;;;;;
486835;564210;;;;;
486836;564210;;;;;
486837;564210;;;;;
486838;564212;;;;;
486841;564215;;;;;
486842;564215;;;;;
486847;564219;;;;;
486848;564220;;;;;
486849;564220;;;;;
486850;564222;;;;;
486851;564222;;;;;
486852;564224;;;;;
486853;564224;;;;;
487377;559582;;;;;
487378;559584;;;;;
487380;559589;;;;;
487381;559589;;;;;
487382;559590;;;;;
487383;559591;;;;;
487384;559591;;;;;
487385;559592;;;;;
487386;559593;;;;;
487387;559593;;;;;
487390;559595;;;;;
487391;559595;;;;;
487392;559596;;;;;
487393;559597;;;;;
487394;559597;;;;;
487395;559598;;;;;
487396;559598;;;;;
490750;559160;;;;;
490751;559160;;;;;
490752;559161;;;;;
490753;559161;;;;;
490754;559162;;;;;
490755;559162;;;;;
490758;564203;;;;;
490759;564203;;;;;
490760;564204;;;;;
490761;564204;;;;;
489047;558936;;;;;
489048;558936;;;;;
489049;558937;;;;;
489051;558938;;;;;
489053;558939;;;;;
489054;558940;;;;;
489055;558940;;;;;
489058;558944;;;;;
489060;558946;;;;;
489061;558946;;;;;
489062;558947;;;;;
489066;559180;;;;;
489067;559180;;;;;
489068;559181;;;;;
489069;559181;;;;;
489071;559183;;;;;
489072;559184;;;;;
489073;559184;;;;;
3255098;563190;;;;;
490480;562390;;;;;
490481;562392;;;;;
490482;562392;;;;;
490485;562398;;;;;
490486;562399;;;;;
490487;562399;;;;;
490488;562400;;;;;
490490;562402;;;;;
490491;562402;;;;;
490492;562405;;;;;
490493;562405;;;;;
490494;562406;;;;;
490495;562407;;;;;
490496;562407;;;;;
490499;562411;;;;;
490500;562413;;;;;
491097;561928;;;;;
491098;561932;;;;;
491099;561932;;;;;
491100;561933;;;;;
491101;561936;;;;;
491102;561938;;;;;
491103;561940;;;;;
491105;561942;;;;;
491106;561942;;;;;
491108;561728;;;;;
491109;561730;;;;;
491110;561732;;;;;
491111;561733;;;;;
491118;561735;;;;;
491119;561737;;;;;
491120;561738;;;;;
489074;559185;;;;;
489075;559186;;;;;
489076;559186;;;;;
489077;559187;;;;;
489078;559187;;;;;
489079;559189;;;;;
489080;559189;;;;;
489081;559190;;;;;
489084;559192;;;;;
489085;559192;;;;;
489086;559193;;;;;
489647;560709;;;;;
489648;561858;;;;;
489649;561858;;;;;
489651;561863;;;;;
489652;561864;;;;;
489653;561864;;;;;
489654;561867;;;;;
489656;561871;;;;;
489657;561871;;;;;
489658;561872;;;;;
489659;561875;;;;;
489660;561875;;;;;
489661;561876;;;;;
489662;561876;;;;;
489663;561877;;;;;
489664;561877;;;;;
489665;561877;;;;;
489666;561877;;;;;
489668;561878;;;;;
489669;561878;;;;;
489670;561878;;;;;
489671;561878;;;;;
489675;561881;;;;;
489676;561882;;;;;
489677;561882;;;;;
489678;561884;;;;;
489679;561887;;;;;
489680;561888;;;;;
490192;558782;;;;;
490193;558782;;;;;
490194;558783;;;;;
490195;558783;;;;;
490196;558784;;;;;
490197;558785;;;;;
491122;561741;;;;;
491123;561742;;;;;
491124;561743;;;;;
491125;561743;;;;;
491126;561745;;;;;
491127;561747;;;;;
491129;561752;;;;;
491130;561753;;;;;
489087;559193;;;;;
489088;559194;;;;;
489089;559195;;;;;
489090;559195;;;;;
489091;559196;;;;;
489092;559197;;;;;
489093;559197;;;;;
489094;559197;;;;;
489095;559197;;;;;
489104;566338;;;;;
489105;566340;;;;;
489106;566343;;;;;
490252;560254;;;;;
490253;560254;;;;;
490254;560254;;;;;
490255;560254;;;;;
490257;560256;;;;;
490258;560258;;;;;
490259;560258;;;;;
490261;560261;;;;;
490262;560262;;;;;
490263;560262;;;;;
490265;560266;;;;;
490273;562200;;;;;
490275;562204;;;;;
490276;562207;;;;;
490277;562209;;;;;
491131;561755;;;;;
491138;561756;;;;;
491139;561758;;;;;
491140;561758;;;;;
491141;561759;;;;;
491142;561759;;;;;
491143;561760;;;;;
491144;561761;;;;;
491145;561761;;;;;
491146;561762;;;;;
491147;561762;;;;;
491148;561764;;;;;
491149;561764;;;;;
491150;561765;;;;;
491151;561765;;;;;
491152;561766;;;;;
491153;561766;;;;;
489107;566345;;;;;
489695;561921;;;;;
489699;563069;;;;;
489709;563616;;;;;
489710;563616;;;;;
489711;563618;;;;;
489712;563621;;;;;
489713;563623;;;;;
489714;563625;;;;;
489718;563630;;;;;
489719;563632;;;;;
489720;563634;;;;;
489721;563635;;;;;
489722;563636;;;;;
489723;563636;;;;;
489724;563637;;;;;
489725;563637;;;;;
489726;563638;;;;;
489727;563638;;;;;
489728;563639;;;;;
490282;562217;;;;;
490283;562217;;;;;
490284;558954;;;;;
490285;558955;;;;;
490286;558955;;;;;
490287;558957;;;;;
490293;558971;;;;;
490294;558971;;;;;
490295;558972;;;;;
490296;558973;;;;;
490297;558976;;;;;
490298;558978;;;;;
490300;562388;;;;;
491341;562046;;;;;
491342;562048;;;;;
491343;562048;;;;;
491344;562049;;;;;
491345;562049;;;;;
491346;562051;;;;;
491347;562053;;;;;
491348;562053;;;;;
491349;562055;;;;;
491350;562056;;;;;
491351;562058;;;;;
491352;562060;;;;;
491353;562061;;;;;
491354;562063;;;;;
491355;562063;;;;;
491356;562065;;;;;
491360;563554;;;;;
491361;590323;;;;;
491362;590322;;;;;
491363;563557;;;;;
491156;563512;;;;;
491158;563515;;;;;
491163;563520;;;;;
491164;563520;;;;;
491165;563521;;;;;
491166;563521;;;;;
489152;559120;;;;;
489153;559121;;;;;
489154;559121;;;;;
489515;561100;;;;;
489518;561107;;;;;
489519;561107;;;;;
489523;561114;;;;;
489524;561116;;;;;
489525;561118;;;;;
489526;561119;;;;;
489527;561120;;;;;
489528;561123;;;;;
489533;561130;;;;;
489535;561133;;;;;
489537;561135;;;;;
489538;561135;;;;;
489539;561136;;;;;
489540;561136;;;;;
489543;561139;;;;;
489544;561139;;;;;
489545;561140;;;;;
489546;561140;;;;;
489729;563639;;;;;
489730;563642;;;;;
489731;563642;;;;;
489732;563643;;;;;
489733;563643;;;;;
489734;563644;;;;;
489735;563644;;;;;
489736;563645;;;;;
489737;563646;;;;;
489738;563647;;;;;
489739;563649;;;;;
489740;563650;;;;;
489741;563650;;;;;
489742;563652;;;;;
489743;563654;;;;;
489744;563654;;;;;
489745;563656;;;;;
489748;563041;;;;;
489749;563041;;;;;
489750;563044;;;;;
489751;563045;;;;;
489752;563045;;;;;
489753;563047;;;;;
489754;563047;;;;;
489755;563048;;;;;
489756;563048;;;;;
490352;558786;;;;;
490357;558787;;;;;
490988;563458;;;;;
490989;563461;;;;;
490990;563461;;;;;
490991;563462;;;;;
490992;563464;;;;;
490993;563466;;;;;
490995;563471;;;;;
490996;563472;;;;;
490997;563472;;;;;
490998;563475;;;;;
490999;563475;;;;;
491000;563509;;;;;
491001;563509;;;;;
491002;563510;;;;;
491003;563511;;;;;
491004;563512;;;;;
489547;561142;;;;;
489548;561821;;;;;
489549;561824;;;;;
489550;561824;;;;;
489551;561825;;;;;
489552;561825;;;;;
489553;561827;;;;;
489558;563414;;;;;
489559;563416;;;;;
489560;563418;;;;;
489561;563418;;;;;
489562;563420;;;;;
489563;563422;;;;;
489564;563424;;;;;
489565;563426;;;;;
489568;563430;;;;;
489569;563432;;;;;
489570;563432;;;;;
489571;563433;;;;;
489578;563437;;;;;
489579;563440;;;;;
489580;563442;;;;;
489581;563442;;;;;
489582;563443;;;;;
489585;563447;;;;;
489757;563049;;;;;
489758;563050;;;;;
489759;563052;;;;;
489760;563054;;;;;
489761;563054;;;;;
489762;563454;;;;;
489763;563454;;;;;
489764;563455;;;;;
489765;563455;;;;;
489766;563455;;;;;
489767;563456;;;;;
489768;563456;;;;;
489769;563456;;;;;
489774;563975;;;;;
489775;563976;;;;;
489776;563976;;;;;
489777;563978;;;;;
489778;563980;;;;;
489781;563987;;;;;
489782;563989;;;;;
489784;563993;;;;;
489785;563995;;;;;
489786;563996;;;;;
489787;563999;;;;;
489788;564001;;;;;
489789;564003;;;;;
489790;564005;;;;;
489791;564007;;;;;
489792;564010;;;;;
489793;564012;;;;;
489794;564014;;;;;
490362;558798;;;;;
490363;558798;;;;;
490364;558799;;;;;
490365;558800;;;;;
490369;558809;;;;;
490371;558812;;;;;
490373;558815;;;;;
490374;558815;;;;;
490375;558816;;;;;
490382;558832;;;;;
490383;558834;;;;;
490384;558834;;;;;
490385;560861;;;;;
490386;560862;;;;;
490387;560863;;;;;
490388;560863;;;;;
490389;560864;;;;;
490391;560867;;;;;
490392;560867;;;;;
490393;560869;;;;;
490394;560871;;;;;
490395;560873;;;;;
490396;560875;;;;;
490397;560875;;;;;
490398;560876;;;;;
490399;560878;;;;;
491301;561984;;;;;
491302;561987;;;;;
491303;561987;;;;;
491305;561990;;;;;
491306;561991;;;;;
491307;561993;;;;;
491313;561769;;;;;
491314;561771;;;;;
491315;561772;;;;;
491316;562012;;;;;
491317;562012;;;;;
491318;562012;;;;;
491319;562012;;;;;
491320;562012;;;;;
489586;563448;;;;;
489587;563450;;;;;
489259;559198;;;;;
489260;559198;;;;;
489261;559200;;;;;
489262;559200;;;;;
489263;559201;;;;;
489264;559203;;;;;
489265;559203;;;;;
489268;559206;;;;;
489269;559207;;;;;
489795;564014;;;;;
489796;564016;;;;;
489798;560713;;;;;
489799;560715;;;;;
489800;560717;;;;;
489801;560719;;;;;
489811;560734;;;;;
489812;560735;;;;;
489813;560735;;;;;
489817;560740;;;;;
489818;560740;;;;;
489819;560741;;;;;
489820;562146;;;;;
490874;565627;;;;;
490876;565631;;;;;
490877;565632;;;;;
490878;565633;;;;;
489270;559207;;;;;
489275;559210;;;;;
489288;559214;;;;;
489289;559215;;;;;
489290;559215;;;;;
489291;559216;;;;;
489292;559216;;;;;
491042;590366;;;;;
491043;590365;;;;;
491044;560278;;;;;
491045;560278;;;;;
491046;560279;;;;;
491047;560279;;;;;
490172;562120;;;;;
490180;558769;;;;;
490181;558769;;;;;
490188;558777;;;;;
490189;558779;;;;;
490190;558781;;;;;
490191;558781;;;;;
489904;563660;;;;;
489905;563660;;;;;
489911;563696;;;;;
491396;562123;;;;;
491397;562125;;;;;
491398;562125;;;;;
491401;562131;;;;;
491402;562132;;;;;
491403;562132;;;;;
491404;562134;;;;;
491405;562135;;;;;
491406;562136;;;;;
491407;562138;;;;;
491411;560397;;;;;
491412;560398;;;;;
489348;556252;;;;;
489349;556252;;;;;
489352;556255;;;;;
489353;556255;;;;;
489354;556256;;;;;
489368;561772;;;;;
489369;561773;;;;;
489370;561774;;;;;
489371;561774;;;;;
489372;561775;;;;;
489373;561777;;;;;
489374;561780;;;;;
489376;560212;;;;;
489378;560217;;;;;
489380;560218;;;;;
489381;560218;;;;;
489382;560219;;;;;
489383;560219;;;;;
489384;560221;;;;;
489386;560224;;;;;
489387;560225;;;;;
489388;560225;;;;;
489389;560226;;;;;
489390;561812;;;;;
489391;561812;;;;;
489912;563696;;;;;
489913;563697;;;;;
489914;563699;;;;;
489915;563702;;;;;
489916;563702;;;;;
489918;563705;;;;;
489935;565231;;;;;
490530;566446;;;;;
490552;562293;;;;;
490553;562295;;;;;
490554;562298;;;;;
490905;560124;;;;;
490906;560124;;;;;
490916;561683;;;;;
490918;561686;;;;;
490919;561687;;;;;
490920;561687;;;;;
490921;561688;;;;;
490922;561690;;;;;
490923;561693;;;;;
490924;561695;;;;;
490925;561697;;;;;
490926;561697;;;;;
490927;561697;;;;;
490928;561700;;;;;
490929;561701;;;;;
490938;561727;;;;;
489392;561813;;;;;
489393;561813;;;;;
489395;561818;;;;;
489396;561818;;;;;
489954;564018;;;;;
489955;564019;;;;;
489956;564019;;;;;
489957;564020;;;;;
489958;564021;;;;;
489959;564023;;;;;
489960;564025;;;;;
489961;564025;;;;;
489963;564028;;;;;
489964;564028;;;;;
489965;564030;;;;;
489966;564032;;;;;
489969;564036;;;;;
489970;564036;;;;;
489971;564037;;;;;
489972;564038;;;;;
489973;564040;;;;;
489974;564040;;;;;
490555;562300;;;;;
490556;562300;;;;;
490557;562301;;;;;
490558;562302;;;;;
490559;562303;;;;;
490560;562303;;;;;
490561;562304;;;;;
490564;562309;;;;;
490565;562309;;;;;
490566;562310;;;;;
490568;562313;;;;;
490571;562319;;;;;
490572;562319;;;;;
490573;562320;;;;;
490574;562320;;;;;
490575;562323;;;;;
490576;562323;;;;;
490578;562325;;;;;
490579;562325;;;;;
490580;562327;;;;;
490581;559139;;;;;
490582;559141;;;;;
490583;559141;;;;;
490584;559142;;;;;
490585;559142;;;;;
490586;559144;;;;;
490587;559144;;;;;
490588;559145;;;;;
490589;559145;;;;;
490590;559146;;;;;
490591;559148;;;;;
490592;559148;;;;;
490593;559150;;;;;
3451588;560935;;;;;
491065;565664;;;;;
491066;565664;;;;;
491289;561971;;;;;
491290;561971;;;;;
491292;561974;;;;;
491293;561977;;;;;
491294;561978;;;;;
491295;561978;;;;;
491296;561979;;;;;
491297;561979;;;;;
491300;561982;;;;;
490598;559156;;;;;
490599;559157;;;;;
490600;559158;;;;;
491418;560410;;;;;
491419;560411;;;;;
491327;562013;;;;;
491328;562014;;;;;
491329;562014;;;;;
491330;562015;;;;;
491333;562033;;;;;
491334;562035;;;;;
491335;562037;;;;;
491336;562038;;;;;
491337;562039;;;;;
491338;562040;;;;;
489477;561831;;;;;
489478;561832;;;;;
489479;561833;;;;;
489480;561834;;;;;
489481;561834;;;;;
489482;561836;;;;;
489484;561841;;;;;
489485;561843;;;;;
489486;561843;;;;;
489492;561849;;;;;
489493;561851;;;;;
489494;561853;;;;;
489495;561853;;;;;
489497;561857;;;;;
490009;562149;;;;;
490010;562149;;;;;
490011;562150;;;;;
490012;562151;;;;;
490013;562152;;;;;
490014;562154;;;;;
490015;562155;;;;;
490016;562155;;;;;
490017;562156;;;;;
490018;562157;;;;;
490019;562158;;;;;
490020;562158;;;;;
490021;562159;;;;;
490022;562159;;;;;
490023;562160;;;;;
490024;562160;;;;;
490025;562161;;;;;
490651;562416;;;;;
490652;562418;;;;;
490653;562418;;;;;
489836;562147;;;;;
489858;561925;;;;;
490655;562422;;;;;
490656;562424;;;;;
490657;562424;;;;;
490658;562425;;;;;
490659;562426;;;;;
490680;562427;;;;;
490681;562428;;;;;
490682;562429;;;;;
490683;562431;;;;;
490684;562434;;;;;
490685;562435;;;;;
490686;562435;;;;;
488959;559925;;;;;
488971;559952;;;;;
488972;559954;;;;;
488973;559956;;;;;
488986;556309;;;;;
488987;556310;;;;;
489872;561926;;;;;
489873;561926;;;;;
489874;563855;;;;;
489875;563857;;;;;
490084;562194;;;;;
490085;562194;;;;;
490086;562195;;;;;
490087;562195;;;;;
490088;562197;;;;;
490089;562197;;;;;
490090;562198;;;;;
490091;562199;;;;;
490093;560251;;;;;
490094;560251;;;;;
490095;560252;;;;;
490096;560253;;;;;
490097;560253;;;;;
490098;560253;;;;;
490099;560253;;;;;
490691;565603;;;;;
489020;566496;;;;;
489021;566497;;;;;
489022;566499;;;;;
489023;566499;;;;;
489876;563860;;;;;
489877;563862;;;;;
489878;591104;;;;;
489879;591103;;;;;
489880;590856;;;;;
489881;590855;;;;;
489882;590825;;;;;
489883;590409;;;;;
489884;590408;;;;;
489885;590407;;;;;
489886;590399;;;;;
489887;590398;;;;;
489888;563864;;;;;
489889;563864;;;;;
489890;563867;;;;;
489596;563037;;;;;
489597;563038;;;;;
490465;562389;;;;;
491262;561948;;;;;
491263;561949;;;;;
491264;561950;;;;;
491265;561951;;;;;
491266;561951;;;;;
491268;561953;;;;;
491277;561954;;;;;
491278;561956;;;;;
491279;561958;;;;;
491280;561960;;;;;
491281;561960;;;;;
491282;561962;;;;;
491285;561965;;;;;
491676;562246;;;;;
491678;562251;;;;;
491679;562251;;;;;
491680;562251;;;;;
491681;562251;;;;;
491682;562253;;;;;
491683;562253;;;;;
491685;562257;;;;;
491686;562259;;;;;
491687;562260;;;;;
491688;562260;;;;;
491689;562261;;;;;
491690;562262;;;;;
491976;562349;;;;;
491977;562351;;;;;
491978;562351;;;;;
491979;562353;;;;;
491980;562353;;;;;
491981;562353;;;;;
491982;562353;;;;;
491983;562354;;;;;
491990;562356;;;;;
491991;562356;;;;;
491992;562357;;;;;
491993;562357;;;;;
491994;562358;;;;;
491995;562358;;;;;
491996;562359;;;;;
491997;562359;;;;;
491998;562361;;;;;
491999;562361;;;;;
492001;562365;;;;;
492002;562365;;;;;
492006;566204;;;;;
492604;559094;;;;;
492614;564062;;;;;
492615;564064;;;;;
492617;564069;;;;;
492618;564069;;;;;
492619;564069;;;;;
493125;576619;;;;;
493126;576619;;;;;
493127;576619;;;;;
492366;563933;;;;;
492367;563934;;;;;
492368;563935;;;;;
492369;563935;;;;;
492373;563942;;;;;
492374;563944;;;;;
492375;563945;;;;;
492377;563948;;;;;
492378;563948;;;;;
492379;563949;;;;;
492380;563949;;;;;
492381;563890;;;;;
492385;563894;;;;;
492386;559021;;;;;
492387;559022;;;;;
492388;559022;;;;;
492392;559031;;;;;
492393;559031;;;;;
491756;563739;;;;;
492394;559032;;;;;
492395;559034;;;;;
492404;559045;;;;;
492405;559046;;;;;
492406;559046;;;;;
492407;559047;;;;;
492408;559049;;;;;
492409;559049;;;;;
491458;563589;;;;;
491459;563589;;;;;
491460;563591;;;;;
491461;563594;;;;;
491462;563594;;;;;
491463;563595;;;;;
491464;563596;;;;;
491465;563596;;;;;
491466;563597;;;;;
491468;563599;;;;;
491469;563599;;;;;
491470;563600;;;;;
491474;563604;;;;;
491475;563604;;;;;
491476;563606;;;;;
491477;563606;;;;;
492103;566314;;;;;
492104;566316;;;;;
492117;558747;;;;;
492125;558753;;;;;
492126;558753;;;;;
492128;558756;;;;;
492129;558758;;;;;
492131;558762;;;;;
492132;558763;;;;;
492133;558763;;;;;
491478;563607;;;;;
491479;563607;;;;;
491480;563609;;;;;
491482;563057;;;;;
491483;563060;;;;;
491484;563061;;;;;
491485;563061;;;;;
491486;563062;;;;;
491487;563062;;;;;
491500;562218;;;;;
491501;562219;;;;;
491502;562219;;;;;
491503;562220;;;;;
491504;562220;;;;;
491505;562221;;;;;
491506;562221;;;;;
491513;562066;;;;;
492770;564070;;;;;
492780;564083;;;;;
492781;564083;;;;;
492782;564084;;;;;
492783;564087;;;;;
492784;564087;;;;;
492787;564089;;;;;
492788;564090;;;;;
492789;564090;;;;;
492791;564093;;;;;
492792;564096;;;;;
493676;579992;;;;;
493687;578097;;;;;
491514;562068;;;;;
491515;562070;;;;;
491516;562071;;;;;
491517;562072;;;;;
491520;562077;;;;;
491521;562079;;;;;
491524;562083;;;;;
491532;562083;;;;;
491535;590397;;;;;
491537;590397;;;;;
491539;562085;;;;;
491540;562087;;;;;
491541;562089;;;;;
491545;562096;;;;;
492793;559742;;;;;
492794;559743;;;;;
492795;559743;;;;;
492796;559744;;;;;
492797;559744;;;;;
492798;559746;;;;;
492800;559750;;;;;
492801;559750;;;;;
492802;559751;;;;;
492803;559751;;;;;
491559;560230;;;;;
491560;560231;;;;;
491561;560231;;;;;
491563;560234;;;;;
491564;560235;;;;;
491565;560236;;;;;
491566;560237;;;;;
491582;560240;;;;;
491583;560243;;;;;
491584;560244;;;;;
491585;560246;;;;;
491587;562141;;;;;
491579;560239;;;;;
491580;560239;;;;;
491581;560240;;;;;
491588;562143;;;;;
492805;559754;;;;;
492806;559755;;;;;
492807;559755;;;;;
492808;559756;;;;;
492809;559756;;;;;
493231;577340;;;;;
493232;577340;;;;;
493233;577340;;;;;
493234;577343;;;;;
491589;563708;;;;;
491590;563710;;;;;
491592;563713;;;;;
491593;563713;;;;;
491594;563715;;;;;
491595;563716;;;;;
491596;563718;;;;;
491597;563720;;;;;
491598;563722;;;;;
491599;563724;;;;;
491600;563726;;;;;
491601;563726;;;;;
491604;563732;;;;;
491605;563735;;;;;
491606;563737;;;;;
491633;563798;;;;;
491634;563799;;;;;
491635;563799;;;;;
491636;563801;;;;;
491637;563801;;;;;
491638;563802;;;;;
491639;563802;;;;;
491640;563803;;;;;
491641;563803;;;;;
491642;563804;;;;;
491643;563805;;;;;
491644;563807;;;;;
491645;563809;;;;;
491648;563816;;;;;
491651;563823;;;;;
491652;563823;;;;;
491657;562222;;;;;
491658;562222;;;;;
491660;562227;;;;;
491662;562231;;;;;
491663;562231;;;;;
491664;562232;;;;;
491668;562238;;;;;
491669;562240;;;;;
491670;562241;;;;;
491671;562242;;;;;
491672;562243;;;;;
491673;562244;;;;;
491674;562244;;;;;
491675;562244;;;;;
492341;580084;;;;;
492342;580086;;;;;
492343;580088;;;;;
492018;558877;;;;;
492020;558880;;;;;
492021;558880;;;;;
492022;558881;;;;;
492023;558882;;;;;
492024;558884;;;;;
492025;558885;;;;;
492026;558886;;;;;
492027;558886;;;;;
492028;558887;;;;;
492029;558887;;;;;
492030;558889;;;;;
492041;558902;;;;;
492042;558903;;;;;
492043;558903;;;;;
492044;558905;;;;;
492045;558906;;;;;
492046;558907;;;;;
492047;558908;;;;;
492048;558908;;;;;
492049;558910;;;;;
476091;567917;;;;;
492050;558910;;;;;
492055;558919;;;;;
492056;558919;;;;;
492057;558921;;;;;
492058;558922;;;;;
492059;558923;;;;;
492060;558923;;;;;
492061;558924;;;;;
492062;558927;;;;;
491757;563741;;;;;
491758;563742;;;;;
491759;563742;;;;;
491760;563744;;;;;
491761;563745;;;;;
491762;563746;;;;;
491763;563746;;;;;
491764;563747;;;;;
491765;563748;;;;;
491766;563748;;;;;
491767;563750;;;;;
491768;563752;;;;;
491769;563754;;;;;
491770;563756;;;;;
491773;563759;;;;;
491774;563759;;;;;
491775;563761;;;;;
491776;563761;;;;;
491779;560694;;;;;
491780;590364;;;;;
491781;590363;;;;;
491782;560695;;;;;
491789;560701;;;;;
491790;560702;;;;;
491791;560702;;;;;
491792;560703;;;;;
491794;560705;;;;;
491795;560708;;;;;
491796;560708;;;;;
491797;558765;;;;;
423634;567916;;;;;
493557;565427;;;;;
491798;562327;;;;;
491800;562328;;;;;
491801;562331;;;;;
491802;562333;;;;;
491803;562335;;;;;
491804;562335;;;;;
491805;562337;;;;;
491806;562338;;;;;
491807;563828;;;;;
491808;563830;;;;;
491809;563832;;;;;
491810;563832;;;;;
491811;563834;;;;;
491812;563835;;;;;
491813;563835;;;;;
491814;563837;;;;;
491815;563839;;;;;
491816;563841;;;;;
491817;563842;;;;;
491818;563845;;;;;
491821;563852;;;;;
491822;563854;;;;;
491823;563854;;;;;
491850;558862;;;;;
491853;558868;;;;;
491855;558873;;;;;
491856;558875;;;;;
491174;563524;;;;;
491175;563524;;;;;
491176;563525;;;;;
491177;563526;;;;;
491178;563526;;;;;
491179;563527;;;;;
491180;563527;;;;;
491181;563528;;;;;
491182;563528;;;;;
491183;563530;;;;;
491184;563532;;;;;
491185;563534;;;;;
491186;563536;;;;;
491187;563536;;;;;
491188;563537;;;;;
491189;563537;;;;;
491190;563539;;;;;
491191;563539;;;;;
491192;563539;;;;;
491193;563541;;;;;
491194;563544;;;;;
491195;563546;;;;;
491196;563548;;;;;
491906;558954;;;;;
491907;562437;;;;;
491908;562439;;;;;
491206;560294;;;;;
491207;560294;;;;;
491208;560295;;;;;
491209;560295;;;;;
491210;560296;;;;;
491211;560297;;;;;
491212;560297;;;;;
491213;560298;;;;;
491214;560298;;;;;
491215;560299;;;;;
491216;560299;;;;;
491221;560310;;;;;
491251;590427;;;;;
491252;590426;;;;;
491253;590427;;;;;
491254;590426;;;;;
491259;561944;;;;;
491260;561946;;;;;
491261;561947;;;;;
491950;558741;;;;;
491951;558741;;;;;
491952;558742;;;;;
491953;558742;;;;;
491954;558743;;;;;
491956;558745;;;;;
491957;558745;;;;;
491958;558746;;;;;
491959;558746;;;;;
491960;558747;;;;;
491961;562338;;;;;
491962;562339;;;;;
491963;562339;;;;;
491964;562340;;;;;
491965;562340;;;;;
491966;590330;;;;;
491967;590329;;;;;
491968;590328;;;;;
491969;590327;;;;;
491970;590326;;;;;
491971;591064;;;;;
491972;591063;;;;;
491973;562342;;;;;
491974;562345;;;;;
491975;562347;;;;;
492573;559068;;;;;
492574;559070;;;;;
492576;559072;;;;;
492577;559072;;;;;
492578;559073;;;;;
492579;559073;;;;;
492580;559074;;;;;
492581;559074;;;;;
492582;559076;;;;;
492583;559076;;;;;
492584;559076;;;;;
492585;559077;;;;;
492586;559077;;;;;
492587;559079;;;;;
492588;559079;;;;;
492590;559082;;;;;
492591;559083;;;;;
492592;559085;;;;;
492593;559088;;;;;
492594;559089;;;;;
492595;559089;;;;;
492596;559090;;;;;
492597;559090;;;;;
492598;559092;;;;;
492599;559093;;;;;
493976;559004;;;;;
493977;559004;;;;;
493980;559010;;;;;
493981;559012;;;;;
493982;559013;;;;;
494161;561158;;;;;
494162;561159;;;;;
494166;561163;;;;;
494168;561166;;;;;
494169;561167;;;;;
494170;561168;;;;;
494177;561174;;;;;
494178;561176;;;;;
494179;561176;;;;;
494180;561177;;;;;
494181;561178;;;;;
494182;561179;;;;;
494183;561180;;;;;
494837;577183;;;;;
494838;577183;;;;;
494263;576332;;;;;
494379;559806;;;;;
494423;559742;;;;;
495018;577216;;;;;
495019;577216;;;;;
495020;577217;;;;;
495021;577217;;;;;
495022;577218;;;;;
495023;577218;;;;;
494541;561387;;;;;
494544;561393;;;;;
494545;561396;;;;;
494546;561397;;;;;
494548;561400;;;;;
494549;561401;;;;;
494550;560169;;;;;
495104;571600;;;;;
495105;571600;;;;;
495154;562287;;;;;
495155;562287;;;;;
494338;561183;;;;;
494344;561192;;;;;
494345;561193;;;;;
494357;559785;;;;;
494361;559790;;;;;
494362;590806;;;;;
494363;590805;;;;;
494364;590806;;;;;
494365;590805;;;;;
494366;590374;;;;;
494367;590373;;;;;
494368;559791;;;;;
494369;559793;;;;;
494370;559793;;;;;
494373;559795;;;;;
494374;559795;;;;;
3255096;563190;;;;;
494942;571595;;;;;
494943;571596;;;;;
494944;571597;;;;;
494945;571598;;;;;
494946;571598;;;;;
494947;571599;;;;;
495156;562288;;;;;
495157;562288;;;;;
495158;562289;;;;;
495159;562290;;;;;
495169;563880;;;;;
495170;563880;;;;;
495172;563884;;;;;
495173;563885;;;;;
495174;563885;;;;;
495175;563886;;;;;
495176;563887;;;;;
495177;563888;;;;;
495178;563888;;;;;
495179;563889;;;;;
495180;563889;;;;;
495181;563911;;;;;
495182;563912;;;;;
495183;563913;;;;;
495184;563914;;;;;
495185;563914;;;;;
495186;563915;;;;;
495187;563916;;;;;
495820;570096;;;;;
495822;570100;;;;;
494985;562274;;;;;
494986;562274;;;;;
494987;562275;;;;;
494988;562275;;;;;
494990;562279;;;;;
495199;563927;;;;;
495200;563928;;;;;
495202;563931;;;;;
495203;563933;;;;;
494991;562280;;;;;
494992;590835;;;;;
494993;590834;;;;;
494994;590833;;;;;
494995;590832;;;;;
494996;562284;;;;;
494997;562284;;;;;
494998;562285;;;;;
494999;562286;;;;;
495000;562286;;;;;
495001;577185;;;;;
495002;577185;;;;;
494135;559013;;;;;
494136;559014;;;;;
494137;559016;;;;;
494138;559016;;;;;
494139;559017;;;;;
494738;569567;;;;;
494140;559017;;;;;
494141;559018;;;;;
494142;559019;;;;;
494143;559019;;;;;
494144;559020;;;;;
494145;559021;;;;;
494146;561144;;;;;
494147;561145;;;;;
494148;561147;;;;;
494149;561147;;;;;
494150;561149;;;;;
494151;561151;;;;;
494152;561152;;;;;
494153;561153;;;;;
494154;561153;;;;;
494155;561154;;;;;
494156;561155;;;;;
494157;561155;;;;;
494158;561155;;;;;
494159;561156;;;;;
494160;561156;;;;;
494756;565302;;;;;
494757;565305;;;;;
494758;565305;;;;;
494779;565325;;;;;
494780;563095;;;;;
494781;563095;;;;;
494782;563096;;;;;
497708;564248;;;;;
497717;564260;;;;;
497718;564262;;;;;
496309;562903;;;;;
496310;562904;;;;;
496311;562904;;;;;
496312;562905;;;;;
496899;569807;;;;;
496900;569807;;;;;
497189;572078;;;;;
497719;564263;;;;;
497720;564263;;;;;
497721;564265;;;;;
496315;562908;;;;;
496321;562909;;;;;
496322;562909;;;;;
496323;562910;;;;;
496324;562910;;;;;
496325;562910;;;;;
496326;562910;;;;;
496327;562910;;;;;
496328;562911;;;;;
496329;562911;;;;;
496330;562912;;;;;
496331;562912;;;;;
496332;562913;;;;;
496333;562913;;;;;
496334;562914;;;;;
497761;561674;;;;;
497762;561675;;;;;
497763;561675;;;;;
497764;561676;;;;;
497765;561678;;;;;
497766;561679;;;;;
497767;561679;;;;;
497768;561681;;;;;
497769;563266;;;;;
497770;563267;;;;;
497771;563267;;;;;
497772;563268;;;;;
497773;563270;;;;;
496623;563410;;;;;
496624;563412;;;;;
496626;563016;;;;;
496627;563016;;;;;
496628;563017;;;;;
496629;563017;;;;;
496630;563019;;;;;
496632;563022;;;;;
496633;563022;;;;;
496638;563025;;;;;
497787;559376;;;;;
497788;559376;;;;;
497789;559377;;;;;
497790;559377;;;;;
497791;559379;;;;;
497792;559380;;;;;
497793;559380;;;;;
497794;559380;;;;;
496049;570310;;;;;
496050;570312;;;;;
496051;570312;;;;;
496053;570314;;;;;
496054;570314;;;;;
497926;563271;;;;;
497927;563272;;;;;
497928;563272;;;;;
497929;563272;;;;;
497930;563272;;;;;
497931;563273;;;;;
497932;563275;;;;;
497933;563278;;;;;
496144;562884;;;;;
496145;562884;;;;;
496146;562886;;;;;
496147;562886;;;;;
496148;562886;;;;;
496150;562890;;;;;
496151;562890;;;;;
496152;562891;;;;;
496153;562891;;;;;
496154;562893;;;;;
496156;562896;;;;;
496157;562898;;;;;
496158;562900;;;;;
496159;562902;;;;;
497993;559414;;;;;
497994;559414;;;;;
497995;559416;;;;;
497996;559419;;;;;
497997;559419;;;;;
497998;559420;;;;;
497999;559420;;;;;
498000;559422;;;;;
498002;559430;;;;;
498003;559430;;;;;
498004;559431;;;;;
498005;559431;;;;;
498006;559432;;;;;
498124;563329;;;;;
498125;563331;;;;;
498143;563342;;;;;
496227;570330;;;;;
496228;570330;;;;;
496446;563386;;;;;
497937;563283;;;;;
497938;563286;;;;;
497939;563286;;;;;
497940;563287;;;;;
497941;563287;;;;;
497942;563288;;;;;
497943;563288;;;;;
497944;563290;;;;;
497945;563291;;;;;
497946;563292;;;;;
497947;563292;;;;;
497948;563293;;;;;
497949;563294;;;;;
497952;563299;;;;;
497954;563303;;;;;
497955;563303;;;;;
497956;563305;;;;;
497957;563307;;;;;
497959;563312;;;;;
497960;563313;;;;;
497961;563313;;;;;
497962;563314;;;;;
497963;563315;;;;;
497964;563316;;;;;
497965;563316;;;;;
497966;563317;;;;;
497967;563319;;;;;
497968;563319;;;;;
497969;563321;;;;;
497971;563325;;;;;
497972;563327;;;;;
3353017;563396;;;;;
3350147;562278;;;;;
3350136;1968744;;;;;
496447;563386;;;;;
496448;563386;;;;;
496449;563386;;;;;
496450;563386;;;;;
496451;563387;;;;;
496452;563387;;;;;
496453;563389;;;;;
496454;563391;;;;;
496455;563393;;;;;
497795;559381;;;;;
497796;559381;;;;;
497797;559381;;;;;
497798;559382;;;;;
497799;559382;;;;;
497800;559383;;;;;
497801;559383;;;;;
497802;559383;;;;;
497803;559383;;;;;
498150;563347;;;;;
498151;563348;;;;;
498152;563348;;;;;
497867;563029;;;;;
497868;563029;;;;;
497869;563029;;;;;
497870;563031;;;;;
497871;563033;;;;;
497876;564272;;;;;
497877;564272;;;;;
497878;564274;;;;;
497879;564274;;;;;
497806;559387;;;;;
497807;559387;;;;;
497808;559388;;;;;
497809;559388;;;;;
497973;563327;;;;;
497976;559393;;;;;
497977;559395;;;;;
497978;559397;;;;;
497979;559397;;;;;
497980;559398;;;;;
497981;559399;;;;;
497982;559400;;;;;
497983;559401;;;;;
497984;559401;;;;;
497985;559403;;;;;
497986;559405;;;;;
497988;559410;;;;;
497989;559412;;;;;
497990;559412;;;;;
497991;559413;;;;;
497992;559413;;;;;
496611;563399;;;;;
496612;563401;;;;;
496613;563402;;;;;
496614;563402;;;;;
496615;563404;;;;;
496616;563405;;;;;
496617;563406;;;;;
496618;563406;;;;;
496619;563407;;;;;
496620;563408;;;;;
496621;563408;;;;;
496622;563409;;;;;
496500;559464;;;;;
496501;559465;;;;;
496502;559465;;;;;
496503;559466;;;;;
496504;559466;;;;;
496505;559467;;;;;
496506;559467;;;;;
496512;562943;;;;;
496513;562944;;;;;
496514;562944;;;;;
497863;563026;;;;;
497864;563028;;;;;
497865;563028;;;;;
497866;563028;;;;;
498074;564336;;;;;
498075;564336;;;;;
498079;564342;;;;;
498080;564344;;;;;
498081;564344;;;;;
498082;564345;;;;;
498083;564345;;;;;
496519;562954;;;;;
496521;562958;;;;;
496522;562960;;;;;
496523;564545;;;;;
496524;564548;;;;;
496338;562916;;;;;
496339;562917;;;;;
496340;562918;;;;;
496341;562919;;;;;
496342;562919;;;;;
496343;562920;;;;;
496344;562922;;;;;
496345;562924;;;;;
496347;562929;;;;;
496348;562930;;;;;
496349;562930;;;;;
496350;562933;;;;;
497616;570214;;;;;
497895;564296;;;;;
497897;564300;;;;;
497899;564304;;;;;
497900;564304;;;;;
497901;564305;;;;;
497902;564306;;;;;
497906;564313;;;;;
497907;564313;;;;;
497908;564314;;;;;
497909;564314;;;;;
497910;564315;;;;;
497924;563270;;;;;
497925;563271;;;;;
496351;562933;;;;;
496352;562933;;;;;
496353;562933;;;;;
496354;562933;;;;;
496355;562935;;;;;
496356;562937;;;;;
497090;576556;;;;;
496401;559367;;;;;
496402;559370;;;;;
496403;559371;;;;;
496404;559372;;;;;
496405;559373;;;;;
496414;564626;;;;;
496415;564626;;;;;
496416;564628;;;;;
496417;564630;;;;;
496418;564630;;;;;
496419;564630;;;;;
497091;576559;;;;;
497092;576559;;;;;
496254;564613;;;;;
496255;564613;;;;;
496256;564614;;;;;
496257;564614;;;;;
496258;564616;;;;;
496442;564658;;;;;
496443;563380;;;;;
496444;563382;;;;;
496445;563384;;;;;
499811;586771;;;;;
499820;586785;;;;;
499821;586787;;;;;
499822;586787;;;;;
499832;587000;;;;;
499855;587259;;;;;
499856;587261;;;;;
498355;578545;;;;;
1528698;1283553;;;;;
1528699;1283553;;;;;
1528700;1283554;;;;;
1528701;1283554;;;;;
1528704;1283556;;;;;
7883578;6881009;;;;;
1528705;1283556;;;;;
499857;587263;;;;;
499567;587630;;;;;
500878;590351;;;;;
500879;590350;;;;;
499625;581590;;;;;
499626;581590;;;;;
499627;581591;;;;;
499628;581591;;;;;
498831;570662;;;;;
499653;586977;;;;;
499666;586995;;;;;
499667;586995;;;;;
499668;586997;;;;;
499679;580869;;;;;
498839;570670;;;;;
499709;581810;;;;;
9116861;8305698;;;;;
9116864;8305715;;;;;
9116865;8305721;;;;;
500259;587042;;;;;
500260;587042;;;;;
500261;587043;;;;;
499748;587650;;;;;
499749;587652;;;;;
499750;587653;;;;;
498660;570646;;;;;
498661;570646;;;;;
499514;580820;;;;;
500262;587043;;;;;
500190;586844;;;;;
500191;586844;;;;;
500192;586846;;;;;
500193;586848;;;;;
500194;586848;;;;;
500422;587057;;;;;
500423;587057;;;;;
500424;587058;;;;;
500425;587058;;;;;
500426;587058;;;;;
498729;559720;;;;;
498730;559720;;;;;
498737;559735;;;;;
498738;559735;;;;;
498739;559736;;;;;
498740;559737;;;;;
498741;559738;;;;;
498742;559738;;;;;
498743;559739;;;;;
499877;559473;;;;;
499878;559473;;;;;
499879;559475;;;;;
499883;559478;;;;;
499884;559479;;;;;
499885;559479;;;;;
499886;559480;;;;;
499887;559480;;;;;
499888;559481;;;;;
499889;559481;;;;;
499899;559492;;;;;
499900;559492;;;;;
499901;559494;;;;;
499902;559494;;;;;
499312;585659;;;;;
499908;559497;;;;;
499909;559498;;;;;
499910;559499;;;;;
499911;559499;;;;;
499912;559500;;;;;
499915;559502;;;;;
499916;559502;;;;;
499917;559503;;;;;
499918;559503;;;;;
499919;559504;;;;;
499920;559504;;;;;
498784;586725;;;;;
498785;586725;;;;;
499320;585662;;;;;
499321;585664;;;;;
499322;585665;;;;;
499323;585665;;;;;
499324;585666;;;;;
499325;585667;;;;;
499326;585667;;;;;
499327;585668;;;;;
499985;586803;;;;;
499986;586803;;;;;
499987;586805;;;;;
499991;586813;;;;;
498177;564591;;;;;
498178;564593;;;;;
498179;564593;;;;;
500002;586830;;;;;
500003;586832;;;;;
499993;586817;;;;;
499994;586819;;;;;
499996;586824;;;;;
500000;586828;;;;;
500001;586828;;;;;
500004;586832;;;;;
500005;586833;;;;;
500006;586835;;;;;
500007;586835;;;;;
500008;586835;;;;;
500041;587286;;;;;
500707;571929;;;;;
501942;587989;;;;;
501943;587990;;;;;
501949;589330;;;;;
500710;571934;;;;;
500711;571935;;;;;
501396;586889;;;;;
501399;586894;;;;;
501400;586895;;;;;
501401;586895;;;;;
501402;586895;;;;;
501957;589344;;;;;
501982;588054;;;;;
501403;586896;;;;;
501404;586896;;;;;
501421;586915;;;;;
501422;586916;;;;;
501425;586922;;;;;
501426;586923;;;;;
501427;586923;;;;;
501428;586924;;;;;
501429;586925;;;;;
501430;586925;;;;;
501431;586926;;;;;
501434;586930;;;;;
503033;583263;;;;;
503034;583263;;;;;
502062;587795;;;;;
502063;587797;;;;;
502064;587797;;;;;
502065;587798;;;;;
502814;589800;;;;;
502815;589803;;;;;
502816;589804;;;;;
502817;589804;;;;;
502818;589804;;;;;
502819;589805;;;;;
502078;587819;;;;;
502079;587819;;;;;
502080;587820;;;;;
502081;587822;;;;;
502082;587822;;;;;
502083;587823;;;;;
502084;587823;;;;;
502107;589344;;;;;
502108;589346;;;;;
502109;589346;;;;;
502110;589346;;;;;
502171;588092;;;;;
502191;589667;;;;;
501069;590325;;;;;
502597;590910;;;;;
502637;589780;;;;;
501070;590324;;;;;
501071;590313;;;;;
501072;590312;;;;;
501073;590311;;;;;
501074;590257;;;;;
501075;590256;;;;;
501076;590255;;;;;
501077;590780;;;;;
501078;590779;;;;;
501609;586931;;;;;
501610;586931;;;;;
501611;586932;;;;;
501612;586932;;;;;
501617;586941;;;;;
501619;586944;;;;;
501620;586946;;;;;
501627;586948;;;;;
501629;585437;;;;;
501630;585438;;;;;
501631;585438;;;;;
501635;585444;;;;;
501636;585445;;;;;
501637;585446;;;;;
501638;585448;;;;;
501517;559689;;;;;
501518;559689;;;;;
501519;559690;;;;;
501520;559690;;;;;
501521;559691;;;;;
501522;559692;;;;;
501523;559692;;;;;
501524;559693;;;;;
501525;559693;;;;;
501526;559695;;;;;
501527;559695;;;;;
501528;559696;;;;;
501529;559696;;;;;
501530;559697;;;;;
501531;559697;;;;;
501532;559698;;;;;
501533;559698;;;;;
501534;559699;;;;;
501543;559714;;;;;
501544;559715;;;;;
501545;559715;;;;;
502359;589682;;;;;
502761;586367;;;;;
502762;586367;;;;;
502763;586368;;;;;
502764;586369;;;;;
502765;586370;;;;;
502766;586371;;;;;
502767;586371;;;;;
502780;586388;;;;;
502786;586401;;;;;
502790;586404;;;;;
502791;586406;;;;;
502796;586417;;;;;
502800;586426;;;;;
502801;586428;;;;;
502807;586438;;;;;
501546;559716;;;;;
501547;559716;;;;;
501548;559717;;;;;
501549;559717;;;;;
501550;559718;;;;;
501551;559718;;;;;
501552;559719;;;;;
501553;559719;;;;;
501574;586643;;;;;
501575;586645;;;;;
501577;586650;;;;;
501580;586656;;;;;
501582;586661;;;;;
501719;587912;;;;;
501720;587913;;;;;
501721;587913;;;;;
501722;587915;;;;;
501723;587915;;;;;
502390;589714;;;;;
502393;589716;;;;;
502394;589717;;;;;
502395;589718;;;;;
502396;589719;;;;;
502397;589719;;;;;
502407;589597;;;;;
3193345;586110;;;;;
501599;586683;;;;;
501601;586688;;;;;
501275;585245;;;;;
501278;585247;;;;;
502199;589675;;;;;
502221;589491;;;;;
502222;589493;;;;;
502223;589493;;;;;
502224;589494;;;;;
501303;559520;;;;;
501304;559521;;;;;
501305;559521;;;;;
501306;559522;;;;;
501307;559523;;;;;
501308;559523;;;;;
501309;590429;;;;;
501310;590428;;;;;
501311;590429;;;;;
501312;590428;;;;;
501313;559524;;;;;
501314;559524;;;;;
501324;561057;;;;;
501325;561057;;;;;
501326;561058;;;;;
501327;561058;;;;;
501328;561060;;;;;
501329;561062;;;;;
501330;561065;;;;;
502237;589519;;;;;
502238;589521;;;;;
502256;589597;;;;;
504253;585470;;;;;
505276;587411;;;;;
505277;587411;;;;;
505278;587414;;;;;
503203;570999;;;;;
503230;583353;;;;;
503231;583353;;;;;
503232;583355;;;;;
503810;585868;;;;;
503824;585877;;;;;
503825;585879;;;;;
503826;585879;;;;;
503827;585880;;;;;
503828;585880;;;;;
504357;586301;;;;;
504358;586302;;;;;
504359;586304;;;;;
504360;586304;;;;;
3249337;587436;;;;;
503252;583383;;;;;
503253;583383;;;;;
503254;583384;;;;;
503255;583384;;;;;
503837;585891;;;;;
503838;585894;;;;;
503839;585896;;;;;
503840;585898;;;;;
503841;585900;;;;;
503842;585903;;;;;
503843;585905;;;;;
503844;585907;;;;;
503845;585909;;;;;
503846;585912;;;;;
503847;585913;;;;;
503848;585914;;;;;
503849;585914;;;;;
503850;585914;;;;;
503851;585915;;;;;
503852;585916;;;;;
503853;585917;;;;;
503854;585918;;;;;
503855;585920;;;;;
503856;585920;;;;;
503611;587233;;;;;
503622;587257;;;;;
503623;580871;;;;;
3440056;560674;;;;;
503641;585846;;;;;
503642;585846;;;;;
503643;585847;;;;;
503644;585849;;;;;
503645;585849;;;;;
503652;585854;;;;;
503653;585854;;;;;
503654;585855;;;;;
503655;585857;;;;;
503656;585859;;;;;
503657;585862;;;;;
503344;589378;;;;;
503346;589382;;;;;
503354;589427;;;;;
503914;589242;;;;;
503915;589244;;;;;
505596;581460;;;;;
504306;572271;;;;;
504308;572275;;;;;
505002;585789;;;;;
505015;586066;;;;;
505016;586067;;;;;
505017;586068;;;;;
505018;586068;;;;;
505019;586070;;;;;
505037;582033;;;;;
505038;582035;;;;;
505039;582035;;;;;
505040;582035;;;;;
505041;582041;;;;;
505042;582041;;;;;
505043;582042;;;;;
505044;582042;;;;;
504010;585924;;;;;
504012;585928;;;;;
504013;585929;;;;;
504014;585932;;;;;
504015;585934;;;;;
504016;585936;;;;;
504017;585938;;;;;
504018;585941;;;;;
504518;586305;;;;;
504519;586305;;;;;
504520;586306;;;;;
504521;586307;;;;;
504522;586307;;;;;
504523;586308;;;;;
504525;586311;;;;;
504526;586312;;;;;
504527;586312;;;;;
504528;586313;;;;;
504529;586314;;;;;
504530;586316;;;;;
504531;586318;;;;;
504532;586319;;;;;
504533;586319;;;;;
504534;586321;;;;;
504535;586321;;;;;
504536;586322;;;;;
504537;586323;;;;;
504542;586335;;;;;
504543;586337;;;;;
505229;582064;;;;;
503417;587199;;;;;
503418;587199;;;;;
503419;587200;;;;;
503447;587227;;;;;
503481;587862;;;;;
504966;585758;;;;;
504967;585758;;;;;
504968;585760;;;;;
504969;585762;;;;;
504970;585764;;;;;
504971;585767;;;;;
504972;585769;;;;;
504973;585769;;;;;
505047;582049;;;;;
505048;582050;;;;;
505056;581686;;;;;
505068;586544;;;;;
505069;586544;;;;;
505070;586547;;;;;
505071;586547;;;;;
505072;586548;;;;;
505073;586548;;;;;
505074;586549;;;;;
505075;586549;;;;;
505100;586580;;;;;
505101;586580;;;;;
505102;586581;;;;;
504048;587136;;;;;
504049;587137;;;;;
504050;587137;;;;;
504052;587142;;;;;
504053;587142;;;;;
504054;587143;;;;;
504055;587145;;;;;
504056;590486;;;;;
504057;590485;;;;;
504058;590484;;;;;
504059;590483;;;;;
504060;590482;;;;;
3368376;586721;;;;;
3368380;586644;;;;;
504974;585770;;;;;
504975;585770;;;;;
504976;585772;;;;;
504977;585774;;;;;
504978;585776;;;;;
504979;585776;;;;;
505595;581460;;;;;
503514;589450;;;;;
503515;589452;;;;;
503516;589454;;;;;
503517;589456;;;;;
503518;589458;;;;;
503519;589460;;;;;
503520;589460;;;;;
503522;589464;;;;;
503526;589469;;;;;
503527;589469;;;;;
504689;576748;;;;;
504690;576749;;;;;
504691;576750;;;;;
504692;576750;;;;;
503542;587992;;;;;
503543;587992;;;;;
504127;589655;;;;;
505107;587382;;;;;
505108;587409;;;;;
505109;587410;;;;;
505131;581352;;;;;
505138;581362;;;;;
505139;581362;;;;;
505140;581363;;;;;
503951;589297;;;;;
503952;589298;;;;;
504160;589882;;;;;
503990;589852;;;;;
503991;589854;;;;;
504211;587148;;;;;
504209;587148;;;;;
504210;587148;;;;;
504007;585920;;;;;
504008;585920;;;;;
504009;585922;;;;;
504239;585458;;;;;
504240;585459;;;;;
504241;585460;;;;;
504242;585460;;;;;
504246;585465;;;;;
504247;585467;;;;;
504248;585467;;;;;
504252;585470;;;;;
508421;585582;;;;;
508422;585583;;;;;
508423;585583;;;;;
508427;585596;;;;;
508430;585603;;;;;
508431;585605;;;;;
508432;585607;;;;;
507105;586182;;;;;
507106;586184;;;;;
507107;586186;;;;;
507108;586189;;;;;
507109;590315;;;;;
507110;590902;;;;;
507111;590901;;;;;
508472;585677;;;;;
509124;586152;;;;;
509125;586152;;;;;
507112;590900;;;;;
507113;590899;;;;;
507114;590862;;;;;
507115;590861;;;;;
507116;590804;;;;;
507117;590803;;;;;
507118;590802;;;;;
507119;591088;;;;;
507120;591087;;;;;
507121;591042;;;;;
507122;591041;;;;;
507123;591036;;;;;
507124;591035;;;;;
507125;590245;;;;;
507126;590244;;;;;
507127;590240;;;;;
507128;590211;;;;;
507129;590210;;;;;
507130;590209;;;;;
507131;590208;;;;;
507132;590207;;;;;
507133;590206;;;;;
507134;590205;;;;;
507135;590204;;;;;
507136;590203;;;;;
507137;590202;;;;;
507138;590314;;;;;
507139;590307;;;;;
507140;590306;;;;;
507141;590300;;;;;
507142;590269;;;;;
507143;590268;;;;;
507144;590267;;;;;
507145;590266;;;;;
507146;590265;;;;;
507147;590264;;;;;
507789;582626;;;;;
508503;585701;;;;;
508504;585701;;;;;
508505;585702;;;;;
508506;585702;;;;;
508507;585704;;;;;
508508;585706;;;;;
508509;585707;;;;;
508510;585707;;;;;
508513;585713;;;;;
508515;585716;;;;;
508516;585717;;;;;
508517;585717;;;;;
508521;584232;;;;;
508522;584232;;;;;
507148;590263;;;;;
507149;590262;;;;;
507150;590261;;;;;
507151;590260;;;;;
507152;590259;;;;;
507153;590258;;;;;
507154;591120;;;;;
507155;591119;;;;;
507156;590896;;;;;
507157;590895;;;;;
507158;590886;;;;;
507159;590885;;;;;
507575;583739;;;;;
507815;584036;;;;;
507818;584039;;;;;
508582;585725;;;;;
508583;585728;;;;;
508584;585730;;;;;
508585;585732;;;;;
509623;585095;;;;;
509624;585097;;;;;
509632;585102;;;;;
509633;585102;;;;;
509634;585103;;;;;
509635;585104;;;;;
509636;585104;;;;;
509637;585105;;;;;
509638;585105;;;;;
509639;585107;;;;;
509640;585109;;;;;
509643;585112;;;;;
509668;582878;;;;;
509669;582878;;;;;
507608;582587;;;;;
507609;582589;;;;;
507891;586490;;;;;
507892;586492;;;;;
507893;586494;;;;;
507894;586497;;;;;
507895;586497;;;;;
508628;581945;;;;;
508629;581945;;;;;
509347;582185;;;;;
509348;582186;;;;;
507631;583215;;;;;
507632;583215;;;;;
507633;583215;;;;;
507336;581101;;;;;
507904;586513;;;;;
507905;586515;;;;;
507906;586517;;;;;
507907;586520;;;;;
507910;586525;;;;;
507911;586527;;;;;
507912;586528;;;;;
507914;586533;;;;;
507915;586535;;;;;
507916;586537;;;;;
507920;586543;;;;;
507921;584342;;;;;
508303;585987;;;;;
508304;585988;;;;;
508305;585989;;;;;
508306;585990;;;;;
508307;585990;;;;;
508308;585992;;;;;
508316;585997;;;;;
508317;585998;;;;;
508318;586001;;;;;
508319;586001;;;;;
509038;586106;;;;;
509039;586108;;;;;
509040;586108;;;;;
509042;586112;;;;;
653810;724244;;;;;
472437;590225;;;;;
507380;585415;;;;;
507381;585415;;;;;
507382;585415;;;;;
507383;585416;;;;;
507384;586252;;;;;
507385;586254;;;;;
507386;586257;;;;;
507387;586259;;;;;
507388;586261;;;;;
507389;586263;;;;;
508321;586003;;;;;
508322;586003;;;;;
508323;581014;;;;;
508324;581015;;;;;
508325;581015;;;;;
508326;581016;;;;;
508327;581016;;;;;
508328;581017;;;;;
508329;581017;;;;;
508330;586086;;;;;
508331;586087;;;;;
508332;586088;;;;;
508333;586090;;;;;
508334;586091;;;;;
508335;586091;;;;;
508336;586094;;;;;
508337;586095;;;;;
508338;586097;;;;;
508355;585570;;;;;
509043;586114;;;;;
509044;586116;;;;;
509045;586119;;;;;
509046;586120;;;;;
509047;586122;;;;;
509048;580721;;;;;
507390;586265;;;;;
507391;586267;;;;;
507392;586267;;;;;
507393;586268;;;;;
507394;586268;;;;;
507395;586269;;;;;
507396;586269;;;;;
507397;586271;;;;;
507398;586272;;;;;
507399;586273;;;;;
507400;586274;;;;;
507401;586275;;;;;
507402;586276;;;;;
507403;586279;;;;;
507404;586281;;;;;
507405;586281;;;;;
507406;586282;;;;;
507407;586285;;;;;
507408;586287;;;;;
507410;586291;;;;;
507411;586293;;;;;
507412;586295;;;;;
507413;586296;;;;;
508368;585579;;;;;
508369;585581;;;;;
508370;585581;;;;;
508371;585582;;;;;
508052;585391;;;;;
508053;585391;;;;;
508054;585392;;;;;
508055;585395;;;;;
508056;585396;;;;;
508057;585396;;;;;
508058;585397;;;;;
509098;586122;;;;;
509099;586123;;;;;
509100;586126;;;;;
509101;586128;;;;;
509102;586130;;;;;
509103;586132;;;;;
509104;586133;;;;;
509105;586134;;;;;
509106;586134;;;;;
509107;586135;;;;;
509108;586135;;;;;
509109;586136;;;;;
509110;586136;;;;;
509111;586138;;;;;
509116;586148;;;;;
509117;586150;;;;;
509118;586150;;;;;
509119;586150;;;;;
509120;586150;;;;;
509121;586151;;;;;
509122;586151;;;;;
509123;586151;;;;;
509399;582186;;;;;
509400;582188;;;;;
507426;583739;;;;;
507436;583142;;;;;
507446;583183;;;;;
507447;583184;;;;;
507448;583184;;;;;
507449;583185;;;;;
508059;585398;;;;;
508060;586057;;;;;
508061;586058;;;;;
508062;586059;;;;;
508063;586059;;;;;
508064;586060;;;;;
508065;586060;;;;;
508066;586060;;;;;
509549;585083;;;;;
508151;585837;;;;;
509260;585523;;;;;
509261;585525;;;;;
509262;585527;;;;;
509263;585529;;;;;
509264;585532;;;;;
509265;585532;;;;;
509266;585532;;;;;
509267;585534;;;;;
509271;585539;;;;;
509272;585541;;;;;
509274;585544;;;;;
509275;585544;;;;;
508174;590243;;;;;
508175;590242;;;;;
508176;590241;;;;;
508177;590215;;;;;
508178;590212;;;;;
507518;570383;;;;;
507519;570383;;;;;
507520;570384;;;;;
507521;570384;;;;;
507548;583470;;;;;
508210;582507;;;;;
508211;582508;;;;;
508212;582510;;;;;
509596;582862;;;;;
509597;582862;;;;;
509598;582864;;;;;
509599;582864;;;;;
509600;582865;;;;;
508236;580965;;;;;
508238;580969;;;;;
508246;580975;;;;;
508247;580975;;;;;
508248;580976;;;;;
508249;580977;;;;;
508250;580977;;;;;
508251;580978;;;;;
508271;581013;;;;;
508272;581014;;;;;
507979;585333;;;;;
507980;585335;;;;;
507981;585337;;;;;
507982;585339;;;;;
507983;585341;;;;;
507984;585344;;;;;
507985;585346;;;;;
507986;585348;;;;;
507987;585350;;;;;
507988;585353;;;;;
508011;585368;;;;;
508012;585368;;;;;
508297;585978;;;;;
508298;585980;;;;;
508299;585982;;;;;
508300;585984;;;;;
508301;585986;;;;;
508302;585987;;;;;
508689;582463;;;;;
509027;586098;;;;;
509028;586099;;;;;
509029;586099;;;;;
509030;586100;;;;;
509031;586100;;;;;
509032;586101;;;;;
509033;586101;;;;;
509034;586102;;;;;
509035;586102;;;;;
509036;586103;;;;;
509037;586104;;;;;
507282;589937;;;;;
507283;589937;;;;;
507285;589939;;;;;
507286;589940;;;;;
507287;589940;;;;;
507288;589942;;;;;
507289;589942;;;;;
507290;589943;;;;;
507291;589943;;;;;
507300;589954;;;;;
507302;589957;;;;;
507303;589959;;;;;
507196;586205;;;;;
507199;586212;;;;;
507200;585399;;;;;
507201;585401;;;;;
507202;591112;;;;;
507203;591111;;;;;
507204;590843;;;;;
507205;590818;;;;;
507206;585403;;;;;
507207;585403;;;;;
507208;585405;;;;;
507209;585407;;;;;
507210;585410;;;;;
507211;585412;;;;;
507212;585413;;;;;
507213;585413;;;;;
507696;570407;;;;;
507697;570407;;;;;
521960;603554;;;;;
521975;603577;;;;;
521976;603577;;;;;
521977;603577;;;;;
521978;603577;;;;;
521983;603587;;;;;
521984;603587;;;;;
521985;603587;;;;;
521986;603587;;;;;
521987;603587;;;;;
521988;603587;;;;;
521989;603587;;;;;
521990;603587;;;;;
521999;603590;;;;;
522000;603590;;;;;
522001;603590;;;;;
522002;603590;;;;;
522003;603590;;;;;
522004;603590;;;;;
522005;603590;;;;;
522006;603590;;;;;
522007;603591;;;;;
522008;603591;;;;;
522009;603591;;;;;
522010;603591;;;;;
522011;603591;;;;;
522012;603591;;;;;
522013;603591;;;;;
522014;603591;;;;;
522015;603594;;;;;
522016;603594;;;;;
522017;603594;;;;;
522018;603594;;;;;
522019;603594;;;;;
522020;603594;;;;;
522021;603594;;;;;
522022;603594;;;;;
522023;603595;;;;;
522024;603595;;;;;
522025;603595;;;;;
522026;603595;;;;;
522027;603595;;;;;
522028;603595;;;;;
522029;603595;;;;;
522030;603595;;;;;
522033;603597;;;;;
516154;597461;;;;;
516155;597462;;;;;
516156;597463;;;;;
524221;607719;;;;;
515832;596529;;;;;
515833;596530;;;;;
515834;597138;;;;;
515835;597139;;;;;
515836;597141;;;;;
515837;597145;;;;;
515838;597148;;;;;
515839;597151;;;;;
515840;597152;;;;;
515842;597147;;;;;
515846;597457;;;;;
509685;582901;;;;;
509686;582901;;;;;
509687;582902;;;;;
8179266;1297955;;;;;
8179267;1341154;;;;;
8179268;1341168;;;;;
8177668;1343394;;;;;
425884;559071;;;;;
425885;559071;;;;;
492575;559071;;;;;
436767;559326;;;;;
436768;559326;;;;;
487531;559326;;;;;
487532;559326;;;;;
436604;560969;;;;;
436605;560969;;;;;
487188;560969;;;;;
487189;560969;;;;;
427717;560742;;;;;
432640;560238;;;;;
432641;560238;;;;;
491578;560238;;;;;
436955;556276;;;;;
436956;556276;;;;;
487709;556276;;;;;
487710;556276;;;;;
8177669;1358778;;;;;
8177670;1358778;;;;;
8179255;1358778;;;;;
8179256;1358778;;;;;
8179257;1358779;;;;;
8179258;1358779;;;;;
8179260;1358779;;;;;
8179261;1358780;;;;;
8179262;1358780;;;;;
8179263;1358780;;;;;
8179264;1358780;;;;;
8179265;1297954;;;;;
440221;561554;;;;;
462876;586999;;;;;
466740;585414;;;;;
432106;561466;;;;;
488476;561466;;;;;
430704;561922;;;;;
489856;561922;;;;;
488450;561447;;;;;
436747;559314;;;;;
471062;585818;;;;;
471063;585818;;;;;
471064;585818;;;;;
471065;585818;;;;;
425883;559071;;;;;
542231;626289;;;;;
540535;623089;;;;;
431024;556287;;;;;
544379;629176;;;;;
544380;629177;;;;;
548519;632993;;;;;
548520;632994;;;;;
541799;624689;;;;;
541800;624690;;;;;
541801;624691;;;;;
541816;624994;;;;;
547879;632369;;;;;
547880;632370;;;;;
543415;627569;;;;;
543416;627570;;;;;
550119;634257;;;;;
550120;634258;;;;;
555879;639713;;;;;
555880;639713;;;;;
555881;639713;;;;;
555882;639713;;;;;
555883;639714;;;;;
555884;639714;;;;;
555885;639714;;;;;
555886;639714;;;;;
555887;639715;;;;;
556199;640702;;;;;
556200;640703;;;;;
554618;637154;;;;;
587317;663084;;;;;
603253;662433;;;;;
3205832;563615;;;;;
3350141;1968745;;;;;
3350148;562278;;;;;
3205839;562569;;;;;
3205836;562569;;;;;
3213179;558731;;;;;
3213178;558733;;;;;
3306619;563712;;;;;
3306949;586751;;;;;
3308235;563611;;;;;
3304375;563367;;;;;
3304057;563818;;;;;
3306302;562956;;;;;
3306946;563204;;;;;
3307583;563513;;;;;
609015;680689;;;;;
602614;662141;;;;;
602919;662141;;;;;
610599;681652;;;;;
610600;681653;;;;;
602934;662153;;;;;
603242;662154;;;;;
603243;662154;;;;;
603249;662159;;;;;
603252;662433;;;;;
610604;681654;;;;;
610608;681654;;;;;
610613;681654;;;;;
610922;681654;;;;;
610927;681654;;;;;
610929;681655;;;;;
610930;681656;;;;;
611911;682913;;;;;
3322937;562746;;;;;
3322312;582048;;;;;
3321660;560232;;;;;
3321665;562212;;;;;
3321658;560232;;;;;
3318142;561497;;;;;
3315909;561317;;;;;
3316863;561860;;;;;
3315899;561348;;;;;
3289656;562412;;;;;
3287747;1931555;;;;;
3289019;1931563;;;;;
3287427;562558;;;;;
612856;683874;;;;;
626294;696091;;;;;
626295;696091;;;;;
626096;696361;;;;;
626097;696361;;;;;
626100;696357;;;;;
626279;696358;;;;;
626282;696360;;;;;
626284;696095;;;;;
626285;696095;;;;;
626286;696094;;;;;
626287;696094;;;;;
626288;696090;;;;;
626289;696090;;;;;
626290;696090;;;;;
626291;696090;;;;;
626292;696091;;;;;
626293;696091;;;;;
643247;713318;;;;;
643248;713318;;;;;
643250;580694;;;;;
643251;580694;;;;;
643252;580694;;;;;
643253;580694;;;;;
643254;580696;;;;;
631401;701512;;;;;
631402;701512;;;;;
631403;701513;;;;;
631404;701513;;;;;
631405;701513;;;;;
631406;701513;;;;;
631411;701516;;;;;
633985;704056;;;;;
633986;704056;;;;;
633990;704062;;;;;
634279;704062;;;;;
629799;700833;;;;;
638135;706948;;;;;
638136;706948;;;;;
638137;706927;;;;;
638143;706928;;;;;
638144;706928;;;;;
638145;706928;;;;;
638146;706928;;;;;
638147;706929;;;;;
638148;706929;;;;;
638149;706933;;;;;
638150;706933;;;;;
638151;706940;;;;;
630151;701476;;;;;
630152;701476;;;;;
630153;701477;;;;;
630154;701477;;;;;
630155;701478;;;;;
630156;701478;;;;;
630157;701479;;;;;
630158;701479;;;;;
635255;705009;;;;;
635256;705009;;;;;
635261;705014;;;;;
635262;705014;;;;;
635263;705015;;;;;
635264;705015;;;;;
635273;705024;;;;;
635274;705024;;;;;
635587;705343;;;;;
635588;705343;;;;;
635589;705342;;;;;
635590;705342;;;;;
635879;705335;;;;;
635880;705335;;;;;
644215;580696;;;;;
631399;701512;;;;;
631400;701512;;;;;
637479;706931;;;;;
637480;706931;;;;;
637481;706931;;;;;
637482;706931;;;;;
3217348;586501;;;;;
931254;914918;;;;;
931559;914919;;;;;
931566;606138;;;;;
931567;606138;;;;;
931568;606140;;;;;
931569;606140;;;;;
931571;546057;;;;;
932519;915553;;;;;
932522;915555;;;;;
932523;915555;;;;;
932524;915555;;;;;
932525;915555;;;;;
932530;915557;;;;;
932531;915557;;;;;
932532;915557;;;;;
932533;915557;;;;;
932534;915558;;;;;
932839;915558;;;;;
932840;915558;;;;;
932841;915558;;;;;
932842;915559;;;;;
933159;564097;;;;;
933160;564097;;;;;
933161;564097;;;;;
933162;564097;;;;;
933163;564099;;;;;
933164;564099;;;;;
933165;564099;;;;;
933166;564099;;;;;
934807;917476;;;;;
934812;563907;;;;;
934813;563907;;;;;
934814;563907;;;;;
934815;563907;;;;;
934816;564048;;;;;
934817;587198;;;;;
934818;587198;;;;;
934819;587198;;;;;
934820;917478;;;;;
934821;917478;;;;;
934822;917478;;;;;
935719;917478;;;;;
935722;917479;;;;;
935724;917480;;;;;
935725;917480;;;;;
935726;917480;;;;;
935733;917481;;;;;
935734;917481;;;;;
935735;917481;;;;;
935736;587198;;;;;
935737;587198;;;;;
935738;587198;;;;;
935740;585991;;;;;
935741;917484;;;;;
937003;918755;;;;;
937004;918755;;;;;
937005;918755;;;;;
937006;918755;;;;;
937321;918756;;;;;
937326;918757;;;;;
937327;918757;;;;;
937328;918757;;;;;
937329;918757;;;;;
937655;587356;;;;;
937656;587356;;;;;
937657;587356;;;;;
937658;587356;;;;;
950459;927079;;;;;
950460;927080;;;;;
931239;559456;;;;;
3190467;586884;;;;;
3188866;558748;;;;;
3184389;558737;;;;;
3189178;585691;;;;;
964540;568078;;;;;
964541;567556;;;;;
964542;568077;;;;;
964543;568077;;;;;
964544;567560;;;;;
964545;567560;;;;;
965495;585276;;;;;
962940;602897;;;;;
962941;602897;;;;;
962942;602897;;;;;
962943;602897;;;;;
962944;602898;;;;;
965496;585275;;;;;
965497;568532;;;;;
965498;568532;;;;;
965499;936993;;;;;
965500;584604;;;;;
965501;584604;;;;;
965503;639408;;;;;
965504;639408;;;;;
965505;936995;;;;;
967111;779239;;;;;
967112;779240;;;;;
967113;779241;;;;;
967114;779241;;;;;
967117;938276;;;;;
967118;938275;;;;;
967119;938601;;;;;
962946;602898;;;;;
962947;602898;;;;;
962948;935075;;;;;
962949;935075;;;;;
962950;935075;;;;;
963264;568035;;;;;
963265;568035;;;;;
963266;568035;;;;;
963267;568035;;;;;
963268;568500;;;;;
963269;568500;;;;;
963270;568500;;;;;
963591;568500;;;;;
963593;935078;;;;;
963595;775510;;;;;
964535;936033;;;;;
964536;567454;;;;;
964537;567454;;;;;
964538;567083;;;;;
964539;568078;;;;;
658951;542851;;;;;
658952;542849;;;;;
658953;542849;;;;;
658954;542823;;;;;
656039;607411;;;;;
656041;607410;;;;;
656042;607410;;;;;
653799;724232;;;;;
653800;724232;;;;;
653801;724232;;;;;
653806;724237;;;;;
653808;724242;;;;;
658280;728674;;;;;
658281;728675;;;;;
658282;605809;;;;;
658283;605809;;;;;
658284;605812;;;;;
658285;605813;;;;;
658286;605813;;;;;
658287;605814;;;;;
658288;605814;;;;;
658955;542823;;;;;
659879;639405;;;;;
659880;639405;;;;;
659881;639406;;;;;
659882;639407;;;;;
659883;706936;;;;;
659886;607723;;;;;
659887;607723;;;;;
659888;607722;;;;;
659889;607721;;;;;
659890;607724;;;;;
659891;607724;;;;;
658289;585165;;;;;
658290;586961;;;;;
658291;586961;;;;;
658292;542850;;;;;
658293;542850;;;;;
658294;542851;;;;;
663093;549309;;;;;
663094;552904;;;;;
663399;552904;;;;;
663719;590415;;;;;
663720;590415;;;;;
663721;590416;;;;;
663722;590416;;;;;
663723;568976;;;;;
663724;568976;;;;;
663725;579847;;;;;
663726;579847;;;;;
654827;569641;;;;;
654828;569641;;;;;
654829;585274;;;;;
654830;585274;;;;;
654831;585305;;;;;
654832;585305;;;;;
1788554;1428526;;;;;
1788555;1428527;;;;;
1788556;1428528;;;;;
9480376;8344699;;;;;
9178304;8343737;;;;;
9178305;8343735;;;;;
9178306;8343734;;;;;
693804;754915;;;;;
693805;754914;;;;;
693806;754914;;;;;
693807;754914;;;;;
693808;754914;;;;;
694119;754919;;;;;
694120;754918;;;;;
694121;754917;;;;;
694122;755591;;;;;
694130;582898;;;;;
694131;582898;;;;;
694461;755876;;;;;
694462;755884;;;;;
694775;756193;;;;;
693799;754913;;;;;
693800;754916;;;;;
693801;754915;;;;;
693802;754915;;;;;
693803;754915;;;;;
708551;769650;;;;;
708552;769651;;;;;
706290;767716;;;;;
713983;775512;;;;;
713984;775512;;;;;
713985;775512;;;;;
713986;775512;;;;;
713987;775513;;;;;
713988;775513;;;;;
713989;775513;;;;;
713990;775513;;;;;
706919;768033;;;;;
706920;768034;;;;;
706921;768034;;;;;
706922;768034;;;;;
706923;768034;;;;;
719447;778290;;;;;
719448;778289;;;;;
719449;778291;;;;;
705959;767073;;;;;
705961;767075;;;;;
706279;767713;;;;;
706280;767713;;;;;
706281;767713;;;;;
706282;767713;;;;;
706286;767717;;;;;
706287;767717;;;;;
706289;767716;;;;;
723559;779235;;;;;
723560;779235;;;;;
723561;779233;;;;;
723562;779233;;;;;
723563;778304;;;;;
723564;779234;;;;;
723565;779234;;;;;
723566;778303;;;;;
728368;785317;;;;;
728369;785317;;;;;
728370;602902;;;;;
728679;785633;;;;;
728680;785634;;;;;
728360;785315;;;;;
728361;785316;;;;;
728362;785314;;;;;
728363;785314;;;;;
728365;602900;;;;;
728366;785318;;;;;
751722;801968;;;;;
751723;802283;;;;;
751724;802282;;;;;
751725;802302;;;;;
751726;802301;;;;;
751727;802305;;;;;
3217340;586502;;;;;
752679;802299;;;;;
752680;802300;;;;;
752681;802303;;;;;
752682;802303;;;;;
752683;639418;;;;;
752684;639413;;;;;
752685;639411;;;;;
752686;639411;;;;;
752687;639412;;;;;
752688;639412;;;;;
752689;639410;;;;;
752690;639410;;;;;
752691;639409;;;;;
752692;639409;;;;;
752693;802292;;;;;
763886;810281;;;;;
763887;810281;;;;;
765480;810278;;;;;
765481;810278;;;;;
765482;810280;;;;;
765479;810279;;;;;
763879;810273;;;;;
763880;810273;;;;;
763881;810276;;;;;
763882;810276;;;;;
763883;810275;;;;;
763884;810275;;;;;
763885;810274;;;;;
786289;828195;;;;;
786290;828195;;;;;
786291;828194;;;;;
786286;828196;;;;;
786287;828196;;;;;
791735;607106;;;;;
791736;607105;;;;;
791737;830433;;;;;
791738;830434;;;;;
791739;830434;;;;;
791740;830435;;;;;
791741;830436;;;;;
791742;830436;;;;;
3217347;586419;;;;;
9379584;8697023;;;;;
9379586;8697025;;;;;
9379590;8697029;;;;;
9379585;8697024;;;;;
9379583;8697022;;;;;
9379581;8697020;;;;;
3225339;563648;;;;;
3193660;586030;;;;;
3202616;556286;;;;;
9379588;8697027;;;;;
9379576;8697015;;;;;
9379587;8697026;;;;;
9379582;8697021;;;;;
9379579;8697018;;;;;
9090948;8285498;;;;;
9090947;8285494;;;;;
969687;755590;;;;;
969688;755594;;;;;
969689;755594;;;;;
969690;938598;;;;;
969691;938599;;;;;
969692;938280;;;;;
969693;775514;;;;;
969694;775514;;;;;
969695;938915;;;;;
969696;938915;;;;;
969697;938915;;;;;
969698;938915;;;;;
971255;775409;;;;;
971256;775409;;;;;
971259;940209;;;;;
971260;551637;;;;;
971261;637797;;;;;
971262;637796;;;;;
971263;637796;;;;;
971264;546606;;;;;
971266;545907;;;;;
971267;545907;;;;;
971268;546745;;;;;
970327;638120;;;;;
970328;638120;;;;;
970329;638119;;;;;
970330;638117;;;;;
970331;638117;;;;;
973177;720376;;;;;
973178;720376;;;;;
973179;720379;;;;;
973180;720377;;;;;
973181;940513;;;;;
973182;940514;;;;;
973183;555877;;;;;
973184;555877;;;;;
973185;590317;;;;;
973186;590316;;;;;
973187;555876;;;;;
973188;587864;;;;;
973189;587864;;;;;
975447;605824;;;;;
975448;605824;;;;;
975449;606131;;;;;
975450;606130;;;;;
975451;605822;;;;;
975452;605822;;;;;
975453;606129;;;;;
975454;606129;;;;;
975456;775509;;;;;
975457;775475;;;;;
977335;637805;;;;;
977336;637804;;;;;
977337;637801;;;;;
977338;637801;;;;;
977339;637802;;;;;
977340;637802;;;;;
977341;637799;;;;;
977342;637799;;;;;
977343;637798;;;;;
974775;775520;;;;;
974776;775520;;;;;
974777;775520;;;;;
974778;775520;;;;;
974779;606132;;;;;
974780;606139;;;;;
974781;606139;;;;;
974782;606141;;;;;
974783;606141;;;;;
974784;941473;;;;;
974787;605823;;;;;
974788;605823;;;;;
974789;605823;;;;;
974790;605823;;;;;
979640;775524;;;;;
979641;775521;;;;;
977344;637798;;;;;
977345;637800;;;;;
977346;637800;;;;;
977347;638116;;;;;
977348;638115;;;;;
977349;638115;;;;;
977350;568964;;;;;
977975;568964;;;;;
977976;568516;;;;;
977981;568967;;;;;
977982;568967;;;;;
977983;568968;;;;;
977984;568968;;;;;
977985;568965;;;;;
977986;568965;;;;;
977987;775470;;;;;
977988;919076;;;;;
977989;775469;;;;;
977990;641960;;;;;
978615;641961;;;;;
978935;600042;;;;;
978936;600043;;;;;
978937;600040;;;;;
978938;600044;;;;;
978939;600045;;;;;
978940;600039;;;;;
978941;600041;;;;;
978942;600047;;;;;
978943;600047;;;;;
978944;600046;;;;;
978945;600046;;;;;
978946;601297;;;;;
978947;601297;;;;;
978948;638123;;;;;
978949;638122;;;;;
978950;638122;;;;;
979255;775506;;;;;
979256;775506;;;;;
979257;775507;;;;;
979258;775507;;;;;
979259;775473;;;;;
979260;775474;;;;;
982455;602899;;;;;
982456;602899;;;;;
982457;602899;;;;;
982458;602899;;;;;
982459;720385;;;;;
982460;720385;;;;;
982461;720385;;;;;
982462;720385;;;;;
979642;775521;;;;;
979643;775522;;;;;
979644;775522;;;;;
979645;775523;;;;;
979646;775523;;;;;
982463;720386;;;;;
982464;720386;;;;;
982465;720386;;;;;
982466;720386;;;;;
982467;720384;;;;;
982468;608673;;;;;
982469;608673;;;;;
982470;605820;;;;;
983415;605820;;;;;
984055;775471;;;;;
984056;775472;;;;;
984057;775503;;;;;
984058;775503;;;;;
984059;775504;;;;;
984060;775504;;;;;
984062;775505;;;;;
984068;775478;;;;;
984069;946002;;;;;
984070;946001;;;;;
984375;775483;;;;;
984376;775517;;;;;
984377;775517;;;;;
984378;775519;;;;;
984379;775482;;;;;
984381;609634;;;;;
984382;609635;;;;;
984383;609635;;;;;
984384;609637;;;;;
984385;609637;;;;;
984386;609638;;;;;
984387;609638;;;;;
984388;609639;;;;;
984389;609633;;;;;
984390;609633;;;;;
985033;946003;;;;;
985034;946003;;;;;
989178;586388;;;;;
989179;586388;;;;;
989180;586388;;;;;
989181;586388;;;;;
989182;586388;;;;;
989831;563395;;;;;
992059;952369;;;;;
992060;952369;;;;;
992061;952369;;;;;
992062;952369;;;;;
992063;564152;;;;;
992065;564152;;;;;
3507899;2067587;;;;;
3507900;2067587;;;;;
3507901;2067586;;;;;
3507902;2067586;;;;;
2142143;1554963;;;;;
8294463;1984039;;;;;
8294464;1984039;;;;;
8294465;1984039;;;;;
9116549;8305679;;;;;
9113026;8305675;;;;;
9116535;8305676;;;;;
9116537;8305678;;;;;
9128699;8313338;;;;;
9128701;8313339;;;;;
9128708;8314930;;;;;
1064713;998770;;;;;
1064719;998772;;;;;
1064720;998772;;;;;
1064721;998772;;;;;
1064722;998772;;;;;
3507907;2067585;;;;;
3507908;2067585;;;;;
1068542;1001635;;;;;
1087107;1010299;;;;;
1087108;1010299;;;;;
1087109;1010299;;;;;
1087110;1010299;;;;;
1088375;1010300;;;;;
1068548;1001637;;;;;
1088376;1010300;;;;;
1088377;1010300;;;;;
1088378;1010300;;;;;
1088379;1010300;;;;;
1088381;1010298;;;;;
3507905;2067585;;;;;
3507906;2067585;;;;;
3551746;2079455;;;;;
9116866;8305720;;;;;
9116867;8305714;;;;;
9116868;8305723;;;;;
9128696;8313336;;;;;
9502788;8543089;;;;;
3640708;2081662;;;;;
7865016;6815144;;;;;
7883575;6880689;;;;;
7883577;6881009;;;;;
1064385;998769;;;;;
1064386;998769;;;;;
1064388;998769;;;;;
8292537;7121330;;;;;
8292538;7121330;;;;;
8292539;7121329;;;;;
8292536;6947892;;;;;
1068549;1001637;;;;;
1068550;1001638;;;;;
1068551;1001638;;;;;
1068552;1001638;;;;;
1068553;1001639;;;;;
1068554;1001639;;;;;
7883576;6880689;;;;;
1068555;1001639;;;;;
1087105;1010299;;;;;
1087106;1010299;;;;;
1064387;998769;;;;;
9379580;8697019;;;;;
1271747;1125802;;;;;
1528084;1282928;;;;;
1528085;1282928;;;;;
1528086;1282928;;;;;
1068556;1001644;;;;;
1068557;1001644;;;;;
1068558;1001644;;;;;
1068559;1001644;;;;;
1528376;1283233;;;;;
1689658;1360997;;;;;
1689659;1361002;;;;;
1528377;1283233;;;;;
1528382;1283243;;;;;
1528383;1283243;;;;;
2416060;1640034;;;;;
1689660;1361002;;;;;
1689661;1361002;;;;;
2416064;1640035;;;;;
1689664;1361000;;;;;
1689665;1361000;;;;;
8294145;1984043;;;;;
1689666;1361000;;;;;
8294144;1984043;;;;;
8294146;1984043;;;;;
8294147;1984042;;;;;
1689656;1360997;;;;;
1689657;1360997;;;;;
1689667;1361001;;;;;
1689668;1361001;;;;;
1689350;1360998;;;;;
1689670;1361001;;;;;
1711748;1370602;;;;;
1711749;1370602;;;;;
1711750;1370602;;;;;
1712375;1370602;;;;;
1728387;1379238;;;;;
1689662;1361002;;;;;
1689663;1361000;;;;;
1528083;1282928;;;;;
2416061;1640035;;;;;
2416062;1640035;;;;;
2416063;1640035;;;;;
9280060;8549816;;;;;
9280070;8552702;;;;;
9364546;8642621;;;;;
9364548;8642609;;;;;
9364549;8645489;;;;;
1134138;1034949;;;;;
1134139;1034948;;;;;
1134140;1034950;;;;;
1134141;1034951;;;;;
1134142;1034952;;;;;
1134143;1034953;;;;;
1134144;1034955;;;;;
1134145;1034954;;;;;
1134146;1034957;;;;;
1134147;1034956;;;;;
3259256;562501;;;;;
9235577;8484226;;;;;
9235578;8484239;;;;;
9075589;8253822;;;;;
9075590;8255462;;;;;
1177978;1057636;;;;;
1177979;1057637;;;;;
1177980;1057638;;;;;
433101;560663;;;;;
3311423;1943073;;;;;
441124;561056;;;;;
1204231;1077489;;;;;
430627;561134;;;;;
9075895;8276223;;;;;
1203619;570413;;;;;
1203622;570126;;;;;
1203911;570966;;;;;
3299581;568966;;;;;
1235289;1095404;;;;;
1235290;1095405;;;;;
3241664;560489;;;;;
3240709;560489;;;;;
8294466;1984039;;;;;
8294467;1984038;;;;;
8294148;1984042;;;;;
8294468;1984038;;;;;
8294470;1984038;;;;;
8294775;1984037;;;;;
8294776;1984037;;;;;
3581519;2098292;;;;;
8294777;1984037;;;;;
8294778;1984037;;;;;
1064389;998763;;;;;
1064390;998763;;;;;
1289978;637807;;;;;
1289979;637807;;;;;
1289980;637808;;;;;
1289981;1137953;;;;;
1289982;638113;;;;;
1289983;638114;;;;;
1289984;637806;;;;;
1289985;637806;;;;;
3279098;552085;;;;;
1376059;1196846;;;;;
1376060;1196847;;;;;
3285185;561757;;;;;
3257985;558900;;;;;
433100;560663;;;;;
3322326;560263;;;;;
3329022;1946285;;;;;
3328406;1946275;;;;;
1503419;561391;;;;;
1503420;561391;;;;;
1503421;561391;;;;;
1503422;561391;;;;;
1503423;561391;;;;;
1503424;561392;;;;;
1503425;561392;;;;;
1503426;561392;;;;;
1503427;561392;;;;;
1503428;561392;;;;;
1503429;561392;;;;;
1503430;561670;;;;;
1503431;561670;;;;;
1503432;561670;;;;;
1503433;561670;;;;;
1503434;561670;;;;;
1503435;561670;;;;;
1503436;560183;;;;;
1503437;560183;;;;;
1503438;560183;;;;;
1503439;560183;;;;;
1503441;560183;;;;;
1503095;566657;;;;;
1503096;566657;;;;;
1503097;567531;;;;;
1503099;561819;;;;;
1503100;561819;;;;;
1503101;562016;;;;;
1503102;562016;;;;;
1503103;562016;;;;;
1503104;562016;;;;;
1503105;562315;;;;;
1503106;562315;;;;;
1503107;562377;;;;;
1503108;562377;;;;;
1503110;1268514;;;;;
1503415;1268514;;;;;
1503417;1268514;;;;;
1503418;561391;;;;;
1689655;1360997;;;;;
1728391;1379238;;;;;
1689669;1361001;;;;;
1728394;1379236;;;;;
1728395;1379236;;;;;
1531255;1285489;;;;;
1531256;1285491;;;;;
1531257;1285491;;;;;
1531258;1285491;;;;;
1531259;1285491;;;;;
1528375;1283234;;;;;
1728396;1379237;;;;;
1728399;1379238;;;;;
1765497;1414442;;;;;
1765498;1414442;;;;;
1765499;1416370;;;;;
1765501;1414441;;;;;
8293175;6312371;;;;;
1765502;1414441;;;;;
8293176;6312371;;;;;
8293179;6312372;;;;;
1765503;1416369;;;;;
1765504;1416369;;;;;
1788558;1428838;;;;;
2141540;1554286;;;;;
2141541;1554286;;;;;
1531904;1285795;;;;;
1531905;1285795;;;;;
1531906;1285795;;;;;
1529015;1283555;;;;;
1531907;1285796;;;;;
2141815;1554284;;;;;
8292546;7283251;;;;;
8293180;6312372;;;;;
8293181;6312370;;;;;
2141816;1554284;;;;;
8292541;7119089;;;;;
8292542;7119089;;;;;
1765500;1416370;;;;;
8292543;7283252;;;;;
8292544;7283252;;;;;
8292545;7283251;;;;;
8293182;6312370;;;;;
8293183;3401969;;;;;
1534460;639464;;;;;
1534461;639464;;;;;
3255097;563190;;;;;
1557816;706942;;;;;
9415103;8594659;;;;;
9413177;8594672;;;;;
3213177;558733;;;;;
1577019;567973;;;;;
1577020;567973;;;;;
1577021;567999;;;;;
1577022;568002;;;;;
1577335;696096;;;;;
1577336;696353;;;;;
1577337;1314594;;;;;
1577338;1314594;;;;;
1577339;1314595;;;;;
1577340;1314595;;;;;
1577341;1314596;;;;;
1577342;1314596;;;;;
1577343;572230;;;;;
1577344;572230;;;;;
1577345;572239;;;;;
1577346;572663;;;;;
1577348;572493;;;;;
1577655;704061;;;;;
1577656;704060;;;;;
1577657;704060;;;;;
1577658;637793;;;;;
1577659;637793;;;;;
1578936;638124;;;;;
1578937;638124;;;;;
1578938;638126;;;;;
1578939;638126;;;;;
1578940;1315556;;;;;
1578941;1315556;;;;;
1578942;1315555;;;;;
1578943;1315555;;;;;
1578944;1315553;;;;;
1578945;1315554;;;;;
1578946;653435;;;;;
1577660;637794;;;;;
1577661;637794;;;;;
1577662;662160;;;;;
1577975;639450;;;;;
1577976;639445;;;;;
1577977;639445;;;;;
1577978;639449;;;;;
1577979;639446;;;;;
1577980;639446;;;;;
1577981;662140;;;;;
1577982;556550;;;;;
1577983;662139;;;;;
1577984;662138;;;;;
1577987;653439;;;;;
1577988;653422;;;;;
1577989;653421;;;;;
1577990;653421;;;;;
1578295;653419;;;;;
1578296;653419;;;;;
1578935;638125;;;;;
1580865;639455;;;;;
1580866;639455;;;;;
1580867;639456;;;;;
1580868;639458;;;;;
1580870;639453;;;;;
1581175;639453;;;;;
1581176;639454;;;;;
1581177;639454;;;;;
1581178;720380;;;;;
1581179;720381;;;;;
1581180;705022;;;;;
1581181;705023;;;;;
1581495;704064;;;;;
1581815;706947;;;;;
1582135;588085;;;;;
1582136;588085;;;;;
1582137;568145;;;;;
1582138;568145;;;;;
1582139;639073;;;;;
1582140;554844;;;;;
1582141;554844;;;;;
1582142;554843;;;;;
1582143;554744;;;;;
1582455;714275;;;;;
1582456;713320;;;;;
1582457;580695;;;;;
1582458;1317154;;;;;
1582459;714274;;;;;
1582461;1317474;;;;;
1582462;1317474;;;;;
1582463;1317474;;;;;
1582464;1317474;;;;;
1583416;639083;;;;;
1583417;639083;;;;;
1583418;639084;;;;;
1583419;639084;;;;;
1583420;639085;;;;;
1580855;638127;;;;;
1580856;638127;;;;;
1580857;638128;;;;;
1580858;638128;;;;;
1580859;706926;;;;;
1580860;639457;;;;;
1580861;639451;;;;;
1580862;639451;;;;;
1580863;639452;;;;;
1580864;639452;;;;;
1583166;545488;;;;;
1583167;713319;;;;;
1583168;545490;;;;;
1583169;713317;;;;;
1583170;567719;;;;;
1583171;567720;;;;;
1583174;588086;;;;;
1583415;588086;;;;;
430626;561134;;;;;
1594627;584067;;;;;
1594628;584067;;;;;
1594629;584067;;;;;
1594630;584067;;;;;
1595255;607418;;;;;
1595256;607418;;;;;
1595257;607418;;;;;
1595258;607418;;;;;
1595259;607417;;;;;
1595260;607417;;;;;
1595261;607417;;;;;
1595262;607417;;;;;
1595263;607416;;;;;
1595264;607416;;;;;
1595265;607416;;;;;
1595266;607416;;;;;
1595267;607415;;;;;
1595268;607415;;;;;
1595269;607415;;;;;
1595270;607415;;;;;
1595271;607414;;;;;
1595272;607414;;;;;
1595273;607414;;;;;
1595274;607414;;;;;
1596535;640704;;;;;
1596536;640696;;;;;
1596537;640694;;;;;
1596538;640693;;;;;
1596539;640697;;;;;
1596540;640692;;;;;
1596545;634259;;;;;
1596546;634259;;;;;
1596547;634260;;;;;
1596548;634260;;;;;
1596549;607107;;;;;
1596550;1324836;;;;;
1598775;1325175;;;;;
1598776;1325175;;;;;
1597495;578096;;;;;
1597496;578848;;;;;
1597497;588802;;;;;
1597498;1324838;;;;;
1598136;1325174;;;;;
1598137;1325174;;;;;
1605175;705332;;;;;
1605176;705333;;;;;
1605177;1332193;;;;;
1605178;1332193;;;;;
1605815;1332194;;;;;
1605816;1332513;;;;;
1611900;585864;;;;;
1611901;585864;;;;;
1611902;585865;;;;;
1611903;585866;;;;;
1611904;585866;;;;;
1611905;585867;;;;;
1611906;585867;;;;;
1611908;639393;;;;;
1611909;639394;;;;;
1611910;639394;;;;;
1612221;706932;;;;;
1613495;549123;;;;;
1613496;549123;;;;;
1613497;729313;;;;;
1613498;1336033;;;;;
1613499;729314;;;;;
1613817;726755;;;;;
1613818;726754;;;;;
1614461;548765;;;;;
1614462;548765;;;;;
1614463;548881;;;;;
1614464;548979;;;;;
1614465;549561;;;;;
1614466;549561;;;;;
1612222;706939;;;;;
1612536;639395;;;;;
1612537;639396;;;;;
1612855;726756;;;;;
1625017;551572;;;;;
1625018;551572;;;;;
1625019;551573;;;;;
1625020;551573;;;;;
1625021;551574;;;;;
1625022;551574;;;;;
1625023;562808;;;;;
1625024;562808;;;;;
1625025;1340514;;;;;
1625026;569155;;;;;
1625027;569155;;;;;
1625028;576997;;;;;
1625029;586753;;;;;
1625030;586753;;;;;
1625335;577536;;;;;
1625336;569646;;;;;
1625337;569646;;;;;
1625655;704049;;;;;
1625656;704050;;;;;
9249025;8504695;;;;;
9249026;8504698;;;;;
9129991;8334772;;;;;
9129995;8335092;;;;;
9129996;8335098;;;;;
1661182;1351402;;;;;
1661183;1351403;;;;;
1661184;1351404;;;;;
1661185;1351405;;;;;
3552061;2079450;;;;;
1088380;1010300;;;;;
3507904;2067586;;;;;
3552062;2079450;;;;;
3552063;2079454;;;;;
3552064;2079454;;;;;
3552065;2079456;;;;;
3551745;2079455;;;;;
3552066;2079456;;;;;
3552068;2079456;;;;;
3552069;2079455;;;;;
3552070;2079455;;;;;
3581514;2098291;;;;;
1088383;1010298;;;;;
1088384;1010298;;;;;
1088385;1010298;;;;;
1088386;1010298;;;;;
2416066;1638763;;;;;
2416067;1638763;;;;;
2416068;1638763;;;;;
2416069;1640033;;;;;
2416070;1640033;;;;;
2416375;1640033;;;;;
2416376;1640033;;;;;
3552067;2079456;;;;;
2416377;1638762;;;;;
2416378;1638762;;;;;
501323;561056;;;;;
3408379;560823;;;;;
3410308;1985459;;;;;
3410304;1985458;;;;;
2416059;1640034;;;;;
3581513;2098291;;;;;
2416379;1638762;;;;;
2416380;1638762;;;;;
3507895;2067588;;;;;
3507896;2067588;;;;;
3507897;2067587;;;;;
2416065;1638763;;;;;
3507898;2067587;;;;;
1712385;1371249;;;;;
1712386;1371251;;;;;
3551747;2082289;;;;;
3551748;2082289;;;;;
3552055;2079448;;;;;
3552056;2079448;;;;;
3552057;2079449;;;;;
3552058;2079449;;;;;
3552059;2079449;;;;;
3552060;2079449;;;;;
7839418;6793011;;;;;
7849985;6801337;;;;;
7849986;6801337;;;;;
7849987;6801336;;;;;
7849988;6801336;;;;;
1271741;1125800;;;;;
3640702;2081657;;;;;
7863095;6813809;;;;;
7863096;6813809;;;;;
7865015;6815144;;;;;
1728400;1379240;;;;;
2142144;1554963;;;;;
2416055;1638761;;;;;
2416056;1638761;;;;;
2416057;1640034;;;;;
2416058;1640034;;;;;
8294149;1984042;;;;;
8294150;1984042;;;;;
8294455;1984041;;;;;
8294456;1984041;;;;;
8294457;1984041;;;;;
8294458;1984041;;;;;
1271742;1125800;;;;;
3640703;2081657;;;;;
3640704;2081664;;;;;
3205833;563615;;;;;
8162948;756514;;;;;
8162942;603237;;;;;
8171577;604824;;;;;
8171578;604825;;;;;
1765505;1416372;;;;;
3640705;2081664;;;;;
3640706;2081663;;;;;
3640707;2081663;;;;;
3640709;2081662;;;;;
7839415;6793010;;;;;
7839416;6793010;;;;;
7839417;6793011;;;;;
1764221;1414438;;;;;
1764222;1414440;;;;;
1764223;1414446;;;;;
3256065;561601;;;;;
3255101;563181;;;;;
3250295;558744;;;;;
9146300;8303102;;;;;
9146302;8358769;;;;;
9146307;8303096;;;;;
9146310;8302779;;;;;
9183096;8390467;;;;;
9183100;8390466;;;;;
9227920;8467903;;;;;
9227919;8467904;;;;;
9398145;8753338;;;;;
9149505;8354317;;;;;
9149506;8354318;;;;;
9073341;8273663;;;;;
9152695;8354325;;;;;
9152696;8354326;;;;;
9398150;8753657;;;;;
9142143;8351740;;;;;
9142147;8351744;;;;;
9142148;8353330;;;;;
1531909;1285796;;;;;
1531910;1285796;;;;;
1534462;1287713;;;;;
1534463;1287714;;;;;
1534464;1287715;;;;;
1689335;1360994;;;;;
1689336;1360994;;;;;
1689337;1360994;;;;;
1689338;1360994;;;;;
3273683;564026;;;;;
3477509;2028529;;;;;
3477495;560537;;;;;
3213183;559630;;;;;
3335746;563882;;;;;
3335423;1950755;;;;;
3213175;558733;;;;;
9183101;8390465;;;;;
9183103;8390460;;;;;
9183104;8390458;;;;;
9052244;8247441;;;;;
9063101;8264375;;;;;
9159736;8332534;;;;;
9063095;8264080;;;;;
9063096;8264370;;;;;
9063103;8264377;;;;;
9063100;8264374;;;;;
9387255;8712054;;;;;
9387256;8712382;;;;;
9387257;8712053;;;;;
9337342;8651254;;;;;
9337343;8651946;;;;;
3310469;587863;;;;;
3308244;1940519;;;;;
3308239;563706;;;;;
3309181;562577;;;;;
9063098;8264372;;;;;
9063099;8264373;;;;;
9063102;8264376;;;;;
9081018;8283290;;;;;
489536;561134;;;;;
3259261;561218;;;;;
9081029;8283281;;;;;
9130615;8314937;;;;;
9123903;8319433;;;;;
3259258;561218;;;;;
3257987;558900;;;;;
431552;563068;;;;;
3249336;587436;;;;;
653802;724233;;;;;
653803;724233;;;;;
491499;563068;;;;;
431551;563068;;;;;
507899;586503;;;;;
653809;724244;;;;;
438290;559407;;;;;
497987;559408;;;;;
3219582;559578;;;;;
3217663;558772;;;;;
3222141;560260;;;;;
3220220;563657;;;;;
9081021;8282297;;;;;
9081022;8282291;;;;;
9081027;8283286;;;;;
9081341;8282299;;;;;
3228538;558958;;;;;
3259260;561218;;;;;
9159739;8332548;;;;;
9144383;8302463;;;;;
9144384;8303092;;;;;
9144386;8303729;;;;;
9144390;8302459;;;;;
3182463;559244;;;;;
3182465;564303;;;;;
9118468;8315580;;;;;
9118470;8316209;;;;;
9118775;8316210;;;;;
3259259;561218;;;;;
3184378;587537;;;;;
3184379;559005;;;;;
3184377;587537;;;;;
3182467;564302;;;;;
3182456;564307;;;;;
3182466;564303;;;;;
501322;561056;;;;;
3184380;559005;;;;;
3182459;559080;;;;;
3184382;586881;;;;;
3182457;564307;;;;;
3182460;559080;;;;;
3184375;559243;;;;;
3191102;564208;;;;;
3188870;558853;;;;;
3191098;564207;;;;;
3191104;564208;;;;;
3188869;558853;;;;;
3188861;558856;;;;;
3189181;562644;;;;;
3190465;586884;;;;;
3184386;559154;;;;;
3182455;564307;;;;;
3182468;564302;;;;;
3195577;562986;;;;;
3193668;563356;;;;;
3195578;562986;;;;;
3188865;558748;;;;;
3188863;558856;;;;;
3192057;563587;;;;;
3191096;585660;;;;;
3188862;558856;;;;;
3189183;563040;;;;;
3189185;563040;;;;;
3192056;563587;;;;;
3184384;559154;;;;;
3191099;564207;;;;;
3189175;558853;;;;;
3191095;585660;;;;;
3192055;563587;;;;;
3184390;558856;;;;;
3189179;585691;;;;;
3193659;586030;;;;;
3193658;586011;;;;;
3195580;562986;;;;;
3193666;563356;;;;;
3193344;586110;;;;;
3193340;586310;;;;;
3193657;586011;;;;;
3193336;586289;;;;;
3202617;556286;;;;;
3193335;586289;;;;;
3193349;586109;;;;;
3193663;563355;;;;;
3193338;586289;;;;;
3195579;562986;;;;;
3193665;563356;;;;;
3193341;586310;;;;;
3193667;563356;;;;;
3193339;586310;;;;;
3193350;586109;;;;;
3193337;586289;;;;;
3202615;556286;;;;;
3193347;586109;;;;;
3193342;586310;;;;;
3205844;563614;;;;;
3206455;563613;;;;;
436913;590379;;;;;
3205843;563614;;;;;
3206462;564086;;;;;
3204547;563295;;;;;
3206461;564086;;;;;
3206456;563613;;;;;
8172223;598436;;;;;
8172543;598439;;;;;
8172228;598421;;;;;
8172224;598417;;;;;
8172225;598417;;;;;
8172227;598418;;;;;
8172539;598437;;;;;
8172537;598445;;;;;
8172538;598446;;;;;
8172541;598438;;;;;
3206458;564086;;;;;
3205842;563614;;;;;
3205837;562569;;;;;
3204542;562568;;;;;
3204543;562568;;;;;
3206457;563613;;;;;
485969;590378;;;;;
8172536;598423;;;;;
8172542;598438;;;;;
8172544;598439;;;;;
3205831;563615;;;;;
3205846;563613;;;;;
3204545;563295;;;;;
3213181;559630;;;;;
3214145;605137;;;;;
3213176;558733;;;;;
3216056;597460;;;;;
3214150;597459;;;;;
3214149;597459;;;;;
3214139;566081;;;;;
3213186;566132;;;;;
3214135;566133;;;;;
3213182;559630;;;;;
3213190;566133;;;;;
3213189;566133;;;;;
3214138;566081;;;;;
3214136;566133;;;;;
3214144;558811;;;;;
3214140;566081;;;;;
3214137;566081;;;;;
3213188;566132;;;;;
3213185;566132;;;;;
3213184;559630;;;;;
3213187;566132;;;;;
3214146;605137;;;;;
3222143;560260;;;;;
3217346;586419;;;;;
3192697;563929;;;;;
3217341;586502;;;;;
3217344;586419;;;;;
3217349;586501;;;;;
3217342;586502;;;;;
3217345;586419;;;;;
437012;559578;;;;;
3217662;558772;;;;;
3217336;587483;;;;;
3217660;558772;;;;;
3217350;586501;;;;;
3217337;587483;;;;;
3220217;558911;;;;;
3222142;560260;;;;;
3222145;562380;;;;;
3222147;562380;;;;;
3220218;558911;;;;;
3220216;558911;;;;;
3223444;561855;;;;;
3223442;561839;;;;;
3228537;558958;;;;;
3222144;562380;;;;;
3220219;563657;;;;;
3222140;560260;;;;;
3220215;558911;;;;;
3222146;562380;;;;;
3223443;561839;;;;;
3223445;561855;;;;;
3242950;562677;;;;;
3242944;561806;;;;;
3231745;556266;;;;;
3225335;563648;;;;;
3231744;556266;;;;;
3231748;559066;;;;;
3228540;558958;;;;;
3225336;563648;;;;;
3225338;563648;;;;;
3234304;559066;;;;;
3231750;559066;;;;;
3231742;556266;;;;;
3238785;558796;;;;;
3241656;559922;;;;;
3238783;558796;;;;;
3241657;559922;;;;;
3241659;559922;;;;;
3242303;586017;;;;;
3241665;560489;;;;;
3242307;586018;;;;;
3242304;586017;;;;;
3238786;558796;;;;;
3238784;558796;;;;;
3238782;558796;;;;;
3241658;559922;;;;;
3241661;559923;;;;;
3241662;559923;;;;;
3242306;586018;;;;;
3242302;586017;;;;;
3242308;586018;;;;;
3240710;560489;;;;;
3242309;586018;;;;;
3243259;561850;;;;;
3243261;561850;;;;;
3244537;559248;;;;;
3243262;561850;;;;;
3242310;561806;;;;;
3242946;561806;;;;;
3242948;562677;;;;;
3242945;561806;;;;;
3242947;562677;;;;;
3242305;586017;;;;;
3244536;559248;;;;;
3249335;587436;;;;;
3250297;558744;;;;;
3249338;587436;;;;;
3250296;558744;;;;;
3249339;587436;;;;;
3244535;559248;;;;;
3244538;559248;;;;;
3248375;1317153;;;;;
3256063;561601;;;;;
3255107;563183;;;;;
3255747;561599;;;;;
3255104;563181;;;;;
3256066;561601;;;;;
3254781;585621;;;;;
3254777;585593;;;;;
3254775;585593;;;;;
3254779;585621;;;;;
3250298;558744;;;;;
3254782;585621;;;;;
3254778;585593;;;;;
3254780;585621;;;;;
3254776;585593;;;;;
3255748;561599;;;;;
3255106;563183;;;;;
3256377;561377;;;;;
3255109;563183;;;;;
3255102;563181;;;;;
3255108;563183;;;;;
3255750;561599;;;;;
3256379;561377;;;;;
3255749;561599;;;;;
3256378;561377;;;;;
3256375;561599;;;;;
3273673;564214;;;;;
3272377;564543;;;;;
3273671;564214;;;;;
3273674;564214;;;;;
3272378;564543;;;;;
3273678;1298916;;;;;
3272379;564543;;;;;
3273676;1298916;;;;;
3273672;564214;;;;;
3272376;564543;;;;;
3272390;564214;;;;;
3273675;1298916;;;;;
3477188;2028218;;;;;
3477523;2028529;;;;;
3477822;559545;;;;;
3279099;552085;;;;;
3275907;603241;;;;;
3275908;603241;;;;;
3279100;552085;;;;;
3283897;546675;;;;;
3285190;561041;;;;;
3283900;561041;;;;;
3285188;561164;;;;;
3279109;585889;;;;;
3279108;585889;;;;;
3283901;561041;;;;;
3285187;561164;;;;;
3283898;561067;;;;;
3285186;561757;;;;;
3283896;546675;;;;;
3289663;562412;;;;;
3287105;1931556;;;;;
3288387;1931562;;;;;
3288385;1931559;;;;;
3289661;562412;;;;;
3288383;1931559;;;;;
3287745;1931555;;;;;
3288384;1931559;;;;;
3288388;1931562;;;;;
3291258;563323;;;;;
3295738;582420;;;;;
3289658;562412;;;;;
3290628;562810;;;;;
3287428;562558;;;;;
3287106;1931556;;;;;
3287740;1931554;;;;;
3287421;570665;;;;;
3289657;562412;;;;;
3288377;1931557;;;;;
3287422;570665;;;;;
3287417;562726;;;;;
3290935;562791;;;;;
3289017;1931563;;;;;
3290619;560678;;;;;
3290618;560678;;;;;
3289018;1931563;;;;;
3290623;562493;;;;;
3287424;570665;;;;;
3290627;562810;;;;;
3290620;560678;;;;;
3290615;562790;;;;;
3290630;562810;;;;;
3287416;562726;;;;;
3287743;1931554;;;;;
3287423;570665;;;;;
3290626;562493;;;;;
3287419;562726;;;;;
3288379;1931557;;;;;
3290617;560678;;;;;
3289670;562790;;;;;
3287426;562558;;;;;
3290622;562789;;;;;
3288389;1931562;;;;;
3290629;562810;;;;;
3287429;562558;;;;;
3290624;562493;;;;;
3289669;562790;;;;;
3287742;1931554;;;;;
3287741;1931554;;;;;
3287746;1931555;;;;;
3287107;1931556;;;;;
3290621;562789;;;;;
3289662;562412;;;;;
3287748;1931555;;;;;
3290616;562790;;;;;
3287750;1931556;;;;;
3290936;562791;;;;;
3290625;562493;;;;;
3288390;1931562;;;;;
3288380;1931557;;;;;
3289016;1931563;;;;;
3291255;563221;;;;;
3291259;563323;;;;;
3291256;563221;;;;;
3291583;585543;;;;;
3291582;585543;;;;;
3291581;585543;;;;;
3295747;582420;;;;;
3291257;563323;;;;;
3291284;1932526;;;;;
3291285;1932526;;;;;
3291270;1932526;;;;;
3291260;563323;;;;;
3295736;582420;;;;;
3299580;568966;;;;;
3299582;1934114;;;;;
3299583;1934114;;;;;
3301183;587258;;;;;
3301499;1940514;;;;;
3301503;563070;;;;;
3301827;1940515;;;;;
3300226;560527;;;;;
3301182;587258;;;;;
3303415;563819;;;;;
3301817;1940516;;;;;
3301818;1940516;;;;;
3301187;563821;;;;;
3301819;1940516;;;;;
3300548;563822;;;;;
3301175;563574;;;;;
3300545;563822;;;;;
3301504;563070;;;;;
3301177;563574;;;;;
3306947;563204;;;;;
3300218;560527;;;;;
3301501;563070;;;;;
3301495;563365;;;;;
3300227;560527;;;;;
3301826;1940515;;;;;
3301816;1940516;;;;;
3303416;563819;;;;;
3300225;560527;;;;;
3300856;560523;;;;;
3301830;563819;;;;;
3301502;563070;;;;;
3301185;563821;;;;;
3301828;1940515;;;;;
3300228;560527;;;;;
3301497;1940513;;;;;
3301176;563574;;;;;
3301186;563821;;;;;
3300550;563574;;;;;
3300855;560523;;;;;
3300229;560523;;;;;
3300216;560527;;;;;
3300547;563822;;;;;
3301829;1940515;;;;;
3300217;560527;;;;;
3301509;563601;;;;;
3301506;563601;;;;;
3301180;587258;;;;;
3301181;587258;;;;;
3303417;563819;;;;;
3301190;563365;;;;;
3300546;563822;;;;;
3306310;585463;;;;;
3306941;563206;;;;;
3306621;587503;;;;;
3306622;587503;;;;;
3306948;563204;;;;;
3304056;563818;;;;;
3306943;563206;;;;;
3306301;562956;;;;;
3306298;563311;;;;;
3305029;563360;;;;;
3304377;563367;;;;;
3306303;562956;;;;;
3304385;563363;;;;;
3305657;1285797;;;;;
3306300;562956;;;;;
3306940;563310;;;;;
3307263;563711;;;;;
3311417;1942128;;;;;
3308240;563706;;;;;
3308546;1940522;;;;;
3308544;1940522;;;;;
3308550;580085;;;;;
3308536;1940520;;;;;
3312695;562464;;;;;
3311426;1943073;;;;;
3306306;562957;;;;;
3307585;563513;;;;;
3307256;586751;;;;;
3306297;563311;;;;;
3308232;563611;;;;;
3308234;563611;;;;;
3306618;563712;;;;;
3307264;563711;;;;;
3306305;562957;;;;;
3306620;587503;;;;;
3304378;563367;;;;;
3304069;563368;;;;;
3305023;563364;;;;;
3304066;563368;;;;;
3306617;563712;;;;;
3304059;563818;;;;;
3305025;563364;;;;;
3307261;563711;;;;;
3306295;563311;;;;;
3304381;563686;;;;;
3304388;563363;;;;;
3310464;554866;;;;;
3308242;1940519;;;;;
3309183;562577;;;;;
3308549;580085;;;;;
3311421;561628;;;;;
3308541;1940521;;;;;
3311425;1943073;;;;;
3308233;563611;;;;;
3304382;563686;;;;;
3304068;563368;;;;;
3306945;563204;;;;;
3305340;563361;;;;;
3304058;563818;;;;;
3305350;1285797;;;;;
3307586;563513;;;;;
3305655;1285797;;;;;
3304383;563686;;;;;
3304067;563368;;;;;
3305337;563361;;;;;
3307584;563513;;;;;
3306308;562957;;;;;
3305026;563364;;;;;
3306296;563311;;;;;
3306616;563712;;;;;
3304386;563363;;;;;
3304380;563686;;;;;
3307255;586751;;;;;
3304387;563363;;;;;
3304376;563367;;;;;
3305339;563361;;;;;
3306309;585463;;;;;
3305028;563360;;;;;
3305335;563360;;;;;
3305030;563360;;;;;
3306939;563310;;;;;
3306937;563310;;;;;
3307262;563711;;;;;
3305024;563364;;;;;
3305338;563361;;;;;
3306307;562957;;;;;
3305656;1285797;;;;;
3306944;563206;;;;;
3306950;586751;;;;;
3308545;1940522;;;;;
3311416;1942128;;;;;
3308548;580085;;;;;
3309175;580085;;;;;
3311418;1942128;;;;;
3308238;563706;;;;;
3311420;561628;;;;;
3309180;562577;;;;;
3309177;563345;;;;;
3309178;563345;;;;;
3308237;563706;;;;;
3308243;1940519;;;;;
3309176;563345;;;;;
3308543;1940522;;;;;
3311422;561628;;;;;
3310462;554868;;;;;
3311427;1943073;;;;;
3310470;587863;;;;;
3308245;1940519;;;;;
3310477;563346;;;;;
3308535;1940520;;;;;
3311415;1942128;;;;;
3308538;1940520;;;;;
3308539;1940521;;;;;
3310467;554867;;;;;
3310466;554867;;;;;
3312696;562464;;;;;
3310476;563346;;;;;
3311428;1943073;;;;;
3308540;1940521;;;;;
3310463;554868;;;;;
3311429;1943073;;;;;
3311424;1943073;;;;;
3310475;563346;;;;;
3310465;554866;;;;;
3311430;1943073;;;;;
3308542;1940521;;;;;
3310478;563346;;;;;
3310479;563346;;;;;
3377338;560925;;;;;
3376709;1977634;;;;;
3318150;560229;;;;;
3315907;561318;;;;;
3320384;582051;;;;;
3316870;562139;;;;;
3316861;562137;;;;;
3320388;582052;;;;;
3318139;1944353;;;;;
3315900;561348;;;;;
3318149;560229;;;;;
3318146;561861;;;;;
3316858;562137;;;;;
3318140;1944353;;;;;
3316855;561317;;;;;
3318144;561861;;;;;
3316860;562137;;;;;
3318136;1944353;;;;;
3316866;561860;;;;;
3316859;562137;;;;;
3320383;582051;;;;;
3318138;1944353;;;;;
3320382;582051;;;;;
3316869;562139;;;;;
3320378;561350;;;;;
3320385;582051;;;;;
3316864;561860;;;;;
3318143;561861;;;;;
3316865;561860;;;;;
3315905;561318;;;;;
3320379;561350;;;;;
3376710;560931;;;;;
3315908;561318;;;;;
3315910;561317;;;;;
3320387;582052;;;;;
3316856;561317;;;;;
3320389;582052;;;;;
3320377;561350;;;;;
3318137;1944353;;;;;
3321989;641957;;;;;
3321977;562181;;;;;
3322316;582047;;;;;
3322314;582048;;;;;
3321988;641955;;;;;
3321663;562212;;;;;
3322615;561969;;;;;
3321982;1945009;;;;;
3322618;561969;;;;;
3320380;561350;;;;;
3318148;560229;;;;;
3322616;561969;;;;;
3321659;560232;;;;;
3321979;562181;;;;;
3321983;1945009;;;;;
3322617;561969;;;;;
3321985;1945009;;;;;
3321657;560232;;;;;
3322313;582048;;;;;
3322315;582047;;;;;
3321984;1945009;;;;;
3322311;582048;;;;;
3322321;562374;;;;;
3320390;582052;;;;;
3318141;561497;;;;;
3320375;560229;;;;;
3321980;562181;;;;;
3321987;641955;;;;;
3321978;562181;;;;;
3321990;641957;;;;;
3318135;1944353;;;;;
3315906;561318;;;;;
3316867;562139;;;;;
3318145;561861;;;;;
3316868;562139;;;;;
3322324;560263;;;;;
3325519;552425;;;;;
3323582;587569;;;;;
3322936;562746;;;;;
3322938;562747;;;;;
3325520;552425;;;;;
3323581;587569;;;;;
3323579;587569;;;;;
3323577;562091;;;;;
3322939;562747;;;;;
3322325;560263;;;;;
3323575;562091;;;;;
3325508;1946273;;;;;
3322941;562747;;;;;
3322940;562747;;;;;
3323576;562091;;;;;
3329020;1946279;;;;;
3328391;563947;;;;;
3329662;1946609;;;;;
3328378;1946275;;;;;
3329659;1946288;;;;;
3329015;1946278;;;;;
3322942;560264;;;;;
3329023;1946285;;;;;
3328398;1945637;;;;;
3328404;1946274;;;;;
3328403;1946274;;;;;
3328392;563947;;;;;
3323580;587569;;;;;
3322935;560263;;;;;
3322943;560264;;;;;
3329665;1946610;;;;;
3328383;1946276;;;;;
3328399;1945637;;;;;
3328386;1946277;;;;;
3329667;1946610;;;;;
3328397;1945637;;;;;
3329016;1946278;;;;;
3329018;1946279;;;;;
3328393;563947;;;;;
3329668;1946610;;;;;
3329019;1946279;;;;;
3329655;1946287;;;;;
3328382;1946276;;;;;
3328390;1946278;;;;;
3329658;1946288;;;;;
3328402;1946274;;;;;
3328396;1945637;;;;;
3328401;1946274;;;;;
3329657;1946288;;;;;
3328381;1946276;;;;;
3328387;1946277;;;;;
3330619;1946615;;;;;
3330618;1946615;;;;;
3329981;1946612;;;;;
3329987;563932;;;;;
3330620;1946615;;;;;
3329976;1946611;;;;;
3329985;1946613;;;;;
3329979;1946612;;;;;
3329663;1946609;;;;;
3336701;1001645;;;;;
3336697;1001645;;;;;
3335735;1950756;;;;;
3335415;1950753;;;;;
3335419;1950753;;;;;
3336700;1001645;;;;;
3336378;1950757;;;;;
3336386;1950758;;;;;
3335429;1950756;;;;;
3336376;1950757;;;;;
3335425;1950755;;;;;
3336387;563883;;;;;
3336383;1950758;;;;;
3336389;563883;;;;;
3335744;563882;;;;;
3336385;1950758;;;;;
3336377;1950757;;;;;
3335745;563882;;;;;
3328385;1946277;;;;;
3329666;1946610;;;;;
3328394;563947;;;;;
3329024;1946285;;;;;
3329030;1946287;;;;;
3328379;1946275;;;;;
3329661;1946609;;;;;
3329975;1946611;;;;;
3329988;563932;;;;;
3329986;563932;;;;;
3329989;563932;;;;;
3329670;1946611;;;;;
3329983;1946613;;;;;
3329977;1946611;;;;;
3329980;1946612;;;;;
3329984;1946613;;;;;
3335416;1950753;;;;;
3341503;560707;;;;;
3341502;560707;;;;;
3341509;562615;;;;;
3341500;560707;;;;;
3340865;587385;;;;;
3341508;562615;;;;;
3341506;562615;;;;;
3341818;560603;;;;;
3341825;586045;;;;;
3341829;586173;;;;;
3341817;560603;;;;;
3342136;585926;;;;;
3341821;561406;;;;;
3341827;586046;;;;;
3341828;586173;;;;;
3341830;586173;;;;;
3341816;560603;;;;;
3341824;586045;;;;;
3341820;561406;;;;;
3342135;586173;;;;;
3342137;585926;;;;;
3341826;586046;;;;;
3341819;560603;;;;;
3336388;563883;;;;;
3335742;563882;;;;;
3336384;1950758;;;;;
3336381;1950758;;;;;
3335743;563882;;;;;
3335418;1950753;;;;;
3335749;1950757;;;;;
3336696;563883;;;;;
3335738;1950756;;;;;
3335430;1950756;;;;;
3336698;1001645;;;;;
3335417;1950753;;;;;
3335750;1950757;;;;;
3335737;1950756;;;;;
3335736;1950756;;;;;
3335424;1950755;;;;;
3336390;563883;;;;;
3335421;1950755;;;;;
3336382;1950758;;;;;
3335426;1950755;;;;;
3336695;563883;;;;;
3338948;561787;;;;;
3339258;586847;;;;;
3337656;562044;;;;;
3337668;587383;;;;;
3338938;560213;;;;;
3339259;586847;;;;;
3337667;587383;;;;;
3338944;561898;;;;;
3337664;562317;;;;;
3336703;562316;;;;;
3337666;587383;;;;;
3338947;561787;;;;;
3337665;562317;;;;;
3337347;586885;;;;;
3337662;562317;;;;;
3338306;562126;;;;;
3337349;562044;;;;;
3338307;562126;;;;;
3337669;587383;;;;;
3337660;562045;;;;;
3338942;561898;;;;;
3336705;562316;;;;;
3337655;562044;;;;;
3338945;561898;;;;;
3337336;560265;;;;;
3338300;562318;;;;;
3337345;586885;;;;;
3336708;561788;;;;;
3337335;560265;;;;;
3337346;586885;;;;;
3336706;561788;;;;;
3336702;562316;;;;;
3338949;561787;;;;;
3338943;561898;;;;;
3337658;562045;;;;;
3337344;586885;;;;;
3339257;586847;;;;;
3338304;562126;;;;;
3337663;562317;;;;;
3337661;562045;;;;;
3338939;560213;;;;;
3337659;562045;;;;;
3336707;561788;;;;;
3336709;561788;;;;;
3338299;562318;;;;;
3338940;560213;;;;;
3336704;562316;;;;;
3338301;562318;;;;;
3337350;562044;;;;;
3338941;560213;;;;;
3336710;560265;;;;;
3338302;562318;;;;;
3337337;560265;;;;;
3338950;561787;;;;;
3339256;586847;;;;;
3338305;562126;;;;;
3340217;562267;;;;;
3339589;560504;;;;;
3340230;561901;;;;;
3339580;1952361;;;;;
3340218;562267;;;;;
3340221;562266;;;;;
3340222;562266;;;;;
3340540;561914;;;;;
3340223;562266;;;;;
3339266;560874;;;;;
3339267;560874;;;;;
3340544;562307;;;;;
3340536;561901;;;;;
3339586;560504;;;;;
3340227;561814;;;;;
3340535;561901;;;;;
3340543;562307;;;;;
3340545;562307;;;;;
3339587;560504;;;;;
3339265;560874;;;;;
3340225;561814;;;;;
3339585;1952361;;;;;
3339582;1952361;;;;;
3340541;561914;;;;;
3339583;1952361;;;;;
3340542;561914;;;;;
3339581;1952361;;;;;
3340215;562267;;;;;
3339584;1952361;;;;;
3339579;1952361;;;;;
3339588;560504;;;;;
3339268;560874;;;;;
3340226;561814;;;;;
3340539;561914;;;;;
3340216;562267;;;;;
3340228;561814;;;;;
3340546;562307;;;;;
3340537;561901;;;;;
3340860;560893;;;;;
3340858;560893;;;;;
3341504;562616;;;;;
3340857;560893;;;;;
3341495;561750;;;;;
3341507;562615;;;;;
3340866;577484;;;;;
3340867;577484;;;;;
3340864;587385;;;;;
3340869;577485;;;;;
3340859;560893;;;;;
3341501;560707;;;;;
3340862;587385;;;;;
3340863;587385;;;;;
3340870;561750;;;;;
3341505;562616;;;;;
3340868;577485;;;;;
3348543;558901;;;;;
3348542;558901;;;;;
3348540;558901;;;;;
3348541;558901;;;;;
3349826;1968744;;;;;
3349825;1968744;;;;;
3350149;562278;;;;;
3350146;563397;;;;;
3350142;1968745;;;;;
3348863;692628;;;;;
3348545;558808;;;;;
3348862;692628;;;;;
3348860;558725;;;;;
3348857;558725;;;;;
3348544;558808;;;;;
3348546;558725;;;;;
3348864;565889;;;;;
3348865;565889;;;;;
3353015;563398;;;;;
3350137;1968744;;;;;
3353016;563398;;;;;
3350145;563397;;;;;
3350139;1968745;;;;;
3350140;1968745;;;;;
3350144;1968745;;;;;
3349829;1968744;;;;;
3349827;1968744;;;;;
3353018;563396;;;;;
3349830;1968744;;;;;
3350150;562278;;;;;
3350138;1968744;;;;;
3349828;1968744;;;;;
3355590;562949;;;;;
3355581;563004;;;;;
3355580;563004;;;;;
3355575;562895;;;;;
3355588;562696;;;;;
3355586;563005;;;;;
3355585;563005;;;;;
3355583;563005;;;;;
3355582;563004;;;;;
3355577;562895;;;;;
3355578;562895;;;;;
3355589;562696;;;;;
3355576;562895;;;;;
3372870;562932;;;;;
3372856;562951;;;;;
3372863;562952;;;;;
3372868;562932;;;;;
3373496;562931;;;;;
3367110;564100;;;;;
3367423;586640;;;;;
3367417;586468;;;;;
3368375;586721;;;;;
3367429;563923;;;;;
3367748;586665;;;;;
3367740;563042;;;;;
3367735;564100;;;;;
3367426;586942;;;;;
3367736;564100;;;;;
3368057;586664;;;;;
3368059;586405;;;;;
3367743;586662;;;;;
3368377;586721;;;;;
3367416;562887;;;;;
3367428;586942;;;;;
3367107;563923;;;;;
3368381;586538;;;;;
3367747;586665;;;;;
3368067;586720;;;;;
3368064;586722;;;;;
3367745;586666;;;;;
3368063;586722;;;;;
3368060;586405;;;;;
3367425;586942;;;;;
3367420;587796;;;;;
3367430;563923;;;;;
3367424;586640;;;;;
3367750;586665;;;;;
3368061;586405;;;;;
3367421;586640;;;;;
3367109;564100;;;;;
3367746;586666;;;;;
3368062;586405;;;;;
3368065;586722;;;;;
3367744;586662;;;;;
3368069;586720;;;;;
3367422;586640;;;;;
3368070;586720;;;;;
3368056;586664;;;;;
3367415;562887;;;;;
3369336;563533;;;;;
3369340;563446;;;;;
3369978;1972193;;;;;
3369348;1972193;;;;;
3369976;1972193;;;;;
3369344;563446;;;;;
3369349;1972193;;;;;
3369347;1972193;;;;;
3369977;1972193;;;;;
3369345;563446;;;;;
3369341;563446;;;;;
3369339;563446;;;;;
3369342;563446;;;;;
3369350;1972193;;;;;
3369335;563533;;;;;
3369337;563533;;;;;
3369338;563533;;;;;
3372859;562951;;;;;
3372855;562951;;;;;
3374464;589381;;;;;
3373826;563434;;;;;
3373497;562931;;;;;
3373823;563434;;;;;
3372867;562932;;;;;
3373824;563434;;;;;
3373825;563434;;;;;
3372858;562951;;;;;
3375419;563224;;;;;
3374468;563225;;;;;
3374455;562202;;;;;
3373498;562931;;;;;
3374465;589381;;;;;
3376698;563343;;;;;
3377336;560930;;;;;
3377337;560930;;;;;
3376708;1977634;;;;;
3374466;589381;;;;;
3374463;589381;;;;;
3373499;562931;;;;;
3373495;562932;;;;;
3372869;562932;;;;;
3374456;562202;;;;;
3373817;563344;;;;;
3372862;562952;;;;;
3372860;562952;;;;;
3374459;563227;;;;;
3373502;562927;;;;;
3373830;562202;;;;;
3374461;563227;;;;;
3372219;562953;;;;;
3373827;563434;;;;;
3374460;563227;;;;;
3374469;563225;;;;;
3374470;563225;;;;;
3375415;563225;;;;;
3377335;560931;;;;;
3375425;1977633;;;;;
3377339;560925;;;;;
3375424;1977633;;;;;
3375416;563224;;;;;
3402308;1980834;;;;;
3402297;1980833;;;;;
3402303;560933;;;;;
3402296;585961;;;;;
3404536;564673;;;;;
3402309;1980835;;;;;
3403263;560934;;;;;
3403268;564674;;;;;
3403267;564674;;;;;
3405181;564562;;;;;
3404542;570099;;;;;
3406469;561483;;;;;
3406780;560816;;;;;
3404537;563608;;;;;
3406782;560816;;;;;
3405178;564561;;;;;
3406778;561034;;;;;
3405182;564562;;;;;
3406779;560816;;;;;
3405175;547187;;;;;
3404539;563608;;;;;
3410617;561570;;;;;
3411900;1987234;;;;;
3411901;1987234;;;;;
3407416;561642;;;;;
3408385;560822;;;;;
3408060;560819;;;;;
3410296;1985457;;;;;
3408389;586858;;;;;
3410306;1985458;;;;;
3410618;561570;;;;;
3410621;563374;;;;;
3408064;561203;;;;;
3410301;1985457;;;;;
3410615;1985459;;;;;
3410297;1985457;;;;;
3406775;561483;;;;;
3406786;559927;;;;;
3404538;563608;;;;;
3405177;564561;;;;;
3404540;563608;;;;;
3403269;564673;;;;;
3402305;560933;;;;;
3402304;560933;;;;;
3402295;585961;;;;;
3403262;560934;;;;;
3402302;560932;;;;;
3404535;564673;;;;;
3402310;1980835;;;;;
3403270;564673;;;;;
3402299;560932;;;;;
3402300;560932;;;;;
3402298;1980833;;;;;
3403255;1980835;;;;;
3403266;564674;;;;;
3403256;1980835;;;;;
3403265;564674;;;;;
3403264;560934;;;;;
3402307;1980834;;;;;
3402306;560933;;;;;
3402301;560932;;;;;
3403261;560934;;;;;
3406785;559927;;;;;
3405180;564562;;;;;
3404544;570099;;;;;
3406776;561483;;;;;
3406781;560816;;;;;
3406783;559927;;;;;
3405176;547187;;;;;
3406777;561034;;;;;
3404541;570099;;;;;
3404543;570099;;;;;
3406470;561483;;;;;
3405179;564562;;;;;
3406784;559927;;;;;
3412536;1985460;;;;;
3412543;1985463;;;;;
3412537;1985460;;;;;
3412535;1985460;;;;;
3412540;561294;;;;;
3412541;561294;;;;;
3409016;586858;;;;;
3411896;561221;;;;;
3410305;1985458;;;;;
3410307;1985458;;;;;
3408069;560820;;;;;
3407426;561037;;;;;
3410309;1985459;;;;;
3408378;560823;;;;;
3409019;561036;;;;;
3410619;561569;;;;;
3408377;560820;;;;;
3411899;561221;;;;;
3407421;561015;;;;;
3408390;586858;;;;;
3411903;1987234;;;;;
3410299;1985457;;;;;
3408388;586858;;;;;
3409018;561036;;;;;
3410295;1985457;;;;;
3408063;560819;;;;;
3407423;561037;;;;;
3407424;561037;;;;;
3408068;561203;;;;;
3410300;1985457;;;;;
3410303;1985458;;;;;
3408062;560819;;;;;
3407415;561642;;;;;
3408065;561203;;;;;
3411895;561221;;;;;
3408067;561203;;;;;
3408380;560823;;;;;
3411897;561221;;;;;
3410298;1985457;;;;;
3408376;560820;;;;;
3409020;561036;;;;;
3408383;560822;;;;;
3407419;561015;;;;;
3408070;560820;;;;;
3408386;560822;;;;;
3408061;560819;;;;;
3408381;560823;;;;;
3408066;561203;;;;;
3409017;561036;;;;;
3410622;563374;;;;;
3409015;586858;;;;;
3408375;560820;;;;;
3410616;561570;;;;;
3410302;1985457;;;;;
3408384;560822;;;;;
3410620;561569;;;;;
3408382;560823;;;;;
3410310;1985459;;;;;
3407425;561037;;;;;
3408059;560819;;;;;
3411898;561221;;;;;
3411902;1987234;;;;;
3407420;561015;;;;;
3407422;561015;;;;;
3408387;560822;;;;;
3409021;561036;;;;;
3412542;1985463;;;;;
3412539;1985461;;;;;
3412538;1985460;;;;;
3414139;1990114;;;;;
3415100;561362;;;;;
3418618;562655;;;;;
3415110;560167;;;;;
3415101;561362;;;;;
3415416;560167;;;;;
3415107;561404;;;;;
3414149;558864;;;;;
3414143;558863;;;;;
3415102;561362;;;;;
3415095;561988;;;;;
3415104;561404;;;;;
3415103;561362;;;;;
3418616;562655;;;;;
3414146;558864;;;;;
3415415;560167;;;;;
3414140;558863;;;;;
3414147;558864;;;;;
3414141;558863;;;;;
3414144;558863;;;;;
3414142;558863;;;;;
3415108;561404;;;;;
3415105;561404;;;;;
3415098;561988;;;;;
3414148;558864;;;;;
3414137;561749;;;;;
3414138;561749;;;;;
3415099;561362;;;;;
3415109;560167;;;;;
3415097;561988;;;;;
3418617;562655;;;;;
3415096;561988;;;;;
3414150;561988;;;;;
3415106;561404;;;;;
3418615;562655;;;;;
3415417;560167;;;;;
3414145;558864;;;;;
3430469;562216;;;;;
3430468;562216;;;;;
3431116;775511;;;;;
3430790;562128;;;;;
3430465;562216;;;;;
3434617;2004862;;;;;
3430470;562216;;;;;
3432709;559151;;;;;
3431114;562127;;;;;
3430466;562216;;;;;
3432697;560721;;;;;
3434619;2004862;;;;;
3430780;561847;;;;;
3432698;560721;;;;;
3432701;561924;;;;;
3434618;2004862;;;;;
3431111;562127;;;;;
3436543;561532;;;;;
3437497;2005491;;;;;
3436535;562688;;;;;
3437495;561534;;;;;
3437500;2005491;;;;;
3436548;561534;;;;;
3430779;561847;;;;;
3432707;559151;;;;;
3430464;562216;;;;;
3430789;562128;;;;;
3430467;562216;;;;;
3430787;562128;;;;;
3432702;561924;;;;;
3432699;561924;;;;;
3432696;560721;;;;;
3430783;561847;;;;;
3430785;561847;;;;;
3432695;560721;;;;;
3430784;561847;;;;;
3430463;562216;;;;;
3431113;562127;;;;;
3434620;2004862;;;;;
3432700;561924;;;;;
3432704;561924;;;;;
3432703;561924;;;;;
3431117;775511;;;;;
3431112;562127;;;;;
3432710;559151;;;;;
3432708;559151;;;;;
3430782;561847;;;;;
3430781;561847;;;;;
3430786;561847;;;;;
3430788;562128;;;;;
3437496;561534;;;;;
3436540;562784;;;;;
3438455;2005493;;;;;
3437510;561510;;;;;
3437503;2005491;;;;;
3437501;2005491;;;;;
3436550;561534;;;;;
3436546;561534;;;;;
3436539;562784;;;;;
3436537;562784;;;;;
3436544;561532;;;;;
3436541;561532;;;;;
3437502;2005491;;;;;
3437507;561509;;;;;
3437499;2005491;;;;;
3437508;561509;;;;;
3436536;562688;;;;;
3437509;561509;;;;;
3441978;563891;;;;;
3440065;2007098;;;;;
3443255;586539;;;;;
3443266;558985;;;;;
3436549;561534;;;;;
3437498;2005491;;;;;
3438149;2005493;;;;;
3437506;2005492;;;;;
3438150;2005493;;;;;
3436547;561534;;;;;
3436542;561532;;;;;
3436538;562784;;;;;
3437504;2005491;;;;;
3440058;586317;;;;;
3440066;2007098;;;;;
3440061;560216;;;;;
3441977;563891;;;;;
3441975;563891;;;;;
3440062;560216;;;;;
3440064;560216;;;;;
3440057;586317;;;;;
3441976;563891;;;;;
3440063;560216;;;;;
3217338;587483;;;;;
3443270;558985;;;;;
3442307;563770;;;;;
3442306;563770;;;;;
3443269;558985;;;;;
3445815;558985;;;;;
3442308;563770;;;;;
3442298;2007427;;;;;
3445818;2007428;;;;;
3442299;2007427;;;;;
3443256;586539;;;;;
3445816;558985;;;;;
3442309;563770;;;;;
3442310;586539;;;;;
3451584;560935;;;;;
3442296;586618;;;;;
3443268;558985;;;;;
3443257;586539;;;;;
3445819;2007428;;;;;
3443267;558985;;;;;
3445817;558985;;;;;
3442295;586618;;;;;
3451586;560935;;;;;
3451585;560935;;;;;
3451583;560935;;;;;
3453823;2011267;;;;;
3455434;556311;;;;;
3455436;556311;;;;;
3453821;2011267;;;;;
3453825;2011267;;;;;
3455433;556311;;;;;
3453829;563059;;;;;
3453827;563059;;;;;
3455431;563059;;;;;
3453828;563059;;;;;
3455437;556311;;;;;
3455435;556311;;;;;
3453824;2011267;;;;;
3453822;2011267;;;;;
3453830;563059;;;;;
3455432;556311;;;;;
3453826;2011267;;;;;
3470458;2023410;;;;;
3470457;2023410;;;;;
3471420;563685;;;;;
3471735;563372;;;;;
3470460;560396;;;;;
3471424;563817;;;;;
3471742;2027249;;;;;
3468856;563659;;;;;
3470455;558811;;;;;
3471415;563239;;;;;
3470148;558811;;;;;
3471426;563820;;;;;
3470146;558811;;;;;
3468855;563659;;;;;
3470145;558811;;;;;
3471425;563820;;;;;
3468858;563658;;;;;
3471423;563817;;;;;
3470459;560396;;;;;
3471422;563817;;;;;
3471428;563820;;;;;
3471741;2027249;;;;;
3471736;563372;;;;;
3470150;558811;;;;;
3471430;563372;;;;;
3470149;558811;;;;;
3470147;558811;;;;;
3471417;563239;;;;;
3471421;563817;;;;;
3470137;2023409;;;;;
3471427;563820;;;;;
3272387;564027;;;;;
3476862;2028214;;;;;
3477497;560537;;;;;
3476217;2028209;;;;;
3477524;2028529;;;;;
3471743;2027249;;;;;
3473016;562215;;;;;
3471429;563372;;;;;
3468861;563658;;;;;
3470461;560396;;;;;
3473015;562215;;;;;
3471416;563239;;;;;
3468859;563658;;;;;
3471744;2027249;;;;;
3272381;564027;;;;;
3476863;2028214;;;;;
3476865;2028214;;;;;
3477510;2028529;;;;;
3477187;2028218;;;;;
3477496;560537;;;;;
3272384;564027;;;;;
3272385;564027;;;;;
3273684;564026;;;;;
3477526;2028529;;;;;
3477525;2028529;;;;;
3477521;2028529;;;;;
3476229;562939;;;;;
3477181;2028216;;;;;
3273975;564026;;;;;
3477498;560537;;;;;
3476857;2028213;;;;;
3477506;2028219;;;;;
486839;564213;;;;;
3273686;564026;;;;;
3476858;2028213;;;;;
3476218;2028209;;;;;
3476855;2028211;;;;;
3476223;587914;;;;;
3477821;559545;;;;;
3477500;560537;;;;;
3476225;587914;;;;;
486840;564213;;;;;
3474630;560537;;;;;
3477186;2028218;;;;;
3272388;564027;;;;;
3476230;562939;;;;;
3272383;564027;;;;;
3273682;564026;;;;;
3477815;2028530;;;;;
436069;564213;;;;;
3273685;564026;;;;;
3477817;2028530;;;;;
3477825;559545;;;;;
3476224;587914;;;;;
3477177;2028215;;;;;
3477182;2028216;;;;;
3272386;564027;;;;;
3476861;2028214;;;;;
3477184;2028216;;;;;
436070;564213;;;;;
3477824;559545;;;;;
3477816;2028530;;;;;
3476226;587914;;;;;
3477819;559545;;;;;
3476215;2028209;;;;;
3476867;2028214;;;;;
3474629;560537;;;;;
3476860;2028213;;;;;
3477179;2028215;;;;;
3476221;586002;;;;;
3477185;2028217;;;;;
3476868;2028214;;;;;
9249667;8504377;;;;;
9231836;8484534;;;;;
9231837;8484235;;;;;
9231838;8484232;;;;;
9328709;8622138;;;;;
9328710;8622155;;;;;
9329335;8622159;;;;;
9329336;8622140;;;;;
9329337;8622141;;;;;
9330935;8626930;;;;;
9330936;8622450;;;;;
9330937;8622458;;;;;
9331256;8622464;;;;;
9330938;8622449;;;;;
9142457;8349506;;;;;
9141822;8349493;;;;;
9141827;8349499;;;;;
9142458;8349507;;;;;
9339589;8637512;;;;;
9339590;8637183;;;;;
9340215;8638454;;;;;
9340216;8637513;;;;;
9361662;8546621;;;;;
9361663;8546609;;;;;
9361664;8546611;;;;;
9361665;8546610;;;;;
502596;590911;;;;;
502595;590298;;;;;
494371;559794;;;;;
431427;559794;;;;;
440934;559501;;;;;
494372;559794;;;;;
3275906;603240;;;;;
499914;559501;;;;;
3275905;603240;;;;;
8174139;639461;;;;;
8174140;639462;;;;;
8174141;639463;;;;;
8175418;607073;;;;;
8174142;607713;;;;;
8174143;607713;;;;;
8174144;607713;;;;;
8174145;607713;;;;;
8172229;598440;;;;;
8172230;598440;;;;;
8171895;598426;;;;;
8172855;598441;;;;;
8172857;598443;;;;;
8172856;598442;;;;;
8172858;598444;;;;;
8172859;607725;;;;;
8172860;607726;;;;;
8172861;607727;;;;;
8172862;607728;;;;;
8172863;608033;;;;;
8172864;608034;;;;;
8172865;608035;;;;;
8172866;608035;;;;;
8172867;608035;;;;;
8172868;608035;;;;;
8172869;608036;;;;;
8172870;608036;;;;;
963257;567998;;;;;
8172221;598434;;;;;
8171904;598427;;;;;
8171905;598427;;;;;
8172226;598418;;;;;
8171906;598427;;;;;
8172215;598430;;;;;
8172216;598430;;;;;
8172540;598437;;;;;
8172217;598431;;;;;
8172218;598431;;;;;
8172222;598435;;;;;
8174147;607718;;;;;
8174148;607718;;;;;
8171896;598426;;;;;
8171897;598426;;;;;
8171898;598426;;;;;
8171907;598428;;;;;
8171908;598428;;;;;
8172220;598433;;;;;
8171909;598429;;;;;
8171910;598429;;;;;
8172219;598432;;;;;
8171903;598427;;;;;
452402;587408;;;;;
452405;587408;;;;;
9189507;8384692;;;;;
9189183;8384696;;;;;
9189189;8384694;;;;;
9189499;8384693;;;;;
427725;560751;;;;;
452403;587408;;;;;
439500;563015;;;;;
452404;587408;;;;;
474796;560751;;;;;
486201;562766;;;;;
973175;720378;;;;;
973176;720378;;;;;
508311;585994;;;;;
467211;585995;;;;;
496625;563015;;;;;
427726;560751;;;;;
474795;560751;;;;;
3340855;562419;;;;;
508312;585995;;;;;
508309;585993;;;;;
467207;585993;;;;;
437516;562766;;;;;
486202;562766;;;;;
467205;585993;;;;;
467212;585995;;;;;
467209;585994;;;;;
3340550;562419;;;;;
467208;585994;;;;;
508314;585995;;;;;
447468;577184;;;;;
447467;577184;;;;;
427008;562409;;;;;
427007;562409;;;;;
437517;562766;;;;;
467206;585993;;;;;
467210;585995;;;;;
3340549;562419;;;;;
508310;585994;;;;;
490498;562409;;;;;
494840;577184;;;;;
494839;577184;;;;;
3340548;562419;;;;;
508313;585995;;;;;
508315;585995;;;;;
515843;597144;;;;;
467213;585995;;;;;
9325819;8622146;;;;;
490497;562409;;;;;
440933;559501;;;;;
431428;559794;;;;;
499913;559501;;;;;
488371;561600;;;;;
487963;561308;;;;;
437064;561308;;;;;
470060;584231;;;;;
985036;946004;;;;;
3256380;563222;;;;;
470211;584231;;;;;
985031;609636;;;;;
437069;561308;;;;;
3305345;563285;;;;;
491467;563598;;;;;
3256381;563222;;;;;
3305348;563241;;;;;
3305347;563241;;;;;
3305342;563285;;;;;
8293499;2112065;;;;;
8293500;2112065;;;;;
8293501;2085184;;;;;
8294780;1984036;;;;;
8294781;1984036;;;;;
8293185;3380851;;;;;
8292540;7121329;;;;;
3305349;563241;;;;;
8293186;3380851;;;;;
985035;946004;;;;;
985032;609636;;;;;
487964;561308;;;;;
508520;584231;;;;;
508469;584231;;;;;
437071;561308;;;;;
9316862;8614776;;;;;
9316863;8614787;;;;;
9315589;8614771;;;;;
9315590;8614783;;;;;
464999;583141;;;;;
2141542;1554284;;;;;
8293184;3401969;;;;;
8293189;2112067;;;;;
8293190;2112067;;;;;
8293495;2112066;;;;;
8293496;2112066;;;;;
3305343;563285;;;;;
8293497;2112066;;;;;
8293498;2112066;;;;;
464784;583111;;;;;
3440055;560674;;;;;
436911;590379;;;;;
436912;590378;;;;;
436909;590379;;;;;
485968;590379;;;;;
435843;561023;;;;;
436910;590378;;;;;
506904;587542;;;;;
437077;559270;;;;;
506903;587542;;;;;
436914;590378;;;;;
963258;567998;;;;;
453400;587542;;;;;
963259;567998;;;;;
437078;559270;;;;;
436923;559270;;;;;
485978;559270;;;;;
453399;587542;;;;;
963262;583448;;;;;
963256;567998;;;;;
963263;583448;;;;;
963261;583448;;;;;
963260;583448;;;;;
490577;562324;;;;;
427389;562322;;;;;
462173;587201;;;;;
503421;587201;;;;;
3471748;560777;;;;;
503420;587201;;;;;
9337985;8637490;;;;;
9337986;8637510;;;;;
9337987;8637502;;;;;
9337975;8637182;;;;;
9337976;8637530;;;;;
9337977;8637170;;;;;
462174;587201;;;;;
3471745;560777;;;;;
3471747;560777;;;;;
3471746;560777;;;;;
430737;561941;;;;;
430736;561941;;;;;
9325829;8622137;;;;;
9325830;8627896;;;;;
9328696;8638140;;;;;
9328697;8638139;;;;;
491104;561941;;;;;
430735;561941;;;;;
3440059;558755;;;;;
3440060;558755;;;;;
457605;586726;;;;;
498787;586726;;;;;
498786;586726;;;;;
457606;586726;;;;;
436596;560965;;;;;
436595;560965;;;;;
436598;560966;;;;;
487182;560966;;;;;
487181;560965;;;;;
487183;560966;;;;;
487180;560965;;;;;
436597;560966;;;;;
429878;560222;;;;;
3241667;560222;;;;;
654836;607409;;;;;
654835;607409;;;;;
8802300;7896371;;;;;
8802299;7896369;;;;;
9330939;8626938;;;;;
9331257;8626941;;;;;
9331258;8626943;;;;;
9330940;8622451;;;;;
8802304;7896370;;;;;
8802301;7896371;;;;;
515845;597150;;;;;
8297348;1640036;;;;;
8297349;2134134;;;;;
8297350;2134134;;;;;
488557;559659;;;;;
515841;597142;;;;;
488556;559659;;;;;
428720;563674;;;;;
491518;562073;;;;;
434477;562073;;;;;
486198;562763;;;;;
497896;564298;;;;;
493559;565429;;;;;
437512;562762;;;;;
434478;562074;;;;;
437513;562763;;;;;
433760;565429;;;;;
437408;559659;;;;;
437407;559659;;;;;
438649;564297;;;;;
430099;561842;;;;;
426052;559081;;;;;
497278;576646;;;;;
491519;562074;;;;;
430848;563494;;;;;
431572;563628;;;;;
9525815;8468216;;;;;
9525816;8467891;;;;;
9440395;8584369;;;;;
9440375;8577330;;;;;
9452855;8577359;;;;;
9231839;8484535;;;;;
9231840;8482611;;;;;
9250623;8518784;;;;;
9250625;8519108;;;;;
9250626;8519095;;;;;
992064;564152;;;;;
626280;696359;;;;;
638152;706940;;;;;
962945;602898;;;;;
1503440;560183;;;;;
1503098;567531;;;;;
582470;653437;;;;;
3273677;1298916;;;;;
3285189;561041;;;;;
3309182;562577;;;;;
3323578;562091;;;;;
3369343;563446;;;;;
3436545;561534;;;;;
3273680;564026;;;;;
3476864;2028214;;;;;
3477818;2028530;;;;;
3273681;564026;;;;;
3477522;2028529;;;;;
984061;775505;;;;;
638138;706927;;;;;
931570;546057;;;;;
1580869;639459;;;;;
3255099;563190;;;;;
3321664;562212;;;;;
3289659;562412;;;;;
3301507;563601;;;;;
3300219;560527;;;;;
3340220;562266;;;;;
3329029;1946287;;;;;
1611907;639393;;;;;
963255;935075;;;;;
1503416;1268514;;;;;
3288378;1931557;;;;;
3288382;1931559;;;;;
3468860;563658;;;;;
3231749;559066;;;;;
3308547;1940522;;;;;
971265;546606;;;;;
975455;775509;;;;;
9250627;8519106;;;;;
9250936;8519094;;;;;
8203575;563881;;;;;
8203576;563881;;;;;
8203577;563881;;;;;
8203578;563881;;;;;
9059576;8256053;;;;;
9337978;8637532;;;;;
9337979;8637531;;;;;
9339578;8637516;;;;;
9231735;8480051;;;;;
9231736;8480050;;;;;
9142141;8351737;;;;;
1528696;1283248;;;;;
1528697;1283248;;;;;
8290949;6777009;;;;;
8290950;6777009;;;;;
8292535;6947892;;;;;
1528390;1283247;;;;;
1528695;1283247;;;;;
7849989;6801338;;;;;
7849990;6801338;;;;;
487354;560991;;;;;
437383;591095;;;;;
492102;566312;;;;;
9128378;8334776;;;;;
9128379;8334779;;;;;
9128381;8334781;;;;;
9231756;8480063;;;;;
9231757;8482609;;;;;
9128384;8334784;;;;;
9142144;8351741;;;;;
9142146;8351743;;;;;
9116539;8305677;;;;;
9116540;8305680;;;;;
9116859;8305711;;;;;
9113025;8305674;;;;;
9116862;8305707;;;;;
9231841;8492881;;;;;
9103101;8305734;;;;;
9103102;8305735;;;;;
3301824;1940515;;;;;
3321981;1945009;;;;;
3328380;1946276;;;;;
3328389;1946278;;;;;
3329669;1946611;;;;;
3336380;1950758;;;;;
3437505;2005492;;;;;
438106;561509;;;;;
429870;560216;;;;;
460147;586618;;;;;
3335739;563882;;;;;
3334469;1950753;;;;;
3328384;1946277;;;;;
3329021;1946285;;;;;
3328395;1945637;;;;;
3329025;1946287;;;;;
3335747;1950757;;;;;
3336379;1950758;;;;;
3328400;1946274;;;;;
3329990;1946615;;;;;
3329982;1946613;;;;;
3334470;1950753;;;;;
3335428;1950756;;;;;
3335427;1950756;;;;;
3335740;563882;;;;;
3338946;561787;;;;;
3339255;586847;;;;;
3337343;586885;;;;;
3337348;562044;;;;;
3337670;562318;;;;;
491851;558864;;;;;
507917;586539;;;;;
3442297;2007427;;;;;
3470456;2023410;;;;;
428739;563685;;;;;
439302;563372;;;;;
434738;563817;;;;;
3306304;562957;;;;;
3304065;563368;;;;;
3307587;563611;;;;;
3307582;563513;;;;;
3307260;563711;;;;;
496346;562927;;;;;
3204550;563615;;;;;
3307270;563712;;;;;
3305022;563364;;;;;
3304070;563367;;;;;
3305336;563361;;;;;
3308246;1940520;;;;;
3308236;563706;;;;;
3316857;562137;;;;;
3316862;561860;;;;;
3321656;560232;;;;;
3321661;562212;;;;;
3321976;562181;;;;;
3318147;560229;;;;;
3320381;582051;;;;;
3320386;582052;;;;;
3322322;560263;;;;;
3322323;560263;;;;;
3328405;1946275;;;;;
3329017;1946279;;;;;
3329660;1946609;;;;;
3329656;1946288;;;;;
3335748;1950757;;;;;
496518;562953;;;;;
3204539;562568;;;;;
438139;563227;;;;;
435520;563005;;;;;
435519;563004;;;;;
974786;605823;;;;;
977980;568967;;;;;
3204544;563295;;;;;
3259257;561218;;;;;
3205835;562569;;;;;
3205840;563614;;;;;
3213180;559630;;;;;
3206463;558772;;;;;
3242301;586017;;;;;
3238781;558796;;;;;
3241655;559922;;;;;
3255100;563181;;;;;
3338303;562126;;;;;
3339590;562267;;;;;
3340538;561914;;;;;
3340224;561814;;;;;
3340229;561901;;;;;
3340219;562266;;;;;
426048;558901;;;;;
434183;562278;;;;;
494989;562278;;;;;
496457;563398;;;;;
439331;563397;;;;;
496516;562949;;;;;
460335;586644;;;;;
439473;562953;;;;;
439453;562931;;;;;
453881;589381;;;;;
431079;563538;;;;;
438135;563224;;;;;
439454;562932;;;;;
439472;562952;;;;;
496517;562951;;;;;
430444;563434;;;;;
498144;563343;;;;;
498145;563344;;;;;
440263;563344;;;;;
490274;562202;;;;;
488131;563225;;;;;
440262;563343;;;;;
431078;563538;;;;;
427935;560816;;;;;
488960;559927;;;;;
427938;560822;;;;;
462638;586858;;;;;
474996;560819;;;;;
435860;561036;;;;;
474998;560823;;;;;
427937;560820;;;;;
434416;561203;;;;;
439599;561362;;;;;
427951;560167;;;;;
426010;558863;;;;;
430107;561847;;;;;
432175;562216;;;;;
490281;562216;;;;;
491399;562127;;;;;
432605;562128;;;;;
3438148;2005493;;;;;
438107;561510;;;;;
3217335;587483;;;;;
3255105;563183;;;;;
3256067;561599;;;;;
3256061;561601;;;;;
3272389;564214;;;;;
3272375;564543;;;;;
3287739;1931554;;;;;
3287425;562558;;;;;
3287415;562726;;;;;
3287749;1931556;;;;;
3287420;570665;;;;;
3287744;1931555;;;;;
3289015;1931563;;;;;
3288381;1931559;;;;;
3288386;1931562;;;;;
3291587;582420;;;;;
3301184;563821;;;;;
3301505;563601;;;;;
3301179;587258;;;;;
3301189;563365;;;;;
3300549;563574;;;;;
3301498;1940514;;;;;
3301500;563070;;;;;
3301510;1940516;;;;;
3301496;1940513;;;;;
3306299;562956;;;;;
3308241;1940519;;;;;
3304055;563818;;;;;
3340856;560893;;;;;
3222137;586002;;;;;
728371;602903;;;;;
3205845;563613;;;;;
488304;563239;;;;;
965502;639408;;;;;
3255095;563190;;;;;
3304379;563686;;;;;
3305027;563360;;;;;
3304384;563363;;;;;
431531;563059;;;;;
3300544;563822;;;;;
434740;563820;;;;;
491304;561988;;;;;
488620;561404;;;;;
3340861;587385;;;;;
977979;568967;;;;;
429912;560396;;;;;
3470135;2023409;;;;;
3272380;564027;;;;;
3273679;564026;;;;;
3340547;562419;;;;;
979639;775524;;;;;
962939;935075;;;;;
974785;605823;;;;;
3305341;563285;;;;;
474810;560777;;;;;
3289655;562412;;;;;
3329978;1946612;;;;;
3287108;1931557;;;;;
1582460;1317474;;;;;
3300215;560527;;;;;
435861;561037;;;;;
3471750;562215;;;;;
3320376;561350;;;;;
3337657;562045;;;;;
489491;561847;;;;;
496155;562895;;;;;
9103103;8305736;;;;;
9103104;8305737;;;;;
9103106;8305739;;;;;
9103107;8305740;;;;;
9088708;8272375;;;;;
9088709;8272377;;;;;
9088710;8272408;;;;;
9231737;8480052;;;;;
9231738;8480053;;;;;
9231739;8480056;;;;;
9231740;8480049;;;;;
9068539;8262133;;;;;
9287102;8574461;;;;;
9085500;8283892;;;;;
9092860;8287091;;;;;
9432697;8736371;;;;;
9432696;8736372;;;;;
9432695;8736378;;;;;
9432698;8736064;;;;;
9432704;8737333;;;;;
9142784;8354290;;;;;
9142789;8354295;;;;;
9142790;8354617;;;;;
9143415;8354618;;;;;
9142145;8351742;;;;;
9142783;8354289;;;;;
9142785;8354291;;;;;
9142786;8354292;;;;;
9142787;8354293;;;;;
9142788;8354294;;;;;
9142142;8351739;;;;;
9407105;8647104;;;;;
9407098;8647100;;;;;
9407104;8647501;;;;;
9407097;8647437;;;;;
9408375;8647098;;;;;
9406149;8647092;;;;;
9407106;8647409;;;;;
9406457;8647481;;;;;
9406462;8647496;;;;;
9252869;8463743;;;;;
9253178;8463742;;;;;
9252225;8464054;;;;;
9252226;8464055;;;;;
9252227;8464053;;;;;
9255430;8465011;;;;;
9269818;8533492;;;;;
9269820;8533842;;;;;
9269821;8533841;;;;;
9207106;8407429;;;;;
9252861;8464069;;;;;
9252862;8464070;;;;;
9208057;8407443;;;;;
9207103;8407437;;;;;
9207104;8407440;;;;;
9207105;8407432;;;;;
9251910;8464105;;;;;
9252228;8464052;;;;;
9252855;8464064;;;;;
9208058;8407433;;;;;
9251589;8464063;;;;;
9251590;8464074;;;;;
9251909;8464098;;;;;
9142149;8353335;;;;;
9090949;8285499;;;;;
9090950;8285500;;;;;
9073335;8273657;;;;;
9073339;8273661;;;;;
9091580;8285169;;;;;
9091584;8285491;;;;;
9091585;8285495;;;;;
9270227;8309222;;;;;
9270228;8309230;;;;;
9278138;8308863;;;;;
9306944;8614143;;;;;
9306945;8614139;;;;;
9142150;8353336;;;;;
9071415;8255446;;;;;
9306946;8614141;;;;;
9306947;8614138;;;;;
9440696;8584371;;;;;
9088703;8272382;;;;;
9399099;8753662;;;;;
9379577;8697016;;;;;
9380221;8718134;;;;;
9379895;8702133;;;;;
9325499;8626936;;;;;
9325500;8626932;;;;;
9325501;8621496;;;;;
9325815;8626937;;;;;
9325816;8622132;;;;;
9325817;8622133;;;;;
9325818;8622136;;;;;
9133824;8328707;;;;;
9131906;8328738;;;;;
9137342;8328747;;;;;
9134470;8328737;;;;;
9137337;8328743;;;;;
9340226;8651250;;;;;
9340220;8651911;;;;;
9340227;8646781;;;;;
9340221;8651919;;;;;
9047742;8240372;;;;;
9037815;8249329;;;;;
9377026;8697014;;;;;
9377027;8697011;;;;;
9377022;8696382;;;;;
9337982;8637506;;;;;
9337983;8637507;;;;;
9337984;8637503;;;;;
9169015;8370609;;;;;
9169016;8370319;;;;;
9338300;8637177;;;;;
9338301;8637180;;;;;
9338302;8637176;;;;;
9166143;8370612;;;;;
9166144;8370320;;;;;
9166145;8370610;;;;;
9386621;8712373;;;;;
9386622;8712377;;;;;
9386623;8712369;;;;;
9386624;8712376;;;;;
9386625;8712375;;;;;
8048696;7082294;;;;;
8048704;7082295;;;;;
8122295;7145969;;;;;
1712376;1370603;;;;;
8122296;7145969;;;;;
8145988;6312369;;;;;
8145989;6312369;;;;;
1712378;1370603;;;;;
7924535;6962291;;;;;
7924536;6962291;;;;;
8048695;7082294;;;;;
1528388;1283246;;;;;
1712377;1370603;;;;;
9432699;8736377;;;;;
9432700;8736374;;;;;
9092855;8285501;;;;;
9092856;8285502;;;;;
9092857;8287089;;;;;
9092859;8285181;;;;;
1689339;1360993;;;;;
1689340;1360993;;;;;
1689341;1360993;;;;;
1689342;1360993;;;;;
1689343;1360995;;;;;
1689344;1360995;;;;;
1531908;1285796;;;;;
1689345;1360995;;;;;
9333504;8639092;;;;;
9333505;8639100;;;;;
9328700;8638136;;;;;
9325820;8622134;;;;;
8125498;561106;;;;;
8125497;561105;;;;;
8125500;1318753;;;;;
8139895;585590;;;;;
8139896;585592;;;;;
8141176;1934113;;;;;
8137349;1283238;;;;;
8137343;561352;;;;;
8137344;585658;;;;;
8139897;585594;;;;;
8137345;587412;;;;;
8137350;1283238;;;;;
8138947;1283238;;;;;
8138948;1283238;;;;;
8138949;1283238;;;;;
8298621;2134137;;;;;
8298622;2134137;;;;;
8298623;2134137;;;;;
8298624;2134137;;;;;
8148224;1324837;;;;;
8148225;1317155;;;;;
8148229;1414445;;;;;
8148228;1414444;;;;;
8148227;1317157;;;;;
8148226;1317156;;;;;
8148230;1416371;;;;;
8145979;1297635;;;;;
8145980;1297635;;;;;
8145981;1297635;;;;;
8145982;1297635;;;;;
8145983;1297635;;;;;
8152695;563322;;;;;
8152696;563322;;;;;
8152697;563322;;;;;
8152698;563322;;;;;
8152699;1283884;;;;;
8152700;1283884;;;;;
8152701;1283884;;;;;
8152702;1283884;;;;;
8152703;1283884;;;;;
8152704;1285153;;;;;
8152705;1285492;;;;;
8155260;1340513;;;;;
8153655;1298917;;;;;
8153656;1298917;;;;;
8153657;1298917;;;;;
8153658;1298917;;;;;
8153659;1414439;;;;;
8159742;692627;;;;;
8159741;692626;;;;;
3581520;2098292;;;;;
3581521;2098292;;;;;
3581522;2098292;;;;;
3581523;2098292;;;;;
8168063;705339;;;;;
8168064;705340;;;;;
8171258;604817;;;;;
8168065;705341;;;;;
8171259;604818;;;;;
8171262;604822;;;;;
8171261;604822;;;;;
8171260;604818;;;;;
8162947;756515;;;;;
8162943;603238;;;;;
8163577;603239;;;;;
8162944;603242;;;;;
8162945;603242;;;;;
8162946;756513;;;;;
8168057;706923;;;;;
8165495;597143;;;;;
8163909;603634;;;;;
8168060;705336;;;;;
8168061;705337;;;;;
8168062;705338;;;;;
3581516;2098291;;;;;
3581517;2098291;;;;;
3581518;2098291;;;;;
8163263;696092;;;;;
8163270;756516;;;;;
8163266;701473;;;;;
8163267;701474;;;;;
8163268;701475;;;;;
8163269;582712;;;;;
8162622;603233;;;;;
8162623;603234;;;;;
8162624;603235;;;;;
8162625;603236;;;;;
1064695;998763;;;;;
1064696;998763;;;;;
1064697;998768;;;;;
1064698;998768;;;;;
8171579;604827;;;;;
8171580;604827;;;;;
8171581;604828;;;;;
8171582;604828;;;;;
8171583;604829;;;;;
8171584;604829;;;;;
8171586;604830;;;;;
8171585;604830;;;;;
8163903;603246;;;;;
8163904;603247;;;;;
8163910;706922;;;;;
8168055;706922;;;;;
8163906;603633;;;;;
8165496;597143;;;;;
8163905;603248;;;;;
8163907;603633;;;;;
8168059;940213;;;;;
8168056;706923;;;;;
8163908;603634;;;;;
8175423;701511;;;;;
8175424;705334;;;;;
8175419;607074;;;;;
8175420;607075;;;;;
8175421;607075;;;;;
8175430;1932527;;;;;
8175425;1265959;;;;;
8175426;642274;;;;;
8175427;641956;;;;;
8175428;641958;;;;;
8177015;561930;;;;;
8177017;564301;;;;;
8177018;564301;;;;;
8175416;607076;;;;;
8174136;639460;;;;;
8174137;639460;;;;;
8175417;607077;;;;;
8174149;705011;;;;;
8174138;639461;;;;;
8174150;1339586;;;;;
8175415;1339586;;;;;
8174135;604832;;;;;
8185976;640699;;;;;
8185982;1946280;;;;;
8185983;1946281;;;;;
8185978;1428836;;;;;
8185979;1428836;;;;;
8185980;1428836;;;;;
8185981;1428836;;;;;
8187259;1371253;;;;;
8187260;1371253;;;;;
8187261;1371253;;;;;
8187262;1371253;;;;;
8192695;1129318;;;;;
8192696;1129318;;;;;
8192697;1129318;;;;;
8192698;1129318;;;;;
8192699;1129319;;;;;
8174146;607715;;;;;
8177016;561931;;;;;
8182777;605811;;;;;
8182778;605811;;;;;
8179259;1358779;;;;;
8182776;1339585;;;;;
8192700;1129319;;;;;
8192702;1129319;;;;;
8192701;1129319;;;;;
9188542;8384051;;;;;
9185027;8390449;;;;;
8217655;605460;;;;;
8217656;605460;;;;;
8217657;607087;;;;;
8217658;607086;;;;;
8217697;1379239;;;;;
8217674;639080;;;;;
8217675;639080;;;;;
8217677;639081;;;;;
8217678;639081;;;;;
8217673;639080;;;;;
8217680;639079;;;;;
8217676;639081;;;;;
8217681;639079;;;;;
8217679;639079;;;;;
8217692;1076840;;;;;
8217693;1268513;;;;;
8217694;1297953;;;;;
8217695;1297953;;;;;
8217696;1297953;;;;;
9215744;8377039;;;;;
9215745;8377036;;;;;
9482298;8383090;;;;;
9215743;8377038;;;;;
9185030;8388864;;;;;
9186615;8388857;;;;;
9186616;8388862;;;;;
9227575;8466633;;;;;
9081345;8283292;;;;;
9085504;8283896;;;;;
9085505;8283894;;;;;
9085508;8283903;;;;;
9085509;8283897;;;;;
9081660;8283285;;;;;
9081662;8282298;;;;;
9224055;8454454;;;;;
9224056;8453183;;;;;
9224057;8454453;;;;;
9086776;8283904;;;;;
9086778;8283905;;;;;
9136701;8343730;;;;;
9064375;8242615;;;;;
9064376;8242625;;;;;
9064377;8242614;;;;;
9064378;8242617;;;;;
9064379;8242626;;;;;
9065015;8263095;;;;;
9097988;8301503;;;;;
9097989;8301509;;;;;
9097990;8301178;;;;;
9100855;8301500;;;;;
9100856;8301182;;;;;
9100857;8301180;;;;;
9148216;8349550;;;;;
9148224;8349558;;;;;
9149186;8350460;;;;;
9147260;8349538;;;;;
9144701;8349531;;;;;
9469816;8898290;;;;;
9225981;8454140;;;;;
9225983;8454138;;;;;
9225988;8454136;;;;;
9246141;8497388;;;;;
9246142;8497389;;;;;
9106297;8305701;;;;;
9106299;8303736;;;;;
9146309;8302776;;;;;
9146311;8302782;;;;;
9146312;8303091;;;;;
9146936;8302452;;;;;
9112069;8305661;;;;;
9113015;8305663;;;;;
9113016;8305664;;;;;
9116863;8305710;;;;;
9116869;8305709;;;;;
9062784;8242613;;;;;
9097975;8284575;;;;;
9225979;8454139;;;;;
9215746;8377035;;;;;
9215748;8377333;;;;;
9216055;8447212;;;;;
9216056;8447213;;;;;
9214149;8428544;;;;;
9214150;8428543;;;;;
9214775;8428542;;;;;
9214776;8428539;;;;;
9214777;8428538;;;;;
9146944;8332543;;;;;
9062783;8242616;;;;;
9159741;8332538;;;;;
9159742;8325175;;;;;
9159743;8325180;;;;;
9159744;8332539;;;;;
9159745;8332541;;;;;
9159747;8325179;;;;;
8295107;1554280;;;;;
8295417;1554281;;;;;
8295418;1554281;;;;;
1712380;1370604;;;;;
8295108;1554280;;;;;
1712381;1370604;;;;;
1712382;1370604;;;;;
1712383;1370604;;;;;
1728077;1379236;;;;;
1068536;1001633;;;;;
1068537;1001633;;;;;
1068538;1001634;;;;;
1068539;1001634;;;;;
1068540;1001634;;;;;
1068541;1001635;;;;;
2141818;1554961;;;;;
2141819;1554961;;;;;
2141820;1554961;;;;;
2141821;1554961;;;;;
2141822;1554288;;;;;
2141824;1554288;;;;;
2141825;1554288;;;;;
2141826;1554287;;;;;
2141827;1554287;;;;;
2141828;1554287;;;;;
2141829;1554287;;;;;
2141830;1554283;;;;;
2142135;1554283;;;;;
2142136;1554283;;;;;
2141817;1554284;;;;;
2142137;1554283;;;;;
2142138;1554285;;;;;
2142139;1554285;;;;;
2142141;1554964;;;;;
2142142;1554964;;;;;
2141823;1554288;;;;;
8295416;1554281;;;;;
1712379;1370603;;;;;
1728375;1379237;;;;;
1728377;1379237;;;;;
1528706;1283557;;;;;
1528707;1283557;;;;;
1528708;1283558;;;;;
1528709;1283558;;;;;
1531895;1285793;;;;;
1528389;1283246;;;;;
1531896;1285793;;;;;
1531897;1285793;;;;;
1531898;1285793;;;;;
1531899;1285794;;;;;
1531900;1285794;;;;;
1531901;1285794;;;;;
1068543;1001635;;;;;
1068544;1001636;;;;;
1068545;1001636;;;;;
1068546;1001636;;;;;
1068547;1001637;;;;;
1531902;1285794;;;;;
1088388;1010297;;;;;
1088389;1010297;;;;;
1088390;1010297;;;;;
1088391;1010297;;;;;
1088392;1010297;;;;;
1088393;1010296;;;;;
1088394;1010296;;;;;
1088395;1010296;;;;;
1088396;1010296;;;;;
1088397;1010296;;;;;
1088382;1010298;;;;;
1088398;1010296;;;;;
1088399;1010295;;;;;
1088400;1010295;;;;;
1088401;1010295;;;;;
1088387;1010297;;;;;
1088402;1010295;;;;;
1088403;1010295;;;;;
1088404;1010295;;;;;
8294460;1984040;;;;;
8294461;1984040;;;;;
8294462;1984040;;;;;
3581524;2098292;;;;;
3581525;2098290;;;;;
3581526;2098290;;;;;
3582135;2098290;;;;;
3582136;2098290;;;;;
3582137;2098290;;;;;
3582138;2098290;;;;;
3581515;2098291;;;;;
3640066;2081660;;;;;
3640067;2081660;;;;;
3640068;2081659;;;;;
3640069;2081659;;;;;
8294459;1984040;;;;;
3640070;2081661;;;;;
3640696;2081658;;;;;
3640697;2081658;;;;;
3640700;2081657;;;;;
3640701;2081657;;;;;
1064700;998768;;;;;
1064701;998771;;;;;
1064702;998771;;;;;
1064703;998771;;;;;
1064704;998771;;;;;
1064706;998767;;;;;
1064707;998767;;;;;
1064709;998766;;;;;
1064710;998766;;;;;
1064711;998766;;;;;
1064708;998767;;;;;
1064712;998766;;;;;
1064714;998765;;;;;
1064715;998765;;;;;
1064699;998768;;;;;
3640695;2081661;;;;;
1064716;998764;;;;;
1064717;998764;;;;;
1064718;998764;;;;;
1068535;1001633;;;;;
1064705;998767;;;;;
8295097;1554277;;;;;
8295098;1554277;;;;;
8295099;1554278;;;;;
8294779;1984036;;;;;
8295100;1554278;;;;;
8295109;1554280;;;;;
8295110;1554280;;;;;
8295101;1554278;;;;;
8295102;1554278;;;;;
8295103;1554279;;;;;
8295104;1554279;;;;;
8295105;1554279;;;;;
8294786;1984035;;;;;
8295106;1554279;;;;;
8295415;1554281;;;;;
8295096;1554277;;;;;
8298615;2134133;;;;;
8298616;2134133;;;;;
8298617;2134136;;;;;
8298618;2134136;;;;;
8298620;2134135;;;;;
8298625;6312374;;;;;
8298626;6312374;;;;;
8298627;6312375;;;;;
8298628;6312375;;;;;
8298629;6312373;;;;;
8298630;6312373;;;;;
8298619;2134135;;;;;
1531903;1285795;;;;;
1689346;1360995;;;;;
1689347;1360998;;;;;
1689349;1360998;;;;;
1271743;1125800;;;;;
1271744;1125801;;;;;
1271745;1125801;;;;;
1271746;1125801;;;;;
8293503;2085183;;;;;
8293504;2085183;;;;;
8293505;2085182;;;;;
8293507;2085181;;;;;
8293508;2085181;;;;;
8293509;2079453;;;;;
8293510;2079453;;;;;
8293815;2079453;;;;;
8293816;2079453;;;;;
8293817;2079452;;;;;
8293818;2079452;;;;;
8293819;2079452;;;;;
8293820;2079452;;;;;
8293821;2079451;;;;;
8293822;2079451;;;;;
8293827;1987553;;;;;
1689348;1360998;;;;;
8293829;1987553;;;;;
8293506;2085182;;;;;
8293830;1987553;;;;;
8294135;1984045;;;;;
8294141;1984044;;;;;
8294136;1984045;;;;;
8294137;1984045;;;;;
8294138;1984045;;;;;
8294139;1984044;;;;;
8294140;1984044;;;;;
8294142;1984044;;;;;
8294143;1984043;;;;;
1271748;1125802;;;;;
1271749;1125802;;;;;
8293828;1987553;;;;;
1526775;1281317;;;;;
1526776;1281317;;;;;
1526777;1281318;;;;;
1526778;1281318;;;;;
1526779;1281319;;;;;
1526780;1281319;;;;;
1526781;1281320;;;;;
1526782;1281320;;;;;
1528079;1282927;;;;;
1528080;1282927;;;;;
1528081;1282927;;;;;
1528082;1282927;;;;;
8294469;1984038;;;;;
8293502;2085184;;;;;
9124540;8282612;;;;;
9124542;8282614;;;;;
9269514;8526459;;;;;
9190463;8387585;;;;;
9190465;8385664;;;;;
9190466;8385653;;;;;
9190467;8387571;;;;;
9190468;8387582;;;;;
9248059;8504064;;;;;
9118461;8320058;;;;;
9103109;8303742;;;;;
9126135;8282624;;;;;
9126140;8283307;;;;;
9251587;8464061;;;;;
9306307;8611575;;;;;
9266008;8533817;;;;;
9266014;8533820;;;;;
9081658;8283264;;;;;
9252218;8464397;;;;;
9537344;8587571;;;;;
9331265;8621497;;;;;
9306937;8614769;;;;;
9306938;8614142;;;;;
9306939;8614137;;;;;
9306940;8614129;;;;;
9306941;8616370;;;;;
9306942;8614770;;;;;
9306943;8614140;;;;;
9081661;8283262;;;;;
9081664;8283261;;;;;
9074947;8255419;;;;;
9074948;8255416;;;;;
9074950;8255411;;;;;
9075256;8255463;;;;;
9086785;8283913;;;;;
9243269;8502462;;;;;
9243274;8502454;;;;;
9243275;8502455;;;;;
9243276;8502453;;;;;
9340217;8637504;;;;;
9207108;8407438;;;;;
9207109;8407439;;;;;
9207110;8407444;;;;;
9207424;8407447;;;;;
9207425;8407434;;;;;
9207426;8407426;;;;;
9159735;8332547;;;;;
9266005;8533813;;;;;
9266006;8533495;;;;;
9243277;8502451;;;;;
9249983;8504060;;;;;
9207427;8407446;;;;;
9207428;8407427;;;;;
9207429;8407430;;;;;
9207430;8407435;;;;;
9208056;8407445;;;;;
9434307;8511474;;;;;
9081025;8283258;;;;;
9081026;8282302;;;;;
9081028;8282293;;;;;
9270221;8309227;;;;;
9270222;8309229;;;;;
9270223;8309225;;;;;
9270224;8308861;;;;;
9270225;8309234;;;;;
9136704;8342795;;;;;
9292864;8515582;;;;;
9292865;8515574;;;;;
9292866;8514935;;;;;
9292867;8515573;;;;;
9292868;8515577;;;;;
9292869;8515250;;;;;
9292870;8515263;;;;;
9293495;8515569;;;;;
9075257;8255415;;;;;
9090937;8285173;;;;;
9080696;8282301;;;;;
9246143;8497380;;;;;
9214148;8427252;;;;;
9278143;8308854;;;;;
9292861;8515570;;;;;
9292862;8515581;;;;;
9292863;8515576;;;;;
9214144;8429503;;;;;
9214145;8428541;;;;;
9214146;8429504;;;;;
9278144;8309195;;;;;
9072058;8273654;;;;;
9072059;8273655;;;;;
9073336;8273658;;;;;
9073340;8273662;;;;;
9208705;8416371;;;;;
9096383;8292890;;;;;
9208695;8416369;;;;;
9208696;8415424;;;;;
9208699;8416370;;;;;
9208704;8416372;;;;;
9250308;8519120;;;;;
9250618;8519105;;;;;
9250620;8519099;;;;;
9165187;8354348;;;;;
9165188;8354349;;;;;
9165189;8354350;;;;;
9293496;8515571;;;;;
9293497;8515572;;;;;
9306308;8611583;;;;;
9209015;8429832;;;;;
9209016;8429834;;;;;
9209017;8427259;;;;;
9209018;8429833;;;;;
9278145;8309191;;;;;
9278146;8309194;;;;;
9305988;8611892;;;;;
9305989;8611891;;;;;
9305990;8611890;;;;;
9306295;8611572;;;;;
9306296;8611573;;;;;
9306297;8611581;;;;;
9306298;8611571;;;;;
9306299;8611582;;;;;
9306300;8611578;;;;;
9306301;8611584;;;;;
9306302;8611894;;;;;
9306303;8611577;;;;;
9306304;8611579;;;;;
9306305;8611569;;;;;
9306306;8611896;;;;;
9126142;8283309;;;;;
9118135;8305699;;;;;
9118138;8305700;;;;;
9118139;8305717;;;;;
9118140;8305719;;;;;
9243587;8503102;;;;;
9091579;8285175;;;;;
9091582;8285171;;;;;
9233670;8484222;;;;;
9235575;8484225;;;;;
9235576;8484233;;;;;
9409657;8647453;;;;;
9405177;8649009;;;;;
9406463;8647483;;;;;
9406466;8647091;;;;;
9165190;8354937;;;;;
9149497;8351734;;;;;
9144703;8350459;;;;;
9147261;8349539;;;;;
9251584;8464058;;;;;
9267584;8527116;;;;;
9208055;8406780;;;;;
9252216;8464111;;;;;
9207107;8407436;;;;;
9385985;8712052;;;;;
9269822;8533823;;;;;
9252217;8464373;;;;;
9252219;8464375;;;;;
9213505;8429835;;;;;
9213506;8428530;;;;;
9213507;8428536;;;;;
9270211;8309233;;;;;
9270214;8309231;;;;;
9270215;8309232;;;;;
438096;561505;;;;;
438097;561505;;;;;
438098;561505;;;;;
438099;561505;;;;;
3287430;1931553;;;;;
3287735;1931553;;;;;
438103;561506;;;;;
506473;590200;;;;;
506472;590201;;;;;
438101;561506;;;;;
438102;561506;;;;;
3287736;1931553;;;;;
3287737;1931553;;;;;
9294790;8515932;;;;;
9116546;8305688;;;;;
9116856;8305697;;;;;
3287738;1931553;;;;;
438100;561506;;;;;
9127108;8335099;;;;;
9136709;8342790;;;;;
9243278;8502452;;;;;
9243279;8502450;;;;;
9227899;8461503;;;;;
9227901;8468219;;;;;
9379589;8697028;;;;;
9379575;8696371;;;;;
9379578;8697017;;;;;
9325825;8622151;;;;;
9325826;8622149;;;;;
9325827;8626933;;;;;
9325828;8622160;;;;;
9166135;8370317;;;;;
9166136;8370308;;;;;
8802298;7896369;;;;;
8787907;7871409;;;;;
8787906;7871409;;;;;
8802303;7896373;;;;;
8802302;7896373;;;;;
8802305;7896370;;;;;
9250945;8518779;;;;;
9250946;8519111;;;;;
9250947;8519114;;;;;
9250948;8519112;;;;;
9250949;8519119;;;;;
9076540;8252541;;;;;
9076541;8255464;;;;;
9076542;8254463;;;;;
9083897;8283288;;;;;
9118776;8315575;;;;;
9471736;8315577;;;;;
9081024;8282292;;;;;
9225987;8454135;;;;;
9225989;8454141;;;;;
9225990;8454134;;;;;
9225991;8453178;;;;;
9250943;8518780;;;;;
9250944;8519103;;;;;
9281026;8574471;;;;;
9281027;8574472;;;;;
9281028;8574452;;;;;
9281029;8574473;;;;;
9386629;8712379;;;;;
9386630;8712063;;;;;
9194635;8383089;;;;;
9194636;8380862;;;;;
9194637;8380863;;;;;
9194638;8383097;;;;;
9227586;8466614;;;;;
9253181;8464050;;;;;
9252865;8463735;;;;;
9252866;8463741;;;;;
9252867;8464051;;;;;
9252868;8463740;;;;;
9080695;8283259;;;;;
9286141;8597810;;;;;
9172229;8374449;;;;;
9173177;8374462;;;;;
9136696;8342797;;;;;
9136697;8342798;;;;;
9136698;8343729;;;;;
9136699;8342800;;;;;
9136700;8342788;;;;;
9209024;8429811;;;;;
9209026;8429812;;;;;
9227930;8467893;;;;;
9227931;8467892;;;;;
9249023;8504374;;;;;
9249024;8504689;;;;;
9339584;8637517;;;;;
9339585;8637518;;;;;
9339586;8637520;;;;;
9339587;8637492;;;;;
9339588;8637184;;;;;
9112068;8305660;;;;;
9190140;8387573;;;;;
9190141;8387575;;;;;
9190142;8387569;;;;;
9190143;8385652;;;;;
9190144;8387574;;;;;
9076539;8252539;;;;;
9112066;8305658;;;;;
9112067;8305659;;;;;
9248060;8504694;;;;;
9227932;8467890;;;;;
9103739;8305748;;;;;
9246790;8497420;;;;;
9215747;8377360;;;;;
9194943;8380855;;;;;
9194630;8383091;;;;;
9194631;8383111;;;;;
9194632;8383110;;;;;
9194633;8383094;;;;;
9194634;8383093;;;;;
9189510;8387592;;;;;
9190136;8387570;;;;;
9227925;8467898;;;;;
9227926;8467897;;;;;
9227927;8467896;;;;;
9432428;8736055;;;;;
9432427;8736460;;;;;
9432426;8736459;;;;;
9432404;8736437;;;;;
9281020;8583348;;;;;
9281021;8583349;;;;;
9267588;8527105;;;;;
9267589;8527111;;;;;
9178298;8343732;;;;;
9178302;8343733;;;;;
9178303;8343736;;;;;
9178051;8344700;;;;;
9364550;8642614;;;;;
9243285;8497434;;;;;
9280390;8549822;;;;;
9280064;8550782;;;;;
9267585;8527104;;;;;
9267586;8527103;;;;;
9267587;8527108;;;;;
9286145;8574466;;;;;
9178052;8344696;;;;;
9178053;8344693;;;;;
9145665;8302456;;;;;
9145667;8303732;;;;;
9178054;8344698;;;;;
9178295;8344697;;;;;
9112057;8303744;;;;;
9112064;8305656;;;;;
9145668;8303094;;;;;
9091583;8285172;;;;;
9432403;8736443;;;;;
9227895;8461496;;;;;
9432402;8736458;;;;;
9437501;8736442;;;;;
9423738;8736732;;;;;
9423739;8737338;;;;;
9423740;8736731;;;;;
9231778;8484541;;;;;
9231779;8492885;;;;;
9231780;8484219;;;;;
9231781;8484542;;;;;
9293829;8515909;;;;;
9282301;8552375;;;;;
9280404;8554617;;;;;
9280405;8552382;;;;;
9280407;8552691;;;;;
9267895;8527110;;;;;
9224059;8453179;;;;;
9224060;8453182;;;;;
9224062;8453181;;;;;
9224063;8454130;;;;;
9101175;8301491;;;;;
9101176;8301179;;;;;
9101177;8301184;;;;;
9101179;8301490;;;;;
9101178;8301489;;;;;
9101180;8301492;;;;;
9101181;8301183;;;;;
9101182;8301502;;;;;
9101183;8301505;;;;;
9101184;8301501;;;;;
9101185;8301496;;;;;
9226628;8461495;;;;;
9055097;8247457;;;;;
9048695;8247411;;;;;
9189190;8384702;;;;;
9189188;8384697;;;;;
9189508;8383737;;;;;
9189186;8381829;;;;;
9265980;8533852;;;;;
9265982;8533849;;;;;
9227921;8467902;;;;;
9227922;8467901;;;;;
9227923;8467900;;;;;
9164223;8370620;;;;;
9164224;8370619;;;;;
9164225;8370627;;;;;
9164226;8370310;;;;;
9164227;8370630;;;;;
9164228;8370628;;;;;
9164229;8370629;;;;;
9164230;8370622;;;;;
9118141;8305696;;;;;
9118143;8305738;;;;;
9281015;8583346;;;;;
9281016;8583347;;;;;
9281019;8574455;;;;;
9249990;8464394;;;;;
9250295;8464390;;;;;
9250296;8464377;;;;;
9250297;8464372;;;;;
9249989;8464386;;;;;
9250298;8464371;;;;;
9227582;8468532;;;;;
9227583;8466612;;;;;
9227585;8466615;;;;;
9227587;8466617;;;;;
9054136;8247445;;;;;
9207423;8407442;;;;;
9075267;8255428;;;;;
9075268;8254462;;;;;
9075269;8255460;;;;;
9142456;8349504;;;;;
9226625;8466624;;;;;
9226627;8466620;;;;;
9135419;8336703;;;;;
9059904;8249338;;;;;
9059906;8242609;;;;;
9059895;8249659;;;;;
9059896;8249658;;;;;
9059897;8249340;;;;;
9140546;8342457;;;;;
9145666;8302457;;;;;
9140866;8336695;;;;;
9140865;8336383;;;;;
9140863;8336693;;;;;
430297;561879;;;;;
426841;562395;;;;;
426842;562397;;;;;
485784;559223;;;;;
490484;562396;;;;;
9140862;8336378;;;;;
9140861;8336699;;;;;
9140860;8336694;;;;;
9140859;8336384;;;;;
9140858;8336691;;;;;
9140857;8336692;;;;;
9140856;8336382;;;;;
9140855;8336697;;;;;
9296056;8515917;;;;;
9296057;8515593;;;;;
9249662;8504703;;;;;
9249663;8504704;;;;;
9249664;8504057;;;;;
9209665;8412538;;;;;
9209658;8414780;;;;;
9209659;8415414;;;;;
9109495;8293490;;;;;
9133504;8328689;;;;;
9133505;8328706;;;;;
9133507;8328708;;;;;
9133510;8328713;;;;;
9049655;8240374;;;;;
9052245;8247442;;;;;
460213;570801;;;;;
9088387;8272405;;;;;
9088390;8272412;;;;;
9088388;8272376;;;;;
9088389;8272380;;;;;
9113028;8305690;;;;;
9115896;8315264;;;;;
9115898;8315570;;;;;
9115899;8314944;;;;;
9098297;8292860;;;;;
9186627;8385339;;;;;
9227914;8468213;;;;;
9227915;8468212;;;;;
9098298;8292861;;;;;
9099258;8292542;;;;;
9099261;8292849;;;;;
9099263;8292851;;;;;
9099264;8292852;;;;;
9227916;8468211;;;;;
9270206;8309170;;;;;
9270209;8309228;;;;;
9270210;8308864;;;;;
9252870;8463738;;;;;
9253175;8464049;;;;;
9296058;8515592;;;;;
9286146;8574468;;;;;
9286149;8574450;;;;;
9103095;8305728;;;;;
9103096;8305729;;;;;
9103097;8305730;;;;;
9103098;8305731;;;;;
9103100;8305733;;;;;
9209984;8414772;;;;;
9213496;8419256;;;;;
9213497;8419253;;;;;
9142459;8349508;;;;;
9062144;8258617;;;;;
9062145;8258618;;;;;
9062146;8258619;;;;;
9062147;8258620;;;;;
9062148;8258621;;;;;
9115902;8315569;;;;;
9115903;8315261;;;;;
9115904;8315574;;;;;
9172221;8373181;;;;;
9075270;8255427;;;;;
9075583;8255412;;;;;
9075584;8254464;;;;;
9075585;8253820;;;;;
9075586;8253821;;;;;
9249982;8504055;;;;;
9249984;8504061;;;;;
9249985;8504690;;;;;
9278139;8309244;;;;;
9278140;8309245;;;;;
9278141;8309169;;;;;
9278142;8309192;;;;;
9243263;8503089;;;;;
9172215;8354312;;;;;
9190137;8385660;;;;;
9190139;8387572;;;;;
9172216;8354311;;;;;
9172217;8354931;;;;;
9172218;8354305;;;;;
9172219;8354302;;;;;
9057981;8249342;;;;;
9057983;8249344;;;;;
9057985;8249650;;;;;
9049657;8240369;;;;;
9077817;8272379;;;;;
9077818;8272446;;;;;
9077819;8272416;;;;;
9077821;8272418;;;;;
9077822;8272393;;;;;
9249656;8504058;;;;;
9249657;8504375;;;;;
9249658;8504700;;;;;
9249659;8504376;;;;;
9249660;8504701;;;;;
9249661;8504702;;;;;
9073338;8273660;;;;;
9226629;8461494;;;;;
9209022;8429814;;;;;
9235597;8497338;;;;;
9209020;8429813;;;;;
9209023;8426297;;;;;
9209028;8429817;;;;;
9209664;8414769;;;;;
9209667;8412540;;;;;
9209668;8412533;;;;;
9209977;8412536;;;;;
9209979;8414775;;;;;
9299578;8614812;;;;;
9299579;8614815;;;;;
9299580;8614813;;;;;
9299576;8614814;;;;;
9298619;8615092;;;;;
9265999;8533816;;;;;
9266000;8533814;;;;;
9266002;8533504;;;;;
9266003;8533501;;;;;
9253176;8463739;;;;;
9253182;8464079;;;;;
9253183;8464076;;;;;
9253184;8465014;;;;;
9253177;8463737;;;;;
9103099;8305732;;;;;
9189502;8382461;;;;;
9189503;8384695;;;;;
9189504;8382458;;;;;
9189185;8384704;;;;;
9189184;8382463;;;;;
9235598;8497341;;;;;
9235599;8497339;;;;;
9235600;8496697;;;;;
9185023;8390455;;;;;
9185025;8390459;;;;;
9185026;8390456;;;;;
9185028;8388858;;;;;
9185029;8388863;;;;;
9112058;8305649;;;;;
9112063;8305655;;;;;
9227918;8468209;;;;;
9295106;8515915;;;;;
9116880;8320064;;;;;
9081983;8283273;;;;;
9128380;8334780;;;;;
9128385;8334769;;;;;
9128387;8334771;;;;;
9128389;8334773;;;;;
9266004;8533809;;;;;
9139581;8327741;;;;;
440598;561631;;;;;
440021;561537;;;;;
9112070;8305662;;;;;
9183097;8390464;;;;;
9183098;8388851;;;;;
9189178;8383741;;;;;
9116544;8305682;;;;;
9116548;8305694;;;;;
9124546;8282619;;;;;
9124547;8282620;;;;;
9124548;8282621;;;;;
9194301;8383108;;;;;
9194302;8383107;;;;;
9194303;8383731;;;;;
9194304;8383105;;;;;
9185024;8387600;;;;;
9113030;8305695;;;;;
9116538;8305687;;;;;
9243264;8502457;;;;;
9243265;8502449;;;;;
9243266;8503091;;;;;
9243267;8503090;;;;;
9243268;8502464;;;;;
9243270;8502461;;;;;
9243271;8503092;;;;;
9130000;8335097;;;;;
9130001;8335093;;;;;
9130002;8334778;;;;;
9097977;8284852;;;;;
9097978;8284857;;;;;
9097979;8284576;;;;;
9097980;8284851;;;;;
9139582;8345973;;;;;
9109819;8314301;;;;;
9179261;8385331;;;;;
9179262;8385335;;;;;
9179263;8385336;;;;;
9051581;8247429;;;;;
9077825;8272420;;;;;
9077826;8272447;;;;;
9088381;8272064;;;;;
9088382;8272407;;;;;
9227928;8467895;;;;;
9227929;8467894;;;;;
9072380;8255445;;;;;
9072381;8255435;;;;;
9072384;8255455;;;;;
9073337;8273659;;;;;
9164221;8370312;;;;;
9164222;8370311;;;;;
9103735;8305744;;;;;
9103736;8305745;;;;;
9288699;8515902;;;;;
9231770;8480062;;;;;
9062785;8242622;;;;;
9062786;8242612;;;;;
9062787;8242621;;;;;
9062788;8242618;;;;;
9062790;8242624;;;;;
9246150;8497398;;;;;
9246775;8497383;;;;;
9130616;8314303;;;;;
9130617;8314940;;;;;
9130618;8314936;;;;;
9088699;8272371;;;;;
9088700;8272414;;;;;
9088701;8272369;;;;;
9088702;8273651;;;;;
9186618;8385343;;;;;
9186619;8385649;;;;;
9116550;8305685;;;;;
9116855;8305716;;;;;
9116857;8305718;;;;;
9213500;8428534;;;;;
9213502;8419257;;;;;
9213503;8419258;;;;;
9294458;8515583;;;;;
9294788;8515926;;;;;
9294789;8515935;;;;;
9213498;8427262;;;;;
9213499;8427261;;;;;
9116542;8305689;;;;;
9144376;8349517;;;;;
9144377;8349516;;;;;
9144378;8345978;;;;;
9144380;8349518;;;;;
9144381;8349515;;;;;
9144382;8302462;;;;;
9113029;8305686;;;;;
9116547;8305683;;;;;
9097985;8284856;;;;;
9097986;8284859;;;;;
9097981;8284853;;;;;
9097982;8284855;;;;;
9097983;8284850;;;;;
9097339;8292866;;;;;
9128388;8334775;;;;;
9128390;8334774;;;;;
9145655;8302458;;;;;
9145656;8302773;;;;;
9145657;8302771;;;;;
9145662;8302774;;;;;
9145663;8302451;;;;;
9145664;8302455;;;;;
9116536;8305691;;;;;
9288700;8515895;;;;;
9288701;8515894;;;;;
9288702;8515900;;;;;
9288703;8515897;;;;;
9146313;8303731;;;;;
9146314;8303730;;;;;
9146935;8358466;;;;;
9115895;8315572;;;;;
9109841;8319437;;;;;
9109842;8319438;;;;;
9109843;8320054;;;;;
9109844;8319439;;;;;
9109845;8319436;;;;;
9249027;8504062;;;;;
9249028;8504063;;;;;
9249029;8504692;;;;;
9249030;8504697;;;;;
9226935;8465017;;;;;
9115897;8315573;;;;;
9115900;8315263;;;;;
9115901;8315262;;;;;
9134469;8328728;;;;;
9088383;8272370;;;;;
9088384;8272415;;;;;
9088385;8272411;;;;;
9088386;8272404;;;;;
9110137;8320051;;;;;
9110138;8320052;;;;;
9110139;8319440;;;;;
9231771;8481020;;;;;
9245189;8497386;;;;;
9245190;8497396;;;;;
9226937;8468223;;;;;
9226939;8468221;;;;;
9226941;8466635;;;;;
9226943;8466609;;;;;
9226946;8466611;;;;;
9226947;8468534;;;;;
9226948;8466629;;;;;
9160695;8332544;;;;;
9160696;8332540;;;;;
9172223;8374451;;;;;
9172224;8373183;;;;;
9172225;8374458;;;;;
9096389;8292896;;;;;
9097028;8292855;;;;;
9097029;8292856;;;;;
9097030;8292857;;;;;
9098295;8292858;;;;;
9098296;8292859;;;;;
9066629;8264053;;;;;
9159749;8332549;;;;;
9194305;8383131;;;;;
9194306;8380852;;;;;
9194307;8383130;;;;;
9194615;8383123;;;;;
9194616;8383120;;;;;
9482299;8383733;;;;;
9213504;8419254;;;;;
9225976;8453175;;;;;
9225977;8453176;;;;;
9133186;8328690;;;;;
9136705;8342793;;;;;
9136706;8342791;;;;;
9136707;8342789;;;;;
9136708;8342792;;;;;
9062149;8258622;;;;;
9062150;8258623;;;;;
9059575;8256052;;;;;
9059582;8256059;;;;;
9059900;8249655;;;;;
9059901;8249656;;;;;
9059902;8249339;;;;;
9103737;8305746;;;;;
9103738;8305747;;;;;
9214136;8427584;;;;;
9186617;8388860;;;;;
9295098;8514934;;;;;
9295099;8515256;;;;;
9295100;8515940;;;;;
9295101;8514941;;;;;
9295102;8514939;;;;;
9295103;8515916;;;;;
9295104;8514940;;;;;
9295105;8515934;;;;;
9046469;8247478;;;;;
9125180;8319434;;;;;
9125183;8319425;;;;;
9246776;8497382;;;;;
9246777;8497385;;;;;
9246778;8497401;;;;;
9246779;8497411;;;;;
9246780;8499895;;;;;
9246781;8496700;;;;;
9288708;8515898;;;;;
9288709;8515904;;;;;
9288710;8515893;;;;;
9289655;8515889;;;;;
9289656;8515600;;;;;
9289657;8601329;;;;;
9289658;8515599;;;;;
9289659;8515892;;;;;
9289660;8515896;;;;;
9292855;8515901;;;;;
9292856;8515264;;;;;
9292857;8515899;;;;;
9142779;8353341;;;;;
9142780;8353342;;;;;
9194308;8383129;;;;;
9194309;8383124;;;;;
9194310;8383132;;;;;
9482301;8383122;;;;;
9482302;8383125;;;;;
9249655;8504056;;;;;
9249980;8504379;;;;;
9209348;8415416;;;;;
9123262;8319422;;;;;
9123904;8319428;;;;;
9123906;8318463;;;;;
9249668;8504384;;;;;
9249978;8504378;;;;;
9249979;8504381;;;;;
9214137;8419255;;;;;
9214138;8428535;;;;;
9214139;8428533;;;;;
9214140;8428531;;;;;
9214141;8428537;;;;;
9214142;8428540;;;;;
9214143;8449969;;;;;
9270196;8308852;;;;;
9270197;8309172;;;;;
9146945;8332536;;;;;
9142776;8353338;;;;;
9097976;8284858;;;;;
9085501;8283891;;;;;
9085502;8283893;;;;;
9085506;8283898;;;;;
9085510;8283899;;;;;
9086779;8283906;;;;;
9209337;8429818;;;;;
9116881;8321009;;;;;
9116882;8320057;;;;;
9101187;8301493;;;;;
9101188;8301506;;;;;
9101189;8301507;;;;;
9101190;8301169;;;;;
9101495;8301508;;;;;
9246782;8499896;;;;;
9246783;8497410;;;;;
9047738;8240376;;;;;
9047739;8240381;;;;;
9047740;8240382;;;;;
9047741;8240370;;;;;
9142782;8353344;;;;;
9183099;8390463;;;;;
9183102;8390461;;;;;
9249981;8504380;;;;;
9081669;8283265;;;;;
9081670;8282932;;;;;
9081976;8283253;;;;;
9081977;8283282;;;;;
9081978;8283251;;;;;
9480378;8385661;;;;;
9480379;8385662;;;;;
9480377;8385656;;;;;
9169029;8354298;;;;;
9169030;8354297;;;;;
9270199;8309181;;;;;
9270202;8309177;;;;;
9270203;8308851;;;;;
9172220;8354310;;;;;
9169028;8354301;;;;;
9189496;8384700;;;;;
9189497;8384699;;;;;
9142777;8353339;;;;;
9142778;8353340;;;;;
9116541;8305681;;;;;
9116543;8305692;;;;;
9270201;8309247;;;;;
9270204;8309246;;;;;
9270207;8309223;;;;;
9270217;8309235;;;;;
9235596;8499890;;;;;
9134775;8328730;;;;;
9134776;8328710;;;;;
9135415;8337015;;;;;
9270220;8308850;;;;;
9249665;8503416;;;;;
9249666;8504382;;;;;
9128386;8334770;;;;;
9265975;8533855;;;;;
9265976;8533851;;;;;
9208703;8416373;;;;;
9208706;8415420;;;;;
9071416;8255452;;;;;
9183108;8390457;;;;;
9185017;8390468;;;;;
9292858;8515580;;;;;
9292859;8515579;;;;;
9292860;8515578;;;;;
9164231;8370626;;;;;
9164232;8370633;;;;;
9164233;8370618;;;;;
9164234;8370624;;;;;
9164235;8370621;;;;;
9164236;8370632;;;;;
9249986;8465015;;;;;
9249987;8463729;;;;;
9249988;8465016;;;;;
9225978;8453177;;;;;
9225980;8454451;;;;;
9225984;8454143;;;;;
9096378;8287731;;;;;
9227896;8466636;;;;;
9089019;8272413;;;;;
9089020;8273650;;;;;
9089021;8272374;;;;;
9089022;8272372;;;;;
9226618;8466618;;;;;
9226619;8465021;;;;;
9226620;8466623;;;;;
9129992;8335089;;;;;
9129993;8335090;;;;;
9129994;8335091;;;;;
9140542;8342453;;;;;
9140543;8342454;;;;;
9209976;8414773;;;;;
9089023;8272434;;;;;
9089024;8272427;;;;;
9089025;8272378;;;;;
9090305;8272401;;;;;
9090306;8272442;;;;;
9077816;8272383;;;;;
9073346;8255414;;;;;
9074630;8253819;;;;;
9074940;8255433;;;;;
9227911;8468217;;;;;
9227917;8468210;;;;;
9243257;8503095;;;;;
9295095;8515928;;;;;
9295096;8515939;;;;;
9295097;8514933;;;;;
9224058;8454452;;;;;
9250299;8464370;;;;;
9250300;8464369;;;;;
9250301;8464112;;;;;
9088705;8272443;;;;;
9088706;8272373;;;;;
9088707;8272444;;;;;
9189500;8383738;;;;;
9189187;8382459;;;;;
9189501;8382462;;;;;
9189506;8384056;;;;;
9231882;8484234;;;;;
9231883;8484214;;;;;
9075261;8255420;;;;;
9075262;8255423;;;;;
9075263;8255424;;;;;
9075264;8255431;;;;;
9075265;8255430;;;;;
9075266;8255429;;;;;
9165178;8354340;;;;;
9172226;8374460;;;;;
9172227;8374457;;;;;
9186622;8385337;;;;;
9186623;8385651;;;;;
9248707;8464384;;;;;
9248708;8465012;;;;;
9248709;8464393;;;;;
9248710;8464391;;;;;
9140869;8336690;;;;;
9137990;8337014;;;;;
9140868;8336698;;;;;
9140867;8336696;;;;;
9227904;8461502;;;;;
9227906;8461500;;;;;
9227909;8468218;;;;;
9062780;8240384;;;;;
9231884;8484210;;;;;
9074942;8255409;;;;;
9074943;8253824;;;;;
9250937;8519104;;;;;
9250938;8518781;;;;;
9250939;8519116;;;;;
9250942;8518774;;;;;
9132870;8328731;;;;;
9097984;8284854;;;;;
9059581;8256058;;;;;
9062143;8258616;;;;;
9243258;8503093;;;;;
9099899;8292032;;;;;
9098299;8292862;;;;;
9098310;8292539;;;;;
9096376;8287730;;;;;
9098300;8292863;;;;;
9098301;8292864;;;;;
9098302;8292865;;;;;
9081030;8282300;;;;;
9081336;8283275;;;;;
9081337;8282304;;;;;
9161662;8371574;;;;;
9161658;8371569;;;;;
9161665;8371570;;;;;
9161661;8370638;;;;;
9161663;8371571;;;;;
9161659;8370639;;;;;
9161660;8371573;;;;;
9161657;8370640;;;;;
9161664;8371572;;;;;
9081343;8282289;;;;;
9081344;8283250;;;;;
9226621;8465024;;;;;
9226623;8466622;;;;;
9226626;8465019;;;;;
9249670;8504699;;;;;
9249975;8504054;;;;;
9249976;8504373;;;;;
9249977;8504696;;;;;
9227577;8466627;;;;;
9227580;8466631;;;;;
9227581;8466630;;;;;
9226622;8465023;;;;;
9226624;8466621;;;;;
9102468;8307896;;;;;
9102470;8305727;;;;;
9288695;8514931;;;;;
9288696;8514932;;;;;
9288697;8515249;;;;;
9288698;8515903;;;;;
2233026;1579873;;;;;
2233027;1579874;;;;;
9265978;8533493;;;;;
9224067;8454132;;;;;
9224068;8452854;;;;;
9224071;8452853;;;;;
9265977;8533854;;;;;
9194299;8383127;;;;;
9194300;8383116;;;;;
9325823;8622145;;;;;
9325824;8622135;;;;;
9231845;8484537;;;;;
9231879;8484213;;;;;
9231881;8484209;;;;;
9265979;8533853;;;;;
9265981;8533846;;;;;
9265984;8533845;;;;;
9265986;8535409;;;;;
9265988;8533844;;;;;
9265989;8527125;;;;;
9265993;8533815;;;;;
9217349;8377346;;;;;
9217350;8377344;;;;;
9217655;8375733;;;;;
9217656;8375732;;;;;
9217657;8375734;;;;;
9217658;8375731;;;;;
9266017;8533856;;;;;
9266018;8533489;;;;;
9267575;8527121;;;;;
9267578;8526452;;;;;
9231885;8482610;;;;;
9231886;8484212;;;;;
9233661;8482614;;;;;
9267915;8527129;;;;;
9269515;8526461;;;;;
9269516;8527133;;;;;
9269517;8527132;;;;;
9269519;8526464;;;;;
9269520;8526463;;;;;
9269521;8526458;;;;;
9235601;8497342;;;;;
9265994;8533497;;;;;
9265996;8533500;;;;;
9265998;8533494;;;;;
9266001;8533818;;;;;
9209657;8415417;;;;;
9190150;8385658;;;;;
9190455;8387576;;;;;
9190456;8387578;;;;;
9190457;8387595;;;;;
9072375;8255438;;;;;
9147265;8349543;;;;;
9148229;8349563;;;;;
9149498;8351735;;;;;
9142775;8353337;;;;;
9072060;8273656;;;;;
9074945;8255418;;;;;
9074949;8255413;;;;;
9075258;8255422;;;;;
9075259;8255421;;;;;
9075260;8255434;;;;;
9076536;8252542;;;;;
9076537;8252544;;;;;
9076538;8253818;;;;;
9233664;8484215;;;;;
9233665;8484217;;;;;
9233666;8492884;;;;;
9172222;8373182;;;;;
9216387;8377022;;;;;
9216388;8377030;;;;;
9216389;8377014;;;;;
9250304;8519109;;;;;
9250628;8519089;;;;;
9250935;8518771;;;;;
9250940;8518770;;;;;
9216385;8377020;;;;;
9216386;8377359;;;;;
9190459;8387580;;;;;
9190461;8387583;;;;;
9190462;8387584;;;;;
9059898;8249341;;;;;
9059899;8249657;;;;;
9059903;8249337;;;;;
9059907;8242610;;;;;
9298623;8615099;;;;;
9132217;8326144;;;;;
9231782;8484221;;;;;
9231831;8484543;;;;;
9231832;8484227;;;;;
9231833;8484538;;;;;
9231834;8484532;;;;;
9231835;8484223;;;;;
9072376;8255458;;;;;
9072377;8255437;;;;;
9270198;8309179;;;;;
9270200;8309173;;;;;
9270205;8309171;;;;;
9270208;8309224;;;;;
9270212;8309243;;;;;
9144385;8302464;;;;;
9144387;8302461;;;;;
9144388;8303104;;;;;
9144389;8302460;;;;;
9224069;8452852;;;;;
9224070;8453184;;;;;
9265997;8533819;;;;;
9130625;8313341;;;;;
9130626;8313340;;;;;
9216695;8377358;;;;;
9190464;8387586;;;;;
9190470;8385663;;;;;
9216390;8377011;;;;;
9216376;8377023;;;;;
9216375;8377025;;;;;
9208698;8416374;;;;;
9250621;8519098;;;;;
9250622;8519097;;;;;
9250624;8518782;;;;;
9146937;8303103;;;;;
9146938;8303098;;;;;
9146939;8302781;;;;;
9146940;8302780;;;;;
9146941;8303097;;;;;
9146942;8332542;;;;;
9137338;8328741;;;;;
9137339;8328744;;;;;
9137340;8328745;;;;;
9137341;8328746;;;;;
9137344;8328750;;;;;
9137346;8328749;;;;;
9133182;8326139;;;;;
9116858;8305725;;;;;
9116860;8305726;;;;;
9179264;8385329;;;;;
9179266;8385334;;;;;
9179267;8385333;;;;;
9179268;8385332;;;;;
9179269;8385330;;;;;
9183095;8390462;;;;;
9295740;8515924;;;;;
9057350;8249334;;;;;
9057975;8249654;;;;;
9057976;8249653;;;;;
9057977;8249336;;;;;
9057978;8249335;;;;;
9057979;8249652;;;;;
9057980;8249651;;;;;
9231746;8480058;;;;;
9235605;8496691;;;;;
9235606;8496692;;;;;
9246787;8497415;;;;;
9246788;8497421;;;;;
9246789;8497403;;;;;
9250629;8518769;;;;;
9250630;8519090;;;;;
9269518;8526455;;;;;
9269523;8526462;;;;;
9296055;8515930;;;;;
9227912;8468215;;;;;
9287097;8574462;;;;;
9287098;8574458;;;;;
9287099;8574457;;;;;
9287100;8574456;;;;;
9287101;8574460;;;;;
9231759;8481023;;;;;
9231760;8481009;;;;;
9231761;8481025;;;;;
9231762;8481010;;;;;
9300872;8609010;;;;;
9300873;8609348;;;;;
9226949;8466628;;;;;
9226950;8466613;;;;;
9227576;8466626;;;;;
9227578;8466632;;;;;
9227579;8465020;;;;;
9227584;8468531;;;;;
9103416;8292217;;;;;
9281030;8574474;;;;;
9281655;8574469;;;;;
9281656;8583350;;;;;
9141829;8349501;;;;;
9141825;8349497;;;;;
9141826;8349498;;;;;
9141828;8349500;;;;;
9142460;8349509;;;;;
9142461;8349510;;;;;
9250950;8518772;;;;;
9251255;8518778;;;;;
9226936;8468224;;;;;
9118137;8305704;;;;;
9118142;8305702;;;;;
9116545;8305672;;;;;
9118136;8305703;;;;;
9102464;8307892;;;;;
9102467;8307895;;;;;
9112061;8305653;;;;;
9133183;8326134;;;;;
9133185;8328704;;;;;
9133500;8328700;;;;;
9133508;8328709;;;;;
9209663;8412539;;;;;
9209666;8412544;;;;;
9209669;8414771;;;;;
9209670;8412543;;;;;
9209975;8414770;;;;;
9243259;8503096;;;;;
9243260;8502456;;;;;
9243261;8502463;;;;;
9243262;8502460;;;;;
9231764;8481022;;;;;
9231766;8481026;;;;;
9226938;8468222;;;;;
9226940;8468220;;;;;
9226942;8468535;;;;;
9226944;8466610;;;;;
9226945;8468530;;;;;
9165180;8354342;;;;;
9216696;8377013;;;;;
9216697;8377010;;;;;
9216698;8377009;;;;;
9216699;8377015;;;;;
9216700;8375740;;;;;
9096390;8295089;;;;;
9190460;8385659;;;;;
9103417;8292219;;;;;
9103418;8292223;;;;;
9103419;8292222;;;;;
9103420;8292220;;;;;
9140537;8340544;;;;;
9075908;8279099;;;;;
9075909;8279100;;;;;
9075904;8279095;;;;;
9075905;8279096;;;;;
9075906;8279097;;;;;
9075907;8279098;;;;;
9165495;8354938;;;;;
9164219;8370307;;;;;
9164220;8370315;;;;;
9243256;8503094;;;;;
9103421;8292218;;;;;
9144375;8349514;;;;;
9144379;8349513;;;;;
9231842;8484544;;;;;
9243272;8502458;;;;;
9243273;8502459;;;;;
9148860;8349570;;;;;
9148859;8349569;;;;;
9148858;8349568;;;;;
9148861;8349571;;;;;
9148230;8349564;;;;;
9109505;8293494;;;;;
9146943;8332535;;;;;
9133187;8328691;;;;;
9133188;8328692;;;;;
9057025;8249331;;;;;
9057349;8249332;;;;;
9118145;8305742;;;;;
9102463;8307891;;;;;
9103105;8303738;;;;;
9103108;8303741;;;;;
9173178;8374455;;;;;
9173179;8374464;;;;;
9173181;8373176;;;;;
9173184;8373179;;;;;
9173185;8373180;;;;;
9173186;8374450;;;;;
9173187;8374456;;;;;
9132215;8326143;;;;;
9216377;8447214;;;;;
9216378;8377024;;;;;
9216379;8377021;;;;;
9216380;8377027;;;;;
9113027;8305684;;;;;
9231741;8480060;;;;;
9231742;8480057;;;;;
9231743;8480059;;;;;
9231744;8480055;;;;;
9250941;8519113;;;;;
9251257;8519110;;;;;
9251261;8518777;;;;;
9172228;8374463;;;;;
9172230;8374453;;;;;
9173176;8374454;;;;;
9231843;8484536;;;;;
9231844;8484533;;;;;
9140544;8342455;;;;;
9140545;8342456;;;;;
9140548;8342459;;;;;
9081023;8283263;;;;;
9068535;8262131;;;;;
9068536;8262769;;;;;
9068538;8262132;;;;;
9165181;8354343;;;;;
9465015;8649010;;;;;
9408382;8647463;;;;;
9088704;8272410;;;;;
9227900;8461497;;;;;
9227903;8466639;;;;;
9227905;8461498;;;;;
9216381;8374142;;;;;
9216382;8377355;;;;;
9216383;8377356;;;;;
9216384;8375730;;;;;
9118456;8321014;;;;;
9126136;8283302;;;;;
9123263;8319435;;;;;
9123908;8319427;;;;;
9112065;8305657;;;;;
9113017;8305665;;;;;
9113018;8305666;;;;;
9209349;8415412;;;;;
9209350;8414782;;;;;
9209655;8414781;;;;;
9209656;8415415;;;;;
9101501;8301172;;;;;
9293509;8515598;;;;;
9293510;8515595;;;;;
9293815;8515596;;;;;
9293816;8515597;;;;;
9293817;8515920;;;;;
9133189;8328693;;;;;
9133190;8328694;;;;;
9267581;8527118;;;;;
9267582;8527127;;;;;
9267583;8527119;;;;;
9133826;8328711;;;;;
9137347;8328752;;;;;
9137349;8329010;;;;;
9137662;8329020;;;;;
9195904;8405839;;;;;
9102465;8307893;;;;;
9075903;8279094;;;;;
9076863;8279109;;;;;
9133823;8328723;;;;;
9133827;8328724;;;;;
9137348;8329009;;;;;
9137664;8329022;;;;;
9090942;8285184;;;;;
9209340;8429822;;;;;
9209341;8429809;;;;;
9209342;8414784;;;;;
9074944;8255417;;;;;
9074946;8253823;;;;;
9118144;8305741;;;;;
9118455;8321013;;;;;
9090936;8285178;;;;;
9127422;8283303;;;;;
9128377;8334777;;;;;
9128382;8334782;;;;;
9128383;8334783;;;;;
9082615;8282303;;;;;
9082617;8283269;;;;;
9136702;8342799;;;;;
9136703;8342794;;;;;
9165175;8353333;;;;;
9165176;8354939;;;;;
9165177;8354339;;;;;
9128700;8314933;;;;;
9128702;8314942;;;;;
9246136;8497391;;;;;
9118457;8320055;;;;;
9118458;8321011;;;;;
9235584;8484529;;;;;
9235585;8482616;;;;;
9224061;8453180;;;;;
9101496;8301499;;;;;
9101497;8301498;;;;;
9101498;8301497;;;;;
9101499;8301494;;;;;
9305983;8611574;;;;;
9305984;8611576;;;;;
9305985;8611893;;;;;
9101502;8301174;;;;;
9101503;8301171;;;;;
9101504;8301176;;;;;
9101505;8301175;;;;;
9101186;8301504;;;;;
9101815;8301495;;;;;
9100858;8301181;;;;;
9101507;8301170;;;;;
9101506;8301177;;;;;
9305982;8611580;;;;;
9246137;8497378;;;;;
9246138;8497393;;;;;
9246139;8497392;;;;;
9246140;8497390;;;;;
9128705;8314931;;;;;
9128709;8314938;;;;;
9128710;8314932;;;;;
9293830;8515908;;;;;
9294455;8515911;;;;;
9294456;8515907;;;;;
9294457;8515910;;;;;
9224065;8460529;;;;;
9235594;8499889;;;;;
9235595;8496702;;;;;
9076535;8253817;;;;;
9101500;8301173;;;;;
9246784;8497407;;;;;
9246785;8497416;;;;;
9246786;8497408;;;;;
9142462;8349511;;;;;
9142463;8349512;;;;;
9139901;8345974;;;;;
9148868;8349578;;;;;
9148866;8349576;;;;;
9148862;8349572;;;;;
9148225;8349559;;;;;
9305986;8611570;;;;;
9305987;8619571;;;;;
9267897;8527106;;;;;
9267898;8527112;;;;;
9267903;8527115;;;;;
9267904;8527100;;;;;
9267905;8527099;;;;;
9267908;8527131;;;;;
9194944;8380851;;;;;
9194945;8380857;;;;;
9194946;8380858;;;;;
9194947;8380859;;;;;
9194948;8380856;;;;;
9194949;8380854;;;;;
9217345;8377345;;;;;
9217346;8377652;;;;;
9217347;8377353;;;;;
9217348;8375729;;;;;
9146305;8303099;;;;;
9146306;8303093;;;;;
9146308;8303100;;;;;
9166142;8370614;;;;;
9112059;8305651;;;;;
9112060;8305652;;;;;
9266012;8533499;;;;;
9266013;8533502;;;;;
9266015;8533821;;;;;
9266016;8533822;;;;;
9227908;8461499;;;;;
9112055;8303740;;;;;
9112056;8303743;;;;;
9123261;8319432;;;;;
9208390;8415418;;;;;
9102459;8305750;;;;;
9102460;8305751;;;;;
9102461;8307889;;;;;
9102462;8307890;;;;;
9250310;8519091;;;;;
9250615;8519092;;;;;
9250616;8519101;;;;;
9270229;8309221;;;;;
9141815;8345983;;;;;
9306935;8616371;;;;;
9306936;8614136;;;;;
9267916;8527128;;;;;
9269511;8431729;;;;;
9269513;8526457;;;;;
9209980;8414774;;;;;
9209981;8412535;;;;;
9216706;8377340;;;;;
9216708;8375735;;;;;
9216709;8447215;;;;;
9216710;8377357;;;;;
9270216;8308857;;;;;
9216707;8377351;;;;;
9090943;8285489;;;;;
9090944;8285490;;;;;
9090945;8285492;;;;;
9090946;8285493;;;;;
9109502;8295100;;;;;
9116870;8305724;;;;;
9073347;8255432;;;;;
9081667;8283252;;;;;
9130619;8314929;;;;;
9130620;8313335;;;;;
9130621;8314941;;;;;
9130622;8314943;;;;;
9130623;8314304;;;;;
9130624;8314939;;;;;
9068540;8262138;;;;;
9068542;8262134;;;;;
9068546;8262137;;;;;
9081347;8282931;;;;;
9081349;8283267;;;;;
9286142;8574451;;;;;
9194937;8383730;;;;;
9194938;8380861;;;;;
9194935;8383095;;;;;
9194939;8383136;;;;;
9194940;8383135;;;;;
9194941;8383134;;;;;
9194628;8383115;;;;;
9194629;8383104;;;;;
9133829;8328726;;;;;
9133830;8328727;;;;;
9071429;8255439;;;;;
9072378;8255440;;;;;
9099896;8292029;;;;;
9099898;8292031;;;;;
9209982;8412537;;;;;
9209983;8414776;;;;;
9226615;8468533;;;;;
9226616;8466619;;;;;
9132867;8328734;;;;;
9132868;8328733;;;;;
9132869;8328732;;;;;
9131910;8328735;;;;;
9133501;8328701;;;;;
9126144;8283311;;;;;
9123907;8319426;;;;;
9123909;8319421;;;;;
9235586;8484531;;;;;
9235587;8482619;;;;;
9247418;8499897;;;;;
9247419;8497417;;;;;
9247420;8497402;;;;;
9226617;8465022;;;;;
9102457;8303734;;;;;
9102458;8305749;;;;;
9090938;8285179;;;;;
9076543;8255410;;;;;
9085498;8283889;;;;;
9085499;8283890;;;;;
9141817;8345984;;;;;
9141818;8349489;;;;;
9141819;8349490;;;;;
9125177;8319411;;;;;
9125178;8319418;;;;;
9125179;8319414;;;;;
9125181;8319409;;;;;
9247421;8497413;;;;;
9300557;8609341;;;;;
9300558;8609346;;;;;
9300559;8609347;;;;;
9300560;8609339;;;;;
9300561;8609980;;;;;
9300562;8609342;;;;;
9300563;8609340;;;;;
9300564;8609343;;;;;
9300565;8609344;;;;;
9129998;8335095;;;;;
9129999;8335096;;;;;
9159737;8325178;;;;;
9159738;8332546;;;;;
9159740;8325176;;;;;
9125182;8319415;;;;;
9125184;8319416;;;;;
9125185;8319413;;;;;
9125190;8319429;;;;;
9246135;8497394;;;;;
9251583;8464057;;;;;
9190469;8387593;;;;;
9190775;8387590;;;;;
9190776;8387589;;;;;
9190777;8387588;;;;;
9251585;8464059;;;;;
9251586;8464060;;;;;
9123257;8318464;;;;;
9102466;8307894;;;;;
9102469;8307897;;;;;
9250617;8518775;;;;;
9250619;8519100;;;;;
9225985;8454137;;;;;
9225986;8454142;;;;;
9126145;8283312;;;;;
9116879;8320060;;;;;
9185015;8388859;;;;;
9300566;8609345;;;;;
9300871;8609979;;;;;
9227913;8468214;;;;;
9074939;8255426;;;;;
9074941;8255425;;;;;
9250306;8521368;;;;;
9295427;8515931;;;;;
9295428;8515923;;;;;
9216060;8377336;;;;;
9137656;8328742;;;;;
9137661;8329019;;;;;
9137669;8329971;;;;;
9137670;8329975;;;;;
9139255;8329974;;;;;
9139256;8329973;;;;;
9209662;8412534;;;;;
9209025;8429816;;;;;
9209336;8429821;;;;;
9209339;8427253;;;;;
9209661;8412542;;;;;
9209978;8412541;;;;;
9213495;8427260;;;;;
9214147;8429836;;;;;
9209660;8414777;;;;;
9185016;8388853;;;;;
9185018;8390450;;;;;
9185019;8390451;;;;;
9185020;8390452;;;;;
9185021;8388852;;;;;
9185022;8390454;;;;;
9159746;8325177;;;;;
9159748;8332537;;;;;
9233669;8482623;;;;;
9208697;8415422;;;;;
9194942;8383133;;;;;
9216064;8377330;;;;;
9216065;8377033;;;;;
9131909;8328736;;;;;
9137343;8328748;;;;;
9131907;8328739;;;;;
9141820;8349491;;;;;
9126141;8283308;;;;;
9267590;8527107;;;;;
9142781;8353343;;;;;
9295429;8515925;;;;;
9295430;8515918;;;;;
9295735;8515257;;;;;
9295736;8515260;;;;;
9295737;8515919;;;;;
9295738;8515937;;;;;
9295739;8515922;;;;;
9103740;8305705;;;;;
9113024;8305673;;;;;
9106302;8303739;;;;;
9071425;8255456;;;;;
9071426;8255447;;;;;
9071427;8255442;;;;;
9109831;8313973;;;;;
9267901;8527114;;;;;
9267907;8527094;;;;;
9267909;8527101;;;;;
9247427;8497412;;;;;
9247428;8497409;;;;;
9247429;8497377;;;;;
9109826;8314295;;;;;
9109827;8314302;;;;;
9109828;8313344;;;;;
9109829;8314289;;;;;
9055099;8247460;;;;;
9055100;8247464;;;;;
9055101;8247465;;;;;
9164215;8370314;;;;;
9164216;8370313;;;;;
9164217;8370634;;;;;
9164218;8370635;;;;;
9148867;8349577;;;;;
9148863;8349573;;;;;
9148869;8349579;;;;;
9148223;8349557;;;;;
9147270;8349548;;;;;
9235579;8484530;;;;;
9235580;8492882;;;;;
9235581;8482612;;;;;
9235582;8484240;;;;;
9235583;8484230;;;;;
9269815;8527091;;;;;
9269816;8527090;;;;;
9216066;8377026;;;;;
9216067;8377018;;;;;
9216068;8377019;;;;;
9216069;8377016;;;;;
9194936;8383729;;;;;
9267910;8527096;;;;;
9267911;8527130;;;;;
9267912;8527093;;;;;
9267913;8527098;;;;;
9267914;8527092;;;;;
9227902;8461501;;;;;
9250302;8519096;;;;;
9250303;8519107;;;;;
9250305;8518783;;;;;
9075587;8252537;;;;;
9075588;8252538;;;;;
9269522;8526460;;;;;
9269524;8526456;;;;;
9269525;8527089;;;;;
9269526;8526449;;;;;
9183105;8388855;;;;;
9183106;8388856;;;;;
9298621;8615100;;;;;
9298620;8615094;;;;;
9298617;8615106;;;;;
9298618;8615105;;;;;
9278147;8309193;;;;;
9278148;8309248;;;;;
9278149;8309189;;;;;
9278150;8309184;;;;;
9247415;8497405;;;;;
9293822;8515927;;;;;
9293823;8515906;;;;;
9293824;8515913;;;;;
9293825;8515253;;;;;
9293826;8515914;;;;;
9293827;8514937;;;;;
9293828;8515912;;;;;
9123910;8319420;;;;;
9227897;8466616;;;;;
9227898;8466640;;;;;
9109832;8313974;;;;;
9109833;8313977;;;;;
9109834;8313975;;;;;
9109835;8313342;;;;;
9109836;8313976;;;;;
9109837;8313969;;;;;
9109838;8313972;;;;;
9109839;8313971;;;;;
9109840;8313970;;;;;
9250307;8520369;;;;;
9266007;8533503;;;;;
9266009;8533496;;;;;
9266010;8533811;;;;;
9266011;8533812;;;;;
9183107;8388854;;;;;
9183109;8390453;;;;;
9183110;8388861;;;;;
9206145;8407468;;;;;
9206146;8407416;;;;;
9206148;8405828;;;;;
9206149;8407413;;;;;
9206150;8407419;;;;;
9129997;8335094;;;;;
9286143;8574467;;;;;
9265983;8533850;;;;;
9265985;8533848;;;;;
9265987;8533843;;;;;
9265990;8526453;;;;;
9265992;8533810;;;;;
9265995;8533498;;;;;
9125186;8319412;;;;;
9270213;8308856;;;;;
9250309;8519093;;;;;
9330941;8622457;;;;;
9330942;8622456;;;;;
9330943;8626931;;;;;
9330944;8622462;;;;;
9330945;8622463;;;;;
9330946;8622461;;;;;
9330947;8622452;;;;;
9333498;8639094;;;;;
9267896;8527109;;;;;
9267899;8527113;;;;;
9267900;8526450;;;;;
9267902;8527102;;;;;
9267906;8527097;;;;;
9128695;8319417;;;;;
9128698;8313337;;;;;
9140547;8342458;;;;;
9246144;8497381;;;;;
9246145;8497387;;;;;
9246146;8497379;;;;;
9246147;8497397;;;;;
9246148;8497384;;;;;
9116883;8320063;;;;;
9116884;8321012;;;;;
9116885;8320061;;;;;
9116886;8321010;;;;;
9069816;8276213;;;;;
9047737;8240373;;;;;
9306309;8614135;;;;;
9306310;8616369;;;;;
9231773;8484236;;;;;
9231774;8482621;;;;;
9231775;8484220;;;;;
9231776;8484539;;;;;
9231777;8484540;;;;;
9106303;8305713;;;;;
9106304;8305712;;;;;
9047743;8240375;;;;;
9173180;8374461;;;;;
9173182;8373178;;;;;
9173183;8373177;;;;;
9246149;8497395;;;;;
9190145;8387591;;;;;
9190147;8387577;;;;;
9190148;8385655;;;;;
9209021;8429810;;;;;
9062779;8242611;;;;;
9062781;8242623;;;;;
9062782;8242620;;;;;
9062789;8242619;;;;;
9281017;8574454;;;;;
9281018;8574453;;;;;
9190149;8387581;;;;;
9225975;8454144;;;;;
9131908;8328740;;;;;
9132218;8327743;;;;;
9216701;8377012;;;;;
9216702;8375743;;;;;
9216703;8375744;;;;;
9216704;8375742;;;;;
9216705;8375741;;;;;
9209027;8429815;;;;;
9209029;8429824;;;;;
9209030;8429819;;;;;
9216058;8377334;;;;;
9295424;8515933;;;;;
9216059;8377335;;;;;
9247424;8499898;;;;;
9247425;8497419;;;;;
9247426;8497400;;;;;
9047736;8240371;;;;;
9109820;8313343;;;;;
9109821;8314298;;;;;
9109822;8314291;;;;;
9109823;8314292;;;;;
9109824;8314293;;;;;
9109825;8314294;;;;;
9227924;8467899;;;;;
9139257;8329972;;;;;
9137667;8329969;;;;;
9137668;8329970;;;;;
9133815;8328714;;;;;
9133825;8327742;;;;;
9109498;8295103;;;;;
9109503;8293492;;;;;
9109504;8295099;;;;;
9109506;8293493;;;;;
9109507;8295096;;;;;
9109508;8295095;;;;;
9109815;8314296;;;;;
9109817;8314299;;;;;
9109818;8314300;;;;;
9080697;8283270;;;;;
9081015;8283266;;;;;
9300554;8609015;;;;;
9300555;8609329;;;;;
9300556;8609338;;;;;
9063112;8242627;;;;;
9124543;8282616;;;;;
9295425;8515591;;;;;
9295426;8514936;;;;;
9298622;8614133;;;;;
9298624;8615090;;;;;
9299582;8615104;;;;;
9299583;8615103;;;;;
9299584;8614810;;;;;
9298630;8615095;;;;;
9298629;8615096;;;;;
9298628;8615089;;;;;
9298625;8615093;;;;;
9298627;8615097;;;;;
9248056;8504693;;;;;
9248057;8504059;;;;;
9248058;8504691;;;;;
9068550;8264072;;;;;
9071420;8255459;;;;;
9071421;8255449;;;;;
9137335;8328729;;;;;
9137336;8329013;;;;;
9216070;8377028;;;;;
9216063;8377337;;;;;
9063113;8242628;;;;;
9063116;8263094;;;;;
9286150;8574465;;;;;
9287095;8574464;;;;;
9287096;8574463;;;;;
9123258;8319430;;;;;
9123259;8319423;;;;;
9123260;8319424;;;;;
9247422;8497404;;;;;
9247423;8497418;;;;;
9057024;8249330;;;;;
9057026;8249333;;;;;
9057982;8249343;;;;;
9057984;8249649;;;;;
9057986;8249660;;;;;
9300551;8609013;;;;;
9300552;8609016;;;;;
9298626;8615098;;;;;
9299577;8614811;;;;;
9303415;8615091;;;;;
9299581;8614816;;;;;
9299586;8615101;;;;;
9299585;8615102;;;;;
9106295;8305693;;;;;
9106296;8305722;;;;;
9106298;8303735;;;;;
9146304;8303095;;;;;
9148217;8349551;;;;;
9147269;8349547;;;;;
9149495;8351732;;;;;
9148218;8349552;;;;;
9146298;8302778;;;;;
9146299;8302777;;;;;
9146301;8303101;;;;;
9146303;8303733;;;;;
9293818;8515936;;;;;
9293819;8515921;;;;;
9293820;8515929;;;;;
9293821;8515938;;;;;
9166137;8370318;;;;;
9166138;8370636;;;;;
9166139;8370316;;;;;
9166140;8370615;;;;;
9166141;8370616;;;;;
9124544;8282617;;;;;
9124545;8282618;;;;;
9270218;8311547;;;;;
9270219;8309220;;;;;
9270226;8309226;;;;;
9090940;8285182;;;;;
9090941;8285183;;;;;
9300553;8609978;;;;;
9047430;8247409;;;;;
9047735;8240380;;;;;
9213508;8427264;;;;;
9213509;8419259;;;;;
9213510;8427263;;;;;
9214135;8428532;;;;;
9209335;8429823;;;;;
9286144;8597809;;;;;
9286148;8574459;;;;;
9072382;8255443;;;;;
9072383;8254461;;;;;
9076544;8252540;;;;;
9076545;8252543;;;;;
9109187;8295098;;;;;
9109188;8295097;;;;;
9109189;8295102;;;;;
9109190;8295101;;;;;
9109496;8293495;;;;;
9231765;8481024;;;;;
9231767;8481028;;;;;
9231768;8481029;;;;;
9231769;8481027;;;;;
9109830;8314290;;;;;
9231772;8484237;;;;;
9267580;8527120;;;;;
9068537;8262130;;;;;
9247416;8497406;;;;;
9247417;8497414;;;;;
9103110;8305743;;;;;
9103415;8292221;;;;;
9541830;8522620;;;;;
9137989;8336381;;;;;
9137988;8337013;;;;;
9224073;8454456;;;;;
9140864;8336689;;;;;
9267576;8527126;;;;;
9231758;8480064;;;;;
9231763;8481011;;;;;
9209347;8414783;;;;;
9091588;8285174;;;;;
9215749;8377354;;;;;
9106300;8305650;;;;;
9106301;8303737;;;;;
9112062;8305654;;;;;
9247430;8497399;;;;;
9142465;8350450;;;;;
9068541;8262136;;;;;
9068543;8262140;;;;;
9068544;8263091;;;;;
9068545;8262770;;;;;
9068547;8262135;;;;;
9068548;8262139;;;;;
9118459;8320062;;;;;
9118460;8320059;;;;;
9081657;8282294;;;;;
9235588;8482618;;;;;
9235589;8482617;;;;;
9046779;8247486;;;;;
9109499;8295104;;;;;
9235590;8492883;;;;;
9235591;8482615;;;;;
9235593;8484229;;;;;
9293498;8515575;;;;;
9293499;8515252;;;;;
9293500;8515262;;;;;
9293501;8515584;;;;;
9293502;8515589;;;;;
9293503;8515590;;;;;
9293504;8515585;;;;;
9293505;8515586;;;;;
9293506;8515587;;;;;
9293507;8515588;;;;;
9293508;8515594;;;;;
9109500;8295094;;;;;
9109501;8293491;;;;;
9109816;8314297;;;;;
9145669;8302784;;;;;
9145975;8302450;;;;;
9146295;8302454;;;;;
9146296;8302453;;;;;
9146297;8302783;;;;;
9209343;8415413;;;;;
9209344;8415409;;;;;
9209345;8415411;;;;;
9209346;8414778;;;;;
9189509;8387587;;;;;
9190135;8385654;;;;;
9190138;8387594;;;;;
9281022;8574449;;;;;
9281023;8583345;;;;;
9281025;8574470;;;;;
9071430;8255457;;;;;
9251256;8519117;;;;;
9251258;8518773;;;;;
9251259;8519118;;;;;
9251260;8519115;;;;;
9542780;8522631;;;;;
9288704;8515890;;;;;
9288706;8515905;;;;;
9288707;8515251;;;;;
9071417;8255453;;;;;
9071418;8255448;;;;;
9071419;8255451;;;;;
9071423;8255454;;;;;
9071424;8255450;;;;;
9542778;8522628;;;;;
9364545;8638141;;;;;
9542466;8522610;;;;;
9542777;8522629;;;;;
9541822;8522626;;;;;
9123905;8319419;;;;;
9165179;8354341;;;;;
9165182;8354338;;;;;
9165186;8354347;;;;;
9227933;8467889;;;;;
9231745;8480054;;;;;
9133496;8328696;;;;;
9133498;8328698;;;;;
9133499;8328699;;;;;
9133502;8328702;;;;;
9133503;8328703;;;;;
9215738;8377329;;;;;
9215739;8377031;;;;;
9215740;8377032;;;;;
9215741;8377034;;;;;
9215742;8377040;;;;;
9315265;8614793;;;;;
9315266;8614801;;;;;
9315267;8614795;;;;;
9315268;8614791;;;;;
9315583;8626290;;;;;
9304375;8615121;;;;;
9315576;8622474;;;;;
9315577;8622473;;;;;
9313046;8622468;;;;;
9305343;8615111;;;;;
9304383;8615131;;;;;
9304382;8615128;;;;;
9305344;8615107;;;;;
9305341;8615113;;;;;
9305342;8615112;;;;;
9304389;8615109;;;;;
9305337;8615108;;;;;
9305336;8615117;;;;;
9305335;8615110;;;;;
9304384;8614134;;;;;
9304376;8615125;;;;;
9304377;8615120;;;;;
9304378;8615124;;;;;
9304386;8615130;;;;;
9313045;8622476;;;;;
9304379;8615123;;;;;
9304380;8615122;;;;;
9304390;8616372;;;;;
9315585;8626289;;;;;
9315575;8622477;;;;;
9304381;8615129;;;;;
9304388;8615118;;;;;
9304387;8615126;;;;;
9305340;8615115;;;;;
9305338;8615116;;;;;
9315581;8622478;;;;;
9313042;8622466;;;;;
9313041;8622465;;;;;
9313043;8622467;;;;;
9305345;8615119;;;;;
9315582;8622475;;;;;
9304385;8615127;;;;;
9315579;8622470;;;;;
9315586;8625664;;;;;
9315580;8622471;;;;;
9315578;8622469;;;;;
9136055;8337009;;;;;
9136695;8342796;;;;;
9186624;8385341;;;;;
9186625;8385340;;;;;
9186626;8385342;;;;;
9186628;8385338;;;;;
9249669;8504383;;;;;
9295107;8514938;;;;;
9295108;8515259;;;;;
9295109;8515261;;;;;
9295110;8515258;;;;;
9267577;8527117;;;;;
9267579;8527122;;;;;
9315270;8614790;;;;;
9315255;8614804;;;;;
9315256;8614808;;;;;
9315257;8614132;;;;;
9315258;8614807;;;;;
9315269;8614800;;;;;
9315259;8614806;;;;;
9315260;8614809;;;;;
9315261;8614805;;;;;
9315263;8614803;;;;;
9315264;8614797;;;;;
9316215;8614799;;;;;
9316216;8614796;;;;;
9316217;8614798;;;;;
9316218;8614130;;;;;
9316219;8614802;;;;;
9316220;8614792;;;;;
9316221;8614794;;;;;
9316222;8614131;;;;;
9316223;8614785;;;;;
9316224;8614784;;;;;
9316225;8614773;;;;;
9316226;8614786;;;;;
9316227;8614780;;;;;
9316228;8614774;;;;;
9316229;8614775;;;;;
9316230;8614778;;;;;
9316855;8614781;;;;;
9316856;8614772;;;;;
9316857;8614777;;;;;
9316858;8614779;;;;;
9316859;8614782;;;;;
9316860;8614789;;;;;
9316861;8614788;;;;;
9315584;8621498;;;;;
9313044;8622472;;;;;
9305339;8615114;;;;;
9215736;8377331;;;;;
9215737;8377339;;;;;
9194617;8383112;;;;;
9216061;8374140;;;;;
9216062;8377338;;;;;
9215735;8374144;;;;;
9321347;8621812;;;;;
9115905;8315571;;;;;
9135416;8336702;;;;;
9413180;8594654;;;;;
9413181;8594295;;;;;
9413182;8594671;;;;;
9413183;8594630;;;;;
9415095;8594646;;;;;
9321335;8624708;;;;;
9321336;8624709;;;;;
9321337;8621504;;;;;
9321338;8624710;;;;;
9321339;8621809;;;;;
9321340;8621499;;;;;
9321341;8621503;;;;;
9321342;8621810;;;;;
9321343;8621500;;;;;
9321344;8621814;;;;;
9321345;8621816;;;;;
9321348;8621811;;;;;
9321349;8621813;;;;;
9321350;8621815;;;;;
9321655;8621492;;;;;
9135417;8336700;;;;;
9135418;8336704;;;;;
9322951;8625658;;;;;
9322952;8624718;;;;;
9323255;8625657;;;;;
9322953;8625652;;;;;
9322954;8624720;;;;;
9322955;8624711;;;;;
9322956;8625659;;;;;
9322962;8624719;;;;;
9322963;8624715;;;;;
9322957;8625656;;;;;
9322958;8625649;;;;;
9322959;8625660;;;;;
9322960;8625651;;;;;
9322964;8624717;;;;;
9322965;8625650;;;;;
9320377;8625662;;;;;
9320383;8621850;;;;;
9326148;8609983;;;;;
9326149;8609982;;;;;
9326150;8609981;;;;;
9327095;8609371;;;;;
9327096;8609362;;;;;
9326135;8609349;;;;;
9326136;8609350;;;;;
9326137;8609351;;;;;
9326138;8609011;;;;;
9326139;8609366;;;;;
9326140;8609367;;;;;
9326141;8609365;;;;;
9326142;8609361;;;;;
9326143;8609364;;;;;
9326144;8609360;;;;;
9326145;8609984;;;;;
9326146;8609358;;;;;
9326147;8609356;;;;;
9320380;8621848;;;;;
9320698;8621839;;;;;
9320697;8621841;;;;;
9320695;8621854;;;;;
9320696;8621844;;;;;
9320390;8621494;;;;;
9320389;8625661;;;;;
9320388;8621856;;;;;
9320387;8621849;;;;;
9320386;8621853;;;;;
9331261;8627891;;;;;
9331262;8627892;;;;;
9331263;8627893;;;;;
9331264;8627894;;;;;
9320385;8621847;;;;;
9320378;8622130;;;;;
9320699;8621845;;;;;
9331266;8627895;;;;;
9331267;8626940;;;;;
786288;828193;;;;;
9327097;8609357;;;;;
9327098;8609359;;;;;
9327106;8609370;;;;;
9327107;8609352;;;;;
9327099;8609368;;;;;
9327100;8609012;;;;;
9327102;8609353;;;;;
9327103;8609355;;;;;
9327104;8609354;;;;;
9327105;8609369;;;;;
9322961;8625653;;;;;
9322966;8625654;;;;;
9332216;8622454;;;;;
9325497;8627897;;;;;
9325498;8622158;;;;;
9320376;8621495;;;;;
9323256;8624714;;;;;
9323257;8624716;;;;;
9320384;8622129;;;;;
9323258;8625655;;;;;
9323259;8624713;;;;;
9323260;8624712;;;;;
9320381;8621852;;;;;
9320382;8621846;;;;;
9320700;8621842;;;;;
9320703;8621840;;;;;
9320701;8621843;;;;;
9320702;8621838;;;;;
9320379;8621855;;;;;
9320375;8621851;;;;;
9327101;8609363;;;;;
9329338;8622142;;;;;
9329339;8622152;;;;;
9329340;8622153;;;;;
9329341;8627898;;;;;
9329342;8622460;;;;;
9329343;8622154;;;;;
9329344;8622459;;;;;
9329345;8622156;;;;;
9331268;8626939;;;;;
9331269;8622453;;;;;
9331270;8627899;;;;;
9332215;8622455;;;;;
9332217;8626942;;;;;
9331259;8626944;;;;;
9331260;8627889;;;;;
9338297;8637511;;;;;
9338303;8638455;;;;;
9328698;8638138;;;;;
9328699;8638137;;;;;
9328701;8638135;;;;;
9328702;8622157;;;;;
9328703;8622150;;;;;
9328704;8626935;;;;;
9328705;8622148;;;;;
9328706;8622147;;;;;
9328707;8622139;;;;;
9328708;8626934;;;;;
9332218;8639098;;;;;
9333495;8639089;;;;;
9333496;8639099;;;;;
9333497;8639097;;;;;
9337988;8637500;;;;;
9337989;8637501;;;;;
9337990;8637508;;;;;
9338295;8637179;;;;;
9338296;8637178;;;;;
9338304;8637171;;;;;
9338305;8637181;;;;;
9338306;8637174;;;;;
9338309;8638451;;;;;
9338310;8638452;;;;;
9339255;8637493;;;;;
9339256;8637525;;;;;
9341510;8543751;;;;;
9342457;8543750;;;;;
9342458;8543753;;;;;
9342459;8543740;;;;;
9415096;8594647;;;;;
9415097;8594294;;;;;
9415098;8594669;;;;;
9342460;8543748;;;;;
9415099;8594289;;;;;
9337017;8543768;;;;;
9337018;8543764;;;;;
9415100;8594645;;;;;
9337337;8543793;;;;;
9337338;8543755;;;;;
9337339;8543756;;;;;
9337340;8543767;;;;;
9337341;8543741;;;;;
9339896;8543801;;;;;
9339897;8543790;;;;;
9341506;8546289;;;;;
9341507;8543745;;;;;
9297015;8543774;;;;;
9297016;8543092;;;;;
9297017;8543775;;;;;
9297018;8543090;;;;;
9297019;8543780;;;;;
9341508;8543747;;;;;
9341509;8543749;;;;;
9339898;8543758;;;;;
9340229;8543742;;;;;
9340230;8543752;;;;;
9340863;8543746;;;;;
9341505;8543744;;;;;
9296709;8543773;;;;;
9296710;8543093;;;;;
9335737;8543761;;;;;
9335738;8543783;;;;;
9335739;8543782;;;;;
9335740;8543772;;;;;
9336055;8546292;;;;;
9336056;8543763;;;;;
9337019;8543799;;;;;
9337020;8543777;;;;;
9337021;8543797;;;;;
9337022;8543760;;;;;
9337023;8543786;;;;;
9337024;8543759;;;;;
9337025;8543800;;;;;
9337026;8543757;;;;;
9337027;8543754;;;;;
9337028;8543795;;;;;
9337030;8543798;;;;;
9337335;8543794;;;;;
9337336;8543787;;;;;
9339257;8637497;;;;;
9339258;8637529;;;;;
9339259;8637499;;;;;
9339260;8637496;;;;;
9339261;8637494;;;;;
9339262;8638453;;;;;
9338307;8637524;;;;;
9338308;8637527;;;;;
9339263;8637172;;;;;
9339264;8637173;;;;;
9339265;8637528;;;;;
9339266;8637523;;;;;
9339267;8638450;;;;;
9339268;8637526;;;;;
9339269;8637175;;;;;
9339270;8637169;;;;;
9339575;8637498;;;;;
9339576;8637514;;;;;
9339577;8637519;;;;;
9343744;8651942;;;;;
9343745;8651933;;;;;
9343746;8651930;;;;;
9343747;8651938;;;;;
9343748;8651944;;;;;
9343749;8651941;;;;;
9343750;8651935;;;;;
9344055;8651936;;;;;
9344056;8651929;;;;;
9344057;8651943;;;;;
9344058;8651937;;;;;
9344059;8651926;;;;;
9344060;8651945;;;;;
9344061;8651924;;;;;
9344063;8651912;;;;;
9344064;8651914;;;;;
9344065;8651917;;;;;
9344066;8651907;;;;;
9344067;8651920;;;;;
9344068;8651910;;;;;
9344069;8651908;;;;;
9344070;8651923;;;;;
9344375;8652531;;;;;
9344376;8651906;;;;;
9344377;8651918;;;;;
9336057;8543779;;;;;
9336058;8543778;;;;;
9336059;8543791;;;;;
9336060;8543792;;;;;
9336061;8543094;;;;;
9336062;8543796;;;;;
9336063;8543785;;;;;
9336064;8543776;;;;;
9336065;8543762;;;;;
9337015;8543789;;;;;
9337016;8543765;;;;;
9295415;8543095;;;;;
9295416;8543098;;;;;
9295417;8543091;;;;;
9295418;8543101;;;;;
9295419;8543097;;;;;
9343737;8651252;;;;;
9343742;8652530;;;;;
9343741;8651939;;;;;
9343740;8651934;;;;;
9340219;8651905;;;;;
9337344;8651256;;;;;
9340224;8651249;;;;;
9343738;8651251;;;;;
9344062;8651915;;;;;
9343743;8651932;;;;;
9340225;8646782;;;;;
9343735;8651253;;;;;
9344382;8651921;;;;;
9344381;8651922;;;;;
9344383;8651916;;;;;
9345338;8651260;;;;;
9337029;8546293;;;;;
9344384;8652532;;;;;
9344385;8651913;;;;;
9344387;8651259;;;;;
9344390;8651257;;;;;
9345335;8652529;;;;;
9345336;8646784;;;;;
9344379;8651909;;;;;
9345337;8651263;;;;;
9344389;8651262;;;;;
9344388;8651258;;;;;
9344386;8651261;;;;;
9295420;8543102;;;;;
9295421;8543099;;;;;
9336066;8546291;;;;;
9336067;8546290;;;;;
9295422;8543100;;;;;
9336068;8543770;;;;;
9336069;8543788;;;;;
9336070;8543769;;;;;
9296707;8543737;;;;;
9296708;8543766;;;;;
9295423;8543103;;;;;
9296695;8543104;;;;;
9296696;8543738;;;;;
9296697;8543729;;;;;
9296698;8543732;;;;;
9296699;8543733;;;;;
9296700;8543096;;;;;
9296701;8543734;;;;;
9296702;8543730;;;;;
9296703;8543736;;;;;
9296704;8543731;;;;;
9296705;8543739;;;;;
9296706;8543735;;;;;
9343736;8651931;;;;;
9343739;8646783;;;;;
9344380;8651264;;;;;
9344378;8651925;;;;;
9541823;8522625;;;;;
9542781;8522614;;;;;
9541824;8520381;;;;;
9340864;8641017;;;;;
9340865;8641018;;;;;
9358463;8643250;;;;;
9358465;8642935;;;;;
9115587;8318449;;;;;
9115588;8318461;;;;;
9115589;8318462;;;;;
9115906;8318453;;;;;
9115907;8318460;;;;;
9115908;8318459;;;;;
9541829;8520377;;;;;
9541825;8522619;;;;;
9541826;8522624;;;;;
9541827;8520380;;;;;
9542455;8520374;;;;;
9115909;8318458;;;;;
9115910;8318455;;;;;
9116872;8318457;;;;;
9116873;8318456;;;;;
9116874;8318452;;;;;
9116875;8318454;;;;;
9116876;8318450;;;;;
9116877;8318451;;;;;
9208700;8415421;;;;;
9208701;8415423;;;;;
9208702;8415419;;;;;
9355899;8641031;;;;;
9355900;8641030;;;;;
9355901;8641052;;;;;
9355902;8641028;;;;;
9355903;8641036;;;;;
9355904;8641027;;;;;
9355905;8641026;;;;;
9355906;8641023;;;;;
9340866;8639104;;;;;
9340867;8641019;;;;;
9349500;8639102;;;;;
9349501;8641048;;;;;
9349502;8641042;;;;;
9349503;8641038;;;;;
9349504;8641024;;;;;
9349505;8641051;;;;;
9358460;8642944;;;;;
9358461;8642937;;;;;
9358462;8642942;;;;;
9349506;8641021;;;;;
9349507;8641022;;;;;
9349508;8641040;;;;;
9350455;8641037;;;;;
9350456;8641045;;;;;
9349509;8641043;;;;;
9349510;8641046;;;;;
9350457;8641041;;;;;
9358458;8642930;;;;;
9350458;8641044;;;;;
9350459;8641050;;;;;
9350460;8639103;;;;;
9350461;8641015;;;;;
9350462;8641012;;;;;
9350463;8641011;;;;;
9350464;8641016;;;;;
9350465;8641010;;;;;
9350466;8641013;;;;;
9350467;8641009;;;;;
9350468;8641014;;;;;
9353655;8641049;;;;;
9353656;8641047;;;;;
9355576;8641025;;;;;
9355578;8641029;;;;;
9355579;8641034;;;;;
9355895;8641032;;;;;
9355896;8641035;;;;;
9355897;8641020;;;;;
9355898;8641033;;;;;
9356547;8643251;;;;;
9356548;8643252;;;;;
9356550;8643249;;;;;
9358455;8642624;;;;;
9358456;8645491;;;;;
9358457;8642943;;;;;
9358464;8638142;;;;;
9358466;8642938;;;;;
9361015;8642931;;;;;
9361016;8642932;;;;;
9361017;8642934;;;;;
427936;560818;;;;;
451117;589459;;;;;
963592;935077;;;;;
9363900;8640377;;;;;
9363901;8640379;;;;;
9361661;8546637;;;;;
9356549;8642939;;;;;
9361980;8641976;;;;;
9361981;8645490;;;;;
9361982;8643263;;;;;
9361034;8643575;;;;;
9361035;8641969;;;;;
9361037;8643576;;;;;
9361038;8645492;;;;;
9361657;8546617;;;;;
9361658;8546640;;;;;
9361659;8546639;;;;;
9361660;8546636;;;;;
9361039;8640383;;;;;
9361040;8640384;;;;;
9361041;8641970;;;;;
9361042;8643571;;;;;
9361043;8643579;;;;;
9361044;8642297;;;;;
9361045;8643264;;;;;
9361046;8643582;;;;;
9361047;8643261;;;;;
9361048;8642298;;;;;
9361049;8640699;;;;;
9361050;8643569;;;;;
9356544;8643254;;;;;
9363895;8641983;;;;;
9363896;8642290;;;;;
9363897;8640376;;;;;
9363898;8642301;;;;;
9363899;8641974;;;;;
9363909;8641980;;;;;
9363902;8640378;;;;;
9363903;8641973;;;;;
9363904;8641978;;;;;
9363905;8641979;;;;;
9361029;8640382;;;;;
9361030;8643581;;;;;
9361031;8643583;;;;;
9361032;8643578;;;;;
9361033;8643572;;;;;
9363910;8642291;;;;;
9364535;8640702;;;;;
9364536;8642292;;;;;
9361669;8642289;;;;;
9361670;8640700;;;;;
9361975;8643260;;;;;
9361976;8643259;;;;;
9361977;8643258;;;;;
9361978;8643262;;;;;
9361979;8642296;;;;;
9361985;8641971;;;;;
9361986;8642295;;;;;
9361987;8640381;;;;;
9361988;8640380;;;;;
9361989;8641977;;;;;
9361990;8641975;;;;;
9363266;8641982;;;;;
9356545;8642940;;;;;
9356546;8642941;;;;;
9361018;8642933;;;;;
9361019;8642936;;;;;
9361020;8643255;;;;;
9361021;8643574;;;;;
9361022;8642929;;;;;
9361023;8643570;;;;;
9361024;8643256;;;;;
9361025;8643577;;;;;
9361026;8643573;;;;;
9361027;8642623;;;;;
9361028;8645493;;;;;
9361983;8641972;;;;;
9361984;8643257;;;;;
9363906;8642300;;;;;
9363907;8642299;;;;;
9363908;8641981;;;;;
9365499;8682932;;;;;
9365500;8682936;;;;;
9365501;8682934;;;;;
9365502;8682933;;;;;
9365503;8682935;;;;;
9365504;8682937;;;;;
9365505;8684530;;;;;
9365506;8684529;;;;;
9365507;8682938;;;;;
9365508;8682939;;;;;
9365509;8682940;;;;;
9365510;8682941;;;;;
9366455;8683254;;;;;
9366456;8682929;;;;;
9366457;8683256;;;;;
9366458;8683255;;;;;
9366459;8683251;;;;;
9366460;8683252;;;;;
9366461;8683249;;;;;
9366462;8683250;;;;;
9366463;8683253;;;;;
9366464;8682943;;;;;
9366465;8682944;;;;;
9366466;8683257;;;;;
9366467;8684531;;;;;
9366468;8682942;;;;;
9366469;8683258;;;;;
9367416;8546955;;;;;
9367417;8546301;;;;;
9377015;8696384;;;;;
9377016;8702131;;;;;
9377017;8702132;;;;;
9377018;8696383;;;;;
9377019;8697009;;;;;
9367419;8546950;;;;;
9373495;8546946;;;;;
9373496;8546948;;;;;
9373497;8546945;;;;;
9373498;8546960;;;;;
9373499;8546943;;;;;
9373500;8546615;;;;;
9373501;8546614;;;;;
9373502;8546616;;;;;
9373504;8546613;;;;;
9373505;8546612;;;;;
9375736;8708535;;;;;
9367418;8546951;;;;;
9377020;8696370;;;;;
9377021;8697010;;;;;
9366136;8546947;;;;;
9366137;8546303;;;;;
9367098;8546944;;;;;
9367099;8546954;;;;;
9367100;8546297;;;;;
9367101;8550130;;;;;
9367102;8550129;;;;;
9367103;8546953;;;;;
9367104;8546952;;;;;
9367105;8546939;;;;;
9367106;8546937;;;;;
9367107;8546959;;;;;
9367108;8546932;;;;;
9367109;8546931;;;;;
9367110;8546930;;;;;
9367415;8546929;;;;;
9376385;8696374;;;;;
9376384;8696378;;;;;
9376386;8696379;;;;;
9376387;8696373;;;;;
9376388;8702129;;;;;
9376380;8696375;;;;;
9361655;8546624;;;;;
9361656;8546638;;;;;
9377023;8696381;;;;;
9377024;8697013;;;;;
9377025;8697012;;;;;
9376390;8696377;;;;;
9376389;8696372;;;;;
9376382;8696380;;;;;
9376381;8696376;;;;;
9376379;8702130;;;;;
9376383;8696369;;;;;
9361666;8546302;;;;;
9361667;8546935;;;;;
9361668;8546934;;;;;
9365175;8546933;;;;;
9365176;8546294;;;;;
9365177;8546949;;;;;
9365178;8546941;;;;;
9365179;8546956;;;;;
9365180;8546958;;;;;
9365181;8550134;;;;;
9365182;8546938;;;;;
9365183;8546957;;;;;
9365184;8546942;;;;;
9365185;8546940;;;;;
9365186;8550132;;;;;
9366135;8546304;;;;;
9340228;8646780;;;;;
9335735;8543784;;;;;
9335736;8543781;;;;;
9386619;8712372;;;;;
9386626;8712051;;;;;
9386627;8712383;;;;;
9386628;8712380;;;;;
9387258;8712059;;;;;
9385978;8712050;;;;;
9387259;8712381;;;;;
9387260;8712049;;;;;
9387261;8712064;;;;;
9387262;8712062;;;;;
9385979;8712060;;;;;
9385980;8712061;;;;;
9385981;8712056;;;;;
9385982;8712055;;;;;
9385983;8712058;;;;;
9385984;8712057;;;;;
9306948;8614144;;;;;
9315587;8628209;;;;;
9315588;8625663;;;;;
9297020;8543771;;;;;
9396537;8560689;;;;;
9395906;8560408;;;;;
9405501;8560796;;;;;
9396538;8560400;;;;;
9396540;8560392;;;;;
9396539;8560393;;;;;
9396541;8560398;;;;;
9395908;8560401;;;;;
9391423;8560749;;;;;
9395904;8560410;;;;;
9390469;8560735;;;;;
9404870;8560800;;;;;
9395588;8560390;;;;;
9395580;8560382;;;;;
9396548;8560391;;;;;
9395909;8560409;;;;;
9389517;8627890;;;;;
9338299;8657329;;;;;
9338298;8637509;;;;;
9405495;8560807;;;;;
9395905;8560399;;;;;
9395907;8560411;;;;;
9395899;8560751;;;;;
9400385;8560711;;;;;
9407738;8564852;;;;;
9401018;8562424;;;;;
9401022;8560708;;;;;
9401019;8560706;;;;;
9400387;8564850;;;;;
9408695;8564855;;;;;
9400389;8560386;;;;;
9407750;8560752;;;;;
9400386;8560707;;;;;
9401021;8560714;;;;;
9401020;8560713;;;;;
9401023;8562431;;;;;
9393335;8748852;;;;;
9391750;8748851;;;;;
9391749;8744848;;;;;
9391748;8744847;;;;;
9393338;8744846;;;;;
9393336;8744841;;;;;
9393340;8744845;;;;;
9393342;8748853;;;;;
9391746;8744840;;;;;
9391745;8748850;;;;;
9391747;8748849;;;;;
9393341;8744842;;;;;
9393337;8744844;;;;;
9393339;8744843;;;;;
9047744;8240379;;;;;
9049658;8240383;;;;;
9049656;8240378;;;;;
9399105;8753331;;;;;
9399104;8753334;;;;;
9399107;8753330;;;;;
9399106;8753332;;;;;
9399100;8753663;;;;;
9399096;8753659;;;;;
9398149;8753656;;;;;
9398144;8753337;;;;;
9399101;8753973;;;;;
9398143;8753333;;;;;
9399736;8753979;;;;;
9399102;8754624;;;;;
9398138;8753976;;;;;
9405821;8560788;;;;;
9407737;8560777;;;;;
9405822;8560789;;;;;
9405819;8560786;;;;;
9405818;8560785;;;;;
9407736;8560774;;;;;
9407746;8560775;;;;;
9407741;8560778;;;;;
9408696;8560771;;;;;
9407742;8560779;;;;;
9407749;8560770;;;;;
9407101;8647415;;;;;
9407102;8647421;;;;;
9407427;8647412;;;;;
9407100;8647427;;;;;
9398141;8753983;;;;;
9398137;8753975;;;;;
9398139;8753977;;;;;
9398140;8753982;;;;;
9398136;8753974;;;;;
9412223;8596854;;;;;
9412224;8594297;;;;;
9412225;8594626;;;;;
9412226;8594632;;;;;
9412227;8594668;;;;;
9412228;8594298;;;;;
9412229;8594628;;;;;
9412230;8594656;;;;;
9413175;8594670;;;;;
9413176;8594658;;;;;
9415102;8594666;;;;;
9399109;8753335;;;;;
9399110;8753981;;;;;
9399098;8753661;;;;;
9398142;8753978;;;;;
9048702;8247417;;;;;
9052548;8247733;;;;;
9027577;8237179;;;;;
9407423;8647090;;;;;
9407424;8647498;;;;;
9409659;8647446;;;;;
9409658;8647454;;;;;
9407428;8647419;;;;;
9407429;8647101;;;;;
9407430;8647410;;;;;
9409350;8647460;;;;;
9055107;8247474;;;;;
9055096;8247453;;;;;
9052545;8247485;;;;;
9040063;8247731;;;;;
9047107;8247483;;;;;
9052546;8247730;;;;;
9055105;8247472;;;;;
9055106;8247473;;;;;
9055108;8247475;;;;;
9027576;8237180;;;;;
9052544;8247484;;;;;
9055109;8247476;;;;;
9407425;8647424;;;;;
9406465;8647470;;;;;
9409341;8647490;;;;;
9406456;8647093;;;;;
9407420;8647417;;;;;
9409660;8647503;;;;;
9411898;8560381;;;;;
9411899;8560374;;;;;
9411900;8561010;;;;;
9411901;8560372;;;;;
9411902;8561011;;;;;
9411903;8561009;;;;;
9412861;8560832;;;;;
9412217;8594635;;;;;
9412218;8594302;;;;;
9412219;8596849;;;;;
9412220;8594300;;;;;
9412221;8594627;;;;;
9412222;8594629;;;;;
9399095;8753658;;;;;
9399108;8753336;;;;;
9398148;8753655;;;;;
9399735;8753980;;;;;
9399097;8753660;;;;;
9398147;8753340;;;;;
9399103;8753984;;;;;
9398146;8753339;;;;;
9401017;8560709;;;;;
9396549;8560395;;;;;
9401016;8560704;;;;;
9401015;8560703;;;;;
9400390;8560710;;;;;
9401028;8560811;;;;;
9400388;8560705;;;;;
9401655;8560813;;;;;
9401027;8560815;;;;;
9401029;8560810;;;;;
9401656;8557186;;;;;
9401024;8560812;;;;;
9395584;8560388;;;;;
9395577;8560412;;;;;
9395590;8560385;;;;;
9395586;8560383;;;;;
9406140;8647467;;;;;
9395579;8562430;;;;;
9396550;8560405;;;;;
9395583;8560387;;;;;
9405815;8560783;;;;;
9405504;8560797;;;;;
9405823;8560787;;;;;
9405510;8560782;;;;;
9405509;8560784;;;;;
9395587;8560389;;;;;
9395589;8562427;;;;;
9395900;8560723;;;;;
9395902;8560404;;;;;
9395576;8560396;;;;;
9396535;8560397;;;;;
9395585;8560384;;;;;
9397175;8560712;;;;;
9408376;8647420;;;;;
9405187;8647429;;;;;
9406460;8647466;;;;;
9406145;8647484;;;;;
9406147;8647495;;;;;
9406459;8647485;;;;;
9390142;8560740;;;;;
9390141;8562428;;;;;
9390462;8560719;;;;;
9390470;8560722;;;;;
9390468;8560744;;;;;
9391422;8560716;;;;;
9390467;8560720;;;;;
9391427;8560717;;;;;
9391425;8560715;;;;;
9390148;8752698;;;;;
9395901;8560403;;;;;
9404869;8560809;;;;;
9395582;8560407;;;;;
9395581;8560414;;;;;
9396546;8560413;;;;;
9407748;8562422;;;;;
9407747;8560768;;;;;
9405830;8560830;;;;;
9407735;8564856;;;;;
9408700;8560762;;;;;
9407740;8560758;;;;;
9408701;8564854;;;;;
9408699;8560767;;;;;
9408698;8562426;;;;;
9405829;8560776;;;;;
9407739;8564851;;;;;
9405817;8562432;;;;;
9405816;8560781;;;;;
9405508;8560791;;;;;
9405505;8560816;;;;;
9395578;8560406;;;;;
9396547;8560402;;;;;
9405824;8560827;;;;;
9405825;8560829;;;;;
9405826;8560780;;;;;
9405507;8560818;;;;;
9405506;8560825;;;;;
9407744;8560755;;;;;
9405828;8560826;;;;;
9405827;8560828;;;;;
9405820;8560790;;;;;
9407745;8560756;;;;;
9390463;8560746;;;;;
9395895;8560728;;;;;
9395910;8560416;;;;;
9395903;8560415;;;;;
9391426;8560743;;;;;
9391419;8560737;;;;;
9391421;8560750;;;;;
9391420;8560748;;;;;
9391418;8560731;;;;;
9391417;8560747;;;;;
9391416;8560733;;;;;
9391424;8560718;;;;;
9395896;8560730;;;;;
9395897;8560724;;;;;
9395898;8560726;;;;;
9396536;8560394;;;;;
9415101;8594290;;;;;
9413178;8594657;;;;;
9411255;8560371;;;;;
9411256;8560375;;;;;
9413179;8594631;;;;;
9411257;8560379;;;;;
9411267;8560377;;;;;
9411268;8557197;;;;;
9411258;8557195;;;;;
9411259;8560378;;;;;
9411260;8557188;;;;;
9411261;8562429;;;;;
9411262;8560376;;;;;
9411269;8557198;;;;;
9411270;8557200;;;;;
9411263;8560373;;;;;
9401030;8560814;;;;;
9404861;8560817;;;;;
9404866;8560823;;;;;
9404868;8778609;;;;;
9405496;8560803;;;;;
9404855;8557190;;;;;
9404859;8560804;;;;;
9404857;8564849;;;;;
9404858;8560802;;;;;
9405499;8560793;;;;;
9404860;8560798;;;;;
9404867;8560819;;;;;
9404864;8560821;;;;;
9405498;8560822;;;;;
9404862;8560799;;;;;
9404865;8560794;;;;;
9389818;8564860;;;;;
9389819;8560831;;;;;
9389820;8560702;;;;;
9390137;8560692;;;;;
9388870;8560745;;;;;
9389815;8564858;;;;;
9389823;8560696;;;;;
9389821;8564857;;;;;
9390135;8560690;;;;;
9388869;8560732;;;;;
9390465;8564853;;;;;
9390461;8560725;;;;;
9388868;8562420;;;;;
9390149;8560729;;;;;
9390140;8557191;;;;;
9390464;8560734;;;;;
9390144;8560721;;;;;
9390143;8560739;;;;;
9390466;8560727;;;;;
9390139;8560697;;;;;
9390147;8560736;;;;;
9390138;8560700;;;;;
9390146;8562425;;;;;
9390145;8560738;;;;;
9415104;8594660;;;;;
9404856;8560806;;;;;
9405497;8560808;;;;;
9404863;8560801;;;;;
9405503;8560820;;;;;
9405502;8560805;;;;;
9405500;8560792;;;;;
9389830;8564859;;;;;
9390136;8560691;;;;;
9411264;8557199;;;;;
9411265;8560370;;;;;
9411266;8560369;;;;;
9407107;8647422;;;;;
9406455;8647468;;;;;
9406458;8647480;;;;;
9407109;8647099;;;;;
9406467;8647500;;;;;
9408379;8647487;;;;;
9405176;8647451;;;;;
9407426;8647423;;;;;
9405175;8647450;;;;;
9409655;8647096;;;;;
9409348;8647457;;;;;
9405184;8647430;;;;;
9409663;8647444;;;;;
9406464;8647464;;;;;
9407099;8647097;;;;;
9406468;8647474;;;;;
9410935;8596855;;;;;
9410936;8594296;;;;;
9410937;8594637;;;;;
9410938;8594640;;;;;
9410939;8594639;;;;;
9410940;8594641;;;;;
9411575;8594642;;;;;
9411576;8594636;;;;;
9411577;8594644;;;;;
9411578;8594634;;;;;
9411579;8594638;;;;;
9411580;8594643;;;;;
9411581;8594633;;;;;
9411582;8596850;;;;;
9411583;8596853;;;;;
9411584;8594299;;;;;
9411585;8594301;;;;;
9411586;8594303;;;;;
9411588;8596852;;;;;
9411589;8594655;;;;;
9411590;8596851;;;;;
9412215;8594291;;;;;
9412216;8594625;;;;;
9401025;8562423;;;;;
9401026;8557189;;;;;
9401657;8560795;;;;;
9415105;8594652;;;;;
9415106;8594664;;;;;
9415107;8594293;;;;;
9415108;8594663;;;;;
9415109;8594665;;;;;
9415110;8594667;;;;;
9415415;8594661;;;;;
9415416;8594648;;;;;
9415418;8594653;;;;;
9415417;8594651;;;;;
9415419;8594650;;;;;
9415420;8594649;;;;;
9415421;8594662;;;;;
9408062;8557192;;;;;
9408060;8560757;;;;;
9408059;8560764;;;;;
9409661;8647447;;;;;
9407108;8647426;;;;;
9407103;8647411;;;;;
9409662;8647448;;;;;
9407418;8647103;;;;;
9407110;8647416;;;;;
9405182;8647434;;;;;
9409349;8647458;;;;;
9405180;8647435;;;;;
9409336;8647469;;;;;
9409344;8647491;;;;;
9409343;8647473;;;;;
9405178;8647089;;;;;
9409345;8647504;;;;;
9409339;8647475;;;;;
9405181;8647497;;;;;
9406136;8647499;;;;;
9409342;8647465;;;;;
9406141;8647488;;;;;
9406142;8647479;;;;;
9409340;8647489;;;;;
9406143;8647095;;;;;
9406144;8647482;;;;;
9406139;8647476;;;;;
9405190;8647494;;;;;
9406137;8647493;;;;;
9405188;8647492;;;;;
9405189;8647478;;;;;
9406138;8647477;;;;;
9409346;8647455;;;;;
9409347;8647459;;;;;
9409338;8647461;;;;;
9409337;8647462;;;;;
9408710;8560765;;;;;
9408707;8560766;;;;;
9408705;8560754;;;;;
9408706;8560772;;;;;
9408704;8560773;;;;;
9408697;8560769;;;;;
9407743;8560753;;;;;
9408702;8560760;;;;;
9408708;8562421;;;;;
9408061;8560761;;;;;
9389826;8560699;;;;;
9389822;8560694;;;;;
9408709;8560759;;;;;
9389827;8560701;;;;;
9389828;8561015;;;;;
9408703;8560763;;;;;
9389816;8561014;;;;;
9389817;8557187;;;;;
9389829;8560693;;;;;
9389825;8560698;;;;;
9389824;8560695;;;;;
9411895;8560380;;;;;
9411896;8557196;;;;;
9411897;8557194;;;;;
9409664;8647445;;;;;
9406135;8647471;;;;;
9405186;8647432;;;;;
9406469;8647443;;;;;
9407096;8647102;;;;;
9408380;8647442;;;;;
9407095;8647438;;;;;
9406470;8647441;;;;;
9406146;8647486;;;;;
9408381;8647440;;;;;
9407421;8647414;;;;;
9407417;8647502;;;;;
9408378;8647439;;;;;
9408383;8647094;;;;;
9408377;8647425;;;;;
9409015;8647452;;;;;
9405183;8647431;;;;;
9409656;8647456;;;;;
9405179;8647436;;;;;
9409335;8647472;;;;;
9405185;8647433;;;;;
9407422;8647418;;;;;
9407419;8647413;;;;;
9418615;8585044;;;;;
9418616;8585069;;;;;
9418626;8585023;;;;;
9418627;8585033;;;;;
9418628;8585038;;;;;
9418629;8585041;;;;;
9418630;8585036;;;;;
9418935;8585022;;;;;
9416070;8585013;;;;;
9415744;8585060;;;;;
9415745;8585059;;;;;
9415746;8585019;;;;;
9415747;8585063;;;;;
9415748;8585061;;;;;
9415749;8585011;;;;;
9415750;8585014;;;;;
9416055;8585058;;;;;
9416056;8585062;;;;;
9416057;8585045;;;;;
9416058;8585018;;;;;
9416059;8585026;;;;;
9416060;8585030;;;;;
9416061;8585043;;;;;
9416062;8585020;;;;;
9416063;8585017;;;;;
9416064;8585027;;;;;
9416065;8585032;;;;;
9416067;8585015;;;;;
9416068;8585031;;;;;
9416069;8585034;;;;;
9416375;8585021;;;;;
9416376;8585042;;;;;
9416066;8585009;;;;;
9416377;8585025;;;;;
9416378;8585040;;;;;
9416379;8585016;;;;;
9417655;8585048;;;;;
9417656;8585051;;;;;
9417657;8585052;;;;;
9417658;8585057;;;;;
9417659;8585028;;;;;
9417660;8585010;;;;;
9417661;8585055;;;;;
9417662;8585012;;;;;
9417663;8585049;;;;;
9417664;8585046;;;;;
9417665;8585047;;;;;
9418617;8585029;;;;;
9418618;8585068;;;;;
9418619;8585039;;;;;
9418620;8585024;;;;;
9418621;8585065;;;;;
9418622;8585067;;;;;
9418623;8585064;;;;;
9417666;8585054;;;;;
9417667;8585035;;;;;
9418624;8585066;;;;;
9418625;8585037;;;;;
9417668;8585053;;;;;
9417669;8585050;;;;;
9417670;8585056;;;;;
9231754;8481014;;;;;
9231755;8481017;;;;;
9231753;8481019;;;;;
9231752;8481015;;;;;
9231751;8481013;;;;;
9285495;8592373;;;;;
9231748;8481016;;;;;
9231749;8480061;;;;;
9231747;8481012;;;;;
9433021;8736695;;;;;
9433023;8736692;;;;;
9429176;8590587;;;;;
9429177;8590777;;;;;
9429178;8590789;;;;;
9429179;8590776;;;;;
9429180;8590782;;;;;
9432388;8590783;;;;;
9417025;8590467;;;;;
9417026;8590450;;;;;
9417027;8590460;;;;;
9417028;8590457;;;;;
9428547;8590774;;;;;
9428548;8590779;;;;;
9541820;8522623;;;;;
9541816;8522632;;;;;
9541190;8522635;;;;;
9227907;8466638;;;;;
9280058;8548534;;;;;
9280403;8552694;;;;;
9280402;8548542;;;;;
9425030;8511443;;;;;
9425029;8511434;;;;;
9425028;8511412;;;;;
9425027;8511420;;;;;
9436216;8511489;;;;;
9436217;8511477;;;;;
9436218;8511479;;;;;
9430140;8511445;;;;;
9430136;8511435;;;;;
9430137;8511438;;;;;
9430138;8511440;;;;;
9430139;8511442;;;;;
9434295;8511450;;;;;
9424696;8590521;;;;;
9424698;8590527;;;;;
9424699;8590538;;;;;
9424700;8590542;;;;;
9447428;8846134;;;;;
9447429;8741171;;;;;
9447430;8741172;;;;;
9449983;8741176;;;;;
9448061;8741173;;;;;
9440389;8577381;;;;;
9432376;8590794;;;;;
9432389;8590832;;;;;
9446455;8741170;;;;;
9446456;8741174;;;;;
9446462;8740873;;;;;
9446463;8740874;;;;;
9446464;8740875;;;;;
9446465;8735424;;;;;
9446466;8737341;;;;;
9537335;8546633;;;;;
9537336;8546627;;;;;
9417015;8590454;;;;;
9417016;8590462;;;;;
9417017;8590453;;;;;
9417018;8590461;;;;;
9417019;8590458;;;;;
9417020;8590459;;;;;
9417021;8590449;;;;;
9417022;8590456;;;;;
9417023;8590455;;;;;
9417024;8590452;;;;;
9537337;8546635;;;;;
9282309;8552696;;;;;
9282310;8552384;;;;;
9449989;8740852;;;;;
9449990;8740854;;;;;
9448063;8740880;;;;;
9449975;8740850;;;;;
9449976;8740866;;;;;
9449977;8737340;;;;;
9449978;8740543;;;;;
9449979;8740530;;;;;
9449980;8735422;;;;;
9449981;8740856;;;;;
9449982;8740859;;;;;
9449984;8740851;;;;;
9449985;8740853;;;;;
9449986;8740855;;;;;
9449987;8740857;;;;;
9449988;8740858;;;;;
9427267;8590591;;;;;
9427269;8590786;;;;;
9427270;8590785;;;;;
9428549;8590780;;;;;
9428535;8590784;;;;;
9428536;8590787;;;;;
9428537;8590788;;;;;
9428538;8590588;;;;;
9428539;8590772;;;;;
9428540;8590775;;;;;
9428541;8590769;;;;;
9428542;8590778;;;;;
9428543;8590589;;;;;
9428544;8590770;;;;;
9428545;8590773;;;;;
9428546;8590590;;;;;
9428550;8590771;;;;;
9429175;8590781;;;;;
9280061;8549814;;;;;
9280063;8552700;;;;;
9280388;8552378;;;;;
9280396;8554618;;;;;
9243283;8497422;;;;;
9243282;8497424;;;;;
9446467;8737343;;;;;
9446469;8740533;;;;;
9446470;8740534;;;;;
9447415;8740535;;;;;
9447416;8740536;;;;;
9447417;8740537;;;;;
9447418;8740538;;;;;
9447419;8740539;;;;;
9447420;8740540;;;;;
9447421;8740541;;;;;
9424701;8590530;;;;;
9424702;8590546;;;;;
9424703;8590547;;;;;
9424704;8590550;;;;;
9424705;8590549;;;;;
9424706;8590555;;;;;
9243294;8497443;;;;;
9243293;8497432;;;;;
9243292;8499899;;;;;
9243288;8497429;;;;;
9243576;8497436;;;;;
9243577;8497425;;;;;
9243291;8497431;;;;;
9243287;8497446;;;;;
9243286;8499900;;;;;
9243284;8497428;;;;;
9361340;8642302;;;;;
9280410;8552690;;;;;
9280067;8554614;;;;;
9280062;8549820;;;;;
9282295;8552697;;;;;
9280389;8549823;;;;;
9280383;8549821;;;;;
9280382;8552379;;;;;
9280381;8554615;;;;;
9433027;8736449;;;;;
9433026;8736453;;;;;
9433025;8736455;;;;;
9530615;8484238;;;;;
9280375;8552703;;;;;
9071422;8254460;;;;;
9501183;8527124;;;;;
9280385;8552380;;;;;
9280386;8552381;;;;;
9435255;8511475;;;;;
9436215;8511487;;;;;
9436219;8511483;;;;;
9436220;8511482;;;;;
9436221;8511486;;;;;
9436222;8511481;;;;;
9436223;8511485;;;;;
9429825;8511436;;;;;
9436224;8511480;;;;;
9425021;8511409;;;;;
9452867;8577341;;;;;
9453175;8577343;;;;;
9452861;8577364;;;;;
9452862;8577340;;;;;
9452869;8583415;;;;;
9452868;8577338;;;;;
9441018;8583411;;;;;
9441017;8577349;;;;;
9430141;8511446;;;;;
9430142;8511448;;;;;
9430143;8511449;;;;;
9437178;8511496;;;;;
9434296;8511455;;;;;
9434297;8511457;;;;;
9432703;8736435;;;;;
9432702;8736433;;;;;
9432701;8736382;;;;;
9432706;8736709;;;;;
9433024;8736463;;;;;
9432705;8736434;;;;;
9432390;8736063;;;;;
9433016;8736691;;;;;
9433017;8736690;;;;;
9433018;8736694;;;;;
9433019;8736689;;;;;
9432708;8736710;;;;;
9432707;8736713;;;;;
9433029;8736054;;;;;
9433028;8736454;;;;;
9433022;8736464;;;;;
9423741;8736430;;;;;
9426304;8736394;;;;;
9426305;8736402;;;;;
9426306;8736398;;;;;
9434950;8736438;;;;;
9437498;8736452;;;;;
9437499;8736448;;;;;
9536705;8546634;;;;;
9357821;8546622;;;;;
9357822;8546628;;;;;
9432710;8736712;;;;;
9432709;8736711;;;;;
9434308;8511470;;;;;
9434309;8511472;;;;;
9434310;8511466;;;;;
9225982;8454129;;;;;
9190458;8387579;;;;;
9437177;8511493;;;;;
9437176;8511500;;;;;
9437175;8511498;;;;;
9430135;8511432;;;;;
9429830;8511431;;;;;
9429829;8511429;;;;;
9429828;8511427;;;;;
9429827;8511426;;;;;
9436230;8511497;;;;;
9436228;8511488;;;;;
9436227;8511478;;;;;
9436226;8511476;;;;;
9436225;8511484;;;;;
9429826;8511424;;;;;
9437184;8511495;;;;;
9437183;8511490;;;;;
9437182;8511491;;;;;
9425025;8511417;;;;;
9425026;8511418;;;;;
9280057;8552701;;;;;
9280056;8549819;;;;;
9280055;8549817;;;;;
9280406;8552692;;;;;
9425017;8511421;;;;;
9425018;8511410;;;;;
9425019;8511419;;;;;
9425020;8511422;;;;;
9541821;8520370;;;;;
9542458;8522615;;;;;
9542460;8522617;;;;;
9542463;8520373;;;;;
9542461;8522618;;;;;
9542464;8520375;;;;;
9542457;8520372;;;;;
9542784;8520382;;;;;
9542456;8520376;;;;;
9542465;8520371;;;;;
9542776;8522630;;;;;
9542783;8522612;;;;;
9433020;8736693;;;;;
9357823;8546618;;;;;
9536695;8546299;;;;;
9536696;8546619;;;;;
9536697;8546632;;;;;
9536698;8550133;;;;;
9536699;8546620;;;;;
9536700;8546296;;;;;
9536701;8546626;;;;;
9536702;8546298;;;;;
9536703;8546625;;;;;
9536704;8546630;;;;;
9536706;8546629;;;;;
9536707;8546631;;;;;
9536709;8555569;;;;;
9536710;8546623;;;;;
9424707;8590556;;;;;
9424708;8590554;;;;;
9424709;8590552;;;;;
9424710;8590557;;;;;
9441019;8583413;;;;;
9440381;8583409;;;;;
9445175;8577014;;;;;
9445507;8577375;;;;;
9440702;8577329;;;;;
9280379;8548535;;;;;
9280378;8554609;;;;;
9280391;8548533;;;;;
9280380;8554616;;;;;
9321346;8621501;;;;;
9227910;8465018;;;;;
9361036;8643580;;;;;
9358459;8643253;;;;;
9447422;8740542;;;;;
9447424;8740867;;;;;
9447425;8740868;;;;;
9447426;8740870;;;;;
9447427;8740869;;;;;
9432377;8590818;;;;;
9432378;8590811;;;;;
9432379;8590821;;;;;
9432380;8590815;;;;;
9432381;8590817;;;;;
9432382;8590812;;;;;
9432383;8590819;;;;;
9441015;8584374;;;;;
9440701;8577017;;;;;
9440706;8584373;;;;;
9440379;8577334;;;;;
9425975;8590551;;;;;
9425976;8590569;;;;;
9425977;8590568;;;;;
9425978;8590566;;;;;
9425979;8590561;;;;;
9425980;8590560;;;;;
9425989;8590578;;;;;
9425990;8590576;;;;;
9427255;8590580;;;;;
9427256;8590574;;;;;
9425981;8590565;;;;;
9425982;8590563;;;;;
9425983;8590558;;;;;
9425984;8590562;;;;;
9425985;8590567;;;;;
9425986;8590559;;;;;
9425987;8590582;;;;;
9425988;8590584;;;;;
9427258;8590575;;;;;
9427259;8590571;;;;;
9427257;8590585;;;;;
9427260;8590570;;;;;
9427261;8590572;;;;;
9427262;8590579;;;;;
9427263;8590573;;;;;
9427264;8590583;;;;;
9427265;8590581;;;;;
9427266;8590577;;;;;
9427268;8590586;;;;;
9446457;8842942;;;;;
9446458;8740871;;;;;
9446459;8740872;;;;;
9430776;8590797;;;;;
9430777;8590792;;;;;
9446461;8846129;;;;;
9430778;8590798;;;;;
9430779;8590806;;;;;
9430780;8590803;;;;;
9430781;8590796;;;;;
9430782;8590808;;;;;
9432375;8590793;;;;;
9432384;8590820;;;;;
9432385;8590810;;;;;
9432386;8590822;;;;;
9432387;8590816;;;;;
9440378;8577332;;;;;
9440377;8577331;;;;;
9440390;8583414;;;;;
9441016;8577350;;;;;
9445509;8577374;;;;;
9422786;8590502;;;;;
9422787;8590500;;;;;
9424697;8811889;;;;;
9422789;8590518;;;;;
9422790;8590516;;;;;
9423415;8590519;;;;;
9423416;8590537;;;;;
9423417;8590535;;;;;
9423418;8590525;;;;;
9423419;8590536;;;;;
9423420;8590539;;;;;
9423421;8590531;;;;;
9423422;8590524;;;;;
9423423;8590533;;;;;
9423424;8590528;;;;;
9423425;8590540;;;;;
9423426;8590526;;;;;
9423427;8590523;;;;;
9423428;8590532;;;;;
9423429;8590544;;;;;
9423430;8590545;;;;;
9424695;8590522;;;;;
9448062;8735423;;;;;
9447423;8740544;;;;;
9440392;8577385;;;;;
9440382;8577009;;;;;
9452857;8577360;;;;;
9445828;8577015;;;;;
9445505;8577010;;;;;
9452863;8577344;;;;;
9450295;8740863;;;;;
9450296;8740864;;;;;
9450297;8740849;;;;;
9450298;8740861;;;;;
9450303;8842941;;;;;
9450304;8846131;;;;;
9450299;8741175;;;;;
9450300;8849011;;;;;
9450301;8846132;;;;;
9429182;8590802;;;;;
9429183;8590790;;;;;
9450302;8849010;;;;;
9450305;8849009;;;;;
9450306;8849012;;;;;
9450307;8842943;;;;;
9450308;8846133;;;;;
9429181;8590795;;;;;
9429184;8590805;;;;;
9429185;8590807;;;;;
9429186;8591089;;;;;
9429186;8591089;;;;;
9429187;8590800;;;;;
9429188;8590799;;;;;
9429189;8590801;;;;;
9429190;8590791;;;;;
9430775;8590804;;;;;
9417975;8590478;;;;;
9417976;8590499;;;;;
9417977;8590497;;;;;
9420855;8590487;;;;;
9445829;8577357;;;;;
9440383;8580544;;;;;
9445819;8584379;;;;;
9445827;8577368;;;;;
9445815;8577362;;;;;
9440391;8577387;;;;;
9417987;8590480;;;;;
9420864;8590471;;;;;
9420865;8590474;;;;;
9420866;8590470;;;;;
9420867;8590469;;;;;
9417978;8590479;;;;;
9417979;8590465;;;;;
9417980;8590483;;;;;
9417981;8590494;;;;;
9417982;8590489;;;;;
9417983;8590482;;;;;
9417984;8590477;;;;;
9417985;8590491;;;;;
9417986;8590481;;;;;
9420856;8590493;;;;;
9420857;8590476;;;;;
9420868;8590475;;;;;
9420869;8590495;;;;;
9420870;8590488;;;;;
9421181;8590490;;;;;
9421182;8590485;;;;;
9421183;8590473;;;;;
9420858;8590486;;;;;
9420859;8590463;;;;;
9420860;8590464;;;;;
9420861;8590468;;;;;
9420862;8590472;;;;;
9420863;8590484;;;;;
9421184;8590496;;;;;
9422775;8590507;;;;;
9422788;8590520;;;;;
9422776;8590510;;;;;
9422777;8590515;;;;;
9422778;8590506;;;;;
9422779;8590511;;;;;
9422780;8590504;;;;;
9422781;8590505;;;;;
9422782;8590513;;;;;
9422783;8590509;;;;;
9422784;8590512;;;;;
9422785;8590508;;;;;
9455098;8609018;;;;;
9453820;8609020;;;;;
9455100;8609009;;;;;
9453822;8609330;;;;;
9455096;8609021;;;;;
9440385;8577388;;;;;
9452870;8577336;;;;;
9452860;8583421;;;;;
9445503;8577366;;;;;
9445825;8584375;;;;;
9445820;8584378;;;;;
9440705;8577020;;;;;
9445510;8842940;;;;;
9445830;8583417;;;;;
9441021;8577346;;;;;
9445818;8577011;;;;;
9445816;8583419;;;;;
9440698;8577018;;;;;
9440699;8577021;;;;;
9453176;8577339;;;;;
9440695;8577379;;;;;
9440393;8577383;;;;;
9453826;8609976;;;;;
9452858;8577016;;;;;
9440704;8584372;;;;;
9445821;8577386;;;;;
9440703;8577019;;;;;
9440376;8577333;;;;;
9440380;8583410;;;;;
9440388;8577384;;;;;
9440387;8577382;;;;;
9445817;8577370;;;;;
9445504;8584377;;;;;
9440386;8583423;;;;;
9440384;8580543;;;;;
9445502;8577355;;;;;
9440394;8583424;;;;;
9452856;8583416;;;;;
9453830;8609022;;;;;
9453825;8609977;;;;;
9453827;8609975;;;;;
9453821;8609331;;;;;
9453829;8609024;;;;;
9455095;8609023;;;;;
9453824;8609974;;;;;
9453828;8609017;;;;;
9453823;8609014;;;;;
9445506;8583418;;;;;
9445508;8584376;;;;;
9445176;8577373;;;;;
9445499;8577372;;;;;
9445826;8577363;;;;;
9440709;8577354;;;;;
9452864;8577335;;;;;
9452865;8577337;;;;;
9440708;8577345;;;;;
9440700;8577023;;;;;
9452859;8583420;;;;;
9440707;8577022;;;;;
9445823;8583422;;;;;
9445822;8577369;;;;;
9445824;8577365;;;;;
9453816;8609335;;;;;
9453815;8609336;;;;;
9453818;8609333;;;;;
9445500;8577356;;;;;
9445501;8577358;;;;;
9441020;8583412;;;;;
9440396;8584370;;;;;
9440697;8577013;;;;;
9440710;8577351;;;;;
9452866;8577342;;;;;
9453817;8609334;;;;;
9455097;8609019;;;;;
9453819;8609332;;;;;
9455099;8609337;;;;;
9093829;8272049;;;;;
9077820;8272387;;;;;
9457337;8868534;;;;;
9090629;8272429;;;;;
9054135;8247444;;;;;
9027575;8237178;;;;;
9047108;8247470;;;;;
9048698;8247413;;;;;
9052246;8247443;;;;;
9457336;8868533;;;;;
9457336;8868533;;;;;
9042295;8247446;;;;;
9046778;8247468;;;;;
9041661;8247477;;;;;
9042296;8247449;;;;;
9041660;8247479;;;;;
9041662;8247420;;;;;
9046466;8247454;;;;;
9046777;8247455;;;;;
9046782;8247419;;;;;
9046783;8247418;;;;;
9046785;8247456;;;;;
9047109;8247463;;;;;
9048697;8247412;;;;;
9051579;8247427;;;;;
9051580;8247428;;;;;
9052240;8247436;;;;;
9052241;8247437;;;;;
9052242;8247438;;;;;
9052243;8247439;;;;;
9055098;8247459;;;;;
9055104;8247469;;;;;
9077815;8272438;;;;;
9047110;8247458;;;;;
9048696;8247481;;;;;
9046784;8247431;;;;;
9046786;8247440;;;;;
9047106;8247430;;;;;
9048699;8247414;;;;;
9051584;8247435;;;;;
9053827;8247447;;;;;
9053828;8247448;;;;;
9053829;8247450;;;;;
9055095;8247452;;;;;
9055102;8247466;;;;;
9055103;8247467;;;;;
9055110;8247480;;;;;
9055749;8247426;;;;;
9040062;8247487;;;;;
9040696;8247488;;;;;
9046467;8247434;;;;;
9051583;8247433;;;;;
9051578;8247425;;;;;
9048701;8247416;;;;;
9048703;8247421;;;;;
9051575;8247422;;;;;
9051576;8247423;;;;;
9051577;8247424;;;;;
9051582;8247432;;;;;
9046468;8247471;;;;;
9046775;8247461;;;;;
9046776;8247729;;;;;
9048700;8247415;;;;;
9139590;8340541;;;;;
9140535;8340542;;;;;
9140536;8340543;;;;;
9059583;8256060;;;;;
9059584;8256061;;;;;
9059585;8256062;;;;;
9059586;8256063;;;;;
9059587;8256064;;;;;
9059588;8258612;;;;;
9059589;8258613;;;;;
9059590;8258614;;;;;
9061826;8258624;;;;;
9062142;8258615;;;;;
9059577;8256054;;;;;
9059578;8256055;;;;;
9059579;8256056;;;;;
9059580;8256057;;;;;
9462460;8292224;;;;;
9243281;8497423;;;;;
9243578;8497440;;;;;
9243579;8497439;;;;;
9243575;8497437;;;;;
9243290;8497444;;;;;
9243289;8497445;;;;;
9243302;8497426;;;;;
9243301;8497441;;;;;
9090630;8272399;;;;;
9091895;8272394;;;;;
9091896;8272392;;;;;
9091897;8272396;;;;;
9091898;8272385;;;;;
9091899;8272403;;;;;
9091900;8272390;;;;;
9091901;8272395;;;;;
9091902;8272388;;;;;
9091903;8272063;;;;;
9091904;8272424;;;;;
9091905;8272054;;;;;
9091906;8272445;;;;;
9091907;8272384;;;;;
9091908;8272428;;;;;
9091909;8272055;;;;;
9091910;8272057;;;;;
9093815;8272426;;;;;
9093816;8272448;;;;;
9093817;8272441;;;;;
9093818;8272053;;;;;
9093819;8272060;;;;;
9093820;8272062;;;;;
9093821;8272425;;;;;
9093822;8272058;;;;;
9093823;8272440;;;;;
9093824;8272059;;;;;
9093825;8272056;;;;;
9093826;8272061;;;;;
9093827;8272052;;;;;
9093828;8272433;;;;;
9090307;8272439;;;;;
9090308;8272431;;;;;
9090309;8272432;;;;;
9090310;8272386;;;;;
9090617;8272422;;;;;
9090618;8272419;;;;;
9090619;8272417;;;;;
9090620;8272423;;;;;
9090621;8272421;;;;;
9090622;8272402;;;;;
9090623;8272435;;;;;
9090624;8272398;;;;;
9090625;8272436;;;;;
9090626;8272437;;;;;
9090627;8272391;;;;;
9090628;8272430;;;;;
9140538;8342449;;;;;
9140539;8342450;;;;;
9140540;8342451;;;;;
9140549;8342460;;;;;
9140550;8342461;;;;;
9139583;8340534;;;;;
9139584;8340535;;;;;
9139585;8340536;;;;;
9139586;8340537;;;;;
9139587;8340538;;;;;
9139588;8340539;;;;;
9139589;8340540;;;;;
9165183;8354344;;;;;
9165185;8354346;;;;;
9178314;8343743;;;;;
9226630;8468529;;;;;
9073342;8273664;;;;;
9072055;8273024;;;;;
9072057;8273653;;;;;
9072056;8273652;;;;;
9152697;8354327;;;;;
9152698;8354328;;;;;
9152699;8354329;;;;;
9152700;8354331;;;;;
9152701;8354332;;;;;
9152702;8354333;;;;;
9152703;8354334;;;;;
9152704;8354335;;;;;
9153335;8354936;;;;;
9464384;8889013;;;;;
9149507;8354319;;;;;
9149508;8354320;;;;;
9149509;8354321;;;;;
9149510;8354324;;;;;
9149502;8353332;;;;;
9149503;8354315;;;;;
9149504;8354316;;;;;
9152705;8354336;;;;;
9152706;8354337;;;;;
9152707;8354932;;;;;
9152708;8354933;;;;;
9152709;8354934;;;;;
9152710;8354935;;;;;
9148221;8349555;;;;;
9147267;8349545;;;;;
9469817;8898291;;;;;
9542782;8520383;;;;;
9542775;8993970;;;;;
9542459;8522616;;;;;
9542462;8522627;;;;;
9542779;8520384;;;;;
9118464;8315579;;;;;
9118465;8315576;;;;;
9118466;8315583;;;;;
9118467;8315581;;;;;
9143420;8349519;;;;;
9143425;8349524;;;;;
9149178;8349584;;;;;
9149177;8349583;;;;;
9149187;8351648;;;;;
9149181;8349587;;;;;
9148857;8349567;;;;;
9148856;8349566;;;;;
9149189;8351730;;;;;
9149499;8351736;;;;;
9148215;8349549;;;;;
9469818;8898292;;;;;
9128697;8314935;;;;;
9101816;8301518;;;;;
9101817;8301517;;;;;
9101818;8301519;;;;;
9101819;8303089;;;;;
9101820;8303090;;;;;
9101821;8301510;;;;;
9101822;8301516;;;;;
9101823;8301512;;;;;
9101824;8301513;;;;;
9101825;8301514;;;;;
9101826;8301511;;;;;
9101827;8301515;;;;;
9101828;8301520;;;;;
9144697;8349527;;;;;
9143422;8349521;;;;;
9144707;8349535;;;;;
9143423;8349522;;;;;
9143418;8345979;;;;;
9144695;8349525;;;;;
9116878;8320056;;;;;
9140541;8342452;;;;;
9072379;8255436;;;;;
9325822;8622144;;;;;
9231846;8484218;;;;;
9288705;8515891;;;;;
9071428;8255444;;;;;
9149188;8351729;;;;;
9144710;8350458;;;;;
9144700;8349530;;;;;
9144709;8349537;;;;;
9146619;8350455;;;;;
9149496;8351733;;;;;
9147259;8345982;;;;;
9147262;8349540;;;;;
9144704;8345981;;;;;
9144702;8350457;;;;;
9148870;8349580;;;;;
9149183;8349589;;;;;
9149185;8349591;;;;;
9144708;8349536;;;;;
9144706;8349534;;;;;
9144705;8349533;;;;;
9144696;8349526;;;;;
9144698;8349528;;;;;
9143424;8349523;;;;;
9143421;8349520;;;;;
9144699;8349529;;;;;
9143419;8345980;;;;;
9149175;8349581;;;;;
9149179;8349585;;;;;
9149184;8349590;;;;;
9149180;8349586;;;;;
9149182;8349588;;;;;
9148226;8349560;;;;;
9148228;8349562;;;;;
9147268;8349546;;;;;
9139903;8345976;;;;;
9141823;8349495;;;;;
9141824;8349496;;;;;
9139902;8345975;;;;;
9141821;8349492;;;;;
9147263;8349541;;;;;
9147264;8349542;;;;;
9147266;8349544;;;;;
9149176;8349582;;;;;
9141830;8349502;;;;;
9142455;8349503;;;;;
9149190;8351731;;;;;
9075910;8279101;;;;;
9076855;8279102;;;;;
9076856;8279103;;;;;
9076857;8279104;;;;;
9076859;8279105;;;;;
9076860;8279106;;;;;
9076861;8279107;;;;;
9076862;8279108;;;;;
9076864;8279110;;;;;
9076865;8279111;;;;;
9076866;8279112;;;;;
9081016;8283255;;;;;
9081340;8282296;;;;;
9081348;8283257;;;;;
9081350;8283293;;;;;
9081656;8283254;;;;;
9081666;8283249;;;;;
9081668;8283294;;;;;
9081982;8283289;;;;;
9082616;8283256;;;;;
9082620;8283287;;;;;
9082621;8283291;;;;;
9073343;8276220;;;;;
9063097;8264371;;;;;
9124539;8282611;;;;;
9125508;8283592;;;;;
9282298;8552377;;;;;
9282297;8548540;;;;;
9282296;8554610;;;;;
9280387;8549813;;;;;
9541819;8522621;;;;;
9541815;8522636;;;;;
9160698;8354352;;;;;
9160697;8354351;;;;;
9160699;8354613;;;;;
9160700;8354610;;;;;
9075899;8279091;;;;;
9160701;8354611;;;;;
9160702;8354612;;;;;
9075900;8279092;;;;;
9075901;8279093;;;;;
9073344;8276221;;;;;
9073345;8276222;;;;;
9160703;8357171;;;;;
9160704;8353334;;;;;
9160705;8354609;;;;;
9160706;8354940;;;;;
9075896;8276224;;;;;
9075897;8279089;;;;;
9075898;8279090;;;;;
9123264;8319431;;;;;
9123902;8319410;;;;;
9148222;8349556;;;;;
9148220;8349554;;;;;
9148864;8349574;;;;;
9148855;8349565;;;;;
9148219;8349553;;;;;
9148227;8349561;;;;;
9148865;8349575;;;;;
9109846;8320053;;;;;
9110135;8320049;;;;;
9110136;8320050;;;;;
9085503;8283895;;;;;
9125509;8283593;;;;;
9126138;8283305;;;;;
9127104;8283604;;;;;
9476536;8336379;;;;;
9081338;8283283;;;;;
9081659;8283260;;;;;
9081984;8283268;;;;;
9081017;8283276;;;;;
9081019;8282295;;;;;
9081020;8283278;;;;;
9081346;8283297;;;;;
9081655;8283280;;;;;
9081663;8283295;;;;;
9081975;8283299;;;;;
9081979;8283300;;;;;
9081981;8283298;;;;;
9083898;8283296;;;;;
9130627;8314934;;;;;
9118462;8315578;;;;;
9118463;8315582;;;;;
9092861;8287092;;;;;
9164866;8374452;;;;;
9092858;8287090;;;;;
9091581;8285170;;;;;
9067901;8264067;;;;;
9065016;8263096;;;;;
9065018;8263098;;;;;
9067903;8264073;;;;;
9067904;8264074;;;;;
9124550;8282623;;;;;
9125498;8283574;;;;;
9125499;8283575;;;;;
9126150;8283573;;;;;
9068549;8264071;;;;;
9067576;8264061;;;;;
9178297;8344692;;;;;
9178299;8344703;;;;;
9178300;8344702;;;;;
9178301;8344701;;;;;
9480375;8344694;;;;;
9127106;8283606;;;;;
9125500;8283576;;;;;
9126137;8283304;;;;;
9126143;8283310;;;;;
9126146;8283569;;;;;
9126147;8283570;;;;;
9126149;8283572;;;;;
9127109;8283607;;;;;
9127420;8283577;;;;;
9474939;8911410;;;;;
9065029;8264058;;;;;
9065030;8264059;;;;;
9067907;8264077;;;;;
9067575;8264060;;;;;
9067908;8264078;;;;;
9067909;8264079;;;;;
9065023;8263103;;;;;
9065024;8263104;;;;;
9067905;8264075;;;;;
9065019;8263099;;;;;
9189505;8384691;;;;;
9189182;8381828;;;;;
9188550;8383740;;;;;
9189177;8384698;;;;;
9188539;8382464;;;;;
9066630;8264054;;;;;
9067906;8264076;;;;;
9124541;8282613;;;;;
9124549;8282622;;;;;
9125501;8283585;;;;;
9125502;8283586;;;;;
9125503;8283587;;;;;
9125504;8283588;;;;;
9125505;8283589;;;;;
9125506;8283590;;;;;
9125507;8283591;;;;;
9125510;8283594;;;;;
9127095;8283595;;;;;
9127096;8283596;;;;;
9127098;8283598;;;;;
9127101;8283601;;;;;
9124537;8283584;;;;;
9124538;8281984;;;;;
9127097;8283597;;;;;
9127099;8283599;;;;;
9127100;8283600;;;;;
9127102;8283609;;;;;
9127103;8283603;;;;;
9127105;8283605;;;;;
9127107;8283608;;;;;
9127110;8283578;;;;;
9127415;8283579;;;;;
9127416;8283580;;;;;
9127417;8283581;;;;;
9127418;8283582;;;;;
9127419;8283583;;;;;
9127421;8283602;;;;;
9065026;8264055;;;;;
9065028;8264057;;;;;
9126139;8283306;;;;;
9189180;8381833;;;;;
9188538;8381834;;;;;
9188536;8381838;;;;;
9188544;8384053;;;;;
9188549;8383739;;;;;
9188548;8383736;;;;;
9189179;8381837;;;;;
9188545;8384054;;;;;
9188541;8383734;;;;;
9188546;8381835;;;;;
9188547;8383735;;;;;
9188537;8383742;;;;;
9188540;8383744;;;;;
9188543;8384052;;;;;
9189181;8381831;;;;;
9169019;8354930;;;;;
9169020;8354308;;;;;
9169021;8354306;;;;;
9169022;8354309;;;;;
9169023;8354307;;;;;
9189498;8382460;;;;;
9169024;8354303;;;;;
9169025;8354296;;;;;
9169026;8354300;;;;;
9169027;8354299;;;;;
9169017;8354313;;;;;
9169018;8353331;;;;;
9178309;8343738;;;;;
9178310;8343744;;;;;
9178296;8344695;;;;;
9457335;8868529;;;;;
9178311;8343742;;;;;
9178312;8343740;;;;;
9179259;8344690;;;;;
9178313;8343741;;;;;
9178315;8344689;;;;;
9178316;8343731;;;;;
9052543;8247482;;;;;
9052547;8247732;;;;;
9046470;8247462;;;;;
9053830;8247451;;;;;
9065021;8263101;;;;;
9178308;8343739;;;;;
9178317;8344691;;;;;
9067899;8264065;;;;;
9067900;8264066;;;;;
9066627;8264051;;;;;
9065022;8263102;;;;;
9067579;8264064;;;;;
9066628;8264052;;;;;
9067578;8264063;;;;;
9065027;8264056;;;;;
9068870;8264070;;;;;
9065017;8263097;;;;;
9067577;8264062;;;;;
9476535;8264050;;;;;
9063115;8263093;;;;;
9065020;8263100;;;;;
9067902;8264068;;;;;
9113019;8305667;;;;;
9113020;8305668;;;;;
9113021;8305669;;;;;
9113022;8305670;;;;;
9113023;8305671;;;;;
9164237;8370625;;;;;
9164238;8370623;;;;;
9164239;8370617;;;;;
9145660;8302770;;;;;
9145661;8302775;;;;;
9480380;8370309;;;;;
9065025;8264049;;;;;
9194950;8383100;;;;;
9194951;8383099;;;;;
9194952;8383101;;;;;
9194953;8383098;;;;;
9194954;8380853;;;;;
9133178;8326140;;;;;
9137345;8328751;;;;;
9132216;8326141;;;;;
9133175;8326131;;;;;
9133176;8326135;;;;;
9133179;8326136;;;;;
9133180;8326137;;;;;
9133181;8326138;;;;;
9133184;8328705;;;;;
9133495;8328695;;;;;
9217344;8377347;;;;;
9425022;8511413;;;;;
9425023;8511414;;;;;
9425024;8511416;;;;;
9425015;8511411;;;;;
9425016;8511415;;;;;
9133497;8328697;;;;;
9137350;8329011;;;;;
9137655;8329012;;;;;
9137657;8329014;;;;;
9137658;8340859;;;;;
9137659;8329016;;;;;
9137660;8329017;;;;;
9137663;8329021;;;;;
9137666;8329024;;;;;
9139258;8329015;;;;;
9139259;8340533;;;;;
9139578;8329018;;;;;
9133177;8326132;;;;;
9133506;8328716;;;;;
9133509;8328712;;;;;
9133816;8328715;;;;;
9133817;8328717;;;;;
9194618;8383109;;;;;
9194619;8383103;;;;;
9194620;8383102;;;;;
9194621;8383114;;;;;
9194622;8383096;;;;;
9194623;8380864;;;;;
9194624;8383092;;;;;
9194625;8383732;;;;;
9194626;8383113;;;;;
9194627;8380860;;;;;
9482300;8383106;;;;;
9194295;8383118;;;;;
9194296;8383119;;;;;
9194297;8383121;;;;;
9194298;8383117;;;;;
9133822;8328722;;;;;
9133821;8328721;;;;;
9133828;8328725;;;;;
9137665;8329023;;;;;
9133818;8328718;;;;;
9133819;8328720;;;;;
9133820;8328719;;;;;
9217335;8377350;;;;;
9217336;8377349;;;;;
9217337;8375736;;;;;
9217338;8375737;;;;;
9217339;8375738;;;;;
9217340;8377651;;;;;
9217341;8377341;;;;;
9217342;8377342;;;;;
9217343;8377343;;;;;
9098306;8292535;;;;;
9098307;8292536;;;;;
9099255;8292540;;;;;
9099256;8292531;;;;;
9235619;8497329;;;;;
9225996;8429831;;;;;
9225997;8429830;;;;;
9225998;8429827;;;;;
9282308;8552369;;;;;
9282307;8552371;;;;;
9225999;8429825;;;;;
9282306;8552372;;;;;
9280413;8550784;;;;;
9226000;8427254;;;;;
9226001;8429828;;;;;
9280411;8548544;;;;;
9361346;8641984;;;;;
9361347;8642294;;;;;
9363267;8639424;;;;;
9363268;8642303;;;;;
9226002;8426299;;;;;
9097341;8292868;;;;;
9097021;8292878;;;;;
9097023;8292880;;;;;
9097027;8292884;;;;;
9097335;8295090;;;;;
9097342;8292869;;;;;
9097343;8292870;;;;;
9098303;8292532;;;;;
9098304;8292533;;;;;
9098305;8292534;;;;;
9131268;8336371;;;;;
9235602;8497340;;;;;
9235604;8496690;;;;;
9097346;8292873;;;;;
9099270;8292027;;;;;
9099897;8292030;;;;;
9098309;8292538;;;;;
9099257;8292541;;;;;
9099259;8292543;;;;;
9099260;8292544;;;;;
9099262;8292850;;;;;
9099895;8292028;;;;;
9096377;8287729;;;;;
9097026;8292883;;;;;
9235603;8496695;;;;;
9235607;8496704;;;;;
9475265;8342777;;;;;
9475266;8342778;;;;;
9475267;8342779;;;;;
9432395;8736451;;;;;
9432400;8736461;;;;;
9432399;8736450;;;;;
9432398;8736456;;;;;
9428862;8737335;;;;;
9428861;8736062;;;;;
9235608;8497331;;;;;
9235609;8499892;;;;;
9235610;8497333;;;;;
9235611;8497337;;;;;
9235618;8497330;;;;;
9235612;8496696;;;;;
9235613;8499893;;;;;
9225992;8429826;;;;;
9225993;8427256;;;;;
9225994;8429829;;;;;
9225995;8427255;;;;;
9235614;8497334;;;;;
9235615;8497332;;;;;
9235616;8497336;;;;;
9235617;8497335;;;;;
9243255;8496703;;;;;
9254142;8465010;;;;;
9254143;8465009;;;;;
9254144;8464382;;;;;
9254145;8464383;;;;;
9254146;8463731;;;;;
9254147;8464095;;;;;
9255421;8528369;;;;;
9254148;8464381;;;;;
9255422;8464106;;;;;
9254149;8464378;;;;;
9255423;8464102;;;;;
9254150;8464399;;;;;
9255415;8464096;;;;;
9255416;8464396;;;;;
9255417;8464101;;;;;
9255418;8464094;;;;;
9255419;8464100;;;;;
9255420;8464104;;;;;
9255424;8464093;;;;;
9248701;8464388;;;;;
9248702;8464389;;;;;
9248703;8464395;;;;;
9248704;8464387;;;;;
9248705;8464385;;;;;
9248706;8464392;;;;;
9502790;8533824;;;;;
9502789;8533490;;;;;
9251576;8463732;;;;;
9251577;8464089;;;;;
9097025;8292882;;;;;
9224064;8454131;;;;;
9224066;8454455;;;;;
9224072;8452855;;;;;
9224074;8454449;;;;;
9224075;8453823;;;;;
9224076;8452863;;;;;
9224077;8452858;;;;;
9224078;8452864;;;;;
9224079;8452857;;;;;
9224080;8452859;;;;;
9099265;8292853;;;;;
9099266;8292854;;;;;
9099267;8292024;;;;;
9099268;8292025;;;;;
9099269;8292026;;;;;
9096382;8292889;;;;;
9096388;8292895;;;;;
9097022;8292879;;;;;
9097024;8292881;;;;;
9096386;8292893;;;;;
9096387;8292894;;;;;
9097344;8292871;;;;;
9097345;8292872;;;;;
9097347;8292874;;;;;
9097348;8292875;;;;;
9098308;8292537;;;;;
9224081;8452860;;;;;
9224082;8453822;;;;;
9224083;8452861;;;;;
9224084;8452862;;;;;
9224085;8454133;;;;;
9224086;8453824;;;;;
9224087;8454450;;;;;
9224088;8452856;;;;;
9428860;8736389;;;;;
9428859;8736404;;;;;
9428858;8736399;;;;;
9428857;8736397;;;;;
9428856;8736395;;;;;
9428855;8736390;;;;;
9099900;8292887;;;;;
9096379;8292885;;;;;
9096380;8292886;;;;;
9096381;8292888;;;;;
9096384;8292891;;;;;
9096385;8292892;;;;;
9097019;8292876;;;;;
9097020;8292877;;;;;
9097336;8295091;;;;;
9097337;8295092;;;;;
9097338;8295093;;;;;
9097340;8292867;;;;;
9252856;8464065;;;;;
9251588;8464062;;;;;
9252857;8464066;;;;;
9252858;8464067;;;;;
9252859;8464068;;;;;
9252860;8464073;;;;;
9255425;8464110;;;;;
9255426;8464099;;;;;
9255427;8464109;;;;;
9255428;8464092;;;;;
9255429;8464107;;;;;
9253185;8464083;;;;;
9253186;8464081;;;;;
9253187;8464082;;;;;
9253188;8464077;;;;;
9253189;8464398;;;;;
9253190;8464078;;;;;
9254135;8464084;;;;;
9254136;8464080;;;;;
9254137;8464085;;;;;
9254138;8464379;;;;;
9254139;8464097;;;;;
9254140;8464400;;;;;
9254141;8464380;;;;;
9251578;8464088;;;;;
9251579;8464091;;;;;
9252221;8463730;;;;;
9252222;8465013;;;;;
9251580;8464087;;;;;
9251581;8464090;;;;;
9251582;8464086;;;;;
9252223;8464056;;;;;
9252220;8464376;;;;;
9252224;8464075;;;;;
9252863;8464071;;;;;
9252864;8464072;;;;;
9243300;8497435;;;;;
9243299;8497427;;;;;
9253179;8463744;;;;;
9253180;8463736;;;;;
9361345;8640701;;;;;
9280394;8554612;;;;;
9280377;8552704;;;;;
9280384;8549824;;;;;
9280068;8552698;;;;;
9280066;8549811;;;;;
9280065;8549818;;;;;
9280069;8549815;;;;;
9280414;8548538;;;;;
9280412;8552689;;;;;
9280409;8552693;;;;;
9280408;8552383;;;;;
9282302;8552373;;;;;
9282615;8554613;;;;;
9207416;8407418;;;;;
9207417;8406784;;;;;
9207418;8407467;;;;;
9207419;8407410;;;;;
9207415;8407412;;;;;
9207420;8406783;;;;;
9207421;8407469;;;;;
9207422;8407431;;;;;
9195905;8405832;;;;;
9198786;8405836;;;;;
9198787;8405837;;;;;
9198788;8405835;;;;;
9206459;8407425;;;;;
9195897;8407465;;;;;
9195898;8407470;;;;;
9195902;8405840;;;;;
9195903;8405830;;;;;
9195899;8405838;;;;;
9195900;8407464;;;;;
9195901;8406771;;;;;
9207102;8407428;;;;;
9206138;8406781;;;;;
9206139;8407415;;;;;
9206140;8407417;;;;;
9206141;8406782;;;;;
9206142;8407414;;;;;
9206143;8407409;;;;;
9206144;8407411;;;;;
9345977;8659896;;;;;
9345978;8659262;;;;;
9345979;8659260;;;;;
9345980;8659263;;;;;
9345982;8654778;;;;;
9345983;8659257;;;;;
9351415;8659256;;;;;
9352375;8673009;;;;;
9352376;8659901;;;;;
9352377;8659900;;;;;
9354615;8659898;;;;;
9353341;8659899;;;;;
9354620;8659889;;;;;
9354621;8658304;;;;;
9354622;8659264;;;;;
9354623;8658303;;;;;
9354624;8659890;;;;;
9354625;8659895;;;;;
9354626;8659254;;;;;
9354627;8659258;;;;;
9354628;8659253;;;;;
9354629;8654779;;;;;
9354630;8659891;;;;;
9512695;8670781;;;;;
9354935;8654777;;;;;
9354616;8659897;;;;;
9354617;8659893;;;;;
9354619;8659892;;;;;
9354936;8659894;;;;;
9354937;8659259;;;;;
9354618;8670782;;;;;
9345975;8659902;;;;;
9345976;8659255;;;;;
9345981;8659261;;;;;
9504375;8407450;;;;;
9504376;8407455;;;;;
9208059;8405829;;;;;
9131269;8335102;;;;;
9131270;8336374;;;;;
9131575;8336373;;;;;
9131576;8335101;;;;;
9208070;8407458;;;;;
9208375;8407462;;;;;
9208376;8407461;;;;;
9208377;8407463;;;;;
9208378;8405831;;;;;
9208063;8407456;;;;;
9208064;8407453;;;;;
9208065;8405827;;;;;
9208066;8407457;;;;;
9086781;8283908;;;;;
9086782;8283909;;;;;
9086784;8283912;;;;;
9086786;8283911;;;;;
9085496;8283615;;;;;
9085497;8283616;;;;;
9086775;8283900;;;;;
9142470;8349505;;;;;
9142140;8354615;;;;;
9142139;8349494;;;;;
9206457;8407420;;;;;
9205510;8405833;;;;;
9205509;8405834;;;;;
9208067;8405826;;;;;
9208060;8407460;;;;;
9208061;8407459;;;;;
9208062;8407448;;;;;
9208068;8407449;;;;;
9208069;8407452;;;;;
9086780;8283907;;;;;
9528695;8683262;;;;;
9086789;8283612;;;;;
9528698;8683275;;;;;
9086790;8283613;;;;;
9528696;8683265;;;;;
9426310;8736406;;;;;
9426309;8736405;;;;;
9426299;8736403;;;;;
9424403;8736058;;;;;
9208379;8407466;;;;;
9208380;8407451;;;;;
9208381;8407454;;;;;
9208382;8406778;;;;;
9208383;8406777;;;;;
9208384;8406779;;;;;
9208385;8406776;;;;;
9495744;8497344;;;;;
9495745;8497356;;;;;
9495746;8497350;;;;;
9495747;8497354;;;;;
9495748;8497362;;;;;
9495749;8497363;;;;;
9495750;8497372;;;;;
9498295;8497348;;;;;
9498296;8497357;;;;;
9498297;8497358;;;;;
9498298;8497368;;;;;
9498299;8497369;;;;;
9498300;8497370;;;;;
9498301;8497375;;;;;
9498302;8497376;;;;;
9498616;8497373;;;;;
9498617;8497355;;;;;
9498618;8497361;;;;;
9498619;8497365;;;;;
9498620;8497367;;;;;
9498621;8497374;;;;;
9280393;8548543;;;;;
9280395;8554611;;;;;
9280398;8554620;;;;;
9280399;8554621;;;;;
9243586;8503101;;;;;
9243585;8503100;;;;;
9243584;8504050;;;;;
9243583;8504051;;;;;
9243582;8504052;;;;;
9243581;8503097;;;;;
9475268;8342780;;;;;
9475269;8342781;;;;;
9475270;8342782;;;;;
9475575;8342783;;;;;
9475576;8342784;;;;;
9475577;8342785;;;;;
9475578;8342786;;;;;
9433980;8736706;;;;;
9433981;8736701;;;;;
9433982;8736702;;;;;
9433983;8736705;;;;;
9428863;8736060;;;;;
9428864;8736061;;;;;
9424398;8736059;;;;;
9424399;8736384;;;;;
9424400;8736386;;;;;
9498303;8497343;;;;;
9104714;8297970;;;;;
9104715;8297971;;;;;
9104716;8297973;;;;;
9104717;8297969;;;;;
9104718;8297660;;;;;
9104719;8297661;;;;;
9104720;8297659;;;;;
9131259;8336375;;;;;
9131260;8336376;;;;;
9131261;8336377;;;;;
9131262;8335100;;;;;
9131263;8335104;;;;;
9131264;8336369;;;;;
9131265;8336370;;;;;
9131266;8335103;;;;;
9131267;8336372;;;;;
9437506;8736708;;;;;
9437507;8736698;;;;;
9437508;8736703;;;;;
9419257;8736726;;;;;
9270187;8308853;;;;;
9270188;8309190;;;;;
9270189;8309180;;;;;
9270190;8309175;;;;;
9270191;8309178;;;;;
9270192;8309174;;;;;
9270193;8309182;;;;;
9270194;8309176;;;;;
9270195;8309183;;;;;
9502135;8308862;;;;;
9103422;8297656;;;;;
9103423;8297658;;;;;
9103424;8299571;;;;;
9103425;8297657;;;;;
9103426;8297662;;;;;
9103427;8297978;;;;;
9103428;8297650;;;;;
9103429;8297977;;;;;
9103430;8297976;;;;;
9104055;8297654;;;;;
9104056;8299570;;;;;
9104057;8297652;;;;;
9104058;8297664;;;;;
9419256;8736739;;;;;
9419255;8736715;;;;;
9422795;8736724;;;;;
9423747;8736427;;;;;
9422801;8737339;;;;;
9422802;8736717;;;;;
9422804;8736719;;;;;
9422803;8736718;;;;;
9437509;8736704;;;;;
9424401;8736385;;;;;
9424402;8736387;;;;;
9426302;8736391;;;;;
9426303;8736401;;;;;
9474938;8911409;;;;;
9475255;8342462;;;;;
9475256;8342463;;;;;
9475257;8342464;;;;;
9475258;8342769;;;;;
9475259;8342770;;;;;
9475260;8342772;;;;;
9475261;8342773;;;;;
9475262;8342774;;;;;
9475263;8342775;;;;;
9475264;8342776;;;;;
9498622;8499894;;;;;
9104061;8297653;;;;;
9104062;8297981;;;;;
9104063;8297979;;;;;
9104064;8299569;;;;;
9104065;8297651;;;;;
9104066;8297982;;;;;
9363269;8642613;;;;;
9363270;8643584;;;;;
9364537;8642610;;;;;
9364538;8642617;;;;;
9364539;8642611;;;;;
9364540;8642615;;;;;
9364541;8642620;;;;;
9282305;8548541;;;;;
9280059;8552699;;;;;
9280376;8548536;;;;;
9498304;8497347;;;;;
9498305;8497349;;;;;
9498306;8497366;;;;;
9498307;8497345;;;;;
9498308;8497346;;;;;
9498309;8497351;;;;;
9498310;8497353;;;;;
9498615;8497359;;;;;
9104067;8297980;;;;;
9495739;8497360;;;;;
9495740;8497364;;;;;
9495741;8497371;;;;;
9495742;8497352;;;;;
9495743;8496699;;;;;
9104059;8297663;;;;;
9104060;8297655;;;;;
9270142;8309241;;;;;
9270143;8308860;;;;;
9270144;8309188;;;;;
9270145;8309185;;;;;
9270146;8309186;;;;;
9270147;8309187;;;;;
9270150;8309203;;;;;
9270151;8309214;;;;;
9270152;8308855;;;;;
9270153;8309201;;;;;
9270154;8309206;;;;;
9270167;8309205;;;;;
9270168;8309207;;;;;
9233667;8484211;;;;;
9233668;8484231;;;;;
9137987;8337012;;;;;
9137986;8337011;;;;;
9077827;8255441;;;;;
9325821;8622143;;;;;
9270169;8309208;;;;;
9270170;8309219;;;;;
9270171;8311545;;;;;
9270172;8309212;;;;;
9270173;8309213;;;;;
9270174;8309199;;;;;
9270175;8309211;;;;;
9270176;8309198;;;;;
9270177;8311544;;;;;
9270178;8309196;;;;;
9270179;8309216;;;;;
9270184;8309204;;;;;
9270185;8309210;;;;;
9270186;8309209;;;;;
9270180;8309215;;;;;
9270181;8311546;;;;;
9233662;8482613;;;;;
9475579;8342787;;;;;
9500535;8464108;;;;;
9243895;8503104;;;;;
9243590;8503103;;;;;
9541828;8520379;;;;;
9541817;8522634;;;;;
9423749;8736052;;;;;
9432425;8736447;;;;;
9432424;8736436;;;;;
9270182;8309217;;;;;
9270183;8308858;;;;;
9502136;8309202;;;;;
9432436;8736373;;;;;
9432437;8736375;;;;;
9432438;8736369;;;;;
9425349;8736411;;;;;
9432429;8736432;;;;;
9426296;8736407;;;;;
9432433;8736370;;;;;
9432432;8736383;;;;;
9432431;8736379;;;;;
9432430;8736380;;;;;
9432434;8736381;;;;;
9433979;8736696;;;;;
9437510;8736697;;;;;
9537018;8642293;;;;;
9423750;8736413;;;;;
9425335;8736425;;;;;
9422796;8736716;;;;;
9422793;8736725;;;;;
9425346;8736414;;;;;
9425344;8736421;;;;;
9425345;8736422;;;;;
9425341;8736415;;;;;
9425342;8736419;;;;;
9425347;8736423;;;;;
9425343;8736420;;;;;
9422792;8736740;;;;;
9425348;8736412;;;;;
9432435;8736376;;;;;
9432397;8736050;;;;;
9432396;8736462;;;;;
9432406;8736053;;;;;
9432405;8736444;;;;;
9432423;8736440;;;;;
9437502;8736056;;;;;
9270148;8309197;;;;;
9270149;8309200;;;;;
9270135;8309236;;;;;
9270136;8309237;;;;;
9270137;8309238;;;;;
9270138;8309239;;;;;
9270139;8309240;;;;;
9270140;8308859;;;;;
9270141;8309242;;;;;
9340218;8637505;;;;;
9243298;8497438;;;;;
9243297;8497442;;;;;
9243296;8497433;;;;;
9243295;8496701;;;;;
9282299;8552376;;;;;
9282300;8552374;;;;;
9282303;8549812;;;;;
9282304;8552370;;;;;
9231880;8484224;;;;;
9173175;8374459;;;;;
9243896;8503098;;;;;
9280401;8552695;;;;;
9280400;8554622;;;;;
9419258;8736729;;;;;
9422791;8736728;;;;;
9422805;8736736;;;;;
9422806;8736737;;;;;
9421845;8736734;;;;;
9421846;8736738;;;;;
9423736;8736057;;;;;
9423735;8736735;;;;;
9423737;8737334;;;;;
9432401;8736446;;;;;
9437504;8736699;;;;;
9437505;8736707;;;;;
9437503;8736700;;;;;
9432392;8736439;;;;;
9423742;8736431;;;;;
9423746;8736730;;;;;
9422798;8736721;;;;;
9422799;8736722;;;;;
9422800;8736720;;;;;
9422797;8736723;;;;;
9423745;8736428;;;;;
9423743;8736733;;;;;
9423744;8736429;;;;;
9422794;8736727;;;;;
9425340;8736416;;;;;
9104068;8297984;;;;;
9104069;8297983;;;;;
9104070;8297972;;;;;
9104711;8297974;;;;;
9104712;8297649;;;;;
9104713;8297975;;;;;
9280397;8554619;;;;;
9361341;8642612;;;;;
9361342;8642619;;;;;
9361343;8640698;;;;;
9361344;8642618;;;;;
9437500;8736441;;;;;
9437497;8736445;;;;;
9433015;8736714;;;;;
9432391;8736388;;;;;
9424404;8736049;;;;;
9425350;8736409;;;;;
9426295;8736408;;;;;
9426297;8736424;;;;;
9425338;8736051;;;;;
9432393;8736457;;;;;
9432394;8737337;;;;;
9243580;8504053;;;;;
9140871;8337010;;;;;
9140870;8336380;;;;;
9243588;8503099;;;;;
9425339;8736417;;;;;
9425337;8737336;;;;;
9425336;8736418;;;;;
9426298;8736410;;;;;
9426300;8736396;;;;;
9426301;8736393;;;;;
9426308;8736392;;;;;
9426307;8736400;;;;;
9423748;8736426;;;;;
9437181;8511492;;;;;
9437180;8511494;;;;;
9437179;8511499;;;;;
9429824;8511425;;;;;
9429823;8511423;;;;;
9429822;8511447;;;;;
9429821;8511444;;;;;
9429820;8511441;;;;;
9429819;8511439;;;;;
9429818;8511437;;;;;
9429817;8511433;;;;;
9429816;8511430;;;;;
9429815;8511428;;;;;
9209338;8429820;;;;;
9118469;8315584;;;;;
9434298;8511451;;;;;
9434299;8511454;;;;;
9434300;8511467;;;;;
9434301;8511463;;;;;
9434302;8511471;;;;;
9434303;8511459;;;;;
9434304;8511462;;;;;
9434305;8511468;;;;;
9434306;8511473;;;;;
9243589;8504049;;;;;
9364542;8645494;;;;;
9364543;8640697;;;;;
9537339;8587580;;;;;
9536378;8588216;;;;;
9538297;8588855;;;;;
9537027;8987892;;;;;
9538298;8587249;;;;;
9537020;8987893;;;;;
9537021;8987894;;;;;
9537023;8987895;;;;;
9537342;8587250;;;;;
9537341;8587253;;;;;
9537338;8587255;;;;;
474995;560817;;;;;
3407427;560818;;;;;
3407428;560818;;;;;
3407429;560818;;;;;
3407430;560818;;;;;
3408055;560817;;;;;
3408056;560817;;;;;
3408057;560817;;;;;
3408058;560817;;;;;
9537343;8587573;;;;;
9538296;8587574;;;;;
9538295;8587576;;;;;
9537024;8987898;;;;;
9537026;8987899;;;;;
9536383;8587252;;;;;
9536381;8587258;;;;;
9536379;8587259;;;;;
9536387;8587261;;;;;
9536382;8587262;;;;;
9541188;8587251;;;;;
9541184;8587263;;;;;
9541187;8587257;;;;;
9541186;8587577;;;;;
9541185;8587260;;;;;
9537664;8588224;;;;;
9537665;8588223;;;;;
9537659;8588853;;;;;
9537660;8588852;;;;;
9537657;8588854;;;;;
9537663;8588849;;;;;
9537662;8588850;;;;;
9537661;8588851;;;;;
9186621;8385650;;;;;
9186620;8385344;;;;;
9130628;8329981;;;;;
9130629;8329976;;;;;
9130630;8329979;;;;;
9541180;8588209;;;;;
9541183;8587582;;;;;
9536386;8587264;;;;;
9536380;8587572;;;;;
9536385;8587575;;;;;
9537025;8987896;;;;;
9537022;8987897;;;;;
9537019;8987891;;;;;
9537340;8587256;;;;;
9537345;8587569;;;;;
9537346;8587570;;;;;
9537347;8587579;;;;;
9536384;8587578;;;;;
9536388;8588856;;;;;
9541179;8588210;;;;;
9131255;8329978;;;;;
9131256;8329980;;;;;
9131257;8329977;;;;;
9541177;8588212;;;;;
9541176;8588213;;;;;
9541182;8587583;;;;;
9541181;8587584;;;;;
9541189;8588215;;;;;
9092868;8277493;;;;;
9092866;8277491;;;;;
9092870;8277495;;;;;
9094459;8277500;;;;;
9094456;8277497;;;;;
9092863;8276219;;;;;
9092864;8277504;;;;;
9094463;8277489;;;;;
9094460;8277501;;;;;
9092865;8277490;;;;;
9094461;8277502;;;;;
9094458;8277499;;;;;
9092869;8277494;;;;;
9092867;8277492;;;;;
9471738;8903409;;;;;
9094457;8277498;;;;;
9537658;8587254;;;;;
9536377;8588217;;;;;
9537670;8588218;;;;;
9541178;8588211;;;;;
9537669;8588219;;;;;
9537668;8588220;;;;;
9537667;8588221;;;;;
9537666;8588222;;;;;
9471737;8903410;;;;;
9083896;8283274;;;;;
9083895;8283271;;;;;
9081980;8282930;;;;;
9081342;8283284;;;;;
9082619;8283279;;;;;
9081665;8283272;;;;;
9082618;8283277;;;;;
9086787;8283914;;;;;
9086777;8283902;;;;;
9086783;8283910;;;;;
9086788;8283611;;;;;
9085495;8283610;;;;;
9471739;8903411;;;;;
9081339;8282290;;;;;
9528700;8684534;;;;;
9528701;8684535;;;;;
9528702;8684536;;;;;
9528703;8683270;;;;;
9528704;8683278;;;;;
9528712;8684532;;;;;
9528705;8683279;;;;;
9528706;8682931;;;;;
9528707;8683266;;;;;
9528713;8683260;;;;;
9528708;8683277;;;;;
9528709;8683280;;;;;
9528710;8683261;;;;;
9528714;8683263;;;;;
9528715;8683268;;;;;
9528716;8683273;;;;;
9528717;8683264;;;;;
9528718;8683269;;;;;
9528719;8683271;;;;;
9528720;8683272;;;;;
9077823;8272389;;;;;
9094455;8277496;;;;;
9077824;8272397;;;;;
9093830;8272400;;;;;
9528721;8682930;;;;;
9528722;8683259;;;;;
9364544;8642616;;;;;
9364547;8642622;;;;;
9528711;8683274;;;;;
9541175;8588214;;;;;
431924;564035;;;;;
9577346;8660210;;;;;
9577347;8660210;;;;;
9577348;8660210;;;;;
9577349;8660210;;;;;
431925;564035;;;;;
489968;564035;;;;;
426056;559087;;;;;
436945;556271;;;;;
436946;556271;;;;;
436947;556271;;;;;
487701;556271;;;;;
487702;556271;;;;;
9208388;8406773;;;;;
9208389;8406772;;;;;
9208387;8406774;;;;;
9208386;8406775;;;;;
