pt_code;pt_codeext;pt_etiquet;pt_nd_code;pt_ad_code;pt_gest_do;pt_prop_do;pt_prop;pt_gest;pt_user;pt_proptyp;pt_statut;pt_etat;pt_dateins;pt_datemes;pt_avct;pt_typephy;pt_typelog;pt_rf_code;pt_nature;pt_secu;pt_occp;pt_a_dan;pt_a_dtetu;pt_a_struc;pt_a_haut;pt_a_passa;pt_a_strat;pt_rotatio;pt_detec;pt_comment;pt_creadat;pt_majdate;pt_majsrc;pt_abddate;pt_abdsrc
2421426;TERRITOIRE;SFR;2421426;;OR227;OR227;OR1;OR1;;OCC;MCO;OK;18/04/2018;;E;C;T;;L5T;;;;;;;;;;;;;;;;
2851506;TERRITOIRE;CH2851506;2851506;;OR287;OR287;OR1;OR1;;OCC;MCO;OK;06/11/2019;;E;C;T;;L3T;;;;;;;;;;;;;;;;
2851507;TERRITOIRE;CH2851507;2851507;;OR287;OR287;OR1;OR1;;OCC;MCO;OK;06/11/2019;;E;C;T;;L2T;;;;;;;;;;;;;;;;
2851509;TERRITOIRE;CH2851509;2851509;;OR287;OR287;OR1;OR1;;OCC;MCO;OK;06/11/2019;;E;C;T;;L2T;;;;;;;;;;;;;;;;
2851511;TERRITOIRE;CH2851511;2851511;;OR287;OR287;OR1;OR1;;OCC;MCO;OK;06/11/2019;;E;C;T;;L1T;;;;;;;;;;;;;;;;
174629;TERRITOIRE;RUE CAMILLE BLANC ( ARCUEIL);174629;;OR228;OR228;OR1;OR1;;OCC;MCO;OK;23/01/2012;;E;C;T;;L3T;;;;;;;;;;;;;;;;
1391683;TERRITOIRE;AVENUE DE LA METALLURGIE II;1391683;;OR228;OR228;OR1;OR1;;OCC;MCO;OK;30/03/2015;;E;C;T;;K2C;;;;;;;;;;;;;;;;
2421427;TERRITOIRE;SFR;2421427;;OR227;OR227;OR1;OR1;;OCC;MCO;OK;18/04/2018;;E;C;T;;L5T;;;;;;;;;;;;;;;;
2851508;TERRITOIRE;CH2851508;2851508;;OR287;OR287;OR1;OR1;;OCC;MCO;OK;06/11/2019;;E;C;T;;L2T;;;;;;;;;;;;;;;;
2851505;TERRITOIRE;CH2851505;2851505;;OR287;OR287;OR1;OR1;;OCC;MCO;OK;06/11/2019;;E;C;T;;L2T;;;;;;;;;;;;;;;;
1674564;TERRITOIRE;L1T MAIRIE;1674564;;OR227;OR227;OR11;OR11;;OCC;MCO;OK;01/03/2016;;E;C;T;;L1T;;;;;;;;;;;;;;;;
1334264;TERRITOIRE;VILLE DE CHAVILLE;1334264;;OR227;OR227;OR11;OR11;;OCC;MCO;OK;29/10/2013;;E;C;T;;L2T;;;;;;;;;;;;;;;;
1346772;TERRITOIRE;VILLE DE CHAVILLE;1346772;;OR227;OR227;OR11;OR11;;OCC;MCO;OK;29/10/2013;;E;C;T;;L3T;;;;;;;;;;;;;;;;
1538561;TERRITOIRE;CH1538561;1538561;;OR227;OR227;OR11;OR11;;OCC;MCO;OK;20/10/2015;;E;C;T;;L1T;;;;;;;;;;;;;;;;
1392981;TERRITOIRE;CH1392981;1392981;;OR227;OR227;OR11;OR11;;OCC;MCO;OK;02/04/2015;;E;C;T;;L1T;;;;;;;;;;;;;;;;
1802865;TERRITOIRE;CHAMBRE L1T COMMUNALE;1802865;;OR227;OR227;OR11;OR11;;OCC;MCO;OK;10/08/2018;;E;C;T;;L1T;;;;;;;;;;;;;;;;
1392986;TERRITOIRE;CH1392986;1392986;;OR227;OR227;OR11;OR11;;OCC;MCO;OK;02/04/2015;;E;C;T;;L1T;;;;;;;;;;;;;;;;
2567027;TERRITOIRE;L2T - COMMUNE;2567027;;OR227;OR227;OR11;OR11;;OCC;MCO;OK;14/11/2018;;E;C;T;;L2T;;;;;;;;;;;;;;;;
1363204;TERRITOIRE;SFRCOLL_MH1363204;1363204;;OR227;OR227;OR11;OR21;;OCC;MCO;OK;24/02/2015;;E;C;T;;L1T;;;;;;;;;;;;;;;;
1346931;TERRITOIRE;CH1346931;1346931;;OR227;OR227;OR11;OR21;;OCC;MCO;OK;28/10/2013;;E;C;T;;L1T;;;;;;;;;;;;;;;;
1392982;TERRITOIRE;CH1392982;1392982;;OR227;OR227;OR11;OR11;;OCC;MCO;OK;02/04/2015;;E;C;T;;L1T;;;;;;;;;;;;;;;;
1348732;TERRITOIRE;CH1348732;1348732;;OR227;OR227;OR11;OR11;;OCC;MCO;OK;08/07/2013;;E;C;T;;L1T;;;;;;;;;;;;;;;;
1802867;TERRITOIRE;CHAMBRE L1T COMMUNALE;1802867;;OR227;OR227;OR11;OR11;;OCC;MCO;OK;10/08/2018;;E;C;T;;L1T;;;;;;;;;;;;;;;;
1536004;TERRITOIRE;CH1536004;1536004;;OR227;OR227;OR11;OR11;;OCC;MCO;OK;19/10/2015;;E;C;T;;L2T;;;;;;;;;;;;;;;;
1334260;TERRITOIRE;CH1334260;1334260;;OR227;OR227;OR11;OR21;;OCC;MCO;OK;28/10/2013;;E;C;T;;L1T;;;;;;;;;;;;;;;;
1674565;TERRITOIRE;L1T MAIRIE;1674565;;OR227;OR227;OR11;OR11;;OCC;MCO;OK;01/03/2016;;E;C;T;;L1T;;;;;;;;;;;;;;;;
1473281;HORS TERRITOIRE;VILLE 2;1473281;;OR227;OR227;OR11;OR11;;OCC;MCO;OK;05/08/2015;;E;C;T;;L3T;;;;;;;;;;;;;;;;
1807025;TERRITOIRE;VILLE 1;1807025;;OR227;OR227;OR11;OR11;;OCC;MCO;OK;20/09/2016;;E;C;T;;L2T;;;;;;;;;;;;;;;;
1807027;TERRITOIRE;VILLE 2;1807027;;OR227;OR227;OR11;OR11;;OCC;MCO;OK;20/09/2016;;E;C;T;;L2T;;;;;;;;;;;;;;;;
1674563;TERRITOIRE;L1T MAIRIE;1674563;;OR227;OR227;OR11;OR11;;OCC;MCO;OK;01/03/2016;;E;C;T;;L1T;;;;;;;;;;;;;;;;
1393283;HORS TERRITOIRE;VILLE 1;1393283;;OR227;OR227;OR11;OR11;;OCC;MCO;OK;02/04/2015;;E;C;T;;L3T;;;;;;;;;;;;;;;;
6363828;TERRITOIRE;TIERS;6363828;;;;OR11;OR11;;OCC;MCO;OK;30/07/2023;;E;C;R;;K2C;;;;;;;;;;;;;;;;
1809588;TERRITOIRE;CH1809588;1809588;;OR227;OR227;OR11;OR11;;OCC;MCO;OK;22/09/2016;;E;C;T;;L4T;;;;;;;;;;;;;;;;
2773113;TERRITOIRE;CH2773113;2773113;;;;OR11;OR11;;OCC;MCO;OK;27/06/2019;;E;C;T;;L1T;;;;;;;;;;;;;;;;
1738561;TERRITOIRE;9SI-T93-053;1738561;;OR228;OR228;OR11;OR11;;OCC;MCO;OK;20/06/2016;;E;C;T;;L5T;;;;;;;;;;;;;;;;
1391682;TERRITOIRE;AB TELEVISION 1;1391682;;;;OR12;OR12;;OCC;MCO;OK;30/03/2015;;E;C;T;;L3T;;;;;;;;;;;;;;;;
684804;TERRITOIRE;IRS - RUE DE LA VANNE / PRIVE N??599;684804;;OR12;OR12;OR12;OR12;;OCC;MCO;OK;19/11/2013;;E;C;T;;L2T;;;;;;;;;;;;;;;;
2417587;TERRITOIRE;REGARD ROND PRIVE HOPITAL;2417587;;OR12;OR12;OR12;OR12;;OCC;MCO;OK;12/04/2018;;E;C;T;;NC;;;;;;;;;;;;;;;;
1391374;TERRITOIRE;SEMERU;1391374;;OR12;OR12;OR12;OR12;;OCC;MCO;OK;30/03/2015;;E;C;T;;L1T;;;;;;;;;;;;;;;;
2545590;HORS TERRITOIRE;L2T - PRIVE;2545590;;OR12;OR12;OR12;OR12;;OCC;MCO;OK;25/10/2018;;E;C;T;;L2T;;;;;;;;;;;;;;;;
1391685;TERRITOIRE;NUMERICABLE I;1391685;;OR227;OR227;OR13;OR13;;OCC;MCO;OK;30/03/2015;;E;C;T;;L2T;;;;;;;;;;;;;;;;
1460801;TERRITOIRE;NUMERICABLE III;1460801;;OR227;OR227;OR13;OR13;;OCC;MCO;OK;21/07/2015;;E;C;T;;L3T;;;;;;;;;;;;;;;;
2495988;TERRITOIRE;NUMERICABLE;2495988;;OR227;OR227;OR13;OR13;;OCC;MCO;OK;13/09/2018;;E;C;T;;L2T;;;;;;;;;;;;;;;;
1333177;TERRITOIRE;NUMERICABLE 1;1333177;;OR227;OR227;OR13;OR13;;OCC;MCO;OK;06/05/2014;;E;C;T;;L2T;;;;;;;;;;;;;;;;
1460802;TERRITOIRE;NUMERICABLE II;1460802;;OR227;OR227;OR13;OR13;;OCC;MCO;OK;21/07/2015;;E;C;T;;L2T;;;;;;;;;;;;;;;;
2495987;TERRITOIRE;NUMERICABLE;2495987;;OR227;OR227;OR13;OR13;;OCC;MCO;OK;13/09/2018;;E;C;T;;L2T;;;;;;;;;;;;;;;;
1333176;TERRITOIRE;NUMERICABLE 2;1333176;;OR227;OR227;OR13;OR13;;OCC;MCO;OK;06/05/2014;;E;C;T;;L3T;;;;;;;;;;;;;;;;
1337443;TERRITOIRE;L3T - NUMERICABLE;1337443;;OR227;OR227;OR13;OR13;;OCC;MCO;OK;26/09/2018;;E;C;T;;L3T;;;;;;;;;;;;;;;;
2495986;TERRITOIRE;NUMERICABLE;2495986;;OR227;OR227;OR13;OR13;;OCC;MCO;OK;13/09/2018;;E;C;T;;L4T;;;;;;;;;;;;;;;;
1340491;TERRITOIRE;CHAMBRE NUMERICABLE ANGLE RUE GEORGES LEBIGOT / RUE PAUL BERT;1340491;;OR227;OR227;OR13;OR13;;OCC;MCO;OK;16/08/2010;;E;C;T;;;;;;;;;;;;;;;;;;
1333329;TERRITOIRE;CHAMBRE L3T NUMERICABLE;1333329;;OR227;OR227;OR13;OR21;;OCC;MCO;OK;04/12/2012;;E;C;T;;L3T;;;;;;;;;;;;;;;;
1809585;TERRITOIRE;NUMERICABLE;1809585;;OR227;OR227;OR13;OR13;;OCC;MCO;OK;22/09/2016;;E;C;T;;NC;;;;;;;;;;;;;;;;
759682;TERRITOIRE;NUMERICABLE;759682;;OR228;OR228;OR13;OR13;;OCC;MCO;OK;23/01/2014;;E;C;T;;L2T;;;;;;;;;;;;;;;;
2417590;TERRITOIRE;LEVEL3;2417590;;OR227;OR227;OR15;OR15;;OCC;MCO;OK;12/04/2018;;E;C;T;;K2C;;;;;;;;;;;;;;;;
5793589;TERRITOIRE;CH5793589;5793589;;;;OR16;OR21;;OCC;MCO;OK;30/07/2023;;E;C;T;;L3T;;;;;;;;;;;;;;;;
1807031;TERRITOIRE;SEMMACH;1807031;;OR227;OR227;OR16;OR16;;OCC;MCO;OK;20/09/2016;;E;C;T;;L1T;;;;;;;;;;;;;;;;
5793591;TERRITOIRE;CH5793591;5793591;;;;OR16;OR21;;OCC;MCO;OK;30/07/2023;;E;C;T;;L2T;;;;;;;;;;;;;;;;
5793596;TERRITOIRE;CH5793596;5793596;;;;OR16;OR21;;OCC;MCO;OK;30/07/2023;;E;C;T;;L3T;;;;;;;;;;;;;;;;
5793593;TERRITOIRE;CH5793593;5793593;;;;OR16;OR21;;OCC;MCO;OK;30/07/2023;;E;C;T;;L3T;;;;;;;;;;;;;;;;
5793585;TERRITOIRE;CH5793585;5793585;;;;OR16;OR21;;OCC;MCO;OK;30/07/2023;;E;C;T;;L4T;;;;;;;;;;;;;;;;
1392963;TERRITOIRE;L1T - TIER;1392963;;OR227;OR227;OR16;OR16;;OCC;MCO;OK;26/09/2018;;E;C;T;;L1T;;;;;;;;;;;;;;;;
1554881;TERRITOIRE;REGARD COMMUNAL AVENUE ROGER SALENGRO;1554881;;OR228;OR228;OR16;OR16;;OCC;MCO;OK;30/10/2015;;E;C;T;;HC;;;;;;;;;;;;;;;;
3124156;TERRITOIRE;CH3124156;3124156;;;;OR16;OR21;;OCC;MCO;OK;30/07/2023;;E;C;T;;K2C;;;;;;;;;;;;;;;;
2773114;TERRITOIRE;CH2773114;2773114;;;;OR16;OR16;;OCC;MCO;OK;27/06/2019;;E;C;T;;L1T;;;;;;;;;;;;;;;;
3124466;TERRITOIRE;CH3124466;3124466;;;;OR16;OR21;;OCC;MCO;OK;30/07/2023;;E;C;T;;L4T;;;;;;;;;;;;;;;;
2772797;TERRITOIRE;CH2772797;2772797;;;;OR16;OR16;;OCC;MCO;OK;30/07/2023;;E;C;T;;;;;;;;;;;;;;;;;;
3124160;TERRITOIRE;PRIVE;3124160;;;;OR16;OR21;;OCC;MCO;OK;30/07/2023;;E;C;T;;L1T;;;;;;;;;;;;;;;;
5793592;TERRITOIRE;CH5793592;5793592;;;;OR16;OR21;;OCC;MCO;OK;30/07/2023;;E;C;T;;L3T;;;;;;;;;;;;;;;;
2772795;TERRITOIRE;CH2772795;2772795;;;;OR16;OR16;;OCC;MCO;OK;30/07/2023;;E;C;T;;;;;;;;;;;;;;;;;;
2772796;TERRITOIRE;CH2772796;2772796;;;;OR16;OR16;;OCC;MCO;OK;30/07/2023;;E;C;T;;;;;;;;;;;;;;;;;;
2773111;TERRITOIRE;CH2773111;2773111;;;;OR16;OR16;;OCC;MCO;OK;27/06/2019;;E;C;T;;L1T;;;;;;;;;;;;;;;;
2772798;TERRITOIRE;CH2772798;2772798;;;;OR16;OR16;;OCC;MCO;OK;27/06/2019;;E;C;T;;L1T;;;;;;;;;;;;;;;;
2772800;TERRITOIRE;CH2772800;2772800;;;;OR16;OR16;;OCC;MCO;OK;27/06/2019;;E;C;T;;L1T;;;;;;;;;;;;;;;;
3133747;TERRITOIRE;CH3133747;3133747;;OR227;OR227;OR16;OR21;;OCC;MCO;OK;04/11/2020;;E;C;T;;L2T;;;;;;;;;;;;;;;;
7877153;TERRITOIRE;FT 92012/1320;7877153;;OR16;OR16;OR19;OR19;;OCC;MCO;OK;17/04/2024;;E;C;I;;L2T;;;;;;;;;;;;;;;;
7568305;TERRITOIRE;FT 94015/304;7568305;;OR16;OR16;OR19;OR19;;OCC;MCO;OK;08/02/2024;;E;C;T;;OHN;;;;;;;;;;;;;;;;
7800322;TERRITOIRE;FT 92075/554;7800322;;OR16;OR16;OR19;OR19;;OCC;MCO;OK;26/03/2024;;E;C;I;;OHN;;;;;;;;;;;;;;;;
7645429;TERRITOIRE;FT 93008/1420;7645429;;OR16;OR16;OR19;OR19;;OCC;MCO;OK;23/02/2024;;E;C;T;;OHN;;;;;;;;;;;;;;;;
647363;HORS TERRITOIRE;FRANCE TELECOM - RUE DES FUSILLES DE CHATEAUBRIANT-ROUTE DE LA LIBERATION (CHENNEVIERE SUR MARNE);647363;;OR227;OR227;OR19;OR19;;OCC;MCO;OK;23/10/2013;;E;C;T;;L3T;;;;;;;;;;;;;;;;
7926408;TERRITOIRE;FT 94038/141;7926408;;OR16;OR16;OR19;OR19;;OCC;MCO;OK;26/04/2024;;E;C;I;;L4T;;;;;;;;;;;;;;;;
7876827;TERRITOIRE;FT 92022/429;7876827;;OR16;OR16;OR19;OR19;;OCC;MCO;OK;17/04/2024;;E;C;I;;A2B;;;;;;;;;;;;;;;;
560321;HORS TERRITOIRE;FRANCE TELECOM II;560321;;OR227;OR227;OR19;OR19;;OCC;MCO;OK;09/09/2013;;E;C;T;;L4T;;;;;;;;;;;;;;;;
550103;HORS TERRITOIRE;FRANCE TELECOM N??691;550103;;OR227;OR227;OR19;OR19;;OCC;MCO;OK;04/09/2013;;E;C;T;;K2C;;;;;;;;;;;;;;;;
1065922;TERRITOIRE;FRANCE TELECOM - 19 AV DE L'AERODROME (ORLY);1065922;;OR227;OR227;OR19;OR19;;OCC;MCO;OK;24/07/2014;;E;C;T;;L3T;;;;;;;;;;;;;;;;
6232625;TERRITOIRE;CH6232625;6232625;;OR228;OR228;OR19;OR21;;OCC;MCO;OK;06/09/2023;;E;C;R;;L4T;;;;;;;;;;;;;;;;
2070388;HORS TERRITOIRE;FT 95572-2288;2070388;;OR12;OR12;OR19;OR19;;OCC;MCO;OK;24/05/2017;;E;C;T;;L2T;;;;;;;;;;;;;;;;
1345371;TERRITOIRE;L3T - FRANCE TELECOM;1345371;;OR227;OR227;OR19;OR19;;OCC;MCO;OK;10/08/2018;;E;C;T;;L3T;;;;;;;;;;;;;;;;
185228;TERRITOIRE;L4T FRANCE TELECOM;185228;;OR227;OR227;OR19;OR19;;OCC;MCO;OK;21/05/2012;;E;C;R;;L3T;;;;;;;;;;;;;;;;
1397444;HORS TERRITOIRE;CH1397444;1397444;;OR227;OR227;OR19;OR19;;OCC;MCO;OK;13/04/2015;;E;C;T;;HC;;;;;;;;;;;;;;;;
1391372;TERRITOIRE;FRANCE TELECOM 17;1391372;;;;OR19;OR19;;OCC;MCO;OK;30/03/2015;;E;C;T;;L3T;;;;;;;;;;;;;;;;
1345197;TERRITOIRE;FRANCE TELECOM 373;1345197;;OR227;OR227;OR19;OR19;;OCC;MCO;OK;04/10/2012;;E;C;T;;U5T;;;;;;;;;;;;;;;;
1809586;TERRITOIRE;CH1809586;1809586;;OR227;OR227;OR19;OR19;;OCC;MCO;OK;22/09/2016;;E;C;T;;L2T;;;;;;;;;;;;;;;;
1393282;TERRITOIRE;FRANCE TELECOM II;1393282;;OR227;OR227;OR19;OR19;;OCC;MCO;OK;02/04/2015;;E;C;T;;L1T;;;;;;;;;;;;;;;;
174129;TERRITOIRE;FT 767 - 25 RUE GEORGES DUPONT (BEZONS);174129;;OR227;OR227;OR19;OR19;;OCC;MCO;OK;05/04/2012;;E;C;R;;OHN;;;;;;;;;;;;;;;;
1334739;TERRITOIRE;CH1334739;1334739;;OR265;OR265;OR19;OR19;;OCC;MCO;OK;06/01/2014;;E;C;T;;L4T;;;;;;;;;;;;;;;;
1519364;HORS TERRITOIRE;CHAMBRE FT N??940;1519364;;OR227;OR227;OR19;OR19;;OCC;MCO;OK;02/10/2015;;E;C;T;;L3T;;;;;;;;;;;;;;;;
1393287;HORS TERRITOIRE;FRANCE TELECOM 521;1393287;;OR227;OR227;OR19;OR19;;OCC;MCO;OK;02/04/2015;;E;C;T;;L2T;;;;;;;;;;;;;;;;
7859276;TERRITOIRE;FT 94068/1227;7859276;;OR16;OR16;OR19;OR19;;OCC;MCO;OK;11/04/2024;;E;C;I;;OHN;;;;;;;;;;;;;;;;
7912636;TERRITOIRE;FT 94077/1036;7912636;;OR16;OR16;OR19;OR19;;OCC;MCO;OK;24/04/2024;;E;C;I;;L2T;;;;;;;;;;;;;;;;
1346060;HORS TERRITOIRE;CHAMBRE L2T FT2;1346060;;OR227;OR227;OR19;OR19;;OCC;MCO;OK;25/10/2013;;E;C;T;;L2T;;;;;;;;;;;;;;;;
1392976;TERRITOIRE;CH1392976;1392976;;OR227;OR227;OR19;OR19;;OCC;MCO;OK;02/04/2015;;E;C;T;;L4T;;;;;;;;;;;;;;;;
2477747;HORS TERRITOIRE;OHN - FRANCE TELECOM N??665;2477747;;OR227;OR227;OR19;OR19;;OCC;MCO;OK;10/08/2018;;E;C;T;;HC;;;;;;;;;;;;;;;;
2646715;TERRITOIRE;FRANCE TELECOM 93059/211;2646715;;OR227;OR227;OR19;OR19;;OCC;MCO;OK;06/02/2019;;E;C;T;;HC;;;;;;;;;;;;;;;;
476804;TERRITOIRE;FRANCE TELECOM 770;476804;;OR227;OR227;OR19;OR19;;OCC;MCO;OK;16/07/2013;;E;C;T;;L3T;;;;;;;;;;;;;;;;
1373768;TERRITOIRE;CH1373768;1373768;;OR227;OR227;OR19;OR19;;OCC;MCO;OK;04/03/2015;;E;C;T;;L3T;;;;;;;;;;;;;;;;
267521;HORS TERRITOIRE;ANGLE BD DE L'HAUTIL / RUE DE LA CROIX DES MAHEUX;267521;;OR227;OR227;OR19;OR19;;OCC;MCO;OK;22/02/2013;;E;C;T;;L3T;;;;;;;;;;;;;;;;
1807033;TERRITOIRE;FRANCE TELECOM 93008-56;1807033;;OR227;OR227;OR19;OR19;;OCC;MCO;OK;20/09/2016;;E;C;T;;HC;;;;;;;;;;;;;;;;
1344815;TERRITOIRE;L3T - FRANCE TELECOM N??571;1344815;;OR227;OR227;OR19;OR19;;OCC;MCO;OK;26/09/2018;;E;C;T;;L3T;;;;;;;;;;;;;;;;
1344813;TERRITOIRE;L3T - FRANCE TELECOM N??79;1344813;;OR227;OR227;OR19;OR19;;OCC;MCO;OK;26/09/2018;;E;C;T;;L3T;;;;;;;;;;;;;;;;
1389139;HORS TERRITOIRE;CH1389139;1389139;;OR227;OR227;OR19;OR19;;OCC;MCO;OK;27/03/2015;;E;C;T;;L3T;;;;;;;;;;;;;;;;
1391376;HORS TERRITOIRE;FRANCE TELECOM I;1391376;;OR227;OR227;OR19;OR19;;OCC;MCO;OK;30/03/2015;;E;C;T;;L2T;;;;;;;;;;;;;;;;
1334265;TERRITOIRE;CH1334265;1334265;;OR227;OR227;OR19;OR19;;OCC;MCO;OK;29/10/2013;;E;C;T;;L3T;;;;;;;;;;;;;;;;
2482875;TERRITOIRE;CH2482875;2482875;;OR227;OR227;OR19;OR19;;OCC;MCO;OK;29/08/2018;;E;C;T;;L6T;;;;;;;;;;;;;;;;
1392991;TERRITOIRE;FRANCE TELECOM XII;1392991;;OR227;OR227;OR19;OR19;;OCC;MCO;OK;02/04/2015;;E;C;T;;L2T;;;;;;;;;;;;;;;;
2496634;HORS TERRITOIRE;FRANCE TELECOM N?? C3310;2496634;;OR227;OR227;OR19;OR19;;OCC;MCO;OK;13/09/2018;;E;C;T;;HC;;;;;;;;;;;;;;;;
1369306;HORS TERRITOIRE;CH1369306;1369306;;OR227;OR227;OR19;OR19;;OCC;MCO;OK;27/02/2015;;E;C;T;;HC;;;;;;;;;;;;;;;;
2477749;HORS TERRITOIRE;OHN - FRANCE TELECOM N??1024;2477749;;OR227;OR227;OR19;OR19;;OCC;MCO;OK;10/08/2018;;E;C;T;;HC;;;;;;;;;;;;;;;;
2511666;TERRITOIRE;OHN - FRANCE TELECOM;2511666;;OR227;OR227;OR19;OR19;;OCC;MCO;OK;26/09/2018;;E;C;T;;HC;;;;;;;;;;;;;;;;
7519672;TERRITOIRE;FT 94033/336;7519672;;OR16;OR16;OR19;OR19;;OCC;MCO;OK;31/01/2024;;E;C;T;;S3T;;;;;;;;;;;;;;;;
7646403;TERRITOIRE;FT 93029/1879;7646403;;OR16;OR16;OR19;OR19;;OCC;MCO;OK;23/02/2024;;E;C;T;;OHN;;;;;;;;;;;;;;;;
1346936;TERRITOIRE;CH1346936;1346936;;OR227;OR227;OR19;OR19;;OCC;MCO;OK;06/05/2014;;E;C;T;;L5T;;;;;;;;;;;;;;;;
1343789;TERRITOIRE;FRANCE TELECOM U5H N 398;1343789;;;;OR19;OR19;;OCC;MCO;OK;12/09/2016;;E;C;T;;OHN;;;;;;;;;;;;;;;;
1519361;HORS TERRITOIRE;CHAMBRE B2B FT;1519361;;OR227;OR227;OR19;OR19;;OCC;MCO;OK;02/10/2015;;E;C;T;;B2;;;;;;;;;;;;;;;;
2478071;TERRITOIRE;FRANCE TELECOM IV;2478071;;OR227;OR227;OR19;OR19;;OCC;MCO;OK;10/08/2018;;E;C;T;;L3T;;;;;;;;;;;;;;;;
607361;HORS TERRITOIRE;CH607361;607361;;OR227;OR227;OR19;OR19;;OCC;MCO;OK;27/09/2013;;E;C;T;;L3T;;;;;;;;;;;;;;;;
1397445;HORS TERRITOIRE;CH1397445;1397445;;OR227;OR227;OR19;OR19;;OCC;MCO;OK;13/04/2015;;E;C;T;;HC;;;;;;;;;;;;;;;;
1517441;HORS TERRITOIRE;FRANCE TELECOM OHN N??1431;1517441;;OR227;OR227;OR19;OR19;;OCC;MCO;OK;01/10/2015;;E;C;T;;HC;;;;;;;;;;;;;;;;
342401;HORS TERRITOIRE;FT 3306 - BD DE L HAUTIL (CERGY);342401;;OR227;OR227;OR19;OR19;;OCC;MCO;OK;17/04/2013;;E;C;R;;L3T;;;;;;;;;;;;;;;;
1345199;TERRITOIRE;FRANCE TELECOM 624;1345199;;OR227;OR227;OR19;OR19;;OCC;MCO;OK;04/10/2012;;E;C;T;;U2;;;;;;;;;;;;;;;;
1343778;TERRITOIRE;CH1343778;1343778;;OR227;OR227;OR19;OR19;;OCC;MCO;OK;06/08/2012;;E;C;R;;OHN;;;;;;;;;;;;;;;;
1340972;TERRITOIRE;FRANCE TELECOM 94017-84;1340972;;OR227;OR227;OR19;OR19;;OCC;MCO;OK;05/04/2013;;E;C;T;;L3T;;;;;;;;;;;;;;;;
1346278;HORS TERRITOIRE;FT 980;1346278;;OR227;OR227;OR19;OR19;;OCC;MCO;OK;14/09/2012;;E;C;T;;OHN;;;;;;;;;;;;;;;;
476806;TERRITOIRE;FRANCE TELECOM 347;476806;;OR227;OR227;OR19;OR19;;OCC;MCO;OK;16/07/2013;;E;C;T;;L3T;;;;;;;;;;;;;;;;
1344426;HORS TERRITOIRE;FT 2799;1344426;;OR227;OR227;OR19;OR19;;OCC;MCO;OK;14/09/2012;;E;C;T;;OHN;;;;;;;;;;;;;;;;
1805745;TERRITOIRE;FRANCE TELECOM - S4T;1805745;;OR227;OR227;OR19;OR19;;OCC;MCO;OK;16/09/2016;;E;C;T;;HC;;;;;;;;;;;;;;;;
1369308;HORS TERRITOIRE;CH1369308;1369308;;OR227;OR227;OR19;OR19;;OCC;MCO;OK;27/02/2015;;E;C;T;;L3T;;;;;;;;;;;;;;;;
1334781;TERRITOIRE;CH1334781;1334781;;OR227;OR227;OR19;OR19;;OCC;MCO;OK;15/09/2016;;E;C;T;;L3T;;;;;;;;;;;;;;;;
1807028;TERRITOIRE;CH1807028;1807028;;OR227;OR227;OR19;OR19;;OCC;MCO;OK;20/09/2016;;E;C;T;;L1T;;;;;;;;;;;;;;;;
1456008;HORS TERRITOIRE;MH1456008;1456008;;OR228;OR228;OR19;OR19;;OCC;MCO;OK;16/07/2015;;E;C;T;;L3T;;;;;;;;;;;;;;;;
1353476;TERRITOIRE;FRANCE TELECOM 2071;1353476;;OR227;OR227;OR19;OR19;;OCC;MCO;OK;07/03/2018;;E;C;T;;K3C;;;;;;;;;;;;;;;;
1605122;TERRITOIRE;FRANCE TELECOM CH 852;1605122;;OR227;OR227;OR19;OR19;;OCC;MCO;OK;09/12/2015;;E;C;T;;L4T;;;;;;;;;;;;;;;;
740498;TERRITOIRE;FT-240;740498;;OR227;OR227;OR19;OR19;;OCC;MCO;OK;09/01/2014;;E;C;T;;L2T;;;;;;;;;;;;;;;;
2496636;TERRITOIRE;FRANCE TELECOM N??20;2496636;;OR227;OR227;OR19;OR19;;OCC;MCO;OK;13/09/2018;;E;C;T;;HC;;;;;;;;;;;;;;;;
2511346;TERRITOIRE;CH2511346;2511346;;OR227;OR227;OR19;OR19;;OCC;MCO;OK;26/09/2018;;E;C;T;;HC;;;;;;;;;;;;;;;;
193260;HORS TERRITOIRE;FRANCE TELECOM N??946;193260;;OR227;OR227;OR19;OR19;;OCC;MCO;OK;03/05/2012;;E;C;R;;L3T;;;;;;;;;;;;;;;;
2070387;HORS TERRITOIRE;FT 95572-2291;2070387;;OR227;OR227;OR19;OR19;;OCC;MCO;OK;24/05/2017;;E;C;T;;M2T;;;;;;;;;;;;;;;;
1363210;TERRITOIRE;FRANCE TELECOM 383;1363210;;OR227;OR227;OR19;OR19;;OCC;MCO;OK;24/02/2015;;E;C;T;;L4T;;;;;;;;;;;;;;;;
1392979;TERRITOIRE;CH1392979;1392979;;OR227;OR227;OR19;OR19;;OCC;MCO;OK;02/04/2015;;E;C;T;;L3T;;;;;;;;;;;;;;;;
1370562;TERRITOIRE;CH1370562;1370562;;;;OR19;OR19;;OCC;MCO;OK;27/02/2015;;E;C;T;;L3T;;;;;;;;;;;;;;;;
1346059;TERRITOIRE;L3T - FRANCE TELECOM;1346059;;OR227;OR227;OR19;OR19;;OCC;MCO;OK;26/09/2018;;E;C;T;;L3T;;;;;;;;;;;;;;;;
2478070;TERRITOIRE;FRANCE TELECOM I;2478070;;OR227;OR227;OR19;OR19;;OCC;MCO;OK;10/08/2018;;E;C;T;;L1T;;;;;;;;;;;;;;;;
1389141;HORS TERRITOIRE;CH1389141;1389141;;OR265;OR265;OR19;OR19;;OCC;MCO;OK;27/03/2015;;E;C;T;;L3T;;;;;;;;;;;;;;;;
1344818;TERRITOIRE;FRANCE TELECOM 403;1344818;;OR227;OR227;OR19;OR19;;OCC;MCO;OK;25/06/2013;;E;C;T;;S4T;;;;;;;;;;;;;;;;
366401;HORS TERRITOIRE;FRANCE TELECOM 95476-384;366401;;OR227;OR227;OR19;OR19;;OCC;MCO;OK;03/05/2013;;E;C;T;;K2C;;;;;;;;;;;;;;;;
2496633;HORS TERRITOIRE;FRANCE TELECOM N??01260;2496633;;OR227;OR227;OR19;OR19;;OCC;MCO;OK;13/09/2018;;E;C;T;;HC;;;;;;;;;;;;;;;;
1391367;TERRITOIRE;FRANCE TELECOM IV;1391367;;OR227;OR227;OR19;OR19;;OCC;MCO;OK;30/03/2015;;E;C;T;;S3T;;;;;;;;;;;;;;;;
1348664;TERRITOIRE;CHAMBRE OHN N??997 FRANCE TELECOM;1348664;;OR227;OR227;OR19;OR19;;OCC;MCO;OK;04/12/2012;;E;C;T;;OHN;;;;;;;;;;;;;;;;
1339223;TERRITOIRE;CH1339223;1339223;;OR227;OR227;OR19;OR19;;OCC;MCO;OK;15/09/2016;;E;C;T;;L3T;;;;;;;;;;;;;;;;
1802225;TERRITOIRE;CH1802225;1802225;;OR227;OR227;OR19;OR19;;OCC;MCO;OK;14/09/2016;;E;C;T;;L3T;;;;;;;;;;;;;;;;
1346893;TERRITOIRE;FRANCE TELECOM 335;1346893;;OR227;OR227;OR19;OR19;;OCC;MCO;OK;13/09/2016;;E;C;T;;S4T;;;;;;;;;;;;;;;;
153111;HORS TERRITOIRE;FT 791 - RUE DES BEAUX SOLEILS (OSNY);153111;;OR227;OR227;OR19;OR19;;OCC;MCO;OK;19/07/2012;;E;C;R;;OHN;;;;;;;;;;;;;;;;
1346926;HORS TERRITOIRE;CH1346926;1346926;;OR227;OR227;OR19;OR19;;OCC;MCO;OK;05/04/2013;;E;C;T;;L1T;;;;;;;;;;;;;;;;
1552323;HORS TERRITOIRE;FRANCE TELECOM N??281;1552323;;OR227;OR227;OR19;OR19;;OCC;MCO;OK;29/10/2015;;E;C;T;;L2T;;;;;;;;;;;;;;;;
1363206;TERRITOIRE;FRANCE TELECOM 24;1363206;;OR227;OR227;OR19;OR19;;OCC;MCO;OK;24/02/2015;;E;C;T;;L1T;;;;;;;;;;;;;;;;
1370563;TERRITOIRE;CH1370563;1370563;;;;OR19;OR19;;OCC;MCO;OK;27/02/2015;;E;C;T;;L6T;;;;;;;;;;;;;;;;
1344812;TERRITOIRE;L4T - FRANCE TELECOM N??139;1344812;;OR227;OR227;OR19;OR19;;OCC;MCO;OK;26/09/2018;;E;C;T;;L4T;;;;;;;;;;;;;;;;
174128;TERRITOIRE;FT 1089 - 102 RUE JEAN JAURES (BEZONS);174128;;OR227;OR227;OR19;OR19;;OCC;MCO;OK;05/04/2012;;E;C;R;;OHN;;;;;;;;;;;;;;;;
3124157;TERRITOIRE;CH3124157;3124157;;;;OR19;OR21;;OCC;MCO;OK;30/07/2023;;E;C;T;;L4T;;;;;;;;;;;;;;;;
2478072;TERRITOIRE;FRANCE TELECOM II;2478072;;OR227;OR227;OR19;OR19;;OCC;MCO;OK;10/08/2018;;E;C;T;;L3T;;;;;;;;;;;;;;;;
337601;HORS TERRITOIRE;L3T AVENUE DE LA POSTE;337601;;OR227;OR227;OR19;OR19;;OCC;MCO;OK;16/04/2013;;E;C;T;;L3T;;;;;;;;;;;;;;;;
1457601;TERRITOIRE;FRANCE TELECOM 23/414745;1457601;;OR227;OR227;OR19;OR19;;OCC;MCO;OK;17/07/2015;;E;C;T;;HC;;;;;;;;;;;;;;;;
1393281;TERRITOIRE;FRANCE TELECOM III;1393281;;OR227;OR227;OR19;OR19;;OCC;MCO;OK;02/04/2015;;E;C;T;;L2T;;;;;;;;;;;;;;;;
7873275;TERRITOIRE;FT 94065/164;7873275;;OR16;OR16;OR19;OR19;;OCC;MCO;OK;16/04/2024;;E;C;I;;L4T;;;;;;;;;;;;;;;;
1373767;TERRITOIRE;CH1373767;1373767;;OR228;OR228;OR19;OR19;;OCC;MCO;OK;04/03/2015;;E;C;T;;L3T;;;;;;;;;;;;;;;;
1065924;TERRITOIRE;FRANCE TELECOM - 32 RUE HENRI BARBUSSE;1065924;;OR227;OR227;OR19;OR19;;OCC;MCO;OK;24/07/2014;;E;C;T;;L3T;;;;;;;;;;;;;;;;
7883279;TERRITOIRE;FT 78646/4504;7883279;;OR16;OR16;OR19;OR19;;OCC;MCO;OK;18/04/2024;;E;C;I;;OHN;;;;;;;;;;;;;;;;
7630097;TERRITOIRE;FT 93064/288;7630097;;OR16;OR16;OR19;OR19;;OCC;MCO;OK;21/02/2024;;E;C;T;;OHN;;;;;;;;;;;;;;;;
7694392;TERRITOIRE;FT 93013/34;7694392;;OR16;OR16;OR19;OR19;;OCC;MCO;OK;06/03/2024;;E;C;T;;OHN;;;;;;;;;;;;;;;;
7607424;TERRITOIRE;FT 92026/490;7607424;;OR16;OR16;OR19;OR19;;OCC;MCO;OK;14/02/2024;;E;C;T;;S3T;;;;;;;;;;;;;;;;
7798452;TERRITOIRE;FT 92023/2391;7798452;;OR16;OR16;OR19;OR19;;OCC;MCO;OK;25/03/2024;;E;C;I;;L0T;;;;;;;;;;;;;;;;
7899853;TERRITOIRE;FT 78646/2813;7899853;;OR16;OR16;OR19;OR19;;OCC;MCO;OK;23/04/2024;;E;C;I;;D4;;;;;;;;;;;;;;;;
7899889;TERRITOIRE;FT 78646/5174;7899889;;OR16;OR16;OR19;OR19;;OCC;MCO;OK;23/04/2024;;E;C;I;;A2;;;;;;;;;;;;;;;;
366081;HORS TERRITOIRE;FRANCE TELECOM 95476-1559;366081;;OR227;OR227;OR19;OR19;;OCC;MCO;OK;03/05/2013;;E;C;T;;L2T;;;;;;;;;;;;;;;;
2477746;TERRITOIRE;FRANCE TELECOM N??2480;2477746;;OR227;OR227;OR19;OR19;;OCC;MCO;OK;10/08/2018;;E;C;T;;L3T;;;;;;;;;;;;;;;;
647365;HORS TERRITOIRE;FRANCE TELECOM - CHEMIN DU SPLENDID  PANORAMA (CHENNEVIERE SUR MARNE);647365;;OR227;OR227;OR19;OR19;;OCC;MCO;OK;23/10/2013;;E;C;T;;L3T;;;;;;;;;;;;;;;;
1391368;TERRITOIRE;FRANCE TELECOM VI;1391368;;OR227;OR227;OR19;OR19;;OCC;MCO;OK;30/03/2015;;E;C;T;;S3T;;;;;;;;;;;;;;;;
1391373;TERRITOIRE;FRANCE TELECOM I;1391373;;OR227;OR227;OR19;OR19;;OCC;MCO;OK;30/03/2015;;E;C;T;;L4T;;;;;;;;;;;;;;;;
1333862;TERRITOIRE;CH1333862;1333862;;OR227;OR227;OR19;OR19;;OCC;MCO;OK;06/05/2014;;E;C;T;;L3T;;;;;;;;;;;;;;;;
587524;HORS TERRITOIRE;FRANCE TELECOM - ANGLE CHOCOLATERIE - COURS ARCHE QUEDON (NOISIEL) - BPE 1;587524;;OR227;OR227;OR19;OR19;;OCC;MCO;OK;18/09/2013;;E;C;R;;L3T;;;;;;;;;;;;;;;;
2483511;TERRITOIRE;CH2483511;2483511;;OR227;OR227;OR19;OR19;;OCC;MCO;OK;29/08/2018;;E;C;T;;NC;;;;;;;;;;;;;;;;
1336786;TERRITOIRE;FRANCE TELECOM I;1336786;;OR227;OR227;OR19;OR19;;OCC;MCO;OK;06/01/2014;;E;C;T;;L1T;;;;;;;;;;;;;;;;
1336784;TERRITOIRE;FRANCE TELECOM II;1336784;;OR227;OR227;OR19;OR19;;OCC;MCO;OK;06/01/2014;;E;C;T;;L2T;;;;;;;;;;;;;;;;
2477745;TERRITOIRE;OHN - FRANCE TELECOM;2477745;;OR227;OR227;OR19;OR19;;OCC;MCO;OK;10/08/2018;;E;C;T;;HC;;;;;;;;;;;;;;;;
1334243;HORS TERRITOIRE;FRANCE TELECOM N??1718;1334243;;OR227;OR227;OR19;OR19;;OCC;MCO;OK;04/12/2012;;E;C;T;;M2T;;;;;;;;;;;;;;;;
3124786;TERRITOIRE;CH3124786;3124786;;;;OR19;OR21;;OCC;MCO;OK;30/07/2023;;E;C;T;;L4T;;;;;;;;;;;;;;;;
1392974;TERRITOIRE;FRANCE TELECOM 15;1392974;;OR227;OR227;OR19;OR19;;OCC;MCO;OK;02/04/2015;;E;C;T;;L3T;;;;;;;;;;;;;;;;
1606081;HORS TERRITOIRE;FRANCE TELECOM CH 678;1606081;;OR227;OR227;OR19;OR19;;OCC;MCO;OK;10/12/2015;;E;C;T;;L2T;;;;;;;;;;;;;;;;
7630161;TERRITOIRE;FT 93064/2006;7630161;;OR16;OR16;OR19;OR19;;OCC;MCO;OK;21/02/2024;;E;C;T;;L2T;;;;;;;;;;;;;;;;
7554237;TERRITOIRE;FT 92078/401;7554237;;OR16;OR16;OR19;OR19;;OCC;MCO;OK;06/02/2024;;E;C;T;;S4T;;;;;;;;;;;;;;;;
7566443;TERRITOIRE;FT 93005/1875;7566443;;OR16;OR16;OR19;OR19;;OCC;MCO;OK;08/02/2024;;E;C;T;;OHN;;;;;;;;;;;;;;;;
7749756;TERRITOIRE;FT 94028/688;7749756;;OR16;OR16;OR19;OR19;;OCC;MCO;OK;15/03/2024;;E;C;T;;S4T;;;;;;;;;;;;;;;;
7838108;TERRITOIRE;FT 92009/529;7838108;;OR16;OR16;OR19;OR19;;OCC;MCO;OK;04/04/2024;;E;C;I;;S3T;;;;;;;;;;;;;;;;
7838090;TERRITOIRE;FT 92009/613;7838090;;OR16;OR16;OR19;OR19;;OCC;MCO;OK;04/04/2024;;E;C;I;;S3T;;;;;;;;;;;;;;;;
7871391;TERRITOIRE;FT 92073/61;7871391;;OR16;OR16;OR19;OR19;;OCC;MCO;OK;16/04/2024;;E;C;I;;S4T;;;;;;;;;;;;;;;;
7830087;TERRITOIRE;FT 92019/1194;7830087;;OR16;OR16;OR19;OR19;;OCC;MCO;OK;02/04/2024;;E;C;I;;V7T;;;;;;;;;;;;;;;;
7906560;TERRITOIRE;FT 92051/224;7906560;;OR16;OR16;OR19;OR19;;OCC;MCO;OK;23/04/2024;;E;C;I;;S4T;;;;;;;;;;;;;;;;
7871371;TERRITOIRE;FT 94052/756;7871371;;OR16;OR16;OR19;OR19;;OCC;MCO;OK;16/04/2024;;E;C;I;;OHN;;;;;;;;;;;;;;;;
7819827;TERRITOIRE;FT 94041/888;7819827;;OR16;OR16;OR19;OR19;;OCC;MCO;OK;28/03/2024;;E;C;I;;OHN;;;;;;;;;;;;;;;;
7819850;TERRITOIRE;FT 94041/464;7819850;;OR16;OR16;OR19;OR19;;OCC;MCO;OK;28/03/2024;;E;C;I;;OHN;;;;;;;;;;;;;;;;
7855692;TERRITOIRE;FT 92060/237;7855692;;OR16;OR16;OR19;OR19;;OCC;MCO;OK;10/04/2024;;E;C;I;;L3T;;;;;;;;;;;;;;;;
7901111;TERRITOIRE;FT 92036/1424;7901111;;OR16;OR16;OR19;OR19;;OCC;MCO;OK;23/04/2024;;E;C;I;;OHN;;;;;;;;;;;;;;;;
7566394;TERRITOIRE;FT 93005/1874;7566394;;OR16;OR16;OR19;OR19;;OCC;MCO;OK;08/02/2024;;E;C;T;;M2T;;;;;;;;;;;;;;;;
7906546;TERRITOIRE;FT 92051/503;7906546;;OR16;OR16;OR19;OR19;;OCC;MCO;OK;23/04/2024;;E;C;I;;U6T;;;;;;;;;;;;;;;;
550098;HORS TERRITOIRE;FT 95572-1803;550098;;OR227;OR227;OR19;OR19;;OCC;MCO;OK;04/09/2013;;E;C;T;;L5T;;;;;;;;;;;;;;;;
1345194;TERRITOIRE;FRANCE TELECOM 2432;1345194;;OR227;OR227;OR19;OR19;;OCC;MCO;OK;04/10/2012;;E;C;T;;L2T;;;;;;;;;;;;;;;;
1363208;TERRITOIRE;FRANCE TELECOM 824;1363208;;OR227;OR227;OR19;OR19;;OCC;MCO;OK;24/02/2015;;E;C;T;;L2T;;;;;;;;;;;;;;;;
1392962;TERRITOIRE;L4T - FRANCE TELECOM N??522;1392962;;OR227;OR227;OR19;OR19;;OCC;MCO;OK;26/09/2018;;E;C;T;;L4T;;;;;;;;;;;;;;;;
1340969;HORS TERRITOIRE;CH1340969;1340969;;OR227;OR227;OR19;OR19;;OCC;MCO;OK;05/04/2013;;E;C;T;;L5T;;;;;;;;;;;;;;;;
2511345;TERRITOIRE;L3T - FRANCE TELECOM;2511345;;OR227;OR227;OR19;OR19;;OCC;MCO;OK;26/09/2018;;E;C;T;;L3T;;;;;;;;;;;;;;;;
1346894;TERRITOIRE;CH1346894;1346894;;OR227;OR227;OR19;OR19;;OCC;MCO;OK;16/08/2013;;E;C;T;;L3T;;;;;;;;;;;;;;;;
1393290;HORS TERRITOIRE;MH1393290;1393290;;;;OR19;OR19;;OCC;MCO;OK;02/04/2015;;E;C;T;;L2T;;;;;;;;;;;;;;;;
1456012;TERRITOIRE;FRANCE TELECOM 92024-110;1456012;;OR228;OR228;OR19;OR19;;OCC;MCO;OK;16/07/2015;;E;C;T;;L3T;;;;;;;;;;;;;;;;
186265;TERRITOIRE;FT 26 JEAN MERMOZ;186265;;OR227;OR227;OR19;OR19;;OCC;MCO;OK;31/01/2012;;E;C;R;;ONH;;;;;;;;;;;;;;;;
1345368;TERRITOIRE;L2T - FRANCE TELECOM N??1754;1345368;;OR227;OR227;OR19;OR19;;OCC;MCO;OK;26/09/2018;;E;C;T;;L2T;;;;;;;;;;;;;;;;
2480946;TERRITOIRE;FRANCE TELECOM 17/419600;2480946;;OR227;OR227;OR19;OR19;;OCC;MCO;OK;20/08/2018;;E;C;T;;HC;;;;;;;;;;;;;;;;
1334270;TERRITOIRE;CH1334270;1334270;;OR227;OR227;OR19;OR19;;OCC;MCO;OK;29/10/2013;;E;C;T;;L7T;;;;;;;;;;;;;;;;
7994554;TERRITOIRE;FT 93057/724;7994554;;OR16;OR16;OR19;OR19;;OCC;MCO;OK;13/05/2024;;E;C;I;;OHN;;;;;;;;;;;;;;;;
7829429;TERRITOIRE;FT 92019/332;7829429;;OR16;OR16;OR19;OR19;;OCC;MCO;OK;02/04/2024;;E;C;I;;S4T;;;;;;;;;;;;;;;;
7519699;TERRITOIRE;FT 94033/448;7519699;;OR16;OR16;OR19;OR19;;OCC;MCO;OK;31/01/2024;;E;C;T;;L5T;;;;;;;;;;;;;;;;
1391371;TERRITOIRE;FRANCE TELECOM 03;1391371;;OR227;OR227;OR19;OR19;;OCC;MCO;OK;30/03/2015;;E;C;T;;L3T;;;;;;;;;;;;;;;;
1369928;TERRITOIRE;L2T - FRANCE TELECOM;1369928;;OR227;OR227;OR19;OR19;;OCC;MCO;OK;26/09/2018;;E;C;T;;L2T;;;;;;;;;;;;;;;;
2483512;TERRITOIRE;CH2483512;2483512;;OR227;OR227;OR19;OR19;;OCC;MCO;OK;29/08/2018;;E;C;T;;NC;;;;;;;;;;;;;;;;
2417585;TERRITOIRE;ORANGE;2417585;;OR227;OR227;OR19;OR19;;OCC;MCO;OK;12/04/2018;;E;C;T;;L4T;;;;;;;;;;;;;;;;
1344817;TERRITOIRE;L3T - FRANCE TELECOM N??532;1344817;;OR227;OR227;OR19;OR19;;OCC;MCO;OK;26/09/2018;;E;C;T;;L3T;;;;;;;;;;;;;;;;
5793587;TERRITOIRE;CH5793587;5793587;;;;OR19;OR21;;OCC;MCO;OK;30/07/2023;;E;C;T;;L3T;;;;;;;;;;;;;;;;
181977;TERRITOIRE;CH181977;181977;;OR227;OR227;OR19;OR19;;OCC;MCO;OK;13/06/2012;;E;C;R;;L3T;;;;;;;;;;;;;;;;
1392988;TERRITOIRE;FRANCE TELECOM L1T;1392988;;OR227;OR227;OR19;OR19;;OCC;MCO;OK;02/04/2015;;E;C;T;;L1T;;;;;;;;;;;;;;;;
2480945;TERRITOIRE;FRANCE TELECOM 1442;2480945;;OR227;OR227;OR19;OR19;;OCC;MCO;OK;20/08/2018;;E;C;T;;HC;;;;;;;;;;;;;;;;
2032401;HORS TERRITOIRE;CHAMBRE L5T FRANCE TELECOM (95306/1121);2032401;;OR227;OR227;OR19;OR19;;OCC;MCO;OK;03/05/2017;;E;C;T;;L5T;;;;;;;;;;;;;;;;
2099188;HORS TERRITOIRE;L3T RUE DE LA FALAISE;2099188;;OR227;OR227;OR19;OR19;;OCC;MCO;OK;19/06/2017;;E;C;T;;L3T;;;;;;;;;;;;;;;;
433282;TERRITOIRE;CHAMBRE FT_463 - RUE PLEYEL (SAINT DENIS);433282;;OR227;OR227;OR19;OR19;;OCC;MCO;OK;18/06/2013;;E;C;T;;L4T;;;;;;;;;;;;;;;;
6291831;TERRITOIRE;CH6291831;6291831;;OR228;OR228;OR19;OR1;;OCC;MCO;OK;30/07/2023;;E;C;R;;L3T;;;;;;;;;;;;;;;;
1391369;TERRITOIRE;FRANCE TELECOM V;1391369;;OR227;OR227;OR19;OR19;;OCC;MCO;OK;30/03/2015;;E;C;T;;OHN;;;;;;;;;;;;;;;;
1807034;TERRITOIRE;FRANCE TELECOM 93008-274;1807034;;OR227;OR227;OR19;OR19;;OCC;MCO;OK;20/09/2016;;E;C;T;;HC;;;;;;;;;;;;;;;;
1807026;TERRITOIRE;CH1807026;1807026;;OR227;OR227;OR19;OR19;;OCC;MCO;OK;20/09/2016;;E;C;T;;L3T;;;;;;;;;;;;;;;;
476802;TERRITOIRE;FRANCE TELECOM 1014;476802;;OR227;OR227;OR19;OR19;;OCC;MCO;OK;16/07/2013;;E;C;T;;L4T;;;;;;;;;;;;;;;;
1605124;TERRITOIRE;FRANCE TELECOM N??722;1605124;;OR227;OR227;OR19;OR19;;OCC;MCO;OK;09/12/2015;;E;C;T;;P1T;;;;;;;;;;;;;;;;
2032403;TERRITOIRE;CHAMBRE L3T FRANCE TELECOM (93072/1168);2032403;;OR227;OR227;OR19;OR19;;OCC;MCO;OK;03/05/2017;;E;C;T;;L3T;;;;;;;;;;;;;;;;
462403;TERRITOIRE;CH462403;462403;;;;OR19;OR19;;OCC;MCO;OK;10/08/2018;;E;C;T;;L1T;;;;;;;;;;;;;;;;
2496635;TERRITOIRE;FRANCE TELECOM N??55;2496635;;OR227;OR227;OR19;OR19;;OCC;MCO;OK;13/09/2018;;E;C;T;;HC;;;;;;;;;;;;;;;;
6135353;TERRITOIRE;CH6135353;6135353;;OR265;OR265;OR19;OR21;;OCC;MCO;OK;30/07/2023;;E;C;R;;L2T;;;;;;;;;;;;;;;;
1807029;TERRITOIRE;CH1807029;1807029;;OR227;OR227;OR19;OR19;;OCC;MCO;OK;20/09/2016;;E;C;T;;L1T;;;;;;;;;;;;;;;;
1352964;HORS TERRITOIRE;FT 2973;1352964;;OR227;OR227;OR19;OR19;;OCC;MCO;OK;14/09/2012;;E;C;T;;OHN;;;;;;;;;;;;;;;;
1392980;TERRITOIRE;CH1392980;1392980;;OR227;OR227;OR19;OR19;;OCC;MCO;OK;02/04/2015;;E;C;T;;L4T;;;;;;;;;;;;;;;;
2099187;HORS TERRITOIRE;BD DE L'OISE;2099187;;OR227;OR227;OR19;OR19;;OCC;MCO;OK;19/06/2017;;E;C;T;;L3T;;;;;;;;;;;;;;;;
2514225;TERRITOIRE;L2T - FRANCE TELECOM N??681;2514225;;OR227;OR227;OR19;OR19;;OCC;MCO;OK;28/09/2018;;E;C;T;;L2T;;;;;;;;;;;;;;;;
1392966;TERRITOIRE;FRANCE TELECOM 02B;1392966;;OR227;OR227;OR19;OR19;;OCC;MCO;OK;02/04/2015;;E;C;T;;L1T;;;;;;;;;;;;;;;;
7540793;TERRITOIRE;FT 93001/1999;7540793;;OR16;OR16;OR19;OR19;;OCC;MCO;OK;02/02/2024;;E;C;T;;P5T;;;;;;;;;;;;;;;;
587523;HORS TERRITOIRE;FRANCE TELECOM - ANGLE COURS ARCHE QUEDON - JULES FERRY (NOISIEL) - BPE 1;587523;;OR227;OR227;OR19;OR19;;OCC;MCO;OK;18/09/2013;;E;C;T;;L3T;;;;;;;;;;;;;;;;
1369927;TERRITOIRE;L3T - FRANCE TELECOM;1369927;;OR227;OR227;OR19;OR19;;OCC;MCO;OK;26/09/2018;;E;C;T;;L3T;;;;;;;;;;;;;;;;
3124154;TERRITOIRE;CH3124154;3124154;;;;OR19;OR21;;OCC;MCO;OK;30/07/2023;;E;C;T;;L3T;;;;;;;;;;;;;;;;
2032406;HORS TERRITOIRE;CHAMBRE OHN FRANCE TELECOM (95572/925);2032406;;OR227;OR227;OR19;OR19;;OCC;MCO;OK;03/05/2017;;E;C;T;;HC;;;;;;;;;;;;;;;;
403521;TERRITOIRE;FT 2;403521;;OR227;OR227;OR19;OR19;;OCC;MCO;OK;31/05/2013;;E;C;T;;L5T;;;;;;;;;;;;;;;;
1368642;TERRITOIRE;CH1368642;1368642;;;;OR19;OR19;;OCC;MCO;OK;10/08/2018;;E;C;T;;L3T;;;;;;;;;;;;;;;;
1344428;HORS TERRITOIRE;FT 28;1344428;;OR227;OR227;OR19;OR19;;OCC;MCO;OK;14/09/2012;;E;C;T;;OHN;;;;;;;;;;;;;;;;
7848014;TERRITOIRE;FT 92050/159;7848014;;OR16;OR16;OR19;OR19;;OCC;MCO;OK;07/04/2024;;E;C;I;;S4T;;;;;;;;;;;;;;;;
7783025;TERRITOIRE;FT 92002/1730;7783025;;OR16;OR16;OR19;OR19;;OCC;MCO;OK;21/03/2024;;E;C;I;;S4T;;;;;;;;;;;;;;;;
7771190;TERRITOIRE;FT 92002/3348;7771190;;OR16;OR16;OR19;OR19;;OCC;MCO;OK;20/03/2024;;E;C;T;;S3T;;;;;;;;;;;;;;;;
2514228;TERRITOIRE;L3T - FRANCE TELECOM N??1144;2514228;;OR227;OR227;OR19;OR19;;OCC;MCO;OK;28/09/2018;;E;C;T;;L3T;;;;;;;;;;;;;;;;
7772470;TERRITOIRE;FT 94068/1970;7772470;;OR16;OR16;OR19;OR19;;OCC;MCO;OK;20/03/2024;;E;C;T;;OHN;;;;;;;;;;;;;;;;
587526;HORS TERRITOIRE;FRANCE TELECOM - COURS DU BUISSON (NOISIEL) - BPE 1;587526;;OR227;OR227;OR19;OR19;;OCC;MCO;OK;18/09/2013;;E;C;R;;L3T;;;;;;;;;;;;;;;;
172910;TERRITOIRE;FT ANGLE RUE BREMENT / RUE DE NEUILLY;172910;;OR227;OR227;OR19;OR19;;OCC;MCO;OK;31/01/2012;;E;C;R;;OHN;;;;;;;;;;;;;;;;
484802;TERRITOIRE;FRANCE TELECOM 92075/651;484802;;OR227;OR227;OR19;OR19;;OCC;MCO;OK;22/07/2013;;E;C;T;;L3T;;;;;;;;;;;;;;;;
1346810;TERRITOIRE;FRANCE TELECOM 436;1346810;;OR227;OR227;OR19;OR19;;OCC;MCO;OK;14/09/2016;;E;C;T;;OHN;;;;;;;;;;;;;;;;
1340466;HORS TERRITOIRE;FRANCE TELECOM 789;1340466;;OR227;OR227;OR19;OR19;;OCC;MCO;OK;07/03/2018;;E;C;T;;;;;;;;;;;;;;;;;;
1809906;TERRITOIRE;CH1809906;1809906;;OR227;OR227;OR19;OR19;;OCC;MCO;OK;22/09/2016;;E;C;T;;L2T;;;;;;;;;;;;;;;;
1369309;HORS TERRITOIRE;CH1369309;1369309;;OR227;OR227;OR19;OR19;;OCC;MCO;OK;27/02/2015;;E;C;T;;L1T;;;;;;;;;;;;;;;;
1345201;TERRITOIRE;FRANCE TELECOM 835;1345201;;OR227;OR227;OR19;OR19;;OCC;MCO;OK;13/09/2016;;E;C;T;;S4T;;;;;;;;;;;;;;;;
1517444;HORS TERRITOIRE;FRANCE TELECOM OHN N??2075;1517444;;OR227;OR227;OR19;OR19;;OCC;MCO;OK;01/10/2015;;E;C;T;;HC;;;;;;;;;;;;;;;;
1605123;TERRITOIRE;FRANCE TELECOM N??733;1605123;;OR227;OR227;OR19;OR19;;OCC;MCO;OK;09/12/2015;;E;C;T;;L4T;;;;;;;;;;;;;;;;
2478073;TERRITOIRE;FRANCE TELECOM III;2478073;;OR227;OR227;OR19;OR19;;OCC;MCO;OK;10/08/2018;;E;C;T;;L3T;;;;;;;;;;;;;;;;
1517442;HORS TERRITOIRE;FRANCE TELECOM OHN N??1007;1517442;;OR227;OR227;OR19;OR19;;OCC;MCO;OK;01/10/2015;;E;C;T;;HC;;;;;;;;;;;;;;;;
1393286;HORS TERRITOIRE;FRANCE TELECOM 503;1393286;;OR227;OR227;OR19;OR19;;OCC;MCO;OK;02/04/2015;;E;C;T;;L2T;;;;;;;;;;;;;;;;
1413461;TERRITOIRE;FRANCE TELECOM 92075/347;1413461;;OR227;OR227;OR19;OR19;;OCC;MCO;OK;13/08/2018;;E;C;T;;L1T;;;;;;;;;;;;;;;;
6127985;TERRITOIRE;CH6127985;6127985;;;;OR19;OR1;;OCC;MCO;OK;30/07/2023;;E;C;T;;OHN;;;;;;;;;;;;;;;;
1346935;TERRITOIRE;FRANCE TELECOM I;1346935;;OR227;OR227;OR19;OR19;;OCC;MCO;OK;06/01/2014;;E;C;T;;L3T;;;;;;;;;;;;;;;;
192827;TERRITOIRE;CH192827;192827;;OR227;OR227;OR19;OR19;;OCC;MCO;OK;13/06/2012;;E;C;R;;L3T;;;;;;;;;;;;;;;;
2032402;HORS TERRITOIRE;CHAMBRE L2T FRANCE TELECOM (95306/1122);2032402;;OR227;OR227;OR19;OR19;;OCC;MCO;OK;03/05/2017;;E;C;T;;L2T;;;;;;;;;;;;;;;;
2032405;HORS TERRITOIRE;CHAMBRE FRANCE TELECOM (95218/-);2032405;;OR227;OR227;OR19;OR19;;OCC;MCO;OK;03/05/2017;;E;C;T;;HC;;;;;;;;;;;;;;;;
7973764;TERRITOIRE;FT 95063/768;7973764;;OR16;OR16;OR19;OR19;;OCC;MCO;OK;07/05/2024;;E;C;I;;OHN;;;;;;;;;;;;;;;;
7887667;TERRITOIRE;FT 92073/711;7887667;;OR16;OR16;OR19;OR19;;OCC;MCO;OK;19/04/2024;;E;C;I;;L2T;;;;;;;;;;;;;;;;
7859196;TERRITOIRE;FT 94068/2081;7859196;;OR16;OR16;OR19;OR19;;OCC;MCO;OK;11/04/2024;;E;C;I;;OHN;;;;;;;;;;;;;;;;
7827254;TERRITOIRE;FT 92046/570;7827254;;OR16;OR16;OR19;OR19;;OCC;MCO;OK;02/04/2024;;E;C;I;;L2T;;;;;;;;;;;;;;;;
7609964;TERRITOIRE;FT 92004/386;7609964;;OR16;OR16;OR19;OR19;;OCC;MCO;OK;15/02/2024;;E;C;T;;U4T;;;;;;;;;;;;;;;;
1393291;HORS TERRITOIRE;MH1393291;1393291;;;;OR19;OR19;;OCC;MCO;OK;02/04/2015;;E;C;T;;L2T;;;;;;;;;;;;;;;;
1345200;TERRITOIRE;FRANCE TELECOM 244;1345200;;OR227;OR227;OR19;OR19;;OCC;MCO;OK;04/10/2012;;E;C;T;;S1T;;;;;;;;;;;;;;;;
1368646;TERRITOIRE;SFRCOLL_MH1368646;1368646;;OR227;OR227;OR19;OR19;;OCC;MCO;OK;26/02/2015;;E;C;T;;L3T;;;;;;;;;;;;;;;;
1392989;TERRITOIRE;FRANCE TELECOM L3T;1392989;;OR227;OR227;OR19;OR19;;OCC;MCO;OK;02/04/2015;;E;C;T;;L3T;;;;;;;;;;;;;;;;
1806385;HORS TERRITOIRE;CH1806385;1806385;;OR227;OR227;OR19;OR19;;OCC;MCO;OK;19/09/2016;;E;C;T;;L3T;;;;;;;;;;;;;;;;
1344819;TERRITOIRE;FRANCE TELECOM 420;1344819;;OR227;OR227;OR19;OR19;;OCC;MCO;OK;25/06/2013;;E;C;T;;S4T;;;;;;;;;;;;;;;;
1369301;TERRITOIRE;CHAMBRE FT OHN;1369301;;OR227;OR227;OR19;OR19;;OCC;MCO;OK;27/02/2015;;E;C;T;;HC;;;;;;;;;;;;;;;;
2482874;TERRITOIRE;CH2482874;2482874;;OR227;OR227;OR19;OR19;;OCC;MCO;OK;29/08/2018;;E;C;T;;HC;;;;;;;;;;;;;;;;
1806711;TERRITOIRE;CH1806711;1806711;;OR227;OR227;OR19;OR19;;OCC;MCO;OK;20/09/2016;;E;C;T;;L2T;;;;;;;;;;;;;;;;
1346062;HORS TERRITOIRE;CH1346062;1346062;;OR227;OR227;OR19;OR19;;OCC;MCO;OK;25/10/2013;;E;C;T;;OHN;;;;;;;;;;;;;;;;
1366723;TERRITOIRE;SFRCOLL_MH1366723;1366723;;;;OR19;OR19;;OCC;MCO;OK;25/02/2015;;E;C;T;;L3T;;;;;;;;;;;;;;;;
7553654;TERRITOIRE;FT 92036/970;7553654;;OR16;OR16;OR19;OR19;;OCC;MCO;OK;06/02/2024;;E;C;T;;S4T;;;;;;;;;;;;;;;;
7553646;TERRITOIRE;FT 92036/69;7553646;;OR16;OR16;OR19;OR19;;OCC;MCO;OK;06/02/2024;;E;C;T;;S5T;;;;;;;;;;;;;;;;
7783086;TERRITOIRE;FT 92002/1813;7783086;;OR16;OR16;OR19;OR19;;OCC;MCO;OK;21/03/2024;;E;C;I;;S4T;;;;;;;;;;;;;;;;
3137704;TERRITOIRE;CH3137704;3137704;;;;OR19;OR21;;OCC;MCO;OK;10/11/2020;;E;C;T;;L3T;;;;;;;;;;;;;;;;
6187185;TERRITOIRE;CH6187185;6187185;;OR228;OR228;OR19;OR21;;OCC;MCO;OK;30/07/2023;;E;C;R;;L5T;;;;;;;;;;;;;;;;
2099186;HORS TERRITOIRE;L3T BD DE L'OISE;2099186;;OR227;OR227;OR19;OR19;;OCC;MCO;OK;19/06/2017;;E;C;T;;L3T;;;;;;;;;;;;;;;;
1333328;TERRITOIRE;CHAMBRE OHN N??998 FRANCE TELECOM;1333328;;OR227;OR227;OR19;OR19;;OCC;MCO;OK;04/12/2012;;E;C;T;;OHN;;;;;;;;;;;;;;;;
1389147;HORS TERRITOIRE;FRANCE TELECOM OHN N??1011;1389147;;OR227;OR227;OR19;OR19;;OCC;MCO;OK;27/03/2015;;E;C;T;;HC;;;;;;;;;;;;;;;;
7790390;TERRITOIRE;FT 93010/1052;7790390;;OR16;OR16;OR19;OR19;;OCC;MCO;OK;22/03/2024;;E;C;I;;OHN;;;;;;;;;;;;;;;;
7948839;TERRITOIRE;FT 94080/99;7948839;;OR16;OR16;OR19;OR19;;OCC;MCO;OK;02/05/2024;;E;C;I;;U5T;;;;;;;;;;;;;;;;
2478391;TERRITOIRE;FRANCE TELECOM 289;2478391;;OR227;OR227;OR19;OR19;;OCC;MCO;OK;13/08/2018;;E;C;T;;L2T;;;;;;;;;;;;;;;;
1622402;TERRITOIRE;CHAMBRE FT2 OHN;1622402;;OR227;OR227;OR19;OR19;;OCC;MCO;OK;21/12/2015;;E;C;T;;HC;;;;;;;;;;;;;;;;
1886739;TERRITOIRE;CHAMBRE ORANGE L6T (94041/1229);1886739;;OR227;OR227;OR19;OR19;;OCC;MCO;OK;05/01/2017;;E;C;T;;L6T;;;;;;;;;;;;;;;;
3124159;TERRITOIRE;CH3124159;3124159;;;;OR19;OR21;;OCC;MCO;OK;30/07/2023;;E;C;T;;L4T;;;;;;;;;;;;;;;;
6147519;TERRITOIRE;CH6147519;6147519;;OR265;OR265;OR19;OR21;;OCC;MCO;OK;30/07/2023;;E;C;R;;L3T;;;;;;;;;;;;;;;;
1393288;HORS TERRITOIRE;FRANCE TELECOM 379;1393288;;OR227;OR227;OR19;OR19;;OCC;MCO;OK;02/04/2015;;E;C;T;;L2T;;;;;;;;;;;;;;;;
7530611;TERRITOIRE;FT 93010/404;7530611;;OR16;OR16;OR19;OR19;;OCC;MCO;OK;01/02/2024;;E;C;T;;OHN;;;;;;;;;;;;;;;;
7819847;TERRITOIRE;FT 94041/845;7819847;;OR16;OR16;OR19;OR19;;OCC;MCO;OK;28/03/2024;;E;C;I;;OHN;;;;;;;;;;;;;;;;
7749747;TERRITOIRE;FT 94069/125;7749747;;OR16;OR16;OR19;OR19;;OCC;MCO;OK;15/03/2024;;E;C;T;;L3T;;;;;;;;;;;;;;;;
7832639;TERRITOIRE;FT 94017/1580;7832639;;OR16;OR16;OR19;OR19;;OCC;MCO;OK;03/04/2024;;E;C;I;;OHN;;;;;;;;;;;;;;;;
7830386;TERRITOIRE;FT 92019/652;7830386;;OR16;OR16;OR19;OR19;;OCC;MCO;OK;02/04/2024;;E;C;I;;S4T;;;;;;;;;;;;;;;;
7855705;TERRITOIRE;FT 92019/13;7855705;;OR16;OR16;OR19;OR19;;OCC;MCO;OK;10/04/2024;;E;C;I;;L3T;;;;;;;;;;;;;;;;
7630184;TERRITOIRE;FT 93064/1798;7630184;;OR16;OR16;OR19;OR19;;OCC;MCO;OK;21/02/2024;;E;C;T;;OHN;;;;;;;;;;;;;;;;
8007026;TERRITOIRE;FT 94058/835;8007026;;OR16;OR16;OR19;OR19;;OCC;MCO;OK;15/05/2024;;E;C;I;;OHN;;;;;;;;;;;;;;;;
1336106;TERRITOIRE;CH1336106;1336106;;OR227;OR227;OR19;OR19;;OCC;MCO;OK;28/10/2013;;E;C;T;;L4T;;;;;;;;;;;;;;;;
7871350;TERRITOIRE;FT 94052/496;7871350;;OR16;OR16;OR19;OR19;;OCC;MCO;OK;16/04/2024;;E;C;I;;S4T;;;;;;;;;;;;;;;;
7850226;TERRITOIRE;FT 94022/1269;7850226;;OR16;OR16;OR19;OR19;;OCC;MCO;OK;08/04/2024;;E;C;I;;L2T;;;;;;;;;;;;;;;;
7838124;TERRITOIRE;FT 92009/215;7838124;;OR16;OR16;OR19;OR19;;OCC;MCO;OK;04/04/2024;;E;C;I;;S5T;;;;;;;;;;;;;;;;
7830088;TERRITOIRE;FT 92019/1640;7830088;;OR16;OR16;OR19;OR19;;OCC;MCO;OK;02/04/2024;;E;C;I;;K2C;;;;;;;;;;;;;;;;
7616308;TERRITOIRE;FT 93048/2990;7616308;;OR16;OR16;OR19;OR19;;OCC;MCO;OK;16/02/2024;;E;C;T;;OHN;;;;;;;;;;;;;;;;
7635185;TERRITOIRE;FT 93072/805;7635185;;OR16;OR16;OR19;OR19;;OCC;MCO;OK;22/02/2024;;E;C;T;;L2T;;;;;;;;;;;;;;;;
7837824;TERRITOIRE;FT 92025/361;7837824;;OR16;OR16;OR19;OR19;;OCC;MCO;OK;04/04/2024;;E;C;I;;U5T;;;;;;;;;;;;;;;;
6135352;TERRITOIRE;CH6135352;6135352;;;;OR19;OR21;;OCC;MCO;OK;30/07/2023;;E;C;T;;K2C;;;;;;;;;;;;;;;;
2032407;TERRITOIRE;CHAMBRE S5T FRANCE TELECOM (93059/502);2032407;;OR227;OR227;OR19;OR19;;OCC;MCO;OK;03/05/2017;;E;C;T;;HC;;;;;;;;;;;;;;;;
7991441;TERRITOIRE;FT 93077/464;7991441;;OR16;OR16;OR19;OR19;;OCC;MCO;OK;13/05/2024;;E;C;I;;OHN;;;;;;;;;;;;;;;;
1340974;TERRITOIRE;FRANCE TELECOM 94017-352;1340974;;OR227;OR227;OR19;OR19;;OCC;MCO;OK;05/04/2013;;E;C;T;;L3T;;;;;;;;;;;;;;;;
7626553;TERRITOIRE;FT 93031/326;7626553;;OR16;OR16;OR19;OR19;;OCC;MCO;OK;21/02/2024;;E;C;T;;S4T;;;;;;;;;;;;;;;;
7838088;TERRITOIRE;FT 92025/105;7838088;;OR16;OR16;OR19;OR19;;OCC;MCO;OK;04/04/2024;;E;C;I;;S4T;;;;;;;;;;;;;;;;
7902711;TERRITOIRE;FT 93048/1327;7902711;;OR16;OR16;OR19;OR19;;OCC;MCO;OK;23/04/2024;;E;C;I;;OHN;;;;;;;;;;;;;;;;
7568313;TERRITOIRE;FT 94015/302;7568313;;OR16;OR16;OR19;OR19;;OCC;MCO;OK;08/02/2024;;E;C;T;;OHN;;;;;;;;;;;;;;;;
2146242;HORS TERRITOIRE;FRANCE TELECOM 95218 /1005;2146242;;OR227;OR227;OR19;OR19;;OCC;MCO;OK;27/07/2017;;E;C;T;;HC;;;;;;;;;;;;;;;;
3124152;TERRITOIRE;CH3124152;3124152;;;;OR19;OR21;;OCC;MCO;OK;30/07/2023;;E;C;T;;XXX;;;;;;;;;;;;;;;;
7963507;TERRITOIRE;FT 94034/546;7963507;;OR16;OR16;OR19;OR19;;OCC;MCO;OK;06/05/2024;;E;C;I;;S3T;;;;;;;;;;;;;;;;
7763189;TERRITOIRE;FT 92036/1065;7763189;;OR16;OR16;OR19;OR19;;OCC;MCO;OK;18/03/2024;;E;C;T;;S4T;;;;;;;;;;;;;;;;
7594928;TERRITOIRE;FT 94081/2147;7594928;;OR16;OR16;OR19;OR19;;OCC;MCO;OK;13/02/2024;;E;C;T;;P1T;;;;;;;;;;;;;;;;
7561601;TERRITOIRE;FT 93046/1031;7561601;;OR16;OR16;OR19;OR19;;OCC;MCO;OK;07/02/2024;;E;C;T;;A2;;;;;;;;;;;;;;;;
7877140;TERRITOIRE;FT 92012/258;7877140;;OR16;OR16;OR19;OR19;;OCC;MCO;OK;17/04/2024;;E;C;I;;OHN;;;;;;;;;;;;;;;;
7855689;TERRITOIRE;FT 92060/410;7855689;;OR16;OR16;OR19;OR19;;OCC;MCO;OK;10/04/2024;;E;C;I;;OHN;;;;;;;;;;;;;;;;
7855681;TERRITOIRE;FT 92060/377;7855681;;OR16;OR16;OR19;OR19;;OCC;MCO;OK;10/04/2024;;E;C;I;;L3T;;;;;;;;;;;;;;;;
7761614;TERRITOIRE;FT 93010/518;7761614;;OR16;OR16;OR19;OR19;;OCC;MCO;OK;18/03/2024;;E;C;T;;OHN;;;;;;;;;;;;;;;;
7833276;TERRITOIRE;FT 94017/1907;7833276;;OR16;OR16;OR19;OR19;;OCC;MCO;OK;03/04/2024;;E;C;I;;OHN;;;;;;;;;;;;;;;;
7519730;TERRITOIRE;FT 94033/737;7519730;;OR16;OR16;OR19;OR19;;OCC;MCO;OK;31/01/2024;;E;C;T;;L4T;;;;;;;;;;;;;;;;
7850261;TERRITOIRE;FT 94022/1258;7850261;;OR16;OR16;OR19;OR19;;OCC;MCO;OK;08/04/2024;;E;C;I;;OHN;;;;;;;;;;;;;;;;
7963528;TERRITOIRE;FT 94034/396;7963528;;OR16;OR16;OR19;OR19;;OCC;MCO;OK;06/05/2024;;E;C;I;;S3T;;;;;;;;;;;;;;;;
7630155;TERRITOIRE;FT 93064/1807;7630155;;OR16;OR16;OR19;OR19;;OCC;MCO;OK;21/02/2024;;E;C;T;;U7T;;;;;;;;;;;;;;;;
7830102;TERRITOIRE;FT 92019/29;7830102;;OR16;OR16;OR19;OR19;;OCC;MCO;OK;02/04/2024;;E;C;I;;L2T;;;;;;;;;;;;;;;;
7761601;TERRITOIRE;FT 93057/228;7761601;;OR16;OR16;OR19;OR19;;OCC;MCO;OK;18/03/2024;;E;C;T;;L2T;;;;;;;;;;;;;;;;
7902707;TERRITOIRE;FT 93048/1323;7902707;;OR16;OR16;OR19;OR19;;OCC;MCO;OK;23/04/2024;;E;C;I;;OHN;;;;;;;;;;;;;;;;
7688317;TERRITOIRE;FT 93001/1100;7688317;;OR16;OR16;OR19;OR19;;OCC;MCO;OK;05/03/2024;;E;C;T;;S4T;;;;;;;;;;;;;;;;
7542735;TERRITOIRE;FT 92024/260;7542735;;OR16;OR16;OR19;OR19;;OCC;MCO;OK;02/02/2024;;E;C;T;;S4T;;;;;;;;;;;;;;;;
7609586;TERRITOIRE;FT 92026/42;7609586;;OR16;OR16;OR19;OR19;;OCC;MCO;OK;15/02/2024;;E;C;T;;L5T;;;;;;;;;;;;;;;;
7876844;TERRITOIRE;FT 92022/557;7876844;;OR16;OR16;OR19;OR19;;OCC;MCO;OK;17/04/2024;;E;C;I;;A2B;;;;;;;;;;;;;;;;
7912729;TERRITOIRE;FT 94077/760;7912729;;OR16;OR16;OR19;OR19;;OCC;MCO;OK;24/04/2024;;E;C;I;;L2T;;;;;;;;;;;;;;;;
7651532;TERRITOIRE;FT 92036/1188;7651532;;OR16;OR16;OR19;OR19;;OCC;MCO;OK;26/02/2024;;E;C;T;;OHN;;;;;;;;;;;;;;;;
7838141;TERRITOIRE;FT 92009/386;7838141;;OR16;OR16;OR19;OR19;;OCC;MCO;OK;04/04/2024;;E;C;I;;S3T;;;;;;;;;;;;;;;;
7902734;TERRITOIRE;FT 94033/1620;7902734;;OR16;OR16;OR19;OR19;;OCC;MCO;OK;23/04/2024;;E;C;I;;OHN;;;;;;;;;;;;;;;;
7688320;TERRITOIRE;FT 93001/1097;7688320;;OR16;OR16;OR19;OR19;;OCC;MCO;OK;05/03/2024;;E;C;T;;S4T;;;;;;;;;;;;;;;;
7837807;TERRITOIRE;FT 92025/379;7837807;;OR16;OR16;OR19;OR19;;OCC;MCO;OK;04/04/2024;;E;C;I;;L2T;;;;;;;;;;;;;;;;
7714592;TERRITOIRE;FT 92004/2122;7714592;;OR16;OR16;OR19;OR19;;OCC;MCO;OK;08/03/2024;;E;C;T;;S3T;;;;;;;;;;;;;;;;
7973749;TERRITOIRE;FT 95063/517;7973749;;OR16;OR16;OR19;OR19;;OCC;MCO;OK;07/05/2024;;E;C;I;;OHN;;;;;;;;;;;;;;;;
7871760;TERRITOIRE;FT 92073/35;7871760;;OR16;OR16;OR19;OR19;;OCC;MCO;OK;16/04/2024;;E;C;I;;S4T;;;;;;;;;;;;;;;;
7772482;TERRITOIRE;FT 94068/1874;7772482;;OR16;OR16;OR19;OR19;;OCC;MCO;OK;20/03/2024;;E;C;T;;OHN;;;;;;;;;;;;;;;;
7905914;TERRITOIRE;FT 92051/210;7905914;;OR16;OR16;OR19;OR19;;OCC;MCO;OK;23/04/2024;;E;C;I;;V6T;;;;;;;;;;;;;;;;
7783049;TERRITOIRE;FT 92002/1715;7783049;;OR16;OR16;OR19;OR19;;OCC;MCO;OK;21/03/2024;;E;C;I;;S3T;;;;;;;;;;;;;;;;
7600644;TERRITOIRE;FT 92044/552;7600644;;OR16;OR16;OR19;OR19;;OCC;MCO;OK;13/02/2024;;E;C;T;;S4T;;;;;;;;;;;;;;;;
7651558;TERRITOIRE;FT 92036/1670;7651558;;OR16;OR16;OR19;OR19;;OCC;MCO;OK;26/02/2024;;E;C;T;;S4T;;;;;;;;;;;;;;;;
7837793;TERRITOIRE;FT 92025/285;7837793;;OR16;OR16;OR19;OR19;;OCC;MCO;OK;04/04/2024;;E;C;I;;L2T;;;;;;;;;;;;;;;;
7796196;TERRITOIRE;FT 93048/2173;7796196;;OR16;OR16;OR19;OR19;;OCC;MCO;OK;25/03/2024;;E;C;I;;OHN;;;;;;;;;;;;;;;;
7888331;TERRITOIRE;FT 92073/1449;7888331;;OR16;OR16;OR19;OR19;;OCC;MCO;OK;19/04/2024;;E;C;I;;U5T;;;;;;;;;;;;;;;;
7796199;TERRITOIRE;FT 92020/281;7796199;;OR16;OR16;OR19;OR19;;OCC;MCO;OK;25/03/2024;;E;C;I;;S4T;;;;;;;;;;;;;;;;
7607470;TERRITOIRE;FT 92026/138;7607470;;OR16;OR16;OR19;OR19;;OCC;MCO;OK;14/02/2024;;E;C;T;;S3T;;;;;;;;;;;;;;;;
7883527;TERRITOIRE;FT 78646/802;7883527;;OR16;OR16;OR19;OR19;;OCC;MCO;OK;18/04/2024;;E;C;I;;OHN;;;;;;;;;;;;;;;;
7731520;TERRITOIRE;FT 94011/163;7731520;;OR16;OR16;OR19;OR19;;OCC;MCO;OK;13/03/2024;;E;C;T;;S3T;;;;;;;;;;;;;;;;
7819856;TERRITOIRE;FT 94073/1376;7819856;;OR16;OR16;OR19;OR19;;OCC;MCO;OK;28/03/2024;;E;C;I;;L4T;;;;;;;;;;;;;;;;
7783066;TERRITOIRE;FT 92002/2576;7783066;;OR16;OR16;OR19;OR19;;OCC;MCO;OK;21/03/2024;;E;C;I;;L0T;;;;;;;;;;;;;;;;
7783034;TERRITOIRE;FT 92002/1874;7783034;;OR16;OR16;OR19;OR19;;OCC;MCO;OK;21/03/2024;;E;C;I;;S3T;;;;;;;;;;;;;;;;
7777002;TERRITOIRE;FT 92002/639;7777002;;OR16;OR16;OR19;OR19;;OCC;MCO;OK;20/03/2024;;E;C;T;;S3T;;;;;;;;;;;;;;;;
7642233;TERRITOIRE;FT 93048/629;7642233;;OR16;OR16;OR19;OR19;;OCC;MCO;OK;23/02/2024;;E;C;T;;S3T;;;;;;;;;;;;;;;;
7837428;TERRITOIRE;FT 92025/388;7837428;;OR16;OR16;OR19;OR19;;OCC;MCO;OK;04/04/2024;;E;C;I;;L4T;;;;;;;;;;;;;;;;
7570875;TERRITOIRE;FT 94017/340;7570875;;OR16;OR16;OR19;OR19;;OCC;MCO;OK;09/02/2024;;E;C;T;;L6T;;;;;;;;;;;;;;;;
1363203;TERRITOIRE;SFRCOLL_MH1363203;1363203;;OR227;OR227;OR19;OR19;;OCC;MCO;OK;24/02/2015;;E;C;T;;HC;;;;;;;;;;;;;;;;
7789746;TERRITOIRE;FT 93039/172;7789746;;OR16;OR16;OR19;OR19;;OCC;MCO;OK;22/03/2024;;E;C;I;;OHN;;;;;;;;;;;;;;;;
7886385;TERRITOIRE;FT 94065/204;7886385;;OR16;OR16;OR19;OR19;;OCC;MCO;OK;16/04/2024;;E;C;I;;L3T;;;;;;;;;;;;;;;;
7654777;TERRITOIRE;FT 93007/1177;7654777;;OR16;OR16;OR19;OR19;;OCC;MCO;OK;27/02/2024;;E;C;T;;OHN;;;;;;;;;;;;;;;;
7877107;TERRITOIRE;FT 92012/1677;7877107;;OR16;OR16;OR19;OR19;;OCC;MCO;OK;17/04/2024;;E;C;I;;U6T;;;;;;;;;;;;;;;;
7871384;TERRITOIRE;FT 92073/95;7871384;;OR16;OR16;OR19;OR19;;OCC;MCO;OK;16/04/2024;;E;C;I;;U4T;;;;;;;;;;;;;;;;
7795248;TERRITOIRE;FT 93048/2550;7795248;;OR16;OR16;OR19;OR19;;OCC;MCO;OK;25/03/2024;;E;C;I;;OHN;;;;;;;;;;;;;;;;
8164786;TERRITOIRE;FT 92026/517;8164786;;OR16;OR16;OR19;OR19;;OCC;MCO;OK;14/02/2024;;E;C;I;;OHN;;;;;;;;;;;;;;;;
7610234;TERRITOIRE;FT 92026/1015;7610234;;OR16;OR16;OR19;OR19;;OCC;MCO;OK;15/02/2024;;E;C;T;;S3T;;;;;;;;;;;;;;;;
7859254;TERRITOIRE;FT 94068/2350;7859254;;OR16;OR16;OR19;OR19;;OCC;MCO;OK;11/04/2024;;E;C;I;;OHN;;;;;;;;;;;;;;;;
7912640;TERRITOIRE;FT 94077/1051;7912640;;OR16;OR16;OR19;OR19;;OCC;MCO;OK;24/04/2024;;E;C;I;;L2T;;;;;;;;;;;;;;;;
7899825;TERRITOIRE;FT 78646/2763;7899825;;OR16;OR16;OR19;OR19;;OCC;MCO;OK;23/04/2024;;E;C;I;;L5T;;;;;;;;;;;;;;;;
7540798;TERRITOIRE;FT 93001/543;7540798;;OR16;OR16;OR19;OR19;;OCC;MCO;OK;02/02/2024;;E;C;T;;OHN;;;;;;;;;;;;;;;;
7632317;TERRITOIRE;FT 93031/1380;7632317;;OR16;OR16;OR19;OR19;;OCC;MCO;OK;21/02/2024;;E;C;T;;L5T;;;;;;;;;;;;;;;;
7811861;TERRITOIRE;FT 94081/1208;7811861;;OR16;OR16;OR19;OR19;;OCC;MCO;OK;27/03/2024;;E;C;I;;L3T;;;;;;;;;;;;;;;;
7991045;TERRITOIRE;FT 93046/1658;7991045;;OR16;OR16;OR19;OR19;;OCC;MCO;OK;13/05/2024;;E;C;I;;L6T;;;;;;;;;;;;;;;;
7698623;TERRITOIRE;FT 92032/534;7698623;;OR16;OR16;OR19;OR19;;OCC;MCO;OK;06/03/2024;;E;C;T;;INC;;;;;;;;;;;;;;;;
7514234;TERRITOIRE;FT 93055/1311;7514234;;OR16;OR16;OR19;OR19;;OCC;MCO;OK;30/01/2024;;E;C;T;;OHN;;;;;;;;;;;;;;;;
7597748;TERRITOIRE;FT 94017/2371;7597748;;OR16;OR16;OR19;OR19;;OCC;MCO;OK;13/02/2024;;E;C;T;;OHN;;;;;;;;;;;;;;;;
7777214;TERRITOIRE;FT 92002/1141;7777214;;OR16;OR16;OR19;OR19;;OCC;MCO;OK;20/03/2024;;E;C;T;;S3T;;;;;;;;;;;;;;;;
174530;HORS TERRITOIRE;CHAMBRE L3T N??2058;174530;;OR227;OR227;OR19;OR19;;OCC;MCO;OK;14/08/2012;;E;C;R;;L3T;;;;;;;;;;;;;;;;
1334780;TERRITOIRE;CH1334780;1334780;;OR228;OR228;OR19;OR19;;OCC;MCO;OK;15/09/2016;;E;C;T;;L3T;;;;;;;;;;;;;;;;
1391363;TERRITOIRE;FRANCE TELECOM - S3T;1391363;;OR227;OR227;OR19;OR19;;OCC;MCO;OK;30/03/2015;;E;C;T;;L3T;;;;;;;;;;;;;;;;
2415025;TERRITOIRE;ORANGE;2415025;;OR227;OR227;OR19;OR19;;OCC;MCO;OK;11/04/2018;;E;C;T;;HC;;;;;;;;;;;;;;;;
2482876;HORS TERRITOIRE;CH2482876;2482876;;OR227;OR227;OR19;OR19;;OCC;MCO;OK;29/08/2018;;E;C;T;;HC;;;;;;;;;;;;;;;;
7605113;TERRITOIRE;FT 92025/1374;7605113;;OR16;OR16;OR19;OR19;;OCC;MCO;OK;14/02/2024;;E;C;T;;S3T;;;;;;;;;;;;;;;;
7596173;TERRITOIRE;FT 94017/2356;7596173;;OR16;OR16;OR19;OR19;;OCC;MCO;OK;13/02/2024;;E;C;T;;OHN;;;;;;;;;;;;;;;;
7530569;TERRITOIRE;FT 93077/41;7530569;;OR16;OR16;OR19;OR19;;OCC;MCO;OK;01/02/2024;;E;C;T;;A2;;;;;;;;;;;;;;;;
7861437;TERRITOIRE;FT 94081/532;7861437;;OR16;OR16;OR19;OR19;;OCC;MCO;OK;12/04/2024;;E;C;I;;L4T;;;;;;;;;;;;;;;;
7859387;TERRITOIRE;FT 94068/2372;7859387;;OR16;OR16;OR19;OR19;;OCC;MCO;OK;11/04/2024;;E;C;I;;OHN;;;;;;;;;;;;;;;;
2646709;HORS TERRITOIRE;FRANCE TELECOM 95306/762;2646709;;OR227;OR227;OR19;OR19;;OCC;MCO;OK;05/02/2019;;E;C;T;;L5T;;;;;;;;;;;;;;;;
7530592;TERRITOIRE;FT 93010/1073;7530592;;OR16;OR16;OR19;OR19;;OCC;MCO;OK;01/02/2024;;E;C;T;;OHN;;;;;;;;;;;;;;;;
7837767;TERRITOIRE;FT 92025/1207;7837767;;OR16;OR16;OR19;OR19;;OCC;MCO;OK;04/04/2024;;E;C;I;;S4T;;;;;;;;;;;;;;;;
194929;TERRITOIRE;FT 760 - 36 RUE PONTOISE (BEZONS);194929;;OR227;OR227;OR19;OR19;;OCC;MCO;OK;05/04/2012;;E;C;R;;L2T;;;;;;;;;;;;;;;;
7876789;TERRITOIRE;FT 92022/891;7876789;;OR16;OR16;OR19;OR19;;OCC;MCO;OK;17/04/2024;;E;C;I;;OHN;;;;;;;;;;;;;;;;
7572150;TERRITOIRE;FT 94046/862;7572150;;OR16;OR16;OR19;OR19;;OCC;MCO;OK;09/02/2024;;E;C;T;;S3T;;;;;;;;;;;;;;;;
7798448;TERRITOIRE;FT 92023/2950;7798448;;OR16;OR16;OR19;OR19;;OCC;MCO;OK;25/03/2024;;E;C;I;;L4T;;;;;;;;;;;;;;;;
8007025;TERRITOIRE;FT 94058/729;8007025;;OR16;OR16;OR19;OR19;;OCC;MCO;OK;15/05/2024;;E;C;I;;OHN;;;;;;;;;;;;;;;;
7696001;TERRITOIRE;FT 93027/761;7696001;;OR16;OR16;OR19;OR19;;OCC;MCO;OK;06/03/2024;;E;C;T;;U5T;;;;;;;;;;;;;;;;
7679359;TERRITOIRE;FT 94046/825;7679359;;OR16;OR16;OR19;OR19;;OCC;MCO;OK;04/03/2024;;E;C;T;;S3T;;;;;;;;;;;;;;;;
7798414;TERRITOIRE;FT 92023/2429;7798414;;OR16;OR16;OR19;OR19;;OCC;MCO;OK;25/03/2024;;E;C;I;;S1T;;;;;;;;;;;;;;;;
7850295;TERRITOIRE;FT 94022/1041;7850295;;OR16;OR16;OR19;OR19;;OCC;MCO;OK;08/04/2024;;E;C;I;;OHN;;;;;;;;;;;;;;;;
7859226;TERRITOIRE;FT 94068/194;7859226;;OR16;OR16;OR19;OR19;;OCC;MCO;OK;11/04/2024;;E;C;I;;OHN;;;;;;;;;;;;;;;;
7687032;TERRITOIRE;FT 93001/1037;7687032;;OR16;OR16;OR19;OR19;;OCC;MCO;OK;05/03/2024;;E;C;T;;OHN;;;;;;;;;;;;;;;;
7800334;TERRITOIRE;FT 92075/180;7800334;;OR16;OR16;OR19;OR19;;OCC;MCO;OK;26/03/2024;;E;C;I;;S3T;;;;;;;;;;;;;;;;
7948788;TERRITOIRE;FT 93063/1055;7948788;;OR16;OR16;OR19;OR19;;OCC;MCO;OK;02/05/2024;;E;C;I;;S3T;;;;;;;;;;;;;;;;
1389140;HORS TERRITOIRE;CH1389140;1389140;;OR227;OR227;OR19;OR19;;OCC;MCO;OK;27/03/2015;;E;C;T;;L3T;;;;;;;;;;;;;;;;
7859394;TERRITOIRE;FT 94068/2704;7859394;;OR16;OR16;OR19;OR19;;OCC;MCO;OK;11/04/2024;;E;C;I;;OHN;;;;;;;;;;;;;;;;
7777085;TERRITOIRE;FT 92002/1150;7777085;;OR16;OR16;OR19;OR19;;OCC;MCO;OK;20/03/2024;;E;C;T;;L2T;;;;;;;;;;;;;;;;
7819849;TERRITOIRE;FT 94041/886;7819849;;OR16;OR16;OR19;OR19;;OCC;MCO;OK;28/03/2024;;E;C;I;;OHN;;;;;;;;;;;;;;;;
8004800;TERRITOIRE;FT 94058/254;8004800;;OR16;OR16;OR19;OR19;;OCC;MCO;OK;15/05/2024;;E;C;I;;OHN;;;;;;;;;;;;;;;;
7811859;TERRITOIRE;FT 94081/1685;7811859;;OR16;OR16;OR19;OR19;;OCC;MCO;OK;27/03/2024;;E;C;I;;L2T;;;;;;;;;;;;;;;;
7635193;TERRITOIRE;FT 93072/900;7635193;;OR16;OR16;OR19;OR19;;OCC;MCO;OK;22/02/2024;;E;C;T;;OHN;;;;;;;;;;;;;;;;
7811870;TERRITOIRE;FT 94081/1310;7811870;;OR16;OR16;OR19;OR19;;OCC;MCO;OK;27/03/2024;;E;C;I;;L4T;;;;;;;;;;;;;;;;
7861468;TERRITOIRE;FT 94081/405;7861468;;OR16;OR16;OR19;OR19;;OCC;MCO;OK;12/04/2024;;E;C;I;;K3C;;;;;;;;;;;;;;;;
7698879;TERRITOIRE;FT 92020/268;7698879;;OR16;OR16;OR19;OR19;;OCC;MCO;OK;06/03/2024;;E;C;T;;L3T;;;;;;;;;;;;;;;;
7553637;TERRITOIRE;FT 92036/941;7553637;;OR16;OR16;OR19;OR19;;OCC;MCO;OK;06/02/2024;;E;C;T;;L2T;;;;;;;;;;;;;;;;
7883201;TERRITOIRE;FT 92012/1106;7883201;;OR16;OR16;OR19;OR19;;OCC;MCO;OK;18/04/2024;;E;C;I;;L6T;;;;;;;;;;;;;;;;
7615997;TERRITOIRE;FT 93070/716;7615997;;OR16;OR16;OR19;OR19;;OCC;MCO;OK;16/02/2024;;E;C;T;;OHN;;;;;;;;;;;;;;;;
7533425;TERRITOIRE;FT 93072/38;7533425;;OR16;OR16;OR19;OR19;;OCC;MCO;OK;01/02/2024;;E;C;T;;L2T;;;;;;;;;;;;;;;;
7905591;TERRITOIRE;FT 92051/1335;7905591;;OR16;OR16;OR19;OR19;;OCC;MCO;OK;23/04/2024;;E;C;I;;S3T;;;;;;;;;;;;;;;;
7717120;TERRITOIRE;FT 94016/44;7717120;;OR16;OR16;OR19;OR19;;OCC;MCO;OK;11/03/2024;;E;C;T;;S3T;;;;;;;;;;;;;;;;
7761275;TERRITOIRE;FT 93057/151;7761275;;OR16;OR16;OR19;OR19;;OCC;MCO;OK;18/03/2024;;E;C;T;;OHN;;;;;;;;;;;;;;;;
7777125;TERRITOIRE;FT 92002/1159;7777125;;OR16;OR16;OR19;OR19;;OCC;MCO;OK;20/03/2024;;E;C;T;;S3T;;;;;;;;;;;;;;;;
7683515;TERRITOIRE;FT 93029/862;7683515;;OR16;OR16;OR19;OR19;;OCC;MCO;OK;04/03/2024;;E;C;T;;OHN;;;;;;;;;;;;;;;;
384322;HORS TERRITOIRE;L3T CHAUSSEE JULES CESAR;384322;;OR227;OR227;OR19;OR19;;OCC;MCO;OK;22/05/2013;;E;C;T;;L3T;;;;;;;;;;;;;;;;
7750408;TERRITOIRE;FT 94028/1781;7750408;;OR16;OR16;OR19;OR19;;OCC;MCO;OK;15/03/2024;;E;C;T;;L2T;;;;;;;;;;;;;;;;
7630160;TERRITOIRE;FT 93064/1777;7630160;;OR16;OR16;OR19;OR19;;OCC;MCO;OK;21/02/2024;;E;C;T;;OHN;;;;;;;;;;;;;;;;
7600655;TERRITOIRE;FT 92044/703;7600655;;OR16;OR16;OR19;OR19;;OCC;MCO;OK;13/02/2024;;E;C;T;;U6T;;;;;;;;;;;;;;;;
7837781;TERRITOIRE;FT 92025/1325;7837781;;OR16;OR16;OR19;OR19;;OCC;MCO;OK;04/04/2024;;E;C;I;;L2T;;;;;;;;;;;;;;;;
7772466;TERRITOIRE;FT 94068/2034;7772466;;OR16;OR16;OR19;OR19;;OCC;MCO;OK;20/03/2024;;E;C;T;;OHN;;;;;;;;;;;;;;;;
7902721;TERRITOIRE;FT 94080/973;7902721;;OR16;OR16;OR19;OR19;;OCC;MCO;OK;23/04/2024;;E;C;I;;OHN;;;;;;;;;;;;;;;;
7871404;TERRITOIRE;FT 92073/157;7871404;;OR16;OR16;OR19;OR19;;OCC;MCO;OK;16/04/2024;;E;C;I;;S1T;;;;;;;;;;;;;;;;
7830103;TERRITOIRE;FT 92019/20;7830103;;OR16;OR16;OR19;OR19;;OCC;MCO;OK;02/04/2024;;E;C;I;;OHN;;;;;;;;;;;;;;;;
7654740;TERRITOIRE;FT 93008/48;7654740;;OR16;OR16;OR19;OR19;;OCC;MCO;OK;27/02/2024;;E;C;T;;L5T;;;;;;;;;;;;;;;;
3121931;TERRITOIRE;CH3121931;3121931;;;;OR19;OR21;;OCC;MCO;OK;23/10/2020;;E;C;T;;L4T;;;;;;;;;;;;;;;;
7630106;TERRITOIRE;FT 93064/1753;7630106;;OR16;OR16;OR19;OR19;;OCC;MCO;OK;21/02/2024;;E;C;T;;OHN;;;;;;;;;;;;;;;;
7594873;TERRITOIRE;FT 94002/177;7594873;;OR16;OR16;OR19;OR19;;OCC;MCO;OK;13/02/2024;;E;C;T;;S3T;;;;;;;;;;;;;;;;
7859344;TERRITOIRE;FT 94068/1371;7859344;;OR16;OR16;OR19;OR19;;OCC;MCO;OK;11/04/2024;;E;C;I;;OHN;;;;;;;;;;;;;;;;
7840966;TERRITOIRE;FT 92009/974;7840966;;OR16;OR16;OR19;OR19;;OCC;MCO;OK;04/04/2024;;E;C;I;;L2T;;;;;;;;;;;;;;;;
7789752;TERRITOIRE;FT 93039/53;7789752;;OR16;OR16;OR19;OR19;;OCC;MCO;OK;22/03/2024;;E;C;I;;U5T;;;;;;;;;;;;;;;;
7514242;TERRITOIRE;FT 93055/234;7514242;;OR16;OR16;OR19;OR19;;OCC;MCO;OK;30/01/2024;;E;C;T;;S5T;;;;;;;;;;;;;;;;
7692494;TERRITOIRE;FT 92007/532;7692494;;OR16;OR16;OR19;OR19;;OCC;MCO;OK;05/03/2024;;E;C;T;;S3T;;;;;;;;;;;;;;;;
7566442;TERRITOIRE;FT 93005/2244;7566442;;OR16;OR16;OR19;OR19;;OCC;MCO;OK;08/02/2024;;E;C;T;;M2T;;;;;;;;;;;;;;;;
7796165;TERRITOIRE;FT 93048/2289;7796165;;OR16;OR16;OR19;OR19;;OCC;MCO;OK;25/03/2024;;E;C;I;;OHN;;;;;;;;;;;;;;;;
7514239;TERRITOIRE;FT 93055/167;7514239;;OR16;OR16;OR19;OR19;;OCC;MCO;OK;30/01/2024;;E;C;T;;S4T;;;;;;;;;;;;;;;;
7811882;TERRITOIRE;FT 94081/175;7811882;;OR16;OR16;OR19;OR19;;OCC;MCO;OK;27/03/2024;;E;C;I;;L4T;;;;;;;;;;;;;;;;
7901110;TERRITOIRE;FT 92036/27;7901110;;OR16;OR16;OR19;OR19;;OCC;MCO;OK;23/04/2024;;E;C;I;;OHN;;;;;;;;;;;;;;;;
1392992;TERRITOIRE;FRANCE TELECOM XIII;1392992;;OR227;OR227;OR19;OR19;;OCC;MCO;OK;02/04/2015;;E;C;T;;L1T;;;;;;;;;;;;;;;;
7530590;TERRITOIRE;FT 93010/882;7530590;;OR16;OR16;OR19;OR19;;OCC;MCO;OK;01/02/2024;;E;C;T;;S3T;;;;;;;;;;;;;;;;
7593512;TERRITOIRE;FT 94002/433;7593512;;OR16;OR16;OR19;OR19;;OCC;MCO;OK;13/02/2024;;E;C;T;;L3T;;;;;;;;;;;;;;;;
7906871;TERRITOIRE;FT 92051/261;7906871;;OR16;OR16;OR19;OR19;;OCC;MCO;OK;23/04/2024;;E;C;I;;OHN;;;;;;;;;;;;;;;;
7800361;TERRITOIRE;FT 92020/1027;7800361;;OR16;OR16;OR19;OR19;;OCC;MCO;OK;26/03/2024;;E;C;I;;S4T;;;;;;;;;;;;;;;;
7620493;TERRITOIRE;FT 93006/98;7620493;;OR16;OR16;OR19;OR19;;OCC;MCO;OK;19/02/2024;;E;C;T;;OHN;;;;;;;;;;;;;;;;
7646396;TERRITOIRE;FT 93029/895;7646396;;OR16;OR16;OR19;OR19;;OCC;MCO;OK;23/02/2024;;E;C;T;;L5T;;;;;;;;;;;;;;;;
7850280;TERRITOIRE;FT 94022/1214;7850280;;OR16;OR16;OR19;OR19;;OCC;MCO;OK;08/04/2024;;E;C;I;;L3T;;;;;;;;;;;;;;;;
7819845;TERRITOIRE;FT 94041/900;7819845;;OR16;OR16;OR19;OR19;;OCC;MCO;OK;28/03/2024;;E;C;I;;OHN;;;;;;;;;;;;;;;;
7915825;TERRITOIRE;FT 94018/343;7915825;;OR16;OR16;OR19;OR19;;OCC;MCO;OK;24/04/2024;;E;C;I;;OHN;;;;;;;;;;;;;;;;
7926412;TERRITOIRE;FT 94038/10;7926412;;OR16;OR16;OR19;OR19;;OCC;MCO;OK;26/04/2024;;E;C;I;;L3T;;;;;;;;;;;;;;;;
7559040;TERRITOIRE;FT 93046/1033;7559040;;OR16;OR16;OR19;OR19;;OCC;MCO;OK;07/02/2024;;E;C;T;;A2;;;;;;;;;;;;;;;;
7554238;TERRITOIRE;FT 92078/395;7554238;;OR16;OR16;OR19;OR19;;OCC;MCO;OK;06/02/2024;;E;C;T;;S4T;;;;;;;;;;;;;;;;
7905277;TERRITOIRE;FT 92051/1160;7905277;;OR16;OR16;OR19;OR19;;OCC;MCO;OK;23/04/2024;;E;C;I;;L2T;;;;;;;;;;;;;;;;
7594865;TERRITOIRE;FT 94002/124;7594865;;OR16;OR16;OR19;OR19;;OCC;MCO;OK;13/02/2024;;E;C;T;;U5T;;;;;;;;;;;;;;;;
7991700;TERRITOIRE;FT 93010/272;7991700;;OR16;OR16;OR19;OR19;;OCC;MCO;OK;13/05/2024;;E;C;I;;OHN;;;;;;;;;;;;;;;;
7859203;TERRITOIRE;FT 94068/598;7859203;;OR16;OR16;OR19;OR19;;OCC;MCO;OK;11/04/2024;;E;C;I;;OHN;;;;;;;;;;;;;;;;
7683518;TERRITOIRE;FT 93029/926;7683518;;OR16;OR16;OR19;OR19;;OCC;MCO;OK;04/03/2024;;E;C;T;;OHN;;;;;;;;;;;;;;;;
7830081;TERRITOIRE;FT 92019/571;7830081;;OR16;OR16;OR19;OR19;;OCC;MCO;OK;02/04/2024;;E;C;I;;S3T;;;;;;;;;;;;;;;;
7761317;TERRITOIRE;FT 93010/963;7761317;;OR16;OR16;OR19;OR19;;OCC;MCO;OK;18/03/2024;;E;C;T;;L2T;;;;;;;;;;;;;;;;
7654719;TERRITOIRE;FT 93013/329;7654719;;OR16;OR16;OR19;OR19;;OCC;MCO;OK;27/02/2024;;E;C;T;;OHN;;;;;;;;;;;;;;;;
7620787;TERRITOIRE;FT 93006/168;7620787;;OR16;OR16;OR19;OR19;;OCC;MCO;OK;19/02/2024;;E;C;T;;OHN;;;;;;;;;;;;;;;;
7763191;TERRITOIRE;FT 92036/1037;7763191;;OR16;OR16;OR19;OR19;;OCC;MCO;OK;18/03/2024;;E;C;T;;S3T;;;;;;;;;;;;;;;;
7883194;TERRITOIRE;FT 92012/2086;7883194;;OR16;OR16;OR19;OR19;;OCC;MCO;OK;18/04/2024;;E;C;I;;OHN;;;;;;;;;;;;;;;;
7973755;TERRITOIRE;FT 95063/527;7973755;;OR16;OR16;OR19;OR19;;OCC;MCO;OK;07/05/2024;;E;C;I;;L5T;;;;;;;;;;;;;;;;
7719995;TERRITOIRE;FT 92046/95;7719995;;OR16;OR16;OR19;OR19;;OCC;MCO;OK;11/03/2024;;E;C;T;;S3T;;;;;;;;;;;;;;;;
7651563;TERRITOIRE;FT 92036/1270;7651563;;OR16;OR16;OR19;OR19;;OCC;MCO;OK;26/02/2024;;E;C;T;;L2T;;;;;;;;;;;;;;;;
7859250;TERRITOIRE;FT 94068/2364;7859250;;OR16;OR16;OR19;OR19;;OCC;MCO;OK;11/04/2024;;E;C;I;;OHN;;;;;;;;;;;;;;;;
7609931;TERRITOIRE;FT 92026/995;7609931;;OR16;OR16;OR19;OR19;;OCC;MCO;OK;15/02/2024;;E;C;T;;U6T;;;;;;;;;;;;;;;;
7991047;TERRITOIRE;FT 93046/392;7991047;;OR16;OR16;OR19;OR19;;OCC;MCO;OK;13/05/2024;;E;C;I;;OHN;;;;;;;;;;;;;;;;
7783072;TERRITOIRE;FT 92002/2838;7783072;;OR16;OR16;OR19;OR19;;OCC;MCO;OK;21/03/2024;;E;C;I;;S3T;;;;;;;;;;;;;;;;
3121935;TERRITOIRE;CH3121935;3121935;;;;OR19;OR21;;OCC;MCO;OK;23/10/2020;;E;C;T;;L4T;;;;;;;;;;;;;;;;
7800311;TERRITOIRE;FT 92075/181;7800311;;OR16;OR16;OR19;OR19;;OCC;MCO;OK;26/03/2024;;E;C;I;;S6T;;;;;;;;;;;;;;;;
7883263;TERRITOIRE;FT 92050/254;7883263;;OR16;OR16;OR19;OR19;;OCC;MCO;OK;18/04/2024;;E;C;I;;S4T;;;;;;;;;;;;;;;;
7772474;TERRITOIRE;FT 94068/1996;7772474;;OR16;OR16;OR19;OR19;;OCC;MCO;OK;20/03/2024;;E;C;T;;OHN;;;;;;;;;;;;;;;;
7651557;TERRITOIRE;FT 92036/1674;7651557;;OR16;OR16;OR19;OR19;;OCC;MCO;OK;26/02/2024;;E;C;T;;S4T;;;;;;;;;;;;;;;;
7876821;TERRITOIRE;FT 92022/356;7876821;;OR16;OR16;OR19;OR19;;OCC;MCO;OK;17/04/2024;;E;C;I;;A2;;;;;;;;;;;;;;;;
7905586;TERRITOIRE;FT 92051/1339;7905586;;OR16;OR16;OR19;OR19;;OCC;MCO;OK;23/04/2024;;E;C;I;;S3T;;;;;;;;;;;;;;;;
7991678;TERRITOIRE;FT 93077/366;7991678;;OR16;OR16;OR19;OR19;;OCC;MCO;OK;13/05/2024;;E;C;I;;L3T;;;;;;;;;;;;;;;;
7800308;TERRITOIRE;FT 92075/807;7800308;;OR16;OR16;OR19;OR19;;OCC;MCO;OK;26/03/2024;;E;C;I;;S3T;;;;;;;;;;;;;;;;
7683827;TERRITOIRE;FT 93029/1215;7683827;;OR16;OR16;OR19;OR19;;OCC;MCO;OK;04/03/2024;;E;C;T;;OHN;;;;;;;;;;;;;;;;
7850257;TERRITOIRE;FT 94022/902;7850257;;OR16;OR16;OR19;OR19;;OCC;MCO;OK;08/04/2024;;E;C;I;;OHN;;;;;;;;;;;;;;;;
7856649;TERRITOIRE;FT 92019/790;7856649;;OR16;OR16;OR19;OR19;;OCC;MCO;OK;10/04/2024;;E;C;I;;OHN;;;;;;;;;;;;;;;;
7530581;TERRITOIRE;FT 93010/866;7530581;;OR16;OR16;OR19;OR19;;OCC;MCO;OK;01/02/2024;;E;C;T;;OHN;;;;;;;;;;;;;;;;
7855670;TERRITOIRE;FT 92060/483;7855670;;OR16;OR16;OR19;OR19;;OCC;MCO;OK;10/04/2024;;E;C;I;;S3T;;;;;;;;;;;;;;;;
7597115;TERRITOIRE;FT 94017/1922;7597115;;OR16;OR16;OR19;OR19;;OCC;MCO;OK;13/02/2024;;E;C;T;;OHN;;;;;;;;;;;;;;;;
7837813;TERRITOIRE;FT 92025/376;7837813;;OR16;OR16;OR19;OR19;;OCC;MCO;OK;04/04/2024;;E;C;I;;OHN;;;;;;;;;;;;;;;;
7830089;TERRITOIRE;FT 92019/321;7830089;;OR16;OR16;OR19;OR19;;OCC;MCO;OK;02/04/2024;;E;C;I;;S3T;;;;;;;;;;;;;;;;
7731199;TERRITOIRE;FT 94028/1037;7731199;;OR16;OR16;OR19;OR19;;OCC;MCO;OK;13/03/2024;;E;C;T;;L2T;;;;;;;;;;;;;;;;
7905919;TERRITOIRE;FT 92051/567;7905919;;OR16;OR16;OR19;OR19;;OCC;MCO;OK;23/04/2024;;E;C;I;;S3T;;;;;;;;;;;;;;;;
7795515;TERRITOIRE;FT 93048/1589;7795515;;OR16;OR16;OR19;OR19;;OCC;MCO;OK;25/03/2024;;E;C;I;;OHN;;;;;;;;;;;;;;;;
7991029;TERRITOIRE;FT 93057/812;7991029;;OR16;OR16;OR19;OR19;;OCC;MCO;OK;13/05/2024;;E;C;I;;OHN;;;;;;;;;;;;;;;;
7871400;TERRITOIRE;FT 92073/1827;7871400;;OR16;OR16;OR19;OR19;;OCC;MCO;OK;16/04/2024;;E;C;I;;L3T;;;;;;;;;;;;;;;;
7905293;TERRITOIRE;FT 92051/1357;7905293;;OR16;OR16;OR19;OR19;;OCC;MCO;OK;23/04/2024;;E;C;I;;U5T;;;;;;;;;;;;;;;;
7530595;TERRITOIRE;FT 93010/898;7530595;;OR16;OR16;OR19;OR19;;OCC;MCO;OK;01/02/2024;;E;C;T;;L4T;;;;;;;;;;;;;;;;
8201909;TERRITOIRE;FT 92060/327;8201909;;OR16;OR16;OR19;OR19;;OCC;MCO;OK;19/06/2024;;E;C;I;;NC;;;;;;;;;;;;;;;;
7837766;TERRITOIRE;FT 92025/1211;7837766;;OR16;OR16;OR19;OR19;;OCC;MCO;OK;04/04/2024;;E;C;I;;S4T;;;;;;;;;;;;;;;;
7887669;TERRITOIRE;FT 92073/1921;7887669;;OR16;OR16;OR19;OR19;;OCC;MCO;OK;19/04/2024;;E;C;I;;S3T;;;;;;;;;;;;;;;;
7830393;TERRITOIRE;FT 92019/225;7830393;;OR16;OR16;OR19;OR19;;OCC;MCO;OK;02/04/2024;;E;C;I;;OHN;;;;;;;;;;;;;;;;
7597119;TERRITOIRE;FT 94017/1844;7597119;;OR16;OR16;OR19;OR19;;OCC;MCO;OK;13/02/2024;;E;C;T;;S3T;;;;;;;;;;;;;;;;
7690265;TERRITOIRE;FT 92007/353;7690265;;OR16;OR16;OR19;OR19;;OCC;MCO;OK;05/03/2024;;E;C;T;;OHN;;;;;;;;;;;;;;;;
7553601;TERRITOIRE;FT 92036/252;7553601;;OR16;OR16;OR19;OR19;;OCC;MCO;OK;06/02/2024;;E;C;T;;S3T;;;;;;;;;;;;;;;;
7859266;TERRITOIRE;FT 94068/533;7859266;;OR16;OR16;OR19;OR19;;OCC;MCO;OK;11/04/2024;;E;C;I;;OHN;;;;;;;;;;;;;;;;
7850297;TERRITOIRE;FT 94022/945;7850297;;OR16;OR16;OR19;OR19;;OCC;MCO;OK;08/04/2024;;E;C;I;;OHN;;;;;;;;;;;;;;;;
7761330;TERRITOIRE;FT 93057/434;7761330;;OR16;OR16;OR19;OR19;;OCC;MCO;OK;18/03/2024;;E;C;T;;OHN;;;;;;;;;;;;;;;;
7991706;TERRITOIRE;FT 93010/267;7991706;;OR16;OR16;OR19;OR19;;OCC;MCO;OK;13/05/2024;;E;C;I;;OHN;;;;;;;;;;;;;;;;
7876793;TERRITOIRE;FT 92022/220;7876793;;OR16;OR16;OR19;OR19;;OCC;MCO;OK;17/04/2024;;E;C;I;;OHN;;;;;;;;;;;;;;;;
7834235;TERRITOIRE;FT 94017/2533;7834235;;OR16;OR16;OR19;OR19;;OCC;MCO;OK;03/04/2024;;E;C;I;;OHN;;;;;;;;;;;;;;;;
7991470;TERRITOIRE;FT 93077/112;7991470;;OR16;OR16;OR19;OR19;;OCC;MCO;OK;13/05/2024;;E;C;I;;OHN;;;;;;;;;;;;;;;;
7679358;TERRITOIRE;FT 94046/831;7679358;;OR16;OR16;OR19;OR19;;OCC;MCO;OK;04/03/2024;;E;C;T;;OHN;;;;;;;;;;;;;;;;
7607411;TERRITOIRE;FT 92026/511;7607411;;OR16;OR16;OR19;OR19;;OCC;MCO;OK;14/02/2024;;E;C;T;;S4T;;;;;;;;;;;;;;;;
7651530;TERRITOIRE;FT 92036/1480;7651530;;OR16;OR16;OR19;OR19;;OCC;MCO;OK;26/02/2024;;E;C;T;;U4T;;;;;;;;;;;;;;;;
7519713;TERRITOIRE;FT 94033/754;7519713;;OR16;OR16;OR19;OR19;;OCC;MCO;OK;31/01/2024;;E;C;T;;S3T;;;;;;;;;;;;;;;;
7568314;TERRITOIRE;FT 94015/315;7568314;;OR16;OR16;OR19;OR19;;OCC;MCO;OK;08/02/2024;;E;C;T;;OHN;;;;;;;;;;;;;;;;
7811866;TERRITOIRE;FT 94081/1688;7811866;;OR16;OR16;OR19;OR19;;OCC;MCO;OK;27/03/2024;;E;C;I;;L4T;;;;;;;;;;;;;;;;
7554234;TERRITOIRE;FT 92036/1071;7554234;;OR16;OR16;OR19;OR19;;OCC;MCO;OK;06/02/2024;;E;C;T;;L2T;;;;;;;;;;;;;;;;
7692485;TERRITOIRE;FT 92007/544;7692485;;OR16;OR16;OR19;OR19;;OCC;MCO;OK;05/03/2024;;E;C;T;;S3T;;;;;;;;;;;;;;;;
7511354;TERRITOIRE;FT 93059/234;7511354;;OR16;OR16;OR19;OR19;;OCC;MCO;OK;30/01/2024;;E;C;T;;C2;;;;;;;;;;;;;;;;
7876826;TERRITOIRE;FT 92022/1180;7876826;;OR16;OR16;OR19;OR19;;OCC;MCO;OK;17/04/2024;;E;C;I;;OHN;;;;;;;;;;;;;;;;
7718720;TERRITOIRE;FT 94016/420;7718720;;OR16;OR16;OR19;OR19;;OCC;MCO;OK;11/03/2024;;E;C;T;;OHN;;;;;;;;;;;;;;;;
7899862;TERRITOIRE;FT 78646/4880;7899862;;OR16;OR16;OR19;OR19;;OCC;MCO;OK;23/04/2024;;E;C;I;;OHN;;;;;;;;;;;;;;;;
7731212;TERRITOIRE;FT 94028/1084;7731212;;OR16;OR16;OR19;OR19;;OCC;MCO;OK;13/03/2024;;E;C;T;;S3T;;;;;;;;;;;;;;;;
7718718;TERRITOIRE;FT 94016/433;7718718;;OR16;OR16;OR19;OR19;;OCC;MCO;OK;11/03/2024;;E;C;T;;S4T;;;;;;;;;;;;;;;;
7530562;TERRITOIRE;FT 93077/841;7530562;;OR16;OR16;OR19;OR19;;OCC;MCO;OK;01/02/2024;;E;C;T;;A2B;;;;;;;;;;;;;;;;
7594900;TERRITOIRE;FT 94002/196;7594900;;OR16;OR16;OR19;OR19;;OCC;MCO;OK;13/02/2024;;E;C;T;;L3T;;;;;;;;;;;;;;;;
7795871;TERRITOIRE;FT 93048/1713;7795871;;OR16;OR16;OR19;OR19;;OCC;MCO;OK;25/03/2024;;E;C;I;;S4T;;;;;;;;;;;;;;;;
7692493;TERRITOIRE;FT 92007/791;7692493;;OR16;OR16;OR19;OR19;;OCC;MCO;OK;05/03/2024;;E;C;T;;L2T;;;;;;;;;;;;;;;;
7652938;TERRITOIRE;FT 92036/FT2;7652938;;OR16;OR16;OR19;OR19;;OCC;MCO;OK;27/02/2024;;E;C;T;;OHN;;;;;;;;;;;;;;;;
7609935;TERRITOIRE;FT 92026/705;7609935;;OR16;OR16;OR19;OR19;;OCC;MCO;OK;15/02/2024;;E;C;T;;U5T;;;;;;;;;;;;;;;;
7572155;TERRITOIRE;FT 94046/689;7572155;;OR16;OR16;OR19;OR19;;OCC;MCO;OK;09/02/2024;;E;C;T;;OHN;;;;;;;;;;;;;;;;
7901120;TERRITOIRE;FT 93048/1365;7901120;;OR16;OR16;OR19;OR19;;OCC;MCO;OK;23/04/2024;;E;C;I;;OHN;;;;;;;;;;;;;;;;
7714597;TERRITOIRE;FT 92004/997;7714597;;OR16;OR16;OR19;OR19;;OCC;MCO;OK;08/03/2024;;E;C;T;;S3T;;;;;;;;;;;;;;;;
7798426;TERRITOIRE;FT 92020/768;7798426;;OR16;OR16;OR19;OR19;;OCC;MCO;OK;25/03/2024;;E;C;I;;S4T;;;;;;;;;;;;;;;;
7850232;TERRITOIRE;FT 94022/1164;7850232;;OR16;OR16;OR19;OR19;;OCC;MCO;OK;08/04/2024;;E;C;I;;L4T;;;;;;;;;;;;;;;;
7688313;TERRITOIRE;FT 93001/1323;7688313;;OR16;OR16;OR19;OR19;;OCC;MCO;OK;05/03/2024;;E;C;T;;S5T;;;;;;;;;;;;;;;;
7991352;TERRITOIRE;FT 93077/239;7991352;;OR16;OR16;OR19;OR19;;OCC;MCO;OK;13/05/2024;;E;C;I;;L2T;;;;;;;;;;;;;;;;
7855694;TERRITOIRE;FT 92060/1354;7855694;;OR16;OR16;OR19;OR19;;OCC;MCO;OK;10/04/2024;;E;C;I;;L4T;;;;;;;;;;;;;;;;
7638073;TERRITOIRE;FT 94033/771;7638073;;OR16;OR16;OR19;OR19;;OCC;MCO;OK;22/02/2024;;E;C;T;;S3T;;;;;;;;;;;;;;;;
7565429;TERRITOIRE;FT 94015/323;7565429;;OR16;OR16;OR19;OR19;;OCC;MCO;OK;08/02/2024;;E;C;T;;OHN;;;;;;;;;;;;;;;;
7798480;TERRITOIRE;FT 92023/2387;7798480;;OR16;OR16;OR19;OR19;;OCC;MCO;OK;25/03/2024;;E;C;I;;S3T;;;;;;;;;;;;;;;;
7803212;TERRITOIRE;FT 92007/198;7803212;;OR16;OR16;OR19;OR19;;OCC;MCO;OK;26/03/2024;;E;C;I;;OHN;;;;;;;;;;;;;;;;
7519694;TERRITOIRE;FT 94033/556;7519694;;OR16;OR16;OR19;OR19;;OCC;MCO;OK;31/01/2024;;E;C;T;;OHN;;;;;;;;;;;;;;;;
7692480;TERRITOIRE;FT 92007/547;7692480;;OR16;OR16;OR19;OR19;;OCC;MCO;OK;05/03/2024;;E;C;T;;S3T;;;;;;;;;;;;;;;;
7837776;TERRITOIRE;FT 92025/224;7837776;;OR16;OR16;OR19;OR19;;OCC;MCO;OK;04/04/2024;;E;C;I;;L2T;;;;;;;;;;;;;;;;
7811838;TERRITOIRE;FT 94054/477;7811838;;OR16;OR16;OR19;OR19;;OCC;MCO;OK;27/03/2024;;E;C;I;;L3T;;;;;;;;;;;;;;;;
7630096;TERRITOIRE;FT 93064/256;7630096;;OR16;OR16;OR19;OR19;;OCC;MCO;OK;21/02/2024;;E;C;T;;OHN;;;;;;;;;;;;;;;;
7630103;TERRITOIRE;FT 93064/1706;7630103;;OR16;OR16;OR19;OR19;;OCC;MCO;OK;21/02/2024;;E;C;T;;OHN;;;;;;;;;;;;;;;;
7783095;TERRITOIRE;FT 92002/2259;7783095;;OR16;OR16;OR19;OR19;;OCC;MCO;OK;21/03/2024;;E;C;I;;U5T;;;;;;;;;;;;;;;;
7991355;TERRITOIRE;FT 93077/256;7991355;;OR16;OR16;OR19;OR19;;OCC;MCO;OK;13/05/2024;;E;C;I;;A2;;;;;;;;;;;;;;;;
7718077;TERRITOIRE;FT 94016/182;7718077;;OR16;OR16;OR19;OR19;;OCC;MCO;OK;11/03/2024;;E;C;T;;S4T;;;;;;;;;;;;;;;;
7553664;TERRITOIRE;FT 92036/292;7553664;;OR16;OR16;OR19;OR19;;OCC;MCO;OK;06/02/2024;;E;C;T;;U5T;;;;;;;;;;;;;;;;
7618878;TERRITOIRE;FT 93079/27;7618878;;OR16;OR16;OR19;OR19;;OCC;MCO;OK;19/02/2024;;E;C;T;;L6T;;;;;;;;;;;;;;;;
7651519;TERRITOIRE;FT 92078/236;7651519;;OR16;OR16;OR19;OR19;;OCC;MCO;OK;26/02/2024;;E;C;T;;U4T;;;;;;;;;;;;;;;;
7837449;TERRITOIRE;FT 92025/849;7837449;;OR16;OR16;OR19;OR19;;OCC;MCO;OK;04/04/2024;;E;C;I;;S4T;;;;;;;;;;;;;;;;
7605115;TERRITOIRE;FT 92025/1372;7605115;;OR16;OR16;OR19;OR19;;OCC;MCO;OK;14/02/2024;;E;C;T;;S3T;;;;;;;;;;;;;;;;
7616948;TERRITOIRE;FT 94033/1194;7616948;;OR16;OR16;OR19;OR19;;OCC;MCO;OK;16/02/2024;;E;C;T;;P1T;;;;;;;;;;;;;;;;
7861442;TERRITOIRE;FT 94081/580;7861442;;OR16;OR16;OR19;OR19;;OCC;MCO;OK;12/04/2024;;E;C;I;;L3T;;;;;;;;;;;;;;;;
7771196;TERRITOIRE;FT 92002/486;7771196;;OR16;OR16;OR19;OR19;;OCC;MCO;OK;20/03/2024;;E;C;T;;S3T;;;;;;;;;;;;;;;;
7652944;TERRITOIRE;FT 93013/239;7652944;;OR16;OR16;OR19;OR19;;OCC;MCO;OK;27/02/2024;;E;C;T;;OHN;;;;;;;;;;;;;;;;
7837453;TERRITOIRE;FT 92025/273;7837453;;OR16;OR16;OR19;OR19;;OCC;MCO;OK;04/04/2024;;E;C;I;;OHN;;;;;;;;;;;;;;;;
7522236;TERRITOIRE;FT 93010/686;7522236;;OR16;OR16;OR19;OR19;;OCC;MCO;OK;31/01/2024;;E;C;T;;S4T;;;;;;;;;;;;;;;;
7899870;TERRITOIRE;FT 78646/5845;7899870;;OR16;OR16;OR19;OR19;;OCC;MCO;OK;23/04/2024;;E;C;I;;L5T;;;;;;;;;;;;;;;;
7600652;TERRITOIRE;FT 92044/379;7600652;;OR16;OR16;OR19;OR19;;OCC;MCO;OK;13/02/2024;;E;C;T;;U4T;;;;;;;;;;;;;;;;
7827246;TERRITOIRE;FT 92046/592;7827246;;OR16;OR16;OR19;OR19;;OCC;MCO;OK;02/04/2024;;E;C;I;;S4T;;;;;;;;;;;;;;;;
7543025;TERRITOIRE;FT 93066/2163;7543025;;OR16;OR16;OR19;OR19;;OCC;MCO;OK;02/02/2024;;E;C;T;;S4T;;;;;;;;;;;;;;;;
7991397;TERRITOIRE;FT 93010/810;7991397;;OR16;OR16;OR19;OR19;;OCC;MCO;OK;13/05/2024;;E;C;I;;OHN;;;;;;;;;;;;;;;;
7859318;TERRITOIRE;FT 94068/742;7859318;;OR16;OR16;OR19;OR19;;OCC;MCO;OK;11/04/2024;;E;C;I;;OHN;;;;;;;;;;;;;;;;
7594896;TERRITOIRE;FT 94002/137;7594896;;OR16;OR16;OR19;OR19;;OCC;MCO;OK;13/02/2024;;E;C;T;;OHN;;;;;;;;;;;;;;;;
7638067;TERRITOIRE;FT 94033/770;7638067;;OR16;OR16;OR19;OR19;;OCC;MCO;OK;22/02/2024;;E;C;T;;S3T;;;;;;;;;;;;;;;;
7616000;TERRITOIRE;FT 93070/613;7616000;;OR16;OR16;OR19;OR19;;OCC;MCO;OK;16/02/2024;;E;C;T;;OHN;;;;;;;;;;;;;;;;
7798468;TERRITOIRE;FT 92020/235;7798468;;OR16;OR16;OR19;OR19;;OCC;MCO;OK;25/03/2024;;E;C;I;;L2T;;;;;;;;;;;;;;;;
7850313;TERRITOIRE;FT 94022/757;7850313;;OR16;OR16;OR19;OR19;;OCC;MCO;OK;08/04/2024;;E;C;I;;L4T;;;;;;;;;;;;;;;;
7991675;TERRITOIRE;FT 93077/141;7991675;;OR16;OR16;OR19;OR19;;OCC;MCO;OK;13/05/2024;;E;C;I;;OHN;;;;;;;;;;;;;;;;
7630073;TERRITOIRE;FT 93064/1659;7630073;;OR16;OR16;OR19;OR19;;OCC;MCO;OK;21/02/2024;;E;C;T;;OHN;;;;;;;;;;;;;;;;
7651517;TERRITOIRE;FT 92078/182;7651517;;OR16;OR16;OR19;OR19;;OCC;MCO;OK;26/02/2024;;E;C;T;;S3T;;;;;;;;;;;;;;;;
7630075;TERRITOIRE;FT 93064/1652;7630075;;OR16;OR16;OR19;OR19;;OCC;MCO;OK;21/02/2024;;E;C;T;;U5T;;;;;;;;;;;;;;;;
7620788;TERRITOIRE;FT 93006/128;7620788;;OR16;OR16;OR19;OR19;;OCC;MCO;OK;19/02/2024;;E;C;T;;OHN;;;;;;;;;;;;;;;;
7859348;TERRITOIRE;FT 94068/1328;7859348;;OR16;OR16;OR19;OR19;;OCC;MCO;OK;11/04/2024;;E;C;I;;S4T;;;;;;;;;;;;;;;;
7568653;TERRITOIRE;FT 94002/44;7568653;;OR16;OR16;OR19;OR19;;OCC;MCO;OK;08/02/2024;;E;C;T;;OHN;;;;;;;;;;;;;;;;
7553587;TERRITOIRE;FT 92036/282;7553587;;OR16;OR16;OR19;OR19;;OCC;MCO;OK;06/02/2024;;E;C;T;;OHN;;;;;;;;;;;;;;;;
7690239;TERRITOIRE;FT 93001/1470;7690239;;OR16;OR16;OR19;OR19;;OCC;MCO;OK;05/03/2024;;E;C;T;;OHN;;;;;;;;;;;;;;;;
7789195;TERRITOIRE;FT 93039/209;7789195;;OR16;OR16;OR19;OR19;;OCC;MCO;OK;22/03/2024;;E;C;I;;INC;;;;;;;;;;;;;;;;
7873588;TERRITOIRE;FT 94065/292;7873588;;OR16;OR16;OR19;OR19;;OCC;MCO;OK;16/04/2024;;E;C;I;;L4T;;;;;;;;;;;;;;;;
8118065;TERRITOIRE;FT 92036/853;8118065;;OR16;OR16;OR19;OR19;;OCC;MCO;OK;03/06/2024;;E;C;I;;U5T;;;;;;;;;;;;;;;;
7899888;TERRITOIRE;FT 78646/3383;7899888;;OR16;OR16;OR19;OR19;;OCC;MCO;OK;23/04/2024;;E;C;I;;OHN;;;;;;;;;;;;;;;;
7566398;TERRITOIRE;FT 93005/1862;7566398;;OR16;OR16;OR19;OR19;;OCC;MCO;OK;08/02/2024;;E;C;T;;L4T;;;;;;;;;;;;;;;;
7600635;TERRITOIRE;FT 92044/1024;7600635;;OR16;OR16;OR19;OR19;;OCC;MCO;OK;13/02/2024;;E;C;T;;S4T;;;;;;;;;;;;;;;;
7876838;TERRITOIRE;FT 92022/526;7876838;;OR16;OR16;OR19;OR19;;OCC;MCO;OK;17/04/2024;;E;C;I;;A2C;;;;;;;;;;;;;;;;
7795519;TERRITOIRE;FT 93048/1586;7795519;;OR16;OR16;OR19;OR19;;OCC;MCO;OK;25/03/2024;;E;C;I;;OHN;;;;;;;;;;;;;;;;
7883826;TERRITOIRE;FT 78646/819;7883826;;OR16;OR16;OR19;OR19;;OCC;MCO;OK;18/04/2024;;E;C;I;;OHN;;;;;;;;;;;;;;;;
7963514;TERRITOIRE;FT 94034/535;7963514;;OR16;OR16;OR19;OR19;;OCC;MCO;OK;06/05/2024;;E;C;I;;L2T;;;;;;;;;;;;;;;;
7902747;TERRITOIRE;FT 94080/1243;7902747;;OR16;OR16;OR19;OR19;;OCC;MCO;OK;23/04/2024;;E;C;I;;S3T;;;;;;;;;;;;;;;;
7607429;TERRITOIRE;FT 92026/295;7607429;;OR16;OR16;OR19;OR19;;OCC;MCO;OK;14/02/2024;;E;C;T;;S4T;;;;;;;;;;;;;;;;
7566406;TERRITOIRE;FT 93046/594;7566406;;OR16;OR16;OR19;OR19;;OCC;MCO;OK;08/02/2024;;E;C;T;;P3C;;;;;;;;;;;;;;;;
7899855;TERRITOIRE;FT 78646/5175;7899855;;OR16;OR16;OR19;OR19;;OCC;MCO;OK;23/04/2024;;E;C;I;;A2;;;;;;;;;;;;;;;;
7542740;TERRITOIRE;FT 92024/258;7542740;;OR16;OR16;OR19;OR19;;OCC;MCO;OK;02/02/2024;;E;C;T;;S4T;;;;;;;;;;;;;;;;
7798471;TERRITOIRE;FT 92020/237;7798471;;OR16;OR16;OR19;OR19;;OCC;MCO;OK;25/03/2024;;E;C;I;;U4T;;;;;;;;;;;;;;;;
7833269;TERRITOIRE;FT 94017/1911;7833269;;OR16;OR16;OR19;OR19;;OCC;MCO;OK;03/04/2024;;E;C;I;;OHN;;;;;;;;;;;;;;;;
7837811;TERRITOIRE;FT 92025/366;7837811;;OR16;OR16;OR19;OR19;;OCC;MCO;OK;04/04/2024;;E;C;I;;S3T;;;;;;;;;;;;;;;;
7568345;TERRITOIRE;FT 94015/485;7568345;;OR16;OR16;OR19;OR19;;OCC;MCO;OK;08/02/2024;;E;C;T;;L0T;;;;;;;;;;;;;;;;
7859202;TERRITOIRE;FT 94068/735;7859202;;OR16;OR16;OR19;OR19;;OCC;MCO;OK;11/04/2024;;E;C;I;;S4T;;;;;;;;;;;;;;;;
7991361;TERRITOIRE;FT 93077/236;7991361;;OR16;OR16;OR19;OR19;;OCC;MCO;OK;13/05/2024;;E;C;I;;L3T;;;;;;;;;;;;;;;;
7522229;TERRITOIRE;FT 93010/689;7522229;;OR16;OR16;OR19;OR19;;OCC;MCO;OK;31/01/2024;;E;C;T;;A2B;;;;;;;;;;;;;;;;
7798389;TERRITOIRE;FT 92020/300;7798389;;OR16;OR16;OR19;OR19;;OCC;MCO;OK;25/03/2024;;E;C;I;;S4T;;;;;;;;;;;;;;;;
7811848;TERRITOIRE;FT 94081/1252;7811848;;OR16;OR16;OR19;OR19;;OCC;MCO;OK;27/03/2024;;E;C;I;;L2T;;;;;;;;;;;;;;;;
2772146;HORS TERRITOIRE;CH2772146;2772146;;OR227;OR227;OR19;OR19;;OCC;MCO;OK;26/06/2019;;E;C;T;;L2T;;;;;;;;;;;;;;;;
7838115;TERRITOIRE;FT 92025/104;7838115;;OR16;OR16;OR19;OR19;;OCC;MCO;OK;04/04/2024;;E;C;I;;L2T;;;;;;;;;;;;;;;;
7620491;TERRITOIRE;FT 93048/50;7620491;;OR16;OR16;OR19;OR19;;OCC;MCO;OK;19/02/2024;;E;C;T;;S3T;;;;;;;;;;;;;;;;
7783075;TERRITOIRE;FT 92002/2835;7783075;;OR16;OR16;OR19;OR19;;OCC;MCO;OK;21/03/2024;;E;C;I;;S4T;;;;;;;;;;;;;;;;
7876794;TERRITOIRE;FT 92022/928;7876794;;OR16;OR16;OR19;OR19;;OCC;MCO;OK;17/04/2024;;E;C;I;;A2C;;;;;;;;;;;;;;;;
7602237;TERRITOIRE;FT 92050/1863;7602237;;OR16;OR16;OR19;OR19;;OCC;MCO;OK;14/02/2024;;E;C;T;;S5T;;;;;;;;;;;;;;;;
7615990;TERRITOIRE;FT 93070/638;7615990;;OR16;OR16;OR19;OR19;;OCC;MCO;OK;16/02/2024;;E;C;T;;OHN;;;;;;;;;;;;;;;;
7912694;TERRITOIRE;FT 94077/668;7912694;;OR16;OR16;OR19;OR19;;OCC;MCO;OK;24/04/2024;;E;C;I;;L4T;;;;;;;;;;;;;;;;
1345196;TERRITOIRE;FRANCE TELECOM 394;1345196;;;;OR19;OR19;;OCC;MCO;OK;04/10/2012;;E;C;T;;U5T;;;;;;;;;;;;;;;;
7991373;TERRITOIRE;FT 93077/999;7991373;;OR16;OR16;OR19;OR19;;OCC;MCO;OK;13/05/2024;;E;C;I;;A2;;;;;;;;;;;;;;;;
7698867;TERRITOIRE;FT 92032/536;7698867;;OR16;OR16;OR19;OR19;;OCC;MCO;OK;06/03/2024;;E;C;T;;L3T;;;;;;;;;;;;;;;;
7561585;TERRITOIRE;FT 93046/1037;7561585;;OR16;OR16;OR19;OR19;;OCC;MCO;OK;07/02/2024;;E;C;T;;A2B;;;;;;;;;;;;;;;;
7771187;TERRITOIRE;FT 91377/1390;7771187;;OR16;OR16;OR19;OR19;;OCC;MCO;OK;20/03/2024;;E;C;T;;OHN;;;;;;;;;;;;;;;;
7850270;TERRITOIRE;FT 94022/684;7850270;;OR16;OR16;OR19;OR19;;OCC;MCO;OK;08/04/2024;;E;C;I;;OHN;;;;;;;;;;;;;;;;
7798411;TERRITOIRE;FT 92023/1851;7798411;;OR16;OR16;OR19;OR19;;OCC;MCO;OK;25/03/2024;;E;C;I;;OHN;;;;;;;;;;;;;;;;
7838117;TERRITOIRE;FT 92009/495;7838117;;OR16;OR16;OR19;OR19;;OCC;MCO;OK;04/04/2024;;E;C;I;;V5T;;;;;;;;;;;;;;;;
7859272;TERRITOIRE;FT 94068/1221;7859272;;OR16;OR16;OR19;OR19;;OCC;MCO;OK;11/04/2024;;E;C;I;;OHN;;;;;;;;;;;;;;;;
7871358;TERRITOIRE;FT 94052/754;7871358;;OR16;OR16;OR19;OR19;;OCC;MCO;OK;16/04/2024;;E;C;I;;OHN;;;;;;;;;;;;;;;;
7783122;TERRITOIRE;FT 92014/380;7783122;;OR16;OR16;OR19;OR19;;OCC;MCO;OK;21/03/2024;;E;C;I;;S1T;;;;;;;;;;;;;;;;
7827217;TERRITOIRE;FT 92046/697;7827217;;OR16;OR16;OR19;OR19;;OCC;MCO;OK;02/04/2024;;E;C;I;;S4T;;;;;;;;;;;;;;;;
7651550;TERRITOIRE;FT 92036/1174;7651550;;OR16;OR16;OR19;OR19;;OCC;MCO;OK;26/02/2024;;E;C;T;;OHN;;;;;;;;;;;;;;;;
7991419;TERRITOIRE;FT 93010/274;7991419;;OR16;OR16;OR19;OR19;;OCC;MCO;OK;13/05/2024;;E;C;I;;OHN;;;;;;;;;;;;;;;;
7607418;TERRITOIRE;FT 92026/91;7607418;;OR16;OR16;OR19;OR19;;OCC;MCO;OK;14/02/2024;;E;C;T;;OHN;;;;;;;;;;;;;;;;
7991375;TERRITOIRE;FT 93077/680;7991375;;OR16;OR16;OR19;OR19;;OCC;MCO;OK;13/05/2024;;E;C;I;;OHN;;;;;;;;;;;;;;;;
7994559;TERRITOIRE;FT 93057/373;7994559;;OR16;OR16;OR19;OR19;;OCC;MCO;OK;13/05/2024;;E;C;I;;OHN;;;;;;;;;;;;;;;;
7859376;TERRITOIRE;FT 94068/2828;7859376;;OR16;OR16;OR19;OR19;;OCC;MCO;OK;11/04/2024;;E;C;I;;S3T;;;;;;;;;;;;;;;;
7811879;TERRITOIRE;FT 94081/168;7811879;;OR16;OR16;OR19;OR19;;OCC;MCO;OK;27/03/2024;;E;C;I;;L2T;;;;;;;;;;;;;;;;
7731195;TERRITOIRE;FT 94028/1040;7731195;;OR16;OR16;OR19;OR19;;OCC;MCO;OK;13/03/2024;;E;C;T;;L2T;;;;;;;;;;;;;;;;
7798469;TERRITOIRE;FT 92020/236;7798469;;OR16;OR16;OR19;OR19;;OCC;MCO;OK;25/03/2024;;E;C;I;;S3T;;;;;;;;;;;;;;;;
7912686;TERRITOIRE;FT 94077/296;7912686;;OR16;OR16;OR19;OR19;;OCC;MCO;OK;24/04/2024;;E;C;I;;L6T;;;;;;;;;;;;;;;;
7838118;TERRITOIRE;FT 92009/226;7838118;;OR16;OR16;OR19;OR19;;OCC;MCO;OK;04/04/2024;;E;C;I;;S3T;;;;;;;;;;;;;;;;
7811825;TERRITOIRE;FT 94054/759;7811825;;OR16;OR16;OR19;OR19;;OCC;MCO;OK;27/03/2024;;E;C;I;;L2T;;;;;;;;;;;;;;;;
7714598;TERRITOIRE;FT 92004/2129;7714598;;OR16;OR16;OR19;OR19;;OCC;MCO;OK;08/03/2024;;E;C;T;;S4T;;;;;;;;;;;;;;;;
7750388;TERRITOIRE;FT 94028/1939;7750388;;OR16;OR16;OR19;OR19;;OCC;MCO;OK;15/03/2024;;E;C;T;;M2T;;;;;;;;;;;;;;;;
7834234;TERRITOIRE;FT 94019/925;7834234;;OR16;OR16;OR19;OR19;;OCC;MCO;OK;03/04/2024;;E;C;I;;OHN;;;;;;;;;;;;;;;;
7688308;TERRITOIRE;FT 93001/1361;7688308;;OR16;OR16;OR19;OR19;;OCC;MCO;OK;05/03/2024;;E;C;T;;S4T;;;;;;;;;;;;;;;;
7926413;TERRITOIRE;FT 94038/51;7926413;;OR16;OR16;OR19;OR19;;OCC;MCO;OK;26/04/2024;;E;C;I;;L3T;;;;;;;;;;;;;;;;
7963541;TERRITOIRE;FT 94043/183;7963541;;OR16;OR16;OR19;OR19;;OCC;MCO;OK;06/05/2024;;E;C;I;;L2T;;;;;;;;;;;;;;;;
7912638;TERRITOIRE;FT 94077/1010;7912638;;OR16;OR16;OR19;OR19;;OCC;MCO;OK;24/04/2024;;E;C;I;;L3T;;;;;;;;;;;;;;;;
7901112;TERRITOIRE;FT 92025/1221;7901112;;OR16;OR16;OR19;OR19;;OCC;MCO;OK;23/04/2024;;E;C;I;;S4T;;;;;;;;;;;;;;;;
7837799;TERRITOIRE;FT 92025/288;7837799;;OR16;OR16;OR19;OR19;;OCC;MCO;OK;04/04/2024;;E;C;I;;L2T;;;;;;;;;;;;;;;;
7748468;TERRITOIRE;FT 93029/475;7748468;;OR16;OR16;OR19;OR19;;OCC;MCO;OK;04/03/2024;;E;C;T;;OHN;;;;;;;;;;;;;;;;
7837754;TERRITOIRE;FT 92025/1168;7837754;;OR16;OR16;OR19;OR19;;OCC;MCO;OK;04/04/2024;;E;C;I;;OHN;;;;;;;;;;;;;;;;
7899831;TERRITOIRE;FT 78646/2888;7899831;;OR16;OR16;OR19;OR19;;OCC;MCO;OK;23/04/2024;;E;C;I;;D3;;;;;;;;;;;;;;;;
7859261;TERRITOIRE;FT 94068/1247;7859261;;OR16;OR16;OR19;OR19;;OCC;MCO;OK;11/04/2024;;E;C;I;;OHN;;;;;;;;;;;;;;;;
8007037;TERRITOIRE;FT 94058/732;8007037;;OR16;OR16;OR19;OR19;;OCC;MCO;OK;15/05/2024;;E;C;I;;OHN;;;;;;;;;;;;;;;;
1802868;TERRITOIRE;CH1802868;1802868;;OR228;OR228;OR19;OR19;;OCC;MCO;OK;15/09/2016;;E;C;T;;L3T;;;;;;;;;;;;;;;;
7542748;TERRITOIRE;FT 92024/74;7542748;;OR16;OR16;OR19;OR19;;OCC;MCO;OK;02/02/2024;;E;C;T;;U6T;;;;;;;;;;;;;;;;
7798403;TERRITOIRE;FT 92020/6;7798403;;OR16;OR16;OR19;OR19;;OCC;MCO;OK;25/03/2024;;E;C;I;;L6T;;;;;;;;;;;;;;;;
7519690;TERRITOIRE;FT 94033/370;7519690;;OR16;OR16;OR19;OR19;;OCC;MCO;OK;31/01/2024;;E;C;T;;OHN;;;;;;;;;;;;;;;;
7570867;TERRITOIRE;FT 94017/378;7570867;;OR16;OR16;OR19;OR19;;OCC;MCO;OK;09/02/2024;;E;C;T;;OHN;;;;;;;;;;;;;;;;
7826566;TERRITOIRE;FT 92046/782;7826566;;OR16;OR16;OR19;OR19;;OCC;MCO;OK;02/04/2024;;E;C;I;;S3T;;;;;;;;;;;;;;;;
7630157;TERRITOIRE;FT 93064/1383;7630157;;OR16;OR16;OR19;OR19;;OCC;MCO;OK;21/02/2024;;E;C;T;;OHN;;;;;;;;;;;;;;;;
7837780;TERRITOIRE;FT 92025/1329;7837780;;OR16;OR16;OR19;OR19;;OCC;MCO;OK;04/04/2024;;E;C;I;;S4T;;;;;;;;;;;;;;;;
7654723;TERRITOIRE;FT 93013/311;7654723;;OR16;OR16;OR19;OR19;;OCC;MCO;OK;27/02/2024;;E;C;T;;OHN;;;;;;;;;;;;;;;;
7991033;TERRITOIRE;FT 93057/710;7991033;;OR16;OR16;OR19;OR19;;OCC;MCO;OK;13/05/2024;;E;C;I;;OHN;;;;;;;;;;;;;;;;
7850282;TERRITOIRE;FT 94022/711;7850282;;OR16;OR16;OR19;OR19;;OCC;MCO;OK;08/04/2024;;E;C;I;;OHN;;;;;;;;;;;;;;;;
7837788;TERRITOIRE;FT 92025/1036;7837788;;OR16;OR16;OR19;OR19;;OCC;MCO;OK;04/04/2024;;E;C;I;;S3T;;;;;;;;;;;;;;;;
7883269;TERRITOIRE;FT 92050/212;7883269;;OR16;OR16;OR19;OR19;;OCC;MCO;OK;18/04/2024;;E;C;I;;OHN;;;;;;;;;;;;;;;;
7672654;TERRITOIRE;FT 93066/859;7672654;;OR16;OR16;OR19;OR19;;OCC;MCO;OK;29/02/2024;;E;C;T;;L4T;;;;;;;;;;;;;;;;
7594919;TERRITOIRE;FT 94002/237;7594919;;OR16;OR16;OR19;OR19;;OCC;MCO;OK;13/02/2024;;E;C;T;;OHN;;;;;;;;;;;;;;;;
7783121;TERRITOIRE;FT 92014/606;7783121;;OR16;OR16;OR19;OR19;;OCC;MCO;OK;21/03/2024;;E;C;I;;S4T;;;;;;;;;;;;;;;;
7899850;TERRITOIRE;FT 78646/4871;7899850;;OR16;OR16;OR19;OR19;;OCC;MCO;OK;23/04/2024;;E;C;I;;OHN;;;;;;;;;;;;;;;;
7542717;TERRITOIRE;FT 92024/63;7542717;;OR16;OR16;OR19;OR19;;OCC;MCO;OK;02/02/2024;;E;C;T;;S4T;;;;;;;;;;;;;;;;
7991398;TERRITOIRE;FT 93077/22;7991398;;OR16;OR16;OR19;OR19;;OCC;MCO;OK;13/05/2024;;E;C;I;;A2B;;;;;;;;;;;;;;;;
7718070;TERRITOIRE;FT 94016/167;7718070;;OR16;OR16;OR19;OR19;;OCC;MCO;OK;11/03/2024;;E;C;T;;L0T;;;;;;;;;;;;;;;;
7803189;TERRITOIRE;FT 92020/68;7803189;;OR16;OR16;OR19;OR19;;OCC;MCO;OK;26/03/2024;;E;C;I;;OHN;;;;;;;;;;;;;;;;
7692478;TERRITOIRE;FT 92007/533;7692478;;OR16;OR16;OR19;OR19;;OCC;MCO;OK;05/03/2024;;E;C;T;;L3T;;;;;;;;;;;;;;;;
7847985;TERRITOIRE;FT 93064/3;7847985;;OR16;OR16;OR19;OR19;;OCC;MCO;OK;07/04/2024;;E;C;I;;S4T;;;;;;;;;;;;;;;;
7561590;TERRITOIRE;FT 93046/1170;7561590;;OR16;OR16;OR19;OR19;;OCC;MCO;OK;07/02/2024;;E;C;T;;A2T;;;;;;;;;;;;;;;;
7991689;TERRITOIRE;FT 93010/319;7991689;;OR16;OR16;OR19;OR19;;OCC;MCO;OK;13/05/2024;;E;C;I;;OHN;;;;;;;;;;;;;;;;
7695999;TERRITOIRE;FT 93027/1371;7695999;;OR16;OR16;OR19;OR19;;OCC;MCO;OK;06/03/2024;;E;C;T;;OHN;;;;;;;;;;;;;;;;
1397443;TERRITOIRE;MH1397443;1397443;;OR228;OR228;OR19;OR19;;OCC;MCO;OK;13/04/2015;;E;C;T;;HC;;;;;;;;;;;;;;;;
7811868;TERRITOIRE;FT 94081/1203;7811868;;OR16;OR16;OR19;OR19;;OCC;MCO;OK;27/03/2024;;E;C;I;;L3T;;;;;;;;;;;;;;;;
7643196;TERRITOIRE;FT 93007/451;7643196;;OR16;OR16;OR19;OR19;;OCC;MCO;OK;23/02/2024;;E;C;T;;B1;;;;;;;;;;;;;;;;
7603509;TERRITOIRE;FT 92025/38;7603509;;OR16;OR16;OR19;OR19;;OCC;MCO;OK;14/02/2024;;E;C;T;;L6T;;;;;;;;;;;;;;;;
7877139;TERRITOIRE;FT 92012/1456;7877139;;OR16;OR16;OR19;OR19;;OCC;MCO;OK;17/04/2024;;E;C;I;;V5T;;;;;;;;;;;;;;;;
7906556;TERRITOIRE;FT 92051/225;7906556;;OR16;OR16;OR19;OR19;;OCC;MCO;OK;23/04/2024;;E;C;I;;S3T;;;;;;;;;;;;;;;;
8005120;TERRITOIRE;FT 94015/116;8005120;;OR16;OR16;OR19;OR19;;OCC;MCO;OK;15/05/2024;;E;C;I;;V7T;;;;;;;;;;;;;;;;
7783125;TERRITOIRE;FT 92014/384;7783125;;OR16;OR16;OR19;OR19;;OCC;MCO;OK;21/03/2024;;E;C;I;;S4T;;;;;;;;;;;;;;;;
7783064;TERRITOIRE;FT 92002/2564;7783064;;OR16;OR16;OR19;OR19;;OCC;MCO;OK;21/03/2024;;E;C;I;;S3T;;;;;;;;;;;;;;;;
7838389;TERRITOIRE;FT 92009/883;7838389;;OR16;OR16;OR19;OR19;;OCC;MCO;OK;04/04/2024;;E;C;I;;S3T;;;;;;;;;;;;;;;;
7568652;TERRITOIRE;FT 94002/42;7568652;;OR16;OR16;OR19;OR19;;OCC;MCO;OK;08/02/2024;;E;C;T;;L5T;;;;;;;;;;;;;;;;
7519695;TERRITOIRE;FT 94033/366;7519695;;OR16;OR16;OR19;OR19;;OCC;MCO;OK;31/01/2024;;E;C;T;;S4T;;;;;;;;;;;;;;;;
7593513;TERRITOIRE;FT 94002/453;7593513;;OR16;OR16;OR19;OR19;;OCC;MCO;OK;13/02/2024;;E;C;T;;S6T;;;;;;;;;;;;;;;;
7771197;TERRITOIRE;FT 92002/489;7771197;;OR16;OR16;OR19;OR19;;OCC;MCO;OK;20/03/2024;;E;C;T;;L4T;;;;;;;;;;;;;;;;
7838098;TERRITOIRE;FT 92025/369;7838098;;OR16;OR16;OR19;OR19;;OCC;MCO;OK;04/04/2024;;E;C;I;;S3T;;;;;;;;;;;;;;;;
7912693;TERRITOIRE;FT 94077/574;7912693;;OR16;OR16;OR19;OR19;;OCC;MCO;OK;24/04/2024;;E;C;I;;L2T;;;;;;;;;;;;;;;;
7776998;TERRITOIRE;FT 92002/637;7776998;;OR16;OR16;OR19;OR19;;OCC;MCO;OK;20/03/2024;;E;C;T;;S3T;;;;;;;;;;;;;;;;
7761917;TERRITOIRE;FT 92004/40;7761917;;OR16;OR16;OR19;OR19;;OCC;MCO;OK;18/03/2024;;E;C;T;;OHN;;;;;;;;;;;;;;;;
7553662;TERRITOIRE;FT 92036/83;7553662;;OR16;OR16;OR19;OR19;;OCC;MCO;OK;06/02/2024;;E;C;T;;S4T;;;;;;;;;;;;;;;;
7811875;TERRITOIRE;FT 94081/171;7811875;;OR16;OR16;OR19;OR19;;OCC;MCO;OK;27/03/2024;;E;C;I;;L4T;;;;;;;;;;;;;;;;
7553613;TERRITOIRE;FT 92036/974;7553613;;OR16;OR16;OR19;OR19;;OCC;MCO;OK;06/02/2024;;E;C;T;;L2T;;;;;;;;;;;;;;;;
7883845;TERRITOIRE;FT 78646/823;7883845;;OR16;OR16;OR19;OR19;;OCC;MCO;OK;18/04/2024;;E;C;I;;OHN;;;;;;;;;;;;;;;;
7861486;TERRITOIRE;FT 94081/396;7861486;;OR16;OR16;OR19;OR19;;OCC;MCO;OK;12/04/2024;;E;C;I;;L3T;;;;;;;;;;;;;;;;
7568327;TERRITOIRE;FT 94015/751;7568327;;OR16;OR16;OR19;OR19;;OCC;MCO;OK;08/02/2024;;E;C;T;;L4T;;;;;;;;;;;;;;;;
7838122;TERRITOIRE;FT 92009/546;7838122;;OR16;OR16;OR19;OR19;;OCC;MCO;OK;04/04/2024;;E;C;I;;L2T;;;;;;;;;;;;;;;;
7572159;TERRITOIRE;FT 94046/980;7572159;;OR16;OR16;OR19;OR19;;OCC;MCO;OK;09/02/2024;;E;C;T;;L0T;;;;;;;;;;;;;;;;
7508153;TERRITOIRE;FT 93059/182;7508153;;OR16;OR16;OR19;OR19;;OCC;MCO;OK;30/01/2024;;E;C;T;;OHN;;;;;;;;;;;;;;;;
7600630;TERRITOIRE;FT 92044/193;7600630;;OR16;OR16;OR19;OR19;;OCC;MCO;OK;13/02/2024;;E;C;T;;S3T;;;;;;;;;;;;;;;;
7605108;TERRITOIRE;FT 92025/2735;7605108;;OR16;OR16;OR19;OR19;;OCC;MCO;OK;14/02/2024;;E;C;T;;L2T;;;;;;;;;;;;;;;;
7883528;TERRITOIRE;FT 78646/806;7883528;;OR16;OR16;OR19;OR19;;OCC;MCO;OK;18/04/2024;;E;C;I;;A2;;;;;;;;;;;;;;;;
7594876;TERRITOIRE;FT 94002/271;7594876;;OR16;OR16;OR19;OR19;;OCC;MCO;OK;13/02/2024;;E;C;T;;OHN;;;;;;;;;;;;;;;;
7594905;TERRITOIRE;FT 94002/859;7594905;;OR16;OR16;OR19;OR19;;OCC;MCO;OK;13/02/2024;;E;C;T;;S5T;;;;;;;;;;;;;;;;
7948831;TERRITOIRE;FT 94080/106;7948831;;OR16;OR16;OR19;OR19;;OCC;MCO;OK;02/05/2024;;E;C;I;;S4T;;;;;;;;;;;;;;;;
7645426;TERRITOIRE;FT 93008/265;7645426;;OR16;OR16;OR19;OR19;;OCC;MCO;OK;23/02/2024;;E;C;T;;L2T;;;;;;;;;;;;;;;;
7568626;TERRITOIRE;FT 94002/528;7568626;;OR16;OR16;OR19;OR19;;OCC;MCO;OK;08/02/2024;;E;C;T;;OHN;;;;;;;;;;;;;;;;
7876788;TERRITOIRE;FT 92022/889;7876788;;OR16;OR16;OR19;OR19;;OCC;MCO;OK;17/04/2024;;E;C;I;;A2;;;;;;;;;;;;;;;;
7714631;TERRITOIRE;FT 92004/971;7714631;;OR16;OR16;OR19;OR19;;OCC;MCO;OK;08/03/2024;;E;C;T;;S3T;;;;;;;;;;;;;;;;
7847999;TERRITOIRE;FT 94067/284;7847999;;OR16;OR16;OR19;OR19;;OCC;MCO;OK;07/04/2024;;E;C;I;;OHN;;;;;;;;;;;;;;;;
7800337;TERRITOIRE;FT 92075/555;7800337;;OR16;OR16;OR19;OR19;;OCC;MCO;OK;26/03/2024;;E;C;I;;L2T;;;;;;;;;;;;;;;;
7859246;TERRITOIRE;FT 94068/789;7859246;;OR16;OR16;OR19;OR19;;OCC;MCO;OK;11/04/2024;;E;C;I;;OHN;;;;;;;;;;;;;;;;
7605746;TERRITOIRE;FT 92025/181;7605746;;OR16;OR16;OR19;OR19;;OCC;MCO;OK;14/02/2024;;E;C;T;;OHN;;;;;;;;;;;;;;;;
7991386;TERRITOIRE;FT 93077/655;7991386;;OR16;OR16;OR19;OR19;;OCC;MCO;OK;13/05/2024;;E;C;I;;OHN;;;;;;;;;;;;;;;;
7876836;TERRITOIRE;FT 92022/430;7876836;;OR16;OR16;OR19;OR19;;OCC;MCO;OK;17/04/2024;;E;C;I;;L0T;;;;;;;;;;;;;;;;
7651564;TERRITOIRE;FT 92036/1303;7651564;;OR16;OR16;OR19;OR19;;OCC;MCO;OK;26/02/2024;;E;C;T;;L2T;;;;;;;;;;;;;;;;
7530234;TERRITOIRE;FT 93072/47;7530234;;OR16;OR16;OR19;OR19;;OCC;MCO;OK;01/02/2024;;E;C;T;;L2T;;;;;;;;;;;;;;;;
7605116;TERRITOIRE;FT 92025/1938;7605116;;OR16;OR16;OR19;OR19;;OCC;MCO;OK;14/02/2024;;E;C;T;;OHN;;;;;;;;;;;;;;;;
7991679;TERRITOIRE;FT 93077/358;7991679;;OR16;OR16;OR19;OR19;;OCC;MCO;OK;13/05/2024;;E;C;I;;A2;;;;;;;;;;;;;;;;
7516799;TERRITOIRE;FT 94033/478;7516799;;OR16;OR16;OR19;OR19;;OCC;MCO;OK;31/01/2024;;E;C;T;;OHN;;;;;;;;;;;;;;;;
7616012;TERRITOIRE;FT 93048/2697;7616012;;OR16;OR16;OR19;OR19;;OCC;MCO;OK;16/02/2024;;E;C;T;;OHN;;;;;;;;;;;;;;;;
7948816;TERRITOIRE;FT 94080/44;7948816;;OR16;OR16;OR19;OR19;;OCC;MCO;OK;02/05/2024;;E;C;I;;U5T;;;;;;;;;;;;;;;;
7519686;TERRITOIRE;FT 94033/765;7519686;;OR16;OR16;OR19;OR19;;OCC;MCO;OK;31/01/2024;;E;C;T;;OHN;;;;;;;;;;;;;;;;
7761344;TERRITOIRE;FT 93057/443;7761344;;OR16;OR16;OR19;OR19;;OCC;MCO;OK;18/03/2024;;E;C;T;;OHN;;;;;;;;;;;;;;;;
7607476;TERRITOIRE;FT 92026/956;7607476;;OR16;OR16;OR19;OR19;;OCC;MCO;OK;14/02/2024;;E;C;T;;S3T;;;;;;;;;;;;;;;;
7883257;TERRITOIRE;FT 92050/518;7883257;;OR16;OR16;OR19;OR19;;OCC;MCO;OK;18/04/2024;;E;C;I;;S4T;;;;;;;;;;;;;;;;
7607384;TERRITOIRE;FT 92026/211;7607384;;OR16;OR16;OR19;OR19;;OCC;MCO;OK;14/02/2024;;E;C;T;;L2T;;;;;;;;;;;;;;;;
7609955;TERRITOIRE;FT 92004/385;7609955;;OR16;OR16;OR19;OR19;;OCC;MCO;OK;15/02/2024;;E;C;T;;U4T;;;;;;;;;;;;;;;;
7568628;TERRITOIRE;FT 94046/90;7568628;;OR16;OR16;OR19;OR19;;OCC;MCO;OK;08/02/2024;;E;C;T;;S4T;;;;;;;;;;;;;;;;
7654708;TERRITOIRE;FT 93013/201;7654708;;OR16;OR16;OR19;OR19;;OCC;MCO;OK;27/02/2024;;E;C;T;;OHN;;;;;;;;;;;;;;;;
7646404;TERRITOIRE;FT 93007/1870;7646404;;OR16;OR16;OR19;OR19;;OCC;MCO;OK;23/02/2024;;E;C;T;;OHN;;;;;;;;;;;;;;;;
7926415;TERRITOIRE;FT 94038/135;7926415;;OR16;OR16;OR19;OR19;;OCC;MCO;OK;26/04/2024;;E;C;I;;OHN;;;;;;;;;;;;;;;;
7649274;TERRITOIRE;FT 92078/170;7649274;;OR16;OR16;OR19;OR19;;OCC;MCO;OK;26/02/2024;;E;C;T;;S3T;;;;;;;;;;;;;;;;
7847997;TERRITOIRE;FT 94067/285;7847997;;OR16;OR16;OR19;OR19;;OCC;MCO;OK;07/04/2024;;E;C;I;;OHN;;;;;;;;;;;;;;;;
7643198;TERRITOIRE;FT 93007/450;7643198;;OR16;OR16;OR19;OR19;;OCC;MCO;OK;23/02/2024;;E;C;T;;A2;;;;;;;;;;;;;;;;
7654758;TERRITOIRE;FT 93007/952;7654758;;OR16;OR16;OR19;OR19;;OCC;MCO;OK;27/02/2024;;E;C;T;;OHN;;;;;;;;;;;;;;;;
7991056;TERRITOIRE;FT 93057/715;7991056;;OR16;OR16;OR19;OR19;;OCC;MCO;OK;13/05/2024;;E;C;I;;OHN;;;;;;;;;;;;;;;;
7763185;TERRITOIRE;FT 92036/830;7763185;;OR16;OR16;OR19;OR19;;OCC;MCO;OK;18/03/2024;;E;C;T;;S4T;;;;;;;;;;;;;;;;
7912728;TERRITOIRE;FT 94077/929;7912728;;OR16;OR16;OR19;OR19;;OCC;MCO;OK;24/04/2024;;E;C;I;;L4T;;;;;;;;;;;;;;;;
7819864;TERRITOIRE;FT 94081/1487;7819864;;OR16;OR16;OR19;OR19;;OCC;MCO;OK;28/03/2024;;E;C;I;;L2T;;;;;;;;;;;;;;;;
7883261;TERRITOIRE;FT 92050/847;7883261;;OR16;OR16;OR19;OR19;;OCC;MCO;OK;18/04/2024;;E;C;I;;S3T;;;;;;;;;;;;;;;;
7873594;TERRITOIRE;FT 94065/202;7873594;;OR16;OR16;OR19;OR19;;OCC;MCO;OK;16/04/2024;;E;C;I;;L2T;;;;;;;;;;;;;;;;
7883186;TERRITOIRE;FT 92012/477;7883186;;OR16;OR16;OR19;OR19;;OCC;MCO;OK;18/04/2024;;E;C;I;;L3T;;;;;;;;;;;;;;;;
7600647;TERRITOIRE;FT 92044/1023;7600647;;OR16;OR16;OR19;OR19;;OCC;MCO;OK;13/02/2024;;E;C;T;;S4T;;;;;;;;;;;;;;;;
7714625;TERRITOIRE;FT 92004/536;7714625;;OR16;OR16;OR19;OR19;;OCC;MCO;OK;08/03/2024;;E;C;T;;U4T;;;;;;;;;;;;;;;;
7553612;TERRITOIRE;FT 92036/964;7553612;;OR16;OR16;OR19;OR19;;OCC;MCO;OK;06/02/2024;;E;C;T;;S3T;;;;;;;;;;;;;;;;
7749432;TERRITOIRE;FT 94069/111;7749432;;OR16;OR16;OR19;OR19;;OCC;MCO;OK;15/03/2024;;E;C;T;;L3T;;;;;;;;;;;;;;;;
7694077;TERRITOIRE;FT 92007/819;7694077;;OR16;OR16;OR19;OR19;;OCC;MCO;OK;06/03/2024;;E;C;T;;OHN;;;;;;;;;;;;;;;;
7830101;TERRITOIRE;FT 92019/21;7830101;;OR16;OR16;OR19;OR19;;OCC;MCO;OK;02/04/2024;;E;C;I;;L2T;;;;;;;;;;;;;;;;
7593515;TERRITOIRE;FT 94002/410;7593515;;OR16;OR16;OR19;OR19;;OCC;MCO;OK;13/02/2024;;E;C;T;;L4T;;;;;;;;;;;;;;;;
7597745;TERRITOIRE;FT 94017/2366;7597745;;OR16;OR16;OR19;OR19;;OCC;MCO;OK;13/02/2024;;E;C;T;;S4T;;;;;;;;;;;;;;;;
7609909;TERRITOIRE;FT 92004/109;7609909;;OR16;OR16;OR19;OR19;;OCC;MCO;OK;15/02/2024;;E;C;T;;S4T;;;;;;;;;;;;;;;;
7554240;TERRITOIRE;FT 92078/257;7554240;;OR16;OR16;OR19;OR19;;OCC;MCO;OK;06/02/2024;;E;C;T;;K3C;;;;;;;;;;;;;;;;
7833272;TERRITOIRE;FT 94017/1922;7833272;;OR16;OR16;OR19;OR19;;OCC;MCO;OK;03/04/2024;;E;C;I;;OHN;;;;;;;;;;;;;;;;
7789193;TERRITOIRE;FT 93039/160;7789193;;OR16;OR16;OR19;OR19;;OCC;MCO;OK;22/03/2024;;E;C;I;;OHN;;;;;;;;;;;;;;;;
7783093;TERRITOIRE;FT 92002/2264;7783093;;OR16;OR16;OR19;OR19;;OCC;MCO;OK;21/03/2024;;E;C;I;;S3T;;;;;;;;;;;;;;;;
7859280;TERRITOIRE;FT 94068/614;7859280;;OR16;OR16;OR19;OR19;;OCC;MCO;OK;11/04/2024;;E;C;I;;OHN;;;;;;;;;;;;;;;;
7800331;TERRITOIRE;FT 92075/185;7800331;;OR16;OR16;OR19;OR19;;OCC;MCO;OK;26/03/2024;;E;C;I;;S3T;;;;;;;;;;;;;;;;
7645115;TERRITOIRE;FT 93008/1457;7645115;;OR16;OR16;OR19;OR19;;OCC;MCO;OK;23/02/2024;;E;C;T;;OHN;;;;;;;;;;;;;;;;
7991448;TERRITOIRE;FT 93077/171;7991448;;OR16;OR16;OR19;OR19;;OCC;MCO;OK;13/05/2024;;E;C;I;;OHN;;;;;;;;;;;;;;;;
7838132;TERRITOIRE;FT 92009/291;7838132;;OR16;OR16;OR19;OR19;;OCC;MCO;OK;04/04/2024;;E;C;I;;L3T;;;;;;;;;;;;;;;;
7850308;TERRITOIRE;FT 94022/846;7850308;;OR16;OR16;OR19;OR19;;OCC;MCO;OK;08/04/2024;;E;C;I;;L4T;;;;;;;;;;;;;;;;
7694393;TERRITOIRE;FT 93013/92;7694393;;OR16;OR16;OR19;OR19;;OCC;MCO;OK;06/03/2024;;E;C;T;;OHN;;;;;;;;;;;;;;;;
7714605;TERRITOIRE;FT 92004/46;7714605;;OR16;OR16;OR19;OR19;;OCC;MCO;OK;08/03/2024;;E;C;T;;OHN;;;;;;;;;;;;;;;;
7616947;TERRITOIRE;FT 94033/1254;7616947;;OR16;OR16;OR19;OR19;;OCC;MCO;OK;16/02/2024;;E;C;T;;OHN;;;;;;;;;;;;;;;;
7912690;TERRITOIRE;FT 94077/588;7912690;;OR16;OR16;OR19;OR19;;OCC;MCO;OK;24/04/2024;;E;C;I;;L5T;;;;;;;;;;;;;;;;
7991677;TERRITOIRE;FT 93077/140;7991677;;OR16;OR16;OR19;OR19;;OCC;MCO;OK;13/05/2024;;E;C;I;;OHN;;;;;;;;;;;;;;;;
7679680;TERRITOIRE;FT 93008/1395;7679680;;OR16;OR16;OR19;OR19;;OCC;MCO;OK;04/03/2024;;E;C;T;;S3T;;;;;;;;;;;;;;;;
7855700;TERRITOIRE;FT 92060/302;7855700;;OR16;OR16;OR19;OR19;;OCC;MCO;OK;10/04/2024;;E;C;I;;L5T;;;;;;;;;;;;;;;;
7553645;TERRITOIRE;FT 92036/953;7553645;;OR16;OR16;OR19;OR19;;OCC;MCO;OK;06/02/2024;;E;C;T;;L2T;;;;;;;;;;;;;;;;
7861459;TERRITOIRE;FT 94076/1669;7861459;;OR16;OR16;OR19;OR19;;OCC;MCO;OK;12/04/2024;;E;C;I;;L3T;;;;;;;;;;;;;;;;
7782735;TERRITOIRE;FT 92002/1838;7782735;;OR16;OR16;OR19;OR19;;OCC;MCO;OK;21/03/2024;;E;C;I;;S3T;;;;;;;;;;;;;;;;
7568331;TERRITOIRE;FT 94015/738;7568331;;OR16;OR16;OR19;OR19;;OCC;MCO;OK;08/02/2024;;E;C;T;;OHN;;;;;;;;;;;;;;;;
7630190;TERRITOIRE;FT 93064/1660;7630190;;OR16;OR16;OR19;OR19;;OCC;MCO;OK;21/02/2024;;E;C;T;;OHN;;;;;;;;;;;;;;;;
8133746;TERRITOIRE;FT 93005/2227;8133746;;OR16;OR16;OR19;OR19;;OCC;MCO;OK;08/02/2024;;E;C;I;;OHN;;;;;;;;;;;;;;;;
7516800;TERRITOIRE;FT 94033/762;7516800;;OR16;OR16;OR19;OR19;;OCC;MCO;OK;31/01/2024;;E;C;T;;OHN;;;;;;;;;;;;;;;;
7694398;TERRITOIRE;FT 93027/774;7694398;;OR16;OR16;OR19;OR19;;OCC;MCO;OK;06/03/2024;;E;C;T;;S4T;;;;;;;;;;;;;;;;
7855716;TERRITOIRE;FT 92060/491;7855716;;OR16;OR16;OR19;OR19;;OCC;MCO;OK;10/04/2024;;E;C;I;;L2T;;;;;;;;;;;;;;;;
7530567;TERRITOIRE;FT 93077/135;7530567;;OR16;OR16;OR19;OR19;;OCC;MCO;OK;01/02/2024;;E;C;T;;A2;;;;;;;;;;;;;;;;
7795244;TERRITOIRE;FT 93048/1707;7795244;;OR16;OR16;OR19;OR19;;OCC;MCO;OK;25/03/2024;;E;C;I;;OHN;;;;;;;;;;;;;;;;
7607390;TERRITOIRE;FT 92026/248;7607390;;OR16;OR16;OR19;OR19;;OCC;MCO;OK;14/02/2024;;E;C;T;;OHN;;;;;;;;;;;;;;;;
7519719;TERRITOIRE;FT 94033/499;7519719;;OR16;OR16;OR19;OR19;;OCC;MCO;OK;31/01/2024;;E;C;T;;S3T;;;;;;;;;;;;;;;;
7600637;TERRITOIRE;FT 92044/25;7600637;;OR16;OR16;OR19;OR19;;OCC;MCO;OK;13/02/2024;;E;C;T;;OHN;;;;;;;;;;;;;;;;
7672632;TERRITOIRE;FT 93039/170;7672632;;OR16;OR16;OR19;OR19;;OCC;MCO;OK;29/02/2024;;E;C;T;;S5T;;;;;;;;;;;;;;;;
7593518;TERRITOIRE;FT 94002/818;7593518;;OR16;OR16;OR19;OR19;;OCC;MCO;OK;13/02/2024;;E;C;T;;OHN;;;;;;;;;;;;;;;;
7800343;TERRITOIRE;FT 92075/281;7800343;;OR16;OR16;OR19;OR19;;OCC;MCO;OK;26/03/2024;;E;C;I;;S4T;;;;;;;;;;;;;;;;
7655026;TERRITOIRE;FT 93027/1533;7655026;;OR16;OR16;OR19;OR19;;OCC;MCO;OK;27/02/2024;;E;C;T;;L2T;;;;;;;;;;;;;;;;
7694066;TERRITOIRE;FT 92007/749;7694066;;OR16;OR16;OR19;OR19;;OCC;MCO;OK;06/03/2024;;E;C;T;;S3T;;;;;;;;;;;;;;;;
7837429;TERRITOIRE;FT 92025/124;7837429;;OR16;OR16;OR19;OR19;;OCC;MCO;OK;04/04/2024;;E;C;I;;S3T;;;;;;;;;;;;;;;;
7609929;TERRITOIRE;FT 92026/1000;7609929;;OR16;OR16;OR19;OR19;;OCC;MCO;OK;15/02/2024;;E;C;T;;S4T;;;;;;;;;;;;;;;;
7819829;TERRITOIRE;FT 94041/838;7819829;;OR16;OR16;OR19;OR19;;OCC;MCO;OK;28/03/2024;;E;C;I;;L3T;;;;;;;;;;;;;;;;
7565750;TERRITOIRE;FT 93051/2155;7565750;;OR16;OR16;OR19;OR19;;OCC;MCO;OK;08/02/2024;;E;C;T;;OHN;;;;;;;;;;;;;;;;
7600627;TERRITOIRE;FT 92044/195;7600627;;OR16;OR16;OR19;OR19;;OCC;MCO;OK;13/02/2024;;E;C;T;;S3T;;;;;;;;;;;;;;;;
7683540;TERRITOIRE;FT 93029/1170;7683540;;OR16;OR16;OR19;OR19;;OCC;MCO;OK;04/03/2024;;E;C;T;;S3T;;;;;;;;;;;;;;;;
7635207;TERRITOIRE;FT 93072/1014;7635207;;OR16;OR16;OR19;OR19;;OCC;MCO;OK;22/02/2024;;E;C;T;;OHN;;;;;;;;;;;;;;;;
7796790;TERRITOIRE;FT 92023/2389;7796790;;OR16;OR16;OR19;OR19;;OCC;MCO;OK;25/03/2024;;E;C;I;;L3T;;;;;;;;;;;;;;;;
7672309;TERRITOIRE;FT 93029/196;7672309;;OR16;OR16;OR19;OR19;;OCC;MCO;OK;29/02/2024;;E;C;T;;L1T;;;;;;;;;;;;;;;;
7761592;TERRITOIRE;FT 93010/438;7761592;;OR16;OR16;OR19;OR19;;OCC;MCO;OK;18/03/2024;;E;C;T;;A2B;;;;;;;;;;;;;;;;
7905588;TERRITOIRE;FT 92051/108;7905588;;OR16;OR16;OR19;OR19;;OCC;MCO;OK;23/04/2024;;E;C;I;;OHN;;;;;;;;;;;;;;;;
8000316;TERRITOIRE;FT 94033/1368;8000316;;OR16;OR16;OR19;OR19;;OCC;MCO;OK;15/05/2024;;E;C;I;;L6T;;;;;;;;;;;;;;;;
7568333;TERRITOIRE;FT 94015/747;7568333;;OR16;OR16;OR19;OR19;;OCC;MCO;OK;08/02/2024;;E;C;T;;S6T;;;;;;;;;;;;;;;;
7651582;TERRITOIRE;FT 92036/1240;7651582;;OR16;OR16;OR19;OR19;;OCC;MCO;OK;26/02/2024;;E;C;T;;OHN;;;;;;;;;;;;;;;;
7632306;TERRITOIRE;FT 93064/45;7632306;;OR16;OR16;OR19;OR19;;OCC;MCO;OK;21/02/2024;;E;C;T;;OHN;;;;;;;;;;;;;;;;
7912719;TERRITOIRE;FT 94077/601;7912719;;OR16;OR16;OR19;OR19;;OCC;MCO;OK;24/04/2024;;E;C;I;;K2C;;;;;;;;;;;;;;;;
7876805;TERRITOIRE;FT 78640/1667;7876805;;OR16;OR16;OR19;OR19;;OCC;MCO;OK;17/04/2024;;E;C;I;;OHN;;;;;;;;;;;;;;;;
7783039;TERRITOIRE;FT 92002/1876;7783039;;OR16;OR16;OR19;OR19;;OCC;MCO;OK;21/03/2024;;E;C;I;;L2T;;;;;;;;;;;;;;;;
7654754;TERRITOIRE;FT 93007/946;7654754;;OR16;OR16;OR19;OR19;;OCC;MCO;OK;27/02/2024;;E;C;T;;OHN;;;;;;;;;;;;;;;;
7683545;TERRITOIRE;FT 93029/1196;7683545;;OR16;OR16;OR19;OR19;;OCC;MCO;OK;04/03/2024;;E;C;T;;OHN;;;;;;;;;;;;;;;;
7883849;TERRITOIRE;FT 78646/4446;7883849;;OR16;OR16;OR19;OR19;;OCC;MCO;OK;18/04/2024;;E;C;I;;OHN;;;;;;;;;;;;;;;;
7803188;TERRITOIRE;FT 92020/190;7803188;;OR16;OR16;OR19;OR19;;OCC;MCO;OK;26/03/2024;;E;C;I;;U4T;;;;;;;;;;;;;;;;
7856656;TERRITOIRE;FT 92019/167;7856656;;OR16;OR16;OR19;OR19;;OCC;MCO;OK;10/04/2024;;E;C;I;;OHN;;;;;;;;;;;;;;;;
7803187;TERRITOIRE;FT 92020/834;7803187;;OR16;OR16;OR19;OR19;;OCC;MCO;OK;26/03/2024;;E;C;I;;S1T;;;;;;;;;;;;;;;;
7568643;TERRITOIRE;FT 94002/722;7568643;;OR16;OR16;OR19;OR19;;OCC;MCO;OK;08/02/2024;;E;C;T;;OHN;;;;;;;;;;;;;;;;
7714549;TERRITOIRE;FT 92004/2309;7714549;;OR16;OR16;OR19;OR19;;OCC;MCO;OK;08/03/2024;;E;C;T;;L5T;;;;;;;;;;;;;;;;
7856671;TERRITOIRE;FT 92019/5;7856671;;OR16;OR16;OR19;OR19;;OCC;MCO;OK;10/04/2024;;E;C;I;;OHN;;;;;;;;;;;;;;;;
7651541;TERRITOIRE;FT 92036/346;7651541;;OR16;OR16;OR19;OR19;;OCC;MCO;OK;26/02/2024;;E;C;T;;U5T;;;;;;;;;;;;;;;;
7783111;TERRITOIRE;FT 92014/1006;7783111;;OR16;OR16;OR19;OR19;;OCC;MCO;OK;21/03/2024;;E;C;I;;S1T;;;;;;;;;;;;;;;;
7630148;TERRITOIRE;FT 93064/1479;7630148;;OR16;OR16;OR19;OR19;;OCC;MCO;OK;21/02/2024;;E;C;T;;OHN;;;;;;;;;;;;;;;;
7679665;TERRITOIRE;FT 94046/837;7679665;;OR16;OR16;OR19;OR19;;OCC;MCO;OK;04/03/2024;;E;C;T;;OHN;;;;;;;;;;;;;;;;
7566419;TERRITOIRE;FT 93046/598;7566419;;OR16;OR16;OR19;OR19;;OCC;MCO;OK;08/02/2024;;E;C;T;;A2;;;;;;;;;;;;;;;;
7832959;TERRITOIRE;FT 94059/26;7832959;;OR16;OR16;OR19;OR19;;OCC;MCO;OK;03/04/2024;;E;C;I;;L3T;;;;;;;;;;;;;;;;
7871346;TERRITOIRE;FT 94052/748;7871346;;OR16;OR16;OR19;OR19;;OCC;MCO;OK;16/04/2024;;E;C;I;;S3T;;;;;;;;;;;;;;;;
7651551;TERRITOIRE;FT 92036/1205;7651551;;OR16;OR16;OR19;OR19;;OCC;MCO;OK;26/02/2024;;E;C;T;;L5T;;;;;;;;;;;;;;;;
7915872;TERRITOIRE;FT 94018/3;7915872;;OR16;OR16;OR19;OR19;;OCC;MCO;OK;24/04/2024;;E;C;I;;OHN;;;;;;;;;;;;;;;;
7683524;TERRITOIRE;FT 93029/923;7683524;;OR16;OR16;OR19;OR19;;OCC;MCO;OK;04/03/2024;;E;C;T;;OHN;;;;;;;;;;;;;;;;
7714609;TERRITOIRE;FT 92004/1173;7714609;;OR16;OR16;OR19;OR19;;OCC;MCO;OK;08/03/2024;;E;C;T;;U5T;;;;;;;;;;;;;;;;
7607485;TERRITOIRE;FT 92026/555;7607485;;OR16;OR16;OR19;OR19;;OCC;MCO;OK;14/02/2024;;E;C;T;;S4T;;;;;;;;;;;;;;;;
7876814;TERRITOIRE;FT 92022/1183;7876814;;OR16;OR16;OR19;OR19;;OCC;MCO;OK;17/04/2024;;E;C;I;;OHN;;;;;;;;;;;;;;;;
7654713;TERRITOIRE;FT 93013/403;7654713;;OR16;OR16;OR19;OR19;;OCC;MCO;OK;27/02/2024;;E;C;T;;OHN;;;;;;;;;;;;;;;;
7783112;TERRITOIRE;FT 92014/593;7783112;;OR16;OR16;OR19;OR19;;OCC;MCO;OK;21/03/2024;;E;C;I;;S4T;;;;;;;;;;;;;;;;
7833275;TERRITOIRE;FT 94017/1906;7833275;;OR16;OR16;OR19;OR19;;OCC;MCO;OK;03/04/2024;;E;C;I;;OHN;;;;;;;;;;;;;;;;
7519716;TERRITOIRE;FT 94033/476;7519716;;OR16;OR16;OR19;OR19;;OCC;MCO;OK;31/01/2024;;E;C;T;;S3T;;;;;;;;;;;;;;;;
7912652;TERRITOIRE;FT 94077/380;7912652;;OR16;OR16;OR19;OR19;;OCC;MCO;OK;24/04/2024;;E;C;I;;L5T;;;;;;;;;;;;;;;;
7901106;TERRITOIRE;FT 92025/930;7901106;;OR16;OR16;OR19;OR19;;OCC;MCO;OK;23/04/2024;;E;C;I;;OHN;;;;;;;;;;;;;;;;
7796174;TERRITOIRE;FT 93048/2156;7796174;;OR16;OR16;OR19;OR19;;OCC;MCO;OK;25/03/2024;;E;C;I;;OHN;;;;;;;;;;;;;;;;
7694079;TERRITOIRE;FT 92007/26;7694079;;OR16;OR16;OR19;OR19;;OCC;MCO;OK;06/03/2024;;E;C;T;;OHN;;;;;;;;;;;;;;;;
7604786;TERRITOIRE;FT 92025/3044;7604786;;OR16;OR16;OR19;OR19;;OCC;MCO;OK;14/02/2024;;E;C;T;;L2T;;;;;;;;;;;;;;;;
7991682;TERRITOIRE;FT 93010/261;7991682;;OR16;OR16;OR19;OR19;;OCC;MCO;OK;13/05/2024;;E;C;I;;OHN;;;;;;;;;;;;;;;;
7615991;TERRITOIRE;FT 93070/302;7615991;;OR16;OR16;OR19;OR19;;OCC;MCO;OK;16/02/2024;;E;C;T;;OHN;;;;;;;;;;;;;;;;
7859337;TERRITOIRE;FT 94068/1754;7859337;;OR16;OR16;OR19;OR19;;OCC;MCO;OK;11/04/2024;;E;C;I;;L2T;;;;;;;;;;;;;;;;
7683522;TERRITOIRE;FT 93029/517;7683522;;OR16;OR16;OR19;OR19;;OCC;MCO;OK;04/03/2024;;E;C;T;;OHN;;;;;;;;;;;;;;;;
8000314;TERRITOIRE;FT 94033/1366;8000314;;OR16;OR16;OR19;OR19;;OCC;MCO;OK;15/05/2024;;E;C;I;;S4T;;;;;;;;;;;;;;;;
7645436;TERRITOIRE;FT 93007/1810;7645436;;OR16;OR16;OR19;OR19;;OCC;MCO;OK;23/02/2024;;E;C;T;;OHN;;;;;;;;;;;;;;;;
7594912;TERRITOIRE;FT 94002/71;7594912;;OR16;OR16;OR19;OR19;;OCC;MCO;OK;13/02/2024;;E;C;T;;L5T;;;;;;;;;;;;;;;;
7850249;TERRITOIRE;FT 94022/906;7850249;;OR16;OR16;OR19;OR19;;OCC;MCO;OK;08/04/2024;;E;C;I;;OHN;;;;;;;;;;;;;;;;
7687034;TERRITOIRE;FT 93001/1019;7687034;;OR16;OR16;OR19;OR19;;OCC;MCO;OK;05/03/2024;;E;C;T;;S4T;;;;;;;;;;;;;;;;
7566413;TERRITOIRE;FT 93071/92;7566413;;OR16;OR16;OR19;OR19;;OCC;MCO;OK;08/02/2024;;E;C;T;;OHN;;;;;;;;;;;;;;;;
7519673;TERRITOIRE;FT 94033/460;7519673;;OR16;OR16;OR19;OR19;;OCC;MCO;OK;31/01/2024;;E;C;T;;L3T;;;;;;;;;;;;;;;;
7899854;TERRITOIRE;FT 78646/5846;7899854;;OR16;OR16;OR19;OR19;;OCC;MCO;OK;23/04/2024;;E;C;I;;A2;;;;;;;;;;;;;;;;
7714601;TERRITOIRE;FT 92004/2125;7714601;;OR16;OR16;OR19;OR19;;OCC;MCO;OK;08/03/2024;;E;C;T;;S3T;;;;;;;;;;;;;;;;
7872305;TERRITOIRE;FT 92073/43;7872305;;OR16;OR16;OR19;OR19;;OCC;MCO;OK;16/04/2024;;E;C;I;;U5T;;;;;;;;;;;;;;;;
7833596;TERRITOIRE;FT 94017/2163;7833596;;OR16;OR16;OR19;OR19;;OCC;MCO;OK;03/04/2024;;E;C;I;;S4T;;;;;;;;;;;;;;;;
7594888;TERRITOIRE;FT 94002/270;7594888;;OR16;OR16;OR19;OR19;;OCC;MCO;OK;13/02/2024;;E;C;T;;OHN;;;;;;;;;;;;;;;;
7763212;TERRITOIRE;FT 92036/1047;7763212;;OR16;OR16;OR19;OR19;;OCC;MCO;OK;18/03/2024;;E;C;T;;OHN;;;;;;;;;;;;;;;;
7963506;TERRITOIRE;FT 94034/458;7963506;;OR16;OR16;OR19;OR19;;OCC;MCO;OK;06/05/2024;;E;C;I;;L2T;;;;;;;;;;;;;;;;
7714578;TERRITOIRE;FT 92004/1000;7714578;;OR16;OR16;OR19;OR19;;OCC;MCO;OK;08/03/2024;;E;C;T;;S3T;;;;;;;;;;;;;;;;
7838072;TERRITOIRE;FT 92025/358;7838072;;OR16;OR16;OR19;OR19;;OCC;MCO;OK;04/04/2024;;E;C;I;;L2T;;;;;;;;;;;;;;;;
7522232;TERRITOIRE;FT 93010/1603;7522232;;OR16;OR16;OR19;OR19;;OCC;MCO;OK;31/01/2024;;E;C;T;;L1T;;;;;;;;;;;;;;;;
7630084;TERRITOIRE;FT 93064/1760;7630084;;OR16;OR16;OR19;OR19;;OCC;MCO;OK;21/02/2024;;E;C;T;;OHN;;;;;;;;;;;;;;;;
7566390;TERRITOIRE;FT 93005/1881;7566390;;OR16;OR16;OR19;OR19;;OCC;MCO;OK;08/02/2024;;E;C;T;;L4T;;;;;;;;;;;;;;;;
7714611;TERRITOIRE;FT 92004/1922;7714611;;OR16;OR16;OR19;OR19;;OCC;MCO;OK;08/03/2024;;E;C;T;;L4T;;;;;;;;;;;;;;;;
7991699;TERRITOIRE;FT 93010/271;7991699;;OR16;OR16;OR19;OR19;;OCC;MCO;OK;13/05/2024;;E;C;I;;OHN;;;;;;;;;;;;;;;;
7800318;TERRITOIRE;FT 92075/126;7800318;;OR16;OR16;OR19;OR19;;OCC;MCO;OK;26/03/2024;;E;C;I;;L3T;;;;;;;;;;;;;;;;
7819867;TERRITOIRE;FT 94081/1483;7819867;;OR16;OR16;OR19;OR19;;OCC;MCO;OK;28/03/2024;;E;C;I;;L4T;;;;;;;;;;;;;;;;
7855679;TERRITOIRE;FT 92060/234;7855679;;OR16;OR16;OR19;OR19;;OCC;MCO;OK;10/04/2024;;E;C;I;;L2T;;;;;;;;;;;;;;;;
7692472;TERRITOIRE;FT 92007/352;7692472;;OR16;OR16;OR19;OR19;;OCC;MCO;OK;05/03/2024;;E;C;T;;S1T;;;;;;;;;;;;;;;;
7855699;TERRITOIRE;FT 92060/827;7855699;;OR16;OR16;OR19;OR19;;OCC;MCO;OK;10/04/2024;;E;C;I;;OHN;;;;;;;;;;;;;;;;
7714557;TERRITOIRE;FT 92004/525;7714557;;OR16;OR16;OR19;OR19;;OCC;MCO;OK;08/03/2024;;E;C;T;;S3T;;;;;;;;;;;;;;;;
7871367;TERRITOIRE;FT 94052/497;7871367;;OR16;OR16;OR19;OR19;;OCC;MCO;OK;16/04/2024;;E;C;I;;L4T;;;;;;;;;;;;;;;;
7714561;TERRITOIRE;FT 92004/526;7714561;;OR16;OR16;OR19;OR19;;OCC;MCO;OK;08/03/2024;;E;C;T;;U5T;;;;;;;;;;;;;;;;
7859334;TERRITOIRE;FT 94068/2293;7859334;;OR16;OR16;OR19;OR19;;OCC;MCO;OK;11/04/2024;;E;C;I;;OHN;;;;;;;;;;;;;;;;
7519697;TERRITOIRE;FT 94033/339;7519697;;OR16;OR16;OR19;OR19;;OCC;MCO;OK;31/01/2024;;E;C;T;;L4T;;;;;;;;;;;;;;;;
7991439;TERRITOIRE;FT 93077/495;7991439;;OR16;OR16;OR19;OR19;;OCC;MCO;OK;13/05/2024;;E;C;I;;OHN;;;;;;;;;;;;;;;;
7553606;TERRITOIRE;FT 92036/645;7553606;;OR16;OR16;OR19;OR19;;OCC;MCO;OK;06/02/2024;;E;C;T;;U5T;;;;;;;;;;;;;;;;
7827238;TERRITOIRE;FT 92046/662;7827238;;OR16;OR16;OR19;OR19;;OCC;MCO;OK;02/04/2024;;E;C;I;;S3T;;;;;;;;;;;;;;;;
7902725;TERRITOIRE;FT 94080/819;7902725;;OR16;OR16;OR19;OR19;;OCC;MCO;OK;23/04/2024;;E;C;I;;U5T;;;;;;;;;;;;;;;;
7837815;TERRITOIRE;FT 92025/1136;7837815;;OR16;OR16;OR19;OR19;;OCC;MCO;OK;04/04/2024;;E;C;I;;L2T;;;;;;;;;;;;;;;;
7609593;TERRITOIRE;FT 92026/233;7609593;;OR16;OR16;OR19;OR19;;OCC;MCO;OK;15/02/2024;;E;C;T;;U4T;;;;;;;;;;;;;;;;
7607408;TERRITOIRE;FT 92026/225;7607408;;OR16;OR16;OR19;OR19;;OCC;MCO;OK;14/02/2024;;E;C;T;;S4T;;;;;;;;;;;;;;;;
7850301;TERRITOIRE;FT 94022/850;7850301;;OR16;OR16;OR19;OR19;;OCC;MCO;OK;08/04/2024;;E;C;I;;L4T;;;;;;;;;;;;;;;;
7654791;TERRITOIRE;FT 93010/1031;7654791;;OR16;OR16;OR19;OR19;;OCC;MCO;OK;27/02/2024;;E;C;T;;OHN;;;;;;;;;;;;;;;;
7789109;TERRITOIRE;FT 92071/881;7789109;;OR16;OR16;OR19;OR19;;OCC;MCO;OK;22/03/2024;;E;C;I;;OHN;;;;;;;;;;;;;;;;
7837748;TERRITOIRE;FT 92025/225;7837748;;OR16;OR16;OR19;OR19;;OCC;MCO;OK;04/04/2024;;E;C;I;;U5T;;;;;;;;;;;;;;;;
7649278;TERRITOIRE;FT 92078/179;7649278;;OR16;OR16;OR19;OR19;;OCC;MCO;OK;26/02/2024;;E;C;T;;S3T;;;;;;;;;;;;;;;;
7651598;TERRITOIRE;FT 92036/1228;7651598;;OR16;OR16;OR19;OR19;;OCC;MCO;OK;26/02/2024;;E;C;T;;S4T;;;;;;;;;;;;;;;;
7837432;TERRITOIRE;FT 92025/385;7837432;;OR16;OR16;OR19;OR19;;OCC;MCO;OK;04/04/2024;;E;C;I;;S3T;;;;;;;;;;;;;;;;
7830396;TERRITOIRE;FT 92019/232;7830396;;OR16;OR16;OR19;OR19;;OCC;MCO;OK;02/04/2024;;E;C;I;;OHN;;;;;;;;;;;;;;;;
7672646;TERRITOIRE;FT 93066/832;7672646;;OR16;OR16;OR19;OR19;;OCC;MCO;OK;29/02/2024;;E;C;T;;OHN;;;;;;;;;;;;;;;;
7572166;TERRITOIRE;FT 94046/768;7572166;;OR16;OR16;OR19;OR19;;OCC;MCO;OK;09/02/2024;;E;C;T;;L0T;;;;;;;;;;;;;;;;
7721269;TERRITOIRE;FT 92046/92;7721269;;OR16;OR16;OR19;OR19;;OCC;MCO;OK;11/03/2024;;E;C;T;;OHN;;;;;;;;;;;;;;;;
7838387;TERRITOIRE;FT 92009/434;7838387;;OR16;OR16;OR19;OR19;;OCC;MCO;OK;04/04/2024;;E;C;I;;S3T;;;;;;;;;;;;;;;;
7607382;TERRITOIRE;FT 92026/514;7607382;;OR16;OR16;OR19;OR19;;OCC;MCO;OK;14/02/2024;;E;C;T;;OHN;;;;;;;;;;;;;;;;
7800330;TERRITOIRE;FT 92075/184;7800330;;OR16;OR16;OR19;OR19;;OCC;MCO;OK;26/03/2024;;E;C;I;;S3T;;;;;;;;;;;;;;;;
7533114;TERRITOIRE;FT 93072/45;7533114;;OR16;OR16;OR19;OR19;;OCC;MCO;OK;01/02/2024;;E;C;T;;L2T;;;;;;;;;;;;;;;;
7800317;TERRITOIRE;FT 92075/125;7800317;;OR16;OR16;OR19;OR19;;OCC;MCO;OK;26/03/2024;;E;C;I;;L2T;;;;;;;;;;;;;;;;
7783081;TERRITOIRE;FT 92002/2566;7783081;;OR16;OR16;OR19;OR19;;OCC;MCO;OK;21/03/2024;;E;C;I;;L1T;;;;;;;;;;;;;;;;
7553630;TERRITOIRE;FT 92036/862;7553630;;OR16;OR16;OR19;OR19;;OCC;MCO;OK;06/02/2024;;E;C;T;;U6T;;;;;;;;;;;;;;;;
7761587;TERRITOIRE;FT 93010/433;7761587;;OR16;OR16;OR19;OR19;;OCC;MCO;OK;18/03/2024;;E;C;T;;OHN;;;;;;;;;;;;;;;;
7714619;TERRITOIRE;FT 92004/973;7714619;;OR16;OR16;OR19;OR19;;OCC;MCO;OK;08/03/2024;;E;C;T;;S5T;;;;;;;;;;;;;;;;
7519702;TERRITOIRE;FT 94033/789;7519702;;OR16;OR16;OR19;OR19;;OCC;MCO;OK;31/01/2024;;E;C;T;;S3T;;;;;;;;;;;;;;;;
7899836;TERRITOIRE;FT 78646/5401;7899836;;OR16;OR16;OR19;OR19;;OCC;MCO;OK;23/04/2024;;E;C;I;;A2;;;;;;;;;;;;;;;;
7906229;TERRITOIRE;FT 92051/913;7906229;;OR16;OR16;OR19;OR19;;OCC;MCO;OK;23/04/2024;;E;C;I;;L2T;;;;;;;;;;;;;;;;
7683850;TERRITOIRE;FT 93029/1197;7683850;;OR16;OR16;OR19;OR19;;OCC;MCO;OK;04/03/2024;;E;C;T;;OHN;;;;;;;;;;;;;;;;
7861469;TERRITOIRE;FT 94081/795;7861469;;OR16;OR16;OR19;OR19;;OCC;MCO;OK;12/04/2024;;E;C;I;;P1C;;;;;;;;;;;;;;;;
7635191;TERRITOIRE;FT 93072/804;7635191;;OR16;OR16;OR19;OR19;;OCC;MCO;OK;22/02/2024;;E;C;T;;L3T;;;;;;;;;;;;;;;;
7718076;TERRITOIRE;FT 94016/42;7718076;;OR16;OR16;OR19;OR19;;OCC;MCO;OK;11/03/2024;;E;C;T;;L2T;;;;;;;;;;;;;;;;
7607440;TERRITOIRE;FT 92026/53;7607440;;OR16;OR16;OR19;OR19;;OCC;MCO;OK;14/02/2024;;E;C;T;;OHN;;;;;;;;;;;;;;;;
7948812;TERRITOIRE;FT 93045/121;7948812;;OR16;OR16;OR19;OR19;;OCC;MCO;OK;02/05/2024;;E;C;I;;OHN;;;;;;;;;;;;;;;;
7604787;TERRITOIRE;FT 92025/1808;7604787;;OR16;OR16;OR19;OR19;;OCC;MCO;OK;14/02/2024;;E;C;T;;S3T;;;;;;;;;;;;;;;;
7553643;TERRITOIRE;FT 92036/80;7553643;;OR16;OR16;OR19;OR19;;OCC;MCO;OK;06/02/2024;;E;C;T;;S3T;;;;;;;;;;;;;;;;
7698873;TERRITOIRE;FT 92020/257;7698873;;OR16;OR16;OR19;OR19;;OCC;MCO;OK;06/03/2024;;E;C;T;;L2T;;;;;;;;;;;;;;;;
7991372;TERRITOIRE;FT 93077/1000;7991372;;OR16;OR16;OR19;OR19;;OCC;MCO;OK;13/05/2024;;E;C;I;;OHN;;;;;;;;;;;;;;;;
7905290;TERRITOIRE;FT 92051/1372;7905290;;OR16;OR16;OR19;OR19;;OCC;MCO;OK;23/04/2024;;E;C;I;;U4T;;;;;;;;;;;;;;;;
7887676;TERRITOIRE;FT 92073/764;7887676;;OR16;OR16;OR19;OR19;;OCC;MCO;OK;19/04/2024;;E;C;I;;S3T;;;;;;;;;;;;;;;;
7615029;TERRITOIRE;FT 93048/3915;7615029;;OR16;OR16;OR19;OR19;;OCC;MCO;OK;16/02/2024;;E;C;T;;L2T;;;;;;;;;;;;;;;;
7519669;TERRITOIRE;FT 94033/541;7519669;;OR16;OR16;OR19;OR19;;OCC;MCO;OK;31/01/2024;;E;C;T;;OHN;;;;;;;;;;;;;;;;
7798464;TERRITOIRE;FT 92023/2399;7798464;;OR16;OR16;OR19;OR19;;OCC;MCO;OK;25/03/2024;;E;C;I;;L0T;;;;;;;;;;;;;;;;
7646392;TERRITOIRE;FT 93007/1907;7646392;;OR16;OR16;OR19;OR19;;OCC;MCO;OK;23/02/2024;;E;C;T;;OHN;;;;;;;;;;;;;;;;
7566444;TERRITOIRE;FT 93005/1863;7566444;;OR16;OR16;OR19;OR19;;OCC;MCO;OK;08/02/2024;;E;C;T;;A2;;;;;;;;;;;;;;;;
7837791;TERRITOIRE;FT 92025/1333;7837791;;OR16;OR16;OR19;OR19;;OCC;MCO;OK;04/04/2024;;E;C;I;;U6T;;;;;;;;;;;;;;;;
7679353;TERRITOIRE;FT 94046/911;7679353;;OR16;OR16;OR19;OR19;;OCC;MCO;OK;04/03/2024;;E;C;T;;L5T;;;;;;;;;;;;;;;;
7905911;TERRITOIRE;FT 92051/216;7905911;;OR16;OR16;OR19;OR19;;OCC;MCO;OK;23/04/2024;;E;C;I;;S4T;;;;;;;;;;;;;;;;
7912702;TERRITOIRE;FT 94077/936;7912702;;OR16;OR16;OR19;OR19;;OCC;MCO;OK;24/04/2024;;E;C;I;;L3T;;;;;;;;;;;;;;;;
7550719;TERRITOIRE;FT 92036/290;7550719;;OR16;OR16;OR19;OR19;;OCC;MCO;OK;06/02/2024;;E;C;T;;L2T;;;;;;;;;;;;;;;;
7609945;TERRITOIRE;FT 92026/1004;7609945;;OR16;OR16;OR19;OR19;;OCC;MCO;OK;15/02/2024;;E;C;T;;S1T;;;;;;;;;;;;;;;;
7819843;TERRITOIRE;FT 94041/841;7819843;;OR16;OR16;OR19;OR19;;OCC;MCO;OK;28/03/2024;;E;C;I;;P1T;;;;;;;;;;;;;;;;
7850286;TERRITOIRE;FT 94022/687;7850286;;OR16;OR16;OR19;OR19;;OCC;MCO;OK;08/04/2024;;E;C;I;;L4T;;;;;;;;;;;;;;;;
7796185;TERRITOIRE;FT 93048/2168;7796185;;OR16;OR16;OR19;OR19;;OCC;MCO;OK;25/03/2024;;E;C;I;;OHN;;;;;;;;;;;;;;;;
7838128;TERRITOIRE;FT 92009/295;7838128;;OR16;OR16;OR19;OR19;;OCC;MCO;OK;04/04/2024;;E;C;I;;L3T;;;;;;;;;;;;;;;;
7783099;TERRITOIRE;FT 92002/5041;7783099;;OR16;OR16;OR19;OR19;;OCC;MCO;OK;21/03/2024;;E;C;I;;L2T;;;;;;;;;;;;;;;;
7651509;TERRITOIRE;FT 92078/210;7651509;;OR16;OR16;OR19;OR19;;OCC;MCO;OK;26/02/2024;;E;C;T;;S4T;;;;;;;;;;;;;;;;
7572167;TERRITOIRE;FT 94046/690;7572167;;OR16;OR16;OR19;OR19;;OCC;MCO;OK;09/02/2024;;E;C;T;;OHN;;;;;;;;;;;;;;;;
7899845;TERRITOIRE;FT 78646/4870;7899845;;OR16;OR16;OR19;OR19;;OCC;MCO;OK;23/04/2024;;E;C;I;;OHN;;;;;;;;;;;;;;;;
7876841;TERRITOIRE;FT 92022/555;7876841;;OR16;OR16;OR19;OR19;;OCC;MCO;OK;17/04/2024;;E;C;I;;A2B;;;;;;;;;;;;;;;;
7859244;TERRITOIRE;FT 94068/705;7859244;;OR16;OR16;OR19;OR19;;OCC;MCO;OK;11/04/2024;;E;C;I;;OHN;;;;;;;;;;;;;;;;
7873590;TERRITOIRE;FT 94065/262;7873590;;OR16;OR16;OR19;OR19;;OCC;MCO;OK;16/04/2024;;E;C;I;;L3T;;;;;;;;;;;;;;;;
7645439;TERRITOIRE;FT 93007/1886;7645439;;OR16;OR16;OR19;OR19;;OCC;MCO;OK;23/02/2024;;E;C;T;;B2;;;;;;;;;;;;;;;;
7749437;TERRITOIRE;FT 94069/24;7749437;;OR16;OR16;OR19;OR19;;OCC;MCO;OK;15/03/2024;;E;C;T;;OHN;;;;;;;;;;;;;;;;
7679670;TERRITOIRE;FT 94046/439;7679670;;OR16;OR16;OR19;OR19;;OCC;MCO;OK;04/03/2024;;E;C;T;;OHN;;;;;;;;;;;;;;;;
7905281;TERRITOIRE;FT 92051/427;7905281;;OR16;OR16;OR19;OR19;;OCC;MCO;OK;23/04/2024;;E;C;I;;S4T;;;;;;;;;;;;;;;;
7963505;TERRITOIRE;FT 94034/33;7963505;;OR16;OR16;OR19;OR19;;OCC;MCO;OK;06/05/2024;;E;C;I;;K1C;;;;;;;;;;;;;;;;
7991042;TERRITOIRE;FT 93057/1092;7991042;;OR16;OR16;OR19;OR19;;OCC;MCO;OK;13/05/2024;;E;C;I;;OHN;;;;;;;;;;;;;;;;
7714563;TERRITOIRE;FT 92004/532;7714563;;OR16;OR16;OR19;OR19;;OCC;MCO;OK;08/03/2024;;E;C;T;;L3T;;;;;;;;;;;;;;;;
7672644;TERRITOIRE;FT 93066/830;7672644;;OR16;OR16;OR19;OR19;;OCC;MCO;OK;29/02/2024;;E;C;T;;OHN;;;;;;;;;;;;;;;;
7790079;TERRITOIRE;FT 93039/54;7790079;;OR16;OR16;OR19;OR19;;OCC;MCO;OK;22/03/2024;;E;C;I;;OHN;;;;;;;;;;;;;;;;
7837770;TERRITOIRE;FT 92025/844;7837770;;OR16;OR16;OR19;OR19;;OCC;MCO;OK;04/04/2024;;E;C;I;;L1T;;;;;;;;;;;;;;;;
7609962;TERRITOIRE;FT 92004/472;7609962;;OR16;OR16;OR19;OR19;;OCC;MCO;OK;15/02/2024;;E;C;T;;S4T;;;;;;;;;;;;;;;;
7876819;TERRITOIRE;FT 92022/357;7876819;;OR16;OR16;OR19;OR19;;OCC;MCO;OK;17/04/2024;;E;C;I;;A2;;;;;;;;;;;;;;;;
7850266;TERRITOIRE;FT 94022/837;7850266;;OR16;OR16;OR19;OR19;;OCC;MCO;OK;08/04/2024;;E;C;I;;OHN;;;;;;;;;;;;;;;;
7856645;TERRITOIRE;FT 92019/896;7856645;;OR16;OR16;OR19;OR19;;OCC;MCO;OK;10/04/2024;;E;C;I;;S3T;;;;;;;;;;;;;;;;
7698621;TERRITOIRE;FT 92020/97;7698621;;OR16;OR16;OR19;OR19;;OCC;MCO;OK;06/03/2024;;E;C;T;;S3T;;;;;;;;;;;;;;;;
7654731;TERRITOIRE;FT 93008/64;7654731;;OR16;OR16;OR19;OR19;;OCC;MCO;OK;27/02/2024;;E;C;T;;S4T;;;;;;;;;;;;;;;;
3117436;TERRITOIRE;CH3117436;3117436;;;;OR19;OR21;;OCC;MCO;OK;16/10/2020;;E;C;T;;S4T;;;;;;;;;;;;;;;;
7761610;TERRITOIRE;FT 93010/528;7761610;;OR16;OR16;OR19;OR19;;OCC;MCO;OK;18/03/2024;;E;C;T;;OHN;;;;;;;;;;;;;;;;
7800366;TERRITOIRE;FT 92007/226;7800366;;OR16;OR16;OR19;OR19;;OCC;MCO;OK;26/03/2024;;E;C;I;;S4T;;;;;;;;;;;;;;;;
7906237;TERRITOIRE;FT 92051/226;7906237;;OR16;OR16;OR19;OR19;;OCC;MCO;OK;23/04/2024;;E;C;I;;OHN;;;;;;;;;;;;;;;;
7830084;TERRITOIRE;FT 92019/1159;7830084;;OR16;OR16;OR19;OR19;;OCC;MCO;OK;02/04/2024;;E;C;I;;V5T;;;;;;;;;;;;;;;;
7594883;TERRITOIRE;FT 94002/276;7594883;;OR16;OR16;OR19;OR19;;OCC;MCO;OK;13/02/2024;;E;C;T;;U6T;;;;;;;;;;;;;;;;
7800340;TERRITOIRE;FT 92075/547;7800340;;OR16;OR16;OR19;OR19;;OCC;MCO;OK;26/03/2024;;E;C;I;;V6T;;;;;;;;;;;;;;;;
7750397;TERRITOIRE;FT 94028/1693;7750397;;OR16;OR16;OR19;OR19;;OCC;MCO;OK;15/03/2024;;E;C;T;;OHN;;;;;;;;;;;;;;;;
7679350;TERRITOIRE;FT 94046/821;7679350;;OR16;OR16;OR19;OR19;;OCC;MCO;OK;30/04/2024;;E;C;I;;OHN;;;;;;;;;;;;;;;;
7651561;TERRITOIRE;FT 92036/1274;7651561;;OR16;OR16;OR19;OR19;;OCC;MCO;OK;26/02/2024;;E;C;T;;U7T;;;;;;;;;;;;;;;;
7783101;TERRITOIRE;FT 92002/2270;7783101;;OR16;OR16;OR19;OR19;;OCC;MCO;OK;21/03/2024;;E;C;I;;S4T;;;;;;;;;;;;;;;;
7522239;TERRITOIRE;FT 93010/691;7522239;;OR16;OR16;OR19;OR19;;OCC;MCO;OK;31/01/2024;;E;C;T;;OHN;;;;;;;;;;;;;;;;
7915853;TERRITOIRE;FT 94018/58;7915853;;OR16;OR16;OR19;OR19;;OCC;MCO;OK;24/04/2024;;E;C;I;;OHN;;;;;;;;;;;;;;;;
3121938;TERRITOIRE;CH3121938;3121938;;;;OR19;OR21;;OCC;MCO;OK;21/10/2020;;E;C;T;;S3T;;;;;;;;;;;;;;;;
7519691;TERRITOIRE;FT 94033/641;7519691;;OR16;OR16;OR19;OR19;;OCC;MCO;OK;31/01/2024;;E;C;T;;L4T;;;;;;;;;;;;;;;;
7649272;TERRITOIRE;FT 92078/284;7649272;;OR16;OR16;OR19;OR19;;OCC;MCO;OK;26/02/2024;;E;C;T;;S4T;;;;;;;;;;;;;;;;
2810545;TERRITOIRE;CH2810545;2810545;;OR227;OR227;OR19;OR19;;OCC;MCO;OK;12/09/2019;;E;C;T;;S3T;;;;;;;;;;;;;;;;
7604793;TERRITOIRE;FT 92025/1349;7604793;;OR16;OR16;OR19;OR19;;OCC;MCO;OK;14/02/2024;;E;C;T;;S3T;;;;;;;;;;;;;;;;
7838095;TERRITOIRE;FT 92025/100;7838095;;OR16;OR16;OR19;OR19;;OCC;MCO;OK;04/04/2024;;E;C;I;;L2T;;;;;;;;;;;;;;;;
7796176;TERRITOIRE;FT 93048/2499;7796176;;OR16;OR16;OR19;OR19;;OCC;MCO;OK;25/03/2024;;E;C;I;;OHN;;;;;;;;;;;;;;;;
7911040;TERRITOIRE;FT 94077/1042;7911040;;OR16;OR16;OR19;OR19;;OCC;MCO;OK;24/04/2024;;E;C;I;;L2T;;;;;;;;;;;;;;;;
7899856;TERRITOIRE;FT 78646/3156;7899856;;OR16;OR16;OR19;OR19;;OCC;MCO;OK;23/04/2024;;E;C;I;;A2;;;;;;;;;;;;;;;;
7570868;TERRITOIRE;FT 94017/317;7570868;;OR16;OR16;OR19;OR19;;OCC;MCO;OK;09/02/2024;;E;C;T;;OHN;;;;;;;;;;;;;;;;
7630185;TERRITOIRE;FT 93064/2012;7630185;;OR16;OR16;OR19;OR19;;OCC;MCO;OK;21/02/2024;;E;C;T;;L2T;;;;;;;;;;;;;;;;
7603537;TERRITOIRE;FT 92050/1898;7603537;;OR16;OR16;OR19;OR19;;OCC;MCO;OK;14/02/2024;;E;C;T;;L5T;;;;;;;;;;;;;;;;
7718068;TERRITOIRE;FT 94016/51;7718068;;OR16;OR16;OR19;OR19;;OCC;MCO;OK;11/03/2024;;E;C;T;;L2T;;;;;;;;;;;;;;;;
7796188;TERRITOIRE;FT 93048/1767;7796188;;OR16;OR16;OR19;OR19;;OCC;MCO;OK;25/03/2024;;E;C;I;;S5T;;;;;;;;;;;;;;;;
7609590;TERRITOIRE;FT 92004/103;7609590;;OR16;OR16;OR19;OR19;;OCC;MCO;OK;15/02/2024;;E;C;T;;S4T;;;;;;;;;;;;;;;;
7600639;TERRITOIRE;FT 92044/586;7600639;;OR16;OR16;OR19;OR19;;OCC;MCO;OK;13/02/2024;;E;C;T;;U6T;;;;;;;;;;;;;;;;
7596175;TERRITOIRE;FT 94017/2106;7596175;;OR16;OR16;OR19;OR19;;OCC;MCO;OK;13/02/2024;;E;C;T;;OHN;;;;;;;;;;;;;;;;
7638066;TERRITOIRE;FT 94033/857;7638066;;OR16;OR16;OR19;OR19;;OCC;MCO;OK;22/02/2024;;E;C;T;;S3T;;;;;;;;;;;;;;;;
8201911;TERRITOIRE;FT 92060/329;8201911;;OR16;OR16;OR19;OR19;;OCC;MCO;OK;19/06/2024;;E;C;I;;NC;;;;;;;;;;;;;;;;
7912679;TERRITOIRE;FT 94077/312;7912679;;OR16;OR16;OR19;OR19;;OCC;MCO;OK;24/04/2024;;E;C;I;;K3C;;;;;;;;;;;;;;;;
7838419;TERRITOIRE;FT 92025/1339;7838419;;OR16;OR16;OR19;OR19;;OCC;MCO;OK;04/04/2024;;E;C;I;;S4T;;;;;;;;;;;;;;;;
7876808;TERRITOIRE;FT 92022/369;7876808;;OR16;OR16;OR19;OR19;;OCC;MCO;OK;17/04/2024;;E;C;I;;OHN;;;;;;;;;;;;;;;;
7714635;TERRITOIRE;FT 92036/556;7714635;;OR16;OR16;OR19;OR19;;OCC;MCO;OK;08/03/2024;;E;C;T;;L2T;;;;;;;;;;;;;;;;
7645113;TERRITOIRE;FT 93008/1427;7645113;;OR16;OR16;OR19;OR19;;OCC;MCO;OK;23/02/2024;;E;C;T;;V6T;;;;;;;;;;;;;;;;
7859247;TERRITOIRE;FT 94068/325;7859247;;OR16;OR16;OR19;OR19;;OCC;MCO;OK;11/04/2024;;E;C;I;;OHN;;;;;;;;;;;;;;;;
7800327;TERRITOIRE;FT 92075/124;7800327;;OR16;OR16;OR19;OR19;;OCC;MCO;OK;26/03/2024;;E;C;I;;L3T;;;;;;;;;;;;;;;;
7850255;TERRITOIRE;FT 94078/13;7850255;;OR16;OR16;OR19;OR19;;OCC;MCO;OK;08/04/2024;;E;C;I;;L2T;;;;;;;;;;;;;;;;
7963549;TERRITOIRE;FT 94043/32;7963549;;OR16;OR16;OR19;OR19;;OCC;MCO;OK;06/05/2024;;E;C;I;;L3T;;;;;;;;;;;;;;;;
7643191;TERRITOIRE;FT 93007/199;7643191;;OR16;OR16;OR19;OR19;;OCC;MCO;OK;23/02/2024;;E;C;T;;L4T;;;;;;;;;;;;;;;;
7856657;TERRITOIRE;FT 92019/311;7856657;;OR16;OR16;OR19;OR19;;OCC;MCO;OK;10/04/2024;;E;C;I;;S3T;;;;;;;;;;;;;;;;
7798432;TERRITOIRE;FT 92020/753;7798432;;OR16;OR16;OR19;OR19;;OCC;MCO;OK;25/03/2024;;E;C;I;;S3T;;;;;;;;;;;;;;;;
7687036;TERRITOIRE;FT 93001/1336;7687036;;OR16;OR16;OR19;OR19;;OCC;MCO;OK;05/03/2024;;E;C;T;;S4T;;;;;;;;;;;;;;;;
7795240;TERRITOIRE;FT 93048/1629;7795240;;OR16;OR16;OR19;OR19;;OCC;MCO;OK;25/03/2024;;E;C;I;;OHN;;;;;;;;;;;;;;;;
7619853;TERRITOIRE;FT 93031/142;7619853;;OR16;OR16;OR19;OR19;;OCC;MCO;OK;19/02/2024;;E;C;T;;OHN;;;;;;;;;;;;;;;;
7643200;TERRITOIRE;FT 93007/211;7643200;;OR16;OR16;OR19;OR19;;OCC;MCO;OK;23/02/2024;;E;C;T;;L2T;;;;;;;;;;;;;;;;
7635188;TERRITOIRE;FT 93072/723;7635188;;OR16;OR16;OR19;OR19;;OCC;MCO;OK;22/02/2024;;E;C;T;;OHN;;;;;;;;;;;;;;;;
7572161;TERRITOIRE;FT 94046/779;7572161;;OR16;OR16;OR19;OR19;;OCC;MCO;OK;09/02/2024;;E;C;T;;U4T;;;;;;;;;;;;;;;;
7783036;TERRITOIRE;FT 92002/1811;7783036;;OR16;OR16;OR19;OR19;;OCC;MCO;OK;21/03/2024;;E;C;I;;S1T;;;;;;;;;;;;;;;;
7861461;TERRITOIRE;FT 94081/87;7861461;;OR16;OR16;OR19;OR19;;OCC;MCO;OK;12/04/2024;;E;C;I;;L3T;;;;;;;;;;;;;;;;
7827240;TERRITOIRE;FT 92046/717;7827240;;OR16;OR16;OR19;OR19;;OCC;MCO;OK;02/04/2024;;E;C;I;;S4T;;;;;;;;;;;;;;;;
7948843;TERRITOIRE;FT 94080/48;7948843;;OR16;OR16;OR19;OR19;;OCC;MCO;OK;02/05/2024;;E;C;I;;OHN;;;;;;;;;;;;;;;;
7690255;TERRITOIRE;FT 93027/459;7690255;;OR16;OR16;OR19;OR19;;OCC;MCO;OK;05/03/2024;;E;C;T;;S6T;;;;;;;;;;;;;;;;
7859352;TERRITOIRE;FT 94068/2007;7859352;;OR16;OR16;OR19;OR19;;OCC;MCO;OK;11/04/2024;;E;C;I;;OHN;;;;;;;;;;;;;;;;
7912654;TERRITOIRE;FT 94077/682;7912654;;OR16;OR16;OR19;OR19;;OCC;MCO;OK;24/04/2024;;E;C;I;;L6T;;;;;;;;;;;;;;;;
7905908;TERRITOIRE;FT 92051/207;7905908;;OR16;OR16;OR19;OR19;;OCC;MCO;OK;23/04/2024;;E;C;I;;U5T;;;;;;;;;;;;;;;;
7859316;TERRITOIRE;FT 94068/1296;7859316;;OR16;OR16;OR19;OR19;;OCC;MCO;OK;11/04/2024;;E;C;I;;OHN;;;;;;;;;;;;;;;;
7783080;TERRITOIRE;FT 92002/2579;7783080;;OR16;OR16;OR19;OR19;;OCC;MCO;OK;21/03/2024;;E;C;I;;L1T;;;;;;;;;;;;;;;;
7877149;TERRITOIRE;FT 92012/1501;7877149;;OR16;OR16;OR19;OR19;;OCC;MCO;OK;17/04/2024;;E;C;I;;S3T;;;;;;;;;;;;;;;;
7603532;TERRITOIRE;FT 92050/2217;7603532;;OR16;OR16;OR19;OR19;;OCC;MCO;OK;14/02/2024;;E;C;T;;L2T;;;;;;;;;;;;;;;;
7519665;TERRITOIRE;FT 94033/482;7519665;;OR16;OR16;OR19;OR19;;OCC;MCO;OK;31/01/2024;;E;C;T;;OHN;;;;;;;;;;;;;;;;
7803197;TERRITOIRE;FT 92020/1017;7803197;;OR16;OR16;OR19;OR19;;OCC;MCO;OK;26/03/2024;;E;C;I;;OHN;;;;;;;;;;;;;;;;
7554239;TERRITOIRE;FT 92078/256;7554239;;OR16;OR16;OR19;OR19;;OCC;MCO;OK;06/02/2024;;E;C;T;;OHN;;;;;;;;;;;;;;;;
7948835;TERRITOIRE;FT 94080/95;7948835;;OR16;OR16;OR19;OR19;;OCC;MCO;OK;02/05/2024;;E;C;I;;L3T;;;;;;;;;;;;;;;;
7888332;TERRITOIRE;FT 92073/1447;7888332;;OR16;OR16;OR19;OR19;;OCC;MCO;OK;19/04/2024;;E;C;I;;S4T;;;;;;;;;;;;;;;;
7748466;TERRITOIRE;"FT 93029/1214
";7748466;;OR16;OR16;OR19;OR19;;OCC;MCO;OK;04/03/2024;;E;C;T;;OHN;;;;;;;;;;;;;;;;
7967345;TERRITOIRE;FT 92019/1662;7967345;;OR16;OR16;OR19;OR19;;OCC;MCO;OK;02/04/2024;;E;C;I;;U6T;;;;;;;;;;;;;;;;
7519735;TERRITOIRE;FT 94033/240;7519735;;OR16;OR16;OR19;OR19;;OCC;MCO;OK;31/01/2024;;E;C;T;;OHN;;;;;;;;;;;;;;;;
7798445;TERRITOIRE;FT 92023/2946;7798445;;OR16;OR16;OR19;OR19;;OCC;MCO;OK;25/03/2024;;E;C;I;;L1T;;;;;;;;;;;;;;;;
7550716;TERRITOIRE;FT 92036/859;7550716;;OR16;OR16;OR19;OR19;;OCC;MCO;OK;06/02/2024;;E;C;T;;L5T;;;;;;;;;;;;;;;;
7508154;TERRITOIRE;FT 93059/145;7508154;;OR16;OR16;OR19;OR19;;OCC;MCO;OK;30/01/2024;;E;C;T;;OHN;;;;;;;;;;;;;;;;
7861471;TERRITOIRE;FT 94081/395;7861471;;OR16;OR16;OR19;OR19;;OCC;MCO;OK;12/04/2024;;E;C;I;;L4T;;;;;;;;;;;;;;;;
7838083;TERRITOIRE;FT 92025/329;7838083;;OR16;OR16;OR19;OR19;;OCC;MCO;OK;04/04/2024;;E;C;I;;L2T;;;;;;;;;;;;;;;;
7855701;TERRITOIRE;FT 92060/231;7855701;;OR16;OR16;OR19;OR19;;OCC;MCO;OK;10/04/2024;;E;C;I;;L2T;;;;;;;;;;;;;;;;
7837435;TERRITOIRE;FT 92025/93;7837435;;OR16;OR16;OR19;OR19;;OCC;MCO;OK;04/04/2024;;E;C;I;;L4T;;;;;;;;;;;;;;;;
7973754;TERRITOIRE;FT 95063/528;7973754;;OR16;OR16;OR19;OR19;;OCC;MCO;OK;07/05/2024;;E;C;I;;D3;;;;;;;;;;;;;;;;
7873591;TERRITOIRE;FT 94065/252;7873591;;OR16;OR16;OR19;OR19;;OCC;MCO;OK;16/04/2024;;E;C;I;;L5T;;;;;;;;;;;;;;;;
7609587;TERRITOIRE;FT 92026/237;7609587;;OR16;OR16;OR19;OR19;;OCC;MCO;OK;15/02/2024;;E;C;T;;OHN;;;;;;;;;;;;;;;;
7912633;TERRITOIRE;FT 94077/1049;7912633;;OR16;OR16;OR19;OR19;;OCC;MCO;OK;24/04/2024;;E;C;I;;L2T;;;;;;;;;;;;;;;;
7695997;TERRITOIRE;FT 93029/23;7695997;;OR16;OR16;OR19;OR19;;OCC;MCO;OK;06/03/2024;;E;C;T;;OHN;;;;;;;;;;;;;;;;
7603515;TERRITOIRE;FT 92025/1680;7603515;;OR16;OR16;OR19;OR19;;OCC;MCO;OK;14/02/2024;;E;C;T;;S4T;;;;;;;;;;;;;;;;
7850300;TERRITOIRE;FT 94022/730;7850300;;OR16;OR16;OR19;OR19;;OCC;MCO;OK;08/04/2024;;E;C;I;;L3T;;;;;;;;;;;;;;;;
7566422;TERRITOIRE;FT 93046/587;7566422;;OR16;OR16;OR19;OR19;;OCC;MCO;OK;08/02/2024;;E;C;T;;L3T;;;;;;;;;;;;;;;;
7616313;TERRITOIRE;FT 94033/1246;7616313;;OR16;OR16;OR19;OR19;;OCC;MCO;OK;16/02/2024;;E;C;T;;OHN;;;;;;;;;;;;;;;;
7761340;TERRITOIRE;FT 93057/379;7761340;;OR16;OR16;OR19;OR19;;OCC;MCO;OK;18/03/2024;;E;C;T;;OHN;;;;;;;;;;;;;;;;
7553633;TERRITOIRE;FT 92036/979;7553633;;OR16;OR16;OR19;OR19;;OCC;MCO;OK;06/02/2024;;E;C;T;;L4T;;;;;;;;;;;;;;;;
7789196;TERRITOIRE;FT 93039/166;7789196;;OR16;OR16;OR19;OR19;;OCC;MCO;OK;22/03/2024;;E;C;I;;OHN;;;;;;;;;;;;;;;;
7819826;TERRITOIRE;FT 94041/893;7819826;;OR16;OR16;OR19;OR19;;OCC;MCO;OK;28/03/2024;;E;C;I;;OHN;;;;;;;;;;;;;;;;
7838085;TERRITOIRE;FT 92025/1166;7838085;;OR16;OR16;OR19;OR19;;OCC;MCO;OK;04/04/2024;;E;C;I;;OHN;;;;;;;;;;;;;;;;
7530622;TERRITOIRE;FT 93010/374;7530622;;OR16;OR16;OR19;OR19;;OCC;MCO;OK;01/02/2024;;E;C;T;;A2B;;;;;;;;;;;;;;;;
7530594;TERRITOIRE;FT 93010/1107;7530594;;OR16;OR16;OR19;OR19;;OCC;MCO;OK;01/02/2024;;E;C;T;;L2T;;;;;;;;;;;;;;;;
8207025;TERRITOIRE;FT 92020/67;8207025;;OR16;OR16;OR19;OR19;;OCC;MCO;OK;20/06/2024;;E;C;I;;S4T;;;;;;;;;;;;;;;;
7714596;TERRITOIRE;FT 92004/1939;7714596;;OR16;OR16;OR19;OR19;;OCC;MCO;OK;08/03/2024;;E;C;T;;S4T;;;;;;;;;;;;;;;;
7761916;TERRITOIRE;FT 92004/41;7761916;;OR16;OR16;OR19;OR19;;OCC;MCO;OK;18/03/2024;;E;C;T;;P6T;;;;;;;;;;;;;;;;
7761607;TERRITOIRE;FT 93010/542;7761607;;OR16;OR16;OR19;OR19;;OCC;MCO;OK;18/03/2024;;E;C;T;;S4T;;;;;;;;;;;;;;;;
7905282;TERRITOIRE;FT 92051/426;7905282;;OR16;OR16;OR19;OR19;;OCC;MCO;OK;23/04/2024;;E;C;I;;S3T;;;;;;;;;;;;;;;;
7798454;TERRITOIRE;FT 92020/233;7798454;;OR16;OR16;OR19;OR19;;OCC;MCO;OK;25/03/2024;;E;C;I;;S3T;;;;;;;;;;;;;;;;
7618879;TERRITOIRE;FT 93079/28;7618879;;OR16;OR16;OR19;OR19;;OCC;MCO;OK;19/02/2024;;E;C;T;;OHN;;;;;;;;;;;;;;;;
7994548;TERRITOIRE;FT 93057/728;7994548;;OR16;OR16;OR19;OR19;;OCC;MCO;OK;13/05/2024;;E;C;I;;OHN;;;;;;;;;;;;;;;;
7888328;TERRITOIRE;FT 92073/260;7888328;;OR16;OR16;OR19;OR19;;OCC;MCO;OK;19/04/2024;;E;C;I;;S4T;;;;;;;;;;;;;;;;
7799039;TERRITOIRE;FT 92023/2831;7799039;;OR16;OR16;OR19;OR19;;OCC;MCO;OK;25/03/2024;;E;C;I;;L2T;;;;;;;;;;;;;;;;
8000318;TERRITOIRE;FT 94033/2295;8000318;;OR16;OR16;OR19;OR19;;OCC;MCO;OK;15/05/2024;;E;C;I;;L3T;;;;;;;;;;;;;;;;
7790387;TERRITOIRE;FT 93010/1053;7790387;;OR16;OR16;OR19;OR19;;OCC;MCO;OK;22/03/2024;;E;C;I;;OHN;;;;;;;;;;;;;;;;
7826563;TERRITOIRE;FT 92046/171;7826563;;OR16;OR16;OR19;OR19;;OCC;MCO;OK;02/04/2024;;E;C;I;;U5T;;;;;;;;;;;;;;;;
7750410;TERRITOIRE;FT 94028/1780;7750410;;OR16;OR16;OR19;OR19;;OCC;MCO;OK;15/03/2024;;E;C;T;;L2T;;;;;;;;;;;;;;;;
7522248;TERRITOIRE;FT 93010/714;7522248;;OR16;OR16;OR19;OR19;;OCC;MCO;OK;31/01/2024;;E;C;T;;S4T;;;;;;;;;;;;;;;;
7691535;TERRITOIRE;FT 92007/413;7691535;;OR16;OR16;OR19;OR19;;OCC;MCO;OK;05/03/2024;;E;C;T;;S3T;;;;;;;;;;;;;;;;
7620794;TERRITOIRE;FT 93006/133;7620794;;OR16;OR16;OR19;OR19;;OCC;MCO;OK;19/02/2024;;E;C;T;;L4T;;;;;;;;;;;;;;;;
7859315;TERRITOIRE;FT 94068/1295;7859315;;OR16;OR16;OR19;OR19;;OCC;MCO;OK;11/04/2024;;E;C;I;;OHN;;;;;;;;;;;;;;;;
7761603;TERRITOIRE;FT 93057/261;7761603;;OR16;OR16;OR19;OR19;;OCC;MCO;OK;18/03/2024;;E;C;T;;OHN;;;;;;;;;;;;;;;;
7616309;TERRITOIRE;FT 93048/2739;7616309;;OR16;OR16;OR19;OR19;;OCC;MCO;OK;16/02/2024;;E;C;T;;OHN;;;;;;;;;;;;;;;;
7559029;TERRITOIRE;FT 93039/173;7559029;;OR16;OR16;OR19;OR19;;OCC;MCO;OK;07/02/2024;;E;C;T;;OHN;;;;;;;;;;;;;;;;
7630151;TERRITOIRE;FT 93064/1803;7630151;;OR16;OR16;OR19;OR19;;OCC;MCO;OK;21/02/2024;;E;C;T;;OHN;;;;;;;;;;;;;;;;
7883265;TERRITOIRE;FT 92050/209;7883265;;OR16;OR16;OR19;OR19;;OCC;MCO;OK;18/04/2024;;E;C;I;;S4T;;;;;;;;;;;;;;;;
7912625;TERRITOIRE;FT 94077/1007;7912625;;OR16;OR16;OR19;OR19;;OCC;MCO;OK;24/04/2024;;E;C;I;;OHN;;;;;;;;;;;;;;;;
7948810;TERRITOIRE;FT 93053/848;7948810;;OR16;OR16;OR19;OR19;;OCC;MCO;OK;02/05/2024;;E;C;I;;OHN;;;;;;;;;;;;;;;;
7963523;TERRITOIRE;FT 94034/208;7963523;;OR16;OR16;OR19;OR19;;OCC;MCO;OK;06/05/2024;;E;C;I;;OHN;;;;;;;;;;;;;;;;
7837437;TERRITOIRE;FT 92025/148;7837437;;OR16;OR16;OR19;OR19;;OCC;MCO;OK;04/04/2024;;E;C;I;;S4T;;;;;;;;;;;;;;;;
7565438;TERRITOIRE;FT 94015/310;7565438;;OR16;OR16;OR19;OR19;;OCC;MCO;OK;08/02/2024;;E;C;T;;OHN;;;;;;;;;;;;;;;;
7888949;TERRITOIRE;FT 78646/2359;7888949;;OR16;OR16;OR19;OR19;;OCC;MCO;OK;18/04/2024;;E;C;I;;OHN;;;;;;;;;;;;;;;;
7568640;TERRITOIRE;FT 94046/105;7568640;;OR16;OR16;OR19;OR19;;OCC;MCO;OK;08/02/2024;;E;C;T;;OHN;;;;;;;;;;;;;;;;
7568311;TERRITOIRE;FT 94015/371;7568311;;OR16;OR16;OR19;OR19;;OCC;MCO;OK;08/02/2024;;E;C;T;;OHN;;;;;;;;;;;;;;;;
7615986;TERRITOIRE;FT 93070/620;7615986;;OR16;OR16;OR19;OR19;;OCC;MCO;OK;16/02/2024;;E;C;T;;OHN;;;;;;;;;;;;;;;;
7876801;TERRITOIRE;FT 92022/255;7876801;;OR16;OR16;OR19;OR19;;OCC;MCO;OK;17/04/2024;;E;C;I;;A2;;;;;;;;;;;;;;;;
7614720;TERRITOIRE;FT 93048/2363;7614720;;OR16;OR16;OR19;OR19;;OCC;MCO;OK;16/02/2024;;E;C;T;;OHN;;;;;;;;;;;;;;;;
7651587;TERRITOIRE;FT 92036/1254;7651587;;OR16;OR16;OR19;OR19;;OCC;MCO;OK;26/02/2024;;E;C;T;;L2T;;;;;;;;;;;;;;;;
7730865;TERRITOIRE;FT 94028/1766;7730865;;OR16;OR16;OR19;OR19;;OCC;MCO;OK;13/03/2024;;E;C;T;;L4T;;;;;;;;;;;;;;;;
7783031;TERRITOIRE;FT 92002/5513;7783031;;OR16;OR16;OR19;OR19;;OCC;MCO;OK;21/03/2024;;E;C;I;;L1T;;;;;;;;;;;;;;;;
7783042;TERRITOIRE;FT 92002/1887;7783042;;OR16;OR16;OR19;OR19;;OCC;MCO;OK;21/03/2024;;E;C;I;;L2T;;;;;;;;;;;;;;;;
7530601;TERRITOIRE;FT 93010/886;7530601;;OR16;OR16;OR19;OR19;;OCC;MCO;OK;01/02/2024;;E;C;T;;S3T;;;;;;;;;;;;;;;;
7761290;TERRITOIRE;FT 93010/939;7761290;;OR16;OR16;OR19;OR19;;OCC;MCO;OK;18/03/2024;;E;C;T;;A2;;;;;;;;;;;;;;;;
7837774;TERRITOIRE;FT 92025/659;7837774;;OR16;OR16;OR19;OR19;;OCC;MCO;OK;04/04/2024;;E;C;I;;OHN;;;;;;;;;;;;;;;;
1345091;TERRITOIRE;FRANCE TELECOM 1682;1345091;;OR228;OR228;OR19;OR19;;OCC;MCO;OK;04/10/2012;;E;C;T;;L4T;;;;;;;;;;;;;;;;
1345124;TERRITOIRE;FRANCE TELECOM N 95;1345124;;OR227;OR227;OR19;OR19;;OCC;MCO;OK;12/09/2016;;E;C;T;;L3T;;;;;;;;;;;;;;;;
1368643;TERRITOIRE;CH1368643;1368643;;OR228;OR228;OR19;OR19;;OCC;MCO;OK;10/08/2018;;E;C;T;;L1T;;;;;;;;;;;;;;;;
1397441;TERRITOIRE;MH1397441;1397441;;OR265;OR265;OR19;OR19;;OCC;MCO;OK;13/04/2015;;E;C;T;;L1T;;;;;;;;;;;;;;;;
1397442;TERRITOIRE;MH1397442;1397442;;OR228;OR228;OR19;OR19;;OCC;MCO;OK;13/04/2015;;E;C;T;;NC;;;;;;;;;;;;;;;;
1373762;TERRITOIRE;CH1373762;1373762;;;;OR19;OR19;;OCC;MCO;OK;04/03/2015;;E;C;T;;L3T;;;;;;;;;;;;;;;;
1393285;HORS TERRITOIRE;FRANCE TELECOM 376;1393285;;OR227;OR227;OR19;OR19;;OCC;MCO;OK;02/04/2015;;E;C;T;;L2T;;;;;;;;;;;;;;;;
1456010;HORS TERRITOIRE;CH1456010;1456010;;OR228;OR228;OR19;OR19;;OCC;MCO;OK;16/07/2015;;E;C;T;;L3T;;;;;;;;;;;;;;;;
1334242;TERRITOIRE;CH1334242;1334242;;OR227;OR227;OR19;OR19;;OCC;MCO;OK;04/12/2012;;E;C;T;;L2T;;;;;;;;;;;;;;;;
7566440;TERRITOIRE;FT 93005/2177;7566440;;OR16;OR16;OR19;OR19;;OCC;MCO;OK;08/02/2024;;E;C;T;;L4T;;;;;;;;;;;;;;;;
7902710;TERRITOIRE;FT 93048/1496;7902710;;OR16;OR16;OR19;OR19;;OCC;MCO;OK;23/04/2024;;E;C;I;;OHN;;;;;;;;;;;;;;;;
7620485;TERRITOIRE;FT 93048/129;7620485;;OR16;OR16;OR19;OR19;;OCC;MCO;OK;19/02/2024;;E;C;T;;OHN;;;;;;;;;;;;;;;;
2545592;HORS TERRITOIRE;M2T - FRANCE TELECOM 95572/1828;2545592;;OR227;OR227;OR19;OR19;;OCC;MCO;OK;25/10/2018;;E;C;T;;M2T;;;;;;;;;;;;;;;;
2646710;HORS TERRITOIRE;FRANCE TELECOM 95306/793;2646710;;OR227;OR227;OR19;OR19;;OCC;MCO;OK;05/02/2019;;E;C;T;;A2;;;;;;;;;;;;;;;;
7714574;TERRITOIRE;FT 92004/1954;7714574;;OR16;OR16;OR19;OR19;;OCC;MCO;OK;08/03/2024;;E;C;T;;S4T;;;;;;;;;;;;;;;;
7594899;TERRITOIRE;FT 94002/132;7594899;;OR16;OR16;OR19;OR19;;OCC;MCO;OK;13/02/2024;;E;C;T;;L2T;;;;;;;;;;;;;;;;
7672629;TERRITOIRE;FT 93039/140;7672629;;OR16;OR16;OR19;OR19;;OCC;MCO;OK;29/02/2024;;E;C;T;;OHN;;;;;;;;;;;;;;;;
6314550;TERRITOIRE;CH6314550;6314550;;OR265;OR265;OR19;OR19;;OCC;MCO;OK;30/07/2023;;E;C;R;;OHN;;;;;;;;;;;;;;;;
2032404;HORS TERRITOIRE;CHAMBRE FRANCE TELECOM (95218/-);2032404;;OR227;OR227;OR19;OR19;;OCC;MCO;OK;03/05/2017;;E;C;T;;HC;;;;;;;;;;;;;;;;
6314558;TERRITOIRE;CH6314558;6314558;;OR228;OR228;OR19;OR263;;OCC;MCO;OK;30/07/2023;;E;C;R;;L4T;;;;;;;;;;;;;;;;
2545591;HORS TERRITOIRE;L4T - FRANCE TELECOM 95572/2241;2545591;;OR227;OR227;OR19;OR19;;OCC;MCO;OK;25/10/2018;;E;C;T;;L4T;;;;;;;;;;;;;;;;
2417589;TERRITOIRE;86 RUE GABRIEL PERI;2417589;;OR227;OR227;OR19;OR19;;OCC;MCO;OK;12/04/2018;;E;C;T;;L2T;;;;;;;;;;;;;;;;
7883834;TERRITOIRE;FT 78646/558;7883834;;OR16;OR16;OR19;OR19;;OCC;MCO;OK;18/04/2024;;E;C;I;;OHN;;;;;;;;;;;;;;;;
7948817;TERRITOIRE;FT 94080/105;7948817;;OR16;OR16;OR19;OR19;;OCC;MCO;OK;02/05/2024;;E;C;I;;S4T;;;;;;;;;;;;;;;;
5793588;TERRITOIRE;CH5793588;5793588;;;;OR19;OR21;;OCC;MCO;OK;30/07/2023;;E;C;T;;L1T;;;;;;;;;;;;;;;;
2646711;HORS TERRITOIRE;FRANCE TELECOM 95306/794;2646711;;OR227;OR227;OR19;OR19;;OCC;MCO;OK;05/02/2019;;E;C;T;;HC;;;;;;;;;;;;;;;;
2032408;TERRITOIRE;CHAMBRE L4T FRANCE TELECOM (93059/539);2032408;;OR227;OR227;OR19;OR19;;OCC;MCO;OK;03/05/2017;;E;C;T;;L4T;;;;;;;;;;;;;;;;
3121924;TERRITOIRE;CH3121924;3121924;;;;OR19;OR21;;OCC;MCO;OK;23/10/2020;;E;C;T;;L4T;;;;;;;;;;;;;;;;
6363829;TERRITOIRE;CH6363829;6363829;;OR265;OR265;OR19;OR19;;OCC;MCO;OK;30/07/2023;;E;C;R;;OHN;;;;;;;;;;;;;;;;
6346547;TERRITOIRE;CH6346547;6346547;;OR265;OR265;OR19;OR19;;OCC;MCO;OK;30/07/2023;;E;C;R;;L4T;;;;;;;;;;;;;;;;
6156149;TERRITOIRE;CH6156149;6156149;;OR228;OR228;OR19;OR21;;OCC;MCO;OK;30/07/2023;;E;C;R;;L4T;;;;;;;;;;;;;;;;
3124153;TERRITOIRE;CH3124153;3124153;;;;OR19;OR21;;OCC;MCO;OK;30/07/2023;;E;C;T;;XXX;;;;;;;;;;;;;;;;
1886743;TERRITOIRE;ORANGE (94041-1458);1886743;;OR227;OR227;OR19;OR19;;OCC;MCO;OK;05/01/2017;;E;C;T;;L3T;;;;;;;;;;;;;;;;
2650547;HORS TERRITOIRE;FRANCE TELECOM 95306 / 1116;2650547;;OR227;OR227;OR19;OR19;;OCC;MCO;OK;07/02/2019;;E;C;T;;L5T;;;;;;;;;;;;;;;;
7877147;TERRITOIRE;FT 92012/1503;7877147;;OR16;OR16;OR19;OR19;;OCC;MCO;OK;17/04/2024;;E;C;I;;S3T;;;;;;;;;;;;;;;;
7991443;TERRITOIRE;FT 93077/706;7991443;;OR16;OR16;OR19;OR19;;OCC;MCO;OK;13/05/2024;;E;C;I;;A2;;;;;;;;;;;;;;;;
6186225;TERRITOIRE;CH6186225;6186225;;OR228;OR228;OR19;OR21;;OCC;MCO;OK;30/07/2023;;E;C;R;;L6T;;;;;;;;;;;;;;;;
7651527;TERRITOIRE;FT 92024/861;7651527;;OR16;OR16;OR19;OR19;;OCC;MCO;OK;26/02/2024;;E;C;T;;U5T;;;;;;;;;;;;;;;;
6147518;TERRITOIRE;CH6147518;6147518;;OR265;OR265;OR19;OR21;;OCC;MCO;OK;30/07/2023;;E;C;R;;K2C;;;;;;;;;;;;;;;;
6467194;TERRITOIRE;CH6467194;6467194;;;;OR19;OR21;;OCC;MCO;OK;30/07/2023;;E;C;T;;L4T;;;;;;;;;;;;;;;;
6188785;TERRITOIRE;CH6188785;6188785;;OR282;OR282;OR19;OR21;;OCC;MCO;OK;30/07/2023;;E;C;R;;C2;;;;;;;;;;;;;;;;
7568320;TERRITOIRE;FT 94015/453;7568320;;OR16;OR16;OR19;OR19;;OCC;MCO;OK;08/02/2024;;E;C;T;;OHN;;;;;;;;;;;;;;;;
7692473;TERRITOIRE;FT 92007/350;7692473;;OR16;OR16;OR19;OR19;;OCC;MCO;OK;05/03/2024;;E;C;T;;S3T;;;;;;;;;;;;;;;;
7651516;TERRITOIRE;FT 92078/234;7651516;;OR16;OR16;OR19;OR19;;OCC;MCO;OK;26/02/2024;;E;C;T;;L2T;;;;;;;;;;;;;;;;
7750406;TERRITOIRE;FT 94028/1689;7750406;;OR16;OR16;OR19;OR19;;OCC;MCO;OK;15/03/2024;;E;C;T;;L2T;;;;;;;;;;;;;;;;
7530587;TERRITOIRE;FT 93010/877;7530587;;OR16;OR16;OR19;OR19;;OCC;MCO;OK;01/02/2024;;E;C;T;;OHN;;;;;;;;;;;;;;;;
7761271;TERRITOIRE;FT 93057/951;7761271;;OR16;OR16;OR19;OR19;;OCC;MCO;OK;18/03/2024;;E;C;T;;S4T;;;;;;;;;;;;;;;;
7604479;TERRITOIRE;FT 92025/2300;7604479;;OR16;OR16;OR19;OR19;;OCC;MCO;OK;14/02/2024;;E;C;T;;L2T;;;;;;;;;;;;;;;;
7522227;TERRITOIRE;FT 93010/746;7522227;;OR16;OR16;OR19;OR19;;OCC;MCO;OK;31/01/2024;;E;C;T;;OHN;;;;;;;;;;;;;;;;
7827262;TERRITOIRE;FT 92046/951;7827262;;OR16;OR16;OR19;OR19;;OCC;MCO;OK;02/04/2024;;E;C;I;;L3T;;;;;;;;;;;;;;;;
7651579;TERRITOIRE;FT 92036/1272;7651579;;OR16;OR16;OR19;OR19;;OCC;MCO;OK;26/02/2024;;E;C;T;;OHN;;;;;;;;;;;;;;;;
7819833;TERRITOIRE;FT 94041/891;7819833;;OR16;OR16;OR19;OR19;;OCC;MCO;OK;28/03/2024;;E;C;I;;OHN;;;;;;;;;;;;;;;;
7776993;TERRITOIRE;FT 92002/888;7776993;;OR16;OR16;OR19;OR19;;OCC;MCO;OK;20/03/2024;;E;C;T;;L3T;;;;;;;;;;;;;;;;
7819836;TERRITOIRE;FT 94041/849;7819836;;OR16;OR16;OR19;OR19;;OCC;MCO;OK;28/03/2024;;E;C;I;;L1T;;;;;;;;;;;;;;;;
7609905;TERRITOIRE;FT 92004/762;7609905;;OR16;OR16;OR19;OR19;;OCC;MCO;OK;15/02/2024;;E;C;T;;S4T;;;;;;;;;;;;;;;;
7838395;TERRITOIRE;FT 92009/86;7838395;;OR16;OR16;OR19;OR19;;OCC;MCO;OK;04/04/2024;;E;C;I;;S4T;;;;;;;;;;;;;;;;
7619826;TERRITOIRE;FT 93031/1339;7619826;;OR16;OR16;OR19;OR19;;OCC;MCO;OK;19/02/2024;;E;C;T;;L3T;;;;;;;;;;;;;;;;
7630120;TERRITOIRE;FT 93064/1387;7630120;;OR16;OR16;OR19;OR19;;OCC;MCO;OK;21/02/2024;;E;C;T;;OHN;;;;;;;;;;;;;;;;
7819860;TERRITOIRE;FT 94081/938;7819860;;OR16;OR16;OR19;OR19;;OCC;MCO;OK;28/03/2024;;E;C;I;;L4T;;;;;;;;;;;;;;;;
7698872;TERRITOIRE;FT 92020/258;7698872;;OR16;OR16;OR19;OR19;;OCC;MCO;OK;06/03/2024;;E;C;T;;L2T;;;;;;;;;;;;;;;;
8001586;TERRITOIRE;FT 94033/1437;8001586;;OR16;OR16;OR19;OR19;;OCC;MCO;OK;15/05/2024;;E;C;I;;S3T;;;;;;;;;;;;;;;;
7838093;TERRITOIRE;FT 92025/372;7838093;;OR16;OR16;OR19;OR19;;OCC;MCO;OK;04/04/2024;;E;C;I;;OHN;;;;;;;;;;;;;;;;
7651508;TERRITOIRE;FT 92078/211;7651508;;OR16;OR16;OR19;OR19;;OCC;MCO;OK;26/02/2024;;E;C;T;;S4T;;;;;;;;;;;;;;;;
7550715;TERRITOIRE;FT 92036/291;7550715;;OR16;OR16;OR19;OR19;;OCC;MCO;OK;06/02/2024;;E;C;T;;S3T;;;;;;;;;;;;;;;;
7859361;TERRITOIRE;FT 94068/1951;7859361;;OR16;OR16;OR19;OR19;;OCC;MCO;OK;11/04/2024;;E;C;I;;OHN;;;;;;;;;;;;;;;;
7616312;TERRITOIRE;FT 94033/1234;7616312;;OR16;OR16;OR19;OR19;;OCC;MCO;OK;16/02/2024;;E;C;T;;S3T;;;;;;;;;;;;;;;;
7912699;TERRITOIRE;FT 94077/623;7912699;;OR16;OR16;OR19;OR19;;OCC;MCO;OK;24/04/2024;;E;C;I;;K2C;;;;;;;;;;;;;;;;
7899891;TERRITOIRE;FT 78646/4283;7899891;;OR16;OR16;OR19;OR19;;OCC;MCO;OK;23/04/2024;;E;C;I;;P3T;;;;;;;;;;;;;;;;
7519689;TERRITOIRE;FT 94033/371;7519689;;OR16;OR16;OR19;OR19;;OCC;MCO;OK;31/01/2024;;E;C;T;;OHN;;;;;;;;;;;;;;;;
7798449;TERRITOIRE;FT 92023/29;7798449;;OR16;OR16;OR19;OR19;;OCC;MCO;OK;25/03/2024;;E;C;I;;OHN;;;;;;;;;;;;;;;;
7777206;TERRITOIRE;FT 92002/1109;7777206;;OR16;OR16;OR19;OR19;;OCC;MCO;OK;20/03/2024;;E;C;T;;L2T;;;;;;;;;;;;;;;;
7683829;TERRITOIRE;FT 93029/1223;7683829;;OR16;OR16;OR19;OR19;;OCC;MCO;OK;04/03/2024;;E;C;T;;OHN;;;;;;;;;;;;;;;;
7899890;TERRITOIRE;FT 78646/4795;7899890;;OR16;OR16;OR19;OR19;;OCC;MCO;OK;23/04/2024;;E;C;I;;P2T;;;;;;;;;;;;;;;;
7603518;TERRITOIRE;FT 92025/1670;7603518;;OR16;OR16;OR19;OR19;;OCC;MCO;OK;14/02/2024;;E;C;T;;S4T;;;;;;;;;;;;;;;;
7763193;TERRITOIRE;FT 92036/1039;7763193;;OR16;OR16;OR19;OR19;;OCC;MCO;OK;18/03/2024;;E;C;T;;L2T;;;;;;;;;;;;;;;;
7609937;TERRITOIRE;FT 92026/719;7609937;;OR16;OR16;OR19;OR19;;OCC;MCO;OK;15/02/2024;;E;C;T;;U5T;;;;;;;;;;;;;;;;
7991387;TERRITOIRE;FT 93077/649;7991387;;OR16;OR16;OR19;OR19;;OCC;MCO;OK;13/05/2024;;E;C;I;;OHN;;;;;;;;;;;;;;;;
7683542;TERRITOIRE;FT 93029/1193;7683542;;OR16;OR16;OR19;OR19;;OCC;MCO;OK;04/03/2024;;E;C;T;;OHN;;;;;;;;;;;;;;;;
7694074;TERRITOIRE;FT 92007/16;7694074;;OR16;OR16;OR19;OR19;;OCC;MCO;OK;06/03/2024;;E;C;T;;OHN;;;;;;;;;;;;;;;;
7798474;TERRITOIRE;FT 92023/2426;7798474;;OR16;OR16;OR19;OR19;;OCC;MCO;OK;25/03/2024;;E;C;I;;L2T;;;;;;;;;;;;;;;;
7829437;TERRITOIRE;FT 92019/458;7829437;;OR16;OR16;OR19;OR19;;OCC;MCO;OK;02/04/2024;;E;C;I;;S4T;;;;;;;;;;;;;;;;
7777127;TERRITOIRE;FT 92002/656;7777127;;OR16;OR16;OR19;OR19;;OCC;MCO;OK;20/03/2024;;E;C;T;;L4T;;;;;;;;;;;;;;;;
7803211;TERRITOIRE;FT 92007/234;7803211;;OR16;OR16;OR19;OR19;;OCC;MCO;OK;26/03/2024;;E;C;I;;S4T;;;;;;;;;;;;;;;;
7827221;TERRITOIRE;FT 92046/659;7827221;;OR16;OR16;OR19;OR19;;OCC;MCO;OK;02/04/2024;;E;C;I;;L2T;;;;;;;;;;;;;;;;
7905291;TERRITOIRE;FT 92051/1338;7905291;;OR16;OR16;OR19;OR19;;OCC;MCO;OK;23/04/2024;;E;C;I;;S3T;;;;;;;;;;;;;;;;
7859241;TERRITOIRE;FT 94068/191;7859241;;OR16;OR16;OR19;OR19;;OCC;MCO;OK;11/04/2024;;E;C;I;;S4T;;;;;;;;;;;;;;;;
7719988;TERRITOIRE;FT 94016/418;7719988;;OR16;OR16;OR19;OR19;;OCC;MCO;OK;11/03/2024;;E;C;T;;S6T;;;;;;;;;;;;;;;;
7604789;TERRITOIRE;FT 92025/1810;7604789;;OR16;OR16;OR19;OR19;;OCC;MCO;OK;14/02/2024;;E;C;T;;L2T;;;;;;;;;;;;;;;;
7904955;TERRITOIRE;FT 92051/375;7904955;;OR16;OR16;OR19;OR19;;OCC;MCO;OK;23/04/2024;;E;C;I;;S3T;;;;;;;;;;;;;;;;
7638077;TERRITOIRE;FT 94033/773;7638077;;OR16;OR16;OR19;OR19;;OCC;MCO;OK;22/02/2024;;E;C;T;;L5T;;;;;;;;;;;;;;;;
7683519;TERRITOIRE;FT 93029/1612;7683519;;OR16;OR16;OR19;OR19;;OCC;MCO;OK;04/03/2024;;E;C;T;;OHN;;;;;;;;;;;;;;;;
7837823;TERRITOIRE;FT 92025/315;7837823;;OR16;OR16;OR19;OR19;;OCC;MCO;OK;04/04/2024;;E;C;I;;S3T;;;;;;;;;;;;;;;;
7600629;TERRITOIRE;FT 92044/782;7600629;;OR16;OR16;OR19;OR19;;OCC;MCO;OK;13/02/2024;;E;C;T;;S3T;;;;;;;;;;;;;;;;
7683548;TERRITOIRE;FT 93029/1175;7683548;;OR16;OR16;OR19;OR19;;OCC;MCO;OK;04/03/2024;;E;C;T;;OHN;;;;;;;;;;;;;;;;
7649269;TERRITOIRE;FT 92078/283;7649269;;OR16;OR16;OR19;OR19;;OCC;MCO;OK;26/02/2024;;E;C;T;;S4T;;;;;;;;;;;;;;;;
7605756;TERRITOIRE;FT 92026/103;7605756;;OR16;OR16;OR19;OR19;;OCC;MCO;OK;14/02/2024;;E;C;T;;S4T;;;;;;;;;;;;;;;;
7837746;TERRITOIRE;FT 92025/229;7837746;;OR16;OR16;OR19;OR19;;OCC;MCO;OK;04/04/2024;;E;C;I;;U4T;;;;;;;;;;;;;;;;
7994560;TERRITOIRE;FT 93057/727;7994560;;OR16;OR16;OR19;OR19;;OCC;MCO;OK;13/05/2024;;E;C;I;;OHN;;;;;;;;;;;;;;;;
7838071;TERRITOIRE;FT 92025/1119;7838071;;OR16;OR16;OR19;OR19;;OCC;MCO;OK;04/04/2024;;E;C;I;;L2T;;;;;;;;;;;;;;;;
7553596;TERRITOIRE;FT 92036/965;7553596;;OR16;OR16;OR19;OR19;;OCC;MCO;OK;06/02/2024;;E;C;T;;L2T;;;;;;;;;;;;;;;;
7877137;TERRITOIRE;FT 92012/592;7877137;;OR16;OR16;OR19;OR19;;OCC;MCO;OK;17/04/2024;;E;C;I;;S3T;;;;;;;;;;;;;;;;
8007032;TERRITOIRE;FT 94058/806;8007032;;OR16;OR16;OR19;OR19;;OCC;MCO;OK;15/05/2024;;E;C;I;;OHN;;;;;;;;;;;;;;;;
7783120;TERRITOIRE;FT 92014/229;7783120;;OR16;OR16;OR19;OR19;;OCC;MCO;OK;21/03/2024;;E;C;I;;S1T;;;;;;;;;;;;;;;;
7883521;TERRITOIRE;FT 78646/1332;7883521;;OR16;OR16;OR19;OR19;;OCC;MCO;OK;18/04/2024;;E;C;I;;OHN;;;;;;;;;;;;;;;;
7859248;TERRITOIRE;FT 94068/2365;7859248;;OR16;OR16;OR19;OR19;;OCC;MCO;OK;11/04/2024;;E;C;I;;OHN;;;;;;;;;;;;;;;;
7522250;TERRITOIRE;FT 93010/695;7522250;;OR16;OR16;OR19;OR19;;OCC;MCO;OK;31/01/2024;;E;C;T;;S4T;;;;;;;;;;;;;;;;
7837801;TERRITOIRE;FT 92025/775;7837801;;OR16;OR16;OR19;OR19;;OCC;MCO;OK;04/04/2024;;E;C;I;;OHN;;;;;;;;;;;;;;;;
7826572;TERRITOIRE;FT 92046/82;7826572;;OR16;OR16;OR19;OR19;;OCC;MCO;OK;02/04/2024;;E;C;I;;S4T;;;;;;;;;;;;;;;;
7553608;TERRITOIRE;FT 92036/938;7553608;;OR16;OR16;OR19;OR19;;OCC;MCO;OK;06/02/2024;;E;C;T;;L2T;;;;;;;;;;;;;;;;
7906865;TERRITOIRE;FT 92051/903;7906865;;OR16;OR16;OR19;OR19;;OCC;MCO;OK;23/04/2024;;E;C;I;;V5T;;;;;;;;;;;;;;;;
7906545;TERRITOIRE;FT 92051/438;7906545;;OR16;OR16;OR19;OR19;;OCC;MCO;OK;23/04/2024;;E;C;I;;OHN;;;;;;;;;;;;;;;;
7731209;TERRITOIRE;FT 94028/1093;7731209;;OR16;OR16;OR19;OR19;;OCC;MCO;OK;13/03/2024;;E;C;T;;OHN;;;;;;;;;;;;;;;;
7883254;TERRITOIRE;FT 92050/170;7883254;;OR16;OR16;OR19;OR19;;OCC;MCO;OK;18/04/2024;;E;C;I;;S4T;;;;;;;;;;;;;;;;
7838429;TERRITOIRE;FT 92025/1342;7838429;;OR16;OR16;OR19;OR19;;OCC;MCO;OK;04/04/2024;;E;C;I;;L2T;;;;;;;;;;;;;;;;
7991354;TERRITOIRE;FT 93077/198;7991354;;OR16;OR16;OR19;OR19;;OCC;MCO;OK;13/05/2024;;E;C;I;;OHN;;;;;;;;;;;;;;;;
7855715;TERRITOIRE;FT 92060/492;7855715;;OR16;OR16;OR19;OR19;;OCC;MCO;OK;10/04/2024;;E;C;I;;L1T;;;;;;;;;;;;;;;;
7876829;TERRITOIRE;FT 92022/1163;7876829;;OR16;OR16;OR19;OR19;;OCC;MCO;OK;17/04/2024;;E;C;I;;S4T;;;;;;;;;;;;;;;;
7859213;TERRITOIRE;FT 94068/535;7859213;;OR16;OR16;OR19;OR19;;OCC;MCO;OK;11/04/2024;;E;C;I;;S5T;;;;;;;;;;;;;;;;
7689278;TERRITOIRE;FT 93001/1020;7689278;;OR16;OR16;OR19;OR19;;OCC;MCO;OK;05/03/2024;;E;C;T;;OHN;;;;;;;;;;;;;;;;
7619831;TERRITOIRE;FT 93031/172;7619831;;OR16;OR16;OR19;OR19;;OCC;MCO;OK;19/02/2024;;E;C;T;;OHN;;;;;;;;;;;;;;;;
7530233;TERRITOIRE;FT 93072/41;7530233;;OR16;OR16;OR19;OR19;;OCC;MCO;OK;01/02/2024;;E;C;T;;L2T;;;;;;;;;;;;;;;;
7645119;TERRITOIRE;FT 93008/1546;7645119;;OR16;OR16;OR19;OR19;;OCC;MCO;OK;23/02/2024;;E;C;T;;OHN;;;;;;;;;;;;;;;;
7873269;TERRITOIRE;FT 94065/158;7873269;;OR16;OR16;OR19;OR19;;OCC;MCO;OK;16/04/2024;;E;C;I;;L2T;;;;;;;;;;;;;;;;
7850293;TERRITOIRE;FT 94022/1037;7850293;;OR16;OR16;OR19;OR19;;OCC;MCO;OK;08/04/2024;;E;C;I;;OHN;;;;;;;;;;;;;;;;
7638083;TERRITOIRE;FT 94033/774;7638083;;OR16;OR16;OR19;OR19;;OCC;MCO;OK;22/02/2024;;E;C;T;;OHN;;;;;;;;;;;;;;;;
7542727;TERRITOIRE;FT 92024/478;7542727;;OR16;OR16;OR19;OR19;;OCC;MCO;OK;02/02/2024;;E;C;T;;S5T;;;;;;;;;;;;;;;;
7973765;TERRITOIRE;FT 95063/729;7973765;;OR16;OR16;OR19;OR19;;OCC;MCO;OK;07/05/2024;;E;C;I;;OHN;;;;;;;;;;;;;;;;
7911039;TERRITOIRE;FT 94077/952;7911039;;OR16;OR16;OR19;OR19;;OCC;MCO;OK;24/04/2024;;E;C;I;;L4T;;;;;;;;;;;;;;;;
7690256;TERRITOIRE;FT 93027/461;7690256;;OR16;OR16;OR19;OR19;;OCC;MCO;OK;05/03/2024;;E;C;T;;V6T;;;;;;;;;;;;;;;;
7899863;TERRITOIRE;FT 78646/6275;7899863;;OR16;OR16;OR19;OR19;;OCC;MCO;OK;23/04/2024;;E;C;I;;A2T;;;;;;;;;;;;;;;;
7838135;TERRITOIRE;FT 92009/418;7838135;;OR16;OR16;OR19;OR19;;OCC;MCO;OK;04/04/2024;;E;C;I;;S3T;;;;;;;;;;;;;;;;
7848004;TERRITOIRE;FT 92050/1097;7848004;;OR16;OR16;OR19;OR19;;OCC;MCO;OK;07/04/2024;;E;C;I;;OHN;;;;;;;;;;;;;;;;
7630068;TERRITOIRE;FT 93064/1902;7630068;;OR16;OR16;OR19;OR19;;OCC;MCO;OK;21/02/2024;;E;C;T;;OHN;;;;;;;;;;;;;;;;
7730872;TERRITOIRE;FT 94028/1730;7730872;;OR16;OR16;OR19;OR19;;OCC;MCO;OK;13/03/2024;;E;C;T;;L2T;;;;;;;;;;;;;;;;
3117434;TERRITOIRE;CH3117434;3117434;;;;OR19;OR21;;OCC;MCO;OK;16/10/2020;;E;C;T;;A2B;;;;;;;;;;;;;;;;
7827244;TERRITOIRE;FT 92046/995;7827244;;OR16;OR16;OR19;OR19;;OCC;MCO;OK;02/04/2024;;E;C;I;;L2T;;;;;;;;;;;;;;;;
7714579;TERRITOIRE;FT 92004/1004;7714579;;OR16;OR16;OR19;OR19;;OCC;MCO;OK;08/03/2024;;E;C;T;;S4T;;;;;;;;;;;;;;;;
7561596;TERRITOIRE;FT 93046/1067;7561596;;OR16;OR16;OR19;OR19;;OCC;MCO;OK;07/02/2024;;E;C;T;;OHN;;;;;;;;;;;;;;;;
7630092;TERRITOIRE;FT 93064/289;7630092;;OR16;OR16;OR19;OR19;;OCC;MCO;OK;21/02/2024;;E;C;T;;OHN;;;;;;;;;;;;;;;;
7855682;TERRITOIRE;FT 92060/36;7855682;;OR16;OR16;OR19;OR19;;OCC;MCO;OK;10/04/2024;;E;C;I;;OHN;;;;;;;;;;;;;;;;
7899860;TERRITOIRE;FT 78646/2764;7899860;;OR16;OR16;OR19;OR19;;OCC;MCO;OK;23/04/2024;;E;C;I;;A2T;;;;;;;;;;;;;;;;
7855722;TERRITOIRE;FT 92060/295;7855722;;OR16;OR16;OR19;OR19;;OCC;MCO;OK;10/04/2024;;E;C;I;;L3T;;;;;;;;;;;;;;;;
3128314;TERRITOIRE;CH3128314;3128314;;;;OR19;OR21;;OCC;MCO;OK;28/10/2020;;E;C;T;;L3T;;;;;;;;;;;;;;;;
7991698;TERRITOIRE;FT 93010/270;7991698;;OR16;OR16;OR19;OR19;;OCC;MCO;OK;13/05/2024;;E;C;I;;OHN;;;;;;;;;;;;;;;;
7553628;TERRITOIRE;FT 92036/793;7553628;;OR16;OR16;OR19;OR19;;OCC;MCO;OK;06/02/2024;;E;C;T;;U5T;;;;;;;;;;;;;;;;
7605753;TERRITOIRE;FT 92025/1612;7605753;;OR16;OR16;OR19;OR19;;OCC;MCO;OK;14/02/2024;;E;C;T;;S3T;;;;;;;;;;;;;;;;
7718074;TERRITOIRE;FT 94016/62;7718074;;OR16;OR16;OR19;OR19;;OCC;MCO;OK;11/03/2024;;E;C;T;;L2T;;;;;;;;;;;;;;;;
7783038;TERRITOIRE;FT 92002/1881;7783038;;OR16;OR16;OR19;OR19;;OCC;MCO;OK;21/03/2024;;E;C;I;;L2T;;;;;;;;;;;;;;;;
7861488;TERRITOIRE;FT 94081/361;7861488;;OR16;OR16;OR19;OR19;;OCC;MCO;OK;12/04/2024;;E;C;I;;L4T;;;;;;;;;;;;;;;;
7811857;TERRITOIRE;FT 94081/1689;7811857;;OR16;OR16;OR19;OR19;;OCC;MCO;OK;27/03/2024;;E;C;I;;L3T;;;;;;;;;;;;;;;;
7915849;TERRITOIRE;FT 94018/279;7915849;;OR16;OR16;OR19;OR19;;OCC;MCO;OK;24/04/2024;;E;C;I;;OHN;;;;;;;;;;;;;;;;
7871405;TERRITOIRE;FT 92073/152;7871405;;OR16;OR16;OR19;OR19;;OCC;MCO;OK;16/04/2024;;E;C;I;;S4T;;;;;;;;;;;;;;;;
7783098;TERRITOIRE;FT 92002/2133;7783098;;OR16;OR16;OR19;OR19;;OCC;MCO;OK;21/03/2024;;E;C;I;;S3T;;;;;;;;;;;;;;;;
7609914;TERRITOIRE;FT 92004/760;7609914;;OR16;OR16;OR19;OR19;;OCC;MCO;OK;15/02/2024;;E;C;T;;S3T;;;;;;;;;;;;;;;;
7604476;TERRITOIRE;FT 92025/1618;7604476;;OR16;OR16;OR19;OR19;;OCC;MCO;OK;14/02/2024;;E;C;T;;S3T;;;;;;;;;;;;;;;;
7568329;TERRITOIRE;FT 94015/741;7568329;;OR16;OR16;OR19;OR19;;OCC;MCO;OK;08/02/2024;;E;C;T;;OHN;;;;;;;;;;;;;;;;
8003514;TERRITOIRE;FT 94058/836;8003514;;OR16;OR16;OR19;OR19;;OCC;MCO;OK;15/05/2024;;E;C;I;;OHN;;;;;;;;;;;;;;;;
7912664;TERRITOIRE;FT 94077/877;7912664;;OR16;OR16;OR19;OR19;;OCC;MCO;OK;24/04/2024;;E;C;I;;P1T;;;;;;;;;;;;;;;;
7798410;TERRITOIRE;FT 92023/1852;7798410;;OR16;OR16;OR19;OR19;;OCC;MCO;OK;25/03/2024;;E;C;I;;OHN;;;;;;;;;;;;;;;;
7991345;TERRITOIRE;FT 93077/590;7991345;;OR16;OR16;OR19;OR19;;OCC;MCO;OK;13/05/2024;;E;C;I;;OHN;;;;;;;;;;;;;;;;
7561591;TERRITOIRE;FT 93046/1166;7561591;;OR16;OR16;OR19;OR19;;OCC;MCO;OK;07/02/2024;;E;C;T;;A2;;;;;;;;;;;;;;;;
7912721;TERRITOIRE;FT 94077/1165;7912721;;OR16;OR16;OR19;OR19;;OCC;MCO;OK;24/04/2024;;E;C;I;;K1C;;;;;;;;;;;;;;;;
7871396;TERRITOIRE;FT 92073/38;7871396;;OR16;OR16;OR19;OR19;;OCC;MCO;OK;16/04/2024;;E;C;I;;U6T;;;;;;;;;;;;;;;;
7568350;TERRITOIRE;FT 94002/563;7568350;;OR16;OR16;OR19;OR19;;OCC;MCO;OK;08/02/2024;;E;C;T;;OHN;;;;;;;;;;;;;;;;
8104309;TERRITOIRE;FT 94033/554;8104309;;OR16;OR16;OR19;OR19;;OCC;MCO;OK;31/01/2024;;E;C;I;;L2T;;;;;;;;;;;;;;;;
7635195;TERRITOIRE;FT 93072/704;7635195;;OR16;OR16;OR19;OR19;;OCC;MCO;OK;22/02/2024;;E;C;T;;OHN;;;;;;;;;;;;;;;;
7605757;TERRITOIRE;FT 92026/95;7605757;;OR16;OR16;OR19;OR19;;OCC;MCO;OK;14/02/2024;;E;C;T;;S3T;;;;;;;;;;;;;;;;
7619830;TERRITOIRE;FT 93031/165;7619830;;OR16;OR16;OR19;OR19;;OCC;MCO;OK;19/02/2024;;E;C;T;;S3T;;;;;;;;;;;;;;;;
7616315;TERRITOIRE;FT 94033/1232;7616315;;OR16;OR16;OR19;OR19;;OCC;MCO;OK;16/02/2024;;E;C;T;;U7T;;;;;;;;;;;;;;;;
7861472;TERRITOIRE;FT 94081/408;7861472;;OR16;OR16;OR19;OR19;;OCC;MCO;OK;12/04/2024;;E;C;I;;OHN;;;;;;;;;;;;;;;;
7566420;TERRITOIRE;FT 93046/572;7566420;;OR16;OR16;OR19;OR19;;OCC;MCO;OK;08/02/2024;;E;C;T;;L4T;;;;;;;;;;;;;;;;
7830110;TERRITOIRE;FT 92019/228;7830110;;OR16;OR16;OR19;OR19;;OCC;MCO;OK;02/04/2024;;E;C;I;;OHN;;;;;;;;;;;;;;;;
7630070;TERRITOIRE;FT 93064/1899;7630070;;OR16;OR16;OR19;OR19;;OCC;MCO;OK;21/02/2024;;E;C;T;;OHN;;;;;;;;;;;;;;;;
8000310;TERRITOIRE;FT 94033/1435;8000310;;OR16;OR16;OR19;OR19;;OCC;MCO;OK;15/05/2024;;E;C;I;;S4T;;;;;;;;;;;;;;;;
7902722;TERRITOIRE;FT 94080/988;7902722;;OR16;OR16;OR19;OR19;;OCC;MCO;OK;23/04/2024;;E;C;I;;L3T;;;;;;;;;;;;;;;;
7553615;TERRITOIRE;FT 92036/797;7553615;;OR16;OR16;OR19;OR19;;OCC;MCO;OK;06/02/2024;;E;C;T;;S3T;;;;;;;;;;;;;;;;
7800345;TERRITOIRE;FT 92075/294;7800345;;OR16;OR16;OR19;OR19;;OCC;MCO;OK;26/03/2024;;E;C;I;;S3T;;;;;;;;;;;;;;;;
7761273;TERRITOIRE;FT 93057/157;7761273;;OR16;OR16;OR19;OR19;;OCC;MCO;OK;18/03/2024;;E;C;T;;S4T;;;;;;;;;;;;;;;;
7643829;TERRITOIRE;FT 93007/385;7643829;;OR16;OR16;OR19;OR19;;OCC;MCO;OK;23/02/2024;;E;C;T;;A2;;;;;;;;;;;;;;;;
7811833;TERRITOIRE;FT 94054/510;7811833;;OR16;OR16;OR19;OR19;;OCC;MCO;OK;27/03/2024;;E;C;I;;L4T;;;;;;;;;;;;;;;;
7883505;TERRITOIRE;FT 78646/1322;7883505;;OR16;OR16;OR19;OR19;;OCC;MCO;OK;18/04/2024;;E;C;I;;OHN;;;;;;;;;;;;;;;;
7963519;TERRITOIRE;FT 94034/413;7963519;;OR16;OR16;OR19;OR19;;OCC;MCO;OK;06/05/2024;;E;C;I;;L2T;;;;;;;;;;;;;;;;
7912713;TERRITOIRE;FT 94077/930;7912713;;OR16;OR16;OR19;OR19;;OCC;MCO;OK;24/04/2024;;E;C;I;;OHN;;;;;;;;;;;;;;;;
7991055;TERRITOIRE;FT 93057/866;7991055;;OR16;OR16;OR19;OR19;;OCC;MCO;OK;13/05/2024;;E;C;I;;L3T;;;;;;;;;;;;;;;;
7795520;TERRITOIRE;FT 93048/1618;7795520;;OR16;OR16;OR19;OR19;;OCC;MCO;OK;25/03/2024;;E;C;I;;OHN;;;;;;;;;;;;;;;;
7859417;TERRITOIRE;FT 94068/1995;7859417;;OR16;OR16;OR19;OR19;;OCC;MCO;OK;20/03/2024;;E;C;I;;OHN;;;;;;;;;;;;;;;;
7692468;TERRITOIRE;FT 92007/672;7692468;;OR16;OR16;OR19;OR19;;OCC;MCO;OK;05/03/2024;;E;C;T;;S3T;;;;;;;;;;;;;;;;
7915889;TERRITOIRE;FT 94018/21;7915889;;OR16;OR16;OR19;OR19;;OCC;MCO;OK;24/04/2024;;E;C;I;;V7T;;;;;;;;;;;;;;;;
7850276;TERRITOIRE;FT 94022/937;7850276;;OR16;OR16;OR19;OR19;;OCC;MCO;OK;08/04/2024;;E;C;I;;L4T;;;;;;;;;;;;;;;;
7838414;TERRITOIRE;FT 92009/864;7838414;;OR16;OR16;OR19;OR19;;OCC;MCO;OK;04/04/2024;;E;C;I;;S3T;;;;;;;;;;;;;;;;
7683833;TERRITOIRE;FT 93029/1157;7683833;;OR16;OR16;OR19;OR19;;OCC;MCO;OK;04/03/2024;;E;C;T;;S4T;;;;;;;;;;;;;;;;
7630176;TERRITOIRE;FT 93064/1732;7630176;;OR16;OR16;OR19;OR19;;OCC;MCO;OK;21/02/2024;;E;C;T;;OHN;;;;;;;;;;;;;;;;
7883258;TERRITOIRE;FT 92050/252;7883258;;OR16;OR16;OR19;OR19;;OCC;MCO;OK;18/04/2024;;E;C;I;;S4T;;;;;;;;;;;;;;;;
7542723;TERRITOIRE;FT 92024/712;7542723;;OR16;OR16;OR19;OR19;;OCC;MCO;OK;02/02/2024;;E;C;T;;S3T;;;;;;;;;;;;;;;;
7530580;TERRITOIRE;FT 93010/852;7530580;;OR16;OR16;OR19;OR19;;OCC;MCO;OK;01/02/2024;;E;C;T;;OHN;;;;;;;;;;;;;;;;
7542737;TERRITOIRE;FT 92024/726;7542737;;OR16;OR16;OR19;OR19;;OCC;MCO;OK;02/02/2024;;E;C;T;;S3T;;;;;;;;;;;;;;;;
7615993;TERRITOIRE;FT 93070/301;7615993;;OR16;OR16;OR19;OR19;;OCC;MCO;OK;16/02/2024;;E;C;T;;OHN;;;;;;;;;;;;;;;;
7609959;TERRITOIRE;FT 92004/106;7609959;;OR16;OR16;OR19;OR19;;OCC;MCO;OK;15/02/2024;;E;C;T;;L1T;;;;;;;;;;;;;;;;
7912655;TERRITOIRE;FT 94077/391;7912655;;OR16;OR16;OR19;OR19;;OCC;MCO;OK;24/04/2024;;E;C;I;;L3T;;;;;;;;;;;;;;;;
7683837;TERRITOIRE;FT 93008/600;7683837;;OR16;OR16;OR19;OR19;;OCC;MCO;OK;04/03/2024;;E;C;T;;L2T;;;;;;;;;;;;;;;;
7654783;TERRITOIRE;FT 93007/1805;7654783;;OR16;OR16;OR19;OR19;;OCC;MCO;OK;27/02/2024;;E;C;T;;P2C;;;;;;;;;;;;;;;;
7912627;TERRITOIRE;FT 94077/1053;7912627;;OR16;OR16;OR19;OR19;;OCC;MCO;OK;24/04/2024;;E;C;I;;L3T;;;;;;;;;;;;;;;;
7553592;TERRITOIRE;FT 92036/851;7553592;;OR16;OR16;OR19;OR19;;OCC;MCO;OK;06/02/2024;;E;C;T;;U5T;;;;;;;;;;;;;;;;
7600653;TERRITOIRE;FT 92044/1042;7600653;;OR16;OR16;OR19;OR19;;OCC;MCO;OK;13/02/2024;;E;C;T;;V6T;;;;;;;;;;;;;;;;
7594867;TERRITOIRE;FT 94002/278;7594867;;OR16;OR16;OR19;OR19;;OCC;MCO;OK;13/02/2024;;E;C;T;;U4T;;;;;;;;;;;;;;;;
7750400;TERRITOIRE;FT 94028/1690;7750400;;OR16;OR16;OR19;OR19;;OCC;MCO;OK;15/03/2024;;E;C;T;;L2T;;;;;;;;;;;;;;;;
7763200;TERRITOIRE;FT 92004/1675;7763200;;OR16;OR16;OR19;OR19;;OCC;MCO;OK;18/03/2024;;E;C;T;;OHN;;;;;;;;;;;;;;;;
7915829;TERRITOIRE;FT 94018/349;7915829;;OR16;OR16;OR19;OR19;;OCC;MCO;OK;24/04/2024;;E;C;I;;OHN;;;;;;;;;;;;;;;;
7861435;TERRITOIRE;FT 94081/552;7861435;;OR16;OR16;OR19;OR19;;OCC;MCO;OK;12/04/2024;;E;C;I;;OHN;;;;;;;;;;;;;;;;
7855684;TERRITOIRE;FT 92060/376;7855684;;OR16;OR16;OR19;OR19;;OCC;MCO;OK;10/04/2024;;E;C;I;;OHN;;;;;;;;;;;;;;;;
7994547;TERRITOIRE;FT 93057/775;7994547;;OR16;OR16;OR19;OR19;;OCC;MCO;OK;13/05/2024;;E;C;I;;OHN;;;;;;;;;;;;;;;;
7692471;TERRITOIRE;FT 92007/409;7692471;;OR16;OR16;OR19;OR19;;OCC;MCO;OK;05/03/2024;;E;C;T;;S3T;;;;;;;;;;;;;;;;
7837763;TERRITOIRE;FT 92025/827;7837763;;OR16;OR16;OR19;OR19;;OCC;MCO;OK;04/04/2024;;E;C;I;;S3T;;;;;;;;;;;;;;;;
7651553;TERRITOIRE;FT 92036/347;7651553;;OR16;OR16;OR19;OR19;;OCC;MCO;OK;26/02/2024;;E;C;T;;U5T;;;;;;;;;;;;;;;;
7690246;TERRITOIRE;FT 93001/1619;7690246;;OR16;OR16;OR19;OR19;;OCC;MCO;OK;05/03/2024;;E;C;T;;V6T;;;;;;;;;;;;;;;;
7514244;TERRITOIRE;FT 93055/165;7514244;;OR16;OR16;OR19;OR19;;OCC;MCO;OK;30/01/2024;;E;C;T;;OHN;;;;;;;;;;;;;;;;
7761341;TERRITOIRE;FT 93057/395;7761341;;OR16;OR16;OR19;OR19;;OCC;MCO;OK;18/03/2024;;E;C;T;;OHN;;;;;;;;;;;;;;;;
7861439;TERRITOIRE;FT 94081/569;7861439;;OR16;OR16;OR19;OR19;;OCC;MCO;OK;12/04/2024;;E;C;I;;K3C;;;;;;;;;;;;;;;;
7511352;TERRITOIRE;FT 93059/183;7511352;;OR16;OR16;OR19;OR19;;OCC;MCO;OK;30/01/2024;;E;C;T;;OHN;;;;;;;;;;;;;;;;
7850251;TERRITOIRE;FT 94022/911;7850251;;OR16;OR16;OR19;OR19;;OCC;MCO;OK;08/04/2024;;E;C;I;;OHN;;;;;;;;;;;;;;;;
7912710;TERRITOIRE;FT 94077/932;7912710;;OR16;OR16;OR19;OR19;;OCC;MCO;OK;24/04/2024;;E;C;I;;OHN;;;;;;;;;;;;;;;;
7855678;TERRITOIRE;FT 92060/1356;7855678;;OR16;OR16;OR19;OR19;;OCC;MCO;OK;10/04/2024;;E;C;I;;K3C;;;;;;;;;;;;;;;;
7609960;TERRITOIRE;FT 92004/701;7609960;;OR16;OR16;OR19;OR19;;OCC;MCO;OK;15/02/2024;;E;C;T;;U5T;;;;;;;;;;;;;;;;
7777121;TERRITOIRE;FT 92002/1108;7777121;;OR16;OR16;OR19;OR19;;OCC;MCO;OK;20/03/2024;;E;C;T;;S3T;;;;;;;;;;;;;;;;
7859235;TERRITOIRE;FT 94068/185;7859235;;OR16;OR16;OR19;OR19;;OCC;MCO;OK;11/04/2024;;E;C;I;;OHN;;;;;;;;;;;;;;;;
7837440;TERRITOIRE;FT 92025/397;7837440;;OR16;OR16;OR19;OR19;;OCC;MCO;OK;04/04/2024;;E;C;I;;S4T;;;;;;;;;;;;;;;;
7609956;TERRITOIRE;FT 92004/387;7609956;;OR16;OR16;OR19;OR19;;OCC;MCO;OK;15/02/2024;;E;C;T;;U4T;;;;;;;;;;;;;;;;
7530606;TERRITOIRE;FT 93010/885;7530606;;OR16;OR16;OR19;OR19;;OCC;MCO;OK;01/02/2024;;E;C;T;;S3T;;;;;;;;;;;;;;;;
7566430;TERRITOIRE;FT 93046/818;7566430;;OR16;OR16;OR19;OR19;;OCC;MCO;OK;08/02/2024;;E;C;T;;OHN;;;;;;;;;;;;;;;;
7877126;TERRITOIRE;FT 92012/500;7877126;;OR16;OR16;OR19;OR19;;OCC;MCO;OK;17/04/2024;;E;C;I;;OHN;;;;;;;;;;;;;;;;
7568338;TERRITOIRE;FT 94015/486;7568338;;OR16;OR16;OR19;OR19;;OCC;MCO;OK;08/02/2024;;E;C;T;;L1T;;;;;;;;;;;;;;;;
7731521;TERRITOIRE;FT 94011/167;7731521;;OR16;OR16;OR19;OR19;;OCC;MCO;OK;13/03/2024;;E;C;T;;S3T;;;;;;;;;;;;;;;;
7837450;TERRITOIRE;FT 92025/848;7837450;;OR16;OR16;OR19;OR19;;OCC;MCO;OK;04/04/2024;;E;C;I;;L3T;;;;;;;;;;;;;;;;
7609908;TERRITOIRE;FT 92004/794;7609908;;OR16;OR16;OR19;OR19;;OCC;MCO;OK;15/02/2024;;E;C;T;;S3T;;;;;;;;;;;;;;;;
7783123;TERRITOIRE;FT 92014/379;7783123;;OR16;OR16;OR19;OR19;;OCC;MCO;OK;21/03/2024;;E;C;I;;S1T;;;;;;;;;;;;;;;;
7608947;TERRITOIRE;FT 92026/775;7608947;;OR16;OR16;OR19;OR19;;OCC;MCO;OK;14/02/2024;;E;C;T;;OHN;;;;;;;;;;;;;;;;
7798463;TERRITOIRE;FT 92023/2375;7798463;;OR16;OR16;OR19;OR19;;OCC;MCO;OK;25/03/2024;;E;C;I;;S4T;;;;;;;;;;;;;;;;
7856647;TERRITOIRE;FT 92019/901;7856647;;OR16;OR16;OR19;OR19;;OCC;MCO;OK;10/04/2024;;E;C;I;;L2T;;;;;;;;;;;;;;;;
3128316;TERRITOIRE;CH3128316;3128316;;;;OR19;OR21;;OCC;MCO;OK;28/10/2020;;E;C;T;;L3T;;;;;;;;;;;;;;;;
7991705;TERRITOIRE;FT 93010/266;7991705;;OR16;OR16;OR19;OR19;;OCC;MCO;OK;13/05/2024;;E;C;I;;A2;;;;;;;;;;;;;;;;
7850314;TERRITOIRE;FT 94022/1253;7850314;;OR16;OR16;OR19;OR19;;OCC;MCO;OK;08/04/2024;;E;C;I;;OHN;;;;;;;;;;;;;;;;
7834231;TERRITOIRE;FT 94017/2165;7834231;;OR16;OR16;OR19;OR19;;OCC;MCO;OK;03/04/2024;;E;C;I;;OHN;;;;;;;;;;;;;;;;
7651539;TERRITOIRE;FT 92036/1367;7651539;;OR16;OR16;OR19;OR19;;OCC;MCO;OK;26/02/2024;;E;C;T;;L4T;;;;;;;;;;;;;;;;
7948806;TERRITOIRE;FT 93063/639;7948806;;OR16;OR16;OR19;OR19;;OCC;MCO;OK;02/05/2024;;E;C;I;;OHN;;;;;;;;;;;;;;;;
7687035;TERRITOIRE;FT 93001/1471;7687035;;OR16;OR16;OR19;OR19;;OCC;MCO;OK;05/03/2024;;E;C;T;;OHN;;;;;;;;;;;;;;;;
1341186;HORS TERRITOIRE;L4T Rue Joseph Bertrand face NRA FT;1341186;;OR227;OR227;OR19;OR19;;OCC;MCO;OK;09/03/2010;;E;C;T;;L4T;;;;;;;;;;;;;;;;
7850250;TERRITOIRE;FT 94022/912;7850250;;OR16;OR16;OR19;OR19;;OCC;MCO;OK;08/04/2024;;E;C;I;;OHN;;;;;;;;;;;;;;;;
7522228;TERRITOIRE;FT 93010/677;7522228;;OR16;OR16;OR19;OR19;;OCC;MCO;OK;31/01/2024;;E;C;T;;OHN;;;;;;;;;;;;;;;;
2772147;TERRITOIRE;CH2772147;2772147;;OR227;OR227;OR19;OR19;;OCC;MCO;OK;26/06/2019;;E;C;T;;OHN;;;;;;;;;;;;;;;;
7883855;TERRITOIRE;FT 78646/1912;7883855;;OR16;OR16;OR19;OR19;;OCC;MCO;OK;18/04/2024;;E;C;I;;OHN;;;;;;;;;;;;;;;;
7973768;TERRITOIRE;FT 95063/748;7973768;;OR16;OR16;OR19;OR19;;OCC;MCO;OK;07/05/2024;;E;C;I;;OHN;;;;;;;;;;;;;;;;
7827201;TERRITOIRE;FT 92046/520;7827201;;OR16;OR16;OR19;OR19;;OCC;MCO;OK;02/04/2024;;E;C;I;;S3T;;;;;;;;;;;;;;;;
7731196;TERRITOIRE;FT 94028/1047;7731196;;OR16;OR16;OR19;OR19;;OCC;MCO;OK;13/03/2024;;E;C;T;;L2T;;;;;;;;;;;;;;;;
7827260;TERRITOIRE;FT 92046/107;7827260;;OR16;OR16;OR19;OR19;;OCC;MCO;OK;02/04/2024;;E;C;I;;U5T;;;;;;;;;;;;;;;;
7772484;TERRITOIRE;FT 94068/1898;7772484;;OR16;OR16;OR19;OR19;;OCC;MCO;OK;20/03/2024;;E;C;T;;OHN;;;;;;;;;;;;;;;;
7819870;TERRITOIRE;FT 94041/980;7819870;;OR16;OR16;OR19;OR19;;OCC;MCO;OK;28/03/2024;;E;C;I;;L4T;;;;;;;;;;;;;;;;
7795867;TERRITOIRE;FT 93048/1591;7795867;;OR16;OR16;OR19;OR19;;OCC;MCO;OK;25/03/2024;;E;C;I;;OHN;;;;;;;;;;;;;;;;
7973757;TERRITOIRE;FT 95063/1508;7973757;;OR16;OR16;OR19;OR19;;OCC;MCO;OK;07/05/2024;;E;C;I;;K1C;;;;;;;;;;;;;;;;
7883188;TERRITOIRE;FT 92012/1107;7883188;;OR16;OR16;OR19;OR19;;OCC;MCO;OK;18/04/2024;;E;C;I;;S5T;;;;;;;;;;;;;;;;
7873267;TERRITOIRE;FT 94065/168;7873267;;OR16;OR16;OR19;OR19;;OCC;MCO;OK;16/04/2024;;E;C;I;;L3T;;;;;;;;;;;;;;;;
7731518;TERRITOIRE;FT 94011/156;7731518;;OR16;OR16;OR19;OR19;;OCC;MCO;OK;13/03/2024;;E;C;T;;S3T;;;;;;;;;;;;;;;;
7883273;TERRITOIRE;FT 78646/4490;7883273;;OR16;OR16;OR19;OR19;;OCC;MCO;OK;18/04/2024;;E;C;I;;OHN;;;;;;;;;;;;;;;;
7522233;TERRITOIRE;FT 93010/716;7522233;;OR16;OR16;OR19;OR19;;OCC;MCO;OK;31/01/2024;;E;C;T;;S4T;;;;;;;;;;;;;;;;
7615025;TERRITOIRE;FT 93048/2362;7615025;;OR16;OR16;OR19;OR19;;OCC;MCO;OK;16/02/2024;;E;C;T;;OHN;;;;;;;;;;;;;;;;
7542705;TERRITOIRE;FT 92024/106;7542705;;OR16;OR16;OR19;OR19;;OCC;MCO;OK;02/02/2024;;E;C;T;;S4T;;;;;;;;;;;;;;;;
7790075;TERRITOIRE;FT 93039/149;7790075;;OR16;OR16;OR19;OR19;;OCC;MCO;OK;22/03/2024;;E;C;I;;S4T;;;;;;;;;;;;;;;;
7789751;TERRITOIRE;FT 93039/153;7789751;;OR16;OR16;OR19;OR19;;OCC;MCO;OK;22/03/2024;;E;C;I;;OHN;;;;;;;;;;;;;;;;
7991399;TERRITOIRE;FT 93010/1288;7991399;;OR16;OR16;OR19;OR19;;OCC;MCO;OK;13/05/2024;;E;C;I;;A2B;;;;;;;;;;;;;;;;
7568627;TERRITOIRE;FT 94002/527;7568627;;OR16;OR16;OR19;OR19;;OCC;MCO;OK;08/02/2024;;E;C;T;;U5T;;;;;;;;;;;;;;;;
7859263;TERRITOIRE;FT 94068/1304;7859263;;OR16;OR16;OR19;OR19;;OCC;MCO;OK;11/04/2024;;E;C;I;;L3T;;;;;;;;;;;;;;;;
7679354;TERRITOIRE;FT 94046/828;7679354;;OR16;OR16;OR19;OR19;;OCC;MCO;OK;04/03/2024;;E;C;T;;S4T;;;;;;;;;;;;;;;;
7672643;TERRITOIRE;FT 93066/831;7672643;;OR16;OR16;OR19;OR19;;OCC;MCO;OK;29/02/2024;;E;C;T;;OHN;;;;;;;;;;;;;;;;
7876832;TERRITOIRE;FT 92022/1177;7876832;;OR16;OR16;OR19;OR19;;OCC;MCO;OK;17/04/2024;;E;C;I;;A2;;;;;;;;;;;;;;;;
7799040;TERRITOIRE;FT 92023/2392;7799040;;OR16;OR16;OR19;OR19;;OCC;MCO;OK;25/03/2024;;E;C;I;;L2T;;;;;;;;;;;;;;;;
7883530;TERRITOIRE;FT 78646/1329;7883530;;OR16;OR16;OR19;OR19;;OCC;MCO;OK;18/04/2024;;E;C;I;;A2;;;;;;;;;;;;;;;;
7859373;TERRITOIRE;FT 94068/793;7859373;;OR16;OR16;OR19;OR19;;OCC;MCO;OK;11/04/2024;;E;C;I;;L3T;;;;;;;;;;;;;;;;
7926402;TERRITOIRE;FT 94021/630;7926402;;OR16;OR16;OR19;OR19;;OCC;MCO;OK;26/04/2024;;E;C;I;;P1T;;;;;;;;;;;;;;;;
7783107;TERRITOIRE;FT 92014/227;7783107;;OR16;OR16;OR19;OR19;;OCC;MCO;OK;21/03/2024;;E;C;I;;L2T;;;;;;;;;;;;;;;;
7651591;TERRITOIRE;FT 92036/1266;7651591;;OR16;OR16;OR19;OR19;;OCC;MCO;OK;26/02/2024;;E;C;T;;L2T;;;;;;;;;;;;;;;;
7750389;TERRITOIRE;FT 94028/1947;7750389;;OR16;OR16;OR19;OR19;;OCC;MCO;OK;15/03/2024;;E;C;T;;L3T;;;;;;;;;;;;;;;;
7856639;TERRITOIRE;FT 92019/745;7856639;;OR16;OR16;OR19;OR19;;OCC;MCO;OK;10/04/2024;;E;C;I;;U5T;;;;;;;;;;;;;;;;
7763199;TERRITOIRE;FT 92004/2327;7763199;;OR16;OR16;OR19;OR19;;OCC;MCO;OK;18/03/2024;;E;C;T;;M2T;;;;;;;;;;;;;;;;
7873280;TERRITOIRE;FT 94065/324;7873280;;OR16;OR16;OR19;OR19;;OCC;MCO;OK;16/04/2024;;E;C;I;;L3T;;;;;;;;;;;;;;;;
7790073;TERRITOIRE;FT 93039/95;7790073;;OR16;OR16;OR19;OR19;;OCC;MCO;OK;22/03/2024;;E;C;I;;OHN;;;;;;;;;;;;;;;;
7877115;TERRITOIRE;FT 92012/1787;7877115;;OR16;OR16;OR19;OR19;;OCC;MCO;OK;17/04/2024;;E;C;I;;S4T;;;;;;;;;;;;;;;;
7643185;TERRITOIRE;FT 93006/176;7643185;;OR16;OR16;OR19;OR19;;OCC;MCO;OK;23/02/2024;;E;C;T;;S3T;;;;;;;;;;;;;;;;
7838404;TERRITOIRE;FT 92009/1;7838404;;OR16;OR16;OR19;OR19;;OCC;MCO;OK;04/04/2024;;E;C;I;;U4T;;;;;;;;;;;;;;;;
7643199;TERRITOIRE;FT 93007/395;7643199;;OR16;OR16;OR19;OR19;;OCC;MCO;OK;23/02/2024;;E;C;T;;A2B;;;;;;;;;;;;;;;;
7638082;TERRITOIRE;FT 94033/858;7638082;;OR16;OR16;OR19;OR19;;OCC;MCO;OK;22/02/2024;;E;C;T;;OHN;;;;;;;;;;;;;;;;
7847986;TERRITOIRE;FT 93048/3454;7847986;;OR16;OR16;OR19;OR19;;OCC;MCO;OK;07/04/2024;;E;C;I;;OHN;;;;;;;;;;;;;;;;
7899827;TERRITOIRE;FT 78646/6199;7899827;;OR16;OR16;OR19;OR19;;OCC;MCO;OK;23/04/2024;;E;C;I;;D4;;;;;;;;;;;;;;;;
7798459;TERRITOIRE;FT 92023/2734;7798459;;OR16;OR16;OR19;OR19;;OCC;MCO;OK;25/03/2024;;E;C;I;;S3T;;;;;;;;;;;;;;;;
3128312;TERRITOIRE;CH3128312;3128312;;;;OR19;OR21;;OCC;MCO;OK;28/10/2020;;E;C;T;;L2T;;;;;;;;;;;;;;;;
7615995;TERRITOIRE;FT 93070/712;7615995;;OR16;OR16;OR19;OR19;;OCC;MCO;OK;16/02/2024;;E;C;T;;OHN;;;;;;;;;;;;;;;;
7518409;TERRITOIRE;FT 94033/483;7518409;;OR16;OR16;OR19;OR19;;OCC;MCO;OK;31/01/2024;;E;C;T;;OHN;;;;;;;;;;;;;;;;
7883199;TERRITOIRE;FT 92012/476;7883199;;OR16;OR16;OR19;OR19;;OCC;MCO;OK;18/04/2024;;E;C;I;;S3T;;;;;;;;;;;;;;;;
7811844;TERRITOIRE;FT 94081/1197;7811844;;OR16;OR16;OR19;OR19;;OCC;MCO;OK;27/03/2024;;E;C;I;;L3T;;;;;;;;;;;;;;;;
7714576;TERRITOIRE;FT 92004/1193;7714576;;OR16;OR16;OR19;OR19;;OCC;MCO;OK;08/03/2024;;E;C;T;;S4T;;;;;;;;;;;;;;;;
7616317;TERRITOIRE;FT 94033/1273;7616317;;OR16;OR16;OR19;OR19;;OCC;MCO;OK;16/02/2024;;E;C;T;;S4T;;;;;;;;;;;;;;;;
7530572;TERRITOIRE;FT 93010/881;7530572;;OR16;OR16;OR19;OR19;;OCC;MCO;OK;01/02/2024;;E;C;T;;S3T;;;;;;;;;;;;;;;;
7777074;TERRITOIRE;FT 92002/703;7777074;;OR16;OR16;OR19;OR19;;OCC;MCO;OK;20/03/2024;;E;C;T;;S4T;;;;;;;;;;;;;;;;
7763213;TERRITOIRE;FT 92036/1041;7763213;;OR16;OR16;OR19;OR19;;OCC;MCO;OK;18/03/2024;;E;C;T;;L2T;;;;;;;;;;;;;;;;
1369300;HORS TERRITOIRE;FRANCE TELECOM 175;1369300;;OR228;OR228;OR19;OR19;;OCC;MCO;OK;27/02/2015;;E;C;T;;L1T;;;;;;;;;;;;;;;;
7855667;TERRITOIRE;FT 92060/30;7855667;;OR16;OR16;OR19;OR19;;OCC;MCO;OK;10/04/2024;;E;C;I;;OHN;;;;;;;;;;;;;;;;
7649268;TERRITOIRE;FT 92078/287;7649268;;OR16;OR16;OR19;OR19;;OCC;MCO;OK;26/02/2024;;E;C;T;;S4T;;;;;;;;;;;;;;;;
7832638;TERRITOIRE;FT 94017/1917;7832638;;OR16;OR16;OR19;OR19;;OCC;MCO;OK;03/04/2024;;E;C;I;;OHN;;;;;;;;;;;;;;;;
7883262;TERRITOIRE;FT 92050/693;7883262;;OR16;OR16;OR19;OR19;;OCC;MCO;OK;18/04/2024;;E;C;I;;U4T;;;;;;;;;;;;;;;;
7912706;TERRITOIRE;FT 94077/618;7912706;;OR16;OR16;OR19;OR19;;OCC;MCO;OK;24/04/2024;;E;C;I;;L2T;;;;;;;;;;;;;;;;
7811867;TERRITOIRE;FT 94081/1204;7811867;;OR16;OR16;OR19;OR19;;OCC;MCO;OK;27/03/2024;;E;C;I;;L3T;;;;;;;;;;;;;;;;
7783100;TERRITOIRE;FT 92002/2252;7783100;;OR16;OR16;OR19;OR19;;OCC;MCO;OK;21/03/2024;;E;C;I;;S3T;;;;;;;;;;;;;;;;
7651521;TERRITOIRE;FT 92024/991;7651521;;OR16;OR16;OR19;OR19;;OCC;MCO;OK;26/02/2024;;E;C;T;;S3T;;;;;;;;;;;;;;;;
7530586;TERRITOIRE;FT 93010/876;7530586;;OR16;OR16;OR19;OR19;;OCC;MCO;OK;01/02/2024;;E;C;T;;OHN;;;;;;;;;;;;;;;;
7783132;TERRITOIRE;FT 92014/233;7783132;;OR16;OR16;OR19;OR19;;OCC;MCO;OK;21/03/2024;;E;C;I;;S1T;;;;;;;;;;;;;;;;
7597746;TERRITOIRE;FT 94017/2362;7597746;;OR16;OR16;OR19;OR19;;OCC;MCO;OK;13/02/2024;;E;C;T;;U5T;;;;;;;;;;;;;;;;
7596169;TERRITOIRE;FT 94017/2306;7596169;;OR16;OR16;OR19;OR19;;OCC;MCO;OK;13/02/2024;;E;C;T;;U5T;;;;;;;;;;;;;;;;
7798401;TERRITOIRE;FT 92023/1897;7798401;;OR16;OR16;OR19;OR19;;OCC;MCO;OK;25/03/2024;;E;C;I;;L4T;;;;;;;;;;;;;;;;
7568308;TERRITOIRE;FT 94015/362;7568308;;OR16;OR16;OR19;OR19;;OCC;MCO;OK;08/02/2024;;E;C;T;;OHN;;;;;;;;;;;;;;;;
7731508;TERRITOIRE;FT 94028/1165;7731508;;OR16;OR16;OR19;OR19;;OCC;MCO;OK;13/03/2024;;E;C;T;;L3T;;;;;;;;;;;;;;;;
7651576;TERRITOIRE;FT 92036/1308;7651576;;OR16;OR16;OR19;OR19;;OCC;MCO;OK;26/02/2024;;E;C;T;;S4T;;;;;;;;;;;;;;;;
7963525;TERRITOIRE;FT 94034/971;7963525;;OR16;OR16;OR19;OR19;;OCC;MCO;OK;06/05/2024;;E;C;I;;L2T;;;;;;;;;;;;;;;;
7716155;TERRITOIRE;FT 94016/169;7716155;;OR16;OR16;OR19;OR19;;OCC;MCO;OK;11/03/2024;;E;C;T;;S4T;;;;;;;;;;;;;;;;
7565435;TERRITOIRE;FT 94015/346;7565435;;OR16;OR16;OR19;OR19;;OCC;MCO;OK;08/02/2024;;E;C;T;;OHN;;;;;;;;;;;;;;;;
7830072;TERRITOIRE;FT 92019/596;7830072;;OR16;OR16;OR19;OR19;;OCC;MCO;OK;02/04/2024;;E;C;I;;L0T;;;;;;;;;;;;;;;;
7800313;TERRITOIRE;FT 92075/114;7800313;;OR16;OR16;OR19;OR19;;OCC;MCO;OK;26/03/2024;;E;C;I;;U7T;;;;;;;;;;;;;;;;
7876839;TERRITOIRE;FT 92022/553;7876839;;OR16;OR16;OR19;OR19;;OCC;MCO;OK;17/04/2024;;E;C;I;;A2;;;;;;;;;;;;;;;;
7699514;TERRITOIRE;FT 92020/761;7699514;;OR16;OR16;OR19;OR19;;OCC;MCO;OK;06/03/2024;;E;C;T;;S4T;;;;;;;;;;;;;;;;
7905913;TERRITOIRE;FT 92051/201;7905913;;OR16;OR16;OR19;OR19;;OCC;MCO;OK;23/04/2024;;E;C;I;;V6T;;;;;;;;;;;;;;;;
7783087;TERRITOIRE;FT 92002/2253;7783087;;OR16;OR16;OR19;OR19;;OCC;MCO;OK;21/03/2024;;E;C;I;;S1T;;;;;;;;;;;;;;;;
7871380;TERRITOIRE;FT 94052/712;7871380;;OR16;OR16;OR19;OR19;;OCC;MCO;OK;16/04/2024;;E;C;I;;S4T;;;;;;;;;;;;;;;;
7508152;TERRITOIRE;FT 93059/184;7508152;;OR16;OR16;OR19;OR19;;OCC;MCO;OK;30/01/2024;;E;C;T;;OHN;;;;;;;;;;;;;;;;
7761308;TERRITOIRE;FT 93057/167;7761308;;OR16;OR16;OR19;OR19;;OCC;MCO;OK;18/03/2024;;E;C;T;;S3T;;;;;;;;;;;;;;;;
7855688;TERRITOIRE;FT 92060/306;7855688;;OR16;OR16;OR19;OR19;;OCC;MCO;OK;10/04/2024;;E;C;I;;L5T;;;;;;;;;;;;;;;;
7948829;TERRITOIRE;FT 94080/100;7948829;;OR16;OR16;OR19;OR19;;OCC;MCO;OK;02/05/2024;;E;C;I;;S4T;;;;;;;;;;;;;;;;
7837755;TERRITOIRE;FT 92025/838;7837755;;OR16;OR16;OR19;OR19;;OCC;MCO;OK;04/04/2024;;E;C;I;;S3T;;;;;;;;;;;;;;;;
7530547;TERRITOIRE;FT 93077/840;7530547;;OR16;OR16;OR19;OR19;;OCC;MCO;OK;01/02/2024;;E;C;T;;OHN;;;;;;;;;;;;;;;;
7683849;TERRITOIRE;FT 93008/632;7683849;;OR16;OR16;OR19;OR19;;OCC;MCO;OK;04/03/2024;;E;C;T;;L5T;;;;;;;;;;;;;;;;
7607469;TERRITOIRE;FT 92026/410;7607469;;OR16;OR16;OR19;OR19;;OCC;MCO;OK;14/02/2024;;E;C;T;;S4T;;;;;;;;;;;;;;;;
7850241;TERRITOIRE;FT 94022/297;7850241;;OR16;OR16;OR19;OR19;;OCC;MCO;OK;08/04/2024;;E;C;I;;L4T;;;;;;;;;;;;;;;;
7963537;TERRITOIRE;FT 94043/133;7963537;;OR16;OR16;OR19;OR19;;OCC;MCO;OK;06/05/2024;;E;C;I;;L4T;;;;;;;;;;;;;;;;
7838138;TERRITOIRE;FT 92009/3;7838138;;OR16;OR16;OR19;OR19;;OCC;MCO;OK;04/04/2024;;E;C;I;;S3T;;;;;;;;;;;;;;;;
7749439;TERRITOIRE;FT 94069/1;7749439;;OR16;OR16;OR19;OR19;;OCC;MCO;OK;15/03/2024;;E;C;T;;OHN;;;;;;;;;;;;;;;;
7963522;TERRITOIRE;FT 94034/405;7963522;;OR16;OR16;OR19;OR19;;OCC;MCO;OK;06/05/2024;;E;C;I;;OHN;;;;;;;;;;;;;;;;
7847992;TERRITOIRE;FT 94067/30;7847992;;OR16;OR16;OR19;OR19;;OCC;MCO;OK;07/04/2024;;E;C;I;;S4T;;;;;;;;;;;;;;;;
7830065;TERRITOIRE;FT 92019/530;7830065;;OR16;OR16;OR19;OR19;;OCC;MCO;OK;02/04/2024;;E;C;I;;S4T;;;;;;;;;;;;;;;;
7912681;TERRITOIRE;FT 94077/105;7912681;;OR16;OR16;OR19;OR19;;OCC;MCO;OK;24/04/2024;;E;C;I;;L4T;;;;;;;;;;;;;;;;
7553600;TERRITOIRE;FT 92036/939;7553600;;OR16;OR16;OR19;OR19;;OCC;MCO;OK;06/02/2024;;E;C;T;;OHN;;;;;;;;;;;;;;;;
7859217;TERRITOIRE;FT 94068/567;7859217;;OR16;OR16;OR19;OR19;;OCC;MCO;OK;11/04/2024;;E;C;I;;OHN;;;;;;;;;;;;;;;;
7877119;TERRITOIRE;FT 92012/1612;7877119;;OR16;OR16;OR19;OR19;;OCC;MCO;OK;17/04/2024;;E;C;I;;OHN;;;;;;;;;;;;;;;;
7620482;TERRITOIRE;FT 93048/174;7620482;;OR16;OR16;OR19;OR19;;OCC;MCO;OK;19/02/2024;;E;C;T;;S4T;;;;;;;;;;;;;;;;
7800312;TERRITOIRE;FT 92075/86;7800312;;OR16;OR16;OR19;OR19;;OCC;MCO;OK;26/03/2024;;E;C;I;;S5T;;;;;;;;;;;;;;;;
7597750;TERRITOIRE;FT 94017/2361;7597750;;OR16;OR16;OR19;OR19;;OCC;MCO;OK;13/02/2024;;E;C;T;;U5T;;;;;;;;;;;;;;;;
3137702;TERRITOIRE;CH3137702;3137702;;;;OR19;OR21;;OCC;MCO;OK;10/11/2020;;E;C;T;;L4T;;;;;;;;;;;;;;;;
7533119;TERRITOIRE;FT 93059/813;7533119;;OR16;OR16;OR19;OR19;;OCC;MCO;OK;01/02/2024;;E;C;T;;L1T;;;;;;;;;;;;;;;;
8201905;TERRITOIRE;FT 92060/325;8201905;;OR16;OR16;OR19;OR19;;OCC;MCO;OK;19/06/2024;;E;C;I;;NC;;;;;;;;;;;;;;;;
7761306;TERRITOIRE;FT 93057/333;7761306;;OR16;OR16;OR19;OR19;;OCC;MCO;OK;18/03/2024;;E;C;T;;OHN;;;;;;;;;;;;;;;;
7651590;TERRITOIRE;FT 92036/1259;7651590;;OR16;OR16;OR19;OR19;;OCC;MCO;OK;26/02/2024;;E;C;T;;S3T;;;;;;;;;;;;;;;;
7871355;TERRITOIRE;FT 94052/725;7871355;;OR16;OR16;OR19;OR19;;OCC;MCO;OK;16/04/2024;;E;C;I;;OHN;;;;;;;;;;;;;;;;
7651568;TERRITOIRE;FT 92036/1271;7651568;;OR16;OR16;OR19;OR19;;OCC;MCO;OK;26/02/2024;;E;C;T;;L2T;;;;;;;;;;;;;;;;
7871351;TERRITOIRE;FT 94052/404;7871351;;OR16;OR16;OR19;OR19;;OCC;MCO;OK;16/04/2024;;E;C;I;;S4T;;;;;;;;;;;;;;;;
7859233;TERRITOIRE;FT 94068/221;7859233;;OR16;OR16;OR19;OR19;;OCC;MCO;OK;11/04/2024;;E;C;I;;OHN;;;;;;;;;;;;;;;;
7609930;TERRITOIRE;FT 92026/331;7609930;;OR16;OR16;OR19;OR19;;OCC;MCO;OK;15/02/2024;;E;C;T;;OHN;;;;;;;;;;;;;;;;
7883517;TERRITOIRE;FT 78646/4501;7883517;;OR16;OR16;OR19;OR19;;OCC;MCO;OK;18/04/2024;;E;C;I;;D4;;;;;;;;;;;;;;;;
7542714;TERRITOIRE;FT 92024/1250;7542714;;OR16;OR16;OR19;OR19;;OCC;MCO;OK;02/02/2024;;E;C;T;;L2T;;;;;;;;;;;;;;;;
7883190;TERRITOIRE;FT 92012/1720;7883190;;OR16;OR16;OR19;OR19;;OCC;MCO;OK;18/04/2024;;E;C;I;;S4T;;;;;;;;;;;;;;;;
7876825;TERRITOIRE;FT 92022/528;7876825;;OR16;OR16;OR19;OR19;;OCC;MCO;OK;17/04/2024;;E;C;I;;A2;;;;;;;;;;;;;;;;
7619836;TERRITOIRE;FT 93031/1341;7619836;;OR16;OR16;OR19;OR19;;OCC;MCO;OK;19/02/2024;;E;C;T;;L3T;;;;;;;;;;;;;;;;
7692466;TERRITOIRE;FT 92007/673;7692466;;OR16;OR16;OR19;OR19;;OCC;MCO;OK;05/03/2024;;E;C;T;;S3T;;;;;;;;;;;;;;;;
7830109;TERRITOIRE;FT 92019/344;7830109;;OR16;OR16;OR19;OR19;;OCC;MCO;OK;02/04/2024;;E;C;I;;S4T;;;;;;;;;;;;;;;;
7637426;TERRITOIRE;FT 94052/276;7637426;;OR16;OR16;OR19;OR19;;OCC;MCO;OK;22/02/2024;;E;C;T;;OHN;;;;;;;;;;;;;;;;
7819848;TERRITOIRE;FT 94041/488;7819848;;OR16;OR16;OR19;OR19;;OCC;MCO;OK;28/03/2024;;E;C;I;;P1T;;;;;;;;;;;;;;;;
7859407;TERRITOIRE;FT 94068/2768;7859407;;OR16;OR16;OR19;OR19;;OCC;MCO;OK;11/04/2024;;E;C;I;;OHN;;;;;;;;;;;;;;;;
7782719;TERRITOIRE;FT 92032/406;7782719;;OR16;OR16;OR19;OR19;;OCC;MCO;OK;21/03/2024;;E;C;I;;S3T;;;;;;;;;;;;;;;;
7690269;TERRITOIRE;FT 92007/548;7690269;;OR16;OR16;OR19;OR19;;OCC;MCO;OK;05/03/2024;;E;C;T;;L3T;;;;;;;;;;;;;;;;
7833270;TERRITOIRE;FT 94017/1944;7833270;;OR16;OR16;OR19;OR19;;OCC;MCO;OK;03/04/2024;;E;C;I;;S1T;;;;;;;;;;;;;;;;
7915862;TERRITOIRE;FT 94018/1;7915862;;OR16;OR16;OR19;OR19;;OCC;MCO;OK;24/04/2024;;E;C;I;;OHN;;;;;;;;;;;;;;;;
7855719;TERRITOIRE;FT 92060/502;7855719;;OR16;OR16;OR19;OR19;;OCC;MCO;OK;10/04/2024;;E;C;I;;L1T;;;;;;;;;;;;;;;;
7600677;TERRITOIRE;FT 92044/189;7600677;;OR16;OR16;OR19;OR19;;OCC;MCO;OK;13/02/2024;;E;C;T;;U5T;;;;;;;;;;;;;;;;
7861434;TERRITOIRE;FT 94081/579;7861434;;OR16;OR16;OR19;OR19;;OCC;MCO;OK;12/04/2024;;E;C;I;;L4T;;;;;;;;;;;;;;;;
7991461;TERRITOIRE;FT 93077/478;7991461;;OR16;OR16;OR19;OR19;;OCC;MCO;OK;13/05/2024;;E;C;I;;L2T;;;;;;;;;;;;;;;;
7777284;TERRITOIRE;FT 92002/4366;7777284;;OR16;OR16;OR19;OR19;;OCC;MCO;OK;20/03/2024;;E;C;T;;L1T;;;;;;;;;;;;;;;;
7876816;TERRITOIRE;FT 78640/168;7876816;;OR16;OR16;OR19;OR19;;OCC;MCO;OK;17/04/2024;;E;C;I;;P3C;;;;;;;;;;;;;;;;
7902714;TERRITOIRE;FT 94080/1010;7902714;;OR16;OR16;OR19;OR19;;OCC;MCO;OK;23/04/2024;;E;C;I;;OHN;;;;;;;;;;;;;;;;
7798465;TERRITOIRE;FT 92023/2406;7798465;;OR16;OR16;OR19;OR19;;OCC;MCO;OK;25/03/2024;;E;C;I;;S1T;;;;;;;;;;;;;;;;
7645427;TERRITOIRE;FT 93008/237;7645427;;OR16;OR16;OR19;OR19;;OCC;MCO;OK;23/02/2024;;E;C;T;;S3T;;;;;;;;;;;;;;;;
7856644;TERRITOIRE;FT 92019/792;7856644;;OR16;OR16;OR19;OR19;;OCC;MCO;OK;10/04/2024;;E;C;I;;OHN;;;;;;;;;;;;;;;;
7530231;TERRITOIRE;FT 93059/373;7530231;;OR16;OR16;OR19;OR19;;OCC;MCO;OK;01/02/2024;;E;C;T;;OHN;;;;;;;;;;;;;;;;
7819851;TERRITOIRE;FT 94041/511;7819851;;OR16;OR16;OR19;OR19;;OCC;MCO;OK;28/03/2024;;E;C;I;;P1C;;;;;;;;;;;;;;;;
7826565;TERRITOIRE;FT 92046/779;7826565;;OR16;OR16;OR19;OR19;;OCC;MCO;OK;02/04/2024;;E;C;I;;S3T;;;;;;;;;;;;;;;;
7690270;TERRITOIRE;FT 92007/410;7690270;;OR16;OR16;OR19;OR19;;OCC;MCO;OK;05/03/2024;;E;C;T;;S3T;;;;;;;;;;;;;;;;
7840962;TERRITOIRE;FT 92025/101;7840962;;OR16;OR16;OR19;OR19;;OCC;MCO;OK;04/04/2024;;E;C;I;;L2T;;;;;;;;;;;;;;;;
7654761;TERRITOIRE;FT 93007/589;7654761;;OR16;OR16;OR19;OR19;;OCC;MCO;OK;27/02/2024;;E;C;T;;A2;;;;;;;;;;;;;;;;
7859410;TERRITOIRE;FT 94068/2765;7859410;;OR16;OR16;OR19;OR19;;OCC;MCO;OK;11/04/2024;;E;C;I;;OHN;;;;;;;;;;;;;;;;
7871361;TERRITOIRE;FT 94052/608;7871361;;OR16;OR16;OR19;OR19;;OCC;MCO;OK;16/04/2024;;E;C;I;;OHN;;;;;;;;;;;;;;;;
7890549;TERRITOIRE;FT 78646/640;7890549;;OR16;OR16;OR19;OR19;;OCC;MCO;OK;18/04/2024;;E;C;I;;K3C;;;;;;;;;;;;;;;;
7838390;TERRITOIRE;FT 92009/437;7838390;;OR16;OR16;OR19;OR19;;OCC;MCO;OK;04/04/2024;;E;C;I;;L2T;;;;;;;;;;;;;;;;
7559030;TERRITOIRE;FT 93046/1160;7559030;;OR16;OR16;OR19;OR19;;OCC;MCO;OK;07/02/2024;;E;C;T;;A2;;;;;;;;;;;;;;;;
7609950;TERRITOIRE;FT 92026/999;7609950;;OR16;OR16;OR19;OR19;;OCC;MCO;OK;15/02/2024;;E;C;T;;S4T;;;;;;;;;;;;;;;;
7553661;TERRITOIRE;FT 92036/48;7553661;;OR16;OR16;OR19;OR19;;OCC;MCO;OK;06/02/2024;;E;C;T;;OHN;;;;;;;;;;;;;;;;
7530591;TERRITOIRE;FT 93010/883;7530591;;OR16;OR16;OR19;OR19;;OCC;MCO;OK;01/02/2024;;E;C;T;;S3T;;;;;;;;;;;;;;;;
7819834;TERRITOIRE;FT 94041/887;7819834;;OR16;OR16;OR19;OR19;;OCC;MCO;OK;28/03/2024;;E;C;I;;OHN;;;;;;;;;;;;;;;;
7630100;TERRITOIRE;FT 93064/467;7630100;;OR16;OR16;OR19;OR19;;OCC;MCO;OK;21/02/2024;;E;C;T;;OHN;;;;;;;;;;;;;;;;
7692479;TERRITOIRE;FT 92007/537;7692479;;OR16;OR16;OR19;OR19;;OCC;MCO;OK;05/03/2024;;E;C;T;;L2T;;;;;;;;;;;;;;;;
7750405;TERRITOIRE;FT 94028/1782;7750405;;OR16;OR16;OR19;OR19;;OCC;MCO;OK;15/03/2024;;E;C;T;;L2T;;;;;;;;;;;;;;;;
7522242;TERRITOIRE;FT 93010/694;7522242;;OR16;OR16;OR19;OR19;;OCC;MCO;OK;31/01/2024;;E;C;T;;OHN;;;;;;;;;;;;;;;;
7783089;TERRITOIRE;FT 92002/2140;7783089;;OR16;OR16;OR19;OR19;;OCC;MCO;OK;21/03/2024;;E;C;I;;S4T;;;;;;;;;;;;;;;;
7651554;TERRITOIRE;FT 92036/1168;7651554;;OR16;OR16;OR19;OR19;;OCC;MCO;OK;26/02/2024;;E;C;T;;S4T;;;;;;;;;;;;;;;;
7530579;TERRITOIRE;FT 93010/831;7530579;;OR16;OR16;OR19;OR19;;OCC;MCO;OK;01/02/2024;;E;C;T;;L6T;;;;;;;;;;;;;;;;
7777080;TERRITOIRE;FT 92002/702;7777080;;OR16;OR16;OR19;OR19;;OCC;MCO;OK;20/03/2024;;E;C;T;;S1T;;;;;;;;;;;;;;;;
7630110;TERRITOIRE;FT 93064/226;7630110;;OR16;OR16;OR19;OR19;;OCC;MCO;OK;21/02/2024;;E;C;T;;OHN;;;;;;;;;;;;;;;;
7883843;TERRITOIRE;FT 78646/662;7883843;;OR16;OR16;OR19;OR19;;OCC;MCO;OK;18/04/2024;;E;C;I;;D4;;;;;;;;;;;;;;;;
7991671;TERRITOIRE;FT 93077/600;7991671;;OR16;OR16;OR19;OR19;;OCC;MCO;OK;13/05/2024;;E;C;I;;A2;;;;;;;;;;;;;;;;
7730869;TERRITOIRE;FT 94028/1744;7730869;;OR16;OR16;OR19;OR19;;OCC;MCO;OK;13/03/2024;;E;C;T;;L3T;;;;;;;;;;;;;;;;
7594882;TERRITOIRE;FT 94002/221;7594882;;OR16;OR16;OR19;OR19;;OCC;MCO;OK;13/02/2024;;E;C;T;;OHN;;;;;;;;;;;;;;;;
7761611;TERRITOIRE;FT 93010/525;7761611;;OR16;OR16;OR19;OR19;;OCC;MCO;OK;18/03/2024;;E;C;T;;V6T;;;;;;;;;;;;;;;;
7830068;TERRITOIRE;FT 92019/471;7830068;;OR16;OR16;OR19;OR19;;OCC;MCO;OK;02/04/2024;;E;C;I;;L2T;;;;;;;;;;;;;;;;
7530566;TERRITOIRE;FT 93010/1067;7530566;;OR16;OR16;OR19;OR19;;OCC;MCO;OK;01/02/2024;;E;C;T;;OHN;;;;;;;;;;;;;;;;
7827206;TERRITOIRE;FT 92046/149;7827206;;OR16;OR16;OR19;OR19;;OCC;MCO;OK;02/04/2024;;E;C;I;;S4T;;;;;;;;;;;;;;;;
7800346;TERRITOIRE;FT 92075/455;7800346;;OR16;OR16;OR19;OR19;;OCC;MCO;OK;26/03/2024;;E;C;I;;S3T;;;;;;;;;;;;;;;;
7566445;TERRITOIRE;FT 93005/1866;7566445;;OR16;OR16;OR19;OR19;;OCC;MCO;OK;08/02/2024;;E;C;T;;L6T;;;;;;;;;;;;;;;;
7899873;TERRITOIRE;FT 78646/5318;7899873;;OR16;OR16;OR19;OR19;;OCC;MCO;OK;23/04/2024;;E;C;I;;A2B;;;;;;;;;;;;;;;;
7833595;TERRITOIRE;FT 94017/2159;7833595;;OR16;OR16;OR19;OR19;;OCC;MCO;OK;03/04/2024;;E;C;I;;OHN;;;;;;;;;;;;;;;;
7873273;TERRITOIRE;FT 94065/265;7873273;;OR16;OR16;OR19;OR19;;OCC;MCO;OK;16/04/2024;;E;C;I;;L3T;;;;;;;;;;;;;;;;
7783030;TERRITOIRE;FT 92002/1812;7783030;;OR16;OR16;OR19;OR19;;OCC;MCO;OK;21/03/2024;;E;C;I;;L3T;;;;;;;;;;;;;;;;
7530558;TERRITOIRE;FT 93077/131;7530558;;OR16;OR16;OR19;OR19;;OCC;MCO;OK;01/02/2024;;E;C;T;;A2;;;;;;;;;;;;;;;;
7859374;TERRITOIRE;FT 94068/2739;7859374;;OR16;OR16;OR19;OR19;;OCC;MCO;OK;11/04/2024;;E;C;I;;S4T;;;;;;;;;;;;;;;;
7859325;TERRITOIRE;FT 94068/3779;7859325;;OR16;OR16;OR19;OR19;;OCC;MCO;OK;11/04/2024;;E;C;I;;OHN;;;;;;;;;;;;;;;;
7887678;TERRITOIRE;FT 92073/1450;7887678;;OR16;OR16;OR19;OR19;;OCC;MCO;OK;19/04/2024;;E;C;I;;S4T;;;;;;;;;;;;;;;;
7871387;TERRITOIRE;FT 92073/96;7871387;;OR16;OR16;OR19;OR19;;OCC;MCO;OK;16/04/2024;;E;C;I;;S3T;;;;;;;;;;;;;;;;
7796192;TERRITOIRE;FT 93048/1763;7796192;;OR16;OR16;OR19;OR19;;OCC;MCO;OK;25/03/2024;;E;C;I;;OHN;;;;;;;;;;;;;;;;
7654789;TERRITOIRE;FT 93010/1029;7654789;;OR16;OR16;OR19;OR19;;OCC;MCO;OK;27/02/2024;;E;C;T;;OHN;;;;;;;;;;;;;;;;
7783068;TERRITOIRE;FT 92002/2509;7783068;;OR16;OR16;OR19;OR19;;OCC;MCO;OK;21/03/2024;;E;C;I;;S4T;;;;;;;;;;;;;;;;
7607454;TERRITOIRE;FT 92026/379;7607454;;OR16;OR16;OR19;OR19;;OCC;MCO;OK;14/02/2024;;E;C;T;;S4T;;;;;;;;;;;;;;;;
7731509;TERRITOIRE;FT 94028/1162;7731509;;OR16;OR16;OR19;OR19;;OCC;MCO;OK;13/03/2024;;E;C;T;;OHN;;;;;;;;;;;;;;;;
7530551;TERRITOIRE;FT 93077/133;7530551;;OR16;OR16;OR19;OR19;;OCC;MCO;OK;01/02/2024;;E;C;T;;A2B;;;;;;;;;;;;;;;;
7819831;TERRITOIRE;FT 94041/898;7819831;;OR16;OR16;OR19;OR19;;OCC;MCO;OK;28/03/2024;;E;C;I;;OHN;;;;;;;;;;;;;;;;
7790074;TERRITOIRE;FT 93039/96;7790074;;OR16;OR16;OR19;OR19;;OCC;MCO;OK;22/03/2024;;E;C;I;;S4T;;;;;;;;;;;;;;;;
7877143;TERRITOIRE;FT 92012/217;7877143;;OR16;OR16;OR19;OR19;;OCC;MCO;OK;17/04/2024;;E;C;I;;S6T;;;;;;;;;;;;;;;;
7991423;TERRITOIRE;FT 93077/348;7991423;;OR16;OR16;OR19;OR19;;OCC;MCO;OK;13/05/2024;;E;C;I;;L3T;;;;;;;;;;;;;;;;
7731200;TERRITOIRE;FT 94028/924;7731200;;OR16;OR16;OR19;OR19;;OCC;MCO;OK;13/03/2024;;E;C;T;;OHN;;;;;;;;;;;;;;;;
7620483;TERRITOIRE;FT 93048/176;7620483;;OR16;OR16;OR19;OR19;;OCC;MCO;OK;19/02/2024;;E;C;T;;U6T;;;;;;;;;;;;;;;;
7991454;TERRITOIRE;FT 93077/156;7991454;;OR16;OR16;OR19;OR19;;OCC;MCO;OK;13/05/2024;;E;C;I;;OHN;;;;;;;;;;;;;;;;
7902729;TERRITOIRE;FT 94080/824;7902729;;OR16;OR16;OR19;OR19;;OCC;MCO;OK;23/04/2024;;E;C;I;;L3T;;;;;;;;;;;;;;;;
7902719;TERRITOIRE;FT 94080/998;7902719;;OR16;OR16;OR19;OR19;;OCC;MCO;OK;23/04/2024;;E;C;I;;U5T;;;;;;;;;;;;;;;;
7603511;TERRITOIRE;FT 92025/1648;7603511;;OR16;OR16;OR19;OR19;;OCC;MCO;OK;14/02/2024;;E;C;T;;L5T;;;;;;;;;;;;;;;;
7859332;TERRITOIRE;FT 94068/2288;7859332;;OR16;OR16;OR19;OR19;;OCC;MCO;OK;11/04/2024;;E;C;I;;OHN;;;;;;;;;;;;;;;;
7830091;TERRITOIRE;FT 92019/1661;7830091;;OR16;OR16;OR19;OR19;;OCC;MCO;OK;02/04/2024;;E;C;I;;OHN;;;;;;;;;;;;;;;;
7777204;TERRITOIRE;FT 92002/664;7777204;;OR16;OR16;OR19;OR19;;OCC;MCO;OK;20/03/2024;;E;C;T;;S3T;;;;;;;;;;;;;;;;
7905597;TERRITOIRE;FT 92051/107;7905597;;OR16;OR16;OR19;OR19;;OCC;MCO;OK;23/04/2024;;E;C;I;;OHN;;;;;;;;;;;;;;;;
7718713;TERRITOIRE;FT 94003/581;7718713;;OR16;OR16;OR19;OR19;;OCC;MCO;OK;11/03/2024;;E;C;T;;L2T;;;;;;;;;;;;;;;;
7838121;TERRITOIRE;FT 92009/610;7838121;;OR16;OR16;OR19;OR19;;OCC;MCO;OK;04/04/2024;;E;C;I;;S3T;;;;;;;;;;;;;;;;
7607478;TERRITOIRE;FT 92026/218;7607478;;OR16;OR16;OR19;OR19;;OCC;MCO;OK;14/02/2024;;E;C;T;;S3T;;;;;;;;;;;;;;;;
7630079;TERRITOIRE;FT 93064/1676;7630079;;OR16;OR16;OR19;OR19;;OCC;MCO;OK;21/02/2024;;E;C;T;;L3T;;;;;;;;;;;;;;;;
7683838;TERRITOIRE;FT 93008/598;7683838;;OR16;OR16;OR19;OR19;;OCC;MCO;OK;04/03/2024;;E;C;T;;S4T;;;;;;;;;;;;;;;;
7620489;TERRITOIRE;FT 93048/133;7620489;;OR16;OR16;OR19;OR19;;OCC;MCO;OK;19/02/2024;;E;C;T;;OHN;;;;;;;;;;;;;;;;
7855721;TERRITOIRE;FT 92060/500;7855721;;OR16;OR16;OR19;OR19;;OCC;MCO;OK;10/04/2024;;E;C;I;;S5T;;;;;;;;;;;;;;;;
7609921;TERRITOIRE;FT 92026/1016;7609921;;OR16;OR16;OR19;OR19;;OCC;MCO;OK;15/02/2024;;E;C;T;;S4T;;;;;;;;;;;;;;;;
7819841;TERRITOIRE;FT 94041/896;7819841;;OR16;OR16;OR19;OR19;;OCC;MCO;OK;28/03/2024;;E;C;I;;OHN;;;;;;;;;;;;;;;;
7516797;TERRITOIRE;FT 94080/955;7516797;;OR16;OR16;OR19;OR19;;OCC;MCO;OK;31/01/2024;;E;C;T;;OHN;;;;;;;;;;;;;;;;
7838137;TERRITOIRE;FT 92009/438;7838137;;OR16;OR16;OR19;OR19;;OCC;MCO;OK;04/04/2024;;E;C;I;;U6T;;;;;;;;;;;;;;;;
7607412;TERRITOIRE;FT 92026/315;7607412;;OR16;OR16;OR19;OR19;;OCC;MCO;OK;14/02/2024;;E;C;T;;S4T;;;;;;;;;;;;;;;;
7777212;TERRITOIRE;FT 92002/889;7777212;;OR16;OR16;OR19;OR19;;OCC;MCO;OK;20/03/2024;;E;C;T;;OHN;;;;;;;;;;;;;;;;
7619846;TERRITOIRE;FT 93031/1342;7619846;;OR16;OR16;OR19;OR19;;OCC;MCO;OK;19/02/2024;;E;C;T;;L2T;;;;;;;;;;;;;;;;
7948787;TERRITOIRE;FT 93063/1145;7948787;;OR16;OR16;OR19;OR19;;OCC;MCO;OK;02/05/2024;;E;C;I;;OHN;;;;;;;;;;;;;;;;
7672306;TERRITOIRE;FT 93029/270;7672306;;OR16;OR16;OR19;OR19;;OCC;MCO;OK;29/02/2024;;E;C;T;;OHN;;;;;;;;;;;;;;;;
7783053;TERRITOIRE;FT 92002/1888;7783053;;OR16;OR16;OR19;OR19;;OCC;MCO;OK;21/03/2024;;E;C;I;;S3T;;;;;;;;;;;;;;;;
7912727;TERRITOIRE;FT 94077/925;7912727;;OR16;OR16;OR19;OR19;;OCC;MCO;OK;24/04/2024;;E;C;I;;OHN;;;;;;;;;;;;;;;;
7837753;TERRITOIRE;FT 92025/232;7837753;;OR16;OR16;OR19;OR19;;OCC;MCO;OK;04/04/2024;;E;C;I;;OHN;;;;;;;;;;;;;;;;
7912659;TERRITOIRE;FT 94077/912;7912659;;OR16;OR16;OR19;OR19;;OCC;MCO;OK;24/04/2024;;E;C;I;;L1T;;;;;;;;;;;;;;;;
7777123;TERRITOIRE;FT 92002/676;7777123;;OR16;OR16;OR19;OR19;;OCC;MCO;OK;20/03/2024;;E;C;T;;S4T;;;;;;;;;;;;;;;;
7672627;TERRITOIRE;FT 93039/211;7672627;;OR16;OR16;OR19;OR19;;OCC;MCO;OK;29/02/2024;;E;C;T;;L4T;;;;;;;;;;;;;;;;
7783054;TERRITOIRE;FT 92002/1885;7783054;;OR16;OR16;OR19;OR19;;OCC;MCO;OK;21/03/2024;;E;C;I;;L2T;;;;;;;;;;;;;;;;
7837800;TERRITOIRE;FT 92025/283;7837800;;OR16;OR16;OR19;OR19;;OCC;MCO;OK;04/04/2024;;E;C;I;;L2T;;;;;;;;;;;;;;;;
7632308;TERRITOIRE;FT 93031/589;7632308;;OR16;OR16;OR19;OR19;;OCC;MCO;OK;21/02/2024;;E;C;T;;S4T;;;;;;;;;;;;;;;;
7906555;TERRITOIRE;FT 92051/790;7906555;;OR16;OR16;OR19;OR19;;OCC;MCO;OK;23/04/2024;;E;C;I;;S3T;;;;;;;;;;;;;;;;
7800310;TERRITOIRE;FT 92075/458;7800310;;OR16;OR16;OR19;OR19;;OCC;MCO;OK;26/03/2024;;E;C;I;;S4T;;;;;;;;;;;;;;;;
7654797;TERRITOIRE;FT 93027/228;7654797;;OR16;OR16;OR19;OR19;;OCC;MCO;OK;27/02/2024;;E;C;T;;S3T;;;;;;;;;;;;;;;;
7566455;TERRITOIRE;FT 93046/794;7566455;;OR16;OR16;OR19;OR19;;OCC;MCO;OK;08/02/2024;;E;C;T;;OHN;;;;;;;;;;;;;;;;
7695988;TERRITOIRE;FT 93027/1188;7695988;;OR16;OR16;OR19;OR19;;OCC;MCO;OK;06/03/2024;;E;C;T;;OHN;;;;;;;;;;;;;;;;
7859328;TERRITOIRE;FT 94068/1755;7859328;;OR16;OR16;OR19;OR19;;OCC;MCO;OK;11/04/2024;;E;C;I;;OHN;;;;;;;;;;;;;;;;
7789105;TERRITOIRE;FT 92071/849;7789105;;OR16;OR16;OR19;OR19;;OCC;MCO;OK;22/03/2024;;E;C;I;;S1T;;;;;;;;;;;;;;;;
7609920;TERRITOIRE;FT 92026/1549;7609920;;OR16;OR16;OR19;OR19;;OCC;MCO;OK;15/02/2024;;E;C;T;;OHN;;;;;;;;;;;;;;;;
7827255;TERRITOIRE;FT 92046/188;7827255;;OR16;OR16;OR19;OR19;;OCC;MCO;OK;02/04/2024;;E;C;I;;S3T;;;;;;;;;;;;;;;;
7832958;TERRITOIRE;FT 94017/2535;7832958;;OR16;OR16;OR19;OR19;;OCC;MCO;OK;03/04/2024;;E;C;I;;OHN;;;;;;;;;;;;;;;;
7902727;TERRITOIRE;FT 94080/825;7902727;;OR16;OR16;OR19;OR19;;OCC;MCO;OK;23/04/2024;;E;C;I;;OHN;;;;;;;;;;;;;;;;
7519701;TERRITOIRE;FT 94033/243;7519701;;OR16;OR16;OR19;OR19;;OCC;MCO;OK;31/01/2024;;E;C;T;;OHN;;;;;;;;;;;;;;;;
8000313;TERRITOIRE;FT 94033/2247;8000313;;OR16;OR16;OR19;OR19;;OCC;MCO;OK;15/05/2024;;E;C;I;;L4T;;;;;;;;;;;;;;;;
7635211;TERRITOIRE;FT 93072/943;7635211;;OR16;OR16;OR19;OR19;;OCC;MCO;OK;22/02/2024;;E;C;T;;L5T;;;;;;;;;;;;;;;;
7856662;TERRITOIRE;FT 92019/911;7856662;;OR16;OR16;OR19;OR19;;OCC;MCO;OK;10/04/2024;;E;C;I;;S4T;;;;;;;;;;;;;;;;
7829431;TERRITOIRE;FT 92019/337;7829431;;OR16;OR16;OR19;OR19;;OCC;MCO;OK;02/04/2024;;E;C;I;;S4T;;;;;;;;;;;;;;;;
7963539;TERRITOIRE;FT 94043/33;7963539;;OR16;OR16;OR19;OR19;;OCC;MCO;OK;06/05/2024;;E;C;I;;L3T;;;;;;;;;;;;;;;;
7991666;TERRITOIRE;FT 93077/582;7991666;;OR16;OR16;OR19;OR19;;OCC;MCO;OK;13/05/2024;;E;C;I;;A2;;;;;;;;;;;;;;;;
7926392;TERRITOIRE;FT 94076/264;7926392;;OR16;OR16;OR19;OR19;;OCC;MCO;OK;26/04/2024;;E;C;I;;L4T;;;;;;;;;;;;;;;;
7876804;TERRITOIRE;FT 78640/1645;7876804;;OR16;OR16;OR19;OR19;;OCC;MCO;OK;17/04/2024;;E;C;I;;OHN;;;;;;;;;;;;;;;;
7877114;TERRITOIRE;FT 92012/1786;7877114;;OR16;OR16;OR19;OR19;;OCC;MCO;OK;17/04/2024;;E;C;I;;S3T;;;;;;;;;;;;;;;;
7642236;TERRITOIRE;FT 93048/888;7642236;;OR16;OR16;OR19;OR19;;OCC;MCO;OK;23/02/2024;;E;C;T;;OHN;;;;;;;;;;;;;;;;
7605758;TERRITOIRE;FT 92026/102;7605758;;OR16;OR16;OR19;OR19;;OCC;MCO;OK;14/02/2024;;E;C;T;;S3T;;;;;;;;;;;;;;;;
8144305;TERRITOIRE;FT 94046/693;8144305;;OR16;OR16;OR19;OR19;;OCC;MCO;OK;09/02/2024;;E;C;I;;OHN;;;;;;;;;;;;;;;;
7789130;TERRITOIRE;FT 93057/80;7789130;;OR16;OR16;OR19;OR19;;OCC;MCO;OK;22/03/2024;;E;C;I;;OHN;;;;;;;;;;;;;;;;
7796189;TERRITOIRE;FT 93048/2129;7796189;;OR16;OR16;OR19;OR19;;OCC;MCO;OK;25/03/2024;;E;C;I;;OHN;;;;;;;;;;;;;;;;
7800321;TERRITOIRE;FT 92075/51;7800321;;OR16;OR16;OR19;OR19;;OCC;MCO;OK;26/03/2024;;E;C;I;;S3T;;;;;;;;;;;;;;;;
7761326;TERRITOIRE;FT 93057/366;7761326;;OR16;OR16;OR19;OR19;;OCC;MCO;OK;18/03/2024;;E;C;T;;OHN;;;;;;;;;;;;;;;;
7991701;TERRITOIRE;FT 93010/335;7991701;;OR16;OR16;OR19;OR19;;OCC;MCO;OK;13/05/2024;;E;C;I;;OHN;;;;;;;;;;;;;;;;
7795516;TERRITOIRE;FT 93048/1551;7795516;;OR16;OR16;OR19;OR19;;OCC;MCO;OK;25/03/2024;;E;C;I;;OHN;;;;;;;;;;;;;;;;
7837797;TERRITOIRE;FT 92025/778;7837797;;OR16;OR16;OR19;OR19;;OCC;MCO;OK;04/04/2024;;E;C;I;;S3T;;;;;;;;;;;;;;;;
7552951;TERRITOIRE;FT 92036/70;7552951;;OR16;OR16;OR19;OR19;;OCC;MCO;OK;06/02/2024;;E;C;T;;L2T;;;;;;;;;;;;;;;;
7838140;TERRITOIRE;FT 92009/223;7838140;;OR16;OR16;OR19;OR19;;OCC;MCO;OK;04/04/2024;;E;C;I;;S3T;;;;;;;;;;;;;;;;
7811186;TERRITOIRE;FT 93057/424;7811186;;OR16;OR16;OR19;OR19;;OCC;MCO;OK;18/03/2024;;E;C;I;;OHN;;;;;;;;;;;;;;;;
7832951;TERRITOIRE;FT 94017/2321;7832951;;OR16;OR16;OR19;OR19;;OCC;MCO;OK;03/04/2024;;E;C;I;;OHN;;;;;;;;;;;;;;;;
7603531;TERRITOIRE;FT 92050/2227;7603531;;OR16;OR16;OR19;OR19;;OCC;MCO;OK;14/02/2024;;E;C;T;;L2T;;;;;;;;;;;;;;;;
7620790;TERRITOIRE;FT 93006/166;7620790;;OR16;OR16;OR19;OR19;;OCC;MCO;OK;19/02/2024;;E;C;T;;OHN;;;;;;;;;;;;;;;;
7630198;TERRITOIRE;FT 93064/1392;7630198;;OR16;OR16;OR19;OR19;;OCC;MCO;OK;21/02/2024;;E;C;T;;OHN;;;;;;;;;;;;;;;;
7610229;TERRITOIRE;FT 92004/503;7610229;;OR16;OR16;OR19;OR19;;OCC;MCO;OK;15/02/2024;;E;C;T;;S5T;;;;;;;;;;;;;;;;
7566389;TERRITOIRE;FT 93005/1878;7566389;;OR16;OR16;OR19;OR19;;OCC;MCO;OK;08/02/2024;;E;C;T;;A2;;;;;;;;;;;;;;;;
7861474;TERRITOIRE;FT 94076/845;7861474;;OR16;OR16;OR19;OR19;;OCC;MCO;OK;12/04/2024;;E;C;I;;L2T;;;;;;;;;;;;;;;;
7643186;TERRITOIRE;FT 93006/394;7643186;;OR16;OR16;OR19;OR19;;OCC;MCO;OK;23/02/2024;;E;C;T;;S4T;;;;;;;;;;;;;;;;
7672650;TERRITOIRE;FT 93066/854;7672650;;OR16;OR16;OR19;OR19;;OCC;MCO;OK;29/02/2024;;E;C;T;;L5T;;;;;;;;;;;;;;;;
7603526;TERRITOIRE;FT 92050/1887;7603526;;OR16;OR16;OR19;OR19;;OCC;MCO;OK;14/02/2024;;E;C;T;;L5T;;;;;;;;;;;;;;;;
7687040;TERRITOIRE;FT 93001/1352;7687040;;OR16;OR16;OR19;OR19;;OCC;MCO;OK;05/03/2024;;E;C;T;;OHN;;;;;;;;;;;;;;;;
7798434;TERRITOIRE;FT 92020/406;7798434;;OR16;OR16;OR19;OR19;;OCC;MCO;OK;25/03/2024;;E;C;I;;L2T;;;;;;;;;;;;;;;;
7714623;TERRITOIRE;FT 92004/498;7714623;;OR16;OR16;OR19;OR19;;OCC;MCO;OK;08/03/2024;;E;C;T;;S4T;;;;;;;;;;;;;;;;
7798397;TERRITOIRE;FT 92020/404;7798397;;OR16;OR16;OR19;OR19;;OCC;MCO;OK;25/03/2024;;E;C;I;;S3T;;;;;;;;;;;;;;;;
7542728;TERRITOIRE;FT 92024/785;7542728;;OR16;OR16;OR19;OR19;;OCC;MCO;OK;02/02/2024;;E;C;T;;S3T;;;;;;;;;;;;;;;;
7698878;TERRITOIRE;FT 92020/253;7698878;;OR16;OR16;OR19;OR19;;OCC;MCO;OK;06/03/2024;;E;C;T;;L2T;;;;;;;;;;;;;;;;
7731188;TERRITOIRE;FT 94028/1788;7731188;;OR16;OR16;OR19;OR19;;OCC;MCO;OK;13/03/2024;;E;C;T;;L6T;;;;;;;;;;;;;;;;
7690261;TERRITOIRE;FT 92007/361;7690261;;OR16;OR16;OR19;OR19;;OCC;MCO;OK;05/03/2024;;E;C;T;;S1T;;;;;;;;;;;;;;;;
7690268;TERRITOIRE;FT 92007/415;7690268;;OR16;OR16;OR19;OR19;;OCC;MCO;OK;05/03/2024;;E;C;T;;S3T;;;;;;;;;;;;;;;;
7856667;TERRITOIRE;FT 92019/892;7856667;;OR16;OR16;OR19;OR19;;OCC;MCO;OK;10/04/2024;;E;C;I;;S4T;;;;;;;;;;;;;;;;
7871368;TERRITOIRE;FT 94052/755;7871368;;OR16;OR16;OR19;OR19;;OCC;MCO;OK;16/04/2024;;E;C;I;;S3T;;;;;;;;;;;;;;;;
7566423;TERRITOIRE;FT 93046/574;7566423;;OR16;OR16;OR19;OR19;;OCC;MCO;OK;08/02/2024;;E;C;T;;L2T;;;;;;;;;;;;;;;;
7789106;TERRITOIRE;FT 92071/871;7789106;;OR16;OR16;OR19;OR19;;OCC;MCO;OK;22/03/2024;;E;C;I;;S3T;;;;;;;;;;;;;;;;
7994549;TERRITOIRE;FT 93057/726;7994549;;OR16;OR16;OR19;OR19;;OCC;MCO;OK;13/05/2024;;E;C;I;;OHN;;;;;;;;;;;;;;;;
7789188;TERRITOIRE;FT 93039/117;7789188;;OR16;OR16;OR19;OR19;;OCC;MCO;OK;22/03/2024;;E;C;I;;S3T;;;;;;;;;;;;;;;;
7861460;TERRITOIRE;FT 94041/30;7861460;;OR16;OR16;OR19;OR19;;OCC;MCO;OK;12/04/2024;;E;C;I;;L3T;;;;;;;;;;;;;;;;
7838078;TERRITOIRE;FT 92025/2984;7838078;;OR16;OR16;OR19;OR19;;OCC;MCO;OK;04/04/2024;;E;C;I;;L2C;;;;;;;;;;;;;;;;
7796147;TERRITOIRE;FT 93048/2475;7796147;;OR16;OR16;OR19;OR19;;OCC;MCO;OK;25/03/2024;;E;C;I;;OHN;;;;;;;;;;;;;;;;
7690249;TERRITOIRE;FT 93027/430;7690249;;OR16;OR16;OR19;OR19;;OCC;MCO;OK;05/03/2024;;E;C;T;;OHN;;;;;;;;;;;;;;;;
7530598;TERRITOIRE;FT 93010/346;7530598;;OR16;OR16;OR19;OR19;;OCC;MCO;OK;01/02/2024;;E;C;T;;S3T;;;;;;;;;;;;;;;;
7838401;TERRITOIRE;FT 92009/902;7838401;;OR16;OR16;OR19;OR19;;OCC;MCO;OK;04/04/2024;;E;C;I;;L3T;;;;;;;;;;;;;;;;
7630121;TERRITOIRE;FT 93064/1442;7630121;;OR16;OR16;OR19;OR19;;OCC;MCO;OK;21/02/2024;;E;C;T;;OHN;;;;;;;;;;;;;;;;
7607450;TERRITOIRE;FT 92026/380;7607450;;OR16;OR16;OR19;OR19;;OCC;MCO;OK;14/02/2024;;E;C;T;;S3T;;;;;;;;;;;;;;;;
7761277;TERRITOIRE;FT 93057/155;7761277;;OR16;OR16;OR19;OR19;;OCC;MCO;OK;18/03/2024;;E;C;T;;S4T;;;;;;;;;;;;;;;;
7789119;TERRITOIRE;FT 92071/36;7789119;;OR16;OR16;OR19;OR19;;OCC;MCO;OK;22/03/2024;;E;C;I;;S3T;;;;;;;;;;;;;;;;
7912630;TERRITOIRE;FT 94077/999;7912630;;OR16;OR16;OR19;OR19;;OCC;MCO;OK;24/04/2024;;E;C;I;;D4T;;;;;;;;;;;;;;;;
7798388;TERRITOIRE;FT 92020/302;7798388;;OR16;OR16;OR19;OR19;;OCC;MCO;OK;25/03/2024;;E;C;I;;S1T;;;;;;;;;;;;;;;;
7871392;TERRITOIRE;FT 92073/36;7871392;;OR16;OR16;OR19;OR19;;OCC;MCO;OK;16/04/2024;;E;C;I;;S4T;;;;;;;;;;;;;;;;
7904949;TERRITOIRE;FT 92051/1171;7904949;;OR16;OR16;OR19;OR19;;OCC;MCO;OK;23/04/2024;;E;C;I;;OHN;;;;;;;;;;;;;;;;
7654741;TERRITOIRE;FT 93008/92;7654741;;OR16;OR16;OR19;OR19;;OCC;MCO;OK;27/02/2024;;E;C;T;;V5T;;;;;;;;;;;;;;;;
7901116;TERRITOIRE;FT 95018/2677;7901116;;OR16;OR16;OR19;OR19;;OCC;MCO;OK;23/04/2024;;E;C;I;;OHN;;;;;;;;;;;;;;;;
7948799;TERRITOIRE;FT 93053/1261;7948799;;OR16;OR16;OR19;OR19;;OCC;MCO;OK;02/05/2024;;E;C;I;;OHN;;;;;;;;;;;;;;;;
7883832;TERRITOIRE;FT 78646/556;7883832;;OR16;OR16;OR19;OR19;;OCC;MCO;OK;18/04/2024;;E;C;I;;L5T;;;;;;;;;;;;;;;;
7926416;TERRITOIRE;FT 94021/1073;7926416;;OR16;OR16;OR19;OR19;;OCC;MCO;OK;26/04/2024;;E;C;I;;P1T;;;;;;;;;;;;;;;;
7905598;TERRITOIRE;FT 92051/333;7905598;;OR16;OR16;OR19;OR19;;OCC;MCO;OK;23/04/2024;;E;C;I;;U5T;;;;;;;;;;;;;;;;
7994562;TERRITOIRE;FT 93057/372;7994562;;OR16;OR16;OR19;OR19;;OCC;MCO;OK;13/05/2024;;E;C;I;;OHN;;;;;;;;;;;;;;;;
7855680;TERRITOIRE;FT 92060/358;7855680;;OR16;OR16;OR19;OR19;;OCC;MCO;OK;10/04/2024;;E;C;I;;L2T;;;;;;;;;;;;;;;;
7850309;TERRITOIRE;FT 94022/845;7850309;;OR16;OR16;OR19;OR19;;OCC;MCO;OK;08/04/2024;;E;C;I;;K3C;;;;;;;;;;;;;;;;
7904946;TERRITOIRE;FT 92051/1417;7904946;;OR16;OR16;OR19;OR19;;OCC;MCO;OK;23/04/2024;;E;C;I;;S3T;;;;;;;;;;;;;;;;
7716157;TERRITOIRE;FT 94016/410;7716157;;OR16;OR16;OR19;OR19;;OCC;MCO;OK;11/03/2024;;E;C;T;;OHN;;;;;;;;;;;;;;;;
7856650;TERRITOIRE;FT 92019/893;7856650;;OR16;OR16;OR19;OR19;;OCC;MCO;OK;10/04/2024;;E;C;I;;S3T;;;;;;;;;;;;;;;;
7615039;TERRITOIRE;FT 94033/1528;7615039;;OR16;OR16;OR19;OR19;;OCC;MCO;OK;16/02/2024;;E;C;T;;L2T;;;;;;;;;;;;;;;;
7632305;TERRITOIRE;FT 93064/52;7632305;;OR16;OR16;OR19;OR19;;OCC;MCO;OK;21/02/2024;;E;C;T;;L4T;;;;;;;;;;;;;;;;
7635197;TERRITOIRE;FT 93072/882;7635197;;OR16;OR16;OR19;OR19;;OCC;MCO;OK;22/02/2024;;E;C;T;;P2C;;;;;;;;;;;;;;;;
7783108;TERRITOIRE;FT 92002/1576;7783108;;OR16;OR16;OR19;OR19;;OCC;MCO;OK;21/03/2024;;E;C;I;;L2T;;;;;;;;;;;;;;;;
7694397;TERRITOIRE;FT 93029/46;7694397;;OR16;OR16;OR19;OR19;;OCC;MCO;OK;06/03/2024;;E;C;T;;OHN;;;;;;;;;;;;;;;;
7594921;TERRITOIRE;FT 94002/70;7594921;;OR16;OR16;OR19;OR19;;OCC;MCO;OK;13/02/2024;;E;C;T;;S4T;;;;;;;;;;;;;;;;
7888946;TERRITOIRE;FT 78646/2357;7888946;;OR16;OR16;OR19;OR19;;OCC;MCO;OK;18/04/2024;;E;C;I;;A2;;;;;;;;;;;;;;;;
7750385;TERRITOIRE;FT 94028/701;7750385;;OR16;OR16;OR19;OR19;;OCC;MCO;OK;15/03/2024;;E;C;T;;S5T;;;;;;;;;;;;;;;;
7594875;TERRITOIRE;FT 94002/321;7594875;;OR16;OR16;OR19;OR19;;OCC;MCO;OK;13/02/2024;;E;C;T;;U5T;;;;;;;;;;;;;;;;
7607433;TERRITOIRE;FT 92026/487;7607433;;OR16;OR16;OR19;OR19;;OCC;MCO;OK;14/02/2024;;E;C;T;;U4T;;;;;;;;;;;;;;;;
7777079;TERRITOIRE;FT 92002/875;7777079;;OR16;OR16;OR19;OR19;;OCC;MCO;OK;20/03/2024;;E;C;T;;S4T;;;;;;;;;;;;;;;;
7603551;TERRITOIRE;FT 92035/818;7603551;;OR16;OR16;OR19;OR19;;OCC;MCO;OK;14/02/2024;;E;C;T;;S3T;;;;;;;;;;;;;;;;
7850304;TERRITOIRE;FT 94022/849;7850304;;OR16;OR16;OR19;OR19;;OCC;MCO;OK;08/04/2024;;E;C;I;;L3T;;;;;;;;;;;;;;;;
7777086;TERRITOIRE;FT 92002/1206;7777086;;OR16;OR16;OR19;OR19;;OCC;MCO;OK;20/03/2024;;E;C;T;;L2T;;;;;;;;;;;;;;;;
7642239;TERRITOIRE;FT 93006/380;7642239;;OR16;OR16;OR19;OR19;;OCC;MCO;OK;23/02/2024;;E;C;T;;L4T;;;;;;;;;;;;;;;;
7690248;TERRITOIRE;FT 93055/1123;7690248;;OR16;OR16;OR19;OR19;;OCC;MCO;OK;05/03/2024;;E;C;T;;OHN;;;;;;;;;;;;;;;;
7698871;TERRITOIRE;FT 92020/85;7698871;;OR16;OR16;OR19;OR19;;OCC;MCO;OK;06/03/2024;;E;C;T;;L3T;;;;;;;;;;;;;;;;
7905595;TERRITOIRE;FT 92051/428;7905595;;OR16;OR16;OR19;OR19;;OCC;MCO;OK;23/04/2024;;E;C;I;;U4T;;;;;;;;;;;;;;;;
7890547;TERRITOIRE;FT 78646/638;7890547;;OR16;OR16;OR19;OR19;;OCC;MCO;OK;18/04/2024;;E;C;I;;C2;;;;;;;;;;;;;;;;
7912718;TERRITOIRE;FT 94077/883;7912718;;OR16;OR16;OR19;OR19;;OCC;MCO;OK;24/04/2024;;E;C;I;;P2T;;;;;;;;;;;;;;;;
7789108;TERRITOIRE;FT 92071/873;7789108;;OR16;OR16;OR19;OR19;;OCC;MCO;OK;22/03/2024;;E;C;I;;S1T;;;;;;;;;;;;;;;;
7948790;TERRITOIRE;FT 93048/1832;7948790;;OR16;OR16;OR19;OR19;;OCC;MCO;OK;02/05/2024;;E;C;I;;OHN;;;;;;;;;;;;;;;;
7616320;TERRITOIRE;FT 94033/1257;7616320;;OR16;OR16;OR19;OR19;;OCC;MCO;OK;16/02/2024;;E;C;T;;S4T;;;;;;;;;;;;;;;;
7789200;TERRITOIRE;FT 93039/146;7789200;;OR16;OR16;OR19;OR19;;OCC;MCO;OK;22/03/2024;;E;C;I;;OHN;;;;;;;;;;;;;;;;
7600645;TERRITOIRE;FT 92044/544;7600645;;OR16;OR16;OR19;OR19;;OCC;MCO;OK;13/02/2024;;E;C;T;;L5T;;;;;;;;;;;;;;;;
7761265;TERRITOIRE;FT 93057/160;7761265;;OR16;OR16;OR19;OR19;;OCC;MCO;OK;18/03/2024;;E;C;T;;OHN;;;;;;;;;;;;;;;;
7749749;TERRITOIRE;FT 94018/382;7749749;;OR16;OR16;OR19;OR19;;OCC;MCO;OK;15/03/2024;;E;C;T;;OHN;;;;;;;;;;;;;;;;
7616319;TERRITOIRE;FT 94033/2091;7616319;;OR16;OR16;OR19;OR19;;OCC;MCO;OK;16/02/2024;;E;C;T;;L3T;;;;;;;;;;;;;;;;
7619835;TERRITOIRE;FT 93031/177;7619835;;OR16;OR16;OR19;OR19;;OCC;MCO;OK;19/02/2024;;E;C;T;;L5T;;;;;;;;;;;;;;;;
7915888;TERRITOIRE;FT 94018/34;7915888;;OR16;OR16;OR19;OR19;;OCC;MCO;OK;24/04/2024;;E;C;I;;S4T;;;;;;;;;;;;;;;;
7594913;TERRITOIRE;FT 94002/87;7594913;;OR16;OR16;OR19;OR19;;OCC;MCO;OK;13/02/2024;;E;C;T;;OHN;;;;;;;;;;;;;;;;
7819868;TERRITOIRE;FT 94081/1486;7819868;;OR16;OR16;OR19;OR19;;OCC;MCO;OK;28/03/2024;;E;C;I;;L4T;;;;;;;;;;;;;;;;
7991415;TERRITOIRE;FT 93010/822;7991415;;OR16;OR16;OR19;OR19;;OCC;MCO;OK;13/05/2024;;E;C;I;;L1T;;;;;;;;;;;;;;;;
7594930;TERRITOIRE;FT 94081/2119;7594930;;OR16;OR16;OR19;OR19;;OCC;MCO;OK;13/02/2024;;E;C;T;;K3C;;;;;;;;;;;;;;;;
7619849;TERRITOIRE;FT 93031/379;7619849;;OR16;OR16;OR19;OR19;;OCC;MCO;OK;19/02/2024;;E;C;T;;OHN;;;;;;;;;;;;;;;;
8201914;TERRITOIRE;FT 92060/331;8201914;;OR16;OR16;OR19;OR19;;OCC;MCO;OK;19/06/2024;;E;C;I;;NC;;;;;;;;;;;;;;;;
7838074;TERRITOIRE;FT 92025/309;7838074;;OR16;OR16;OR19;OR19;;OCC;MCO;OK;04/04/2024;;E;C;I;;S4T;;;;;;;;;;;;;;;;
7718716;TERRITOIRE;FT 94016/83;7718716;;OR16;OR16;OR19;OR19;;OCC;MCO;OK;11/03/2024;;E;C;T;;L2T;;;;;;;;;;;;;;;;
7899837;TERRITOIRE;FT 78646/2750;7899837;;OR16;OR16;OR19;OR19;;OCC;MCO;OK;23/04/2024;;E;C;I;;A2;;;;;;;;;;;;;;;;
7594926;TERRITOIRE;FT 94002/910;7594926;;OR16;OR16;OR19;OR19;;OCC;MCO;OK;13/02/2024;;E;C;T;;L1T;;;;;;;;;;;;;;;;
7798428;TERRITOIRE;FT 92020/770;7798428;;OR16;OR16;OR19;OR19;;OCC;MCO;OK;25/03/2024;;E;C;I;;OHN;;;;;;;;;;;;;;;;
7692476;TERRITOIRE;FT 92007/567;7692476;;OR16;OR16;OR19;OR19;;OCC;MCO;OK;05/03/2024;;E;C;T;;L2T;;;;;;;;;;;;;;;;
7615669;TERRITOIRE;FT 94033/1084;7615669;;OR16;OR16;OR19;OR19;;OCC;MCO;OK;16/02/2024;;E;C;T;;S4T;;;;;;;;;;;;;;;;
7783073;TERRITOIRE;FT 92002/1892;7783073;;OR16;OR16;OR19;OR19;;OCC;MCO;OK;21/03/2024;;E;C;I;;L4T;;;;;;;;;;;;;;;;
7838065;TERRITOIRE;FT 92025/1118;7838065;;OR16;OR16;OR19;OR19;;OCC;MCO;OK;04/04/2024;;E;C;I;;L2T;;;;;;;;;;;;;;;;
7861446;TERRITOIRE;FT 94081/533;7861446;;OR16;OR16;OR19;OR19;;OCC;MCO;OK;12/04/2024;;E;C;I;;L3T;;;;;;;;;;;;;;;;
7607417;TERRITOIRE;FT 92035/125;7607417;;OR16;OR16;OR19;OR19;;OCC;MCO;OK;14/02/2024;;E;C;T;;S3T;;;;;;;;;;;;;;;;
7856661;TERRITOIRE;FT 92019/894;7856661;;OR16;OR16;OR19;OR19;;OCC;MCO;OK;10/04/2024;;E;C;I;;S3T;;;;;;;;;;;;;;;;
7761589;TERRITOIRE;FT 93010/435;7761589;;OR16;OR16;OR19;OR19;;OCC;MCO;OK;18/03/2024;;E;C;T;;A2B;;;;;;;;;;;;;;;;
7541471;TERRITOIRE;FT 93001/1840;7541471;;OR16;OR16;OR19;OR19;;OCC;MCO;OK;02/02/2024;;E;C;T;;L4T;;;;;;;;;;;;;;;;
7912629;TERRITOIRE;FT 94077/906;7912629;;OR16;OR16;OR19;OR19;;OCC;MCO;OK;24/04/2024;;E;C;I;;L4T;;;;;;;;;;;;;;;;
7915885;TERRITOIRE;FT 94018/10;7915885;;OR16;OR16;OR19;OR19;;OCC;MCO;OK;24/04/2024;;E;C;I;;S4T;;;;;;;;;;;;;;;;
7634876;TERRITOIRE;FT 94033/677;7634876;;OR16;OR16;OR19;OR19;;OCC;MCO;OK;22/02/2024;;E;C;T;;OHN;;;;;;;;;;;;;;;;
7699508;TERRITOIRE;FT 92020/760;7699508;;OR16;OR16;OR19;OR19;;OCC;MCO;OK;06/03/2024;;E;C;T;;S3T;;;;;;;;;;;;;;;;
7902732;TERRITOIRE;FT 94080/989;7902732;;OR16;OR16;OR19;OR19;;OCC;MCO;OK;23/04/2024;;E;C;I;;OHN;;;;;;;;;;;;;;;;
7890550;TERRITOIRE;FT 78646/503;7890550;;OR16;OR16;OR19;OR19;;OCC;MCO;OK;18/04/2024;;E;C;I;;L3T;;;;;;;;;;;;;;;;
7654715;TERRITOIRE;FT 93013/407;7654715;;OR16;OR16;OR19;OR19;;OCC;MCO;OK;27/02/2024;;E;C;T;;OHN;;;;;;;;;;;;;;;;
7542749;TERRITOIRE;FT 92024/725;7542749;;OR16;OR16;OR19;OR19;;OCC;MCO;OK;02/02/2024;;E;C;T;;S3T;;;;;;;;;;;;;;;;
7609947;TERRITOIRE;FT 92026/984;7609947;;OR16;OR16;OR19;OR19;;OCC;MCO;OK;15/02/2024;;E;C;T;;S3T;;;;;;;;;;;;;;;;
7568639;TERRITOIRE;FT 94046/99;7568639;;OR16;OR16;OR19;OR19;;OCC;MCO;OK;08/02/2024;;E;C;T;;OHN;;;;;;;;;;;;;;;;
7594904;TERRITOIRE;FT 94002/244;7594904;;OR16;OR16;OR19;OR19;;OCC;MCO;OK;13/02/2024;;E;C;T;;L2T;;;;;;;;;;;;;;;;
7630181;TERRITOIRE;FT 93064/1788;7630181;;OR16;OR16;OR19;OR19;;OCC;MCO;OK;21/02/2024;;E;C;T;;OHN;;;;;;;;;;;;;;;;
7553657;TERRITOIRE;FT 92036/439;7553657;;OR16;OR16;OR19;OR19;;OCC;MCO;OK;06/02/2024;;E;C;T;;L6T;;;;;;;;;;;;;;;;
7915890;TERRITOIRE;FT 94018/20;7915890;;OR16;OR16;OR19;OR19;;OCC;MCO;OK;24/04/2024;;E;C;I;;V7T;;;;;;;;;;;;;;;;
7692469;TERRITOIRE;FT 92007/354;7692469;;OR16;OR16;OR19;OR19;;OCC;MCO;OK;05/03/2024;;E;C;T;;S4T;;;;;;;;;;;;;;;;
7514248;TERRITOIRE;FT 93001/1271;7514248;;OR16;OR16;OR19;OR19;;OCC;MCO;OK;30/01/2024;;E;C;T;;S4T;;;;;;;;;;;;;;;;
7750386;TERRITOIRE;FT 94028/761;7750386;;OR16;OR16;OR19;OR19;;OCC;MCO;OK;15/03/2024;;E;C;T;;S4T;;;;;;;;;;;;;;;;
7861485;TERRITOIRE;FT 94081/917;7861485;;OR16;OR16;OR19;OR19;;OCC;MCO;OK;12/04/2024;;E;C;I;;K2C;;;;;;;;;;;;;;;;
7630174;TERRITOIRE;FT 93064/1881;7630174;;OR16;OR16;OR19;OR19;;OCC;MCO;OK;21/02/2024;;E;C;T;;OHN;;;;;;;;;;;;;;;;
8007035;TERRITOIRE;FT 94058/843;8007035;;OR16;OR16;OR19;OR19;;OCC;MCO;OK;15/05/2024;;E;C;I;;OHN;;;;;;;;;;;;;;;;
7873278;TERRITOIRE;FT 94065/294;7873278;;OR16;OR16;OR19;OR19;;OCC;MCO;OK;16/04/2024;;E;C;I;;L4T;;;;;;;;;;;;;;;;
7619839;TERRITOIRE;FT 93031/380;7619839;;OR16;OR16;OR19;OR19;;OCC;MCO;OK;19/02/2024;;E;C;T;;OHN;;;;;;;;;;;;;;;;
7550713;TERRITOIRE;FT 92036/780;7550713;;OR16;OR16;OR19;OR19;;OCC;MCO;OK;06/02/2024;;E;C;T;;U6T;;;;;;;;;;;;;;;;
7607421;TERRITOIRE;FT 92035/126;7607421;;OR16;OR16;OR19;OR19;;OCC;MCO;OK;14/02/2024;;E;C;T;;S3T;;;;;;;;;;;;;;;;
7607401;TERRITOIRE;FT 92026/812;7607401;;OR16;OR16;OR19;OR19;;OCC;MCO;OK;14/02/2024;;E;C;T;;U5T;;;;;;;;;;;;;;;;
7530568;TERRITOIRE;FT 93077/39;7530568;;OR16;OR16;OR19;OR19;;OCC;MCO;OK;01/02/2024;;E;C;T;;OHN;;;;;;;;;;;;;;;;
7861448;TERRITOIRE;FT 94081/534;7861448;;OR16;OR16;OR19;OR19;;OCC;MCO;OK;12/04/2024;;E;C;I;;L3T;;;;;;;;;;;;;;;;
7850230;TERRITOIRE;FT 94022/861;7850230;;OR16;OR16;OR19;OR19;;OCC;MCO;OK;08/04/2024;;E;C;I;;L4T;;;;;;;;;;;;;;;;
7553595;TERRITOIRE;FT 92036/390;7553595;;OR16;OR16;OR19;OR19;;OCC;MCO;OK;06/02/2024;;E;C;T;;OHN;;;;;;;;;;;;;;;;
7855696;TERRITOIRE;FT 92060/233;7855696;;OR16;OR16;OR19;OR19;;OCC;MCO;OK;10/04/2024;;E;C;I;;S6T;;;;;;;;;;;;;;;;
7635190;TERRITOIRE;FT 93072/729;7635190;;OR16;OR16;OR19;OR19;;OCC;MCO;OK;22/02/2024;;E;C;T;;OHN;;;;;;;;;;;;;;;;
7859411;TERRITOIRE;FT 94068/2759;7859411;;OR16;OR16;OR19;OR19;;OCC;MCO;OK;11/04/2024;;E;C;I;;OHN;;;;;;;;;;;;;;;;
7630165;TERRITOIRE;FT 93064/1998;7630165;;OR16;OR16;OR19;OR19;;OCC;MCO;OK;21/02/2024;;E;C;T;;L2T;;;;;;;;;;;;;;;;
7803185;TERRITOIRE;FT 92020/188;7803185;;OR16;OR16;OR19;OR19;;OCC;MCO;OK;26/03/2024;;E;C;I;;L3T;;;;;;;;;;;;;;;;
7511353;TERRITOIRE;FT 93059/223;7511353;;OR16;OR16;OR19;OR19;;OCC;MCO;OK;30/01/2024;;E;C;T;;OHN;;;;;;;;;;;;;;;;
7605109;TERRITOIRE;FT 92025/1369;7605109;;OR16;OR16;OR19;OR19;;OCC;MCO;OK;14/02/2024;;E;C;T;;OHN;;;;;;;;;;;;;;;;
7514245;TERRITOIRE;FT 93055/221;7514245;;OR16;OR16;OR19;OR19;;OCC;MCO;OK;30/01/2024;;E;C;T;;OHN;;;;;;;;;;;;;;;;
7834228;TERRITOIRE;FT 94017/2369;7834228;;OR16;OR16;OR19;OR19;;OCC;MCO;OK;03/04/2024;;E;C;I;;L5T;;;;;;;;;;;;;;;;
7616314;TERRITOIRE;FT 94033/1233;7616314;;OR16;OR16;OR19;OR19;;OCC;MCO;OK;16/02/2024;;E;C;T;;S5T;;;;;;;;;;;;;;;;
7912675;TERRITOIRE;FT 94077/246;7912675;;OR16;OR16;OR19;OR19;;OCC;MCO;OK;24/04/2024;;E;C;I;;L2T;;;;;;;;;;;;;;;;
7876809;TERRITOIRE;FT 78640/1671;7876809;;OR16;OR16;OR19;OR19;;OCC;MCO;OK;17/04/2024;;E;C;I;;OHN;;;;;;;;;;;;;;;;
7696006;TERRITOIRE;FT 93029/85;7696006;;OR16;OR16;OR19;OR19;;OCC;MCO;OK;06/03/2024;;E;C;T;;OHN;;;;;;;;;;;;;;;;
7796175;TERRITOIRE;FT 93048/2290;7796175;;OR16;OR16;OR19;OR19;;OCC;MCO;OK;25/03/2024;;E;C;I;;OHN;;;;;;;;;;;;;;;;
7994563;TERRITOIRE;FT 93057/713;7994563;;OR16;OR16;OR19;OR19;;OCC;MCO;OK;13/05/2024;;E;C;I;;OHN;;;;;;;;;;;;;;;;
7922865;TERRITOIRE;FT 78646/5403;7922865;;OR16;OR16;OR19;OR19;;OCC;MCO;OK;23/04/2024;;E;C;I;;A2;;;;;;;;;;;;;;;;
7719997;TERRITOIRE;FT 92046/291;7719997;;OR16;OR16;OR19;OR19;;OCC;MCO;OK;11/03/2024;;E;C;T;;S6T;;;;;;;;;;;;;;;;
7796169;TERRITOIRE;FT 93048/2299;7796169;;OR16;OR16;OR19;OR19;;OCC;MCO;OK;25/03/2024;;E;C;I;;OHN;;;;;;;;;;;;;;;;
7991371;TERRITOIRE;FT 93077/991;7991371;;OR16;OR16;OR19;OR19;;OCC;MCO;OK;13/05/2024;;E;C;I;;A2;;;;;;;;;;;;;;;;
7651584;TERRITOIRE;FT 92036/1245;7651584;;OR16;OR16;OR19;OR19;;OCC;MCO;OK;26/02/2024;;E;C;T;;V6T;;;;;;;;;;;;;;;;
7619833;TERRITOIRE;FT 93031/164;7619833;;OR16;OR16;OR19;OR19;;OCC;MCO;OK;19/02/2024;;E;C;T;;L2T;;;;;;;;;;;;;;;;
3121922;TERRITOIRE;CH3121922;3121922;;;;OR19;OR21;;OCC;MCO;OK;22/10/2020;;E;C;T;;OHN;;;;;;;;;;;;;;;;
7782706;TERRITOIRE;FT 92032/278;7782706;;OR16;OR16;OR19;OR19;;OCC;MCO;OK;21/03/2024;;E;C;I;;V5T;;;;;;;;;;;;;;;;
7902728;TERRITOIRE;FT 94080/822;7902728;;OR16;OR16;OR19;OR19;;OCC;MCO;OK;23/04/2024;;E;C;I;;OHN;;;;;;;;;;;;;;;;
7714615;TERRITOIRE;FT 92004/1418;7714615;;OR16;OR16;OR19;OR19;;OCC;MCO;OK;08/03/2024;;E;C;T;;U4T;;;;;;;;;;;;;;;;
7991391;TERRITOIRE;FT 93077/679;7991391;;OR16;OR16;OR19;OR19;;OCC;MCO;OK;13/05/2024;;E;C;I;;S3T;;;;;;;;;;;;;;;;
7616003;TERRITOIRE;FT 93070/703;7616003;;OR16;OR16;OR19;OR19;;OCC;MCO;OK;16/02/2024;;E;C;T;;OHN;;;;;;;;;;;;;;;;
7800359;TERRITOIRE;FT 92020/212;7800359;;OR16;OR16;OR19;OR19;;OCC;MCO;OK;26/03/2024;;E;C;I;;OHN;;;;;;;;;;;;;;;;
7651569;TERRITOIRE;FT 92036/1313;7651569;;OR16;OR16;OR19;OR19;;OCC;MCO;OK;26/02/2024;;E;C;T;;S4T;;;;;;;;;;;;;;;;
7607420;TERRITOIRE;FT 92026/92;7607420;;OR16;OR16;OR19;OR19;;OCC;MCO;OK;14/02/2024;;E;C;T;;S4T;;;;;;;;;;;;;;;;
7782715;TERRITOIRE;FT 92032/10;7782715;;OR16;OR16;OR19;OR19;;OCC;MCO;OK;21/03/2024;;E;C;I;;S6T;;;;;;;;;;;;;;;;
7926388;TERRITOIRE;FT 94038/7;7926388;;OR16;OR16;OR19;OR19;;OCC;MCO;OK;26/04/2024;;E;C;I;;L3T;;;;;;;;;;;;;;;;
7603552;TERRITOIRE;FT 92035/1047;7603552;;OR16;OR16;OR19;OR19;;OCC;MCO;OK;14/02/2024;;E;C;T;;L2T;;;;;;;;;;;;;;;;
7609918;TERRITOIRE;FT 92026/877;7609918;;OR16;OR16;OR19;OR19;;OCC;MCO;OK;15/02/2024;;E;C;T;;OHN;;;;;;;;;;;;;;;;
7829425;TERRITOIRE;FT 92046/1258;7829425;;OR16;OR16;OR19;OR19;;OCC;MCO;OK;02/04/2024;;E;C;I;;L2T;;;;;;;;;;;;;;;;
7600675;TERRITOIRE;FT 92044/187;7600675;;OR16;OR16;OR19;OR19;;OCC;MCO;OK;13/02/2024;;E;C;T;;S3T;;;;;;;;;;;;;;;;
7877127;TERRITOIRE;FT 92012/496;7877127;;OR16;OR16;OR19;OR19;;OCC;MCO;OK;17/04/2024;;E;C;I;;S4T;;;;;;;;;;;;;;;;
7533107;TERRITOIRE;FT 93059/116;7533107;;OR16;OR16;OR19;OR19;;OCC;MCO;OK;01/02/2024;;E;C;T;;OHN;;;;;;;;;;;;;;;;
7630169;TERRITOIRE;FT 93064/1883;7630169;;OR16;OR16;OR19;OR19;;OCC;MCO;OK;21/02/2024;;E;C;T;;OHN;;;;;;;;;;;;;;;;
7630149;TERRITOIRE;FT 93064/1440;7630149;;OR16;OR16;OR19;OR19;;OCC;MCO;OK;21/02/2024;;E;C;T;;OHN;;;;;;;;;;;;;;;;
7610227;TERRITOIRE;FT 92004/703;7610227;;OR16;OR16;OR19;OR19;;OCC;MCO;OK;15/02/2024;;E;C;T;;S3T;;;;;;;;;;;;;;;;
7690226;TERRITOIRE;FT 93001/1457;7690226;;OR16;OR16;OR19;OR19;;OCC;MCO;OK;05/03/2024;;E;C;T;;S4T;;;;;;;;;;;;;;;;
7877154;TERRITOIRE;FT 92012/1569;7877154;;OR16;OR16;OR19;OR19;;OCC;MCO;OK;17/04/2024;;E;C;I;;OHN;;;;;;;;;;;;;;;;
7630099;TERRITOIRE;FT 93064/1758;7630099;;OR16;OR16;OR19;OR19;;OCC;MCO;OK;21/02/2024;;E;C;T;;OHN;;;;;;;;;;;;;;;;
7787506;TERRITOIRE;FT 92002/2261;7787506;;OR16;OR16;OR19;OR19;;OCC;MCO;OK;21/03/2024;;E;C;I;;S4T;;;;;;;;;;;;;;;;
7651581;TERRITOIRE;FT 92036/1655;7651581;;OR16;OR16;OR19;OR19;;OCC;MCO;OK;26/02/2024;;E;C;T;;S3T;;;;;;;;;;;;;;;;
7610232;TERRITOIRE;FT 92004/840;7610232;;OR16;OR16;OR19;OR19;;OCC;MCO;OK;15/02/2024;;E;C;T;;S3T;;;;;;;;;;;;;;;;
7761325;TERRITOIRE;FT 93057/230;7761325;;OR16;OR16;OR19;OR19;;OCC;MCO;OK;18/03/2024;;E;C;T;;L2T;;;;;;;;;;;;;;;;
7859231;TERRITOIRE;FT 94068/220;7859231;;OR16;OR16;OR19;OR19;;OCC;MCO;OK;11/04/2024;;E;C;I;;OHN;;;;;;;;;;;;;;;;
7763217;TERRITOIRE;FT 92036/1048;7763217;;OR16;OR16;OR19;OR19;;OCC;MCO;OK;18/03/2024;;E;C;T;;L2T;;;;;;;;;;;;;;;;
7926400;TERRITOIRE;FT 94038/937;7926400;;OR16;OR16;OR19;OR19;;OCC;MCO;OK;26/04/2024;;E;C;I;;L1T;;;;;;;;;;;;;;;;
7850258;TERRITOIRE;FT 94022/1325;7850258;;OR16;OR16;OR19;OR19;;OCC;MCO;OK;08/04/2024;;E;C;I;;L2T;;;;;;;;;;;;;;;;
7994578;TERRITOIRE;FT 93057/740;7994578;;OR16;OR16;OR19;OR19;;OCC;MCO;OK;13/05/2024;;E;C;I;;OHN;;;;;;;;;;;;;;;;
7597118;TERRITOIRE;FT 94017/1842;7597118;;OR16;OR16;OR19;OR19;;OCC;MCO;OK;13/02/2024;;E;C;T;;L3T;;;;;;;;;;;;;;;;
7859331;TERRITOIRE;FT 94068/1761;7859331;;OR16;OR16;OR19;OR19;;OCC;MCO;OK;11/04/2024;;E;C;I;;U4T;;;;;;;;;;;;;;;;
3423993;TERRITOIRE;CH3423993;3423993;;OR228;OR228;OR19;OR19;;OCC;MCO;OK;15/02/2024;;E;C;R;;L2T;;;;;;;;;;;;;;;;
7850240;TERRITOIRE;FT 94022/295;7850240;;OR16;OR16;OR19;OR19;;OCC;MCO;OK;08/04/2024;;E;C;I;;L4T;;;;;;;;;;;;;;;;
7683549;TERRITOIRE;FT 93029/1173;7683549;;OR16;OR16;OR19;OR19;;OCC;MCO;OK;04/03/2024;;E;C;T;;S4T;;;;;;;;;;;;;;;;
7609968;TERRITOIRE;FT 92004/470;7609968;;OR16;OR16;OR19;OR19;;OCC;MCO;OK;15/02/2024;;E;C;T;;S4T;;;;;;;;;;;;;;;;
7830389;TERRITOIRE;FT 92019/361;7830389;;OR16;OR16;OR19;OR19;;OCC;MCO;OK;02/04/2024;;E;C;I;;OHN;;;;;;;;;;;;;;;;
7177905;TERRITOIRE;CH7177905;7177905;;OR228;OR228;OR19;OR19;;OCC;MCO;OK;15/02/2024;;E;C;T;;L2T;;;;;;;;;;;;;;;;
7761337;TERRITOIRE;FT 93057/433;7761337;;OR16;OR16;OR19;OR19;;OCC;MCO;OK;18/03/2024;;E;C;T;;OHN;;;;;;;;;;;;;;;;
7772481;TERRITOIRE;FT 94068/1975;7772481;;OR16;OR16;OR19;OR19;;OCC;MCO;OK;20/03/2024;;E;C;T;;OHN;;;;;;;;;;;;;;;;
7777003;TERRITOIRE;FT 92002/640;7777003;;OR16;OR16;OR19;OR19;;OCC;MCO;OK;20/03/2024;;E;C;T;;U4T;;;;;;;;;;;;;;;;
7761305;TERRITOIRE;FT 93057/250;7761305;;OR16;OR16;OR19;OR19;;OCC;MCO;OK;18/03/2024;;E;C;T;;S4T;;;;;;;;;;;;;;;;
7566431;TERRITOIRE;FT 93046/582;7566431;;OR16;OR16;OR19;OR19;;OCC;MCO;OK;08/02/2024;;E;C;T;;L4T;;;;;;;;;;;;;;;;
7789129;TERRITOIRE;FT 92071/18;7789129;;OR16;OR16;OR19;OR19;;OCC;MCO;OK;22/03/2024;;E;C;I;;OHN;;;;;;;;;;;;;;;;
7607483;TERRITOIRE;FT 92026/754;7607483;;OR16;OR16;OR19;OR19;;OCC;MCO;OK;14/02/2024;;E;C;T;;S4T;;;;;;;;;;;;;;;;
7191366;TERRITOIRE;CH7191366;7191366;;OR228;OR228;OR19;OR19;;OCC;MCO;OK;15/02/2024;;E;C;T;;L3T;;;;;;;;;;;;;;;;
7519728;TERRITOIRE;FT 94080/820;7519728;;OR16;OR16;OR19;OR19;;OCC;MCO;OK;31/01/2024;;E;C;T;;OHN;;;;;;;;;;;;;;;;
7616001;TERRITOIRE;FT 93070/635;7616001;;OR16;OR16;OR19;OR19;;OCC;MCO;OK;16/02/2024;;E;C;T;;OHN;;;;;;;;;;;;;;;;
7991390;TERRITOIRE;FT 93077/686;7991390;;OR16;OR16;OR19;OR19;;OCC;MCO;OK;13/05/2024;;E;C;I;;OHN;;;;;;;;;;;;;;;;
7811876;TERRITOIRE;FT 94081/172;7811876;;OR16;OR16;OR19;OR19;;OCC;MCO;OK;27/03/2024;;E;C;I;;L2T;;;;;;;;;;;;;;;;
7651592;TERRITOIRE;FT 92036/1265;7651592;;OR16;OR16;OR19;OR19;;OCC;MCO;OK;26/02/2024;;E;C;T;;OHN;;;;;;;;;;;;;;;;
7607479;TERRITOIRE;FT 92026/139;7607479;;OR16;OR16;OR19;OR19;;OCC;MCO;OK;14/02/2024;;E;C;T;;U4T;;;;;;;;;;;;;;;;
7963526;TERRITOIRE;FT 94034/412;7963526;;OR16;OR16;OR19;OR19;;OCC;MCO;OK;06/05/2024;;E;C;I;;S3T;;;;;;;;;;;;;;;;
7783126;TERRITOIRE;FT 92014/671;7783126;;OR16;OR16;OR19;OR19;;OCC;MCO;OK;21/03/2024;;E;C;I;;S3T;;;;;;;;;;;;;;;;
7651593;TERRITOIRE;FT 92036/1257;7651593;;OR16;OR16;OR19;OR19;;OCC;MCO;OK;26/02/2024;;E;C;T;;OHN;;;;;;;;;;;;;;;;
7603550;TERRITOIRE;FT 92035/359;7603550;;OR16;OR16;OR19;OR19;;OCC;MCO;OK;14/02/2024;;E;C;T;;S4T;;;;;;;;;;;;;;;;
7796172;TERRITOIRE;FT 93048/2288;7796172;;OR16;OR16;OR19;OR19;;OCC;MCO;OK;25/03/2024;;E;C;I;;OHN;;;;;;;;;;;;;;;;
7761331;TERRITOIRE;FT 93057/441;7761331;;OR16;OR16;OR19;OR19;;OCC;MCO;OK;18/03/2024;;E;C;T;;A2;;;;;;;;;;;;;;;;
7837444;TERRITOIRE;FT 92025/316;7837444;;OR16;OR16;OR19;OR19;;OCC;MCO;OK;04/04/2024;;E;C;I;;S3T;;;;;;;;;;;;;;;;
7731523;TERRITOIRE;FT 94028/274;7731523;;OR16;OR16;OR19;OR19;;OCC;MCO;OK;13/03/2024;;E;C;T;;U6T;;;;;;;;;;;;;;;;
7694391;TERRITOIRE;FT 93027/816;7694391;;OR16;OR16;OR19;OR19;;OCC;MCO;OK;06/03/2024;;E;C;T;;OHN;;;;;;;;;;;;;;;;
7994565;TERRITOIRE;FT 93057/736;7994565;;OR16;OR16;OR19;OR19;;OCC;MCO;OK;13/05/2024;;E;C;I;;OHN;;;;;;;;;;;;;;;;
7859404;TERRITOIRE;FT 94068/2670;7859404;;OR16;OR16;OR19;OR19;;OCC;MCO;OK;11/04/2024;;E;C;I;;OHN;;;;;;;;;;;;;;;;
7905910;TERRITOIRE;FT 92051/209;7905910;;OR16;OR16;OR19;OR19;;OCC;MCO;OK;23/04/2024;;E;C;I;;S4T;;;;;;;;;;;;;;;;
7731215;TERRITOIRE;FT 94028/1170;7731215;;OR16;OR16;OR19;OR19;;OCC;MCO;OK;13/03/2024;;E;C;T;;S3T;;;;;;;;;;;;;;;;
7819858;TERRITOIRE;FT 94073/43;7819858;;OR16;OR16;OR19;OR19;;OCC;MCO;OK;28/03/2024;;E;C;I;;OHN;;;;;;;;;;;;;;;;
7905267;TERRITOIRE;FT 92051/499;7905267;;OR16;OR16;OR19;OR19;;OCC;MCO;OK;23/04/2024;;E;C;I;;OHN;;;;;;;;;;;;;;;;
7594895;TERRITOIRE;FT 94002/131;7594895;;OR16;OR16;OR19;OR19;;OCC;MCO;OK;13/02/2024;;E;C;T;;L2T;;;;;;;;;;;;;;;;
7899832;TERRITOIRE;FT 78646/5404;7899832;;OR16;OR16;OR19;OR19;;OCC;MCO;OK;23/04/2024;;E;C;I;;A2;;;;;;;;;;;;;;;;
7991693;TERRITOIRE;FT 93010/7;7991693;;OR16;OR16;OR19;OR19;;OCC;MCO;OK;13/05/2024;;E;C;I;;OHN;;;;;;;;;;;;;;;;
7638071;TERRITOIRE;FT 94033/846;7638071;;OR16;OR16;OR19;OR19;;OCC;MCO;OK;22/02/2024;;E;C;T;;OHN;;;;;;;;;;;;;;;;
7699513;TERRITOIRE;FT 92020/822;7699513;;OR16;OR16;OR19;OR19;;OCC;MCO;OK;06/03/2024;;E;C;T;;L3T;;;;;;;;;;;;;;;;
7912678;TERRITOIRE;FT 94077/1100;7912678;;OR16;OR16;OR19;OR19;;OCC;MCO;OK;24/04/2024;;E;C;I;;K2C;;;;;;;;;;;;;;;;
7651571;TERRITOIRE;FT 92036/1297;7651571;;OR16;OR16;OR19;OR19;;OCC;MCO;OK;26/02/2024;;E;C;T;;U5T;;;;;;;;;;;;;;;;
7679351;TERRITOIRE;FT 94046/820;7679351;;OR16;OR16;OR19;OR19;;OCC;MCO;OK;04/03/2024;;E;C;T;;OHN;;;;;;;;;;;;;;;;
7991680;TERRITOIRE;FT 93010/1;7991680;;OR16;OR16;OR19;OR19;;OCC;MCO;OK;13/05/2024;;E;C;I;;OHN;;;;;;;;;;;;;;;;
7594898;TERRITOIRE;FT 94002/128;7594898;;OR16;OR16;OR19;OR19;;OCC;MCO;OK;13/02/2024;;E;C;T;;L3T;;;;;;;;;;;;;;;;
7859386;TERRITOIRE;FT 94068/2742;7859386;;OR16;OR16;OR19;OR19;;OCC;MCO;OK;11/04/2024;;E;C;I;;S4T;;;;;;;;;;;;;;;;
7654721;TERRITOIRE;FT 93013/300;7654721;;OR16;OR16;OR19;OR19;;OCC;MCO;OK;27/02/2024;;E;C;T;;OHN;;;;;;;;;;;;;;;;
7837798;TERRITOIRE;FT 92009/936;7837798;;OR16;OR16;OR19;OR19;;OCC;MCO;OK;04/04/2024;;E;C;I;;S3T;;;;;;;;;;;;;;;;
7991377;TERRITOIRE;FT 93077/675;7991377;;OR16;OR16;OR19;OR19;;OCC;MCO;OK;13/05/2024;;E;C;I;;OHN;;;;;;;;;;;;;;;;
7600638;TERRITOIRE;FT 92044/21;7600638;;OR16;OR16;OR19;OR19;;OCC;MCO;OK;13/02/2024;;E;C;T;;U5T;;;;;;;;;;;;;;;;
7819842;TERRITOIRE;FT 94041/848;7819842;;OR16;OR16;OR19;OR19;;OCC;MCO;OK;28/03/2024;;E;C;I;;OHN;;;;;;;;;;;;;;;;
7603510;TERRITOIRE;FT 92050/2212;7603510;;OR16;OR16;OR19;OR19;;OCC;MCO;OK;14/02/2024;;E;C;T;;L2T;;;;;;;;;;;;;;;;
7714594;TERRITOIRE;FT 92004/2128;7714594;;OR16;OR16;OR19;OR19;;OCC;MCO;OK;08/03/2024;;E;C;T;;S3T;;;;;;;;;;;;;;;;
7800350;TERRITOIRE;FT 92075/507;7800350;;OR16;OR16;OR19;OR19;;OCC;MCO;OK;26/03/2024;;E;C;I;;S3T;;;;;;;;;;;;;;;;
7803210;TERRITOIRE;FT 92007/468;7803210;;OR16;OR16;OR19;OR19;;OCC;MCO;OK;26/03/2024;;E;C;I;;OHN;;;;;;;;;;;;;;;;
7749759;TERRITOIRE;FT 94028/690;7749759;;OR16;OR16;OR19;OR19;;OCC;MCO;OK;15/03/2024;;E;C;T;;OHN;;;;;;;;;;;;;;;;
7912631;TERRITOIRE;FT 94077/1052;7912631;;OR16;OR16;OR19;OR19;;OCC;MCO;OK;24/04/2024;;E;C;I;;L2T;;;;;;;;;;;;;;;;
7568325;TERRITOIRE;FT 94015/756;7568325;;OR16;OR16;OR19;OR19;;OCC;MCO;OK;08/02/2024;;E;C;T;;S3T;;;;;;;;;;;;;;;;
7837794;TERRITOIRE;FT 92025/777;7837794;;OR16;OR16;OR19;OR19;;OCC;MCO;OK;04/04/2024;;E;C;I;;S4T;;;;;;;;;;;;;;;;
7883256;TERRITOIRE;FT 92050/219;7883256;;OR16;OR16;OR19;OR19;;OCC;MCO;OK;18/04/2024;;E;C;I;;S3T;;;;;;;;;;;;;;;;
7994552;TERRITOIRE;FT 93057/711;7994552;;OR16;OR16;OR19;OR19;;OCC;MCO;OK;13/05/2024;;E;C;I;;OHN;;;;;;;;;;;;;;;;
7912661;TERRITOIRE;FT 94077/876;7912661;;OR16;OR16;OR19;OR19;;OCC;MCO;OK;24/04/2024;;E;C;I;;L3T;;;;;;;;;;;;;;;;
7798441;TERRITOIRE;FT 92020/774;7798441;;OR16;OR16;OR19;OR19;;OCC;MCO;OK;25/03/2024;;E;C;I;;S4T;;;;;;;;;;;;;;;;
7915887;TERRITOIRE;FT 94018/31;7915887;;OR16;OR16;OR19;OR19;;OCC;MCO;OK;24/04/2024;;E;C;I;;S3T;;;;;;;;;;;;;;;;
7850277;TERRITOIRE;FT 94022/581;7850277;;OR16;OR16;OR19;OR19;;OCC;MCO;OK;08/04/2024;;E;C;I;;OHN;;;;;;;;;;;;;;;;
7609941;TERRITOIRE;FT 92026/977;7609941;;OR16;OR16;OR19;OR19;;OCC;MCO;OK;15/02/2024;;E;C;T;;S3T;;;;;;;;;;;;;;;;
7776995;TERRITOIRE;FT 92002/701;7776995;;OR16;OR16;OR19;OR19;;OCC;MCO;OK;20/03/2024;;E;C;T;;S3T;;;;;;;;;;;;;;;;
7565434;TERRITOIRE;FT 94015/336;7565434;;OR16;OR16;OR19;OR19;;OCC;MCO;OK;08/02/2024;;E;C;T;;S3T;;;;;;;;;;;;;;;;
7783045;TERRITOIRE;FT 92002/1805;7783045;;OR16;OR16;OR19;OR19;;OCC;MCO;OK;21/03/2024;;E;C;I;;L3T;;;;;;;;;;;;;;;;
7963545;TERRITOIRE;FT 94043/30;7963545;;OR16;OR16;OR19;OR19;;OCC;MCO;OK;06/05/2024;;E;C;I;;L2T;;;;;;;;;;;;;;;;
7912632;TERRITOIRE;FT 94077/1001;7912632;;OR16;OR16;OR19;OR19;;OCC;MCO;OK;24/04/2024;;E;C;I;;L4T;;;;;;;;;;;;;;;;
7883247;TERRITOIRE;FT 92050/196;7883247;;OR16;OR16;OR19;OR19;;OCC;MCO;OK;18/04/2024;;E;C;I;;S4T;;;;;;;;;;;;;;;;
7649276;TERRITOIRE;FT 92078/281;7649276;;OR16;OR16;OR19;OR19;;OCC;MCO;OK;26/02/2024;;E;C;T;;U4T;;;;;;;;;;;;;;;;
7651524;TERRITOIRE;FT 92024/349;7651524;;OR16;OR16;OR19;OR19;;OCC;MCO;OK;26/02/2024;;E;C;T;;S3T;;;;;;;;;;;;;;;;
7827249;TERRITOIRE;FT 92046/619;7827249;;OR16;OR16;OR19;OR19;;OCC;MCO;OK;02/04/2024;;E;C;I;;L2T;;;;;;;;;;;;;;;;
7883518;TERRITOIRE;FT 78646/1306;7883518;;OR16;OR16;OR19;OR19;;OCC;MCO;OK;18/04/2024;;E;C;I;;B1;;;;;;;;;;;;;;;;
7800305;TERRITOIRE;FT 92075/156;7800305;;OR16;OR16;OR19;OR19;;OCC;MCO;OK;26/03/2024;;E;C;I;;S5T;;;;;;;;;;;;;;;;
7616015;TERRITOIRE;FT 93048/2689;7616015;;OR16;OR16;OR19;OR19;;OCC;MCO;OK;16/02/2024;;E;C;T;;OHN;;;;;;;;;;;;;;;;
7514249;TERRITOIRE;FT 93001/1246;7514249;;OR16;OR16;OR19;OR19;;OCC;MCO;OK;30/01/2024;;E;C;T;;V6T;;;;;;;;;;;;;;;;
7530578;TERRITOIRE;FT 93010/830;7530578;;OR16;OR16;OR19;OR19;;OCC;MCO;OK;01/02/2024;;E;C;T;;S3T;;;;;;;;;;;;;;;;
7714622;TERRITOIRE;FT 92004/1030;7714622;;OR16;OR16;OR19;OR19;;OCC;MCO;OK;08/03/2024;;E;C;T;;S3T;;;;;;;;;;;;;;;;
7859221;TERRITOIRE;FT 94068/771;7859221;;OR16;OR16;OR19;OR19;;OCC;MCO;OK;11/04/2024;;E;C;I;;OHN;;;;;;;;;;;;;;;;
7883192;TERRITOIRE;FT 92012/1719;7883192;;OR16;OR16;OR19;OR19;;OCC;MCO;OK;18/04/2024;;E;C;I;;S4T;;;;;;;;;;;;;;;;
7796208;TERRITOIRE;FT 92020/312;7796208;;OR16;OR16;OR19;OR19;;OCC;MCO;OK;25/03/2024;;E;C;I;;U4T;;;;;;;;;;;;;;;;
7837768;TERRITOIRE;FT 92025/1210;7837768;;OR16;OR16;OR19;OR19;;OCC;MCO;OK;04/04/2024;;E;C;I;;S4T;;;;;;;;;;;;;;;;
7652939;TERRITOIRE;FT 92036/FT3;7652939;;OR16;OR16;OR19;OR19;;OCC;MCO;OK;27/02/2024;;E;C;T;;OHN;;;;;;;;;;;;;;;;
7991467;TERRITOIRE;FT 93077/475;7991467;;OR16;OR16;OR19;OR19;;OCC;MCO;OK;13/05/2024;;E;C;I;;L2T;;;;;;;;;;;;;;;;
7899849;TERRITOIRE;FT 78646/5176;7899849;;OR16;OR16;OR19;OR19;;OCC;MCO;OK;23/04/2024;;E;C;I;;A2C;;;;;;;;;;;;;;;;
7906548;TERRITOIRE;FT 92051/1264;7906548;;OR16;OR16;OR19;OR19;;OCC;MCO;OK;23/04/2024;;E;C;I;;S4T;;;;;;;;;;;;;;;;
7994574;TERRITOIRE;FT 93057/718;7994574;;OR16;OR16;OR19;OR19;;OCC;MCO;OK;13/05/2024;;E;C;I;;OHN;;;;;;;;;;;;;;;;
7915878;TERRITOIRE;FT 94018/297;7915878;;OR16;OR16;OR19;OR19;;OCC;MCO;OK;24/04/2024;;E;C;I;;S3T;;;;;;;;;;;;;;;;
7638087;TERRITOIRE;FT 93006/253;7638087;;OR16;OR16;OR19;OR19;;OCC;MCO;OK;22/02/2024;;E;C;T;;L6T;;;;;;;;;;;;;;;;
7963544;TERRITOIRE;FT 94043/31;7963544;;OR16;OR16;OR19;OR19;;OCC;MCO;OK;06/05/2024;;E;C;I;;L2T;;;;;;;;;;;;;;;;
7696010;TERRITOIRE;FT 93013/35;7696010;;OR16;OR16;OR19;OR19;;OCC;MCO;OK;06/03/2024;;E;C;T;;OHN;;;;;;;;;;;;;;;;
7819852;TERRITOIRE;FT 94041/513;7819852;;OR16;OR16;OR19;OR19;;OCC;MCO;OK;28/03/2024;;E;C;I;;OHN;;;;;;;;;;;;;;;;
7559031;TERRITOIRE;FT 93046/1157;7559031;;OR16;OR16;OR19;OR19;;OCC;MCO;OK;07/02/2024;;E;C;T;;A2;;;;;;;;;;;;;;;;
7643193;TERRITOIRE;FT 93007/190;7643193;;OR16;OR16;OR19;OR19;;OCC;MCO;OK;23/02/2024;;E;C;T;;A2;;;;;;;;;;;;;;;;
7714572;TERRITOIRE;FT 92004/1157;7714572;;OR16;OR16;OR19;OR19;;OCC;MCO;OK;08/03/2024;;E;C;T;;OHN;;;;;;;;;;;;;;;;
7838079;TERRITOIRE;FT 92025/367;7838079;;OR16;OR16;OR19;OR19;;OCC;MCO;OK;04/04/2024;;E;C;I;;S3T;;;;;;;;;;;;;;;;
1345034;HORS TERRITOIRE;CH1345034;1345034;;OR227;OR227;OR19;OR19;;OCC;MCO;OK;20/01/2014;;E;C;T;;L4T;;;;;;;;;;;;;;;;
7718715;TERRITOIRE;FT 94016/419;7718715;;OR16;OR16;OR19;OR19;;OCC;MCO;OK;11/03/2024;;E;C;T;;S6T;;;;;;;;;;;;;;;;
7761315;TERRITOIRE;FT 93057/168;7761315;;OR16;OR16;OR19;OR19;;OCC;MCO;OK;18/03/2024;;E;C;T;;S3T;;;;;;;;;;;;;;;;
7609944;TERRITOIRE;FT 92026/1414;7609944;;OR16;OR16;OR19;OR19;;OCC;MCO;OK;15/02/2024;;E;C;T;;S4T;;;;;;;;;;;;;;;;
7837443;TERRITOIRE;FT 92025/387;7837443;;OR16;OR16;OR19;OR19;;OCC;MCO;OK;04/04/2024;;E;C;I;;L3T;;;;;;;;;;;;;;;;
7603533;TERRITOIRE;FT 92025/1424;7603533;;OR16;OR16;OR19;OR19;;OCC;MCO;OK;14/02/2024;;E;C;T;;L2T;;;;;;;;;;;;;;;;
7553585;TERRITOIRE;FT 92036/786;7553585;;OR16;OR16;OR19;OR19;;OCC;MCO;OK;06/02/2024;;E;C;T;;L2T;;;;;;;;;;;;;;;;
7607406;TERRITOIRE;FT 92026/106;7607406;;OR16;OR16;OR19;OR19;;OCC;MCO;OK;14/02/2024;;E;C;T;;S4T;;;;;;;;;;;;;;;;
7783050;TERRITOIRE;FT 92002/1714;7783050;;OR16;OR16;OR19;OR19;;OCC;MCO;OK;21/03/2024;;E;C;I;;S4T;;;;;;;;;;;;;;;;
7540792;TERRITOIRE;FT 93001/468;7540792;;OR16;OR16;OR19;OR19;;OCC;MCO;OK;02/02/2024;;E;C;T;;U6T;;;;;;;;;;;;;;;;
7838133;TERRITOIRE;FT 92009/289;7838133;;OR16;OR16;OR19;OR19;;OCC;MCO;OK;04/04/2024;;E;C;I;;L2T;;;;;;;;;;;;;;;;
7570870;TERRITOIRE;FT 94017/304;7570870;;OR16;OR16;OR19;OR19;;OCC;MCO;OK;09/02/2024;;E;C;T;;S4T;;;;;;;;;;;;;;;;
7861467;TERRITOIRE;FT 94076/1310;7861467;;OR16;OR16;OR19;OR19;;OCC;MCO;OK;12/04/2024;;E;C;I;;P2T;;;;;;;;;;;;;;;;
7565428;TERRITOIRE;FT 94015/337;7565428;;OR16;OR16;OR19;OR19;;OCC;MCO;OK;08/02/2024;;E;C;T;;OHN;;;;;;;;;;;;;;;;
7827198;TERRITOIRE;FT 92046/521;7827198;;OR16;OR16;OR19;OR19;;OCC;MCO;OK;02/04/2024;;E;C;I;;S3T;;;;;;;;;;;;;;;;
7800320;TERRITOIRE;FT 92075/182;7800320;;OR16;OR16;OR19;OR19;;OCC;MCO;OK;26/03/2024;;E;C;I;;S4T;;;;;;;;;;;;;;;;
2802225;TERRITOIRE;CH2802225;2802225;;OR227;OR227;OR19;OR19;;OCC;MCO;OK;16/08/2019;;E;C;T;;OHN;;;;;;;;;;;;;;;;
7796173;TERRITOIRE;FT 93048/2277;7796173;;OR16;OR16;OR19;OR19;;OCC;MCO;OK;25/03/2024;;E;C;I;;L2T;;;;;;;;;;;;;;;;
7651512;TERRITOIRE;FT 92078/212;7651512;;OR16;OR16;OR19;OR19;;OCC;MCO;OK;26/02/2024;;E;C;T;;S4T;;;;;;;;;;;;;;;;
7615994;TERRITOIRE;FT 93070/621;7615994;;OR16;OR16;OR19;OR19;;OCC;MCO;OK;16/02/2024;;E;C;T;;OHN;;;;;;;;;;;;;;;;
7600631;TERRITOIRE;FT 92044/19;7600631;;OR16;OR16;OR19;OR19;;OCC;MCO;OK;13/02/2024;;E;C;T;;OHN;;;;;;;;;;;;;;;;
7519683;TERRITOIRE;FT 94080/1190;7519683;;OR16;OR16;OR19;OR19;;OCC;MCO;OK;31/01/2024;;E;C;T;;OHN;;;;;;;;;;;;;;;;
7837783;TERRITOIRE;FT 92025/1327;7837783;;OR16;OR16;OR19;OR19;;OCC;MCO;OK;04/04/2024;;E;C;I;;S4T;;;;;;;;;;;;;;;;
7883267;TERRITOIRE;FT 92050/206;7883267;;OR16;OR16;OR19;OR19;;OCC;MCO;OK;18/04/2024;;E;C;I;;S3T;;;;;;;;;;;;;;;;
7850228;TERRITOIRE;FT 94022/1268;7850228;;OR16;OR16;OR19;OR19;;OCC;MCO;OK;08/04/2024;;E;C;I;;L2T;;;;;;;;;;;;;;;;
7530577;TERRITOIRE;FT 93010/828;7530577;;OR16;OR16;OR19;OR19;;OCC;MCO;OK;01/02/2024;;E;C;T;;S3T;;;;;;;;;;;;;;;;
7871379;TERRITOIRE;FT 94052/671;7871379;;OR16;OR16;OR19;OR19;;OCC;MCO;OK;16/04/2024;;E;C;I;;S4T;;;;;;;;;;;;;;;;
7651577;TERRITOIRE;FT 92036/1315;7651577;;OR16;OR16;OR19;OR19;;OCC;MCO;OK;26/02/2024;;E;C;T;;S3T;;;;;;;;;;;;;;;;
7519720;TERRITOIRE;FT 94033/488;7519720;;OR16;OR16;OR19;OR19;;OCC;MCO;OK;31/01/2024;;E;C;T;;OHN;;;;;;;;;;;;;;;;
7672634;TERRITOIRE;FT 93039/41;7672634;;OR16;OR16;OR19;OR19;;OCC;MCO;OK;29/02/2024;;E;C;T;;U5T;;;;;;;;;;;;;;;;
7594915;TERRITOIRE;FT 94002/89;7594915;;OR16;OR16;OR19;OR19;;OCC;MCO;OK;13/02/2024;;E;C;T;;OHN;;;;;;;;;;;;;;;;
7876830;TERRITOIRE;FT 92022/527;7876830;;OR16;OR16;OR19;OR19;;OCC;MCO;OK;17/04/2024;;E;C;I;;S1T;;;;;;;;;;;;;;;;
7533118;TERRITOIRE;FT 93072/40;7533118;;OR16;OR16;OR19;OR19;;OCC;MCO;OK;01/02/2024;;E;C;T;;L2T;;;;;;;;;;;;;;;;
7514233;TERRITOIRE;FT 93055/140;7514233;;OR16;OR16;OR19;OR19;;OCC;MCO;OK;30/01/2024;;E;C;T;;S4T;;;;;;;;;;;;;;;;
7620484;TERRITOIRE;FT 93048/189;7620484;;OR16;OR16;OR19;OR19;;OCC;MCO;OK;19/02/2024;;E;C;T;;OHN;;;;;;;;;;;;;;;;
7730868;TERRITOIRE;FT 94028/1734;7730868;;OR16;OR16;OR19;OR19;;OCC;MCO;OK;13/03/2024;;E;C;T;;L2T;;;;;;;;;;;;;;;;
3148468;TERRITOIRE;CH3148468;3148468;;;;OR19;OR21;;OCC;MCO;OK;23/11/2020;;E;C;T;;L2T;;;;;;;;;;;;;;;;
7861470;TERRITOIRE;FT 94081/380;7861470;;OR16;OR16;OR19;OR19;;OCC;MCO;OK;12/04/2024;;E;C;I;;L2T;;;;;;;;;;;;;;;;
7616004;TERRITOIRE;FT 93070/637;7616004;;OR16;OR16;OR19;OR19;;OCC;MCO;OK;16/02/2024;;E;C;T;;OHN;;;;;;;;;;;;;;;;
7519698;TERRITOIRE;FT 94033/487;7519698;;OR16;OR16;OR19;OR19;;OCC;MCO;OK;31/01/2024;;E;C;T;;OHN;;;;;;;;;;;;;;;;
7911038;TERRITOIRE;FT 94077/1008;7911038;;OR16;OR16;OR19;OR19;;OCC;MCO;OK;24/04/2024;;E;C;I;;A2;;;;;;;;;;;;;;;;
7642227;TERRITOIRE;FT 93006/381;7642227;;OR16;OR16;OR19;OR19;;OCC;MCO;OK;23/02/2024;;E;C;T;;L3T;;;;;;;;;;;;;;;;
7830100;TERRITOIRE;FT 92019/653;7830100;;OR16;OR16;OR19;OR19;;OCC;MCO;OK;02/04/2024;;E;C;I;;S4T;;;;;;;;;;;;;;;;
7594881;TERRITOIRE;FT 94002/225;7594881;;OR16;OR16;OR19;OR19;;OCC;MCO;OK;13/02/2024;;E;C;T;;OHN;;;;;;;;;;;;;;;;
7948830;TERRITOIRE;FT 94080/102;7948830;;OR16;OR16;OR19;OR19;;OCC;MCO;OK;02/05/2024;;E;C;I;;S3T;;;;;;;;;;;;;;;;
1369299;HORS TERRITOIRE;CH1369299;1369299;;OR228;OR228;OR19;OR19;;OCC;MCO;OK;27/02/2015;;E;C;T;;K2C;;;;;;;;;;;;;;;;
7991407;TERRITOIRE;FT 93010/1234;7991407;;OR16;OR16;OR19;OR19;;OCC;MCO;OK;13/05/2024;;E;C;I;;S4T;;;;;;;;;;;;;;;;
7566424;TERRITOIRE;FT 93046/580;7566424;;OR16;OR16;OR19;OR19;;OCC;MCO;OK;08/02/2024;;E;C;T;;L2T;;;;;;;;;;;;;;;;
3121934;TERRITOIRE;CH3121934;3121934;;;;OR19;OR21;;OCC;MCO;OK;22/10/2020;;E;C;T;;K2C;;;;;;;;;;;;;;;;
7630086;TERRITOIRE;FT 93064/461;7630086;;OR16;OR16;OR19;OR19;;OCC;MCO;OK;21/02/2024;;E;C;T;;OHN;;;;;;;;;;;;;;;;
7603517;TERRITOIRE;FT 92050/2225;7603517;;OR16;OR16;OR19;OR19;;OCC;MCO;OK;14/02/2024;;E;C;T;;L2T;;;;;;;;;;;;;;;;
7609917;TERRITOIRE;FT 92026/330;7609917;;OR16;OR16;OR19;OR19;;OCC;MCO;OK;15/02/2024;;E;C;T;;P6C;;;;;;;;;;;;;;;;
7811843;TERRITOIRE;FT 94081/1289;7811843;;OR16;OR16;OR19;OR19;;OCC;MCO;OK;27/03/2024;;E;C;I;;L6T;;;;;;;;;;;;;;;;
7837802;TERRITOIRE;FT 92025/815;7837802;;OR16;OR16;OR19;OR19;;OCC;MCO;OK;04/04/2024;;E;C;I;;OHN;;;;;;;;;;;;;;;;
7553590;TERRITOIRE;FT 92036/784;7553590;;OR16;OR16;OR19;OR19;;OCC;MCO;OK;06/02/2024;;E;C;T;;S4T;;;;;;;;;;;;;;;;
7565437;TERRITOIRE;FT 94015/344;7565437;;OR16;OR16;OR19;OR19;;OCC;MCO;OK;08/02/2024;;E;C;T;;OHN;;;;;;;;;;;;;;;;
7620796;TERRITOIRE;FT 93006/141;7620796;;OR16;OR16;OR19;OR19;;OCC;MCO;OK;19/02/2024;;E;C;T;;OHN;;;;;;;;;;;;;;;;
7683505;TERRITOIRE;FT 93008/731;7683505;;OR16;OR16;OR19;OR19;;OCC;MCO;OK;04/03/2024;;E;C;T;;S4T;;;;;;;;;;;;;;;;
2772145;HORS TERRITOIRE;CH2772145;2772145;;OR227;OR227;OR19;OR19;;OCC;MCO;OK;26/06/2019;;E;C;T;;L2T;;;;;;;;;;;;;;;;
7859389;TERRITOIRE;FT 94068/2369;7859389;;OR16;OR16;OR19;OR19;;OCC;MCO;OK;11/04/2024;;E;C;I;;OHN;;;;;;;;;;;;;;;;
7568346;TERRITOIRE;FT 94015/646;7568346;;OR16;OR16;OR19;OR19;;OCC;MCO;OK;08/02/2024;;E;C;T;;OHN;;;;;;;;;;;;;;;;
7698866;TERRITOIRE;FT 92032/1219;7698866;;OR16;OR16;OR19;OR19;;OCC;MCO;OK;06/03/2024;;E;C;T;;INC;;;;;;;;;;;;;;;;
7619832;TERRITOIRE;FT 93031/170;7619832;;OR16;OR16;OR19;OR19;;OCC;MCO;OK;19/02/2024;;E;C;T;;OHN;;;;;;;;;;;;;;;;
8049585;TERRITOIRE;FT 94068/2707;8049585;;OR16;OR16;OR19;OR19;;OCC;MCO;OK;11/04/2024;;E;C;I;;U4T;;;;;;;;;;;;;;;;
7714630;TERRITOIRE;FT 92004/1442;7714630;;OR16;OR16;OR19;OR19;;OCC;MCO;OK;08/03/2024;;E;C;T;;S5T;;;;;;;;;;;;;;;;
7630200;TERRITOIRE;FT 93048/3448;7630200;;OR16;OR16;OR19;OR19;;OCC;MCO;OK;21/02/2024;;E;C;T;;OHN;;;;;;;;;;;;;;;;
7883831;TERRITOIRE;FT 78646/6001;7883831;;OR16;OR16;OR19;OR19;;OCC;MCO;OK;18/04/2024;;E;C;I;;L4T;;;;;;;;;;;;;;;;
7516798;TERRITOIRE;FT 94033/338;7516798;;OR16;OR16;OR19;OR19;;OCC;MCO;OK;31/01/2024;;E;C;T;;S3T;;;;;;;;;;;;;;;;
7619829;TERRITOIRE;FT 93031/161;7619829;;OR16;OR16;OR19;OR19;;OCC;MCO;OK;19/02/2024;;E;C;T;;OHN;;;;;;;;;;;;;;;;
7552948;TERRITOIRE;FT 92036/435;7552948;;OR16;OR16;OR19;OR19;;OCC;MCO;OK;06/02/2024;;E;C;T;;L4T;;;;;;;;;;;;;;;;
7731207;TERRITOIRE;FT 94028/1085;7731207;;OR16;OR16;OR19;OR19;;OCC;MCO;OK;13/03/2024;;E;C;T;;OHN;;;;;;;;;;;;;;;;
7568632;TERRITOIRE;FT 94046/102;7568632;;OR16;OR16;OR19;OR19;;OCC;MCO;OK;08/02/2024;;E;C;T;;OHN;;;;;;;;;;;;;;;;
7630081;TERRITOIRE;FT 93064/458;7630081;;OR16;OR16;OR19;OR19;;OCC;MCO;OK;21/02/2024;;E;C;T;;OHN;;;;;;;;;;;;;;;;
7607400;TERRITOIRE;FT 92026/778;7607400;;OR16;OR16;OR19;OR19;;OCC;MCO;OK;14/02/2024;;E;C;T;;U4T;;;;;;;;;;;;;;;;
7859251;TERRITOIRE;FT 94068/2360;7859251;;OR16;OR16;OR19;OR19;;OCC;MCO;OK;11/04/2024;;E;C;I;;OHN;;;;;;;;;;;;;;;;
7673588;TERRITOIRE;FT 94041/1360;7673588;;OR16;OR16;OR19;OR19;;OCC;MCO;OK;29/02/2024;;E;C;T;;OHN;;;;;;;;;;;;;;;;
7683517;TERRITOIRE;FT 93029/528;7683517;;OR16;OR16;OR19;OR19;;OCC;MCO;OK;04/03/2024;;E;C;T;;OHN;;;;;;;;;;;;;;;;
7991032;TERRITOIRE;FT 93057/806;7991032;;OR16;OR16;OR19;OR19;;OCC;MCO;OK;13/05/2024;;E;C;I;;OHN;;;;;;;;;;;;;;;;
7837750;TERRITOIRE;FT 92025/538;7837750;;OR16;OR16;OR19;OR19;;OCC;MCO;OK;04/04/2024;;E;C;I;;S3T;;;;;;;;;;;;;;;;
7533105;TERRITOIRE;FT 93059/80;7533105;;OR16;OR16;OR19;OR19;;OCC;MCO;OK;01/02/2024;;E;C;T;;OHN;;;;;;;;;;;;;;;;
7991404;TERRITOIRE;FT 93010/808;7991404;;OR16;OR16;OR19;OR19;;OCC;MCO;OK;13/05/2024;;E;C;I;;OHN;;;;;;;;;;;;;;;;
7991707;TERRITOIRE;FT 93010/18;7991707;;OR16;OR16;OR19;OR19;;OCC;MCO;OK;13/05/2024;;E;C;I;;OHN;;;;;;;;;;;;;;;;
7830405;TERRITOIRE;FT 92019/345;7830405;;OR16;OR16;OR19;OR19;;OCC;MCO;OK;02/04/2024;;E;C;I;;S4T;;;;;;;;;;;;;;;;
7618874;TERRITOIRE;FT 93079/481;7618874;;OR16;OR16;OR19;OR19;;OCC;MCO;OK;19/02/2024;;E;C;T;;L2T;;;;;;;;;;;;;;;;
1456011;HORS TERRITOIRE;FRANCE TELECOM 550;1456011;;OR227;OR227;OR19;OR19;;OCC;MCO;OK;16/07/2015;;E;C;T;;L6T;;;;;;;;;;;;;;;;
7789115;TERRITOIRE;FT 92071/882;7789115;;OR16;OR16;OR19;OR19;;OCC;MCO;OK;22/03/2024;;E;C;I;;S3T;;;;;;;;;;;;;;;;
7530583;TERRITOIRE;FT 93010/873;7530583;;OR16;OR16;OR19;OR19;;OCC;MCO;OK;01/02/2024;;E;C;T;;S4T;;;;;;;;;;;;;;;;
7763222;TERRITOIRE;FT 92004/2160;7763222;;OR16;OR16;OR19;OR19;;OCC;MCO;OK;18/03/2024;;E;C;T;;OHN;;;;;;;;;;;;;;;;
7837816;TERRITOIRE;FT 92025/314;7837816;;OR16;OR16;OR19;OR19;;OCC;MCO;OK;04/04/2024;;E;C;I;;S3T;;;;;;;;;;;;;;;;
7761333;TERRITOIRE;FT 93057/437;7761333;;OR16;OR16;OR19;OR19;;OCC;MCO;OK;18/03/2024;;E;C;T;;OHN;;;;;;;;;;;;;;;;
7714617;TERRITOIRE;FT 92004/542;7714617;;OR16;OR16;OR19;OR19;;OCC;MCO;OK;08/03/2024;;E;C;T;;S4T;;;;;;;;;;;;;;;;
7848002;TERRITOIRE;FT 92073/366;7848002;;OR16;OR16;OR19;OR19;;OCC;MCO;OK;07/04/2024;;E;C;I;;S5T;;;;;;;;;;;;;;;;
7883512;TERRITOIRE;FT 78646/790;7883512;;OR16;OR16;OR19;OR19;;OCC;MCO;OK;18/04/2024;;E;C;I;;OHN;;;;;;;;;;;;;;;;
7911036;TERRITOIRE;FT 94077/900;7911036;;OR16;OR16;OR19;OR19;;OCC;MCO;OK;24/04/2024;;E;C;I;;L4T;;;;;;;;;;;;;;;;
7690252;TERRITOIRE;FT 93001/1602;7690252;;OR16;OR16;OR19;OR19;;OCC;MCO;OK;05/03/2024;;E;C;T;;OHN;;;;;;;;;;;;;;;;
7772479;TERRITOIRE;FT 94068/3517;7772479;;OR16;OR16;OR19;OR19;;OCC;MCO;OK;20/03/2024;;E;C;T;;L3T;;;;;;;;;;;;;;;;
7855706;TERRITOIRE;FT 92060/830;7855706;;OR16;OR16;OR19;OR19;;OCC;MCO;OK;10/04/2024;;E;C;I;;L2T;;;;;;;;;;;;;;;;
7714616;TERRITOIRE;FT 92004/974;7714616;;OR16;OR16;OR19;OR19;;OCC;MCO;OK;08/03/2024;;E;C;T;;S3T;;;;;;;;;;;;;;;;
7566412;TERRITOIRE;FT 93046/640;7566412;;OR16;OR16;OR19;OR19;;OCC;MCO;OK;08/02/2024;;E;C;T;;OHN;;;;;;;;;;;;;;;;
7789120;TERRITOIRE;FT 92071/889;7789120;;OR16;OR16;OR19;OR19;;OCC;MCO;OK;22/03/2024;;E;C;I;;S3T;;;;;;;;;;;;;;;;
7883264;TERRITOIRE;FT 92050/217;7883264;;OR16;OR16;OR19;OR19;;OCC;MCO;OK;18/04/2024;;E;C;I;;L5T;;;;;;;;;;;;;;;;
7912672;TERRITOIRE;FT 94077/103;7912672;;OR16;OR16;OR19;OR19;;OCC;MCO;OK;24/04/2024;;E;C;I;;L2T;;;;;;;;;;;;;;;;
7603543;TERRITOIRE;FT 92035/699;7603543;;OR16;OR16;OR19;OR19;;OCC;MCO;OK;14/02/2024;;E;C;T;;S3T;;;;;;;;;;;;;;;;
7618866;TERRITOIRE;FT 93079/476;7618866;;OR16;OR16;OR19;OR19;;OCC;MCO;OK;19/02/2024;;E;C;T;;S4T;;;;;;;;;;;;;;;;
7905289;TERRITOIRE;FT 92051/1169;7905289;;OR16;OR16;OR19;OR19;;OCC;MCO;OK;23/04/2024;;E;C;I;;L2T;;;;;;;;;;;;;;;;
7630147;TERRITOIRE;FT 93064/1455;7630147;;OR16;OR16;OR19;OR19;;OCC;MCO;OK;21/02/2024;;E;C;T;;OHN;;;;;;;;;;;;;;;;
7861425;TERRITOIRE;FT 94081/2218;7861425;;OR16;OR16;OR19;OR19;;OCC;MCO;OK;12/04/2024;;E;C;I;;L2T;;;;;;;;;;;;;;;;
7890552;TERRITOIRE;FT 78646/519;7890552;;OR16;OR16;OR19;OR19;;OCC;MCO;OK;18/04/2024;;E;C;I;;L3T;;;;;;;;;;;;;;;;
7565752;TERRITOIRE;FT 93051/2145;7565752;;OR16;OR16;OR19;OR19;;OCC;MCO;OK;08/02/2024;;E;C;T;;OHN;;;;;;;;;;;;;;;;
7549757;TERRITOIRE;FT 92078/242;7549757;;OR16;OR16;OR19;OR19;;OCC;MCO;OK;06/02/2024;;E;C;T;;L6T;;;;;;;;;;;;;;;;
7609928;TERRITOIRE;FT 92026/996;7609928;;OR16;OR16;OR19;OR19;;OCC;MCO;OK;15/02/2024;;E;C;T;;L6T;;;;;;;;;;;;;;;;
7795245;TERRITOIRE;FT 93048/2485;7795245;;OR16;OR16;OR19;OR19;;OCC;MCO;OK;25/03/2024;;E;C;I;;OHN;;;;;;;;;;;;;;;;
7901109;TERRITOIRE;FT 92025/1029;7901109;;OR16;OR16;OR19;OR19;;OCC;MCO;OK;23/04/2024;;E;C;I;;S4T;;;;;;;;;;;;;;;;
7855691;TERRITOIRE;FT 92060/1351;7855691;;OR16;OR16;OR19;OR19;;OCC;MCO;OK;10/04/2024;;E;C;I;;OHN;;;;;;;;;;;;;;;;
7690238;TERRITOIRE;FT 93001/1447;7690238;;OR16;OR16;OR19;OR19;;OCC;MCO;OK;05/03/2024;;E;C;T;;L3T;;;;;;;;;;;;;;;;
7883857;TERRITOIRE;FT 78646/4451;7883857;;OR16;OR16;OR19;OR19;;OCC;MCO;OK;18/04/2024;;E;C;I;;OHN;;;;;;;;;;;;;;;;
3121929;TERRITOIRE;CH3121929;3121929;;;;OR19;OR21;;OCC;MCO;OK;23/10/2020;;E;C;T;;L3T;;;;;;;;;;;;;;;;
7777282;TERRITOIRE;FT 92002/1158;7777282;;OR16;OR16;OR19;OR19;;OCC;MCO;OK;20/03/2024;;E;C;T;;S3T;;;;;;;;;;;;;;;;
7714581;TERRITOIRE;FT 92004/1003;7714581;;OR16;OR16;OR19;OR19;;OCC;MCO;OK;08/03/2024;;E;C;T;;L3T;;;;;;;;;;;;;;;;
7830108;TERRITOIRE;FT 92019/234;7830108;;OR16;OR16;OR19;OR19;;OCC;MCO;OK;02/04/2024;;E;C;I;;L2T;;;;;;;;;;;;;;;;
7672635;TERRITOIRE;FT 93039/50;7672635;;OR16;OR16;OR19;OR19;;OCC;MCO;OK;29/02/2024;;E;C;T;;OHN;;;;;;;;;;;;;;;;
7899828;TERRITOIRE;FT 78646/2767;7899828;;OR16;OR16;OR19;OR19;;OCC;MCO;OK;23/04/2024;;E;C;I;;C2;;;;;;;;;;;;;;;;
7543031;TERRITOIRE;FT 93066/1961;7543031;;OR16;OR16;OR19;OR19;;OCC;MCO;OK;02/02/2024;;E;C;T;;S4T;;;;;;;;;;;;;;;;
7783084;TERRITOIRE;FT 92002/2121;7783084;;OR16;OR16;OR19;OR19;;OCC;MCO;OK;21/03/2024;;E;C;I;;S5T;;;;;;;;;;;;;;;;
7607436;TERRITOIRE;FT 92026/821;7607436;;OR16;OR16;OR19;OR19;;OCC;MCO;OK;14/02/2024;;E;C;T;;U5T;;;;;;;;;;;;;;;;
7796179;TERRITOIRE;FT 93048/2474;7796179;;OR16;OR16;OR19;OR19;;OCC;MCO;OK;25/03/2024;;E;C;I;;OHN;;;;;;;;;;;;;;;;
7542736;TERRITOIRE;FT 92024/263;7542736;;OR16;OR16;OR19;OR19;;OCC;MCO;OK;02/02/2024;;E;C;T;;S3T;;;;;;;;;;;;;;;;
7542751;TERRITOIRE;FT 93066/2199;7542751;;OR16;OR16;OR19;OR19;;OCC;MCO;OK;02/02/2024;;E;C;T;;U6T;;;;;;;;;;;;;;;;
7634872;TERRITOIRE;FT 94015/330;7634872;;OR16;OR16;OR19;OR19;;OCC;MCO;OK;08/02/2024;;E;C;T;;OHN;;;;;;;;;;;;;;;;
7795513;TERRITOIRE;FT 93048/1593;7795513;;OR16;OR16;OR19;OR19;;OCC;MCO;OK;25/03/2024;;E;C;I;;OHN;;;;;;;;;;;;;;;;
7837777;TERRITOIRE;FT 92025/63;7837777;;OR16;OR16;OR19;OR19;;OCC;MCO;OK;04/04/2024;;E;C;I;;OHN;;;;;;;;;;;;;;;;
7855685;TERRITOIRE;FT 92060/230;7855685;;OR16;OR16;OR19;OR19;;OCC;MCO;OK;10/04/2024;;E;C;I;;S4T;;;;;;;;;;;;;;;;
7750399;TERRITOIRE;FT 94028/1688;7750399;;OR16;OR16;OR19;OR19;;OCC;MCO;OK;15/03/2024;;E;C;T;;L2T;;;;;;;;;;;;;;;;
7991683;TERRITOIRE;FT 93010/262;7991683;;OR16;OR16;OR19;OR19;;OCC;MCO;OK;13/05/2024;;E;C;I;;OHN;;;;;;;;;;;;;;;;
7883185;TERRITOIRE;FT 92012/1596;7883185;;OR16;OR16;OR19;OR19;;OCC;MCO;OK;18/04/2024;;E;C;I;;U6T;;;;;;;;;;;;;;;;
7800314;TERRITOIRE;FT 92075/624;7800314;;OR16;OR16;OR19;OR19;;OCC;MCO;OK;26/03/2024;;E;C;I;;S3T;;;;;;;;;;;;;;;;
7632311;TERRITOIRE;FT 93031/1311;7632311;;OR16;OR16;OR19;OR19;;OCC;MCO;OK;21/02/2024;;E;C;T;;L5T;;;;;;;;;;;;;;;;
7837778;TERRITOIRE;FT 92025/46;7837778;;OR16;OR16;OR19;OR19;;OCC;MCO;OK;04/04/2024;;E;C;I;;OHN;;;;;;;;;;;;;;;;
7798416;TERRITOIRE;FT 92023/1679;7798416;;OR16;OR16;OR19;OR19;;OCC;MCO;OK;25/03/2024;;E;C;I;;S1T;;;;;;;;;;;;;;;;
8004798;TERRITOIRE;FT 94058/250;8004798;;OR16;OR16;OR19;OR19;;OCC;MCO;OK;15/05/2024;;E;C;I;;OHN;;;;;;;;;;;;;;;;
7883250;TERRITOIRE;FT 92050/199;7883250;;OR16;OR16;OR19;OR19;;OCC;MCO;OK;18/04/2024;;E;C;I;;S4T;;;;;;;;;;;;;;;;
7912665;TERRITOIRE;FT 94077/847;7912665;;OR16;OR16;OR19;OR19;;OCC;MCO;OK;24/04/2024;;E;C;I;;L4T;;;;;;;;;;;;;;;;
7714606;TERRITOIRE;FT 92004/2130;7714606;;OR16;OR16;OR19;OR19;;OCC;MCO;OK;08/03/2024;;E;C;T;;S3T;;;;;;;;;;;;;;;;
7789125;TERRITOIRE;FT 92071/33;7789125;;OR16;OR16;OR19;OR19;;OCC;MCO;OK;22/03/2024;;E;C;I;;S3T;;;;;;;;;;;;;;;;
7973750;TERRITOIRE;FT 95063/519;7973750;;OR16;OR16;OR19;OR19;;OCC;MCO;OK;07/05/2024;;E;C;I;;OHN;;;;;;;;;;;;;;;;
7991408;TERRITOIRE;FT 93010/1255;7991408;;OR16;OR16;OR19;OR19;;OCC;MCO;OK;13/05/2024;;E;C;I;;OHN;;;;;;;;;;;;;;;;
7811858;TERRITOIRE;FT 94081/1709;7811858;;OR16;OR16;OR19;OR19;;OCC;MCO;OK;27/03/2024;;E;C;I;;L2T;;;;;;;;;;;;;;;;
7609932;TERRITOIRE;FT 92026/706;7609932;;OR16;OR16;OR19;OR19;;OCC;MCO;OK;15/02/2024;;E;C;T;;S3T;;;;;;;;;;;;;;;;
7850279;TERRITOIRE;FT 94022/1240;7850279;;OR16;OR16;OR19;OR19;;OCC;MCO;OK;08/04/2024;;E;C;I;;L4T;;;;;;;;;;;;;;;;
7642235;TERRITOIRE;FT 93006/404;7642235;;OR16;OR16;OR19;OR19;;OCC;MCO;OK;23/02/2024;;E;C;T;;OHN;;;;;;;;;;;;;;;;
7782723;TERRITOIRE;FT 92032/285;7782723;;OR16;OR16;OR19;OR19;;OCC;MCO;OK;21/03/2024;;E;C;I;;S3T;;;;;;;;;;;;;;;;
7796155;TERRITOIRE;FT 93048/2609;7796155;;OR16;OR16;OR19;OR19;;OCC;MCO;OK;25/03/2024;;E;C;I;;OHN;;;;;;;;;;;;;;;;
7827233;TERRITOIRE;FT 92046/695;7827233;;OR16;OR16;OR19;OR19;;OCC;MCO;OK;02/04/2024;;E;C;I;;S3T;;;;;;;;;;;;;;;;
7800333;TERRITOIRE;FT 92075/296;7800333;;OR16;OR16;OR19;OR19;;OCC;MCO;OK;26/03/2024;;E;C;I;;S4T;;;;;;;;;;;;;;;;
7630203;TERRITOIRE;FT 93064/1229;7630203;;OR16;OR16;OR19;OR19;;OCC;MCO;OK;21/02/2024;;E;C;T;;L3T;;;;;;;;;;;;;;;;
7763192;TERRITOIRE;FT 92036/1038;7763192;;OR16;OR16;OR19;OR19;;OCC;MCO;OK;18/03/2024;;E;C;T;;L2T;;;;;;;;;;;;;;;;
7830076;TERRITOIRE;FT 92019/467;7830076;;OR16;OR16;OR19;OR19;;OCC;MCO;OK;02/04/2024;;E;C;I;;S3T;;;;;;;;;;;;;;;;
7798400;TERRITOIRE;FT 92023/2952;7798400;;OR16;OR16;OR19;OR19;;OCC;MCO;OK;25/03/2024;;E;C;I;;L3T;;;;;;;;;;;;;;;;
7859362;TERRITOIRE;FT 94068/2008;7859362;;OR16;OR16;OR19;OR19;;OCC;MCO;OK;11/04/2024;;E;C;I;;OHN;;;;;;;;;;;;;;;;
7834229;TERRITOIRE;FT 94017/2164;7834229;;OR16;OR16;OR19;OR19;;OCC;MCO;OK;03/04/2024;;E;C;I;;S4T;;;;;;;;;;;;;;;;
7782710;TERRITOIRE;FT 92032/382;7782710;;OR16;OR16;OR19;OR19;;OCC;MCO;OK;21/03/2024;;E;C;I;;S3T;;;;;;;;;;;;;;;;
7912684;TERRITOIRE;FT 94077/308;7912684;;OR16;OR16;OR19;OR19;;OCC;MCO;OK;24/04/2024;;E;C;I;;K2C;;;;;;;;;;;;;;;;
7603198;TERRITOIRE;FT 92025/1804;7603198;;OR16;OR16;OR19;OR19;;OCC;MCO;OK;14/02/2024;;E;C;T;;S3T;;;;;;;;;;;;;;;;
7635196;TERRITOIRE;FT 93072/568;7635196;;OR16;OR16;OR19;OR19;;OCC;MCO;OK;22/02/2024;;E;C;T;;OHN;;;;;;;;;;;;;;;;
7856646;TERRITOIRE;FT 92019/895;7856646;;OR16;OR16;OR19;OR19;;OCC;MCO;OK;10/04/2024;;E;C;I;;S4T;;;;;;;;;;;;;;;;
7963533;TERRITOIRE;FT 94043/180;7963533;;OR16;OR16;OR19;OR19;;OCC;MCO;OK;06/05/2024;;E;C;I;;L2T;;;;;;;;;;;;;;;;
7553635;TERRITOIRE;FT 92036/943;7553635;;OR16;OR16;OR19;OR19;;OCC;MCO;OK;06/02/2024;;E;C;T;;L2T;;;;;;;;;;;;;;;;
7850243;TERRITOIRE;FT 94022/348;7850243;;OR16;OR16;OR19;OR19;;OCC;MCO;OK;08/04/2024;;E;C;I;;OHN;;;;;;;;;;;;;;;;
7761274;TERRITOIRE;FT 93057/163;7761274;;OR16;OR16;OR19;OR19;;OCC;MCO;OK;18/03/2024;;E;C;T;;L6T;;;;;;;;;;;;;;;;
7761287;TERRITOIRE;FT 93010/935;7761287;;OR16;OR16;OR19;OR19;;OCC;MCO;OK;18/03/2024;;E;C;T;;OHN;;;;;;;;;;;;;;;;
7877106;TERRITOIRE;FT 92012/1750;7877106;;OR16;OR16;OR19;OR19;;OCC;MCO;OK;17/04/2024;;E;C;I;;S3T;;;;;;;;;;;;;;;;
7594925;TERRITOIRE;FT 94002/828;7594925;;OR16;OR16;OR19;OR19;;OCC;MCO;OK;13/02/2024;;E;C;T;;S3T;;;;;;;;;;;;;;;;
7877108;TERRITOIRE;FT 92012/1829;7877108;;OR16;OR16;OR19;OR19;;OCC;MCO;OK;17/04/2024;;E;C;I;;S4T;;;;;;;;;;;;;;;;
7672641;TERRITOIRE;FT 93066/865;7672641;;OR16;OR16;OR19;OR19;;OCC;MCO;OK;29/02/2024;;E;C;T;;L4T;;;;;;;;;;;;;;;;
7553644;TERRITOIRE;FT 92036/88;7553644;;OR16;OR16;OR19;OR19;;OCC;MCO;OK;06/02/2024;;E;C;T;;S4T;;;;;;;;;;;;;;;;
7819846;TERRITOIRE;FT 94041/889;7819846;;OR16;OR16;OR19;OR19;;OCC;MCO;OK;28/03/2024;;E;C;I;;OHN;;;;;;;;;;;;;;;;
7692477;TERRITOIRE;FT 92007/531;7692477;;OR16;OR16;OR19;OR19;;OCC;MCO;OK;05/03/2024;;E;C;T;;S4T;;;;;;;;;;;;;;;;
7855698;TERRITOIRE;FT 92060/361;7855698;;OR16;OR16;OR19;OR19;;OCC;MCO;OK;10/04/2024;;E;C;I;;S4T;;;;;;;;;;;;;;;;
7811836;TERRITOIRE;FT 94054/479;7811836;;OR16;OR16;OR19;OR19;;OCC;MCO;OK;27/03/2024;;E;C;I;;L4T;;;;;;;;;;;;;;;;
7811850;TERRITOIRE;FT 94081/1264;7811850;;OR16;OR16;OR19;OR19;;OCC;MCO;OK;27/03/2024;;E;C;I;;L3T;;;;;;;;;;;;;;;;
7731191;TERRITOIRE;FT 94028/938;7731191;;OR16;OR16;OR19;OR19;;OCC;MCO;OK;13/03/2024;;E;C;T;;U5T;;;;;;;;;;;;;;;;
7635209;TERRITOIRE;FT 93072/577;7635209;;OR16;OR16;OR19;OR19;;OCC;MCO;OK;22/02/2024;;E;C;T;;OHN;;;;;;;;;;;;;;;;
7594885;TERRITOIRE;FT 94002/139;7594885;;OR16;OR16;OR19;OR19;;OCC;MCO;OK;13/02/2024;;E;C;T;;OHN;;;;;;;;;;;;;;;;
7572169;TERRITOIRE;FT 94046/672;7572169;;OR16;OR16;OR19;OR19;;OCC;MCO;OK;09/02/2024;;E;C;T;;L0T;;;;;;;;;;;;;;;;
7827186;TERRITOIRE;FT 92046/801;7827186;;OR16;OR16;OR19;OR19;;OCC;MCO;OK;02/04/2024;;E;C;I;;S1T;;;;;;;;;;;;;;;;
7899877;TERRITOIRE;FT 78646/2976;7899877;;OR16;OR16;OR19;OR19;;OCC;MCO;OK;23/04/2024;;E;C;I;;A2;;;;;;;;;;;;;;;;
7783088;TERRITOIRE;FT 92002/2136;7783088;;OR16;OR16;OR19;OR19;;OCC;MCO;OK;21/03/2024;;E;C;I;;S4T;;;;;;;;;;;;;;;;
7522249;TERRITOIRE;FT 93010/713;7522249;;OR16;OR16;OR19;OR19;;OCC;MCO;OK;31/01/2024;;E;C;T;;S4T;;;;;;;;;;;;;;;;
7994566;TERRITOIRE;FT 93057/975;7994566;;OR16;OR16;OR19;OR19;;OCC;MCO;OK;13/05/2024;;E;C;I;;OHN;;;;;;;;;;;;;;;;
7912667;TERRITOIRE;FT 94077/107;7912667;;OR16;OR16;OR19;OR19;;OCC;MCO;OK;24/04/2024;;E;C;I;;L4T;;;;;;;;;;;;;;;;
7871366;TERRITOIRE;FT 94052/367;7871366;;OR16;OR16;OR19;OR19;;OCC;MCO;OK;16/04/2024;;E;C;I;;S4T;;;;;;;;;;;;;;;;
7630193;TERRITOIRE;FT 93064/1311;7630193;;OR16;OR16;OR19;OR19;;OCC;MCO;OK;21/02/2024;;E;C;T;;OHN;;;;;;;;;;;;;;;;
7948792;TERRITOIRE;FT 93048/1833;7948792;;OR16;OR16;OR19;OR19;;OCC;MCO;OK;02/05/2024;;E;C;I;;OHN;;;;;;;;;;;;;;;;
7827216;TERRITOIRE;FT 92046/1259;7827216;;OR16;OR16;OR19;OR19;;OCC;MCO;OK;02/04/2024;;E;C;I;;L2T;;;;;;;;;;;;;;;;
7750411;TERRITOIRE;FT 94028/1695;7750411;;OR16;OR16;OR19;OR19;;OCC;MCO;OK;15/03/2024;;E;C;T;;L6T;;;;;;;;;;;;;;;;
7837430;TERRITOIRE;FT 92025/476;7837430;;OR16;OR16;OR19;OR19;;OCC;MCO;OK;04/04/2024;;E;C;I;;S3T;;;;;;;;;;;;;;;;
7789124;TERRITOIRE;FT 92071/883;7789124;;OR16;OR16;OR19;OR19;;OCC;MCO;OK;22/03/2024;;E;C;I;;L2T;;;;;;;;;;;;;;;;
7833907;TERRITOIRE;FT 94017/2491;7833907;;OR16;OR16;OR19;OR19;;OCC;MCO;OK;03/04/2024;;E;C;I;;OHN;;;;;;;;;;;;;;;;
7721265;TERRITOIRE;FT 92046/93;7721265;;OR16;OR16;OR19;OR19;;OCC;MCO;OK;11/03/2024;;E;C;T;;S4T;;;;;;;;;;;;;;;;
7730880;TERRITOIRE;FT 94028/1778;7730880;;OR16;OR16;OR19;OR19;;OCC;MCO;OK;13/03/2024;;E;C;T;;L2T;;;;;;;;;;;;;;;;
7609933;TERRITOIRE;FT 92026/723;7609933;;OR16;OR16;OR19;OR19;;OCC;MCO;OK;15/02/2024;;E;C;T;;S3T;;;;;;;;;;;;;;;;
7859234;TERRITOIRE;FT 94068/155;7859234;;OR16;OR16;OR19;OR19;;OCC;MCO;OK;11/04/2024;;E;C;I;;OHN;;;;;;;;;;;;;;;;
7796148;TERRITOIRE;FT 93048/2557;7796148;;OR16;OR16;OR19;OR19;;OCC;MCO;OK;25/03/2024;;E;C;I;;OHN;;;;;;;;;;;;;;;;
7698876;TERRITOIRE;FT 92020/255;7698876;;OR16;OR16;OR19;OR19;;OCC;MCO;OK;06/03/2024;;E;C;T;;L2T;;;;;;;;;;;;;;;;
7837785;TERRITOIRE;FT 92025/308;7837785;;OR16;OR16;OR19;OR19;;OCC;MCO;OK;04/04/2024;;E;C;I;;L5T;;;;;;;;;;;;;;;;
7605755;TERRITOIRE;FT 92026/100;7605755;;OR16;OR16;OR19;OR19;;OCC;MCO;OK;14/02/2024;;E;C;T;;S3T;;;;;;;;;;;;;;;;
7827225;TERRITOIRE;FT 92046/150;7827225;;OR16;OR16;OR19;OR19;;OCC;MCO;OK;02/04/2024;;E;C;I;;S4T;;;;;;;;;;;;;;;;
7906228;TERRITOIRE;FT 92051/910;7906228;;OR16;OR16;OR19;OR19;;OCC;MCO;OK;23/04/2024;;E;C;I;;L2T;;;;;;;;;;;;;;;;
7830104;TERRITOIRE;FT 92019/1129;7830104;;OR16;OR16;OR19;OR19;;OCC;MCO;OK;02/04/2024;;E;C;I;;L2T;;;;;;;;;;;;;;;;
7731216;TERRITOIRE;FT 94028/1164;7731216;;OR16;OR16;OR19;OR19;;OCC;MCO;OK;13/03/2024;;E;C;T;;L3T;;;;;;;;;;;;;;;;
7616318;TERRITOIRE;FT 94033/1245;7616318;;OR16;OR16;OR19;OR19;;OCC;MCO;OK;16/02/2024;;E;C;T;;OHN;;;;;;;;;;;;;;;;
7550712;TERRITOIRE;FT 92036/787;7550712;;OR16;OR16;OR19;OR19;;OCC;MCO;OK;06/02/2024;;E;C;T;;S3T;;;;;;;;;;;;;;;;
7683828;TERRITOIRE;FT 93029/1219;7683828;;OR16;OR16;OR19;OR19;;OCC;MCO;OK;04/03/2024;;E;C;T;;OHN;;;;;;;;;;;;;;;;
7783046;TERRITOIRE;FT 92002/1804;7783046;;OR16;OR16;OR19;OR19;;OCC;MCO;OK;21/03/2024;;E;C;I;;S1T;;;;;;;;;;;;;;;;
7902743;TERRITOIRE;FT 94033/1616;7902743;;OR16;OR16;OR19;OR19;;OCC;MCO;OK;23/04/2024;;E;C;I;;S4T;;;;;;;;;;;;;;;;
7553641;TERRITOIRE;FT 92036/933;7553641;;OR16;OR16;OR19;OR19;;OCC;MCO;OK;06/02/2024;;E;C;T;;S4T;;;;;;;;;;;;;;;;
7731185;TERRITOIRE;FT 94028/1728;7731185;;OR16;OR16;OR19;OR19;;OCC;MCO;OK;13/03/2024;;E;C;T;;L2T;;;;;;;;;;;;;;;;
7607396;TERRITOIRE;FT 92026/816;7607396;;OR16;OR16;OR19;OR19;;OCC;MCO;OK;14/02/2024;;E;C;T;;S3T;;;;;;;;;;;;;;;;
7883189;TERRITOIRE;FT 92012/2098;7883189;;OR16;OR16;OR19;OR19;;OCC;MCO;OK;18/04/2024;;E;C;I;;L2T;;;;;;;;;;;;;;;;
7933425;TERRITOIRE;FT 94021/626;7933425;;OR16;OR16;OR19;OR19;;OCC;MCO;OK;26/04/2024;;E;C;I;;L3T;;;;;;;;;;;;;;;;
7819830;TERRITOIRE;FT 94041/844;7819830;;OR16;OR16;OR19;OR19;;OCC;MCO;OK;28/03/2024;;E;C;I;;OHN;;;;;;;;;;;;;;;;
7643188;TERRITOIRE;FT 93007/189;7643188;;OR16;OR16;OR19;OR19;;OCC;MCO;OK;23/02/2024;;E;C;T;;A2B;;;;;;;;;;;;;;;;
7691536;TERRITOIRE;FT 92007/387;7691536;;OR16;OR16;OR19;OR19;;OCC;MCO;OK;05/03/2024;;E;C;T;;OHN;;;;;;;;;;;;;;;;
7783070;TERRITOIRE;FT 92002/2840;7783070;;OR16;OR16;OR19;OR19;;OCC;MCO;OK;21/03/2024;;E;C;I;;S3T;;;;;;;;;;;;;;;;
7519727;TERRITOIRE;FT 94080/826;7519727;;OR16;OR16;OR19;OR19;;OCC;MCO;OK;31/01/2024;;E;C;T;;OHN;;;;;;;;;;;;;;;;
7948809;TERRITOIRE;FT 93053/847;7948809;;OR16;OR16;OR19;OR19;;OCC;MCO;OK;02/05/2024;;E;C;I;;OHN;;;;;;;;;;;;;;;;
8001587;TERRITOIRE;FT 94033/1436;8001587;;OR16;OR16;OR19;OR19;;OCC;MCO;OK;15/05/2024;;E;C;I;;S3T;;;;;;;;;;;;;;;;
7714636;TERRITOIRE;FT 92036/436;7714636;;OR16;OR16;OR19;OR19;;OCC;MCO;OK;08/03/2024;;E;C;T;;L2T;;;;;;;;;;;;;;;;
7871376;TERRITOIRE;FT 94052/758;7871376;;OR16;OR16;OR19;OR19;;OCC;MCO;OK;16/04/2024;;E;C;I;;OHN;;;;;;;;;;;;;;;;
7850305;TERRITOIRE;FT 94022/726;7850305;;OR16;OR16;OR19;OR19;;OCC;MCO;OK;08/04/2024;;E;C;I;;P1T;;;;;;;;;;;;;;;;
7654786;TERRITOIRE;FT 93010/1034;7654786;;OR16;OR16;OR19;OR19;;OCC;MCO;OK;27/02/2024;;E;C;T;;OHN;;;;;;;;;;;;;;;;
7638081;TERRITOIRE;FT 94033/854;7638081;;OR16;OR16;OR19;OR19;;OCC;MCO;OK;22/02/2024;;E;C;T;;OHN;;;;;;;;;;;;;;;;
7530589;TERRITOIRE;FT 93010/880;7530589;;OR16;OR16;OR19;OR19;;OCC;MCO;OK;01/02/2024;;E;C;T;;OHN;;;;;;;;;;;;;;;;
7763201;TERRITOIRE;FT 92078/35;7763201;;OR16;OR16;OR19;OR19;;OCC;MCO;OK;18/03/2024;;E;C;T;;OHN;;;;;;;;;;;;;;;;
7630201;TERRITOIRE;FT 93064/49;7630201;;OR16;OR16;OR19;OR19;;OCC;MCO;OK;21/02/2024;;E;C;T;;L2T;;;;;;;;;;;;;;;;
7690243;TERRITOIRE;FT 93001/1622;7690243;;OR16;OR16;OR19;OR19;;OCC;MCO;OK;05/03/2024;;E;C;T;;U5T;;;;;;;;;;;;;;;;
7632319;TERRITOIRE;FT 93031/366;7632319;;OR16;OR16;OR19;OR19;;OCC;MCO;OK;21/02/2024;;E;C;T;;OHN;;;;;;;;;;;;;;;;
7899882;TERRITOIRE;FT 78646/2758;7899882;;OR16;OR16;OR19;OR19;;OCC;MCO;OK;23/04/2024;;E;C;I;;A2;;;;;;;;;;;;;;;;
7761609;TERRITOIRE;FT 93010/610;7761609;;OR16;OR16;OR19;OR19;;OCC;MCO;OK;18/03/2024;;E;C;T;;OHN;;;;;;;;;;;;;;;;
7643832;TERRITOIRE;FT 93007/380;7643832;;OR16;OR16;OR19;OR19;;OCC;MCO;OK;23/02/2024;;E;C;T;;P5C;;;;;;;;;;;;;;;;
7796201;TERRITOIRE;FT 92020/284;7796201;;OR16;OR16;OR19;OR19;;OCC;MCO;OK;25/03/2024;;E;C;I;;S3T;;;;;;;;;;;;;;;;
7883836;TERRITOIRE;FT 78646/660;7883836;;OR16;OR16;OR19;OR19;;OCC;MCO;OK;18/04/2024;;E;C;I;;K3C;;;;;;;;;;;;;;;;
7561599;TERRITOIRE;FT 93046/1032;7561599;;OR16;OR16;OR19;OR19;;OCC;MCO;OK;07/02/2024;;E;C;T;;A2;;;;;;;;;;;;;;;;
7714618;TERRITOIRE;FT 92004/537;7714618;;OR16;OR16;OR19;OR19;;OCC;MCO;OK;08/03/2024;;E;C;T;;U4T;;;;;;;;;;;;;;;;
7645116;TERRITOIRE;FT 93008/228;7645116;;OR16;OR16;OR19;OR19;;OCC;MCO;OK;23/02/2024;;E;C;T;;OHN;;;;;;;;;;;;;;;;
7514238;TERRITOIRE;FT 93055/1307;7514238;;OR16;OR16;OR19;OR19;;OCC;MCO;OK;30/01/2024;;E;C;T;;S4T;;;;;;;;;;;;;;;;
7783029;TERRITOIRE;FT 92002/1875;7783029;;OR16;OR16;OR19;OR19;;OCC;MCO;OK;21/03/2024;;E;C;I;;L2T;;;;;;;;;;;;;;;;
7830097;TERRITOIRE;FT 92019/639;7830097;;OR16;OR16;OR19;OR19;;OCC;MCO;OK;02/04/2024;;E;C;I;;S4T;;;;;;;;;;;;;;;;
7850244;TERRITOIRE;FT 94022/335;7850244;;OR16;OR16;OR19;OR19;;OCC;MCO;OK;08/04/2024;;E;C;I;;P1C;;;;;;;;;;;;;;;;
7637428;TERRITOIRE;FT 94052/294;7637428;;OR16;OR16;OR19;OR19;;OCC;MCO;OK;22/02/2024;;E;C;T;;S3T;;;;;;;;;;;;;;;;
7609600;TERRITOIRE;FT 92004/793;7609600;;OR16;OR16;OR19;OR19;;OCC;MCO;OK;15/02/2024;;E;C;T;;S3T;;;;;;;;;;;;;;;;
7883515;TERRITOIRE;FT 78646/1432;7883515;;OR16;OR16;OR19;OR19;;OCC;MCO;OK;18/04/2024;;E;C;I;;OHN;;;;;;;;;;;;;;;;
7902716;TERRITOIRE;FT 94080/1014;7902716;;OR16;OR16;OR19;OR19;;OCC;MCO;OK;23/04/2024;;E;C;I;;S4T;;;;;;;;;;;;;;;;
7871345;TERRITOIRE;FT 94052/749;7871345;;OR16;OR16;OR19;OR19;;OCC;MCO;OK;16/04/2024;;E;C;I;;OHN;;;;;;;;;;;;;;;;
7642234;TERRITOIRE;FT 93048/627;7642234;;OR16;OR16;OR19;OR19;;OCC;MCO;OK;23/02/2024;;E;C;T;;OHN;;;;;;;;;;;;;;;;
7991037;TERRITOIRE;FT 93057/705;7991037;;OR16;OR16;OR19;OR19;;OCC;MCO;OK;13/05/2024;;E;C;I;;OHN;;;;;;;;;;;;;;;;
7948822;TERRITOIRE;FT 94080/104;7948822;;OR16;OR16;OR19;OR19;;OCC;MCO;OK;02/05/2024;;E;C;I;;S4T;;;;;;;;;;;;;;;;
7568309;TERRITOIRE;FT 94015/331;7568309;;OR16;OR16;OR19;OR19;;OCC;MCO;OK;08/02/2024;;E;C;T;;OHN;;;;;;;;;;;;;;;;
7876790;TERRITOIRE;FT 92022/729;7876790;;OR16;OR16;OR19;OR19;;OCC;MCO;OK;17/04/2024;;E;C;I;;A2B;;;;;;;;;;;;;;;;
7761591;TERRITOIRE;FT 93010/437;7761591;;OR16;OR16;OR19;OR19;;OCC;MCO;OK;18/03/2024;;E;C;T;;OHN;;;;;;;;;;;;;;;;
7533116;TERRITOIRE;FT 93072/17;7533116;;OR16;OR16;OR19;OR19;;OCC;MCO;OK;01/02/2024;;E;C;T;;L2T;;;;;;;;;;;;;;;;
7901117;TERRITOIRE;FT 93048/1367;7901117;;OR16;OR16;OR19;OR19;;OCC;MCO;OK;23/04/2024;;E;C;I;;U5T;;;;;;;;;;;;;;;;
7761307;TERRITOIRE;FT 93057/330;7761307;;OR16;OR16;OR19;OR19;;OCC;MCO;OK;18/03/2024;;E;C;T;;OHN;;;;;;;;;;;;;;;;
7876846;TERRITOIRE;FT 92012/1782;7876846;;OR16;OR16;OR19;OR19;;OCC;MCO;OK;17/04/2024;;E;C;I;;S4T;;;;;;;;;;;;;;;;
7718066;TERRITOIRE;FT 94016/87;7718066;;OR16;OR16;OR19;OR19;;OCC;MCO;OK;11/03/2024;;E;C;T;;S6T;;;;;;;;;;;;;;;;
7552952;TERRITOIRE;FT 92036/79;7552952;;OR16;OR16;OR19;OR19;;OCC;MCO;OK;06/02/2024;;E;C;T;;S3T;;;;;;;;;;;;;;;;
7991403;TERRITOIRE;FT 93010/807;7991403;;OR16;OR16;OR19;OR19;;OCC;MCO;OK;13/05/2024;;E;C;I;;OHN;;;;;;;;;;;;;;;;
7991410;TERRITOIRE;FT 93010/1270;7991410;;OR16;OR16;OR19;OR19;;OCC;MCO;OK;13/05/2024;;E;C;I;;S3T;;;;;;;;;;;;;;;;
7859356;TERRITOIRE;FT 94068/1996;7859356;;OR16;OR16;OR19;OR19;;OCC;MCO;OK;11/04/2024;;E;C;I;;OHN;;;;;;;;;;;;;;;;
7887673;TERRITOIRE;FT 92073/713;7887673;;OR16;OR16;OR19;OR19;;OCC;MCO;OK;19/04/2024;;E;C;I;;S4T;;;;;;;;;;;;;;;;
7906235;TERRITOIRE;FT 92051/566;7906235;;OR16;OR16;OR19;OR19;;OCC;MCO;OK;23/04/2024;;E;C;I;;U5T;;;;;;;;;;;;;;;;
7695989;TERRITOIRE;FT 93027/769;7695989;;OR16;OR16;OR19;OR19;;OCC;MCO;OK;06/03/2024;;E;C;T;;S4T;;;;;;;;;;;;;;;;
7597114;TERRITOIRE;FT 94017/1830;7597114;;OR16;OR16;OR19;OR19;;OCC;MCO;OK;13/02/2024;;E;C;T;;L6T;;;;;;;;;;;;;;;;
7798473;TERRITOIRE;FT 92023/2403;7798473;;OR16;OR16;OR19;OR19;;OCC;MCO;OK;25/03/2024;;E;C;I;;S1T;;;;;;;;;;;;;;;;
7883246;TERRITOIRE;FT 92050/339;7883246;;OR16;OR16;OR19;OR19;;OCC;MCO;OK;18/04/2024;;E;C;I;;OHN;;;;;;;;;;;;;;;;
8000319;TERRITOIRE;FT 94033/2294;8000319;;OR16;OR16;OR19;OR19;;OCC;MCO;OK;15/05/2024;;E;C;I;;L3T;;;;;;;;;;;;;;;;
7811846;TERRITOIRE;FT 94081/1262;7811846;;OR16;OR16;OR19;OR19;;OCC;MCO;OK;27/03/2024;;E;C;I;;L4T;;;;;;;;;;;;;;;;
7827234;TERRITOIRE;FT 92046/699;7827234;;OR16;OR16;OR19;OR19;;OCC;MCO;OK;02/04/2024;;E;C;I;;OHN;;;;;;;;;;;;;;;;
7540796;TERRITOIRE;FT 93001/520;7540796;;OR16;OR16;OR19;OR19;;OCC;MCO;OK;02/02/2024;;E;C;T;;U5T;;;;;;;;;;;;;;;;
7672642;TERRITOIRE;FT 93066/855;7672642;;OR16;OR16;OR19;OR19;;OCC;MCO;OK;29/02/2024;;E;C;T;;L4T;;;;;;;;;;;;;;;;
7609967;TERRITOIRE;FT 92004/507;7609967;;OR16;OR16;OR19;OR19;;OCC;MCO;OK;15/02/2024;;E;C;T;;S4T;;;;;;;;;;;;;;;;
7838131;TERRITOIRE;FT 92009/290;7838131;;OR16;OR16;OR19;OR19;;OCC;MCO;OK;04/04/2024;;E;C;I;;L2T;;;;;;;;;;;;;;;;
7991369;TERRITOIRE;FT 93077/642;7991369;;OR16;OR16;OR19;OR19;;OCC;MCO;OK;13/05/2024;;E;C;I;;OHN;;;;;;;;;;;;;;;;
7877131;TERRITOIRE;FT 92012/1395;7877131;;OR16;OR16;OR19;OR19;;OCC;MCO;OK;17/04/2024;;E;C;I;;U5T;;;;;;;;;;;;;;;;
7519718;TERRITOIRE;FT 94033/495;7519718;;OR16;OR16;OR19;OR19;;OCC;MCO;OK;31/01/2024;;E;C;T;;OHN;;;;;;;;;;;;;;;;
7912677;TERRITOIRE;FT 94077/1099;7912677;;OR16;OR16;OR19;OR19;;OCC;MCO;OK;24/04/2024;;E;C;I;;L2T;;;;;;;;;;;;;;;;
7651610;TERRITOIRE;FT 92036/1215;7651610;;OR16;OR16;OR19;OR19;;OCC;MCO;OK;26/02/2024;;E;C;T;;S3T;;;;;;;;;;;;;;;;
7798420;TERRITOIRE;FT 92020/780;7798420;;OR16;OR16;OR19;OR19;;OCC;MCO;OK;25/03/2024;;E;C;I;;L2T;;;;;;;;;;;;;;;;
7533110;TERRITOIRE;FT 93059/118;7533110;;OR16;OR16;OR19;OR19;;OCC;MCO;OK;01/02/2024;;E;C;T;;OHN;;;;;;;;;;;;;;;;
7855693;TERRITOIRE;FT 92060/321;7855693;;OR16;OR16;OR19;OR19;;OCC;MCO;OK;10/04/2024;;E;C;I;;L3T;;;;;;;;;;;;;;;;
7619842;TERRITOIRE;FT 93031/1284;7619842;;OR16;OR16;OR19;OR19;;OCC;MCO;OK;19/02/2024;;E;C;T;;L4T;;;;;;;;;;;;;;;;
7566416;TERRITOIRE;FT 93046/595;7566416;;OR16;OR16;OR19;OR19;;OCC;MCO;OK;08/02/2024;;E;C;T;;L2T;;;;;;;;;;;;;;;;
7796167;TERRITOIRE;FT 93048/2631;7796167;;OR16;OR16;OR19;OR19;;OCC;MCO;OK;25/03/2024;;E;C;I;;OHN;;;;;;;;;;;;;;;;
7905280;TERRITOIRE;FT 92051/1174;7905280;;OR16;OR16;OR19;OR19;;OCC;MCO;OK;23/04/2024;;E;C;I;;S5T;;;;;;;;;;;;;;;;
7620785;TERRITOIRE;FT 93006/134;7620785;;OR16;OR16;OR19;OR19;;OCC;MCO;OK;19/02/2024;;E;C;T;;OHN;;;;;;;;;;;;;;;;
7777128;TERRITOIRE;FT 92002/652;7777128;;OR16;OR16;OR19;OR19;;OCC;MCO;OK;20/03/2024;;E;C;T;;OHN;;;;;;;;;;;;;;;;
7777001;TERRITOIRE;FT 92002/638;7777001;;OR16;OR16;OR19;OR19;;OCC;MCO;OK;20/03/2024;;E;C;T;;S3T;;;;;;;;;;;;;;;;
7991383;TERRITOIRE;FT 93077/684;7991383;;OR16;OR16;OR19;OR19;;OCC;MCO;OK;13/05/2024;;E;C;I;;OHN;;;;;;;;;;;;;;;;
7871377;TERRITOIRE;FT 94052/762;7871377;;OR16;OR16;OR19;OR19;;OCC;MCO;OK;16/04/2024;;E;C;I;;OHN;;;;;;;;;;;;;;;;
7761596;TERRITOIRE;FT 93010/905;7761596;;OR16;OR16;OR19;OR19;;OCC;MCO;OK;18/03/2024;;E;C;T;;OHN;;;;;;;;;;;;;;;;
7838092;TERRITOIRE;FT 92009/531;7838092;;OR16;OR16;OR19;OR19;;OCC;MCO;OK;04/04/2024;;E;C;I;;L3T;;;;;;;;;;;;;;;;
7991405;TERRITOIRE;FT 93010/809;7991405;;OR16;OR16;OR19;OR19;;OCC;MCO;OK;13/05/2024;;E;C;I;;OHN;;;;;;;;;;;;;;;;
7859398;TERRITOIRE;FT 94068/2706;7859398;;OR16;OR16;OR19;OR19;;OCC;MCO;OK;11/04/2024;;E;C;I;;OHN;;;;;;;;;;;;;;;;
7607395;TERRITOIRE;FT 92026/813;7607395;;OR16;OR16;OR19;OR19;;OCC;MCO;OK;14/02/2024;;E;C;T;;S4T;;;;;;;;;;;;;;;;
7883253;TERRITOIRE;FT 92050/200;7883253;;OR16;OR16;OR19;OR19;;OCC;MCO;OK;18/04/2024;;E;C;I;;OHN;;;;;;;;;;;;;;;;
7798453;TERRITOIRE;FT 92023/2390;7798453;;OR16;OR16;OR19;OR19;;OCC;MCO;OK;25/03/2024;;E;C;I;;S1T;;;;;;;;;;;;;;;;
7519685;TERRITOIRE;FT 94033/766;7519685;;OR16;OR16;OR19;OR19;;OCC;MCO;OK;31/01/2024;;E;C;T;;S3T;;;;;;;;;;;;;;;;
7716154;TERRITOIRE;FT 94016/184;7716154;;OR16;OR16;OR19;OR19;;OCC;MCO;OK;11/03/2024;;E;C;T;;L2T;;;;;;;;;;;;;;;;
7883828;TERRITOIRE;FT 78646/816;7883828;;OR16;OR16;OR19;OR19;;OCC;MCO;OK;18/04/2024;;E;C;I;;A2B;;;;;;;;;;;;;;;;
7833278;TERRITOIRE;FT 94017/2414;7833278;;OR16;OR16;OR19;OR19;;OCC;MCO;OK;03/04/2024;;E;C;I;;OHN;;;;;;;;;;;;;;;;
7915846;TERRITOIRE;FT 94018/475;7915846;;OR16;OR16;OR19;OR19;;OCC;MCO;OK;24/04/2024;;E;C;I;;S4T;;;;;;;;;;;;;;;;
7798447;TERRITOIRE;FT 92023/2951;7798447;;OR16;OR16;OR19;OR19;;OCC;MCO;OK;25/03/2024;;E;C;I;;L1T;;;;;;;;;;;;;;;;
7761593;TERRITOIRE;FT 93010/907;7761593;;OR16;OR16;OR19;OR19;;OCC;MCO;OK;18/03/2024;;E;C;T;;OHN;;;;;;;;;;;;;;;;
7594874;TERRITOIRE;FT 94002/272;7594874;;OR16;OR16;OR19;OR19;;OCC;MCO;OK;13/02/2024;;E;C;T;;OHN;;;;;;;;;;;;;;;;
7692475;TERRITOIRE;FT 92007/792;7692475;;OR16;OR16;OR19;OR19;;OCC;MCO;OK;05/03/2024;;E;C;T;;L2T;;;;;;;;;;;;;;;;
7906236;TERRITOIRE;FT 92051/218;7906236;;OR16;OR16;OR19;OR19;;OCC;MCO;OK;23/04/2024;;E;C;I;;L2T;;;;;;;;;;;;;;;;
7991466;TERRITOIRE;FT 93077/363;7991466;;OR16;OR16;OR19;OR19;;OCC;MCO;OK;13/05/2024;;E;C;I;;A2B;;;;;;;;;;;;;;;;
7572156;TERRITOIRE;FT 94046/979;7572156;;OR16;OR16;OR19;OR19;;OCC;MCO;OK;09/02/2024;;E;C;T;;OHN;;;;;;;;;;;;;;;;
7871393;TERRITOIRE;FT 92073/23;7871393;;OR16;OR16;OR19;OR19;;OCC;MCO;OK;16/04/2024;;E;C;I;;L2T;;;;;;;;;;;;;;;;
7646385;TERRITOIRE;FT 93007/1172;7646385;;OR16;OR16;OR19;OR19;;OCC;MCO;OK;23/02/2024;;E;C;T;;OHN;;;;;;;;;;;;;;;;
7689279;TERRITOIRE;FT 93001/1015;7689279;;OR16;OR16;OR19;OR19;;OCC;MCO;OK;05/03/2024;;E;C;T;;S5T;;;;;;;;;;;;;;;;
7695991;TERRITOIRE;FT 93027/770;7695991;;OR16;OR16;OR19;OR19;;OCC;MCO;OK;06/03/2024;;E;C;T;;S6T;;;;;;;;;;;;;;;;
7790066;TERRITOIRE;FT 93039/116;7790066;;OR16;OR16;OR19;OR19;;OCC;MCO;OK;22/03/2024;;E;C;I;;S3T;;;;;;;;;;;;;;;;
7604474;TERRITOIRE;FT 92025/1608;7604474;;OR16;OR16;OR19;OR19;;OCC;MCO;OK;14/02/2024;;E;C;T;;L2T;;;;;;;;;;;;;;;;
7519737;TERRITOIRE;FT 94033/169;7519737;;OR16;OR16;OR19;OR19;;OCC;MCO;OK;31/01/2024;;E;C;T;;L4T;;;;;;;;;;;;;;;;
7833917;TERRITOIRE;FT 94019/924;7833917;;OR16;OR16;OR19;OR19;;OCC;MCO;OK;03/04/2024;;E;C;I;;OHN;;;;;;;;;;;;;;;;
7568318;TERRITOIRE;FT 94015/423;7568318;;OR16;OR16;OR19;OR19;;OCC;MCO;OK;08/02/2024;;E;C;T;;OHN;;;;;;;;;;;;;;;;
7876817;TERRITOIRE;FT 78640/1653;7876817;;OR16;OR16;OR19;OR19;;OCC;MCO;OK;17/04/2024;;E;C;I;;OHN;;;;;;;;;;;;;;;;
7905905;TERRITOIRE;FT 92051/311;7905905;;OR16;OR16;OR19;OR19;;OCC;MCO;OK;23/04/2024;;E;C;I;;L4T;;;;;;;;;;;;;;;;
7690227;TERRITOIRE;FT 93001/1467;7690227;;OR16;OR16;OR19;OR19;;OCC;MCO;OK;05/03/2024;;E;C;T;;V5T;;;;;;;;;;;;;;;;
7833279;TERRITOIRE;FT 94059/42;7833279;;OR16;OR16;OR19;OR19;;OCC;MCO;OK;03/04/2024;;E;C;I;;OHN;;;;;;;;;;;;;;;;
7540795;TERRITOIRE;FT 93001/539;7540795;;OR16;OR16;OR19;OR19;;OCC;MCO;OK;02/02/2024;;E;C;T;;U4T;;;;;;;;;;;;;;;;
7832640;TERRITOIRE;FT 94017/1590;7832640;;OR16;OR16;OR19;OR19;;OCC;MCO;OK;03/04/2024;;E;C;I;;OHN;;;;;;;;;;;;;;;;
7607453;TERRITOIRE;FT 92026/378;7607453;;OR16;OR16;OR19;OR19;;OCC;MCO;OK;14/02/2024;;E;C;T;;S4T;;;;;;;;;;;;;;;;
7632315;TERRITOIRE;FT 93031/1387;7632315;;OR16;OR16;OR19;OR19;;OCC;MCO;OK;21/02/2024;;E;C;T;;L5T;;;;;;;;;;;;;;;;
7861748;TERRITOIRE;FT 94076/1350;7861748;;OR16;OR16;OR19;OR19;;OCC;MCO;OK;12/04/2024;;E;C;I;;L2T;;;;;;;;;;;;;;;;
7714580;TERRITOIRE;FT 92004/1006;7714580;;OR16;OR16;OR19;OR19;;OCC;MCO;OK;08/03/2024;;E;C;T;;S4T;;;;;;;;;;;;;;;;
7873270;TERRITOIRE;FT 94065/246;7873270;;OR16;OR16;OR19;OR19;;OCC;MCO;OK;16/04/2024;;E;C;I;;L3T;;;;;;;;;;;;;;;;
7861449;TERRITOIRE;FT 94081/2216;7861449;;OR16;OR16;OR19;OR19;;OCC;MCO;OK;12/04/2024;;E;C;I;;L5T;;;;;;;;;;;;;;;;
7798476;TERRITOIRE;FT 92023/2404;7798476;;OR16;OR16;OR19;OR19;;OCC;MCO;OK;25/03/2024;;E;C;I;;L2T;;;;;;;;;;;;;;;;
7795511;TERRITOIRE;FT 93048/1126;7795511;;OR16;OR16;OR19;OR19;;OCC;MCO;OK;25/03/2024;;E;C;I;;OHN;;;;;;;;;;;;;;;;
7609949;TERRITOIRE;FT 92026/704;7609949;;OR16;OR16;OR19;OR19;;OCC;MCO;OK;15/02/2024;;E;C;T;;OHN;;;;;;;;;;;;;;;;
7902739;TERRITOIRE;FT 94033/1622;7902739;;OR16;OR16;OR19;OR19;;OCC;MCO;OK;23/04/2024;;E;C;I;;OHN;;;;;;;;;;;;;;;;
7838096;TERRITOIRE;FT 92025/106;7838096;;OR16;OR16;OR19;OR19;;OCC;MCO;OK;04/04/2024;;E;C;I;;S3T;;;;;;;;;;;;;;;;
7651602;TERRITOIRE;FT 92036/1229;7651602;;OR16;OR16;OR19;OR19;;OCC;MCO;OK;26/02/2024;;E;C;T;;V6T;;;;;;;;;;;;;;;;
7991453;TERRITOIRE;FT 93077/725;7991453;;OR16;OR16;OR19;OR19;;OCC;MCO;OK;13/05/2024;;E;C;I;;OHN;;;;;;;;;;;;;;;;
7635208;TERRITOIRE;FT 93072/581;7635208;;OR16;OR16;OR19;OR19;;OCC;MCO;OK;22/02/2024;;E;C;T;;L4T;;;;;;;;;;;;;;;;
7915865;TERRITOIRE;FT 94018/298;7915865;;OR16;OR16;OR19;OR19;;OCC;MCO;OK;24/04/2024;;E;C;I;;S3T;;;;;;;;;;;;;;;;
7905585;TERRITOIRE;FT 92051/463;7905585;;OR16;OR16;OR19;OR19;;OCC;MCO;OK;23/04/2024;;E;C;I;;OHN;;;;;;;;;;;;;;;;
7630091;TERRITOIRE;FT 93064/287;7630091;;OR16;OR16;OR19;OR19;;OCC;MCO;OK;21/02/2024;;E;C;T;;OHN;;;;;;;;;;;;;;;;
7859405;TERRITOIRE;FT 94068/2673;7859405;;OR16;OR16;OR19;OR19;;OCC;MCO;OK;11/04/2024;;E;C;I;;OHN;;;;;;;;;;;;;;;;
7572157;TERRITOIRE;FT 94046/965;7572157;;OR16;OR16;OR19;OR19;;OCC;MCO;OK;09/02/2024;;E;C;T;;OHN;;;;;;;;;;;;;;;;
7789122;TERRITOIRE;FT 92071/890;7789122;;OR16;OR16;OR19;OR19;;OCC;MCO;OK;22/03/2024;;E;C;I;;S3T;;;;;;;;;;;;;;;;
7616316;TERRITOIRE;FT 94033/1274;7616316;;OR16;OR16;OR19;OR19;;OCC;MCO;OK;16/02/2024;;E;C;T;;U5T;;;;;;;;;;;;;;;;
7837808;TERRITOIRE;FT 92025/2428;7837808;;OR16;OR16;OR19;OR19;;OCC;MCO;OK;04/04/2024;;E;C;I;;K2C;;;;;;;;;;;;;;;;
7800326;TERRITOIRE;FT 92075/123;7800326;;OR16;OR16;OR19;OR19;;OCC;MCO;OK;26/03/2024;;E;C;I;;L2T;;;;;;;;;;;;;;;;
2772148;TERRITOIRE;CH2772148;2772148;;OR227;OR227;OR19;OR19;;OCC;MCO;OK;26/06/2019;;E;C;T;;L0T;;;;;;;;;;;;;;;;
7607473;TERRITOIRE;FT 92026/1179;7607473;;OR16;OR16;OR19;OR19;;OCC;MCO;OK;14/02/2024;;E;C;T;;S3T;;;;;;;;;;;;;;;;
7963518;TERRITOIRE;FT 94034/235;7963518;;OR16;OR16;OR19;OR19;;OCC;MCO;OK;06/05/2024;;E;C;I;;S4T;;;;;;;;;;;;;;;;
7616306;TERRITOIRE;FT 93048/2694;7616306;;OR16;OR16;OR19;OR19;;OCC;MCO;OK;16/02/2024;;E;C;T;;OHN;;;;;;;;;;;;;;;;
7991034;TERRITOIRE;FT 93057/763;7991034;;OR16;OR16;OR19;OR19;;OCC;MCO;OK;13/05/2024;;E;C;I;;OHN;;;;;;;;;;;;;;;;
7948838;TERRITOIRE;FT 94080/96;7948838;;OR16;OR16;OR19;OR19;;OCC;MCO;OK;02/05/2024;;E;C;I;;S5T;;;;;;;;;;;;;;;;
7572146;TERRITOIRE;FT 94046/909;7572146;;OR16;OR16;OR19;OR19;;OCC;MCO;OK;09/02/2024;;E;C;T;;OHN;;;;;;;;;;;;;;;;
7651562;TERRITOIRE;FT 92036/1269;7651562;;OR16;OR16;OR19;OR19;;OCC;MCO;OK;26/02/2024;;E;C;T;;S4T;;;;;;;;;;;;;;;;
7518080;TERRITOIRE;FT 94033/790;7518080;;OR16;OR16;OR19;OR19;;OCC;MCO;OK;31/01/2024;;E;C;T;;S3T;;;;;;;;;;;;;;;;
7912691;TERRITOIRE;FT 94077/890;7912691;;OR16;OR16;OR19;OR19;;OCC;MCO;OK;24/04/2024;;E;C;I;;L4T;;;;;;;;;;;;;;;;
7795507;TERRITOIRE;FT 93048/1736;7795507;;OR16;OR16;OR19;OR19;;OCC;MCO;OK;25/03/2024;;E;C;I;;S3T;;;;;;;;;;;;;;;;
7719998;TERRITOIRE;FT 92046/309;7719998;;OR16;OR16;OR19;OR19;;OCC;MCO;OK;11/03/2024;;E;C;T;;S3T;;;;;;;;;;;;;;;;
7855672;TERRITOIRE;FT 92060/38;7855672;;OR16;OR16;OR19;OR19;;OCC;MCO;OK;10/04/2024;;E;C;I;;U5T;;;;;;;;;;;;;;;;
7594933;TERRITOIRE;FT 94081/2120;7594933;;OR16;OR16;OR19;OR19;;OCC;MCO;OK;13/02/2024;;E;C;T;;K2C;;;;;;;;;;;;;;;;
2773112;TERRITOIRE;CH2773112;2773112;;;;OR19;OR19;;OCC;MCO;OK;27/06/2019;;E;C;T;;L1T;;;;;;;;;;;;;;;;
7683509;TERRITOIRE;FT 93029/458;7683509;;OR16;OR16;OR19;OR19;;OCC;MCO;OK;04/03/2024;;E;C;T;;OHN;;;;;;;;;;;;;;;;
7519721;TERRITOIRE;FT 94033/241;7519721;;OR16;OR16;OR19;OR19;;OCC;MCO;OK;31/01/2024;;E;C;T;;OHN;;;;;;;;;;;;;;;;
7899864;TERRITOIRE;FT 78646/5409;7899864;;OR16;OR16;OR19;OR19;;OCC;MCO;OK;23/04/2024;;E;C;I;;A2;;;;;;;;;;;;;;;;
8007027;TERRITOIRE;FT 94058/848;8007027;;OR16;OR16;OR19;OR19;;OCC;MCO;OK;15/05/2024;;E;C;I;;OHN;;;;;;;;;;;;;;;;
7694395;TERRITOIRE;FT 93027/698;7694395;;OR16;OR16;OR19;OR19;;OCC;MCO;OK;06/03/2024;;E;C;T;;OHN;;;;;;;;;;;;;;;;
7899842;TERRITOIRE;FT 78646/5310;7899842;;OR16;OR16;OR19;OR19;;OCC;MCO;OK;23/04/2024;;E;C;I;;L2T;;;;;;;;;;;;;;;;
7533113;TERRITOIRE;FT 93072/1199;7533113;;OR16;OR16;OR19;OR19;;OCC;MCO;OK;01/02/2024;;E;C;T;;L2T;;;;;;;;;;;;;;;;
7672633;TERRITOIRE;FT 93039/40;7672633;;OR16;OR16;OR19;OR19;;OCC;MCO;OK;29/02/2024;;E;C;T;;S4T;;;;;;;;;;;;;;;;
3121926;TERRITOIRE;FRANCETELECOM;3121926;;;;OR19;OR21;;OCC;MCO;OK;23/10/2020;;E;C;T;;S4T;;;;;;;;;;;;;;;;
7838399;TERRITOIRE;FT 92009/935;7838399;;OR16;OR16;OR19;OR19;;OCC;MCO;OK;04/04/2024;;E;C;I;;S3T;;;;;;;;;;;;;;;;
7948836;TERRITOIRE;FT 94080/98;7948836;;OR16;OR16;OR19;OR19;;OCC;MCO;OK;02/05/2024;;E;C;I;;U5T;;;;;;;;;;;;;;;;
7761289;TERRITOIRE;FT 93010/937;7761289;;OR16;OR16;OR19;OR19;;OCC;MCO;OK;18/03/2024;;E;C;T;;A2;;;;;;;;;;;;;;;;
7826575;TERRITOIRE;FT 92046/805;7826575;;OR16;OR16;OR19;OR19;;OCC;MCO;OK;02/04/2024;;E;C;I;;L2T;;;;;;;;;;;;;;;;
7796198;TERRITOIRE;FT 92020/280;7796198;;OR16;OR16;OR19;OR19;;OCC;MCO;OK;25/03/2024;;E;C;I;;S3T;;;;;;;;;;;;;;;;
3137700;TERRITOIRE;CH3137700;3137700;;;;OR19;OR21;;OCC;MCO;OK;10/11/2020;;E;C;T;;L3T;;;;;;;;;;;;;;;;
7906232;TERRITOIRE;FT 92051/1503;7906232;;OR16;OR16;OR19;OR19;;OCC;MCO;OK;23/04/2024;;E;C;I;;L2T;;;;;;;;;;;;;;;;
7798423;TERRITOIRE;FT 92020/37;7798423;;OR16;OR16;OR19;OR19;;OCC;MCO;OK;25/03/2024;;E;C;I;;S6T;;;;;;;;;;;;;;;;
7838402;TERRITOIRE;FT 92009/961;7838402;;OR16;OR16;OR19;OR19;;OCC;MCO;OK;04/04/2024;;E;C;I;;S3T;;;;;;;;;;;;;;;;
7605111;TERRITOIRE;FT 92025/1921;7605111;;OR16;OR16;OR19;OR19;;OCC;MCO;OK;14/02/2024;;E;C;T;;S3T;;;;;;;;;;;;;;;;
7777073;TERRITOIRE;FT 92002/871;7777073;;OR16;OR16;OR19;OR19;;OCC;MCO;OK;20/03/2024;;E;C;T;;S4T;;;;;;;;;;;;;;;;
7912717;TERRITOIRE;FT 94077/678;7912717;;OR16;OR16;OR19;OR19;;OCC;MCO;OK;24/04/2024;;E;C;I;;L4T;;;;;;;;;;;;;;;;
7651609;TERRITOIRE;FT 92036/1231;7651609;;OR16;OR16;OR19;OR19;;OCC;MCO;OK;26/02/2024;;E;C;T;;L2T;;;;;;;;;;;;;;;;
7838067;TERRITOIRE;FT 92025/1116;7838067;;OR16;OR16;OR19;OR19;;OCC;MCO;OK;04/04/2024;;E;C;I;;L2T;;;;;;;;;;;;;;;;
7871356;TERRITOIRE;FT 94052/728;7871356;;OR16;OR16;OR19;OR19;;OCC;MCO;OK;16/04/2024;;E;C;I;;OHN;;;;;;;;;;;;;;;;
7859207;TERRITOIRE;FT 94068/558;7859207;;OR16;OR16;OR19;OR19;;OCC;MCO;OK;11/04/2024;;E;C;I;;OHN;;;;;;;;;;;;;;;;
7777076;TERRITOIRE;FT 92002/698;7777076;;OR16;OR16;OR19;OR19;;OCC;MCO;OK;20/03/2024;;E;C;T;;S3T;;;;;;;;;;;;;;;;
7597113;TERRITOIRE;FT 94017/1974;7597113;;OR16;OR16;OR19;OR19;;OCC;MCO;OK;13/02/2024;;E;C;T;;S1T;;;;;;;;;;;;;;;;
7827252;TERRITOIRE;FT 92046/664;7827252;;OR16;OR16;OR19;OR19;;OCC;MCO;OK;02/04/2024;;E;C;I;;S3T;;;;;;;;;;;;;;;;
7915857;TERRITOIRE;FT 94018/148;7915857;;OR16;OR16;OR19;OR19;;OCC;MCO;OK;24/04/2024;;E;C;I;;S4T;;;;;;;;;;;;;;;;
7607432;TERRITOIRE;FT 92026/482;7607432;;OR16;OR16;OR19;OR19;;OCC;MCO;OK;14/02/2024;;E;C;T;;S3T;;;;;;;;;;;;;;;;
7876785;TERRITOIRE;FT 92022/216;7876785;;OR16;OR16;OR19;OR19;;OCC;MCO;OK;17/04/2024;;E;C;I;;S5T;;;;;;;;;;;;;;;;
7994551;TERRITOIRE;FT 93057/725;7994551;;OR16;OR16;OR19;OR19;;OCC;MCO;OK;13/05/2024;;E;C;I;;OHN;;;;;;;;;;;;;;;;
7609923;TERRITOIRE;FT 92026/1133;7609923;;OR16;OR16;OR19;OR19;;OCC;MCO;OK;15/02/2024;;E;C;T;;S3T;;;;;;;;;;;;;;;;
7827219;TERRITOIRE;FT 92046/88;7827219;;OR16;OR16;OR19;OR19;;OCC;MCO;OK;02/04/2024;;E;C;I;;S3T;;;;;;;;;;;;;;;;
7630170;TERRITOIRE;FT 93064/1879;7630170;;OR16;OR16;OR19;OR19;;OCC;MCO;OK;21/02/2024;;E;C;T;;OHN;;;;;;;;;;;;;;;;
7554235;TERRITOIRE;FT 92078/255;7554235;;OR16;OR16;OR19;OR19;;OCC;MCO;OK;06/02/2024;;E;C;T;;S4T;;;;;;;;;;;;;;;;
7830388;TERRITOIRE;FT 92019/635;7830388;;OR16;OR16;OR19;OR19;;OCC;MCO;OK;02/04/2024;;E;C;I;;S4T;;;;;;;;;;;;;;;;
7796178;TERRITOIRE;FT 93048/2534;7796178;;OR16;OR16;OR19;OR19;;OCC;MCO;OK;25/03/2024;;E;C;I;;OHN;;;;;;;;;;;;;;;;
3148466;TERRITOIRE;CH3148466;3148466;;;;OR19;OR21;;OCC;MCO;OK;23/11/2020;;E;C;T;;L2T;;;;;;;;;;;;;;;;
7833910;TERRITOIRE;FT 94019/1176;7833910;;OR16;OR16;OR19;OR19;;OCC;MCO;OK;03/04/2024;;E;C;I;;OHN;;;;;;;;;;;;;;;;
7651546;TERRITOIRE;FT 92036/1195;7651546;;OR16;OR16;OR19;OR19;;OCC;MCO;OK;26/02/2024;;E;C;T;;OHN;;;;;;;;;;;;;;;;
7772469;TERRITOIRE;FT 94068/1966;7772469;;OR16;OR16;OR19;OR19;;OCC;MCO;OK;20/03/2024;;E;C;T;;OHN;;;;;;;;;;;;;;;;
7850233;TERRITOIRE;FT 94022/882;7850233;;OR16;OR16;OR19;OR19;;OCC;MCO;OK;08/04/2024;;E;C;I;;L1T;;;;;;;;;;;;;;;;
3137710;TERRITOIRE;CH3137710;3137710;;;;OR19;OR21;;OCC;MCO;OK;10/11/2020;;E;C;T;;L4T;;;;;;;;;;;;;;;;
4050226;TERRITOIRE;FT 2430;4050226;;OR228;OR228;OR19;OR21;;OCC;MCO;OK;19/11/2021;;E;C;T;;L3T;;;;;;;;;;;;;;;;
7637427;TERRITOIRE;FT 94052/277;7637427;;OR16;OR16;OR19;OR19;;OCC;MCO;OK;22/02/2024;;E;C;T;;OHN;;;;;;;;;;;;;;;;
7905600;TERRITOIRE;FT 92051/76;7905600;;OR16;OR16;OR19;OR19;;OCC;MCO;OK;23/04/2024;;E;C;I;;L6T;;;;;;;;;;;;;;;;
7519709;TERRITOIRE;FT 94033/481;7519709;;OR16;OR16;OR19;OR19;;OCC;MCO;OK;31/01/2024;;E;C;T;;OHN;;;;;;;;;;;;;;;;
7887360;TERRITOIRE;FT 92073/1415;7887360;;OR16;OR16;OR19;OR19;;OCC;MCO;OK;19/04/2024;;E;C;I;;U5T;;;;;;;;;;;;;;;;
7790067;TERRITOIRE;FT 93039/190;7790067;;OR16;OR16;OR19;OR19;;OCC;MCO;OK;22/03/2024;;E;C;I;;L2T;;;;;;;;;;;;;;;;
7594908;TERRITOIRE;FT 94002/62;7594908;;OR16;OR16;OR19;OR19;;OCC;MCO;OK;13/02/2024;;E;C;T;;S4T;;;;;;;;;;;;;;;;
3121928;TERRITOIRE;CH3121928;3121928;;;;OR19;OR21;;OCC;MCO;OK;23/10/2020;;E;C;T;;L2T;;;;;;;;;;;;;;;;
7673591;TERRITOIRE;FT 94041/1372;7673591;;OR16;OR16;OR19;OR19;;OCC;MCO;OK;29/02/2024;;E;C;T;;L4T;;;;;;;;;;;;;;;;
7607480;TERRITOIRE;FT 92026/209;7607480;;OR16;OR16;OR19;OR19;;OCC;MCO;OK;14/02/2024;;E;C;T;;S4T;;;;;;;;;;;;;;;;
7859274;TERRITOIRE;FT 94068/604;7859274;;OR16;OR16;OR19;OR19;;OCC;MCO;OK;11/04/2024;;E;C;I;;OHN;;;;;;;;;;;;;;;;
7519714;TERRITOIRE;FT 94033/787;7519714;;OR16;OR16;OR19;OR19;;OCC;MCO;OK;31/01/2024;;E;C;T;;S4T;;;;;;;;;;;;;;;;
7837757;TERRITOIRE;FT 92025/1209;7837757;;OR16;OR16;OR19;OR19;;OCC;MCO;OK;04/04/2024;;E;C;I;;S4T;;;;;;;;;;;;;;;;
7991703;TERRITOIRE;FT 93010/269;7991703;;OR16;OR16;OR19;OR19;;OCC;MCO;OK;13/05/2024;;E;C;I;;OHN;;;;;;;;;;;;;;;;
7654730;TERRITOIRE;FT 93013/415;7654730;;OR16;OR16;OR19;OR19;;OCC;MCO;OK;27/02/2024;;E;C;T;;OHN;;;;;;;;;;;;;;;;
7749752;TERRITOIRE;FT 94018/392;7749752;;OR16;OR16;OR19;OR19;;OCC;MCO;OK;15/03/2024;;E;C;T;;L2T;;;;;;;;;;;;;;;;
7877136;TERRITOIRE;FT 92012/590;7877136;;OR16;OR16;OR19;OR19;;OCC;MCO;OK;17/04/2024;;E;C;I;;S4T;;;;;;;;;;;;;;;;
2772799;TERRITOIRE;CH2772799;2772799;;;;OR19;OR19;;OCC;MCO;OK;27/06/2019;;E;C;T;;L1T;;;;;;;;;;;;;;;;
7877112;TERRITOIRE;FT 92012/1914;7877112;;OR16;OR16;OR19;OR19;;OCC;MCO;OK;17/04/2024;;E;C;I;;U6T;;;;;;;;;;;;;;;;
7833593;TERRITOIRE;FT 94017/2173;7833593;;OR16;OR16;OR19;OR19;;OCC;MCO;OK;03/04/2024;;E;C;I;;V7T;;;;;;;;;;;;;;;;
2773115;TERRITOIRE;CH2773115;2773115;;;;OR19;OR19;;OCC;MCO;OK;27/06/2019;;E;C;T;;L1T;;;;;;;;;;;;;;;;
7906549;TERRITOIRE;FT 92051/500;7906549;;OR16;OR16;OR19;OR19;;OCC;MCO;OK;23/04/2024;;E;C;I;;S5T;;;;;;;;;;;;;;;;
7689277;TERRITOIRE;FT 93001/1036;7689277;;OR16;OR16;OR19;OR19;;OCC;MCO;OK;05/03/2024;;E;C;T;;OHN;;;;;;;;;;;;;;;;
7859227;TERRITOIRE;FT 94068/214;7859227;;OR16;OR16;OR19;OR19;;OCC;MCO;OK;11/04/2024;;E;C;I;;OHN;;;;;;;;;;;;;;;;
7761602;TERRITOIRE;FT 93057/363;7761602;;OR16;OR16;OR19;OR19;;OCC;MCO;OK;18/03/2024;;E;C;T;;OHN;;;;;;;;;;;;;;;;
7915836;TERRITOIRE;FT 94018/149;7915836;;OR16;OR16;OR19;OR19;;OCC;MCO;OK;24/04/2024;;E;C;I;;OHN;;;;;;;;;;;;;;;;
7837805;TERRITOIRE;FT 92025/2429;7837805;;OR16;OR16;OR19;OR19;;OCC;MCO;OK;04/04/2024;;E;C;I;;K2C;;;;;;;;;;;;;;;;
7905916;TERRITOIRE;FT 92051/214;7905916;;OR16;OR16;OR19;OR19;;OCC;MCO;OK;23/04/2024;;E;C;I;;S3T;;;;;;;;;;;;;;;;
7912651;TERRITOIRE;FT 94077/687;7912651;;OR16;OR16;OR19;OR19;;OCC;MCO;OK;24/04/2024;;E;C;I;;L5T;;;;;;;;;;;;;;;;
7522245;TERRITOIRE;FT 93010/740;7522245;;OR16;OR16;OR19;OR19;;OCC;MCO;OK;31/01/2024;;E;C;T;;OHN;;;;;;;;;;;;;;;;
7847988;TERRITOIRE;FT 93048/2587;7847988;;OR16;OR16;OR19;OR19;;OCC;MCO;OK;07/04/2024;;E;C;I;;OHN;;;;;;;;;;;;;;;;
7630115;TERRITOIRE;FT 93064/1422;7630115;;OR16;OR16;OR19;OR19;;OCC;MCO;OK;21/02/2024;;E;C;T;;U7T;;;;;;;;;;;;;;;;
7963510;TERRITOIRE;FT 94034/460;7963510;;OR16;OR16;OR19;OR19;;OCC;MCO;OK;06/05/2024;;E;C;I;;S1T;;;;;;;;;;;;;;;;
7837795;TERRITOIRE;FT 92025/708;7837795;;OR16;OR16;OR19;OR19;;OCC;MCO;OK;04/04/2024;;E;C;I;;S4T;;;;;;;;;;;;;;;;
7646397;TERRITOIRE;FT 93029/904;7646397;;OR16;OR16;OR19;OR19;;OCC;MCO;OK;23/02/2024;;E;C;T;;L4T;;;;;;;;;;;;;;;;
7761910;TERRITOIRE;FT 93010/529;7761910;;OR16;OR16;OR19;OR19;;OCC;MCO;OK;18/03/2024;;E;C;T;;OHN;;;;;;;;;;;;;;;;
7672311;TERRITOIRE;FT 93029/200;7672311;;OR16;OR16;OR19;OR19;;OCC;MCO;OK;29/02/2024;;E;C;T;;OHN;;;;;;;;;;;;;;;;
7553616;TERRITOIRE;FT 92036/794;7553616;;OR16;OR16;OR19;OR19;;OCC;MCO;OK;06/02/2024;;E;C;T;;U6T;;;;;;;;;;;;;;;;
7991382;TERRITOIRE;FT 93077/678;7991382;;OR16;OR16;OR19;OR19;;OCC;MCO;OK;13/05/2024;;E;C;I;;OHN;;;;;;;;;;;;;;;;
7772468;TERRITOIRE;FT 94068/1998;7772468;;OR16;OR16;OR19;OR19;;OCC;MCO;OK;20/03/2024;;E;C;T;;L3T;;;;;;;;;;;;;;;;
7991356;TERRITOIRE;FT 93077/240;7991356;;OR16;OR16;OR19;OR19;;OCC;MCO;OK;13/05/2024;;E;C;I;;L2T;;;;;;;;;;;;;;;;
7883522;TERRITOIRE;FT 78646/5633;7883522;;OR16;OR16;OR19;OR19;;OCC;MCO;OK;18/04/2024;;E;C;I;;D4;;;;;;;;;;;;;;;;
7948794;TERRITOIRE;FT 93048/1828;7948794;;OR16;OR16;OR19;OR19;;OCC;MCO;OK;02/05/2024;;E;C;I;;OHN;;;;;;;;;;;;;;;;
7834230;TERRITOIRE;FT 94017/2196;7834230;;OR16;OR16;OR19;OR19;;OCC;MCO;OK;03/04/2024;;E;C;I;;S4T;;;;;;;;;;;;;;;;
7991457;TERRITOIRE;FT 93077/155;7991457;;OR16;OR16;OR19;OR19;;OCC;MCO;OK;13/05/2024;;E;C;I;;OHN;;;;;;;;;;;;;;;;
7859243;TERRITOIRE;FT 94068/699;7859243;;OR16;OR16;OR19;OR19;;OCC;MCO;OK;11/04/2024;;E;C;I;;OHN;;;;;;;;;;;;;;;;
7540799;TERRITOIRE;FT 93001/521;7540799;;OR16;OR16;OR19;OR19;;OCC;MCO;OK;02/02/2024;;E;C;T;;U4T;;;;;;;;;;;;;;;;
7553603;TERRITOIRE;FT 92036/387;7553603;;OR16;OR16;OR19;OR19;;OCC;MCO;OK;06/02/2024;;E;C;T;;S4T;;;;;;;;;;;;;;;;
7630107;TERRITOIRE;FT 93064/1908;7630107;;OR16;OR16;OR19;OR19;;OCC;MCO;OK;21/02/2024;;E;C;T;;OHN;;;;;;;;;;;;;;;;
8003519;TERRITOIRE;FT 94058/723;8003519;;OR16;OR16;OR19;OR19;;OCC;MCO;OK;15/05/2024;;E;C;I;;S5T;;;;;;;;;;;;;;;;
7607481;TERRITOIRE;FT 92026/412;7607481;;OR16;OR16;OR19;OR19;;OCC;MCO;OK;14/02/2024;;E;C;T;;S4T;;;;;;;;;;;;;;;;
7553642;TERRITOIRE;FT 92036/1973;7553642;;OR16;OR16;OR19;OR19;;OCC;MCO;OK;06/02/2024;;E;C;T;;L3T;;;;;;;;;;;;;;;;
7651566;TERRITOIRE;FT 92036/1306;7651566;;OR16;OR16;OR19;OR19;;OCC;MCO;OK;26/02/2024;;E;C;T;;S3T;;;;;;;;;;;;;;;;
7635202;TERRITOIRE;FT 93072/583;7635202;;OR16;OR16;OR19;OR19;;OCC;MCO;OK;22/02/2024;;E;C;T;;OHN;;;;;;;;;;;;;;;;
7719996;TERRITOIRE;FT 92046/307;7719996;;OR16;OR16;OR19;OR19;;OCC;MCO;OK;11/03/2024;;E;C;T;;V6T;;;;;;;;;;;;;;;;
7771192;TERRITOIRE;FT 92002/485;7771192;;OR16;OR16;OR19;OR19;;OCC;MCO;OK;20/03/2024;;E;C;T;;L3T;;;;;;;;;;;;;;;;
7800349;TERRITOIRE;FT 92075/154;7800349;;OR16;OR16;OR19;OR19;;OCC;MCO;OK;26/03/2024;;E;C;I;;S4T;;;;;;;;;;;;;;;;
7871362;TERRITOIRE;FT 94052/499;7871362;;OR16;OR16;OR19;OR19;;OCC;MCO;OK;16/04/2024;;E;C;I;;OHN;;;;;;;;;;;;;;;;
7718072;TERRITOIRE;FT 94016/69;7718072;;OR16;OR16;OR19;OR19;;OCC;MCO;OK;11/03/2024;;E;C;T;;OHN;;;;;;;;;;;;;;;;
7859333;TERRITOIRE;FT 94068/1752;7859333;;OR16;OR16;OR19;OR19;;OCC;MCO;OK;11/04/2024;;E;C;I;;OHN;;;;;;;;;;;;;;;;
7649273;TERRITOIRE;FT 92078/207;7649273;;OR16;OR16;OR19;OR19;;OCC;MCO;OK;26/02/2024;;E;C;T;;S3T;;;;;;;;;;;;;;;;
7905592;TERRITOIRE;FT 92051/356;7905592;;OR16;OR16;OR19;OR19;;OCC;MCO;OK;23/04/2024;;E;C;I;;U5T;;;;;;;;;;;;;;;;
7771193;TERRITOIRE;FT 92002/487;7771193;;OR16;OR16;OR19;OR19;;OCC;MCO;OK;20/03/2024;;E;C;T;;S3T;;;;;;;;;;;;;;;;
7607379;TERRITOIRE;FT 92026/431;7607379;;OR16;OR16;OR19;OR19;;OCC;MCO;OK;14/02/2024;;E;C;T;;S3T;;;;;;;;;;;;;;;;
7566417;TERRITOIRE;FT 93071/102;7566417;;OR16;OR16;OR19;OR19;;OCC;MCO;OK;08/02/2024;;E;C;T;;M2T;;;;;;;;;;;;;;;;
7616002;TERRITOIRE;FT 93070/599;7616002;;OR16;OR16;OR19;OR19;;OCC;MCO;OK;16/02/2024;;E;C;T;;OHN;;;;;;;;;;;;;;;;
7673592;TERRITOIRE;FT 94041/1826;7673592;;OR16;OR16;OR19;OR19;;OCC;MCO;OK;29/02/2024;;E;C;T;;L3T;;;;;;;;;;;;;;;;
7673585;TERRITOIRE;FT 94041/1347;7673585;;OR16;OR16;OR19;OR19;;OCC;MCO;OK;29/02/2024;;E;C;T;;L4T;;;;;;;;;;;;;;;;
7630098;TERRITOIRE;FT 93064/1640;7630098;;OR16;OR16;OR19;OR19;;OCC;MCO;OK;21/02/2024;;E;C;T;;OHN;;;;;;;;;;;;;;;;
7899861;TERRITOIRE;FT 78646/6282;7899861;;OR16;OR16;OR19;OR19;;OCC;MCO;OK;23/04/2024;;E;C;I;;A2;;;;;;;;;;;;;;;;
7859270;TERRITOIRE;FT 94068/1226;7859270;;OR16;OR16;OR19;OR19;;OCC;MCO;OK;11/04/2024;;E;C;I;;OHN;;;;;;;;;;;;;;;;
7572163;TERRITOIRE;FT 94046/664;7572163;;OR16;OR16;OR19;OR19;;OCC;MCO;OK;09/02/2024;;E;C;T;;L0T;;;;;;;;;;;;;;;;
7777201;TERRITOIRE;FT 92002/667;7777201;;OR16;OR16;OR19;OR19;;OCC;MCO;OK;20/03/2024;;E;C;T;;S3T;;;;;;;;;;;;;;;;
7777000;TERRITOIRE;FT 92002/635;7777000;;OR16;OR16;OR19;OR19;;OCC;MCO;OK;20/03/2024;;E;C;T;;S3T;;;;;;;;;;;;;;;;
7714554;TERRITOIRE;FT 92036/45;7714554;;OR16;OR16;OR19;OR19;;OCC;MCO;OK;08/03/2024;;E;C;T;;OHN;;;;;;;;;;;;;;;;
7890553;TERRITOIRE;FT 78646/521;7890553;;OR16;OR16;OR19;OR19;;OCC;MCO;OK;18/04/2024;;E;C;I;;L4T;;;;;;;;;;;;;;;;
7830070;TERRITOIRE;FT 92019/594;7830070;;OR16;OR16;OR19;OR19;;OCC;MCO;OK;02/04/2024;;E;C;I;;L2T;;;;;;;;;;;;;;;;
7654728;TERRITOIRE;FT 93013/301;7654728;;OR16;OR16;OR19;OR19;;OCC;MCO;OK;27/02/2024;;E;C;T;;OHN;;;;;;;;;;;;;;;;
7859385;TERRITOIRE;FT 94068/2741;7859385;;OR16;OR16;OR19;OR19;;OCC;MCO;OK;11/04/2024;;E;C;I;;S4T;;;;;;;;;;;;;;;;
7830082;TERRITOIRE;FT 92019/452;7830082;;OR16;OR16;OR19;OR19;;OCC;MCO;OK;02/04/2024;;E;C;I;;L2T;;;;;;;;;;;;;;;;
7690240;TERRITOIRE;FT 93001/1398;7690240;;OR16;OR16;OR19;OR19;;OCC;MCO;OK;05/03/2024;;E;C;T;;S4T;;;;;;;;;;;;;;;;
7833589;TERRITOIRE;FT 94059/32;7833589;;OR16;OR16;OR19;OR19;;OCC;MCO;OK;03/04/2024;;E;C;I;;OHN;;;;;;;;;;;;;;;;
7761604;TERRITOIRE;FT 93057/225;7761604;;OR16;OR16;OR19;OR19;;OCC;MCO;OK;18/03/2024;;E;C;T;;L3T;;;;;;;;;;;;;;;;
7642230;TERRITOIRE;FT 93006/372;7642230;;OR16;OR16;OR19;OR19;;OCC;MCO;OK;23/02/2024;;E;C;T;;OHN;;;;;;;;;;;;;;;;
7796158;TERRITOIRE;FT 93048/2629;7796158;;OR16;OR16;OR19;OR19;;OCC;MCO;OK;25/03/2024;;E;C;I;;OHN;;;;;;;;;;;;;;;;
7789135;TERRITOIRE;FT 93010/1045;7789135;;OR16;OR16;OR19;OR19;;OCC;MCO;OK;22/03/2024;;E;C;I;;V5T;;;;;;;;;;;;;;;;
7607377;TERRITOIRE;FT 92026/430;7607377;;OR16;OR16;OR19;OR19;;OCC;MCO;OK;14/02/2024;;E;C;T;;U5T;;;;;;;;;;;;;;;;
7763195;TERRITOIRE;FT 92036/1045;7763195;;OR16;OR16;OR19;OR19;;OCC;MCO;OK;18/03/2024;;E;C;T;;U4T;;;;;;;;;;;;;;;;
7850275;TERRITOIRE;FT 94022/585;7850275;;OR16;OR16;OR19;OR19;;OCC;MCO;OK;08/04/2024;;E;C;I;;L2T;;;;;;;;;;;;;;;;
7948807;TERRITOIRE;FT 93048/1876;7948807;;OR16;OR16;OR19;OR19;;OCC;MCO;OK;02/05/2024;;E;C;I;;OHN;;;;;;;;;;;;;;;;
7859368;TERRITOIRE;FT 94068/697;7859368;;OR16;OR16;OR19;OR19;;OCC;MCO;OK;11/04/2024;;E;C;I;;OHN;;;;;;;;;;;;;;;;
7790068;TERRITOIRE;FT 93039/163;7790068;;OR16;OR16;OR19;OR19;;OCC;MCO;OK;22/03/2024;;E;C;I;;OHN;;;;;;;;;;;;;;;;
7543032;TERRITOIRE;FT 93066/2145;7543032;;OR16;OR16;OR19;OR19;;OCC;MCO;OK;02/02/2024;;E;C;T;;S4T;;;;;;;;;;;;;;;;
7948833;TERRITOIRE;FT 94080/65;7948833;;OR16;OR16;OR19;OR19;;OCC;MCO;OK;02/05/2024;;E;C;I;;OHN;;;;;;;;;;;;;;;;
7902705;TERRITOIRE;FT 93048/1356;7902705;;OR16;OR16;OR19;OR19;;OCC;MCO;OK;23/04/2024;;E;C;I;;OHN;;;;;;;;;;;;;;;;
7761906;TERRITOIRE;FT 93010/523;7761906;;OR16;OR16;OR19;OR19;;OCC;MCO;OK;18/03/2024;;E;C;T;;S4T;;;;;;;;;;;;;;;;
7514229;TERRITOIRE;FT 93055/156;7514229;;OR16;OR16;OR19;OR19;;OCC;MCO;OK;30/01/2024;;E;C;T;;S4T;;;;;;;;;;;;;;;;
7604477;TERRITOIRE;FT 92025/1812;7604477;;OR16;OR16;OR19;OR19;;OCC;MCO;OK;14/02/2024;;E;C;T;;L2T;;;;;;;;;;;;;;;;
7902737;TERRITOIRE;FT 94033/100;7902737;;OR16;OR16;OR19;OR19;;OCC;MCO;OK;23/04/2024;;E;C;I;;S3T;;;;;;;;;;;;;;;;
7566450;TERRITOIRE;FT 93005/1929;7566450;;OR16;OR16;OR19;OR19;;OCC;MCO;OK;08/02/2024;;E;C;T;;A2;;;;;;;;;;;;;;;;
7994553;TERRITOIRE;FT 93057/772;7994553;;OR16;OR16;OR19;OR19;;OCC;MCO;OK;13/05/2024;;E;C;I;;OHN;;;;;;;;;;;;;;;;
7827245;TERRITOIRE;FT 92046/643;7827245;;OR16;OR16;OR19;OR19;;OCC;MCO;OK;02/04/2024;;E;C;I;;S3T;;;;;;;;;;;;;;;;
7800344;TERRITOIRE;FT 92075/146;7800344;;OR16;OR16;OR19;OR19;;OCC;MCO;OK;26/03/2024;;E;C;I;;L4T;;;;;;;;;;;;;;;;
7883507;TERRITOIRE;FT 78646/1304;7883507;;OR16;OR16;OR19;OR19;;OCC;MCO;OK;18/04/2024;;E;C;I;;A2;;;;;;;;;;;;;;;;
7926397;TERRITOIRE;FT 94038/671;7926397;;OR16;OR16;OR19;OR19;;OCC;MCO;OK;26/04/2024;;E;C;I;;OHN;;;;;;;;;;;;;;;;
7698622;TERRITOIRE;FT 92020/84;7698622;;OR16;OR16;OR19;OR19;;OCC;MCO;OK;06/03/2024;;E;C;T;;L2T;;;;;;;;;;;;;;;;
7798442;TERRITOIRE;FT 92023/1884;7798442;;OR16;OR16;OR19;OR19;;OCC;MCO;OK;25/03/2024;;E;C;I;;OHN;;;;;;;;;;;;;;;;
7530239;TERRITOIRE;FT 93059/372;7530239;;OR16;OR16;OR19;OR19;;OCC;MCO;OK;01/02/2024;;E;C;T;;OHN;;;;;;;;;;;;;;;;
7859197;TERRITOIRE;FT 94068/523;7859197;;OR16;OR16;OR19;OR19;;OCC;MCO;OK;11/04/2024;;E;C;I;;OHN;;;;;;;;;;;;;;;;
7603523;TERRITOIRE;FT 92025/1421;7603523;;OR16;OR16;OR19;OR19;;OCC;MCO;OK;14/02/2024;;E;C;T;;S4T;;;;;;;;;;;;;;;;
7683513;TERRITOIRE;FT 93029/510;7683513;;OR16;OR16;OR19;OR19;;OCC;MCO;OK;04/03/2024;;E;C;T;;OHN;;;;;;;;;;;;;;;;
7619850;TERRITOIRE;FT 93031/298;7619850;;OR16;OR16;OR19;OR19;;OCC;MCO;OK;19/02/2024;;E;C;T;;OHN;;;;;;;;;;;;;;;;
7991463;TERRITOIRE;FT 93077/360;7991463;;OR16;OR16;OR19;OR19;;OCC;MCO;OK;13/05/2024;;E;C;I;;A2;;;;;;;;;;;;;;;;
7699509;TERRITOIRE;FT 92020/823;7699509;;OR16;OR16;OR19;OR19;;OCC;MCO;OK;06/03/2024;;E;C;T;;L3T;;;;;;;;;;;;;;;;
7600633;TERRITOIRE;FT 92044/20;7600633;;OR16;OR16;OR19;OR19;;OCC;MCO;OK;13/02/2024;;E;C;T;;K3C;;;;;;;;;;;;;;;;
7630187;TERRITOIRE;FT 93064/360;7630187;;OR16;OR16;OR19;OR19;;OCC;MCO;OK;21/02/2024;;E;C;T;;OHN;;;;;;;;;;;;;;;;
7859218;TERRITOIRE;FT 94068/600;7859218;;OR16;OR16;OR19;OR19;;OCC;MCO;OK;11/04/2024;;E;C;I;;OHN;;;;;;;;;;;;;;;;
7838406;TERRITOIRE;FT 92009/475;7838406;;OR16;OR16;OR19;OR19;;OCC;MCO;OK;04/04/2024;;E;C;I;;L3T;;;;;;;;;;;;;;;;
7605120;TERRITOIRE;FT 92025/3043;7605120;;OR16;OR16;OR19;OR19;;OCC;MCO;OK;14/02/2024;;E;C;T;;L2T;;;;;;;;;;;;;;;;
7643190;TERRITOIRE;FT 93007/192;7643190;;OR16;OR16;OR19;OR19;;OCC;MCO;OK;23/02/2024;;E;C;T;;A2B;;;;;;;;;;;;;;;;
7632318;TERRITOIRE;FT 93031/311;7632318;;OR16;OR16;OR19;OR19;;OCC;MCO;OK;21/02/2024;;E;C;T;;OHN;;;;;;;;;;;;;;;;
7616305;TERRITOIRE;FT 93048/2721;7616305;;OR16;OR16;OR19;OR19;;OCC;MCO;OK;16/02/2024;;E;C;T;;OHN;;;;;;;;;;;;;;;;
7796170;TERRITOIRE;FT 93048/2283;7796170;;OR16;OR16;OR19;OR19;;OCC;MCO;OK;25/03/2024;;E;C;I;;OHN;;;;;;;;;;;;;;;;
7789191;TERRITOIRE;FT 93039/23;7789191;;OR16;OR16;OR19;OR19;;OCC;MCO;OK;22/03/2024;;E;C;I;;S3T;;;;;;;;;;;;;;;;
7761304;TERRITOIRE;FT 93057/332;7761304;;OR16;OR16;OR19;OR19;;OCC;MCO;OK;18/03/2024;;E;C;T;;OHN;;;;;;;;;;;;;;;;
7861747;TERRITOIRE;FT 94081/364;7861747;;OR16;OR16;OR19;OR19;;OCC;MCO;OK;12/04/2024;;E;C;I;;OHN;;;;;;;;;;;;;;;;
7973752;TERRITOIRE;FT 95063/503;7973752;;OR16;OR16;OR19;OR19;;OCC;MCO;OK;07/05/2024;;E;C;I;;OHN;;;;;;;;;;;;;;;;
7912705;TERRITOIRE;FT 94077/612;7912705;;OR16;OR16;OR19;OR19;;OCC;MCO;OK;24/04/2024;;E;C;I;;L2T;;;;;;;;;;;;;;;;
7594868;TERRITOIRE;FT 94002/125;7594868;;OR16;OR16;OR19;OR19;;OCC;MCO;OK;13/02/2024;;E;C;T;;U5T;;;;;;;;;;;;;;;;
7673590;TERRITOIRE;FT 94041/1363;7673590;;OR16;OR16;OR19;OR19;;OCC;MCO;OK;29/02/2024;;E;C;T;;OHN;;;;;;;;;;;;;;;;
7609963;TERRITOIRE;FT 92004/508;7609963;;OR16;OR16;OR19;OR19;;OCC;MCO;OK;15/02/2024;;E;C;T;;V5T;;;;;;;;;;;;;;;;
7605106;TERRITOIRE;FT 92035/128;7605106;;OR16;OR16;OR19;OR19;;OCC;MCO;OK;14/02/2024;;E;C;T;;L2T;;;;;;;;;;;;;;;;
7834232;TERRITOIRE;FT 94017/3014;7834232;;OR16;OR16;OR19;OR19;;OCC;MCO;OK;03/04/2024;;E;C;I;;OHN;;;;;;;;;;;;;;;;
7800341;TERRITOIRE;FT 92075/552;7800341;;OR16;OR16;OR19;OR19;;OCC;MCO;OK;26/03/2024;;E;C;I;;L2T;;;;;;;;;;;;;;;;
7798427;TERRITOIRE;FT 92020/190;7798427;;OR16;OR16;OR19;OR19;;OCC;MCO;OK;25/03/2024;;E;C;I;;U4T;;;;;;;;;;;;;;;;
7603534;TERRITOIRE;FT 92050/1116;7603534;;OR16;OR16;OR19;OR19;;OCC;MCO;OK;14/02/2024;;E;C;T;;S6T;;;;;;;;;;;;;;;;
7721266;TERRITOIRE;FT 92046/272;7721266;;OR16;OR16;OR19;OR19;;OCC;MCO;OK;11/03/2024;;E;C;T;;S4T;;;;;;;;;;;;;;;;
7850260;TERRITOIRE;FT 94022/1228;7850260;;OR16;OR16;OR19;OR19;;OCC;MCO;OK;08/04/2024;;E;C;I;;L1T;;;;;;;;;;;;;;;;
7833590;TERRITOIRE;FT 94059/49;7833590;;OR16;OR16;OR19;OR19;;OCC;MCO;OK;03/04/2024;;E;C;I;;OHN;;;;;;;;;;;;;;;;
7619844;TERRITOIRE;FT 93031/1290;7619844;;OR16;OR16;OR19;OR19;;OCC;MCO;OK;19/02/2024;;E;C;T;;L4T;;;;;;;;;;;;;;;;
7654714;TERRITOIRE;FT 93013/406;7654714;;OR16;OR16;OR19;OR19;;OCC;MCO;OK;27/02/2024;;E;C;T;;OHN;;;;;;;;;;;;;;;;
7630113;TERRITOIRE;FT 93064/1419;7630113;;OR16;OR16;OR19;OR19;;OCC;MCO;OK;21/02/2024;;E;C;T;;OHN;;;;;;;;;;;;;;;;
7630082;TERRITOIRE;FT 93049/205;7630082;;OR16;OR16;OR19;OR19;;OCC;MCO;OK;21/02/2024;;E;C;T;;A2B;;;;;;;;;;;;;;;;
7597117;TERRITOIRE;FT 94017/1838;7597117;;OR16;OR16;OR19;OR19;;OCC;MCO;OK;13/02/2024;;E;C;T;;L6T;;;;;;;;;;;;;;;;
7876812;TERRITOIRE;FT 78640/1795;7876812;;OR16;OR16;OR19;OR19;;OCC;MCO;OK;17/04/2024;;E;C;I;;OHN;;;;;;;;;;;;;;;;
7912709;TERRITOIRE;FT 94077/600;7912709;;OR16;OR16;OR19;OR19;;OCC;MCO;OK;24/04/2024;;E;C;I;;P2C;;;;;;;;;;;;;;;;
7877130;TERRITOIRE;FT 92012/1370;7877130;;OR16;OR16;OR19;OR19;;OCC;MCO;OK;17/04/2024;;E;C;I;;OHN;;;;;;;;;;;;;;;;
7796197;TERRITOIRE;FT 93048/2171;7796197;;OR16;OR16;OR19;OR19;;OCC;MCO;OK;25/03/2024;;E;C;I;;OHN;;;;;;;;;;;;;;;;
7763211;TERRITOIRE;FT 92036/760;7763211;;OR16;OR16;OR19;OR19;;OCC;MCO;OK;18/03/2024;;E;C;T;;U5T;;;;;;;;;;;;;;;;
7530576;TERRITOIRE;FT 93010/1273;7530576;;OR16;OR16;OR19;OR19;;OCC;MCO;OK;01/02/2024;;E;C;T;;OHN;;;;;;;;;;;;;;;;
7654744;TERRITOIRE;FT 93008/93;7654744;;OR16;OR16;OR19;OR19;;OCC;MCO;OK;27/02/2024;;E;C;T;;S3T;;;;;;;;;;;;;;;;
7883827;TERRITOIRE;FT 78646/795;7883827;;OR16;OR16;OR19;OR19;;OCC;MCO;OK;18/04/2024;;E;C;I;;A2;;;;;;;;;;;;;;;;
7899847;TERRITOIRE;FT 78646/5838;7899847;;OR16;OR16;OR19;OR19;;OCC;MCO;OK;23/04/2024;;E;C;I;;A2B;;;;;;;;;;;;;;;;
7991451;TERRITOIRE;FT 93077/463;7991451;;OR16;OR16;OR19;OR19;;OCC;MCO;OK;13/05/2024;;E;C;I;;OHN;;;;;;;;;;;;;;;;
7673589;TERRITOIRE;FT 94041/1374;7673589;;OR16;OR16;OR19;OR19;;OCC;MCO;OK;29/02/2024;;E;C;T;;L3T;;;;;;;;;;;;;;;;
7991695;TERRITOIRE;FT 93010/15;7991695;;OR16;OR16;OR19;OR19;;OCC;MCO;OK;13/05/2024;;E;C;I;;A2;;;;;;;;;;;;;;;;
7883859;TERRITOIRE;FT 78646/1910;7883859;;OR16;OR16;OR19;OR19;;OCC;MCO;OK;18/04/2024;;E;C;I;;OHN;;;;;;;;;;;;;;;;
7643187;TERRITOIRE;FT 93007/445;7643187;;OR16;OR16;OR19;OR19;;OCC;MCO;OK;23/02/2024;;E;C;T;;P2C;;;;;;;;;;;;;;;;
7912716;TERRITOIRE;FT 94077/931;7912716;;OR16;OR16;OR19;OR19;;OCC;MCO;OK;24/04/2024;;E;C;I;;OHN;;;;;;;;;;;;;;;;
7672656;TERRITOIRE;FT 94041/1321;7672656;;OR16;OR16;OR19;OR19;;OCC;MCO;OK;29/02/2024;;E;C;T;;L2T;;;;;;;;;;;;;;;;
7542724;TERRITOIRE;FT 92024/691;7542724;;OR16;OR16;OR19;OR19;;OCC;MCO;OK;02/02/2024;;E;C;T;;OHN;;;;;;;;;;;;;;;;
7840964;TERRITOIRE;FT 92025/706;7840964;;OR16;OR16;OR19;OR19;;OCC;MCO;OK;04/04/2024;;E;C;I;;L2T;;;;;;;;;;;;;;;;
7514228;TERRITOIRE;FT 93055/166;7514228;;OR16;OR16;OR19;OR19;;OCC;MCO;OK;30/01/2024;;E;C;T;;OHN;;;;;;;;;;;;;;;;
7637429;TERRITOIRE;FT 94033/403;7637429;;OR16;OR16;OR19;OR19;;OCC;MCO;OK;22/02/2024;;E;C;T;;S4T;;;;;;;;;;;;;;;;
7859192;TERRITOIRE;FT 94068/2653;7859192;;OR16;OR16;OR19;OR19;;OCC;MCO;OK;11/04/2024;;E;C;I;;OHN;;;;;;;;;;;;;;;;
7688314;TERRITOIRE;FT 93001/1459;7688314;;OR16;OR16;OR19;OR19;;OCC;MCO;OK;05/03/2024;;E;C;T;;S4T;;;;;;;;;;;;;;;;
7838392;TERRITOIRE;FT 92009/416;7838392;;OR16;OR16;OR19;OR19;;OCC;MCO;OK;04/04/2024;;E;C;I;;L2T;;;;;;;;;;;;;;;;
7827227;TERRITOIRE;FT 92046/617;7827227;;OR16;OR16;OR19;OR19;;OCC;MCO;OK;02/04/2024;;E;C;I;;S3T;;;;;;;;;;;;;;;;
7607423;TERRITOIRE;FT 92026/489;7607423;;OR16;OR16;OR19;OR19;;OCC;MCO;OK;14/02/2024;;E;C;T;;S3T;;;;;;;;;;;;;;;;
7594872;TERRITOIRE;FT 94002/226;7594872;;OR16;OR16;OR19;OR19;;OCC;MCO;OK;13/02/2024;;E;C;T;;OHN;;;;;;;;;;;;;;;;
7827232;TERRITOIRE;FT 92046/794;7827232;;OR16;OR16;OR19;OR19;;OCC;MCO;OK;02/04/2024;;E;C;I;;L2T;;;;;;;;;;;;;;;;
7876823;TERRITOIRE;FT 92022/531;7876823;;OR16;OR16;OR19;OR19;;OCC;MCO;OK;17/04/2024;;E;C;I;;S4T;;;;;;;;;;;;;;;;
7789199;TERRITOIRE;FT 93039/97;7789199;;OR16;OR16;OR19;OR19;;OCC;MCO;OK;22/03/2024;;E;C;I;;OHN;;;;;;;;;;;;;;;;
7690254;TERRITOIRE;FT 93027/1539;7690254;;OR16;OR16;OR19;OR19;;OCC;MCO;OK;05/03/2024;;E;C;T;;L1T;;;;;;;;;;;;;;;;
7530614;TERRITOIRE;FT 93010/399;7530614;;OR16;OR16;OR19;OR19;;OCC;MCO;OK;01/02/2024;;E;C;T;;OHN;;;;;;;;;;;;;;;;
7718711;TERRITOIRE;FT 94003/584;7718711;;OR16;OR16;OR19;OR19;;OCC;MCO;OK;11/03/2024;;E;C;T;;S4T;;;;;;;;;;;;;;;;
7991420;TERRITOIRE;FT 93010/275;7991420;;OR16;OR16;OR19;OR19;;OCC;MCO;OK;13/05/2024;;E;C;I;;OHN;;;;;;;;;;;;;;;;
7783091;TERRITOIRE;FT 92002/5045;7783091;;OR16;OR16;OR19;OR19;;OCC;MCO;OK;21/03/2024;;E;C;I;;L2T;;;;;;;;;;;;;;;;
7991378;TERRITOIRE;FT 93077/656;7991378;;OR16;OR16;OR19;OR19;;OCC;MCO;OK;13/05/2024;;E;C;I;;OHN;;;;;;;;;;;;;;;;
7991368;TERRITOIRE;FT 93077/643;7991368;;OR16;OR16;OR19;OR19;;OCC;MCO;OK;13/05/2024;;E;C;I;;OHN;;;;;;;;;;;;;;;;
7838104;TERRITOIRE;FT 92025/371;7838104;;OR16;OR16;OR19;OR19;;OCC;MCO;OK;04/04/2024;;E;C;I;;L2T;;;;;;;;;;;;;;;;
7645440;TERRITOIRE;FT 93007/1166;7645440;;OR16;OR16;OR19;OR19;;OCC;MCO;OK;23/02/2024;;E;C;T;;M2T;;;;;;;;;;;;;;;;
7861443;TERRITOIRE;FT 94081/537;7861443;;OR16;OR16;OR19;OR19;;OCC;MCO;OK;12/04/2024;;E;C;I;;L3T;;;;;;;;;;;;;;;;
7672655;TERRITOIRE;FT 94041/1827;7672655;;OR16;OR16;OR19;OR19;;OCC;MCO;OK;29/02/2024;;E;C;T;;L3T;;;;;;;;;;;;;;;;
7783117;TERRITOIRE;FT 92014/235;7783117;;OR16;OR16;OR19;OR19;;OCC;MCO;OK;21/03/2024;;E;C;I;;S3T;;;;;;;;;;;;;;;;
7847991;TERRITOIRE;FT 94067/98;7847991;;OR16;OR16;OR19;OR19;;OCC;MCO;OK;07/04/2024;;E;C;I;;S4T;;;;;;;;;;;;;;;;
7830090;TERRITOIRE;FT 92019/713;7830090;;OR16;OR16;OR19;OR19;;OCC;MCO;OK;02/04/2024;;E;C;I;;S4T;;;;;;;;;;;;;;;;
7530560;TERRITOIRE;FT 93077/837;7530560;;OR16;OR16;OR19;OR19;;OCC;MCO;OK;01/02/2024;;E;C;T;;OHN;;;;;;;;;;;;;;;;
7566433;TERRITOIRE;FT 93046/806;7566433;;OR16;OR16;OR19;OR19;;OCC;MCO;OK;08/02/2024;;E;C;T;;OHN;;;;;;;;;;;;;;;;
7830112;TERRITOIRE;FT 92019/353;7830112;;OR16;OR16;OR19;OR19;;OCC;MCO;OK;02/04/2024;;E;C;I;;S4T;;;;;;;;;;;;;;;;
7850267;TERRITOIRE;FT 94022/878;7850267;;OR16;OR16;OR19;OR19;;OCC;MCO;OK;08/04/2024;;E;C;I;;L4T;;;;;;;;;;;;;;;;
7553617;TERRITOIRE;FT 92004/119;7553617;;OR16;OR16;OR19;OR19;;OCC;MCO;OK;06/02/2024;;E;C;T;;OHN;;;;;;;;;;;;;;;;
7635203;TERRITOIRE;FT 93072/474;7635203;;OR16;OR16;OR19;OR19;;OCC;MCO;OK;22/02/2024;;E;C;T;;OHN;;;;;;;;;;;;;;;;
7761329;TERRITOIRE;FT 93057/380;7761329;;OR16;OR16;OR19;OR19;;OCC;MCO;OK;18/03/2024;;E;C;T;;OHN;;;;;;;;;;;;;;;;
7771195;TERRITOIRE;FT 92002/3402;7771195;;OR16;OR16;OR19;OR19;;OCC;MCO;OK;20/03/2024;;E;C;T;;S3T;;;;;;;;;;;;;;;;
7883531;TERRITOIRE;FT 78646/809;7883531;;OR16;OR16;OR19;OR19;;OCC;MCO;OK;18/04/2024;;E;C;I;;A2T;;;;;;;;;;;;;;;;
7912646;TERRITOIRE;FT 94077/1229;7912646;;OR16;OR16;OR19;OR19;;OCC;MCO;OK;24/04/2024;;E;C;I;;L2T;;;;;;;;;;;;;;;;
7672630;TERRITOIRE;FT 93039/136;7672630;;OR16;OR16;OR19;OR19;;OCC;MCO;OK;29/02/2024;;E;C;T;;S4T;;;;;;;;;;;;;;;;
7811874;TERRITOIRE;FT 94081/174;7811874;;OR16;OR16;OR19;OR19;;OCC;MCO;OK;27/03/2024;;E;C;I;;L2T;;;;;;;;;;;;;;;;
7850265;TERRITOIRE;FT 94022/877;7850265;;OR16;OR16;OR19;OR19;;OCC;MCO;OK;08/04/2024;;E;C;I;;L2T;;;;;;;;;;;;;;;;
7905288;TERRITOIRE;FT 92051/1176;7905288;;OR16;OR16;OR19;OR19;;OCC;MCO;OK;23/04/2024;;E;C;I;;S3T;;;;;;;;;;;;;;;;
7838069;TERRITOIRE;FT 92025/1113;7838069;;OR16;OR16;OR19;OR19;;OCC;MCO;OK;04/04/2024;;E;C;I;;L2T;;;;;;;;;;;;;;;;
7672310;TERRITOIRE;FT 93029/208;7672310;;OR16;OR16;OR19;OR19;;OCC;MCO;OK;29/02/2024;;E;C;T;;OHN;;;;;;;;;;;;;;;;
7695998;TERRITOIRE;FT 93029/24;7695998;;OR16;OR16;OR19;OR19;;OCC;MCO;OK;06/03/2024;;E;C;T;;OHN;;;;;;;;;;;;;;;;
7803204;TERRITOIRE;FT 92007/277;7803204;;OR16;OR16;OR19;OR19;;OCC;MCO;OK;26/03/2024;;E;C;I;;OHN;;;;;;;;;;;;;;;;
7630118;TERRITOIRE;FT 93064/1418;7630118;;OR16;OR16;OR19;OR19;;OCC;MCO;OK;21/02/2024;;E;C;T;;OHN;;;;;;;;;;;;;;;;
7837745;TERRITOIRE;FT 92025/851;7837745;;OR16;OR16;OR19;OR19;;OCC;MCO;OK;04/04/2024;;E;C;I;;L3T;;;;;;;;;;;;;;;;
7783130;TERRITOIRE;FT 92014/228;7783130;;OR16;OR16;OR19;OR19;;OCC;MCO;OK;21/03/2024;;E;C;I;;S3T;;;;;;;;;;;;;;;;
7761281;TERRITOIRE;FT 93010/926;7761281;;OR16;OR16;OR19;OR19;;OCC;MCO;OK;18/03/2024;;E;C;T;;OHN;;;;;;;;;;;;;;;;
7672625;TERRITOIRE;FT 93039/151;7672625;;OR16;OR16;OR19;OR19;;OCC;MCO;OK;29/02/2024;;E;C;T;;OHN;;;;;;;;;;;;;;;;
7871357;TERRITOIRE;FT 94052/729;7871357;;OR16;OR16;OR19;OR19;;OCC;MCO;OK;16/04/2024;;E;C;I;;U6T;;;;;;;;;;;;;;;;
7763224;TERRITOIRE;FT 92036/832;7763224;;OR16;OR16;OR19;OR19;;OCC;MCO;OK;18/03/2024;;E;C;T;;S4T;;;;;;;;;;;;;;;;
7607409;TERRITOIRE;FT 92026/194;7607409;;OR16;OR16;OR19;OR19;;OCC;MCO;OK;14/02/2024;;E;C;T;;S3T;;;;;;;;;;;;;;;;
7803199;TERRITOIRE;FT 92020/1025;7803199;;OR16;OR16;OR19;OR19;;OCC;MCO;OK;26/03/2024;;E;C;I;;L2T;;;;;;;;;;;;;;;;
7542713;TERRITOIRE;FT 92024/1249;7542713;;OR16;OR16;OR19;OR19;;OCC;MCO;OK;02/02/2024;;E;C;T;;L2T;;;;;;;;;;;;;;;;
7915856;TERRITOIRE;FT 94018/461;7915856;;OR16;OR16;OR19;OR19;;OCC;MCO;OK;24/04/2024;;E;C;I;;OHN;;;;;;;;;;;;;;;;
7915847;TERRITOIRE;FT 94018/474;7915847;;OR16;OR16;OR19;OR19;;OCC;MCO;OK;24/04/2024;;E;C;I;;OHN;;;;;;;;;;;;;;;;
7679346;TERRITOIRE;FT 94046/830;7679346;;OR16;OR16;OR19;OR19;;OCC;MCO;OK;04/03/2024;;E;C;T;;OHN;;;;;;;;;;;;;;;;
7673586;TERRITOIRE;FT 94041/1348;7673586;;OR16;OR16;OR19;OR19;;OCC;MCO;OK;29/02/2024;;E;C;T;;L4T;;;;;;;;;;;;;;;;
7798421;TERRITOIRE;FT 92020/779;7798421;;OR16;OR16;OR19;OR19;;OCC;MCO;OK;25/03/2024;;E;C;I;;L1T;;;;;;;;;;;;;;;;
7566427;TERRITOIRE;FT 93046/584;7566427;;OR16;OR16;OR19;OR19;;OCC;MCO;OK;08/02/2024;;E;C;T;;L2T;;;;;;;;;;;;;;;;
7695987;TERRITOIRE;FT 93027/1320;7695987;;OR16;OR16;OR19;OR19;;OCC;MCO;OK;06/03/2024;;E;C;T;;OHN;;;;;;;;;;;;;;;;
7850259;TERRITOIRE;FT 94022/1083;7850259;;OR16;OR16;OR19;OR19;;OCC;MCO;OK;08/04/2024;;E;C;I;;L4T;;;;;;;;;;;;;;;;
7673587;TERRITOIRE;FT 94041/1824;7673587;;OR16;OR16;OR19;OR19;;OCC;MCO;OK;29/02/2024;;E;C;T;;L3T;;;;;;;;;;;;;;;;
7861447;TERRITOIRE;FT 94081/919;7861447;;OR16;OR16;OR19;OR19;;OCC;MCO;OK;12/04/2024;;E;C;I;;L4T;;;;;;;;;;;;;;;;
7859330;TERRITOIRE;FT 94068/2355;7859330;;OR16;OR16;OR19;OR19;;OCC;MCO;OK;11/04/2024;;E;C;I;;OHN;;;;;;;;;;;;;;;;
7696007;TERRITOIRE;FT 93029/86;7696007;;OR16;OR16;OR19;OR19;;OCC;MCO;OK;06/03/2024;;E;C;T;;OHN;;;;;;;;;;;;;;;;
7550711;TERRITOIRE;FT 92036/849;7550711;;OR16;OR16;OR19;OR19;;OCC;MCO;OK;06/02/2024;;E;C;T;;U6T;;;;;;;;;;;;;;;;
7568646;TERRITOIRE;FT 94046/465;7568646;;OR16;OR16;OR19;OR19;;OCC;MCO;OK;08/02/2024;;E;C;T;;OHN;;;;;;;;;;;;;;;;
7572145;TERRITOIRE;FT 94046/859;7572145;;OR16;OR16;OR19;OR19;;OCC;MCO;OK;09/02/2024;;E;C;T;;OHN;;;;;;;;;;;;;;;;
7859347;TERRITOIRE;FT 94068/1981;7859347;;OR16;OR16;OR19;OR19;;OCC;MCO;OK;11/04/2024;;E;C;I;;OHN;;;;;;;;;;;;;;;;
7761268;TERRITOIRE;FT 93057/156;7761268;;OR16;OR16;OR19;OR19;;OCC;MCO;OK;18/03/2024;;E;C;T;;S3T;;;;;;;;;;;;;;;;
7877142;TERRITOIRE;FT 92012/94;7877142;;OR16;OR16;OR19;OR19;;OCC;MCO;OK;17/04/2024;;E;C;I;;OHN;;;;;;;;;;;;;;;;
7533115;TERRITOIRE;FT 93072/319;7533115;;OR16;OR16;OR19;OR19;;OCC;MCO;OK;01/02/2024;;E;C;T;;L2T;;;;;;;;;;;;;;;;
7620487;TERRITOIRE;FT 93048/130;7620487;;OR16;OR16;OR19;OR19;;OCC;MCO;OK;19/02/2024;;E;C;T;;OHN;;;;;;;;;;;;;;;;
7850289;TERRITOIRE;FT 94022/1241;7850289;;OR16;OR16;OR19;OR19;;OCC;MCO;OK;08/04/2024;;E;C;I;;OHN;;;;;;;;;;;;;;;;
7651559;TERRITOIRE;FT 92036/1669;7651559;;OR16;OR16;OR19;OR19;;OCC;MCO;OK;26/02/2024;;E;C;T;;S4T;;;;;;;;;;;;;;;;
7859323;TERRITOIRE;FT 94068/1760;7859323;;OR16;OR16;OR19;OR19;;OCC;MCO;OK;11/04/2024;;E;C;I;;OHN;;;;;;;;;;;;;;;;
7963543;TERRITOIRE;FT 94043/29;7963543;;OR16;OR16;OR19;OR19;;OCC;MCO;OK;06/05/2024;;E;C;I;;L4T;;;;;;;;;;;;;;;;
7559033;TERRITOIRE;FT 93046/1159;7559033;;OR16;OR16;OR19;OR19;;OCC;MCO;OK;07/02/2024;;E;C;T;;A2;;;;;;;;;;;;;;;;
7630152;TERRITOIRE;FT 93064/1806;7630152;;OR16;OR16;OR19;OR19;;OCC;MCO;OK;21/02/2024;;E;C;T;;U7T;;;;;;;;;;;;;;;;
7607468;TERRITOIRE;FT 92026/414;7607468;;OR16;OR16;OR19;OR19;;OCC;MCO;OK;14/02/2024;;E;C;T;;S3T;;;;;;;;;;;;;;;;
7819825;TERRITOIRE;FT 94041/895;7819825;;OR16;OR16;OR19;OR19;;OCC;MCO;OK;28/03/2024;;E;C;I;;OHN;;;;;;;;;;;;;;;;
7761597;TERRITOIRE;FT 93010/519;7761597;;OR16;OR16;OR19;OR19;;OCC;MCO;OK;18/03/2024;;E;C;T;;OHN;;;;;;;;;;;;;;;;
7790076;TERRITOIRE;FT 93039/113;7790076;;OR16;OR16;OR19;OR19;;OCC;MCO;OK;22/03/2024;;E;C;I;;S4T;;;;;;;;;;;;;;;;
7800323;TERRITOIRE;FT 92075/623;7800323;;OR16;OR16;OR19;OR19;;OCC;MCO;OK;26/03/2024;;E;C;I;;S3T;;;;;;;;;;;;;;;;
7683536;TERRITOIRE;FT 93029/890;7683536;;OR16;OR16;OR19;OR19;;OCC;MCO;OK;04/03/2024;;E;C;T;;OHN;;;;;;;;;;;;;;;;
7838396;TERRITOIRE;FT 92009/871;7838396;;OR16;OR16;OR19;OR19;;OCC;MCO;OK;04/04/2024;;E;C;I;;S3T;;;;;;;;;;;;;;;;
7568323;TERRITOIRE;FT 94015/45;7568323;;OR16;OR16;OR19;OR19;;OCC;MCO;OK;08/02/2024;;E;C;T;;OHN;;;;;;;;;;;;;;;;
7635199;TERRITOIRE;FT 93072/572;7635199;;OR16;OR16;OR19;OR19;;OCC;MCO;OK;22/02/2024;;E;C;T;;OHN;;;;;;;;;;;;;;;;
7619838;TERRITOIRE;FT 93031/1343;7619838;;OR16;OR16;OR19;OR19;;OCC;MCO;OK;19/02/2024;;E;C;T;;L2T;;;;;;;;;;;;;;;;
7607398;TERRITOIRE;FT 92026/815;7607398;;OR16;OR16;OR19;OR19;;OCC;MCO;OK;14/02/2024;;E;C;T;;S4T;;;;;;;;;;;;;;;;
7902712;TERRITOIRE;FT 93048/1321;7902712;;OR16;OR16;OR19;OR19;;OCC;MCO;OK;23/04/2024;;E;C;I;;OHN;;;;;;;;;;;;;;;;
7714550;TERRITOIRE;FT 92004/2310;7714550;;OR16;OR16;OR19;OR19;;OCC;MCO;OK;08/03/2024;;E;C;T;;L5T;;;;;;;;;;;;;;;;
7763188;TERRITOIRE;FT 92004/886;7763188;;OR16;OR16;OR19;OR19;;OCC;MCO;OK;18/03/2024;;E;C;T;;K3C;;;;;;;;;;;;;;;;
7643197;TERRITOIRE;FT 93007/425;7643197;;OR16;OR16;OR19;OR19;;OCC;MCO;OK;23/02/2024;;E;C;T;;A2B;;;;;;;;;;;;;;;;
7856659;TERRITOIRE;FT 92019/301;7856659;;OR16;OR16;OR19;OR19;;OCC;MCO;OK;10/04/2024;;E;C;I;;S3T;;;;;;;;;;;;;;;;
7630093;TERRITOIRE;FT 93064/253;7630093;;OR16;OR16;OR19;OR19;;OCC;MCO;OK;21/02/2024;;E;C;T;;OHN;;;;;;;;;;;;;;;;
7838388;TERRITOIRE;FT 92009/4;7838388;;OR16;OR16;OR19;OR19;;OCC;MCO;OK;04/04/2024;;E;C;I;;S4T;;;;;;;;;;;;;;;;
7694070;TERRITOIRE;FT 92007/750;7694070;;OR16;OR16;OR19;OR19;;OCC;MCO;OK;06/03/2024;;E;C;T;;S3T;;;;;;;;;;;;;;;;
7530574;TERRITOIRE;FT 93077/1097;7530574;;OR16;OR16;OR19;OR19;;OCC;MCO;OK;01/02/2024;;E;C;T;;OHN;;;;;;;;;;;;;;;;
7876806;TERRITOIRE;FT 78640/1668;7876806;;OR16;OR16;OR19;OR19;;OCC;MCO;OK;17/04/2024;;E;C;I;;OHN;;;;;;;;;;;;;;;;
7594871;TERRITOIRE;FT 94002/228;7594871;;OR16;OR16;OR19;OR19;;OCC;MCO;OK;13/02/2024;;E;C;T;;L3T;;;;;;;;;;;;;;;;
7994567;TERRITOIRE;FT 93057/973;7994567;;OR16;OR16;OR19;OR19;;OCC;MCO;OK;13/05/2024;;E;C;I;;L4T;;;;;;;;;;;;;;;;
7877116;TERRITOIRE;FT 92012/1788;7877116;;OR16;OR16;OR19;OR19;;OCC;MCO;OK;17/04/2024;;E;C;I;;U6T;;;;;;;;;;;;;;;;
7568645;TERRITOIRE;FT 94046/464;7568645;;OR16;OR16;OR19;OR19;;OCC;MCO;OK;08/02/2024;;E;C;T;;S3T;;;;;;;;;;;;;;;;
7904960;TERRITOIRE;FT 92051/1168;7904960;;OR16;OR16;OR19;OR19;;OCC;MCO;OK;23/04/2024;;E;C;I;;L2T;;;;;;;;;;;;;;;;
7607463;TERRITOIRE;FT 92026/663;7607463;;OR16;OR16;OR19;OR19;;OCC;MCO;OK;14/02/2024;;E;C;T;;S3T;;;;;;;;;;;;;;;;
7607466;TERRITOIRE;FT 92026/140;7607466;;OR16;OR16;OR19;OR19;;OCC;MCO;OK;14/02/2024;;E;C;T;;S3T;;;;;;;;;;;;;;;;
7963513;TERRITOIRE;FT 94034/28;7963513;;OR16;OR16;OR19;OR19;;OCC;MCO;OK;06/05/2024;;E;C;I;;L3T;;;;;;;;;;;;;;;;
7594879;TERRITOIRE;FT 94002/120;7594879;;OR16;OR16;OR19;OR19;;OCC;MCO;OK;13/02/2024;;E;C;T;;U5T;;;;;;;;;;;;;;;;
7789190;TERRITOIRE;FT 93039/26;7789190;;OR16;OR16;OR19;OR19;;OCC;MCO;OK;22/03/2024;;E;C;I;;S3T;;;;;;;;;;;;;;;;
7655027;TERRITOIRE;FT 93027/223;7655027;;OR16;OR16;OR19;OR19;;OCC;MCO;OK;27/02/2024;;E;C;T;;S5T;;;;;;;;;;;;;;;;
8003516;TERRITOIRE;FT 94058/820;8003516;;OR16;OR16;OR19;OR19;;OCC;MCO;OK;15/05/2024;;E;C;I;;OHN;;;;;;;;;;;;;;;;
7912720;TERRITOIRE;FT 94077/602;7912720;;OR16;OR16;OR19;OR19;;OCC;MCO;OK;24/04/2024;;E;C;I;;L3T;;;;;;;;;;;;;;;;
7883839;TERRITOIRE;FT 78646/836;7883839;;OR16;OR16;OR19;OR19;;OCC;MCO;OK;18/04/2024;;E;C;I;;A2;;;;;;;;;;;;;;;;
7761293;TERRITOIRE;FT 93010/942;7761293;;OR16;OR16;OR19;OR19;;OCC;MCO;OK;18/03/2024;;E;C;T;;OHN;;;;;;;;;;;;;;;;
7683528;TERRITOIRE;FT 93029/929;7683528;;OR16;OR16;OR19;OR19;;OCC;MCO;OK;04/03/2024;;E;C;T;;OHN;;;;;;;;;;;;;;;;
7876800;TERRITOIRE;FT 92022/243;7876800;;OR16;OR16;OR19;OR19;;OCC;MCO;OK;17/04/2024;;E;C;I;;OHN;;;;;;;;;;;;;;;;
7856658;TERRITOIRE;FT 92019/170;7856658;;OR16;OR16;OR19;OR19;;OCC;MCO;OK;10/04/2024;;E;C;I;;OHN;;;;;;;;;;;;;;;;
7838094;TERRITOIRE;FT 92009/860;7838094;;OR16;OR16;OR19;OR19;;OCC;MCO;OK;04/04/2024;;E;C;I;;OHN;;;;;;;;;;;;;;;;
7876798;TERRITOIRE;FT 92022/221;7876798;;OR16;OR16;OR19;OR19;;OCC;MCO;OK;17/04/2024;;E;C;I;;A2;;;;;;;;;;;;;;;;
7607460;TERRITOIRE;FT 92026/219;7607460;;OR16;OR16;OR19;OR19;;OCC;MCO;OK;14/02/2024;;E;C;T;;S3T;;;;;;;;;;;;;;;;
7553589;TERRITOIRE;FT 92036/948;7553589;;OR16;OR16;OR19;OR19;;OCC;MCO;OK;06/02/2024;;E;C;T;;L2T;;;;;;;;;;;;;;;;
7572178;TERRITOIRE;FT 94028/356;7572178;;OR16;OR16;OR19;OR19;;OCC;MCO;OK;09/02/2024;;E;C;T;;OHN;;;;;;;;;;;;;;;;
7777135;TERRITOIRE;FT 92002/1090;7777135;;OR16;OR16;OR19;OR19;;OCC;MCO;OK;20/03/2024;;E;C;T;;S3T;;;;;;;;;;;;;;;;
7850274;TERRITOIRE;FT 94022/779;7850274;;OR16;OR16;OR19;OR19;;OCC;MCO;OK;08/04/2024;;E;C;I;;L4T;;;;;;;;;;;;;;;;
7850252;TERRITOIRE;FT 94022/941;7850252;;OR16;OR16;OR19;OR19;;OCC;MCO;OK;08/04/2024;;E;C;I;;OHN;;;;;;;;;;;;;;;;
7902713;TERRITOIRE;FT 93048/1499;7902713;;OR16;OR16;OR19;OR19;;OCC;MCO;OK;23/04/2024;;E;C;I;;OHN;;;;;;;;;;;;;;;;
7542745;TERRITOIRE;FT 92024/690;7542745;;OR16;OR16;OR19;OR19;;OCC;MCO;OK;02/02/2024;;E;C;T;;S3T;;;;;;;;;;;;;;;;
7859359;TERRITOIRE;FT 94068/2087;7859359;;OR16;OR16;OR19;OR19;;OCC;MCO;OK;11/04/2024;;E;C;I;;OHN;;;;;;;;;;;;;;;;
7559039;TERRITOIRE;FT 93046/1164;7559039;;OR16;OR16;OR19;OR19;;OCC;MCO;OK;07/02/2024;;E;C;T;;A2;;;;;;;;;;;;;;;;
7948820;TERRITOIRE;FT 94080/52;7948820;;OR16;OR16;OR19;OR19;;OCC;MCO;OK;02/05/2024;;E;C;I;;U5T;;;;;;;;;;;;;;;;
7603195;TERRITOIRE;FT 92025/1614;7603195;;OR16;OR16;OR19;OR19;;OCC;MCO;OK;14/02/2024;;E;C;T;;S4T;;;;;;;;;;;;;;;;
7991392;TERRITOIRE;FT 93077/681;7991392;;OR16;OR16;OR19;OR19;;OCC;MCO;OK;13/05/2024;;E;C;I;;OHN;;;;;;;;;;;;;;;;
7859321;TERRITOIRE;FT 94068/1751;7859321;;OR16;OR16;OR19;OR19;;OCC;MCO;OK;11/04/2024;;E;C;I;;OHN;;;;;;;;;;;;;;;;
7991038;TERRITOIRE;FT 93046/360;7991038;;OR16;OR16;OR19;OR19;;OCC;MCO;OK;13/05/2024;;E;C;I;;OHN;;;;;;;;;;;;;;;;
7750398;TERRITOIRE;FT 94028/1701;7750398;;OR16;OR16;OR19;OR19;;OCC;MCO;OK;15/03/2024;;E;C;T;;L6T;;;;;;;;;;;;;;;;
7883200;TERRITOIRE;FT 92012/1595;7883200;;OR16;OR16;OR19;OR19;;OCC;MCO;OK;18/04/2024;;E;C;I;;U6T;;;;;;;;;;;;;;;;
7530602;TERRITOIRE;FT 93010/367;7530602;;OR16;OR16;OR19;OR19;;OCC;MCO;OK;01/02/2024;;E;C;T;;OHN;;;;;;;;;;;;;;;;
7861433;TERRITOIRE;FT 94081/562;7861433;;OR16;OR16;OR19;OR19;;OCC;MCO;OK;12/04/2024;;E;C;I;;L3T;;;;;;;;;;;;;;;;
7609922;TERRITOIRE;FT 92026/1006;7609922;;OR16;OR16;OR19;OR19;;OCC;MCO;OK;15/02/2024;;E;C;T;;S4T;;;;;;;;;;;;;;;;
7859238;TERRITOIRE;FT 94068/713;7859238;;OR16;OR16;OR19;OR19;;OCC;MCO;OK;11/04/2024;;E;C;I;;OHN;;;;;;;;;;;;;;;;
7530237;TERRITOIRE;FT 93072/16;7530237;;OR16;OR16;OR19;OR19;;OCC;MCO;OK;01/02/2024;;E;C;T;;L4T;;;;;;;;;;;;;;;;
7838110;TERRITOIRE;FT 92009/369;7838110;;OR16;OR16;OR19;OR19;;OCC;MCO;OK;04/04/2024;;E;C;I;;U5T;;;;;;;;;;;;;;;;
7899838;TERRITOIRE;FT 78646/2753;7899838;;OR16;OR16;OR19;OR19;;OCC;MCO;OK;23/04/2024;;E;C;I;;L4T;;;;;;;;;;;;;;;;
7948800;TERRITOIRE;FT 93063/632;7948800;;OR16;OR16;OR19;OR19;;OCC;MCO;OK;02/05/2024;;E;C;I;;V6T;;;;;;;;;;;;;;;;
7783079;TERRITOIRE;FT 92002/2577;7783079;;OR16;OR16;OR19;OR19;;OCC;MCO;OK;21/03/2024;;E;C;I;;U5T;;;;;;;;;;;;;;;;
7876796;TERRITOIRE;FT 92022/256;7876796;;OR16;OR16;OR19;OR19;;OCC;MCO;OK;17/04/2024;;E;C;I;;A2B;;;;;;;;;;;;;;;;
7819839;TERRITOIRE;FT 94041/901;7819839;;OR16;OR16;OR19;OR19;;OCC;MCO;OK;28/03/2024;;E;C;I;;OHN;;;;;;;;;;;;;;;;
7827235;TERRITOIRE;FT 92046/1257;7827235;;OR16;OR16;OR19;OR19;;OCC;MCO;OK;02/04/2024;;E;C;I;;L2T;;;;;;;;;;;;;;;;
7645117;TERRITOIRE;FT 93008/1541;7645117;;OR16;OR16;OR19;OR19;;OCC;MCO;OK;23/02/2024;;E;C;T;;S4T;;;;;;;;;;;;;;;;
7672319;TERRITOIRE;FT 93066/156;7672319;;OR16;OR16;OR19;OR19;;OCC;MCO;OK;29/02/2024;;E;C;T;;OHN;;;;;;;;;;;;;;;;
7572164;TERRITOIRE;FT 94046/671;7572164;;OR16;OR16;OR19;OR19;;OCC;MCO;OK;09/02/2024;;E;C;T;;L0T;;;;;;;;;;;;;;;;
7915840;TERRITOIRE;FT 94018/281;7915840;;OR16;OR16;OR19;OR19;;OCC;MCO;OK;24/04/2024;;E;C;I;;OHN;;;;;;;;;;;;;;;;
7761278;TERRITOIRE;FT 93010/928;7761278;;OR16;OR16;OR19;OR19;;OCC;MCO;OK;18/03/2024;;E;C;T;;OHN;;;;;;;;;;;;;;;;
7861487;TERRITOIRE;FT 94081/359;7861487;;OR16;OR16;OR19;OR19;;OCC;MCO;OK;12/04/2024;;E;C;I;;L1T;;;;;;;;;;;;;;;;
7948811;TERRITOIRE;FT 93053/1137;7948811;;OR16;OR16;OR19;OR19;;OCC;MCO;OK;02/05/2024;;E;C;I;;L1T;;;;;;;;;;;;;;;;
7904954;TERRITOIRE;FT 92051/1243;7904954;;OR16;OR16;OR19;OR19;;OCC;MCO;OK;23/04/2024;;E;C;I;;S5T;;;;;;;;;;;;;;;;
7683842;TERRITOIRE;FT 93008/1384;7683842;;OR16;OR16;OR19;OR19;;OCC;MCO;OK;04/03/2024;;E;C;T;;L2T;;;;;;;;;;;;;;;;
7789113;TERRITOIRE;FT 92071/759;7789113;;OR16;OR16;OR19;OR19;;OCC;MCO;OK;22/03/2024;;E;C;I;;S3T;;;;;;;;;;;;;;;;
7859209;TERRITOIRE;FT 94068/564;7859209;;OR16;OR16;OR19;OR19;;OCC;MCO;OK;11/04/2024;;E;C;I;;OHN;;;;;;;;;;;;;;;;
7796195;TERRITOIRE;FT 93048/2097;7796195;;OR16;OR16;OR19;OR19;;OCC;MCO;OK;25/03/2024;;E;C;I;;U6T;;;;;;;;;;;;;;;;
7593516;TERRITOIRE;FT 94002/434;7593516;;OR16;OR16;OR19;OR19;;OCC;MCO;OK;13/02/2024;;E;C;T;;L6T;;;;;;;;;;;;;;;;
7876791;TERRITOIRE;FT 92022/242;7876791;;OR16;OR16;OR19;OR19;;OCC;MCO;OK;17/04/2024;;E;C;I;;L4T;;;;;;;;;;;;;;;;
7731524;TERRITOIRE;FT 94028/291;7731524;;OR16;OR16;OR19;OR19;;OCC;MCO;OK;13/03/2024;;E;C;T;;OHN;;;;;;;;;;;;;;;;
7795868;TERRITOIRE;FT 93048/1632;7795868;;OR16;OR16;OR19;OR19;;OCC;MCO;OK;25/03/2024;;E;C;I;;S4T;;;;;;;;;;;;;;;;
7604792;TERRITOIRE;FT 92025/158;7604792;;OR16;OR16;OR19;OR19;;OCC;MCO;OK;14/02/2024;;E;C;T;;S4T;;;;;;;;;;;;;;;;
7594889;TERRITOIRE;FT 94002/269;7594889;;OR16;OR16;OR19;OR19;;OCC;MCO;OK;13/02/2024;;E;C;T;;OHN;;;;;;;;;;;;;;;;
7837452;TERRITOIRE;FT 92025/280;7837452;;OR16;OR16;OR19;OR19;;OCC;MCO;OK;04/04/2024;;E;C;I;;S3T;;;;;;;;;;;;;;;;
7511348;TERRITOIRE;FT 93059/147;7511348;;OR16;OR16;OR19;OR19;;OCC;MCO;OK;30/01/2024;;E;C;T;;V6T;;;;;;;;;;;;;;;;
7800336;TERRITOIRE;FT 92075/50;7800336;;OR16;OR16;OR19;OR19;;OCC;MCO;OK;26/03/2024;;E;C;I;;S5T;;;;;;;;;;;;;;;;
7533120;TERRITOIRE;FT 93059/815;7533120;;OR16;OR16;OR19;OR19;;OCC;MCO;OK;01/02/2024;;E;C;T;;L2T;;;;;;;;;;;;;;;;
7850269;TERRITOIRE;FT 94022/798;7850269;;OR16;OR16;OR19;OR19;;OCC;MCO;OK;08/04/2024;;E;C;I;;L4T;;;;;;;;;;;;;;;;
7905275;TERRITOIRE;FT 92051/1314;7905275;;OR16;OR16;OR19;OR19;;OCC;MCO;OK;23/04/2024;;E;C;I;;S4T;;;;;;;;;;;;;;;;
7963516;TERRITOIRE;FT 94034/456;7963516;;OR16;OR16;OR19;OR19;;OCC;MCO;OK;06/05/2024;;E;C;I;;S1T;;;;;;;;;;;;;;;;
7912657;TERRITOIRE;FT 94077/462;7912657;;OR16;OR16;OR19;OR19;;OCC;MCO;OK;24/04/2024;;E;C;I;;L6T;;;;;;;;;;;;;;;;
7645114;TERRITOIRE;FT 93008/915;7645114;;OR16;OR16;OR19;OR19;;OCC;MCO;OK;23/02/2024;;E;C;T;;OHN;;;;;;;;;;;;;;;;
7568352;TERRITOIRE;FT 94002/540;7568352;;OR16;OR16;OR19;OR19;;OCC;MCO;OK;08/02/2024;;E;C;T;;L3T;;;;;;;;;;;;;;;;
7827214;TERRITOIRE;FT 92046/180;7827214;;OR16;OR16;OR19;OR19;;OCC;MCO;OK;02/04/2024;;E;C;I;;S4T;;;;;;;;;;;;;;;;
7651603;TERRITOIRE;FT 92036/1213;7651603;;OR16;OR16;OR19;OR19;;OCC;MCO;OK;26/02/2024;;E;C;T;;U4T;;;;;;;;;;;;;;;;
7861431;TERRITOIRE;FT 94041/1589;7861431;;OR16;OR16;OR19;OR19;;OCC;MCO;OK;12/04/2024;;E;C;I;;K3C;;;;;;;;;;;;;;;;
7789128;TERRITOIRE;FT 92071/394;7789128;;OR16;OR16;OR19;OR19;;OCC;MCO;OK;22/03/2024;;E;C;I;;U5T;;;;;;;;;;;;;;;;
7859369;TERRITOIRE;FT 94068/779;7859369;;OR16;OR16;OR19;OR19;;OCC;MCO;OK;11/04/2024;;E;C;I;;OHN;;;;;;;;;;;;;;;;
7850296;TERRITOIRE;FT 94022/1042;7850296;;OR16;OR16;OR19;OR19;;OCC;MCO;OK;08/04/2024;;E;C;I;;P1T;;;;;;;;;;;;;;;;
7530621;TERRITOIRE;FT 93010/345;7530621;;OR16;OR16;OR19;OR19;;OCC;MCO;OK;01/02/2024;;E;C;T;;S3T;;;;;;;;;;;;;;;;
7883510;TERRITOIRE;FT 78646/788;7883510;;OR16;OR16;OR19;OR19;;OCC;MCO;OK;18/04/2024;;E;C;I;;A2;;;;;;;;;;;;;;;;
7731189;TERRITOIRE;FT 94028/1731;7731189;;OR16;OR16;OR19;OR19;;OCC;MCO;OK;13/03/2024;;E;C;T;;L2T;;;;;;;;;;;;;;;;
7672308;TERRITOIRE;FT 93029/163;7672308;;OR16;OR16;OR19;OR19;;OCC;MCO;OK;29/02/2024;;E;C;T;;L4T;;;;;;;;;;;;;;;;
7603549;TERRITOIRE;FT 92035/822;7603549;;OR16;OR16;OR19;OR19;;OCC;MCO;OK;14/02/2024;;E;C;T;;S3T;;;;;;;;;;;;;;;;
7530619;TERRITOIRE;FT 93010/49;7530619;;OR16;OR16;OR19;OR19;;OCC;MCO;OK;01/02/2024;;E;C;T;;OHN;;;;;;;;;;;;;;;;
7609940;TERRITOIRE;FT 92026/701;7609940;;OR16;OR16;OR19;OR19;;OCC;MCO;OK;15/02/2024;;E;C;T;;U5T;;;;;;;;;;;;;;;;
7902724;TERRITOIRE;FT 94080/986;7902724;;OR16;OR16;OR19;OR19;;OCC;MCO;OK;23/04/2024;;E;C;I;;S4T;;;;;;;;;;;;;;;;
7522238;TERRITOIRE;FT 93010/690;7522238;;OR16;OR16;OR19;OR19;;OCC;MCO;OK;31/01/2024;;E;C;T;;A2;;;;;;;;;;;;;;;;
7655031;TERRITOIRE;FT 93027/196;7655031;;OR16;OR16;OR19;OR19;;OCC;MCO;OK;27/02/2024;;E;C;T;;OHN;;;;;;;;;;;;;;;;
7905909;TERRITOIRE;FT 92051/213;7905909;;OR16;OR16;OR19;OR19;;OCC;MCO;OK;23/04/2024;;E;C;I;;S3T;;;;;;;;;;;;;;;;
7887670;TERRITOIRE;FT 92073/715;7887670;;OR16;OR16;OR19;OR19;;OCC;MCO;OK;19/04/2024;;E;C;I;;S3T;;;;;;;;;;;;;;;;
7796171;TERRITOIRE;FT 93048/2284;7796171;;OR16;OR16;OR19;OR19;;OCC;MCO;OK;25/03/2024;;E;C;I;;OHN;;;;;;;;;;;;;;;;
7899871;TERRITOIRE;FT 78646/5835;7899871;;OR16;OR16;OR19;OR19;;OCC;MCO;OK;23/04/2024;;E;C;I;;OHN;;;;;;;;;;;;;;;;
7790391;TERRITOIRE;FT 93057/881;7790391;;OR16;OR16;OR19;OR19;;OCC;MCO;OK;22/03/2024;;E;C;I;;L3T;;;;;;;;;;;;;;;;
7906226;TERRITOIRE;FT 92051/212;7906226;;OR16;OR16;OR19;OR19;;OCC;MCO;OK;23/04/2024;;E;C;I;;S3T;;;;;;;;;;;;;;;;
7530564;TERRITOIRE;FT 93077/52;7530564;;OR16;OR16;OR19;OR19;;OCC;MCO;OK;01/02/2024;;E;C;T;;OHN;;;;;;;;;;;;;;;;
7991347;TERRITOIRE;FT 93077/589;7991347;;OR16;OR16;OR19;OR19;;OCC;MCO;OK;13/05/2024;;E;C;I;;OHN;;;;;;;;;;;;;;;;
7620496;TERRITOIRE;FT 93006/115;7620496;;OR16;OR16;OR19;OR19;;OCC;MCO;OK;19/02/2024;;E;C;T;;L6T;;;;;;;;;;;;;;;;
7783092;TERRITOIRE;FT 92002/2277;7783092;;OR16;OR16;OR19;OR19;;OCC;MCO;OK;21/03/2024;;E;C;I;;S4T;;;;;;;;;;;;;;;;
7827226;TERRITOIRE;FT 92046/709;7827226;;OR16;OR16;OR19;OR19;;OCC;MCO;OK;02/04/2024;;E;C;I;;L2T;;;;;;;;;;;;;;;;
7883842;TERRITOIRE;FT 78646/656;7883842;;OR16;OR16;OR19;OR19;;OCC;MCO;OK;18/04/2024;;E;C;I;;D3;;;;;;;;;;;;;;;;
7761608;TERRITOIRE;FT 93010/589;7761608;;OR16;OR16;OR19;OR19;;OCC;MCO;OK;18/03/2024;;E;C;T;;A2;;;;;;;;;;;;;;;;
7749751;TERRITOIRE;FT 94018/383;7749751;;OR16;OR16;OR19;OR19;;OCC;MCO;OK;15/03/2024;;E;C;T;;OHN;;;;;;;;;;;;;;;;
7826564;TERRITOIRE;FT 92046/767;7826564;;OR16;OR16;OR19;OR19;;OCC;MCO;OK;02/04/2024;;E;C;I;;S4T;;;;;;;;;;;;;;;;
7561595;TERRITOIRE;FT 93046/1209;7561595;;OR16;OR16;OR19;OR19;;OCC;MCO;OK;07/02/2024;;E;C;T;;L1T;;;;;;;;;;;;;;;;
7638089;TERRITOIRE;FT 93006/1045;7638089;;OR16;OR16;OR19;OR19;;OCC;MCO;OK;22/02/2024;;E;C;T;;L2T;;;;;;;;;;;;;;;;
7603199;TERRITOIRE;FT 92025/1463;7603199;;OR16;OR16;OR19;OR19;;OCC;MCO;OK;14/02/2024;;E;C;T;;S4T;;;;;;;;;;;;;;;;
7649275;TERRITOIRE;FT 92078/183;7649275;;OR16;OR16;OR19;OR19;;OCC;MCO;OK;26/02/2024;;E;C;T;;U4T;;;;;;;;;;;;;;;;
7651565;TERRITOIRE;FT 92036/1314;7651565;;OR16;OR16;OR19;OR19;;OCC;MCO;OK;26/02/2024;;E;C;T;;S3T;;;;;;;;;;;;;;;;
7646393;TERRITOIRE;FT 93029/947;7646393;;OR16;OR16;OR19;OR19;;OCC;MCO;OK;23/02/2024;;E;C;T;;L3T;;;;;;;;;;;;;;;;
7530554;TERRITOIRE;FT 93077/129;7530554;;OR16;OR16;OR19;OR19;;OCC;MCO;OK;01/02/2024;;E;C;T;;OHN;;;;;;;;;;;;;;;;
7630183;TERRITOIRE;FT 93064/1790;7630183;;OR16;OR16;OR19;OR19;;OCC;MCO;OK;21/02/2024;;E;C;T;;OHN;;;;;;;;;;;;;;;;
7905269;TERRITOIRE;FT 92051/1173;7905269;;OR16;OR16;OR19;OR19;;OCC;MCO;OK;23/04/2024;;E;C;I;;S3T;;;;;;;;;;;;;;;;
7859269;TERRITOIRE;FT 94068/1223;7859269;;OR16;OR16;OR19;OR19;;OCC;MCO;OK;11/04/2024;;E;C;I;;OHN;;;;;;;;;;;;;;;;
7566402;TERRITOIRE;FT 93005/1926;7566402;;OR16;OR16;OR19;OR19;;OCC;MCO;OK;08/02/2024;;E;C;T;;K1C;;;;;;;;;;;;;;;;
469441;TERRITOIRE;CHAMBRE FT 582;469441;;OR227;OR227;OR19;OR19;;OCC;MCO;OK;11/07/2013;;E;C;T;;L3T;;;;;;;;;;;;;;;;
2496319;TERRITOIRE;FRANCE TELECOM N??2454;2496319;;OR227;OR227;OR19;OR19;;OCC;MCO;OK;13/09/2018;;E;C;T;;HC;;;;;;;;;;;;;;;;
443201;TERRITOIRE;CH443201;443201;;OR16;OR16;OR19;OR19;;OCC;MCO;OK;21/06/2013;;E;C;T;;L3T;;;;;;;;;;;;;;;;
740497;TERRITOIRE;FT-268;740497;;OR227;OR227;OR19;OR19;;OCC;MCO;OK;09/01/2014;;E;C;T;;HC;;;;;;;;;;;;;;;;
2646713;TERRITOIRE;FRANCE TELECOM 93059/7;2646713;;OR227;OR227;OR19;OR19;;OCC;MCO;OK;06/02/2019;;E;C;T;;HC;;;;;;;;;;;;;;;;
7855703;TERRITOIRE;FT 92060/124;7855703;;OR16;OR16;OR19;OR19;;OCC;MCO;OK;10/04/2024;;E;C;I;;L2T;;;;;;;;;;;;;;;;
7847998;TERRITOIRE;FT 94067/179;7847998;;OR16;OR16;OR19;OR19;;OCC;MCO;OK;07/04/2024;;E;C;I;;OHN;;;;;;;;;;;;;;;;
7654782;TERRITOIRE;FT 93007/1165;7654782;;OR16;OR16;OR19;OR19;;OCC;MCO;OK;27/02/2024;;E;C;T;;M2T;;;;;;;;;;;;;;;;
1536003;TERRITOIRE;FRANCE TELECOM 350;1536003;;OR227;OR227;OR19;OR19;;OCC;MCO;OK;19/10/2015;;E;C;T;;L2T;;;;;;;;;;;;;;;;
469443;TERRITOIRE;CHAMBRE FT 02B 4 RUE ADOLPHE SANNIER;469443;;OR227;OR227;OR19;OR19;;OCC;MCO;OK;11/07/2013;;E;C;T;;L4T;;;;;;;;;;;;;;;;
2646712;TERRITOIRE;FRANCE TELECOM 93059/9;2646712;;OR227;OR227;OR19;OR19;;OCC;MCO;OK;06/02/2019;;E;C;T;;L3T;;;;;;;;;;;;;;;;
1065923;TERRITOIRE;FT - 92 AV DE L'AERODROME (ORLY);1065923;;OR227;OR227;OR19;OR19;;OCC;MCO;OK;24/07/2014;;E;C;T;;L3T;;;;;;;;;;;;;;;;
1145921;TERRITOIRE;FRANCE TELECOM 1519;1145921;;OR227;OR227;OR19;OR19;;OCC;MCO;OK;02/10/2014;;E;C;T;;L3T;;;;;;;;;;;;;;;;
335042;TERRITOIRE;FRANCE TELECOM III - FT_256;335042;;OR227;OR227;OR19;OR19;;OCC;MCO;OK;15/04/2013;;E;C;R;;OHN;;;;;;;;;;;;;;;;
638721;TERRITOIRE;CH638721;638721;;;;OR19;OR19;;OCC;MCO;OK;16/10/2013;;E;C;T;;L3T;;;;;;;;;;;;;;;;
335041;TERRITOIRE;FRANCE TELECOM II - FT_288;335041;;OR227;OR227;OR19;OR19;;OCC;MCO;OK;15/04/2013;;E;C;R;;OHN;;;;;;;;;;;;;;;;
7871364;TERRITOIRE;FT 94052/393;7871364;;OR16;OR16;OR19;OR19;;OCC;MCO;OK;16/04/2024;;E;C;I;;S4T;;;;;;;;;;;;;;;;
7542721;TERRITOIRE;FT 92024/638;7542721;;OR16;OR16;OR19;OR19;;OCC;MCO;OK;02/02/2024;;E;C;T;;S5T;;;;;;;;;;;;;;;;
7840963;TERRITOIRE;FT 92009/960;7840963;;OR16;OR16;OR19;OR19;;OCC;MCO;OK;04/04/2024;;E;C;I;;S4T;;;;;;;;;;;;;;;;
7565432;TERRITOIRE;FT 94015/311;7565432;;OR16;OR16;OR19;OR19;;OCC;MCO;OK;08/02/2024;;E;C;T;;OHN;;;;;;;;;;;;;;;;
7904959;TERRITOIRE;FT 92051/1172;7904959;;OR16;OR16;OR19;OR19;;OCC;MCO;OK;23/04/2024;;E;C;I;;OHN;;;;;;;;;;;;;;;;
7912663;TERRITOIRE;FT 94077/846;7912663;;OR16;OR16;OR19;OR19;;OCC;MCO;OK;24/04/2024;;E;C;I;;L3T;;;;;;;;;;;;;;;;
7926389;TERRITOIRE;FT 94038/4;7926389;;OR16;OR16;OR19;OR19;;OCC;MCO;OK;26/04/2024;;E;C;I;;L2T;;;;;;;;;;;;;;;;
7911037;TERRITOIRE;FT 94077/882;7911037;;OR16;OR16;OR19;OR19;;OCC;MCO;OK;24/04/2024;;E;C;I;;K3C;;;;;;;;;;;;;;;;
7519692;TERRITOIRE;FT 94033/504;7519692;;OR16;OR16;OR19;OR19;;OCC;MCO;OK;31/01/2024;;E;C;T;;OHN;;;;;;;;;;;;;;;;
7761600;TERRITOIRE;FT 93057/215;7761600;;OR16;OR16;OR19;OR19;;OCC;MCO;OK;18/03/2024;;E;C;T;;OHN;;;;;;;;;;;;;;;;
7530561;TERRITOIRE;FT 93077/842;7530561;;OR16;OR16;OR19;OR19;;OCC;MCO;OK;01/02/2024;;E;C;T;;A2;;;;;;;;;;;;;;;;
7654747;TERRITOIRE;FT 93055/802;7654747;;OR16;OR16;OR19;OR19;;OCC;MCO;OK;27/02/2024;;E;C;T;;INC;;;;;;;;;;;;;;;;
7654756;TERRITOIRE;FT 93007/973;7654756;;OR16;OR16;OR19;OR19;;OCC;MCO;OK;27/02/2024;;E;C;T;;OHN;;;;;;;;;;;;;;;;
7912671;TERRITOIRE;FT 94077/102;7912671;;OR16;OR16;OR19;OR19;;OCC;MCO;OK;24/04/2024;;E;C;I;;L2T;;;;;;;;;;;;;;;;
7859188;TERRITOIRE;FT 94068/2674;7859188;;OR16;OR16;OR19;OR19;;OCC;MCO;OK;11/04/2024;;E;C;I;;OHN;;;;;;;;;;;;;;;;
7570876;TERRITOIRE;FT 94017/360;7570876;;OR16;OR16;OR19;OR19;;OCC;MCO;OK;09/02/2024;;E;C;T;;OHN;;;;;;;;;;;;;;;;
7991350;TERRITOIRE;FT 93077/687;7991350;;OR16;OR16;OR19;OR19;;OCC;MCO;OK;13/05/2024;;E;C;I;;S3T;;;;;;;;;;;;;;;;
7615032;TERRITOIRE;FT 93048/2331;7615032;;OR16;OR16;OR19;OR19;;OCC;MCO;OK;16/02/2024;;E;C;T;;OHN;;;;;;;;;;;;;;;;
7827193;TERRITOIRE;FT 92046/567;7827193;;OR16;OR16;OR19;OR19;;OCC;MCO;OK;02/04/2024;;E;C;I;;L2T;;;;;;;;;;;;;;;;
7519739;TERRITOIRE;FT 94033/475;7519739;;OR16;OR16;OR19;OR19;;OCC;MCO;OK;31/01/2024;;E;C;T;;OHN;;;;;;;;;;;;;;;;
7615667;TERRITOIRE;FT 94033/1089;7615667;;OR16;OR16;OR19;OR19;;OCC;MCO;OK;16/02/2024;;E;C;T;;OHN;;;;;;;;;;;;;;;;
7540797;TERRITOIRE;FT 93001/2080;7540797;;OR16;OR16;OR19;OR19;;OCC;MCO;OK;02/02/2024;;E;C;T;;P5T;;;;;;;;;;;;;;;;
7811856;TERRITOIRE;FT 94081/1282;7811856;;OR16;OR16;OR19;OR19;;OCC;MCO;OK;27/03/2024;;E;C;I;;OHN;;;;;;;;;;;;;;;;
7561602;TERRITOIRE;FT 93046/1026;7561602;;OR16;OR16;OR19;OR19;;OCC;MCO;OK;07/02/2024;;E;C;T;;OHN;;;;;;;;;;;;;;;;
7777136;TERRITOIRE;FT 92002/666;7777136;;OR16;OR16;OR19;OR19;;OCC;MCO;OK;20/03/2024;;E;C;T;;S3T;;;;;;;;;;;;;;;;
7522240;TERRITOIRE;FT 93010/692;7522240;;OR16;OR16;OR19;OR19;;OCC;MCO;OK;31/01/2024;;E;C;T;;A2B;;;;;;;;;;;;;;;;
7749746;TERRITOIRE;FT 94069/105;7749746;;OR16;OR16;OR19;OR19;;OCC;MCO;OK;15/03/2024;;E;C;T;;L3T;;;;;;;;;;;;;;;;
7905907;TERRITOIRE;FT 92051/912;7905907;;OR16;OR16;OR19;OR19;;OCC;MCO;OK;23/04/2024;;E;C;I;;S3T;;;;;;;;;;;;;;;;
7635200;TERRITOIRE;FT 93072/1214;7635200;;OR16;OR16;OR19;OR19;;OCC;MCO;OK;22/02/2024;;E;C;T;;L5T;;;;;;;;;;;;;;;;
7859268;TERRITOIRE;FT 94068/1222;7859268;;OR16;OR16;OR19;OR19;;OCC;MCO;OK;11/04/2024;;E;C;I;;OHN;;;;;;;;;;;;;;;;
7782717;TERRITOIRE;FT 92032/379;7782717;;OR16;OR16;OR19;OR19;;OCC;MCO;OK;21/03/2024;;E;C;I;;L0T;;;;;;;;;;;;;;;;
7838073;TERRITOIRE;FT 92025/377;7838073;;OR16;OR16;OR19;OR19;;OCC;MCO;OK;04/04/2024;;E;C;I;;S3T;;;;;;;;;;;;;;;;
7850234;TERRITOIRE;FT 94022/867;7850234;;OR16;OR16;OR19;OR19;;OCC;MCO;OK;08/04/2024;;E;C;I;;L2T;;;;;;;;;;;;;;;;
7827253;TERRITOIRE;FT 92046/105;7827253;;OR16;OR16;OR19;OR19;;OCC;MCO;OK;02/04/2024;;E;C;I;;S4T;;;;;;;;;;;;;;;;
7859336;TERRITOIRE;FT 94068/2296;7859336;;OR16;OR16;OR19;OR19;;OCC;MCO;OK;11/04/2024;;E;C;I;;OHN;;;;;;;;;;;;;;;;
7819862;TERRITOIRE;FT 94081/1543;7819862;;OR16;OR16;OR19;OR19;;OCC;MCO;OK;28/03/2024;;E;C;I;;L4T;;;;;;;;;;;;;;;;
7750401;TERRITOIRE;FT 94028/1691;7750401;;OR16;OR16;OR19;OR19;;OCC;MCO;OK;15/03/2024;;E;C;T;;L2T;;;;;;;;;;;;;;;;
7899892;TERRITOIRE;FT 78646/4473;7899892;;OR16;OR16;OR19;OR19;;OCC;MCO;OK;23/04/2024;;E;C;I;;OHN;;;;;;;;;;;;;;;;
7637431;TERRITOIRE;FT 94033/261;7637431;;OR16;OR16;OR19;OR19;;OCC;MCO;OK;22/02/2024;;E;C;T;;OHN;;;;;;;;;;;;;;;;
7847994;TERRITOIRE;FT 94067/101;7847994;;OR16;OR16;OR19;OR19;;OCC;MCO;OK;07/04/2024;;E;C;I;;OHN;;;;;;;;;;;;;;;;
7594887;TERRITOIRE;FT 94002/119;7594887;;OR16;OR16;OR19;OR19;;OCC;MCO;OK;13/02/2024;;E;C;T;;S4T;;;;;;;;;;;;;;;;
7859388;TERRITOIRE;FT 94068/2847;7859388;;OR16;OR16;OR19;OR19;;OCC;MCO;OK;11/04/2024;;E;C;I;;OHN;;;;;;;;;;;;;;;;
7761920;TERRITOIRE;FT 92036/833;7761920;;OR16;OR16;OR19;OR19;;OCC;MCO;OK;18/03/2024;;E;C;T;;S4T;;;;;;;;;;;;;;;;
7714608;TERRITOIRE;FT 92004/2018;7714608;;OR16;OR16;OR19;OR19;;OCC;MCO;OK;08/03/2024;;E;C;T;;OHN;;;;;;;;;;;;;;;;
7632310;TERRITOIRE;FT 93031/1312;7632310;;OR16;OR16;OR19;OR19;;OCC;MCO;OK;21/02/2024;;E;C;T;;L5T;;;;;;;;;;;;;;;;
7654787;TERRITOIRE;FT 93010/1046;7654787;;OR16;OR16;OR19;OR19;;OCC;MCO;OK;27/02/2024;;E;C;T;;OHN;;;;;;;;;;;;;;;;
7605747;TERRITOIRE;FT 92025/1111;7605747;;OR16;OR16;OR19;OR19;;OCC;MCO;OK;14/02/2024;;E;C;T;;OHN;;;;;;;;;;;;;;;;
7861445;TERRITOIRE;FT 94081/2220;7861445;;OR16;OR16;OR19;OR19;;OCC;MCO;OK;12/04/2024;;E;C;I;;L2T;;;;;;;;;;;;;;;;
7530571;TERRITOIRE;FT 93077/40;7530571;;OR16;OR16;OR19;OR19;;OCC;MCO;OK;01/02/2024;;E;C;T;;A2;;;;;;;;;;;;;;;;
7859346;TERRITOIRE;FT 94068/1968;7859346;;OR16;OR16;OR19;OR19;;OCC;MCO;OK;11/04/2024;;E;C;I;;OHN;;;;;;;;;;;;;;;;
7883509;TERRITOIRE;FT 78646/792;7883509;;OR16;OR16;OR19;OR19;;OCC;MCO;OK;18/04/2024;;E;C;I;;OHN;;;;;;;;;;;;;;;;
7782734;TERRITOIRE;FT 92002/1816;7782734;;OR16;OR16;OR19;OR19;;OCC;MCO;OK;21/03/2024;;E;C;I;;S3T;;;;;;;;;;;;;;;;
7991050;TERRITOIRE;FT 93057/811;7991050;;OR16;OR16;OR19;OR19;;OCC;MCO;OK;13/05/2024;;E;C;I;;OHN;;;;;;;;;;;;;;;;
7871375;TERRITOIRE;FT 94052/768;7871375;;OR16;OR16;OR19;OR19;;OCC;MCO;OK;16/04/2024;;E;C;I;;OHN;;;;;;;;;;;;;;;;
7850294;TERRITOIRE;FT 94022/1040;7850294;;OR16;OR16;OR19;OR19;;OCC;MCO;OK;08/04/2024;;E;C;I;;OHN;;;;;;;;;;;;;;;;
7541472;TERRITOIRE;FT 93001/518;7541472;;OR16;OR16;OR19;OR19;;OCC;MCO;OK;02/02/2024;;E;C;T;;U6T;;;;;;;;;;;;;;;;
7826567;TERRITOIRE;FT 92046/781;7826567;;OR16;OR16;OR19;OR19;;OCC;MCO;OK;02/04/2024;;E;C;I;;M1C;;;;;;;;;;;;;;;;
7683551;TERRITOIRE;FT 93029/1244;7683551;;OR16;OR16;OR19;OR19;;OCC;MCO;OK;04/03/2024;;E;C;T;;OHN;;;;;;;;;;;;;;;;
7899839;TERRITOIRE;FT 78646/4788;7899839;;OR16;OR16;OR19;OR19;;OCC;MCO;OK;23/04/2024;;E;C;I;;OHN;;;;;;;;;;;;;;;;
7994546;TERRITOIRE;FT 93057/774;7994546;;OR16;OR16;OR19;OR19;;OCC;MCO;OK;13/05/2024;;E;C;I;;OHN;;;;;;;;;;;;;;;;
7832635;TERRITOIRE;FT 94059/29;7832635;;OR16;OR16;OR19;OR19;;OCC;MCO;OK;03/04/2024;;E;C;I;;OHN;;;;;;;;;;;;;;;;
7543026;TERRITOIRE;FT 93066/2165;7543026;;OR16;OR16;OR19;OR19;;OCC;MCO;OK;02/02/2024;;E;C;T;;S4T;;;;;;;;;;;;;;;;
7838415;TERRITOIRE;FT 92009/239;7838415;;OR16;OR16;OR19;OR19;;OCC;MCO;OK;04/04/2024;;E;C;I;;S3T;;;;;;;;;;;;;;;;
7638079;TERRITOIRE;FT 94033/853;7638079;;OR16;OR16;OR19;OR19;;OCC;MCO;OK;22/02/2024;;E;C;T;;OHN;;;;;;;;;;;;;;;;
7594884;TERRITOIRE;FT 94002/175;7594884;;OR16;OR16;OR19;OR19;;OCC;MCO;OK;13/02/2024;;E;C;T;;OHN;;;;;;;;;;;;;;;;
7750413;TERRITOIRE;FT 94028/1779;7750413;;OR16;OR16;OR19;OR19;;OCC;MCO;OK;15/03/2024;;E;C;T;;L2T;;;;;;;;;;;;;;;;
7782712;TERRITOIRE;FT 92032/99;7782712;;OR16;OR16;OR19;OR19;;OCC;MCO;OK;21/03/2024;;E;C;I;;S4T;;;;;;;;;;;;;;;;
7871353;TERRITOIRE;FT 94052/819;7871353;;OR16;OR16;OR19;OR19;;OCC;MCO;OK;16/04/2024;;E;C;I;;S3T;;;;;;;;;;;;;;;;
7750391;TERRITOIRE;FT 94028/1946;7750391;;OR16;OR16;OR19;OR19;;OCC;MCO;OK;15/03/2024;;E;C;T;;L3T;;;;;;;;;;;;;;;;
7876845;TERRITOIRE;FT 92012/1749;7876845;;OR16;OR16;OR19;OR19;;OCC;MCO;OK;17/04/2024;;E;C;I;;S4T;;;;;;;;;;;;;;;;
7683514;TERRITOIRE;FT 93029/841;7683514;;OR16;OR16;OR19;OR19;;OCC;MCO;OK;04/03/2024;;E;C;T;;OHN;;;;;;;;;;;;;;;;
7899881;TERRITOIRE;FT 78646/3337;7899881;;OR16;OR16;OR19;OR19;;OCC;MCO;OK;23/04/2024;;E;C;I;;D4;;;;;;;;;;;;;;;;
7654796;TERRITOIRE;FT 93057/76;7654796;;OR16;OR16;OR19;OR19;;OCC;MCO;OK;27/02/2024;;E;C;T;;OHN;;;;;;;;;;;;;;;;
7604791;TERRITOIRE;FT 92025/2365;7604791;;OR16;OR16;OR19;OR19;;OCC;MCO;OK;14/02/2024;;E;C;T;;L3T;;;;;;;;;;;;;;;;
7912676;TERRITOIRE;FT 94077/512;7912676;;OR16;OR16;OR19;OR19;;OCC;MCO;OK;24/04/2024;;E;C;I;;OHN;;;;;;;;;;;;;;;;
7604471;TERRITOIRE;FT 92025/1947;7604471;;OR16;OR16;OR19;OR19;;OCC;MCO;OK;14/02/2024;;E;C;T;;S4T;;;;;;;;;;;;;;;;
7782733;TERRITOIRE;FT 92002/1817;7782733;;OR16;OR16;OR19;OR19;;OCC;MCO;OK;21/03/2024;;E;C;I;;U4T;;;;;;;;;;;;;;;;
7782716;TERRITOIRE;FT 92032/87;7782716;;OR16;OR16;OR19;OR19;;OCC;MCO;OK;21/03/2024;;E;C;I;;OHN;;;;;;;;;;;;;;;;
8007036;TERRITOIRE;FT 94058/733;8007036;;OR16;OR16;OR19;OR19;;OCC;MCO;OK;15/05/2024;;E;C;I;;OHN;;;;;;;;;;;;;;;;
7838398;TERRITOIRE;FT 92009/269;7838398;;OR16;OR16;OR19;OR19;;OCC;MCO;OK;04/04/2024;;E;C;I;;S4T;;;;;;;;;;;;;;;;
7991400;TERRITOIRE;FT 93010/818;7991400;;OR16;OR16;OR19;OR19;;OCC;MCO;OK;13/05/2024;;E;C;I;;OHN;;;;;;;;;;;;;;;;
7530570;TERRITOIRE;FT 93077/38;7530570;;OR16;OR16;OR19;OR19;;OCC;MCO;OK;01/02/2024;;E;C;T;;OHN;;;;;;;;;;;;;;;;
7883202;TERRITOIRE;FT 92012/2097;7883202;;OR16;OR16;OR19;OR19;;OCC;MCO;OK;18/04/2024;;E;C;I;;S3T;;;;;;;;;;;;;;;;
7830401;TERRITOIRE;FT 92019/238;7830401;;OR16;OR16;OR19;OR19;;OCC;MCO;OK;02/04/2024;;E;C;I;;L1T;;;;;;;;;;;;;;;;
7603542;TERRITOIRE;FT 92035/30;7603542;;OR16;OR16;OR19;OR19;;OCC;MCO;OK;14/02/2024;;E;C;T;;S4T;;;;;;;;;;;;;;;;
7566458;TERRITOIRE;FT 93046/1536;7566458;;OR16;OR16;OR19;OR19;;OCC;MCO;OK;08/02/2024;;E;C;T;;L1T;;;;;;;;;;;;;;;;
7800335;TERRITOIRE;FT 92075/122;7800335;;OR16;OR16;OR19;OR19;;OCC;MCO;OK;26/03/2024;;E;C;I;;S6T;;;;;;;;;;;;;;;;
7859377;TERRITOIRE;FT 94068/2833;7859377;;OR16;OR16;OR19;OR19;;OCC;MCO;OK;11/04/2024;;E;C;I;;S3T;;;;;;;;;;;;;;;;
7837769;TERRITOIRE;FT 92025/533;7837769;;OR16;OR16;OR19;OR19;;OCC;MCO;OK;04/04/2024;;E;C;I;;L4T;;;;;;;;;;;;;;;;
7850235;TERRITOIRE;FT 94022/1271;7850235;;OR16;OR16;OR19;OR19;;OCC;MCO;OK;08/04/2024;;E;C;I;;L2T;;;;;;;;;;;;;;;;
7906552;TERRITOIRE;FT 92051/1597;7906552;;OR16;OR16;OR19;OR19;;OCC;MCO;OK;23/04/2024;;E;C;I;;P6C;;;;;;;;;;;;;;;;
7522237;TERRITOIRE;FT 93010/710;7522237;;OR16;OR16;OR19;OR19;;OCC;MCO;OK;31/01/2024;;E;C;T;;OHN;;;;;;;;;;;;;;;;
7798429;TERRITOIRE;FT 92020/755;7798429;;OR16;OR16;OR19;OR19;;OCC;MCO;OK;25/03/2024;;E;C;I;;S4T;;;;;;;;;;;;;;;;
7554233;TERRITOIRE;FT 92078/382;7554233;;OR16;OR16;OR19;OR19;;OCC;MCO;OK;06/02/2024;;E;C;T;;S4T;;;;;;;;;;;;;;;;
7973748;TERRITOIRE;FT 95063/508;7973748;;OR16;OR16;OR19;OR19;;OCC;MCO;OK;07/05/2024;;E;C;I;;OHN;;;;;;;;;;;;;;;;
7906239;TERRITOIRE;FT 92051/512;7906239;;OR16;OR16;OR19;OR19;;OCC;MCO;OK;23/04/2024;;E;C;I;;S5T;;;;;;;;;;;;;;;;
7782721;TERRITOIRE;FT 92032/98;7782721;;OR16;OR16;OR19;OR19;;OCC;MCO;OK;21/03/2024;;E;C;I;;S3T;;;;;;;;;;;;;;;;
7859319;TERRITOIRE;FT 94068/777;7859319;;OR16;OR16;OR19;OR19;;OCC;MCO;OK;11/04/2024;;E;C;I;;OHN;;;;;;;;;;;;;;;;
7654752;TERRITOIRE;FT 93007/900;7654752;;OR16;OR16;OR19;OR19;;OCC;MCO;OK;27/02/2024;;E;C;T;;OHN;;;;;;;;;;;;;;;;
7838416;TERRITOIRE;FT 92009/865;7838416;;OR16;OR16;OR19;OR19;;OCC;MCO;OK;04/04/2024;;E;C;I;;S3T;;;;;;;;;;;;;;;;
7915826;TERRITOIRE;FT 94018/356;7915826;;OR16;OR16;OR19;OR19;;OCC;MCO;OK;24/04/2024;;E;C;I;;OHN;;;;;;;;;;;;;;;;
7607452;TERRITOIRE;FT 92026/376;7607452;;OR16;OR16;OR19;OR19;;OCC;MCO;OK;14/02/2024;;E;C;T;;S3T;;;;;;;;;;;;;;;;
7789121;TERRITOIRE;FT 92071/364;7789121;;OR16;OR16;OR19;OR19;;OCC;MCO;OK;22/03/2024;;E;C;I;;OHN;;;;;;;;;;;;;;;;
7883523;TERRITOIRE;FT 78646/791;7883523;;OR16;OR16;OR19;OR19;;OCC;MCO;OK;18/04/2024;;E;C;I;;A2;;;;;;;;;;;;;;;;
7651608;TERRITOIRE;FT 92036/1179;7651608;;OR16;OR16;OR19;OR19;;OCC;MCO;OK;26/02/2024;;E;C;T;;S4T;;;;;;;;;;;;;;;;
7811871;TERRITOIRE;FT 94081/173;7811871;;OR16;OR16;OR19;OR19;;OCC;MCO;OK;27/03/2024;;E;C;I;;OHN;;;;;;;;;;;;;;;;
7714600;TERRITOIRE;FT 92004/2092;7714600;;OR16;OR16;OR19;OR19;;OCC;MCO;OK;08/03/2024;;E;C;T;;S4T;;;;;;;;;;;;;;;;
7782711;TERRITOIRE;FT 92032/101;7782711;;OR16;OR16;OR19;OR19;;OCC;MCO;OK;21/03/2024;;E;C;I;;S3T;;;;;;;;;;;;;;;;
7837431;TERRITOIRE;FT 92025/125;7837431;;OR16;OR16;OR19;OR19;;OCC;MCO;OK;04/04/2024;;E;C;I;;S1T;;;;;;;;;;;;;;;;
7991379;TERRITOIRE;FT 93077/648;7991379;;OR16;OR16;OR19;OR19;;OCC;MCO;OK;13/05/2024;;E;C;I;;OHN;;;;;;;;;;;;;;;;
7850316;TERRITOIRE;FT 94022/731;7850316;;OR16;OR16;OR19;OR19;;OCC;MCO;OK;08/04/2024;;E;C;I;;L4T;;;;;;;;;;;;;;;;
7519700;TERRITOIRE;FT 94033/361;7519700;;OR16;OR16;OR19;OR19;;OCC;MCO;OK;31/01/2024;;E;C;T;;OHN;;;;;;;;;;;;;;;;
7549755;TERRITOIRE;FT 92078/372;7549755;;OR16;OR16;OR19;OR19;;OCC;MCO;OK;06/02/2024;;E;C;T;;S4T;;;;;;;;;;;;;;;;
7871372;TERRITOIRE;FT 94052/763;7871372;;OR16;OR16;OR19;OR19;;OCC;MCO;OK;16/04/2024;;E;C;I;;OHN;;;;;;;;;;;;;;;;
7777124;TERRITOIRE;FT 92002/665;7777124;;OR16;OR16;OR19;OR19;;OCC;MCO;OK;20/03/2024;;E;C;T;;OHN;;;;;;;;;;;;;;;;
7542712;TERRITOIRE;FT 92024/1248;7542712;;OR16;OR16;OR19;OR19;;OCC;MCO;OK;02/02/2024;;E;C;T;;L3T;;;;;;;;;;;;;;;;
7912724;TERRITOIRE;FT 94077/620;7912724;;OR16;OR16;OR19;OR19;;OCC;MCO;OK;24/04/2024;;E;C;I;;K2C;;;;;;;;;;;;;;;;
7607394;TERRITOIRE;FT 92026/776;7607394;;OR16;OR16;OR19;OR19;;OCC;MCO;OK;14/02/2024;;E;C;T;;V5T;;;;;;;;;;;;;;;;
7926393;TERRITOIRE;FT 94076/1686;7926393;;OR16;OR16;OR19;OR19;;OCC;MCO;OK;26/04/2024;;E;C;I;;L3T;;;;;;;;;;;;;;;;
7827222;TERRITOIRE;FT 92046/620;7827222;;OR16;OR16;OR19;OR19;;OCC;MCO;OK;02/04/2024;;E;C;I;;L2T;;;;;;;;;;;;;;;;
7850236;TERRITOIRE;FT 94022/1270;7850236;;OR16;OR16;OR19;OR19;;OCC;MCO;OK;08/04/2024;;E;C;I;;L2T;;;;;;;;;;;;;;;;
7798391;TERRITOIRE;FT 92020/298;7798391;;OR16;OR16;OR19;OR19;;OCC;MCO;OK;25/03/2024;;E;C;I;;S3T;;;;;;;;;;;;;;;;
7603519;TERRITOIRE;FT 92050/2226;7603519;;OR16;OR16;OR19;OR19;;OCC;MCO;OK;14/02/2024;;E;C;T;;OHN;;;;;;;;;;;;;;;;
7790069;TERRITOIRE;FT 93039/52;7790069;;OR16;OR16;OR19;OR19;;OCC;MCO;OK;22/03/2024;;E;C;I;;OHN;;;;;;;;;;;;;;;;
7963527;TERRITOIRE;FT 94034/410;7963527;;OR16;OR16;OR19;OR19;;OCC;MCO;OK;06/05/2024;;E;C;I;;L2T;;;;;;;;;;;;;;;;
7847990;TERRITOIRE;FT 94067/100;7847990;;OR16;OR16;OR19;OR19;;OCC;MCO;OK;07/04/2024;;E;C;I;;L4T;;;;;;;;;;;;;;;;
7730867;TERRITOIRE;FT 94028/1760;7730867;;OR16;OR16;OR19;OR19;;OCC;MCO;OK;13/03/2024;;E;C;T;;L6T;;;;;;;;;;;;;;;;
7634875;TERRITOIRE;FT 94033/676;7634875;;OR16;OR16;OR19;OR19;;OCC;MCO;OK;22/02/2024;;E;C;T;;OHN;;;;;;;;;;;;;;;;
7696003;TERRITOIRE;FT 93027/456;7696003;;OR16;OR16;OR19;OR19;;OCC;MCO;OK;06/03/2024;;E;C;T;;OHN;;;;;;;;;;;;;;;;
7859324;TERRITOIRE;FT 94068/3214;7859324;;OR16;OR16;OR19;OR19;;OCC;MCO;OK;11/04/2024;;E;C;I;;L2T;;;;;;;;;;;;;;;;
8004799;TERRITOIRE;FT 94058/255;8004799;;OR16;OR16;OR19;OR19;;OCC;MCO;OK;15/05/2024;;E;C;I;;OHN;;;;;;;;;;;;;;;;
7902723;TERRITOIRE;FT 94080/987;7902723;;OR16;OR16;OR19;OR19;;OCC;MCO;OK;23/04/2024;;E;C;I;;L4T;;;;;;;;;;;;;;;;
7542729;TERRITOIRE;FT 92024/111;7542729;;OR16;OR16;OR19;OR19;;OCC;MCO;OK;02/02/2024;;E;C;T;;U4T;;;;;;;;;;;;;;;;
7566391;TERRITOIRE;FT 93005/1871;7566391;;OR16;OR16;OR19;OR19;;OCC;MCO;OK;08/02/2024;;E;C;T;;L4T;;;;;;;;;;;;;;;;
7672636;TERRITOIRE;FT 93066/860;7672636;;OR16;OR16;OR19;OR19;;OCC;MCO;OK;29/02/2024;;E;C;T;;L4T;;;;;;;;;;;;;;;;
7833588;TERRITOIRE;FT 94017/2533;7833588;;OR16;OR16;OR19;OR19;;OCC;MCO;OK;03/04/2024;;E;C;I;;V5T;;;;;;;;;;;;;;;;
7603522;TERRITOIRE;FT 92025/1681;7603522;;OR16;OR16;OR19;OR19;;OCC;MCO;OK;14/02/2024;;E;C;T;;L2T;;;;;;;;;;;;;;;;
2478392;TERRITOIRE;FRANCE TELECOM 112;2478392;;OR227;OR227;OR19;OR19;;OCC;MCO;OK;13/08/2018;;E;C;T;;L2T;;;;;;;;;;;;;;;;
7533117;TERRITOIRE;FT 93072/42;7533117;;OR16;OR16;OR19;OR19;;OCC;MCO;OK;01/02/2024;;E;C;T;;L2T;;;;;;;;;;;;;;;;
7692488;TERRITOIRE;FT 92007/562;7692488;;OR16;OR16;OR19;OR19;;OCC;MCO;OK;05/03/2024;;E;C;T;;L1T;;;;;;;;;;;;;;;;
7838106;TERRITOIRE;FT 92025/99;7838106;;OR16;OR16;OR19;OR19;;OCC;MCO;OK;04/04/2024;;E;C;I;;S4T;;;;;;;;;;;;;;;;
7519734;TERRITOIRE;FT 94033/454;7519734;;OR16;OR16;OR19;OR19;;OCC;MCO;OK;31/01/2024;;E;C;T;;L1T;;;;;;;;;;;;;;;;
7761269;TERRITOIRE;FT 93057/161;7761269;;OR16;OR16;OR19;OR19;;OCC;MCO;OK;18/03/2024;;E;C;T;;S4T;;;;;;;;;;;;;;;;
7850315;TERRITOIRE;FT 94022/748;7850315;;OR16;OR16;OR19;OR19;;OCC;MCO;OK;08/04/2024;;E;C;I;;L4T;;;;;;;;;;;;;;;;
7714566;TERRITOIRE;FT 92004/1934;7714566;;OR16;OR16;OR19;OR19;;OCC;MCO;OK;08/03/2024;;E;C;T;;S3T;;;;;;;;;;;;;;;;
7855683;TERRITOIRE;FT 92060/339;7855683;;OR16;OR16;OR19;OR19;;OCC;MCO;OK;10/04/2024;;E;C;I;;L2T;;;;;;;;;;;;;;;;
7761321;TERRITOIRE;FT 93010/959;7761321;;OR16;OR16;OR19;OR19;;OCC;MCO;OK;18/03/2024;;E;C;T;;L3T;;;;;;;;;;;;;;;;
7721268;TERRITOIRE;FT 92046/274;7721268;;OR16;OR16;OR19;OR19;;OCC;MCO;OK;11/03/2024;;E;C;T;;S3T;;;;;;;;;;;;;;;;
7830106;TERRITOIRE;FT 92019/230;7830106;;OR16;OR16;OR19;OR19;;OCC;MCO;OK;02/04/2024;;E;C;I;;S4T;;;;;;;;;;;;;;;;
7553591;TERRITOIRE;FT 92036/325;7553591;;OR16;OR16;OR19;OR19;;OCC;MCO;OK;06/02/2024;;E;C;T;;L5T;;;;;;;;;;;;;;;;
7609924;TERRITOIRE;FT 92026/231;7609924;;OR16;OR16;OR19;OR19;;OCC;MCO;OK;15/02/2024;;E;C;T;;OHN;;;;;;;;;;;;;;;;
7550714;TERRITOIRE;FT 92036/908;7550714;;OR16;OR16;OR19;OR19;;OCC;MCO;OK;06/02/2024;;E;C;T;;U5T;;;;;;;;;;;;;;;;
7604800;TERRITOIRE;FT 92025/1341;7604800;;OR16;OR16;OR19;OR19;;OCC;MCO;OK;14/02/2024;;E;C;T;;OHN;;;;;;;;;;;;;;;;
7819857;TERRITOIRE;FT 94073/1212;7819857;;OR16;OR16;OR19;OR19;;OCC;MCO;OK;28/03/2024;;E;C;I;;P6C;;;;;;;;;;;;;;;;
7859406;TERRITOIRE;FT 94068/2705;7859406;;OR16;OR16;OR19;OR19;;OCC;MCO;OK;11/04/2024;;E;C;I;;OHN;;;;;;;;;;;;;;;;
7912647;TERRITOIRE;FT 94077/879;7912647;;OR16;OR16;OR19;OR19;;OCC;MCO;OK;24/04/2024;;E;C;I;;OHN;;;;;;;;;;;;;;;;
7827187;TERRITOIRE;FT 92046/802;7827187;;OR16;OR16;OR19;OR19;;OCC;MCO;OK;02/04/2024;;E;C;I;;L2T;;;;;;;;;;;;;;;;
7761303;TERRITOIRE;FT 93010/1481;7761303;;OR16;OR16;OR19;OR19;;OCC;MCO;OK;18/03/2024;;E;C;T;;OHN;;;;;;;;;;;;;;;;
7772465;TERRITOIRE;FT 94068/2036;7772465;;OR16;OR16;OR19;OR19;;OCC;MCO;OK;20/03/2024;;E;C;T;;OHN;;;;;;;;;;;;;;;;
7692467;TERRITOIRE;FT 92007/554;7692467;;OR16;OR16;OR19;OR19;;OCC;MCO;OK;05/03/2024;;E;C;T;;S4T;;;;;;;;;;;;;;;;
7883847;TERRITOIRE;FT 78646/4478;7883847;;OR16;OR16;OR19;OR19;;OCC;MCO;OK;18/04/2024;;E;C;I;;OHN;;;;;;;;;;;;;;;;
7698868;TERRITOIRE;FT 92032/535;7698868;;OR16;OR16;OR19;OR19;;OCC;MCO;OK;06/03/2024;;E;C;T;;S3T;;;;;;;;;;;;;;;;
7651580;TERRITOIRE;FT 92036/1292;7651580;;OR16;OR16;OR19;OR19;;OCC;MCO;OK;26/02/2024;;E;C;T;;U5T;;;;;;;;;;;;;;;;
7714570;TERRITOIRE;FT 92004/1001;7714570;;OR16;OR16;OR19;OR19;;OCC;MCO;OK;08/03/2024;;E;C;T;;L3T;;;;;;;;;;;;;;;;
7559025;TERRITOIRE;FT 92004/1166;7559025;;OR16;OR16;OR19;OR19;;OCC;MCO;OK;07/02/2024;;E;C;T;;U5T;;;;;;;;;;;;;;;;
7607482;TERRITOIRE;FT 92026/554;7607482;;OR16;OR16;OR19;OR19;;OCC;MCO;OK;14/02/2024;;E;C;T;;S3T;;;;;;;;;;;;;;;;
7855704;TERRITOIRE;FT 92019/962;7855704;;OR16;OR16;OR19;OR19;;OCC;MCO;OK;10/04/2024;;E;C;I;;S4T;;;;;;;;;;;;;;;;
7991465;TERRITOIRE;FT 93077/477;7991465;;OR16;OR16;OR19;OR19;;OCC;MCO;OK;13/05/2024;;E;C;I;;L2T;;;;;;;;;;;;;;;;
7679357;TERRITOIRE;FT 94046/836;7679357;;OR16;OR16;OR19;OR19;;OCC;MCO;OK;04/03/2024;;E;C;T;;L3T;;;;;;;;;;;;;;;;
7566397;TERRITOIRE;FT 93005/1794;7566397;;OR16;OR16;OR19;OR19;;OCC;MCO;OK;08/02/2024;;E;C;T;;A2;;;;;;;;;;;;;;;;
615681;TERRITOIRE;FRANCE TELECOM 22;615681;;;;OR19;OR19;;OCC;MCO;OK;02/10/2013;;E;C;T;;HC;;;;;;;;;;;;;;;;
7850256;TERRITOIRE;FT 94078/11;7850256;;OR16;OR16;OR19;OR19;;OCC;MCO;OK;08/04/2024;;E;C;I;;OHN;;;;;;;;;;;;;;;;
7833592;TERRITOIRE;FT 94017/2158;7833592;;OR16;OR16;OR19;OR19;;OCC;MCO;OK;03/04/2024;;E;C;I;;OHN;;;;;;;;;;;;;;;;
7796146;TERRITOIRE;FT 93048/2539;7796146;;OR16;OR16;OR19;OR19;;OCC;MCO;OK;25/03/2024;;E;C;I;;OHN;;;;;;;;;;;;;;;;
7533108;TERRITOIRE;FT 93072/320;7533108;;OR16;OR16;OR19;OR19;;OCC;MCO;OK;01/02/2024;;E;C;T;;L2T;;;;;;;;;;;;;;;;
7549760;TERRITOIRE;FT 92078/370;7549760;;OR16;OR16;OR19;OR19;;OCC;MCO;OK;06/02/2024;;E;C;T;;S3T;;;;;;;;;;;;;;;;
7991445;TERRITOIRE;FT 93077/459;7991445;;OR16;OR16;OR19;OR19;;OCC;MCO;OK;13/05/2024;;E;C;I;;OHN;;;;;;;;;;;;;;;;
7837752;TERRITOIRE;FT 92025/222;7837752;;OR16;OR16;OR19;OR19;;OCC;MCO;OK;04/04/2024;;E;C;I;;L2T;;;;;;;;;;;;;;;;
7638075;TERRITOIRE;FT 94033/843;7638075;;OR16;OR16;OR19;OR19;;OCC;MCO;OK;22/02/2024;;E;C;T;;OHN;;;;;;;;;;;;;;;;
7783069;TERRITOIRE;FT 92002/2510;7783069;;OR16;OR16;OR19;OR19;;OCC;MCO;OK;21/03/2024;;E;C;I;;U4T;;;;;;;;;;;;;;;;
7861429;TERRITOIRE;FT 94081/918;7861429;;OR16;OR16;OR19;OR19;;OCC;MCO;OK;12/04/2024;;E;C;I;;L4T;;;;;;;;;;;;;;;;
2480947;TERRITOIRE;FRANCE TELECOM 01/417153;2480947;;OR227;OR227;OR19;OR19;;OCC;MCO;OK;20/08/2018;;E;C;T;;L3T;;;;;;;;;;;;;;;;
7696005;TERRITOIRE;FT 93029/90;7696005;;OR16;OR16;OR19;OR19;;OCC;MCO;OK;06/03/2024;;E;C;T;;OHN;;;;;;;;;;;;;;;;
7565754;TERRITOIRE;FT 93051/56;7565754;;OR16;OR16;OR19;OR19;;OCC;MCO;OK;08/02/2024;;E;C;T;;OHN;;;;;;;;;;;;;;;;
7883196;TERRITOIRE;FT 92012/1381;7883196;;OR16;OR16;OR19;OR19;;OCC;MCO;OK;18/04/2024;;E;C;I;;U6T;;;;;;;;;;;;;;;;
7838394;TERRITOIRE;FT 92009/436;7838394;;OR16;OR16;OR19;OR19;;OCC;MCO;OK;04/04/2024;;E;C;I;;OHN;;;;;;;;;;;;;;;;
7694068;TERRITOIRE;FT 92007/455;7694068;;OR16;OR16;OR19;OR19;;OCC;MCO;OK;06/03/2024;;E;C;T;;S3T;;;;;;;;;;;;;;;;
7731197;TERRITOIRE;FT 94028/1038;7731197;;OR16;OR16;OR19;OR19;;OCC;MCO;OK;13/03/2024;;E;C;T;;L2T;;;;;;;;;;;;;;;;
7714602;TERRITOIRE;FT 92004/2131;7714602;;OR16;OR16;OR19;OR19;;OCC;MCO;OK;08/03/2024;;E;C;T;;S3T;;;;;;;;;;;;;;;;
7630199;TERRITOIRE;FT 93064/1394;7630199;;OR16;OR16;OR19;OR19;;OCC;MCO;OK;21/02/2024;;E;C;T;;OHN;;;;;;;;;;;;;;;;
7856660;TERRITOIRE;FT 92019/751;7856660;;OR16;OR16;OR19;OR19;;OCC;MCO;OK;10/04/2024;;E;C;I;;S4T;;;;;;;;;;;;;;;;
7602240;TERRITOIRE;FT 92050/1876;7602240;;OR16;OR16;OR19;OR19;;OCC;MCO;OK;14/02/2024;;E;C;T;;OHN;;;;;;;;;;;;;;;;
7593511;TERRITOIRE;FT 94002/402;7593511;;OR16;OR16;OR19;OR19;;OCC;MCO;OK;13/02/2024;;E;C;T;;L4T;;;;;;;;;;;;;;;;
7850299;TERRITOIRE;FT 94022/1527;7850299;;OR16;OR16;OR19;OR19;;OCC;MCO;OK;08/04/2024;;E;C;I;;L2T;;;;;;;;;;;;;;;;
7690234;TERRITOIRE;FT 93001/1354;7690234;;OR16;OR16;OR19;OR19;;OCC;MCO;OK;05/03/2024;;E;C;T;;S4T;;;;;;;;;;;;;;;;
7991416;TERRITOIRE;FT 93010/252;7991416;;OR16;OR16;OR19;OR19;;OCC;MCO;OK;13/05/2024;;E;C;I;;OHN;;;;;;;;;;;;;;;;
7838385;TERRITOIRE;FT 92009/435;7838385;;OR16;OR16;OR19;OR19;;OCC;MCO;OK;04/04/2024;;E;C;I;;S4T;;;;;;;;;;;;;;;;
7915834;TERRITOIRE;FT 94018/380;7915834;;OR16;OR16;OR19;OR19;;OCC;MCO;OK;24/04/2024;;E;C;I;;OHN;;;;;;;;;;;;;;;;
7630074;TERRITOIRE;FT 93064/2442;7630074;;OR16;OR16;OR19;OR19;;OCC;MCO;OK;21/02/2024;;E;C;T;;L3T;;;;;;;;;;;;;;;;
7530605;TERRITOIRE;FT 93010/884;7530605;;OR16;OR16;OR19;OR19;;OCC;MCO;OK;01/02/2024;;E;C;T;;S3T;;;;;;;;;;;;;;;;
7877133;TERRITOIRE;FT 92012/1158;7877133;;OR16;OR16;OR19;OR19;;OCC;MCO;OK;17/04/2024;;E;C;I;;OHN;;;;;;;;;;;;;;;;
7570873;TERRITOIRE;FT 94017/315;7570873;;OR16;OR16;OR19;OR19;;OCC;MCO;OK;09/02/2024;;E;C;T;;OHN;;;;;;;;;;;;;;;;
7609911;TERRITOIRE;FT 92026/1007;7609911;;OR16;OR16;OR19;OR19;;OCC;MCO;OK;15/02/2024;;E;C;T;;S3T;;;;;;;;;;;;;;;;
7777088;TERRITOIRE;FT 92002/677;7777088;;OR16;OR16;OR19;OR19;;OCC;MCO;OK;20/03/2024;;E;C;T;;S3T;;;;;;;;;;;;;;;;
7530604;TERRITOIRE;FT 93010/356;7530604;;OR16;OR16;OR19;OR19;;OCC;MCO;OK;01/02/2024;;E;C;T;;OHN;;;;;;;;;;;;;;;;
7829440;TERRITOIRE;FT 92019/963;7829440;;OR16;OR16;OR19;OR19;;OCC;MCO;OK;02/04/2024;;E;C;I;;L4T;;;;;;;;;;;;;;;;
7607455;TERRITOIRE;FT 92026/196;7607455;;OR16;OR16;OR19;OR19;;OCC;MCO;OK;14/02/2024;;E;C;T;;OHN;;;;;;;;;;;;;;;;
7731514;TERRITOIRE;FT 94011/194;7731514;;OR16;OR16;OR19;OR19;;OCC;MCO;OK;13/03/2024;;E;C;T;;OHN;;;;;;;;;;;;;;;;
7572160;TERRITOIRE;FT 94046/770;7572160;;OR16;OR16;OR19;OR19;;OCC;MCO;OK;09/02/2024;;E;C;T;;L0T;;;;;;;;;;;;;;;;
7630159;TERRITOIRE;FT 93064/1800;7630159;;OR16;OR16;OR19;OR19;;OCC;MCO;OK;21/02/2024;;E;C;T;;U7T;;;;;;;;;;;;;;;;
7948824;TERRITOIRE;FT 94080/45;7948824;;OR16;OR16;OR19;OR19;;OCC;MCO;OK;02/05/2024;;E;C;I;;S3T;;;;;;;;;;;;;;;;
7789750;TERRITOIRE;FT 93039/94;7789750;;OR16;OR16;OR19;OR19;;OCC;MCO;OK;22/03/2024;;E;C;I;;OHN;;;;;;;;;;;;;;;;
7830096;TERRITOIRE;FT 92019/622;7830096;;OR16;OR16;OR19;OR19;;OCC;MCO;OK;02/04/2024;;E;C;I;;S4T;;;;;;;;;;;;;;;;
7568630;TERRITOIRE;FT 94046/96;7568630;;OR16;OR16;OR19;OR19;;OCC;MCO;OK;08/02/2024;;E;C;T;;OHN;;;;;;;;;;;;;;;;
7798433;TERRITOIRE;FT 92020/38;7798433;;OR16;OR16;OR19;OR19;;OCC;MCO;OK;25/03/2024;;E;C;I;;U4T;;;;;;;;;;;;;;;;
7906240;TERRITOIRE;FT 92051/502;7906240;;OR16;OR16;OR19;OR19;;OCC;MCO;OK;23/04/2024;;E;C;I;;S3T;;;;;;;;;;;;;;;;
7714590;TERRITOIRE;FT 92004/1372;7714590;;OR16;OR16;OR19;OR19;;OCC;MCO;OK;08/03/2024;;E;C;T;;S4T;;;;;;;;;;;;;;;;
7991435;TERRITOIRE;FT 93077/157;7991435;;OR16;OR16;OR19;OR19;;OCC;MCO;OK;13/05/2024;;E;C;I;;OHN;;;;;;;;;;;;;;;;
7859267;TERRITOIRE;FT 94068/746;7859267;;OR16;OR16;OR19;OR19;;OCC;MCO;OK;11/04/2024;;E;C;I;;OHN;;;;;;;;;;;;;;;;
7915886;TERRITOIRE;FT 94018/9;7915886;;OR16;OR16;OR19;OR19;;OCC;MCO;OK;24/04/2024;;E;C;I;;S4T;;;;;;;;;;;;;;;;
7553639;TERRITOIRE;FT 92036/945;7553639;;OR16;OR16;OR19;OR19;;OCC;MCO;OK;06/02/2024;;E;C;T;;OHN;;;;;;;;;;;;;;;;
7566385;TERRITOIRE;FT 93005/1703;7566385;;OR16;OR16;OR19;OR19;;OCC;MCO;OK;08/02/2024;;E;C;T;;P2C;;;;;;;;;;;;;;;;
7906550;TERRITOIRE;FT 92051/407;7906550;;OR16;OR16;OR19;OR19;;OCC;MCO;OK;23/04/2024;;E;C;I;;V7T;;;;;;;;;;;;;;;;
7861479;TERRITOIRE;FT 94076/851;7861479;;OR16;OR16;OR19;OR19;;OCC;MCO;OK;12/04/2024;;E;C;I;;L4T;;;;;;;;;;;;;;;;
7594901;TERRITOIRE;FT 94002/197;7594901;;OR16;OR16;OR19;OR19;;OCC;MCO;OK;13/02/2024;;E;C;T;;L4T;;;;;;;;;;;;;;;;
7690233;TERRITOIRE;FT 93001/1455;7690233;;OR16;OR16;OR19;OR19;;OCC;MCO;OK;05/03/2024;;E;C;T;;OHN;;;;;;;;;;;;;;;;
7883508;TERRITOIRE;FT 78646/761;7883508;;OR16;OR16;OR19;OR19;;OCC;MCO;OK;18/04/2024;;E;C;I;;A2;;;;;;;;;;;;;;;;
7651574;TERRITOIRE;FT 92036/1301;7651574;;OR16;OR16;OR19;OR19;;OCC;MCO;OK;26/02/2024;;E;C;T;;OHN;;;;;;;;;;;;;;;;
7847996;TERRITOIRE;FT 94067/82;7847996;;OR16;OR16;OR19;OR19;;OCC;MCO;OK;07/04/2024;;E;C;I;;OHN;;;;;;;;;;;;;;;;
7912634;TERRITOIRE;FT 94077/1006;7912634;;OR16;OR16;OR19;OR19;;OCC;MCO;OK;24/04/2024;;E;C;I;;A2;;;;;;;;;;;;;;;;
7871383;TERRITOIRE;FT 92073/1438;7871383;;OR16;OR16;OR19;OR19;;OCC;MCO;OK;16/04/2024;;E;C;I;;S6T;;;;;;;;;;;;;;;;
7596176;TERRITOIRE;FT 94017/2108;7596176;;OR16;OR16;OR19;OR19;;OCC;MCO;OK;13/02/2024;;E;C;T;;S5T;;;;;;;;;;;;;;;;
7899865;TERRITOIRE;FT 78646/5402;7899865;;OR16;OR16;OR19;OR19;;OCC;MCO;OK;23/04/2024;;E;C;I;;K3C;;;;;;;;;;;;;;;;
7873271;TERRITOIRE;FT 94065/261;7873271;;OR16;OR16;OR19;OR19;;OCC;MCO;OK;16/04/2024;;E;C;I;;L3T;;;;;;;;;;;;;;;;
7594922;TERRITOIRE;FT 94002/63;7594922;;OR16;OR16;OR19;OR19;;OCC;MCO;OK;13/02/2024;;E;C;T;;S4T;;;;;;;;;;;;;;;;
7731214;TERRITOIRE;FT 94028/1166;7731214;;OR16;OR16;OR19;OR19;;OCC;MCO;OK;13/03/2024;;E;C;T;;OHN;;;;;;;;;;;;;;;;
7607404;TERRITOIRE;FT 92026/657;7607404;;OR16;OR16;OR19;OR19;;OCC;MCO;OK;14/02/2024;;E;C;T;;OHN;;;;;;;;;;;;;;;;
7905265;TERRITOIRE;FT 92051/418;7905265;;OR16;OR16;OR19;OR19;;OCC;MCO;OK;23/04/2024;;E;C;I;;S3T;;;;;;;;;;;;;;;;
7616016;TERRITOIRE;FT 93048/2691;7616016;;OR16;OR16;OR19;OR19;;OCC;MCO;OK;16/02/2024;;E;C;T;;OHN;;;;;;;;;;;;;;;;
7850285;TERRITOIRE;FT 94022/588;7850285;;OR16;OR16;OR19;OR19;;OCC;MCO;OK;08/04/2024;;E;C;I;;OHN;;;;;;;;;;;;;;;;
7566434;TERRITOIRE;FT 93046/583;7566434;;OR16;OR16;OR19;OR19;;OCC;MCO;OK;08/02/2024;;E;C;T;;L4T;;;;;;;;;;;;;;;;
7655030;TERRITOIRE;FT 93027/212;7655030;;OR16;OR16;OR19;OR19;;OCC;MCO;OK;27/02/2024;;E;C;T;;OHN;;;;;;;;;;;;;;;;
7837756;TERRITOIRE;FT 92025/239;7837756;;OR16;OR16;OR19;OR19;;OCC;MCO;OK;04/04/2024;;E;C;I;;U5T;;;;;;;;;;;;;;;;
7514236;TERRITOIRE;FT 93055/237;7514236;;OR16;OR16;OR19;OR19;;OCC;MCO;OK;30/01/2024;;E;C;T;;S5T;;;;;;;;;;;;;;;;
7888329;TERRITOIRE;FT 92073/727;7888329;;OR16;OR16;OR19;OR19;;OCC;MCO;OK;19/04/2024;;E;C;I;;S4T;;;;;;;;;;;;;;;;
7906238;TERRITOIRE;FT 92051/223;7906238;;OR16;OR16;OR19;OR19;;OCC;MCO;OK;23/04/2024;;E;C;I;;S3T;;;;;;;;;;;;;;;;
7819853;TERRITOIRE;FT 94073/41;7819853;;OR16;OR16;OR19;OR19;;OCC;MCO;OK;28/03/2024;;E;C;I;;OHN;;;;;;;;;;;;;;;;
7783085;TERRITOIRE;FT 92002/2135;7783085;;OR16;OR16;OR19;OR19;;OCC;MCO;OK;21/03/2024;;E;C;I;;S3T;;;;;;;;;;;;;;;;
8000317;TERRITOIRE;FT 94033/2281;8000317;;OR16;OR16;OR19;OR19;;OCC;MCO;OK;15/05/2024;;E;C;I;;L3T;;;;;;;;;;;;;;;;
7915883;TERRITOIRE;FT 94018/257;7915883;;OR16;OR16;OR19;OR19;;OCC;MCO;OK;24/04/2024;;E;C;I;;OHN;;;;;;;;;;;;;;;;
7618872;TERRITOIRE;FT 93079/388;7618872;;OR16;OR16;OR19;OR19;;OCC;MCO;OK;19/02/2024;;E;C;T;;OHN;;;;;;;;;;;;;;;;
8125747;TERRITOIRE;FT 92036/1285;8125747;;OR16;OR16;OR19;OR19;;OCC;MCO;OK;26/02/2024;;E;C;I;;L5T;;;;;;;;;;;;;;;;
7883276;TERRITOIRE;FT 78646/1434;7883276;;OR16;OR16;OR19;OR19;;OCC;MCO;OK;18/04/2024;;E;C;I;;P2C;;;;;;;;;;;;;;;;
7690262;TERRITOIRE;FT 92007/411;7690262;;OR16;OR16;OR19;OR19;;OCC;MCO;OK;05/03/2024;;E;C;T;;S1T;;;;;;;;;;;;;;;;
7731203;TERRITOIRE;FT 94028/1016;7731203;;OR16;OR16;OR19;OR19;;OCC;MCO;OK;13/03/2024;;E;C;T;;OHN;;;;;;;;;;;;;;;;
7796150;TERRITOIRE;FT 93048/2608;7796150;;OR16;OR16;OR19;OR19;;OCC;MCO;OK;25/03/2024;;E;C;I;;L2T;;;;;;;;;;;;;;;;
7811883;TERRITOIRE;FT 94021/696;7811883;;OR16;OR16;OR19;OR19;;OCC;MCO;OK;27/03/2024;;E;C;I;;P1T;;;;;;;;;;;;;;;;
7850303;TERRITOIRE;FT 94022/747;7850303;;OR16;OR16;OR19;OR19;;OCC;MCO;OK;08/04/2024;;E;C;I;;L4T;;;;;;;;;;;;;;;;
7694065;TERRITOIRE;FT 92007/714;7694065;;OR16;OR16;OR19;OR19;;OCC;MCO;OK;06/03/2024;;E;C;T;;S3T;;;;;;;;;;;;;;;;
7761276;TERRITOIRE;FT 93057/165;7761276;;OR16;OR16;OR19;OR19;;OCC;MCO;OK;18/03/2024;;E;C;T;;S3T;;;;;;;;;;;;;;;;
7883852;TERRITOIRE;FT 78646/4453;7883852;;OR16;OR16;OR19;OR19;;OCC;MCO;OK;18/04/2024;;E;C;I;;B3;;;;;;;;;;;;;;;;
7783097;TERRITOIRE;FT 92002/2139;7783097;;OR16;OR16;OR19;OR19;;OCC;MCO;OK;21/03/2024;;E;C;I;;S3T;;;;;;;;;;;;;;;;
7782731;TERRITOIRE;FT 92032/333;7782731;;OR16;OR16;OR19;OR19;;OCC;MCO;OK;21/03/2024;;E;C;I;;L2T;;;;;;;;;;;;;;;;
7777283;TERRITOIRE;FT 92002/655;7777283;;OR16;OR16;OR19;OR19;;OCC;MCO;OK;20/03/2024;;E;C;T;;K2C;;;;;;;;;;;;;;;;
7883270;TERRITOIRE;FT 92050/807;7883270;;OR16;OR16;OR19;OR19;;OCC;MCO;OK;18/04/2024;;E;C;I;;OHN;;;;;;;;;;;;;;;;
7926409;TERRITOIRE;FT 94038/184;7926409;;OR16;OR16;OR19;OR19;;OCC;MCO;OK;26/04/2024;;E;C;I;;L1T;;;;;;;;;;;;;;;;
7832955;TERRITOIRE;FT 94017/2366;7832955;;OR16;OR16;OR19;OR19;;OCC;MCO;OK;03/04/2024;;E;C;I;;S4T;;;;;;;;;;;;;;;;
7906872;TERRITOIRE;FT 92051/476;7906872;;OR16;OR16;OR19;OR19;;OCC;MCO;OK;23/04/2024;;E;C;I;;OHN;;;;;;;;;;;;;;;;
7795506;TERRITOIRE;FT 93048/1124;7795506;;OR16;OR16;OR19;OR19;;OCC;MCO;OK;25/03/2024;;E;C;I;;OHN;;;;;;;;;;;;;;;;
7552955;TERRITOIRE;FT 92036/431;7552955;;OR16;OR16;OR19;OR19;;OCC;MCO;OK;06/02/2024;;E;C;T;;S3T;;;;;;;;;;;;;;;;
7761312;TERRITOIRE;FT 93057/253;7761312;;OR16;OR16;OR19;OR19;;OCC;MCO;OK;18/03/2024;;E;C;T;;S4T;;;;;;;;;;;;;;;;
7963550;TERRITOIRE;FT 94043/23;7963550;;OR16;OR16;OR19;OR19;;OCC;MCO;OK;06/05/2024;;E;C;I;;L4T;;;;;;;;;;;;;;;;
7572165;TERRITOIRE;FT 94046/662;7572165;;OR16;OR16;OR19;OR19;;OCC;MCO;OK;09/02/2024;;E;C;T;;L0T;;;;;;;;;;;;;;;;
7604790;TERRITOIRE;FT 92025/1811;7604790;;OR16;OR16;OR19;OR19;;OCC;MCO;OK;14/02/2024;;E;C;T;;S4T;;;;;;;;;;;;;;;;
7746865;TERRITOIRE;FT 94028/933;7746865;;OR16;OR16;OR19;OR19;;OCC;MCO;OK;13/03/2024;;E;C;T;;OHN;;;;;;;;;;;;;;;;
7695996;TERRITOIRE;FT 93029/22;7695996;;OR16;OR16;OR19;OR19;;OCC;MCO;OK;06/03/2024;;E;C;T;;OHN;;;;;;;;;;;;;;;;
7615040;TERRITOIRE;FT 94033/1529;7615040;;OR16;OR16;OR19;OR19;;OCC;MCO;OK;16/02/2024;;E;C;T;;L1T;;;;;;;;;;;;;;;;
7783110;TERRITOIRE;FT 92014/381;7783110;;OR16;OR16;OR19;OR19;;OCC;MCO;OK;21/03/2024;;E;C;I;;S4T;;;;;;;;;;;;;;;;
7533111;TERRITOIRE;FT 93059/172;7533111;;OR16;OR16;OR19;OR19;;OCC;MCO;OK;01/02/2024;;E;C;T;;OHN;;;;;;;;;;;;;;;;
7730878;TERRITOIRE;FT 94028/1732;7730878;;OR16;OR16;OR19;OR19;;OCC;MCO;OK;13/03/2024;;E;C;T;;L2T;;;;;;;;;;;;;;;;
7899852;TERRITOIRE;FT 78646/2806;7899852;;OR16;OR16;OR19;OR19;;OCC;MCO;OK;23/04/2024;;E;C;I;;A2;;;;;;;;;;;;;;;;
7915838;TERRITOIRE;FT 94018/373;7915838;;OR16;OR16;OR19;OR19;;OCC;MCO;OK;24/04/2024;;E;C;I;;L5T;;;;;;;;;;;;;;;;
7837786;TERRITOIRE;FT 92025/1290;7837786;;OR16;OR16;OR19;OR19;;OCC;MCO;OK;04/04/2024;;E;C;I;;S4T;;;;;;;;;;;;;;;;
7654717;TERRITOIRE;FT 93013/404;7654717;;OR16;OR16;OR19;OR19;;OCC;MCO;OK;27/02/2024;;E;C;T;;OHN;;;;;;;;;;;;;;;;
7683844;TERRITOIRE;FT 93029/487;7683844;;OR16;OR16;OR19;OR19;;OCC;MCO;OK;04/03/2024;;E;C;T;;OHN;;;;;;;;;;;;;;;;
7714593;TERRITOIRE;FT 92004/2127;7714593;;OR16;OR16;OR19;OR19;;OCC;MCO;OK;08/03/2024;;E;C;T;;S3T;;;;;;;;;;;;;;;;
7837438;TERRITOIRE;FT 92025/386;7837438;;OR16;OR16;OR19;OR19;;OCC;MCO;OK;04/04/2024;;E;C;I;;S4T;;;;;;;;;;;;;;;;
7871386;TERRITOIRE;FT 92073/161;7871386;;OR16;OR16;OR19;OR19;;OCC;MCO;OK;16/04/2024;;E;C;I;;S4T;;;;;;;;;;;;;;;;
7830391;TERRITOIRE;FT 92019/22;7830391;;OR16;OR16;OR19;OR19;;OCC;MCO;OK;02/04/2024;;E;C;I;;OHN;;;;;;;;;;;;;;;;
7859273;TERRITOIRE;FT 94068/1262;7859273;;OR16;OR16;OR19;OR19;;OCC;MCO;OK;11/04/2024;;E;C;I;;OHN;;;;;;;;;;;;;;;;
7798402;TERRITOIRE;FT 92020/5;7798402;;OR16;OR16;OR19;OR19;;OCC;MCO;OK;25/03/2024;;E;C;I;;S4T;;;;;;;;;;;;;;;;
7566404;TERRITOIRE;FT 93046/597;7566404;;OR16;OR16;OR19;OR19;;OCC;MCO;OK;08/02/2024;;E;C;T;;L3T;;;;;;;;;;;;;;;;
7871363;TERRITOIRE;FT 94052/392;7871363;;OR16;OR16;OR19;OR19;;OCC;MCO;OK;16/04/2024;;E;C;I;;U7T;;;;;;;;;;;;;;;;
7651526;TERRITOIRE;FT 92024/386;7651526;;OR16;OR16;OR19;OR19;;OCC;MCO;OK;26/02/2024;;E;C;T;;S4T;;;;;;;;;;;;;;;;
7991704;TERRITOIRE;FT 93010/265;7991704;;OR16;OR16;OR19;OR19;;OCC;MCO;OK;13/05/2024;;E;C;I;;OHN;;;;;;;;;;;;;;;;
7902718;TERRITOIRE;FT 94080/991;7902718;;OR16;OR16;OR19;OR19;;OCC;MCO;OK;23/04/2024;;E;C;I;;L5T;;;;;;;;;;;;;;;;
7912698;TERRITOIRE;FT 94077/935;7912698;;OR16;OR16;OR19;OR19;;OCC;MCO;OK;24/04/2024;;E;C;I;;L4T;;;;;;;;;;;;;;;;
7876840;TERRITOIRE;FT 92022/556;7876840;;OR16;OR16;OR19;OR19;;OCC;MCO;OK;17/04/2024;;E;C;I;;A2;;;;;;;;;;;;;;;;
7855665;TERRITOIRE;FT 92060/68;7855665;;OR16;OR16;OR19;OR19;;OCC;MCO;OK;10/04/2024;;E;C;I;;S4T;;;;;;;;;;;;;;;;
7605745;TERRITOIRE;FT 92025/1528;7605745;;OR16;OR16;OR19;OR19;;OCC;MCO;OK;14/02/2024;;E;C;T;;L2T;;;;;;;;;;;;;;;;
7692465;TERRITOIRE;FT 92007/563;7692465;;OR16;OR16;OR19;OR19;;OCC;MCO;OK;05/03/2024;;E;C;T;;S4T;;;;;;;;;;;;;;;;
7798472;TERRITOIRE;FT 92023/2435;7798472;;OR16;OR16;OR19;OR19;;OCC;MCO;OK;25/03/2024;;E;C;I;;S1T;;;;;;;;;;;;;;;;
7634874;TERRITOIRE;FT 94052/293;7634874;;OR16;OR16;OR19;OR19;;OCC;MCO;OK;22/02/2024;;E;C;T;;OHN;;;;;;;;;;;;;;;;
7683516;TERRITOIRE;FT 93029/925;7683516;;OR16;OR16;OR19;OR19;;OCC;MCO;OK;04/03/2024;;E;C;T;;OHN;;;;;;;;;;;;;;;;
7607444;TERRITOIRE;FT 92026/66;7607444;;OR16;OR16;OR19;OR19;;OCC;MCO;OK;14/02/2024;;E;C;T;;S3T;;;;;;;;;;;;;;;;
7761310;TERRITOIRE;FT 93057/251;7761310;;OR16;OR16;OR19;OR19;;OCC;MCO;OK;18/03/2024;;E;C;T;;S4T;;;;;;;;;;;;;;;;
7651586;TERRITOIRE;FT 92036/1255;7651586;;OR16;OR16;OR19;OR19;;OCC;MCO;OK;26/02/2024;;E;C;T;;OHN;;;;;;;;;;;;;;;;
7568636;TERRITOIRE;FT 94046/98;7568636;;OR16;OR16;OR19;OR19;;OCC;MCO;OK;08/02/2024;;E;C;T;;OHN;;;;;;;;;;;;;;;;
7568321;TERRITOIRE;FT 94015/459;7568321;;OR16;OR16;OR19;OR19;;OCC;MCO;OK;08/02/2024;;E;C;T;;OHN;;;;;;;;;;;;;;;;
7761294;TERRITOIRE;FT 93010/952;7761294;;OR16;OR16;OR19;OR19;;OCC;MCO;OK;18/03/2024;;E;C;T;;A2;;;;;;;;;;;;;;;;
7714610;TERRITOIRE;FT 92004/991;7714610;;OR16;OR16;OR19;OR19;;OCC;MCO;OK;08/03/2024;;E;C;T;;S3T;;;;;;;;;;;;;;;;
7912682;TERRITOIRE;FT 94077/307;7912682;;OR16;OR16;OR19;OR19;;OCC;MCO;OK;24/04/2024;;E;C;I;;L5T;;;;;;;;;;;;;;;;
7905920;TERRITOIRE;FT 92051/565;7905920;;OR16;OR16;OR19;OR19;;OCC;MCO;OK;23/04/2024;;E;C;I;;S3T;;;;;;;;;;;;;;;;
7883268;TERRITOIRE;FT 92050/448;7883268;;OR16;OR16;OR19;OR19;;OCC;MCO;OK;18/04/2024;;E;C;I;;S5T;;;;;;;;;;;;;;;;
7568344;TERRITOIRE;FT 94015/451;7568344;;OR16;OR16;OR19;OR19;;OCC;MCO;OK;08/02/2024;;E;C;T;;OHN;;;;;;;;;;;;;;;;
7811845;TERRITOIRE;FT 94081/1267;7811845;;OR16;OR16;OR19;OR19;;OCC;MCO;OK;27/03/2024;;E;C;I;;L3T;;;;;;;;;;;;;;;;
7830385;TERRITOIRE;FT 92019/350;7830385;;OR16;OR16;OR19;OR19;;OCC;MCO;OK;02/04/2024;;E;C;I;;OHN;;;;;;;;;;;;;;;;
7850273;TERRITOIRE;FT 94022/688;7850273;;OR16;OR16;OR19;OR19;;OCC;MCO;OK;08/04/2024;;E;C;I;;OHN;;;;;;;;;;;;;;;;
7771186;TERRITOIRE;FT 91377/1491;7771186;;OR16;OR16;OR19;OR19;;OCC;MCO;OK;20/03/2024;;E;C;T;;OHN;;;;;;;;;;;;;;;;
7609942;TERRITOIRE;FT 92026/1398;7609942;;OR16;OR16;OR19;OR19;;OCC;MCO;OK;15/02/2024;;E;C;T;;L0T;;;;;;;;;;;;;;;;
7783041;TERRITOIRE;FT 92002/1892;7783041;;OR16;OR16;OR19;OR19;;OCC;MCO;OK;21/03/2024;;E;C;I;;L4T;;;;;;;;;;;;;;;;
7912653;TERRITOIRE;FT 94077/390;7912653;;OR16;OR16;OR19;OR19;;OCC;MCO;OK;24/04/2024;;E;C;I;;L3T;;;;;;;;;;;;;;;;
7800316;TERRITOIRE;FT 92075/183;7800316;;OR16;OR16;OR19;OR19;;OCC;MCO;OK;26/03/2024;;E;C;I;;S3T;;;;;;;;;;;;;;;;
7883274;TERRITOIRE;FT 78646/4498;7883274;;OR16;OR16;OR19;OR19;;OCC;MCO;OK;18/04/2024;;E;C;I;;OHN;;;;;;;;;;;;;;;;
7915866;TERRITOIRE;FT 94018/186;7915866;;OR16;OR16;OR19;OR19;;OCC;MCO;OK;24/04/2024;;E;C;I;;OHN;;;;;;;;;;;;;;;;
7730876;TERRITOIRE;FT 94028/1746;7730876;;OR16;OR16;OR19;OR19;;OCC;MCO;OK;13/03/2024;;E;C;T;;L2T;;;;;;;;;;;;;;;;
7530616;TERRITOIRE;FT 93010/372;7530616;;OR16;OR16;OR19;OR19;;OCC;MCO;OK;01/02/2024;;E;C;T;;OHN;;;;;;;;;;;;;;;;
7594923;TERRITOIRE;FT 94002/704;7594923;;OR16;OR16;OR19;OR19;;OCC;MCO;OK;13/02/2024;;E;C;T;;OHN;;;;;;;;;;;;;;;;
7827200;TERRITOIRE;FT 92046/146;7827200;;OR16;OR16;OR19;OR19;;OCC;MCO;OK;02/04/2024;;E;C;I;;S4T;;;;;;;;;;;;;;;;
7604798;TERRITOIRE;FT 92025/1622;7604798;;OR16;OR16;OR19;OR19;;OCC;MCO;OK;14/02/2024;;E;C;T;;OHN;;;;;;;;;;;;;;;;
7683526;TERRITOIRE;FT 93029/920;7683526;;OR16;OR16;OR19;OR19;;OCC;MCO;OK;04/03/2024;;E;C;T;;OHN;;;;;;;;;;;;;;;;
7859200;TERRITOIRE;FT 94068/526;7859200;;OR16;OR16;OR19;OR19;;OCC;MCO;OK;11/04/2024;;E;C;I;;OHN;;;;;;;;;;;;;;;;
7899834;TERRITOIRE;FT 78646/5408;7899834;;OR16;OR16;OR19;OR19;;OCC;MCO;OK;23/04/2024;;E;C;I;;A2;;;;;;;;;;;;;;;;
7714551;TERRITOIRE;FT 92036/553;7714551;;OR16;OR16;OR19;OR19;;OCC;MCO;OK;08/03/2024;;E;C;T;;OHN;;;;;;;;;;;;;;;;
7848009;TERRITOIRE;FT 92050/153;7848009;;OR16;OR16;OR19;OR19;;OCC;MCO;OK;07/04/2024;;E;C;I;;S4T;;;;;;;;;;;;;;;;
7519707;TERRITOIRE;FT 94033/490;7519707;;OR16;OR16;OR19;OR19;;OCC;MCO;OK;31/01/2024;;E;C;T;;OHN;;;;;;;;;;;;;;;;
7542738;TERRITOIRE;FT 92024/708;7542738;;OR16;OR16;OR19;OR19;;OCC;MCO;OK;02/02/2024;;E;C;T;;S3T;;;;;;;;;;;;;;;;
7883533;TERRITOIRE;FT 78646/785;7883533;;OR16;OR16;OR19;OR19;;OCC;MCO;OK;18/04/2024;;E;C;I;;A2;;;;;;;;;;;;;;;;
7934088;TERRITOIRE;FT 94038/55;7934088;;OR16;OR16;OR19;OR19;;OCC;MCO;OK;26/04/2024;;E;C;I;;L2T;;;;;;;;;;;;;;;;
7876799;TERRITOIRE;FT 92022/235;7876799;;OR16;OR16;OR19;OR19;;OCC;MCO;OK;17/04/2024;;E;C;I;;OHN;;;;;;;;;;;;;;;;
7848010;TERRITOIRE;FT 92050/152;7848010;;OR16;OR16;OR19;OR19;;OCC;MCO;OK;07/04/2024;;E;C;I;;U6T;;;;;;;;;;;;;;;;
7877132;TERRITOIRE;FT 92012/1157;7877132;;OR16;OR16;OR19;OR19;;OCC;MCO;OK;17/04/2024;;E;C;I;;U5T;;;;;;;;;;;;;;;;
7871389;TERRITOIRE;FT 92073/62;7871389;;OR16;OR16;OR19;OR19;;OCC;MCO;OK;16/04/2024;;E;C;I;;S4T;;;;;;;;;;;;;;;;
7634878;TERRITOIRE;FT 94052/1028;7634878;;OR16;OR16;OR19;OR19;;OCC;MCO;OK;22/02/2024;;E;C;T;;OHN;;;;;;;;;;;;;;;;
7855687;TERRITOIRE;FT 92060/301;7855687;;OR16;OR16;OR19;OR19;;OCC;MCO;OK;10/04/2024;;E;C;I;;L2T;;;;;;;;;;;;;;;;
7620789;TERRITOIRE;FT 93006/154;7620789;;OR16;OR16;OR19;OR19;;OCC;MCO;OK;19/02/2024;;E;C;T;;OHN;;;;;;;;;;;;;;;;
7829434;TERRITOIRE;FT 92019/338;7829434;;OR16;OR16;OR19;OR19;;OCC;MCO;OK;02/04/2024;;E;C;I;;S3T;;;;;;;;;;;;;;;;
7603524;TERRITOIRE;FT 92050/1879;7603524;;OR16;OR16;OR19;OR19;;OCC;MCO;OK;14/02/2024;;E;C;T;;L5T;;;;;;;;;;;;;;;;
7566429;TERRITOIRE;FT 93046/872;7566429;;OR16;OR16;OR19;OR19;;OCC;MCO;OK;08/02/2024;;E;C;T;;OHN;;;;;;;;;;;;;;;;
7798407;TERRITOIRE;FT 92020/108;7798407;;OR16;OR16;OR19;OR19;;OCC;MCO;OK;25/03/2024;;E;C;I;;S1T;;;;;;;;;;;;;;;;
7651542;TERRITOIRE;FT 92036/1170;7651542;;OR16;OR16;OR19;OR19;;OCC;MCO;OK;26/02/2024;;E;C;T;;L0T;;;;;;;;;;;;;;;;
7718719;TERRITOIRE;FT 94016/82;7718719;;OR16;OR16;OR19;OR19;;OCC;MCO;OK;11/03/2024;;E;C;T;;S4T;;;;;;;;;;;;;;;;
7679349;TERRITOIRE;FT 94046/824;7679349;;OR16;OR16;OR19;OR19;;OCC;MCO;OK;04/03/2024;;E;C;T;;U7T;;;;;;;;;;;;;;;;
7861440;TERRITOIRE;FT 94081/535;7861440;;OR16;OR16;OR19;OR19;;OCC;MCO;OK;12/04/2024;;E;C;I;;L4T;;;;;;;;;;;;;;;;
7798417;TERRITOIRE;FT 92020/783;7798417;;OR16;OR16;OR19;OR19;;OCC;MCO;OK;25/03/2024;;E;C;I;;S3T;;;;;;;;;;;;;;;;
7566437;TERRITOIRE;FT 93046/1890;7566437;;OR16;OR16;OR19;OR19;;OCC;MCO;OK;08/02/2024;;E;C;T;;L2T;;;;;;;;;;;;;;;;
7871401;TERRITOIRE;FT 92073/58;7871401;;OR16;OR16;OR19;OR19;;OCC;MCO;OK;16/04/2024;;E;C;I;;U5T;;;;;;;;;;;;;;;;
7514247;TERRITOIRE;FT 93001/1270;7514247;;OR16;OR16;OR19;OR19;;OCC;MCO;OK;30/01/2024;;E;C;T;;S4T;;;;;;;;;;;;;;;;
7654767;TERRITOIRE;FT 93007/955;7654767;;OR16;OR16;OR19;OR19;;OCC;MCO;OK;27/02/2024;;E;C;T;;A2;;;;;;;;;;;;;;;;
7694400;TERRITOIRE;FT 93027/715;7694400;;OR16;OR16;OR19;OR19;;OCC;MCO;OK;06/03/2024;;E;C;T;;OHN;;;;;;;;;;;;;;;;
7837760;TERRITOIRE;FT 92025/660;7837760;;OR16;OR16;OR19;OR19;;OCC;MCO;OK;04/04/2024;;E;C;I;;S3T;;;;;;;;;;;;;;;;
7859212;TERRITOIRE;FT 94068/656;7859212;;OR16;OR16;OR19;OR19;;OCC;MCO;OK;11/04/2024;;E;C;I;;OHN;;;;;;;;;;;;;;;;
7572177;TERRITOIRE;FT 94046/778;7572177;;OR16;OR16;OR19;OR19;;OCC;MCO;OK;09/02/2024;;E;C;T;;L0T;;;;;;;;;;;;;;;;
7603547;TERRITOIRE;FT 92035/32;7603547;;OR16;OR16;OR19;OR19;;OCC;MCO;OK;14/02/2024;;E;C;T;;S4T;;;;;;;;;;;;;;;;
7912723;TERRITOIRE;FT 94077/576;7912723;;OR16;OR16;OR19;OR19;;OCC;MCO;OK;24/04/2024;;E;C;I;;K2C;;;;;;;;;;;;;;;;
7904945;TERRITOIRE;FT 92051/1170;7904945;;OR16;OR16;OR19;OR19;;OCC;MCO;OK;23/04/2024;;E;C;I;;S3T;;;;;;;;;;;;;;;;
7796203;TERRITOIRE;FT 92023/2349;7796203;;OR16;OR16;OR19;OR19;;OCC;MCO;OK;25/03/2024;;E;C;I;;S3T;;;;;;;;;;;;;;;;
7597751;TERRITOIRE;FT 94017/2351;7597751;;OR16;OR16;OR19;OR19;;OCC;MCO;OK;13/02/2024;;E;C;T;;OHN;;;;;;;;;;;;;;;;
7991417;TERRITOIRE;FT 93010/331;7991417;;OR16;OR16;OR19;OR19;;OCC;MCO;OK;13/05/2024;;E;C;I;;OHN;;;;;;;;;;;;;;;;
7855686;TERRITOIRE;FT 92060/57;7855686;;OR16;OR16;OR19;OR19;;OCC;MCO;OK;10/04/2024;;E;C;I;;S4T;;;;;;;;;;;;;;;;
7859219;TERRITOIRE;FT 94068/613;7859219;;OR16;OR16;OR19;OR19;;OCC;MCO;OK;11/04/2024;;E;C;I;;OHN;;;;;;;;;;;;;;;;
7568306;TERRITOIRE;FT 94015/303;7568306;;OR16;OR16;OR19;OR19;;OCC;MCO;OK;08/02/2024;;E;C;T;;OHN;;;;;;;;;;;;;;;;
7915851;TERRITOIRE;FT 94018/120;7915851;;OR16;OR16;OR19;OR19;;OCC;MCO;OK;24/04/2024;;E;C;I;;S5T;;;;;;;;;;;;;;;;
7566393;TERRITOIRE;FT 93005/1879;7566393;;OR16;OR16;OR19;OR19;;OCC;MCO;OK;08/02/2024;;E;C;T;;A2;;;;;;;;;;;;;;;;
7559034;TERRITOIRE;FT 93046/1161;7559034;;OR16;OR16;OR19;OR19;;OCC;MCO;OK;07/02/2024;;E;C;T;;A2;;;;;;;;;;;;;;;;
7519717;TERRITOIRE;FT 94033/655;7519717;;OR16;OR16;OR19;OR19;;OCC;MCO;OK;31/01/2024;;E;C;T;;S3T;;;;;;;;;;;;;;;;
7642240;TERRITOIRE;FT 93006/377;7642240;;OR16;OR16;OR19;OR19;;OCC;MCO;OK;23/02/2024;;E;C;T;;L4T;;;;;;;;;;;;;;;;
7876795;TERRITOIRE;FT 92022/730;7876795;;OR16;OR16;OR19;OR19;;OCC;MCO;OK;17/04/2024;;E;C;I;;A2;;;;;;;;;;;;;;;;
7645120;TERRITOIRE;FT 93008/1543;7645120;;OR16;OR16;OR19;OR19;;OCC;MCO;OK;23/02/2024;;E;C;T;;S4T;;;;;;;;;;;;;;;;
7651538;TERRITOIRE;FT 92036/1371;7651538;;OR16;OR16;OR19;OR19;;OCC;MCO;OK;26/02/2024;;E;C;T;;L2T;;;;;;;;;;;;;;;;
7522226;TERRITOIRE;FT 93010/678;7522226;;OR16;OR16;OR19;OR19;;OCC;MCO;OK;31/01/2024;;E;C;T;;OHN;;;;;;;;;;;;;;;;
7646405;TERRITOIRE;FT 93007/1869;7646405;;OR16;OR16;OR19;OR19;;OCC;MCO;OK;23/02/2024;;E;C;T;;OHN;;;;;;;;;;;;;;;;
7973745;TERRITOIRE;FT 95063/511;7973745;;OR16;OR16;OR19;OR19;;OCC;MCO;OK;07/05/2024;;E;C;I;;OHN;;;;;;;;;;;;;;;;
7871348;TERRITOIRE;FT 94052/736;7871348;;OR16;OR16;OR19;OR19;;OCC;MCO;OK;16/04/2024;;E;C;I;;OHN;;;;;;;;;;;;;;;;
7848015;TERRITOIRE;FT 92050/458;7848015;;OR16;OR16;OR19;OR19;;OCC;MCO;OK;07/04/2024;;E;C;I;;OHN;;;;;;;;;;;;;;;;
7838103;TERRITOIRE;FT 92009/368;7838103;;OR16;OR16;OR19;OR19;;OCC;MCO;OK;04/04/2024;;E;C;I;;S3T;;;;;;;;;;;;;;;;
7638072;TERRITOIRE;FT 94033/855;7638072;;OR16;OR16;OR19;OR19;;OCC;MCO;OK;22/02/2024;;E;C;T;;OHN;;;;;;;;;;;;;;;;
7948804;TERRITOIRE;FT 93053/1270;7948804;;OR16;OR16;OR19;OR19;;OCC;MCO;OK;02/05/2024;;E;C;I;;OHN;;;;;;;;;;;;;;;;
7519744;TERRITOIRE;FT 94033/453;7519744;;OR16;OR16;OR19;OR19;;OCC;MCO;OK;31/01/2024;;E;C;T;;L5T;;;;;;;;;;;;;;;;
7850278;TERRITOIRE;FT 94022/715;7850278;;OR16;OR16;OR19;OR19;;OCC;MCO;OK;08/04/2024;;E;C;I;;OHN;;;;;;;;;;;;;;;;
7763203;TERRITOIRE;FT 92078/393;7763203;;OR16;OR16;OR19;OR19;;OCC;MCO;OK;18/03/2024;;E;C;T;;OHN;;;;;;;;;;;;;;;;
7783059;TERRITOIRE;FT 92002/2213;7783059;;OR16;OR16;OR19;OR19;;OCC;MCO;OK;21/03/2024;;E;C;I;;S3T;;;;;;;;;;;;;;;;
7838134;TERRITOIRE;FT 92009/417;7838134;;OR16;OR16;OR19;OR19;;OCC;MCO;OK;04/04/2024;;E;C;I;;L3T;;;;;;;;;;;;;;;;
7607489;TERRITOIRE;FT 92026/794;7607489;;OR16;OR16;OR19;OR19;;OCC;MCO;OK;14/02/2024;;E;C;T;;S3T;;;;;;;;;;;;;;;;
7798477;TERRITOIRE;FT 92023/2383;7798477;;OR16;OR16;OR19;OR19;;OCC;MCO;OK;25/03/2024;;E;C;I;;S3T;;;;;;;;;;;;;;;;
7597111;TERRITOIRE;FT 94017/1831;7597111;;OR16;OR16;OR19;OR19;;OCC;MCO;OK;13/02/2024;;E;C;T;;L3T;;;;;;;;;;;;;;;;
7890551;TERRITOIRE;FT 78646/518;7890551;;OR16;OR16;OR19;OR19;;OCC;MCO;OK;18/04/2024;;E;C;I;;L3T;;;;;;;;;;;;;;;;
7876818;TERRITOIRE;FT 92022/365;7876818;;OR16;OR16;OR19;OR19;;OCC;MCO;OK;17/04/2024;;E;C;I;;A2;;;;;;;;;;;;;;;;
7798390;TERRITOIRE;FT 92020/412;7798390;;OR16;OR16;OR19;OR19;;OCC;MCO;OK;25/03/2024;;E;C;I;;U5T;;;;;;;;;;;;;;;;
7511358;TERRITOIRE;FT 93059/149;7511358;;OR16;OR16;OR19;OR19;;OCC;MCO;OK;30/01/2024;;E;C;T;;OHN;;;;;;;;;;;;;;;;
7798462;TERRITOIRE;FT 92020/232;7798462;;OR16;OR16;OR19;OR19;;OCC;MCO;OK;25/03/2024;;E;C;I;;S3T;;;;;;;;;;;;;;;;
7991364;TERRITOIRE;FT 93077/196;7991364;;OR16;OR16;OR19;OR19;;OCC;MCO;OK;13/05/2024;;E;C;I;;OHN;;;;;;;;;;;;;;;;
7594894;TERRITOIRE;FT 94002/129;7594894;;OR16;OR16;OR19;OR19;;OCC;MCO;OK;13/02/2024;;E;C;T;;L2T;;;;;;;;;;;;;;;;
7901115;TERRITOIRE;FT 95018/2686;7901115;;OR16;OR16;OR19;OR19;;OCC;MCO;OK;23/04/2024;;E;C;I;;OHN;;;;;;;;;;;;;;;;
7926406;TERRITOIRE;FT 94038/137;7926406;;OR16;OR16;OR19;OR19;;OCC;MCO;OK;26/04/2024;;E;C;I;;L3T;;;;;;;;;;;;;;;;
7643826;TERRITOIRE;FT 93007/392;7643826;;OR16;OR16;OR19;OR19;;OCC;MCO;OK;23/02/2024;;E;C;T;;D3;;;;;;;;;;;;;;;;
7859199;TERRITOIRE;FT 94068/532;7859199;;OR16;OR16;OR19;OR19;;OCC;MCO;OK;11/04/2024;;E;C;I;;OHN;;;;;;;;;;;;;;;;
7859360;TERRITOIRE;FT 94068/1311;7859360;;OR16;OR16;OR19;OR19;;OCC;MCO;OK;11/04/2024;;E;C;I;;OHN;;;;;;;;;;;;;;;;
7798419;TERRITOIRE;FT 92020/781;7798419;;OR16;OR16;OR19;OR19;;OCC;MCO;OK;25/03/2024;;E;C;I;;U5T;;;;;;;;;;;;;;;;
7830093;TERRITOIRE;FT 92019/1663;7830093;;OR16;OR16;OR19;OR19;;OCC;MCO;OK;02/04/2024;;E;C;I;;U6T;;;;;;;;;;;;;;;;
7798405;TERRITOIRE;FT 92023/2441;7798405;;OR16;OR16;OR19;OR19;;OCC;MCO;OK;25/03/2024;;E;C;I;;S4T;;;;;;;;;;;;;;;;
7787507;TERRITOIRE;FT 92014/236;7787507;;OR16;OR16;OR19;OR19;;OCC;MCO;OK;21/03/2024;;E;C;I;;S1T;;;;;;;;;;;;;;;;
7800339;TERRITOIRE;FT 92075/544;7800339;;OR16;OR16;OR19;OR19;;OCC;MCO;OK;26/03/2024;;E;C;I;;OHN;;;;;;;;;;;;;;;;
7615987;TERRITOIRE;FT 93070/611;7615987;;OR16;OR16;OR19;OR19;;OCC;MCO;OK;16/02/2024;;E;C;T;;OHN;;;;;;;;;;;;;;;;
7877129;TERRITOIRE;FT 92012/1525;7877129;;OR16;OR16;OR19;OR19;;OCC;MCO;OK;17/04/2024;;E;C;I;;OHN;;;;;;;;;;;;;;;;
7672316;TERRITOIRE;FT 93066/164;7672316;;OR16;OR16;OR19;OR19;;OCC;MCO;OK;29/02/2024;;E;C;T;;OHN;;;;;;;;;;;;;;;;
7795869;TERRITOIRE;FT 93048/1620;7795869;;OR16;OR16;OR19;OR19;;OCC;MCO;OK;25/03/2024;;E;C;I;;OHN;;;;;;;;;;;;;;;;
7991052;TERRITOIRE;FT 93057/809;7991052;;OR16;OR16;OR19;OR19;;OCC;MCO;OK;13/05/2024;;E;C;I;;OHN;;;;;;;;;;;;;;;;
7811877;TERRITOIRE;FT 94081/161;7811877;;OR16;OR16;OR19;OR19;;OCC;MCO;OK;27/03/2024;;E;C;I;;L4T;;;;;;;;;;;;;;;;
7973746;TERRITOIRE;FT 95063/365;7973746;;OR16;OR16;OR19;OR19;;OCC;MCO;OK;07/05/2024;;E;C;I;;OHN;;;;;;;;;;;;;;;;
7782722;TERRITOIRE;FT 92032/281;7782722;;OR16;OR16;OR19;OR19;;OCC;MCO;OK;21/03/2024;;E;C;I;;L2T;;;;;;;;;;;;;;;;
7883862;TERRITOIRE;FT 78646/4340;7883862;;OR16;OR16;OR19;OR19;;OCC;MCO;OK;18/04/2024;;E;C;I;;OHN;;;;;;;;;;;;;;;;
7800352;TERRITOIRE;FT 92075/448;7800352;;OR16;OR16;OR19;OR19;;OCC;MCO;OK;26/03/2024;;E;C;I;;S3T;;;;;;;;;;;;;;;;
7771198;TERRITOIRE;FT 94068/1973;7771198;;OR16;OR16;OR19;OR19;;OCC;MCO;OK;20/03/2024;;E;C;T;;OHN;;;;;;;;;;;;;;;;
7871349;TERRITOIRE;FT 94052/495;7871349;;OR16;OR16;OR19;OR19;;OCC;MCO;OK;16/04/2024;;E;C;I;;OHN;;;;;;;;;;;;;;;;
7731505;TERRITOIRE;FT 94028/1020;7731505;;OR16;OR16;OR19;OR19;;OCC;MCO;OK;13/03/2024;;E;C;T;;S4T;;;;;;;;;;;;;;;;
7877109;TERRITOIRE;FT 92012/1643;7877109;;OR16;OR16;OR19;OR19;;OCC;MCO;OK;17/04/2024;;E;C;I;;S4T;;;;;;;;;;;;;;;;
7811832;TERRITOIRE;FT 94054/519;7811832;;OR16;OR16;OR19;OR19;;OCC;MCO;OK;27/03/2024;;E;C;I;;L4T;;;;;;;;;;;;;;;;
7906558;TERRITOIRE;FT 92051/814;7906558;;OR16;OR16;OR19;OR19;;OCC;MCO;OK;23/04/2024;;E;C;I;;S4T;;;;;;;;;;;;;;;;
7859367;TERRITOIRE;FT 94068/696;7859367;;OR16;OR16;OR19;OR19;;OCC;MCO;OK;11/04/2024;;E;C;I;;OHN;;;;;;;;;;;;;;;;
7991425;TERRITOIRE;FT 93077/368;7991425;;OR16;OR16;OR19;OR19;;OCC;MCO;OK;13/05/2024;;E;C;I;;L3T;;;;;;;;;;;;;;;;
7609939;TERRITOIRE;FT 92026/978;7609939;;OR16;OR16;OR19;OR19;;OCC;MCO;OK;15/02/2024;;E;C;T;;S3T;;;;;;;;;;;;;;;;
7594880;TERRITOIRE;FT 94002/176;7594880;;OR16;OR16;OR19;OR19;;OCC;MCO;OK;13/02/2024;;E;C;T;;S3T;;;;;;;;;;;;;;;;
7630182;TERRITOIRE;FT 93064/1789;7630182;;OR16;OR16;OR19;OR19;;OCC;MCO;OK;21/02/2024;;E;C;T;;OHN;;;;;;;;;;;;;;;;
7552953;TERRITOIRE;FT 92036/90;7552953;;OR16;OR16;OR19;OR19;;OCC;MCO;OK;06/02/2024;;E;C;T;;L2T;;;;;;;;;;;;;;;;
7600628;TERRITOIRE;FT 92044/246;7600628;;OR16;OR16;OR19;OR19;;OCC;MCO;OK;13/02/2024;;E;C;T;;U5T;;;;;;;;;;;;;;;;
7603508;TERRITOIRE;FT 92050/1867;7603508;;OR16;OR16;OR19;OR19;;OCC;MCO;OK;14/02/2024;;E;C;T;;U6T;;;;;;;;;;;;;;;;
7859418;TERRITOIRE;FT 94067/25;7859418;;OR16;OR16;OR19;OR19;;OCC;MCO;OK;07/04/2024;;E;C;I;;S4T;;;;;;;;;;;;;;;;
7689275;TERRITOIRE;FT 93001/1021;7689275;;OR16;OR16;OR19;OR19;;OCC;MCO;OK;05/03/2024;;E;C;T;;OHN;;;;;;;;;;;;;;;;
7912670;TERRITOIRE;FT 94077/100;7912670;;OR16;OR16;OR19;OR19;;OCC;MCO;OK;24/04/2024;;E;C;I;;L2T;;;;;;;;;;;;;;;;
7783109;TERRITOIRE;FT 92002/1588;7783109;;OR16;OR16;OR19;OR19;;OCC;MCO;OK;21/03/2024;;E;C;I;;S3T;;;;;;;;;;;;;;;;
7829432;TERRITOIRE;FT 92019/343;7829432;;OR16;OR16;OR19;OR19;;OCC;MCO;OK;02/04/2024;;E;C;I;;S3T;;;;;;;;;;;;;;;;
7553652;TERRITOIRE;FT 92036/860;7553652;;OR16;OR16;OR19;OR19;;OCC;MCO;OK;06/02/2024;;E;C;T;;U5T;;;;;;;;;;;;;;;;
7789117;TERRITOIRE;FT 92071/886;7789117;;OR16;OR16;OR19;OR19;;OCC;MCO;OK;22/03/2024;;E;C;I;;S3T;;;;;;;;;;;;;;;;
7800347;TERRITOIRE;FT 92075/508;7800347;;OR16;OR16;OR19;OR19;;OCC;MCO;OK;26/03/2024;;E;C;I;;S4T;;;;;;;;;;;;;;;;
7848005;TERRITOIRE;FT 92050/54;7848005;;OR16;OR16;OR19;OR19;;OCC;MCO;OK;07/04/2024;;E;C;I;;OHN;;;;;;;;;;;;;;;;
7855712;TERRITOIRE;FT 92019/11;7855712;;OR16;OR16;OR19;OR19;;OCC;MCO;OK;10/04/2024;;E;C;I;;S5T;;;;;;;;;;;;;;;;
7883519;TERRITOIRE;FT 78646/1325;7883519;;OR16;OR16;OR19;OR19;;OCC;MCO;OK;18/04/2024;;E;C;I;;A2;;;;;;;;;;;;;;;;
7522235;TERRITOIRE;FT 93010/711;7522235;;OR16;OR16;OR19;OR19;;OCC;MCO;OK;31/01/2024;;E;C;T;;V6T;;;;;;;;;;;;;;;;
7553598;TERRITOIRE;FT 92036/647;7553598;;OR16;OR16;OR19;OR19;;OCC;MCO;OK;06/02/2024;;E;C;T;;S3T;;;;;;;;;;;;;;;;
7594920;TERRITOIRE;FT 94002/75;7594920;;OR16;OR16;OR19;OR19;;OCC;MCO;OK;13/02/2024;;E;C;T;;L4T;;;;;;;;;;;;;;;;
7902726;TERRITOIRE;FT 94080/1026;7902726;;OR16;OR16;OR19;OR19;;OCC;MCO;OK;23/04/2024;;E;C;I;;S3T;;;;;;;;;;;;;;;;
7635210;TERRITOIRE;FT 93072/726;7635210;;OR16;OR16;OR19;OR19;;OCC;MCO;OK;22/02/2024;;E;C;T;;L6T;;;;;;;;;;;;;;;;
7530557;TERRITOIRE;FT 93077/789;7530557;;OR16;OR16;OR19;OR19;;OCC;MCO;OK;01/02/2024;;E;C;T;;OHN;;;;;;;;;;;;;;;;
7837448;TERRITOIRE;FT 92025/118;7837448;;OR16;OR16;OR19;OR19;;OCC;MCO;OK;04/04/2024;;E;C;I;;OHN;;;;;;;;;;;;;;;;
7607386;TERRITOIRE;FT 92026/512;7607386;;OR16;OR16;OR19;OR19;;OCC;MCO;OK;14/02/2024;;E;C;T;;S3T;;;;;;;;;;;;;;;;
7714628;TERRITOIRE;FT 92004/977;7714628;;OR16;OR16;OR19;OR19;;OCC;MCO;OK;08/03/2024;;E;C;T;;S4T;;;;;;;;;;;;;;;;
7873585;TERRITOIRE;FT 94065/248;7873585;;OR16;OR16;OR19;OR19;;OCC;MCO;OK;16/04/2024;;E;C;I;;L3T;;;;;;;;;;;;;;;;
7596171;TERRITOIRE;FT 94017/2107;7596171;;OR16;OR16;OR19;OR19;;OCC;MCO;OK;13/02/2024;;E;C;T;;OHN;;;;;;;;;;;;;;;;
7829433;TERRITOIRE;FT 92019/341;7829433;;OR16;OR16;OR19;OR19;;OCC;MCO;OK;02/04/2024;;E;C;I;;S4T;;;;;;;;;;;;;;;;
7888945;TERRITOIRE;FT 78646/6013;7888945;;OR16;OR16;OR19;OR19;;OCC;MCO;OK;18/04/2024;;E;C;I;;A2B;;;;;;;;;;;;;;;;
7651537;TERRITOIRE;FT 92036/1362;7651537;;OR16;OR16;OR19;OR19;;OCC;MCO;OK;26/02/2024;;E;C;T;;S4T;;;;;;;;;;;;;;;;
7632314;TERRITOIRE;FT 93031/336;7632314;;OR16;OR16;OR19;OR19;;OCC;MCO;OK;21/02/2024;;E;C;T;;L6T;;;;;;;;;;;;;;;;
7827242;TERRITOIRE;FT 92046/90;7827242;;OR16;OR16;OR19;OR19;;OCC;MCO;OK;02/04/2024;;E;C;I;;S4T;;;;;;;;;;;;;;;;
7652941;TERRITOIRE;FT 92036/FT1;7652941;;OR16;OR16;OR19;OR19;;OCC;MCO;OK;27/02/2024;;E;C;T;;OHN;;;;;;;;;;;;;;;;
7838080;TERRITOIRE;FT 92025/368;7838080;;OR16;OR16;OR19;OR19;;OCC;MCO;OK;04/04/2024;;E;C;I;;S4T;;;;;;;;;;;;;;;;
7566421;TERRITOIRE;FT 93046/573;7566421;;OR16;OR16;OR19;OR19;;OCC;MCO;OK;08/02/2024;;E;C;T;;L1T;;;;;;;;;;;;;;;;
7763210;TERRITOIRE;FT 92036/1044;7763210;;OR16;OR16;OR19;OR19;;OCC;MCO;OK;18/03/2024;;E;C;T;;S3T;;;;;;;;;;;;;;;;
7876803;TERRITOIRE;FT 78640/578;7876803;;OR16;OR16;OR19;OR19;;OCC;MCO;OK;17/04/2024;;E;C;I;;OHN;;;;;;;;;;;;;;;;
7912662;TERRITOIRE;FT 94077/872;7912662;;OR16;OR16;OR19;OR19;;OCC;MCO;OK;24/04/2024;;E;C;I;;L4T;;;;;;;;;;;;;;;;
7798437;TERRITOIRE;FT 92020/758;7798437;;OR16;OR16;OR19;OR19;;OCC;MCO;OK;25/03/2024;;E;C;I;;S4T;;;;;;;;;;;;;;;;
7850254;TERRITOIRE;FT 94022/913;7850254;;OR16;OR16;OR19;OR19;;OCC;MCO;OK;08/04/2024;;E;C;I;;OHN;;;;;;;;;;;;;;;;
7654788;TERRITOIRE;FT 93010/1047;7654788;;OR16;OR16;OR19;OR19;;OCC;MCO;OK;27/02/2024;;E;C;T;;OHN;;;;;;;;;;;;;;;;
7761585;TERRITOIRE;FT 93057/227;7761585;;OR16;OR16;OR19;OR19;;OCC;MCO;OK;18/03/2024;;E;C;T;;L4T;;;;;;;;;;;;;;;;
7518411;TERRITOIRE;FT 94033/764;7518411;;OR16;OR16;OR19;OR19;;OCC;MCO;OK;31/01/2024;;E;C;T;;OHN;;;;;;;;;;;;;;;;
7871360;TERRITOIRE;FT 94052/610;7871360;;OR16;OR16;OR19;OR19;;OCC;MCO;OK;16/04/2024;;E;C;I;;OHN;;;;;;;;;;;;;;;;
7830085;TERRITOIRE;FT 92019/223;7830085;;OR16;OR16;OR19;OR19;;OCC;MCO;OK;02/04/2024;;E;C;I;;S5T;;;;;;;;;;;;;;;;
7838424;TERRITOIRE;FT 92025/178;7838424;;OR16;OR16;OR19;OR19;;OCC;MCO;OK;04/04/2024;;E;C;I;;L5T;;;;;;;;;;;;;;;;
7991402;TERRITOIRE;FT 93010/1250;7991402;;OR16;OR16;OR19;OR19;;OCC;MCO;OK;13/05/2024;;E;C;I;;OHN;;;;;;;;;;;;;;;;
7899879;TERRITOIRE;FT 78646/5839;7899879;;OR16;OR16;OR19;OR19;;OCC;MCO;OK;23/04/2024;;E;C;I;;A2B;;;;;;;;;;;;;;;;
7610231;TERRITOIRE;FT 92004/839;7610231;;OR16;OR16;OR19;OR19;;OCC;MCO;OK;15/02/2024;;E;C;T;;OHN;;;;;;;;;;;;;;;;
7796157;TERRITOIRE;FT 93048/2575;7796157;;OR16;OR16;OR19;OR19;;OCC;MCO;OK;25/03/2024;;E;C;I;;OHN;;;;;;;;;;;;;;;;
7607461;TERRITOIRE;FT 92026/955;7607461;;OR16;OR16;OR19;OR19;;OCC;MCO;OK;14/02/2024;;E;C;T;;S3T;;;;;;;;;;;;;;;;
7714555;TERRITOIRE;FT 92036/555;7714555;;OR16;OR16;OR19;OR19;;OCC;MCO;OK;08/03/2024;;E;C;T;;L4T;;;;;;;;;;;;;;;;
7553605;TERRITOIRE;FT 92036/93;7553605;;OR16;OR16;OR19;OR19;;OCC;MCO;OK;06/02/2024;;E;C;T;;OHN;;;;;;;;;;;;;;;;
7777207;TERRITOIRE;FT 92002/1221;7777207;;OR16;OR16;OR19;OR19;;OCC;MCO;OK;20/03/2024;;E;C;T;;S3T;;;;;;;;;;;;;;;;
7833280;TERRITOIRE;FT 94017/2494;7833280;;OR16;OR16;OR19;OR19;;OCC;MCO;OK;03/04/2024;;E;C;I;;L5T;;;;;;;;;;;;;;;;
7777205;TERRITOIRE;FT 92002/649;7777205;;OR16;OR16;OR19;OR19;;OCC;MCO;OK;20/03/2024;;E;C;T;;S3T;;;;;;;;;;;;;;;;
7803193;TERRITOIRE;FT 92020/832;7803193;;OR16;OR16;OR19;OR19;;OCC;MCO;OK;26/03/2024;;E;C;I;;L5T;;;;;;;;;;;;;;;;
7796145;TERRITOIRE;FT 93048/2478;7796145;;OR16;OR16;OR19;OR19;;OCC;MCO;OK;25/03/2024;;E;C;I;;OHN;;;;;;;;;;;;;;;;
7819861;TERRITOIRE;FT 94081/1482;7819861;;OR16;OR16;OR19;OR19;;OCC;MCO;OK;28/03/2024;;E;C;I;;L4T;;;;;;;;;;;;;;;;
7883829;TERRITOIRE;FT 78646/647;7883829;;OR16;OR16;OR19;OR19;;OCC;MCO;OK;18/04/2024;;E;C;I;;P2T;;;;;;;;;;;;;;;;
7832633;TERRITOIRE;FT 94059/50;7832633;;OR16;OR16;OR19;OR19;;OCC;MCO;OK;03/04/2024;;E;C;I;;OHN;;;;;;;;;;;;;;;;
7692497;TERRITOIRE;FT 92007/536;7692497;;OR16;OR16;OR19;OR19;;OCC;MCO;OK;05/03/2024;;E;C;T;;L2T;;;;;;;;;;;;;;;;
7654743;TERRITOIRE;FT 93029/1882;7654743;;OR16;OR16;OR19;OR19;;OCC;MCO;OK;27/02/2024;;E;C;T;;OHN;;;;;;;;;;;;;;;;
7619843;TERRITOIRE;FT 93031/1291;7619843;;OR16;OR16;OR19;OR19;;OCC;MCO;OK;19/02/2024;;E;C;T;;L4T;;;;;;;;;;;;;;;;
7782720;TERRITOIRE;FT 92032/386;7782720;;OR16;OR16;OR19;OR19;;OCC;MCO;OK;21/03/2024;;E;C;I;;S4T;;;;;;;;;;;;;;;;
7905596;TERRITOIRE;FT 92051/78;7905596;;OR16;OR16;OR19;OR19;;OCC;MCO;OK;23/04/2024;;E;C;I;;V6T;;;;;;;;;;;;;;;;
7714621;TERRITOIRE;FT 92004/539;7714621;;OR16;OR16;OR19;OR19;;OCC;MCO;OK;08/03/2024;;E;C;T;;S4T;;;;;;;;;;;;;;;;
7646399;TERRITOIRE;FT 93029/905;7646399;;OR16;OR16;OR19;OR19;;OCC;MCO;OK;23/02/2024;;E;C;T;;L3T;;;;;;;;;;;;;;;;
7994573;TERRITOIRE;FT 93057/720;7994573;;OR16;OR16;OR19;OR19;;OCC;MCO;OK;13/05/2024;;E;C;I;;OHN;;;;;;;;;;;;;;;;
7827199;TERRITOIRE;FT 92046/514;7827199;;OR16;OR16;OR19;OR19;;OCC;MCO;OK;02/04/2024;;E;C;I;;U5T;;;;;;;;;;;;;;;;
7850231;TERRITOIRE;FT 94022/862;7850231;;OR16;OR16;OR19;OR19;;OCC;MCO;OK;08/04/2024;;E;C;I;;L3T;;;;;;;;;;;;;;;;
7859260;TERRITOIRE;FT 94068/1244;7859260;;OR16;OR16;OR19;OR19;;OCC;MCO;OK;11/04/2024;;E;C;I;;OHN;;;;;;;;;;;;;;;;
7542720;TERRITOIRE;FT 92024/1234;7542720;;OR16;OR16;OR19;OR19;;OCC;MCO;OK;02/02/2024;;E;C;T;;L2T;;;;;;;;;;;;;;;;
7915843;TERRITOIRE;FT 94018/117;7915843;;OR16;OR16;OR19;OR19;;OCC;MCO;OK;24/04/2024;;E;C;I;;S3T;;;;;;;;;;;;;;;;
7855707;TERRITOIRE;FT 92019/9;7855707;;OR16;OR16;OR19;OR19;;OCC;MCO;OK;10/04/2024;;E;C;I;;L2T;;;;;;;;;;;;;;;;
7855718;TERRITOIRE;FT 92060/47;7855718;;OR16;OR16;OR19;OR19;;OCC;MCO;OK;10/04/2024;;E;C;I;;S5T;;;;;;;;;;;;;;;;
7783078;TERRITOIRE;FT 92002/2569;7783078;;OR16;OR16;OR19;OR19;;OCC;MCO;OK;21/03/2024;;E;C;I;;S3T;;;;;;;;;;;;;;;;
7991043;TERRITOIRE;FT 93046/1471;7991043;;OR16;OR16;OR19;OR19;;OCC;MCO;OK;13/05/2024;;E;C;I;;P3C;;;;;;;;;;;;;;;;
7607439;TERRITOIRE;FT 92026/67;7607439;;OR16;OR16;OR19;OR19;;OCC;MCO;OK;14/02/2024;;E;C;T;;U4T;;;;;;;;;;;;;;;;
7610230;TERRITOIRE;FT 92004/506;7610230;;OR16;OR16;OR19;OR19;;OCC;MCO;OK;15/02/2024;;E;C;T;;S5T;;;;;;;;;;;;;;;;
7855666;TERRITOIRE;FT 92060/481;7855666;;OR16;OR16;OR19;OR19;;OCC;MCO;OK;10/04/2024;;E;C;I;;S4T;;;;;;;;;;;;;;;;
7798387;TERRITOIRE;FT 92020/310;7798387;;OR16;OR16;OR19;OR19;;OCC;MCO;OK;25/03/2024;;E;C;I;;L0T;;;;;;;;;;;;;;;;
7838130;TERRITOIRE;FT 92009/866;7838130;;OR16;OR16;OR19;OR19;;OCC;MCO;OK;04/04/2024;;E;C;I;;L3T;;;;;;;;;;;;;;;;
7607448;TERRITOIRE;FT 92026/93;7607448;;OR16;OR16;OR19;OR19;;OCC;MCO;OK;14/02/2024;;E;C;T;;S4T;;;;;;;;;;;;;;;;
7530575;TERRITOIRE;FT 93010/1069;7530575;;OR16;OR16;OR19;OR19;;OCC;MCO;OK;01/02/2024;;E;C;T;;OHN;;;;;;;;;;;;;;;;
7607430;TERRITOIRE;FT 92026/296;7607430;;OR16;OR16;OR19;OR19;;OCC;MCO;OK;14/02/2024;;E;C;T;;S4T;;;;;;;;;;;;;;;;
7553653;TERRITOIRE;FT 92036/973;7553653;;OR16;OR16;OR19;OR19;;OCC;MCO;OK;06/02/2024;;E;C;T;;L2T;;;;;;;;;;;;;;;;
7832948;TERRITOIRE;FT 94017/2322;7832948;;OR16;OR16;OR19;OR19;;OCC;MCO;OK;03/04/2024;;E;C;I;;L4T;;;;;;;;;;;;;;;;
7772477;TERRITOIRE;FT 94068/1965;7772477;;OR16;OR16;OR19;OR19;;OCC;MCO;OK;20/03/2024;;E;C;T;;U5T;;;;;;;;;;;;;;;;
7837749;TERRITOIRE;FT 92025/39;7837749;;OR16;OR16;OR19;OR19;;OCC;MCO;OK;04/04/2024;;E;C;I;;OHN;;;;;;;;;;;;;;;;
7905276;TERRITOIRE;FT 92051/1211;7905276;;OR16;OR16;OR19;OR19;;OCC;MCO;OK;23/04/2024;;E;C;I;;V5T;;;;;;;;;;;;;;;;
7827218;TERRITOIRE;FT 92046/611;7827218;;OR16;OR16;OR19;OR19;;OCC;MCO;OK;02/04/2024;;E;C;I;;L2T;;;;;;;;;;;;;;;;
7533426;TERRITOIRE;FT 93072/318;7533426;;OR16;OR16;OR19;OR19;;OCC;MCO;OK;01/02/2024;;E;C;T;;L2T;;;;;;;;;;;;;;;;
7511346;TERRITOIRE;FT 93059/729;7511346;;OR16;OR16;OR19;OR19;;OCC;MCO;OK;30/01/2024;;E;C;T;;K2C;;;;;;;;;;;;;;;;
7783065;TERRITOIRE;FT 92002/2568;7783065;;OR16;OR16;OR19;OR19;;OCC;MCO;OK;21/03/2024;;E;C;I;;L1T;;;;;;;;;;;;;;;;
7856670;TERRITOIRE;FT 92019/163;7856670;;OR16;OR16;OR19;OR19;;OCC;MCO;OK;10/04/2024;;E;C;I;;S3T;;;;;;;;;;;;;;;;
7649265;TERRITOIRE;FT 93064/1826;7649265;;OR16;OR16;OR19;OR19;;OCC;MCO;OK;21/02/2024;;E;C;T;;OHN;;;;;;;;;;;;;;;;
7568638;TERRITOIRE;FT 94046/83;7568638;;OR16;OR16;OR19;OR19;;OCC;MCO;OK;08/02/2024;;E;C;T;;OHN;;;;;;;;;;;;;;;;
7761338;TERRITOIRE;FT 93057/432;7761338;;OR16;OR16;OR19;OR19;;OCC;MCO;OK;18/03/2024;;E;C;T;;OHN;;;;;;;;;;;;;;;;
7604799;TERRITOIRE;FT 92025/1348;7604799;;OR16;OR16;OR19;OR19;;OCC;MCO;OK;14/02/2024;;E;C;T;;L2T;;;;;;;;;;;;;;;;
7912666;TERRITOIRE;FT 94077/904;7912666;;OR16;OR16;OR19;OR19;;OCC;MCO;OK;24/04/2024;;E;C;I;;K3C;;;;;;;;;;;;;;;;
7514241;TERRITOIRE;FT 93055/160;7514241;;OR16;OR16;OR19;OR19;;OCC;MCO;OK;30/01/2024;;E;C;T;;OHN;;;;;;;;;;;;;;;;
7777084;TERRITOIRE;FT 92002/1155;7777084;;OR16;OR16;OR19;OR19;;OCC;MCO;OK;20/03/2024;;E;C;T;;S3T;;;;;;;;;;;;;;;;
7632307;TERRITOIRE;FT 93064/34;7632307;;OR16;OR16;OR19;OR19;;OCC;MCO;OK;21/02/2024;;E;C;T;;OHN;;;;;;;;;;;;;;;;
7607393;TERRITOIRE;FT 92026/1080;7607393;;OR16;OR16;OR19;OR19;;OCC;MCO;OK;14/02/2024;;E;C;T;;S3T;;;;;;;;;;;;;;;;
7731192;TERRITOIRE;FT 94028/1046;7731192;;OR16;OR16;OR19;OR19;;OCC;MCO;OK;13/03/2024;;E;C;T;;OHN;;;;;;;;;;;;;;;;
7605754;TERRITOIRE;FT 92025/1388;7605754;;OR16;OR16;OR19;OR19;;OCC;MCO;OK;14/02/2024;;E;C;T;;S4T;;;;;;;;;;;;;;;;
7603546;TERRITOIRE;FT 92035/140;7603546;;OR16;OR16;OR19;OR19;;OCC;MCO;OK;14/02/2024;;E;C;T;;U6T;;;;;;;;;;;;;;;;
7761292;TERRITOIRE;FT 93010/941;7761292;;OR16;OR16;OR19;OR19;;OCC;MCO;OK;18/03/2024;;E;C;T;;A2;;;;;;;;;;;;;;;;
7838113;TERRITOIRE;FT 92025/426;7838113;;OR16;OR16;OR19;OR19;;OCC;MCO;OK;04/04/2024;;E;C;I;;S3T;;;;;;;;;;;;;;;;
7838109;TERRITOIRE;FT 92009/41;7838109;;OR16;OR16;OR19;OR19;;OCC;MCO;OK;04/04/2024;;E;C;I;;S4T;;;;;;;;;;;;;;;;
7991670;TERRITOIRE;FT 93077/580;7991670;;OR16;OR16;OR19;OR19;;OCC;MCO;OK;13/05/2024;;E;C;I;;A2;;;;;;;;;;;;;;;;
7991447;TERRITOIRE;FT 93077/492;7991447;;OR16;OR16;OR19;OR19;;OCC;MCO;OK;13/05/2024;;E;C;I;;OHN;;;;;;;;;;;;;;;;
7683845;TERRITOIRE;FT 93029/435;7683845;;OR16;OR16;OR19;OR19;;OCC;MCO;OK;04/03/2024;;E;C;T;;OHN;;;;;;;;;;;;;;;;
7790070;TERRITOIRE;FT 93039/167;7790070;;OR16;OR16;OR19;OR19;;OCC;MCO;OK;22/03/2024;;E;C;I;;S4T;;;;;;;;;;;;;;;;
7948789;TERRITOIRE;FT 93063/1091;7948789;;OR16;OR16;OR19;OR19;;OCC;MCO;OK;02/05/2024;;E;C;I;;U5T;;;;;;;;;;;;;;;;
7991351;TERRITOIRE;FT 93077/352;7991351;;OR16;OR16;OR19;OR19;;OCC;MCO;OK;13/05/2024;;E;C;I;;L2T;;;;;;;;;;;;;;;;
7619847;TERRITOIRE;FT 93031/1345;7619847;;OR16;OR16;OR19;OR19;;OCC;MCO;OK;19/02/2024;;E;C;T;;L2T;;;;;;;;;;;;;;;;
7638086;TERRITOIRE;FT 93006/747;7638086;;OR16;OR16;OR19;OR19;;OCC;MCO;OK;22/02/2024;;E;C;T;;L4T;;;;;;;;;;;;;;;;
7838405;TERRITOIRE;FT 92009/219;7838405;;OR16;OR16;OR19;OR19;;OCC;MCO;OK;04/04/2024;;E;C;I;;U5T;;;;;;;;;;;;;;;;
7850283;TERRITOIRE;FT 94022/1237;7850283;;OR16;OR16;OR19;OR19;;OCC;MCO;OK;08/04/2024;;E;C;I;;L2T;;;;;;;;;;;;;;;;
7850262;TERRITOIRE;FT 94022/885;7850262;;OR16;OR16;OR19;OR19;;OCC;MCO;OK;08/04/2024;;E;C;I;;L1T;;;;;;;;;;;;;;;;
7714633;TERRITOIRE;FT 92004/56;7714633;;OR16;OR16;OR19;OR19;;OCC;MCO;OK;08/03/2024;;E;C;T;;OHN;;;;;;;;;;;;;;;;
7871397;TERRITOIRE;FT 92073/39;7871397;;OR16;OR16;OR19;OR19;;OCC;MCO;OK;16/04/2024;;E;C;I;;K1C;;;;;;;;;;;;;;;;
7827250;TERRITOIRE;FT 92046/621;7827250;;OR16;OR16;OR19;OR19;;OCC;MCO;OK;02/04/2024;;E;C;I;;OHN;;;;;;;;;;;;;;;;
7830402;TERRITOIRE;FT 92019/1130;7830402;;OR16;OR16;OR19;OR19;;OCC;MCO;OK;02/04/2024;;E;C;I;;L2T;;;;;;;;;;;;;;;;
8201908;TERRITOIRE;FT 92060/326;8201908;;OR16;OR16;OR19;OR19;;OCC;MCO;OK;19/06/2024;;E;C;I;;NC;;;;;;;;;;;;;;;;
7610225;TERRITOIRE;FT 92004/837;7610225;;OR16;OR16;OR19;OR19;;OCC;MCO;OK;15/02/2024;;E;C;T;;U4T;;;;;;;;;;;;;;;;
7646402;TERRITOIRE;FT 93029/1256;7646402;;OR16;OR16;OR19;OR19;;OCC;MCO;OK;23/02/2024;;E;C;T;;OHN;;;;;;;;;;;;;;;;
7619827;TERRITOIRE;FT 93031/151;7619827;;OR16;OR16;OR19;OR19;;OCC;MCO;OK;19/02/2024;;E;C;T;;L5T;;;;;;;;;;;;;;;;
7651573;TERRITOIRE;FT 92036/1267;7651573;;OR16;OR16;OR19;OR19;;OCC;MCO;OK;26/02/2024;;E;C;T;;L2T;;;;;;;;;;;;;;;;
7519710;TERRITOIRE;FT 94080/1186;7519710;;OR16;OR16;OR19;OR19;;OCC;MCO;OK;31/01/2024;;E;C;T;;S4T;;;;;;;;;;;;;;;;
7856636;TERRITOIRE;FT 92019/160;7856636;;OR16;OR16;OR19;OR19;;OCC;MCO;OK;10/04/2024;;E;C;I;;S4T;;;;;;;;;;;;;;;;
7714624;TERRITOIRE;FT 92004/534;7714624;;OR16;OR16;OR19;OR19;;OCC;MCO;OK;08/03/2024;;E;C;T;;S3T;;;;;;;;;;;;;;;;
7871388;TERRITOIRE;FT 92073/34;7871388;;OR16;OR16;OR19;OR19;;OCC;MCO;OK;16/04/2024;;E;C;I;;S3T;;;;;;;;;;;;;;;;
7594929;TERRITOIRE;FT 94081/2109;7594929;;OR16;OR16;OR19;OR19;;OCC;MCO;OK;13/02/2024;;E;C;T;;L3T;;;;;;;;;;;;;;;;
7833908;TERRITOIRE;FT 94017/2490;7833908;;OR16;OR16;OR19;OR19;;OCC;MCO;OK;03/04/2024;;E;C;I;;OHN;;;;;;;;;;;;;;;;
7783134;TERRITOIRE;FT 92014/230;7783134;;OR16;OR16;OR19;OR19;;OCC;MCO;OK;21/03/2024;;E;C;I;;S3T;;;;;;;;;;;;;;;;
7838400;TERRITOIRE;FT 92009/901;7838400;;OR16;OR16;OR19;OR19;;OCC;MCO;OK;04/04/2024;;E;C;I;;L2T;;;;;;;;;;;;;;;;
7887672;TERRITOIRE;FT 92073/718;7887672;;OR16;OR16;OR19;OR19;;OCC;MCO;OK;19/04/2024;;E;C;I;;S4T;;;;;;;;;;;;;;;;
7837445;TERRITOIRE;FT 92025/390;7837445;;OR16;OR16;OR19;OR19;;OCC;MCO;OK;04/04/2024;;E;C;I;;L4T;;;;;;;;;;;;;;;;
7883846;TERRITOIRE;FT 78646/646;7883846;;OR16;OR16;OR19;OR19;;OCC;MCO;OK;18/04/2024;;E;C;I;;M2T;;;;;;;;;;;;;;;;
7830066;TERRITOIRE;FT 92019/222;7830066;;OR16;OR16;OR19;OR19;;OCC;MCO;OK;02/04/2024;;E;C;I;;S3T;;;;;;;;;;;;;;;;
7855714;TERRITOIRE;FT 92019/10;7855714;;OR16;OR16;OR19;OR19;;OCC;MCO;OK;10/04/2024;;E;C;I;;OHN;;;;;;;;;;;;;;;;
7683550;TERRITOIRE;FT 93029/1178;7683550;;OR16;OR16;OR19;OR19;;OCC;MCO;OK;04/03/2024;;E;C;T;;U5T;;;;;;;;;;;;;;;;
7594932;TERRITOIRE;FT 94081/2108;7594932;;OR16;OR16;OR19;OR19;;OCC;MCO;OK;13/02/2024;;E;C;T;;L3T;;;;;;;;;;;;;;;;
7540794;TERRITOIRE;FT 93001/529;7540794;;OR16;OR16;OR19;OR19;;OCC;MCO;OK;02/02/2024;;E;C;T;;S4T;;;;;;;;;;;;;;;;
7630124;TERRITOIRE;FT 93064/1458;7630124;;OR16;OR16;OR19;OR19;;OCC;MCO;OK;21/02/2024;;E;C;T;;OHN;;;;;;;;;;;;;;;;
7716151;TERRITOIRE;FT 94016/178;7716151;;OR16;OR16;OR19;OR19;;OCC;MCO;OK;11/03/2024;;E;C;T;;L2T;;;;;;;;;;;;;;;;
7912711;TERRITOIRE;FT 94077/927;7912711;;OR16;OR16;OR19;OR19;;OCC;MCO;OK;24/04/2024;;E;C;I;;A2;;;;;;;;;;;;;;;;
7772487;TERRITOIRE;FT 94068/1899;7772487;;OR16;OR16;OR19;OR19;;OCC;MCO;OK;20/03/2024;;E;C;T;;OHN;;;;;;;;;;;;;;;;
7798424;TERRITOIRE;FT 92020/760;7798424;;OR16;OR16;OR19;OR19;;OCC;MCO;OK;25/03/2024;;E;C;I;;S3T;;;;;;;;;;;;;;;;
7618865;TERRITOIRE;FT 93079/477;7618865;;OR16;OR16;OR19;OR19;;OCC;MCO;OK;19/02/2024;;E;C;T;;OHN;;;;;;;;;;;;;;;;
7594870;TERRITOIRE;FT 94002/277;7594870;;OR16;OR16;OR19;OR19;;OCC;MCO;OK;13/02/2024;;E;C;T;;S4T;;;;;;;;;;;;;;;;
7991053;TERRITOIRE;FT 93057/808;7991053;;OR16;OR16;OR19;OR19;;OCC;MCO;OK;13/05/2024;;E;C;I;;OHN;;;;;;;;;;;;;;;;
7690235;TERRITOIRE;FT 93001/1360;7690235;;OR16;OR16;OR19;OR19;;OCC;MCO;OK;05/03/2024;;E;C;T;;V5T;;;;;;;;;;;;;;;;
7963542;TERRITOIRE;FT 94043/34;7963542;;OR16;OR16;OR19;OR19;;OCC;MCO;OK;06/05/2024;;E;C;I;;L3T;;;;;;;;;;;;;;;;
7850298;TERRITOIRE;FT 94022/1043;7850298;;OR16;OR16;OR19;OR19;;OCC;MCO;OK;08/04/2024;;E;C;I;;OHN;;;;;;;;;;;;;;;;
7796181;TERRITOIRE;FT 93048/2490;7796181;;OR16;OR16;OR19;OR19;;OCC;MCO;OK;25/03/2024;;E;C;I;;OHN;;;;;;;;;;;;;;;;
7553631;TERRITOIRE;FT 92036/850;7553631;;OR16;OR16;OR19;OR19;;OCC;MCO;OK;06/02/2024;;E;C;T;;S1T;;;;;;;;;;;;;;;;
7830095;TERRITOIRE;FT 92019/637;7830095;;OR16;OR16;OR19;OR19;;OCC;MCO;OK;02/04/2024;;E;C;I;;S4T;;;;;;;;;;;;;;;;
7902731;TERRITOIRE;FT 94080/823;7902731;;OR16;OR16;OR19;OR19;;OCC;MCO;OK;23/04/2024;;E;C;I;;OHN;;;;;;;;;;;;;;;;
7542733;TERRITOIRE;FT 92024/707;7542733;;OR16;OR16;OR19;OR19;;OCC;MCO;OK;02/02/2024;;E;C;T;;S3T;;;;;;;;;;;;;;;;
7811885;TERRITOIRE;FT 94065/583;7811885;;OR16;OR16;OR19;OR19;;OCC;MCO;OK;27/03/2024;;E;C;I;;P1T;;;;;;;;;;;;;;;;
7948826;TERRITOIRE;FT 94080/43;7948826;;OR16;OR16;OR19;OR19;;OCC;MCO;OK;02/05/2024;;E;C;I;;S3T;;;;;;;;;;;;;;;;
7837427;TERRITOIRE;FT 92025/84;7837427;;OR16;OR16;OR19;OR19;;OCC;MCO;OK;04/04/2024;;E;C;I;;S3T;;;;;;;;;;;;;;;;
7832949;TERRITOIRE;FT 94017/2109;7832949;;OR16;OR16;OR19;OR19;;OCC;MCO;OK;03/04/2024;;E;C;I;;L2T;;;;;;;;;;;;;;;;
7832952;TERRITOIRE;FT 94017/2113;7832952;;OR16;OR16;OR19;OR19;;OCC;MCO;OK;03/04/2024;;E;C;I;;OHN;;;;;;;;;;;;;;;;
7827192;TERRITOIRE;FT 92046/807;7827192;;OR16;OR16;OR19;OR19;;OCC;MCO;OK;02/04/2024;;E;C;I;;S4T;;;;;;;;;;;;;;;;
7519742;TERRITOIRE;FT 94033/242;7519742;;OR16;OR16;OR19;OR19;;OCC;MCO;OK;31/01/2024;;E;C;T;;S3T;;;;;;;;;;;;;;;;
7789197;TERRITOIRE;FT 93039/154;7789197;;OR16;OR16;OR19;OR19;;OCC;MCO;OK;22/03/2024;;E;C;I;;OHN;;;;;;;;;;;;;;;;
7877151;TERRITOIRE;FT 92012/1513;7877151;;OR16;OR16;OR19;OR19;;OCC;MCO;OK;17/04/2024;;E;C;I;;OHN;;;;;;;;;;;;;;;;
7904952;TERRITOIRE;FT 92051/816;7904952;;OR16;OR16;OR19;OR19;;OCC;MCO;OK;23/04/2024;;E;C;I;;S5T;;;;;;;;;;;;;;;;
7600640;TERRITOIRE;FT 92044/192;7600640;;OR16;OR16;OR19;OR19;;OCC;MCO;OK;13/02/2024;;E;C;T;;S3T;;;;;;;;;;;;;;;;
7877117;TERRITOIRE;FT 92012/1970;7877117;;OR16;OR16;OR19;OR19;;OCC;MCO;OK;17/04/2024;;E;C;I;;U5T;;;;;;;;;;;;;;;;
7800325;TERRITOIRE;FT 92075/626;7800325;;OR16;OR16;OR19;OR19;;OCC;MCO;OK;26/03/2024;;E;C;I;;S1T;;;;;;;;;;;;;;;;
7803186;TERRITOIRE;FT 92020/833;7803186;;OR16;OR16;OR19;OR19;;OCC;MCO;OK;26/03/2024;;E;C;I;;S1T;;;;;;;;;;;;;;;;
7915875;TERRITOIRE;FT 94018/292;7915875;;OR16;OR16;OR19;OR19;;OCC;MCO;OK;24/04/2024;;E;C;I;;U7T;;;;;;;;;;;;;;;;
7902744;TERRITOIRE;FT 94033/1618;7902744;;OR16;OR16;OR19;OR19;;OCC;MCO;OK;23/04/2024;;E;C;I;;S3T;;;;;;;;;;;;;;;;
7830403;TERRITOIRE;FT 92019/1664;7830403;;OR16;OR16;OR19;OR19;;OCC;MCO;OK;02/04/2024;;E;C;I;;OHN;;;;;;;;;;;;;;;;
7848011;TERRITOIRE;FT 92050/151;7848011;;OR16;OR16;OR19;OR19;;OCC;MCO;OK;07/04/2024;;E;C;I;;OHN;;;;;;;;;;;;;;;;
7915828;TERRITOIRE;FT 94018/379;7915828;;OR16;OR16;OR19;OR19;;OCC;MCO;OK;24/04/2024;;E;C;I;;OHN;;;;;;;;;;;;;;;;
7609599;TERRITOIRE;FT 92004/792;7609599;;OR16;OR16;OR19;OR19;;OCC;MCO;OK;15/02/2024;;E;C;T;;S3T;;;;;;;;;;;;;;;;
7783131;TERRITOIRE;FT 92014/238;7783131;;OR16;OR16;OR19;OR19;;OCC;MCO;OK;21/03/2024;;E;C;I;;S3T;;;;;;;;;;;;;;;;
7649271;TERRITOIRE;FT 92078/286;7649271;;OR16;OR16;OR19;OR19;;OCC;MCO;OK;26/02/2024;;E;C;T;;S4T;;;;;;;;;;;;;;;;
7635186;TERRITOIRE;FT 93072/806;7635186;;OR16;OR16;OR19;OR19;;OCC;MCO;OK;22/02/2024;;E;C;T;;L2T;;;;;;;;;;;;;;;;
7594924;TERRITOIRE;FT 94002/813;7594924;;OR16;OR16;OR19;OR19;;OCC;MCO;OK;13/02/2024;;E;C;T;;OHN;;;;;;;;;;;;;;;;
7948832;TERRITOIRE;FT 94080/66;7948832;;OR16;OR16;OR19;OR19;;OCC;MCO;OK;02/05/2024;;E;C;I;;OHN;;;;;;;;;;;;;;;;
7683532;TERRITOIRE;FT 93029/893;7683532;;OR16;OR16;OR19;OR19;;OCC;MCO;OK;04/03/2024;;E;C;T;;L1T;;;;;;;;;;;;;;;;
7819835;TERRITOIRE;FT 94041/892;7819835;;OR16;OR16;OR19;OR19;;OCC;MCO;OK;28/03/2024;;E;C;I;;OHN;;;;;;;;;;;;;;;;
7552956;TERRITOIRE;FT 92036/54;7552956;;OR16;OR16;OR19;OR19;;OCC;MCO;OK;06/02/2024;;E;C;T;;U5T;;;;;;;;;;;;;;;;
7651515;TERRITOIRE;FT 92078/423;7651515;;OR16;OR16;OR19;OR19;;OCC;MCO;OK;26/02/2024;;E;C;T;;S4T;;;;;;;;;;;;;;;;
7542730;TERRITOIRE;FT 92024/64;7542730;;OR16;OR16;OR19;OR19;;OCC;MCO;OK;02/02/2024;;E;C;T;;U6T;;;;;;;;;;;;;;;;
7901105;TERRITOIRE;FT 92025/1220;7901105;;OR16;OR16;OR19;OR19;;OCC;MCO;OK;23/04/2024;;E;C;I;;S4T;;;;;;;;;;;;;;;;
7991674;TERRITOIRE;FT 93077/365;7991674;;OR16;OR16;OR19;OR19;;OCC;MCO;OK;13/05/2024;;E;C;I;;A2;;;;;;;;;;;;;;;;
7783104;TERRITOIRE;FT 92002/5036;7783104;;OR16;OR16;OR19;OR19;;OCC;MCO;OK;21/03/2024;;E;C;I;;L2T;;;;;;;;;;;;;;;;
7991685;TERRITOIRE;FT 93010/264;7991685;;OR16;OR16;OR19;OR19;;OCC;MCO;OK;13/05/2024;;E;C;I;;OHN;;;;;;;;;;;;;;;;
7719999;TERRITOIRE;FT 92046/313;7719999;;OR16;OR16;OR19;OR19;;OCC;MCO;OK;11/03/2024;;E;C;T;;S4T;;;;;;;;;;;;;;;;
7837820;TERRITOIRE;FT 92025/1039;7837820;;OR16;OR16;OR19;OR19;;OCC;MCO;OK;04/04/2024;;E;C;I;;OHN;;;;;;;;;;;;;;;;
7798461;TERRITOIRE;FT 92023/2308;7798461;;OR16;OR16;OR19;OR19;;OCC;MCO;OK;25/03/2024;;E;C;I;;S3T;;;;;;;;;;;;;;;;
7554236;TERRITOIRE;FT 92078/378;7554236;;OR16;OR16;OR19;OR19;;OCC;MCO;OK;06/02/2024;;E;C;T;;U5T;;;;;;;;;;;;;;;;
7654726;TERRITOIRE;FT 93013/302;7654726;;OR16;OR16;OR19;OR19;;OCC;MCO;OK;27/02/2024;;E;C;T;;OHN;;;;;;;;;;;;;;;;
7861484;TERRITOIRE;FT 94041/1594;7861484;;OR16;OR16;OR19;OR19;;OCC;MCO;OK;12/04/2024;;E;C;I;;L6T;;;;;;;;;;;;;;;;
7572179;TERRITOIRE;FT 94028/357;7572179;;OR16;OR16;OR19;OR19;;OCC;MCO;OK;09/02/2024;;E;C;T;;OHN;;;;;;;;;;;;;;;;
7783115;TERRITOIRE;FT 92014/234;7783115;;OR16;OR16;OR19;OR19;;OCC;MCO;OK;21/03/2024;;E;C;I;;S4T;;;;;;;;;;;;;;;;
7826570;TERRITOIRE;FT 92046/1204;7826570;;OR16;OR16;OR19;OR19;;OCC;MCO;OK;02/04/2024;;E;C;I;;L1T;;;;;;;;;;;;;;;;
7645425;TERRITOIRE;FT 93008/236;7645425;;OR16;OR16;OR19;OR19;;OCC;MCO;OK;23/02/2024;;E;C;T;;S3T;;;;;;;;;;;;;;;;
7540790;TERRITOIRE;FT 93001/2000;7540790;;OR16;OR16;OR19;OR19;;OCC;MCO;OK;02/02/2024;;E;C;T;;P5T;;;;;;;;;;;;;;;;
7905284;TERRITOIRE;FT 92051/457;7905284;;OR16;OR16;OR19;OR19;;OCC;MCO;OK;23/04/2024;;E;C;I;;OHN;;;;;;;;;;;;;;;;
7859279;TERRITOIRE;FT 94068/602;7859279;;OR16;OR16;OR19;OR19;;OCC;MCO;OK;11/04/2024;;E;C;I;;OHN;;;;;;;;;;;;;;;;
7904625;TERRITOIRE;FT 78646/759;7904625;;OR16;OR16;OR19;OR19;;OCC;MCO;OK;18/04/2024;;E;C;I;;A2;;;;;;;;;;;;;;;;
7963548;TERRITOIRE;FT 94043/88;7963548;;OR16;OR16;OR19;OR19;;OCC;MCO;OK;06/05/2024;;E;C;I;;L4T;;;;;;;;;;;;;;;;
7948796;TERRITOIRE;FT 93048/1849;7948796;;OR16;OR16;OR19;OR19;;OCC;MCO;OK;02/05/2024;;E;C;I;;OHN;;;;;;;;;;;;;;;;
7827231;TERRITOIRE;FT 92046/650;7827231;;OR16;OR16;OR19;OR19;;OCC;MCO;OK;02/04/2024;;E;C;I;;L2T;;;;;;;;;;;;;;;;
7915845;TERRITOIRE;FT 94018/307;7915845;;OR16;OR16;OR19;OR19;;OCC;MCO;OK;24/04/2024;;E;C;I;;S3T;;;;;;;;;;;;;;;;
7638076;TERRITOIRE;FT 94033/882;7638076;;OR16;OR16;OR19;OR19;;OCC;MCO;OK;22/02/2024;;E;C;T;;OHN;;;;;;;;;;;;;;;;
7698877;TERRITOIRE;FT 92020/205;7698877;;OR16;OR16;OR19;OR19;;OCC;MCO;OK;06/03/2024;;E;C;T;;L3T;;;;;;;;;;;;;;;;
7672313;TERRITOIRE;FT 93029/162;7672313;;OR16;OR16;OR19;OR19;;OCC;MCO;OK;29/02/2024;;E;C;T;;OHN;;;;;;;;;;;;;;;;
7855726;TERRITOIRE;FT 92060/298;7855726;;OR16;OR16;OR19;OR19;;OCC;MCO;OK;10/04/2024;;E;C;I;;L3T;;;;;;;;;;;;;;;;
7973771;TERRITOIRE;FT 95063/349;7973771;;OR16;OR16;OR19;OR19;;OCC;MCO;OK;07/05/2024;;E;C;I;;OHN;;;;;;;;;;;;;;;;
7991422;TERRITOIRE;FT 93077/218;7991422;;OR16;OR16;OR19;OR19;;OCC;MCO;OK;13/05/2024;;E;C;I;;OHN;;;;;;;;;;;;;;;;
7645434;TERRITOIRE;FT 93007/1770;7645434;;OR16;OR16;OR19;OR19;;OCC;MCO;OK;23/02/2024;;E;C;T;;OHN;;;;;;;;;;;;;;;;
7915835;TERRITOIRE;FT 94018/375;7915835;;OR16;OR16;OR19;OR19;;OCC;MCO;OK;24/04/2024;;E;C;I;;S3T;;;;;;;;;;;;;;;;
7899869;TERRITOIRE;FT 78646/2975;7899869;;OR16;OR16;OR19;OR19;;OCC;MCO;OK;23/04/2024;;E;C;I;;A2B;;;;;;;;;;;;;;;;
7798413;TERRITOIRE;FT 92023/2841;7798413;;OR16;OR16;OR19;OR19;;OCC;MCO;OK;25/03/2024;;E;C;I;;OHN;;;;;;;;;;;;;;;;
7912669;TERRITOIRE;FT 94077/79;7912669;;OR16;OR16;OR19;OR19;;OCC;MCO;OK;24/04/2024;;E;C;I;;L3T;;;;;;;;;;;;;;;;
7568625;TERRITOIRE;FT 94002/562;7568625;;OR16;OR16;OR19;OR19;;OCC;MCO;OK;08/02/2024;;E;C;T;;L0T;;;;;;;;;;;;;;;;
7522225;TERRITOIRE;FT 93010/679;7522225;;OR16;OR16;OR19;OR19;;OCC;MCO;OK;31/01/2024;;E;C;T;;OHN;;;;;;;;;;;;;;;;
7991472;TERRITOIRE;FT 93077/110;7991472;;OR16;OR16;OR19;OR19;;OCC;MCO;OK;13/05/2024;;E;C;I;;OHN;;;;;;;;;;;;;;;;
7679360;TERRITOIRE;FT 94046/835;7679360;;OR16;OR16;OR19;OR19;;OCC;MCO;OK;04/03/2024;;E;C;T;;S4T;;;;;;;;;;;;;;;;
7811837;TERRITOIRE;FT 94054/586;7811837;;OR16;OR16;OR19;OR19;;OCC;MCO;OK;27/03/2024;;E;C;I;;S4T;;;;;;;;;;;;;;;;
7716153;TERRITOIRE;FT 94016/45;7716153;;OR16;OR16;OR19;OR19;;OCC;MCO;OK;11/03/2024;;E;C;T;;L2T;;;;;;;;;;;;;;;;
7694078;TERRITOIRE;FT 92007/2;7694078;;OR16;OR16;OR19;OR19;;OCC;MCO;OK;06/03/2024;;E;C;T;;OHN;;;;;;;;;;;;;;;;
7763214;TERRITOIRE;FT 92036/1040;7763214;;OR16;OR16;OR19;OR19;;OCC;MCO;OK;18/03/2024;;E;C;T;;OHN;;;;;;;;;;;;;;;;
7859224;TERRITOIRE;FT 94068/326;7859224;;OR16;OR16;OR19;OR19;;OCC;MCO;OK;11/04/2024;;E;C;I;;OHN;;;;;;;;;;;;;;;;
7783114;TERRITOIRE;FT 92014/43;7783114;;OR16;OR16;OR19;OR19;;OCC;MCO;OK;21/03/2024;;E;C;I;;S3T;;;;;;;;;;;;;;;;
7826569;TERRITOIRE;FT 92046/769;7826569;;OR16;OR16;OR19;OR19;;OCC;MCO;OK;02/04/2024;;E;C;I;;U5T;;;;;;;;;;;;;;;;
7963511;TERRITOIRE;FT 94034/548;7963511;;OR16;OR16;OR19;OR19;;OCC;MCO;OK;06/05/2024;;E;C;I;;S3T;;;;;;;;;;;;;;;;
7899858;TERRITOIRE;FT 78646/6294;7899858;;OR16;OR16;OR19;OR19;;OCC;MCO;OK;23/04/2024;;E;C;I;;A2C;;;;;;;;;;;;;;;;
7827228;TERRITOIRE;FT 92046/616;7827228;;OR16;OR16;OR19;OR19;;OCC;MCO;OK;02/04/2024;;E;C;I;;S4T;;;;;;;;;;;;;;;;
7915880;TERRITOIRE;FT 94018/294;7915880;;OR16;OR16;OR19;OR19;;OCC;MCO;OK;24/04/2024;;E;C;I;;S3T;;;;;;;;;;;;;;;;
7871382;TERRITOIRE;FT 92073/203;7871382;;OR16;OR16;OR19;OR19;;OCC;MCO;OK;16/04/2024;;E;C;I;;OHN;;;;;;;;;;;;;;;;
7672320;TERRITOIRE;FT 93039/148;7672320;;OR16;OR16;OR19;OR19;;OCC;MCO;OK;29/02/2024;;E;C;T;;S4T;;;;;;;;;;;;;;;;
7519738;TERRITOIRE;FT 94033/759;7519738;;OR16;OR16;OR19;OR19;;OCC;MCO;OK;31/01/2024;;E;C;T;;OHN;;;;;;;;;;;;;;;;
7855674;TERRITOIRE;FT 92060/411;7855674;;OR16;OR16;OR19;OR19;;OCC;MCO;OK;10/04/2024;;E;C;I;;L3T;;;;;;;;;;;;;;;;
7609588;TERRITOIRE;FT 92004/468;7609588;;OR16;OR16;OR19;OR19;;OCC;MCO;OK;15/02/2024;;E;C;T;;S5T;;;;;;;;;;;;;;;;
7819837;TERRITOIRE;FT 94041/897;7819837;;OR16;OR16;OR19;OR19;;OCC;MCO;OK;28/03/2024;;E;C;I;;OHN;;;;;;;;;;;;;;;;
7871394;TERRITOIRE;FT 92073/42;7871394;;OR16;OR16;OR19;OR19;;OCC;MCO;OK;16/04/2024;;E;C;I;;S4T;;;;;;;;;;;;;;;;
7761907;TERRITOIRE;FT 93010/531;7761907;;OR16;OR16;OR19;OR19;;OCC;MCO;OK;18/03/2024;;E;C;T;;B2;;;;;;;;;;;;;;;;
7542707;TERRITOIRE;FT 92024/774;7542707;;OR16;OR16;OR19;OR19;;OCC;MCO;OK;02/02/2024;;E;C;T;;U5T;;;;;;;;;;;;;;;;
7566418;TERRITOIRE;FT 93071/2090;7566418;;OR16;OR16;OR19;OR19;;OCC;MCO;OK;08/02/2024;;E;C;T;;L5T;;;;;;;;;;;;;;;;
7609910;TERRITOIRE;FT 92004/781;7609910;;OR16;OR16;OR19;OR19;;OCC;MCO;OK;15/02/2024;;E;C;T;;U4T;;;;;;;;;;;;;;;;
7803208;TERRITOIRE;FT 92020/1018;7803208;;OR16;OR16;OR19;OR19;;OCC;MCO;OK;26/03/2024;;E;C;I;;OHN;;;;;;;;;;;;;;;;
7638091;TERRITOIRE;FT 75120/1417;7638091;;OR16;OR16;OR19;OR19;;OCC;MCO;OK;22/02/2024;;E;C;T;;OHN;;;;;;;;;;;;;;;;
7630153;TERRITOIRE;FT 93064/1384;7630153;;OR16;OR16;OR19;OR19;;OCC;MCO;OK;21/02/2024;;E;C;T;;OHN;;;;;;;;;;;;;;;;
7643195;TERRITOIRE;FT 93007/177;7643195;;OR16;OR16;OR19;OR19;;OCC;MCO;OK;23/02/2024;;E;C;T;;P4T;;;;;;;;;;;;;;;;
7905590;TERRITOIRE;FT 92051/1426;7905590;;OR16;OR16;OR19;OR19;;OCC;MCO;OK;23/04/2024;;E;C;I;;S5T;;;;;;;;;;;;;;;;
7553620;TERRITOIRE;FT 92036/280;7553620;;OR16;OR16;OR19;OR19;;OCC;MCO;OK;06/02/2024;;E;C;T;;L2T;;;;;;;;;;;;;;;;
7899884;TERRITOIRE;FT 78646/2807;7899884;;OR16;OR16;OR19;OR19;;OCC;MCO;OK;23/04/2024;;E;C;I;;A2;;;;;;;;;;;;;;;;
7714571;TERRITOIRE;FT 92004/1503;7714571;;OR16;OR16;OR19;OR19;;OCC;MCO;OK;08/03/2024;;E;C;T;;L3T;;;;;;;;;;;;;;;;
7803195;TERRITOIRE;FT 92020/830;7803195;;OR16;OR16;OR19;OR19;;OCC;MCO;OK;26/03/2024;;E;C;I;;L3T;;;;;;;;;;;;;;;;
7771189;TERRITOIRE;FT 92002/483;7771189;;OR16;OR16;OR19;OR19;;OCC;MCO;OK;20/03/2024;;E;C;T;;S4T;;;;;;;;;;;;;;;;
7838089;TERRITOIRE;FT 92009/502;7838089;;OR16;OR16;OR19;OR19;;OCC;MCO;OK;04/04/2024;;E;C;I;;S3T;;;;;;;;;;;;;;;;
7850247;TERRITOIRE;FT 94078/10;7850247;;OR16;OR16;OR19;OR19;;OCC;MCO;OK;08/04/2024;;E;C;I;;L3T;;;;;;;;;;;;;;;;
7731213;TERRITOIRE;FT 94028/1094;7731213;;OR16;OR16;OR19;OR19;;OCC;MCO;OK;13/03/2024;;E;C;T;;OHN;;;;;;;;;;;;;;;;
7837773;TERRITOIRE;FT 92025/542;7837773;;OR16;OR16;OR19;OR19;;OCC;MCO;OK;04/04/2024;;E;C;I;;OHN;;;;;;;;;;;;;;;;
7694073;TERRITOIRE;FT 92007/478;7694073;;OR16;OR16;OR19;OR19;;OCC;MCO;OK;06/03/2024;;E;C;T;;S4T;;;;;;;;;;;;;;;;
7912648;TERRITOIRE;FT 94077/998;7912648;;OR16;OR16;OR19;OR19;;OCC;MCO;OK;24/04/2024;;E;C;I;;D4T;;;;;;;;;;;;;;;;
7850248;TERRITOIRE;FT 94022/908;7850248;;OR16;OR16;OR19;OR19;;OCC;MCO;OK;08/04/2024;;E;C;I;;OHN;;;;;;;;;;;;;;;;
7698624;TERRITOIRE;FT 92020/82;7698624;;OR16;OR16;OR19;OR19;;OCC;MCO;OK;06/03/2024;;E;C;T;;S4T;;;;;;;;;;;;;;;;
7789749;TERRITOIRE;FT 93039/111;7789749;;OR16;OR16;OR19;OR19;;OCC;MCO;OK;22/03/2024;;E;C;I;;S6T;;;;;;;;;;;;;;;;
7654750;TERRITOIRE;FT 93008/274;7654750;;OR16;OR16;OR19;OR19;;OCC;MCO;OK;27/02/2024;;E;C;T;;OHN;;;;;;;;;;;;;;;;
7827248;TERRITOIRE;FT 92046/857;7827248;;OR16;OR16;OR19;OR19;;OCC;MCO;OK;02/04/2024;;E;C;I;;L2T;;;;;;;;;;;;;;;;
7948842;TERRITOIRE;FT 93063/1144;7948842;;OR16;OR16;OR19;OR19;;OCC;MCO;OK;02/05/2024;;E;C;I;;S4T;;;;;;;;;;;;;;;;
7530232;TERRITOIRE;FT 93072/44;7530232;;OR16;OR16;OR19;OR19;;OCC;MCO;OK;01/02/2024;;E;C;T;;L2T;;;;;;;;;;;;;;;;
7783077;TERRITOIRE;FT 92002/176;7783077;;OR16;OR16;OR19;OR19;;OCC;MCO;OK;21/03/2024;;E;C;I;;S3T;;;;;;;;;;;;;;;;
7798392;TERRITOIRE;FT 92020/396;7798392;;OR16;OR16;OR19;OR19;;OCC;MCO;OK;25/03/2024;;E;C;I;;S4T;;;;;;;;;;;;;;;;
7796161;TERRITOIRE;FT 93048/2628;7796161;;OR16;OR16;OR19;OR19;;OCC;MCO;OK;25/03/2024;;E;C;I;;OHN;;;;;;;;;;;;;;;;
7694071;TERRITOIRE;FT 92007/752;7694071;;OR16;OR16;OR19;OR19;;OCC;MCO;OK;06/03/2024;;E;C;T;;S3T;;;;;;;;;;;;;;;;
7716156;TERRITOIRE;FT 94016/68;7716156;;OR16;OR16;OR19;OR19;;OCC;MCO;OK;11/03/2024;;E;C;T;;OHN;;;;;;;;;;;;;;;;
7543027;TERRITOIRE;FT 93066/2175;7543027;;OR16;OR16;OR19;OR19;;OCC;MCO;OK;02/02/2024;;E;C;T;;S4T;;;;;;;;;;;;;;;;
7827241;TERRITOIRE;FT 92046/89;7827241;;OR16;OR16;OR19;OR19;;OCC;MCO;OK;02/04/2024;;E;C;I;;S4T;;;;;;;;;;;;;;;;
7859343;TERRITOIRE;FT 94068/1273;7859343;;OR16;OR16;OR19;OR19;;OCC;MCO;OK;11/04/2024;;E;C;I;;S4T;;;;;;;;;;;;;;;;
7630116;TERRITOIRE;FT 93064/1427;7630116;;OR16;OR16;OR19;OR19;;OCC;MCO;OK;21/02/2024;;E;C;T;;OHN;;;;;;;;;;;;;;;;
7696009;TERRITOIRE;FT 93029/88;7696009;;OR16;OR16;OR19;OR19;;OCC;MCO;OK;06/03/2024;;E;C;T;;OHN;;;;;;;;;;;;;;;;
7609943;TERRITOIRE;FT 92026/1005;7609943;;OR16;OR16;OR19;OR19;;OCC;MCO;OK;15/02/2024;;E;C;T;;S4T;;;;;;;;;;;;;;;;
7602236;TERRITOIRE;FT 92050/1869;7602236;;OR16;OR16;OR19;OR19;;OCC;MCO;OK;14/02/2024;;E;C;T;;L4T;;;;;;;;;;;;;;;;
7699505;TERRITOIRE;FT 92020/204;7699505;;OR16;OR16;OR19;OR19;;OCC;MCO;OK;06/03/2024;;E;C;T;;S1T;;;;;;;;;;;;;;;;
7991665;TERRITOIRE;FT 93077/581;7991665;;OR16;OR16;OR19;OR19;;OCC;MCO;OK;13/05/2024;;E;C;I;;OHN;;;;;;;;;;;;;;;;
7642238;TERRITOIRE;FT 93006/378;7642238;;OR16;OR16;OR19;OR19;;OCC;MCO;OK;23/02/2024;;E;C;T;;L3T;;;;;;;;;;;;;;;;
7638090;TERRITOIRE;FT 93045/149;7638090;;OR16;OR16;OR19;OR19;;OCC;MCO;OK;22/02/2024;;E;C;T;;OHN;;;;;;;;;;;;;;;;
7777082;TERRITOIRE;FT 92002/699;7777082;;OR16;OR16;OR19;OR19;;OCC;MCO;OK;20/03/2024;;E;C;T;;S4T;;;;;;;;;;;;;;;;
7572170;TERRITOIRE;FT 94046/666;7572170;;OR16;OR16;OR19;OR19;;OCC;MCO;OK;09/02/2024;;E;C;T;;L0T;;;;;;;;;;;;;;;;
7991349;TERRITOIRE;FT 93077/688;7991349;;OR16;OR16;OR19;OR19;;OCC;MCO;OK;13/05/2024;;E;C;I;;OHN;;;;;;;;;;;;;;;;
7789110;TERRITOIRE;FT 92071/876;7789110;;OR16;OR16;OR19;OR19;;OCC;MCO;OK;22/03/2024;;E;C;I;;S3T;;;;;;;;;;;;;;;;
7683830;TERRITOIRE;FT 93029/1224;7683830;;OR16;OR16;OR19;OR19;;OCC;MCO;OK;04/03/2024;;E;C;T;;OHN;;;;;;;;;;;;;;;;
7800351;TERRITOIRE;FT 92075/502;7800351;;OR16;OR16;OR19;OR19;;OCC;MCO;OK;26/03/2024;;E;C;I;;S3T;;;;;;;;;;;;;;;;
7553611;TERRITOIRE;FT 92036/957;7553611;;OR16;OR16;OR19;OR19;;OCC;MCO;OK;06/02/2024;;E;C;T;;OHN;;;;;;;;;;;;;;;;
7991696;TERRITOIRE;FT 93010/19;7991696;;OR16;OR16;OR19;OR19;;OCC;MCO;OK;13/05/2024;;E;C;I;;OHN;;;;;;;;;;;;;;;;
7638065;TERRITOIRE;FT 94033/850;7638065;;OR16;OR16;OR19;OR19;;OCC;MCO;OK;22/02/2024;;E;C;T;;L3T;;;;;;;;;;;;;;;;
7991048;TERRITOIRE;FT 93057/865;7991048;;OR16;OR16;OR19;OR19;;OCC;MCO;OK;13/05/2024;;E;C;I;;OHN;;;;;;;;;;;;;;;;
7838397;TERRITOIRE;FT 92009/268;7838397;;OR16;OR16;OR19;OR19;;OCC;MCO;OK;04/04/2024;;E;C;I;;L4T;;;;;;;;;;;;;;;;
7926385;TERRITOIRE;FT 94076/1675;7926385;;OR16;OR16;OR19;OR19;;OCC;MCO;OK;26/04/2024;;E;C;I;;L4T;;;;;;;;;;;;;;;;
7607462;TERRITOIRE;FT 92026/888;7607462;;OR16;OR16;OR19;OR19;;OCC;MCO;OK;14/02/2024;;E;C;T;;S4T;;;;;;;;;;;;;;;;
7789132;TERRITOIRE;FT 93010/1049;7789132;;OR16;OR16;OR19;OR19;;OCC;MCO;OK;22/03/2024;;E;C;I;;S4T;;;;;;;;;;;;;;;;
7798385;TERRITOIRE;FT 92020/301;7798385;;OR16;OR16;OR19;OR19;;OCC;MCO;OK;25/03/2024;;E;C;I;;S3T;;;;;;;;;;;;;;;;
7905589;TERRITOIRE;FT 92051/1373;7905589;;OR16;OR16;OR19;OR19;;OCC;MCO;OK;23/04/2024;;E;C;I;;S3T;;;;;;;;;;;;;;;;
7530582;TERRITOIRE;FT 93010/871;7530582;;OR16;OR16;OR19;OR19;;OCC;MCO;OK;01/02/2024;;E;C;T;;OHN;;;;;;;;;;;;;;;;
7643831;TERRITOIRE;FT 93007/396;7643831;;OR16;OR16;OR19;OR19;;OCC;MCO;OK;23/02/2024;;E;C;T;;A2;;;;;;;;;;;;;;;;
7692491;TERRITOIRE;FT 92007/796;7692491;;OR16;OR16;OR19;OR19;;OCC;MCO;OK;05/03/2024;;E;C;T;;L2T;;;;;;;;;;;;;;;;
7912628;TERRITOIRE;FT 94077/1009;7912628;;OR16;OR16;OR19;OR19;;OCC;MCO;OK;24/04/2024;;E;C;I;;A2;;;;;;;;;;;;;;;;
7838068;TERRITOIRE;FT 92025/378;7838068;;OR16;OR16;OR19;OR19;;OCC;MCO;OK;04/04/2024;;E;C;I;;L2T;;;;;;;;;;;;;;;;
7603525;TERRITOIRE;FT 92050/1884;7603525;;OR16;OR16;OR19;OR19;;OCC;MCO;OK;14/02/2024;;E;C;T;;L5T;;;;;;;;;;;;;;;;
7654748;TERRITOIRE;FT 93055/1048;7654748;;OR16;OR16;OR19;OR19;;OCC;MCO;OK;27/02/2024;;E;C;T;;L6T;;;;;;;;;;;;;;;;
7572162;TERRITOIRE;FT 94046/767;7572162;;OR16;OR16;OR19;OR19;;OCC;MCO;OK;09/02/2024;;E;C;T;;L0T;;;;;;;;;;;;;;;;
7605118;TERRITOIRE;FT 92025/1937;7605118;;OR16;OR16;OR19;OR19;;OCC;MCO;OK;14/02/2024;;E;C;T;;OHN;;;;;;;;;;;;;;;;
7782708;TERRITOIRE;FT 92032/86;7782708;;OR16;OR16;OR19;OR19;;OCC;MCO;OK;21/03/2024;;E;C;I;;OHN;;;;;;;;;;;;;;;;
7761328;TERRITOIRE;FT 93057/218;7761328;;OR16;OR16;OR19;OR19;;OCC;MCO;OK;18/03/2024;;E;C;T;;OHN;;;;;;;;;;;;;;;;
7859408;TERRITOIRE;FT 94068/2752;7859408;;OR16;OR16;OR19;OR19;;OCC;MCO;OK;11/04/2024;;E;C;I;;OHN;;;;;;;;;;;;;;;;
7830083;TERRITOIRE;FT 92019/468;7830083;;OR16;OR16;OR19;OR19;;OCC;MCO;OK;02/04/2024;;E;C;I;;S4T;;;;;;;;;;;;;;;;
7798444;TERRITOIRE;FT 92023/2945;7798444;;OR16;OR16;OR19;OR19;;OCC;MCO;OK;25/03/2024;;E;C;I;;L1T;;;;;;;;;;;;;;;;
7811854;TERRITOIRE;FT 94081/1254;7811854;;OR16;OR16;OR19;OR19;;OCC;MCO;OK;27/03/2024;;E;C;I;;L6T;;;;;;;;;;;;;;;;
7553638;TERRITOIRE;FT 92036/975;7553638;;OR16;OR16;OR19;OR19;;OCC;MCO;OK;06/02/2024;;E;C;T;;OHN;;;;;;;;;;;;;;;;
7552959;TERRITOIRE;FT 92036/625;7552959;;OR16;OR16;OR19;OR19;;OCC;MCO;OK;06/02/2024;;E;C;T;;U5T;;;;;;;;;;;;;;;;
7783033;TERRITOIRE;FT 92002/1803;7783033;;OR16;OR16;OR19;OR19;;OCC;MCO;OK;21/03/2024;;E;C;I;;L3T;;;;;;;;;;;;;;;;
7522243;TERRITOIRE;FT 93010/712;7522243;;OR16;OR16;OR19;OR19;;OCC;MCO;OK;31/01/2024;;E;C;T;;L4T;;;;;;;;;;;;;;;;
7827256;TERRITOIRE;FT 92046/513;7827256;;OR16;OR16;OR19;OR19;;OCC;MCO;OK;02/04/2024;;E;C;I;;S4T;;;;;;;;;;;;;;;;
7594911;TERRITOIRE;FT 94002/241;7594911;;OR16;OR16;OR19;OR19;;OCC;MCO;OK;13/02/2024;;E;C;T;;OHN;;;;;;;;;;;;;;;;
7761335;TERRITOIRE;FT 93057/429;7761335;;OR16;OR16;OR19;OR19;;OCC;MCO;OK;18/03/2024;;E;C;T;;OHN;;;;;;;;;;;;;;;;
7887671;TERRITOIRE;FT 92073/654;7887671;;OR16;OR16;OR19;OR19;;OCC;MCO;OK;19/04/2024;;E;C;I;;S3T;;;;;;;;;;;;;;;;
7888327;TERRITOIRE;FT 92073/765;7888327;;OR16;OR16;OR19;OR19;;OCC;MCO;OK;19/04/2024;;E;C;I;;L3T;;;;;;;;;;;;;;;;
7861465;TERRITOIRE;FT 94076/1308;7861465;;OR16;OR16;OR19;OR19;;OCC;MCO;OK;12/04/2024;;E;C;I;;L3T;;;;;;;;;;;;;;;;
7649270;TERRITOIRE;FT 92078/422;7649270;;OR16;OR16;OR19;OR19;;OCC;MCO;OK;26/02/2024;;E;C;T;;S3T;;;;;;;;;;;;;;;;
7789123;TERRITOIRE;FT 92071/892;7789123;;OR16;OR16;OR19;OR19;;OCC;MCO;OK;22/03/2024;;E;C;I;;S3T;;;;;;;;;;;;;;;;
7761266;TERRITOIRE;FT 93057/166;7761266;;OR16;OR16;OR19;OR19;;OCC;MCO;OK;18/03/2024;;E;C;T;;S3T;;;;;;;;;;;;;;;;
7638074;TERRITOIRE;FT 94033/768;7638074;;OR16;OR16;OR19;OR19;;OCC;MCO;OK;22/02/2024;;E;C;T;;OHN;;;;;;;;;;;;;;;;
7616007;TERRITOIRE;FT 93070/598;7616007;;OR16;OR16;OR19;OR19;;OCC;MCO;OK;16/02/2024;;E;C;T;;OHN;;;;;;;;;;;;;;;;
8003517;TERRITOIRE;FT 94058/730;8003517;;OR16;OR16;OR19;OR19;;OCC;MCO;OK;15/05/2024;;E;C;I;;OHN;;;;;;;;;;;;;;;;
7838409;TERRITOIRE;FT 92009/441;7838409;;OR16;OR16;OR19;OR19;;OCC;MCO;OK;04/04/2024;;E;C;I;;S3T;;;;;;;;;;;;;;;;
7848001;TERRITOIRE;FT 92050/291;7848001;;OR16;OR16;OR19;OR19;;OCC;MCO;OK;07/04/2024;;E;C;I;;S4T;;;;;;;;;;;;;;;;
7912685;TERRITOIRE;FT 94077/598;7912685;;OR16;OR16;OR19;OR19;;OCC;MCO;OK;24/04/2024;;E;C;I;;L4T;;;;;;;;;;;;;;;;
7530593;TERRITOIRE;FT 93010/829;7530593;;OR16;OR16;OR19;OR19;;OCC;MCO;OK;01/02/2024;;E;C;T;;S4T;;;;;;;;;;;;;;;;
7934087;TERRITOIRE;FT 94038/54;7934087;;OR16;OR16;OR19;OR19;;OCC;MCO;OK;26/04/2024;;E;C;I;;L2T;;;;;;;;;;;;;;;;
7554232;TERRITOIRE;FT 92036/1069;7554232;;OR16;OR16;OR19;OR19;;OCC;MCO;OK;06/02/2024;;E;C;T;;L2T;;;;;;;;;;;;;;;;
7861466;TERRITOIRE;FT 94076/1311;7861466;;OR16;OR16;OR19;OR19;;OCC;MCO;OK;12/04/2024;;E;C;I;;K3C;;;;;;;;;;;;;;;;
7796204;TERRITOIRE;"FT 92020/282
";7796204;;OR16;OR16;OR19;OR19;;OCC;MCO;OK;25/03/2024;;E;C;I;;L2T;;;;;;;;;;;;;;;;
7899880;TERRITOIRE;FT 78646/5840;7899880;;OR16;OR16;OR19;OR19;;OCC;MCO;OK;23/04/2024;;E;C;I;;A2;;;;;;;;;;;;;;;;
7905587;TERRITOIRE;FT 92051/334;7905587;;OR16;OR16;OR19;OR19;;OCC;MCO;OK;23/04/2024;;E;C;I;;S3T;;;;;;;;;;;;;;;;
7796187;TERRITOIRE;FT 93048/2150;7796187;;OR16;OR16;OR19;OR19;;OCC;MCO;OK;25/03/2024;;E;C;I;;OHN;;;;;;;;;;;;;;;;
7855690;TERRITOIRE;FT 92060/180;7855690;;OR16;OR16;OR19;OR19;;OCC;MCO;OK;10/04/2024;;E;C;I;;OHN;;;;;;;;;;;;;;;;
7763190;TERRITOIRE;FT 92036/1066;7763190;;OR16;OR16;OR19;OR19;;OCC;MCO;OK;18/03/2024;;E;C;T;;S3T;;;;;;;;;;;;;;;;
7876835;TERRITOIRE;FT 92022/529;7876835;;OR16;OR16;OR19;OR19;;OCC;MCO;OK;17/04/2024;;E;C;I;;A2;;;;;;;;;;;;;;;;
7798393;TERRITOIRE;FT 92020/207;7798393;;OR16;OR16;OR19;OR19;;OCC;MCO;OK;25/03/2024;;E;C;I;;S4T;;;;;;;;;;;;;;;;
7761319;TERRITOIRE;FT 93010/923;7761319;;OR16;OR16;OR19;OR19;;OCC;MCO;OK;18/03/2024;;E;C;T;;L3T;;;;;;;;;;;;;;;;
7795246;TERRITOIRE;FT 93048/2483;7795246;;OR16;OR16;OR19;OR19;;OCC;MCO;OK;25/03/2024;;E;C;I;;OHN;;;;;;;;;;;;;;;;
7607383;TERRITOIRE;FT 92026/434;7607383;;OR16;OR16;OR19;OR19;;OCC;MCO;OK;14/02/2024;;E;C;T;;S3T;;;;;;;;;;;;;;;;
7749748;TERRITOIRE;FT 94069/33;7749748;;OR16;OR16;OR19;OR19;;OCC;MCO;OK;15/03/2024;;E;C;T;;L3T;;;;;;;;;;;;;;;;
7783076;TERRITOIRE;FT 92002/2834;7783076;;OR16;OR16;OR19;OR19;;OCC;MCO;OK;21/03/2024;;E;C;I;;S3T;;;;;;;;;;;;;;;;
7991366;TERRITOIRE;FT 93077/351;7991366;;OR16;OR16;OR19;OR19;;OCC;MCO;OK;13/05/2024;;E;C;I;;L2T;;;;;;;;;;;;;;;;
7876792;TERRITOIRE;FT 92022/731;7876792;;OR16;OR16;OR19;OR19;;OCC;MCO;OK;17/04/2024;;E;C;I;;A2;;;;;;;;;;;;;;;;
7672648;TERRITOIRE;FT 93066/880;7672648;;OR16;OR16;OR19;OR19;;OCC;MCO;OK;29/02/2024;;E;C;T;;OHN;;;;;;;;;;;;;;;;
7654793;TERRITOIRE;FT 93010/1033;7654793;;OR16;OR16;OR19;OR19;;OCC;MCO;OK;27/02/2024;;E;C;T;;OHN;;;;;;;;;;;;;;;;
7855673;TERRITOIRE;FT 92060/412;7855673;;OR16;OR16;OR19;OR19;;OCC;MCO;OK;10/04/2024;;E;C;I;;OHN;;;;;;;;;;;;;;;;
7782713;TERRITOIRE;FT 92032/9;7782713;;OR16;OR16;OR19;OR19;;OCC;MCO;OK;21/03/2024;;E;C;I;;OHN;;;;;;;;;;;;;;;;
7915877;TERRITOIRE;FT 94018/256;7915877;;OR16;OR16;OR19;OR19;;OCC;MCO;OK;24/04/2024;;E;C;I;;OHN;;;;;;;;;;;;;;;;
7850287;TERRITOIRE;FT 94022/1236;7850287;;OR16;OR16;OR19;OR19;;OCC;MCO;OK;08/04/2024;;E;C;I;;L2T;;;;;;;;;;;;;;;;
7649266;TERRITOIRE;FT 92078/208;7649266;;OR16;OR16;OR19;OR19;;OCC;MCO;OK;26/02/2024;;E;C;T;;OHN;;;;;;;;;;;;;;;;
7626552;TERRITOIRE;FT 93031/316;7626552;;OR16;OR16;OR19;OR19;;OCC;MCO;OK;21/02/2024;;E;C;T;;L2T;;;;;;;;;;;;;;;;
7883851;TERRITOIRE;FT 78646/4452;7883851;;OR16;OR16;OR19;OR19;;OCC;MCO;OK;18/04/2024;;E;C;I;;A2;;;;;;;;;;;;;;;;
7651567;TERRITOIRE;FT 92036/1304;7651567;;OR16;OR16;OR19;OR19;;OCC;MCO;OK;26/02/2024;;E;C;T;;S4T;;;;;;;;;;;;;;;;
7789192;TERRITOIRE;FT 93039/145;7789192;;OR16;OR16;OR19;OR19;;OCC;MCO;OK;22/03/2024;;E;C;I;;OHN;;;;;;;;;;;;;;;;
7609585;TERRITOIRE;FT 92026/41;7609585;;OR16;OR16;OR19;OR19;;OCC;MCO;OK;15/02/2024;;E;C;T;;OHN;;;;;;;;;;;;;;;;
7654751;TERRITOIRE;FT 93029/1854;7654751;;OR16;OR16;OR19;OR19;;OCC;MCO;OK;27/02/2024;;E;C;T;;OHN;;;;;;;;;;;;;;;;
7877144;TERRITOIRE;FT 92012/1499;7877144;;OR16;OR16;OR19;OR19;;OCC;MCO;OK;17/04/2024;;E;C;I;;L2T;;;;;;;;;;;;;;;;
7782718;TERRITOIRE;FT 92032/407;7782718;;OR16;OR16;OR19;OR19;;OCC;MCO;OK;21/03/2024;;E;C;I;;L0T;;;;;;;;;;;;;;;;
7632309;TERRITOIRE;FT 93031/588;7632309;;OR16;OR16;OR19;OR19;;OCC;MCO;OK;21/02/2024;;E;C;T;;OHN;;;;;;;;;;;;;;;;
7530607;TERRITOIRE;FT 93010/398;7530607;;OR16;OR16;OR19;OR19;;OCC;MCO;OK;01/02/2024;;E;C;T;;OHN;;;;;;;;;;;;;;;;
7873279;TERRITOIRE;FT 94065/162;7873279;;OR16;OR16;OR19;OR19;;OCC;MCO;OK;16/04/2024;;E;C;I;;L2T;;;;;;;;;;;;;;;;
7609927;TERRITOIRE;FT 92026/230;7609927;;OR16;OR16;OR19;OR19;;OCC;MCO;OK;15/02/2024;;E;C;T;;S4T;;;;;;;;;;;;;;;;
7630128;TERRITOIRE;FT 93064/1443;7630128;;OR16;OR16;OR19;OR19;;OCC;MCO;OK;21/02/2024;;E;C;T;;OHN;;;;;;;;;;;;;;;;
7840961;TERRITOIRE;FT 92025/363;7840961;;OR16;OR16;OR19;OR19;;OCC;MCO;OK;04/04/2024;;E;C;I;;L2T;;;;;;;;;;;;;;;;
7518414;TERRITOIRE;FT 94033/358;7518414;;OR16;OR16;OR19;OR19;;OCC;MCO;OK;31/01/2024;;E;C;T;;L3T;;;;;;;;;;;;;;;;
7819840;TERRITOIRE;FT 94041/904;7819840;;OR16;OR16;OR19;OR19;;OCC;MCO;OK;28/03/2024;;E;C;I;;OHN;;;;;;;;;;;;;;;;
7731506;TERRITOIRE;FT 94028/1168;7731506;;OR16;OR16;OR19;OR19;;OCC;MCO;OK;13/03/2024;;E;C;T;;S4T;;;;;;;;;;;;;;;;
7609936;TERRITOIRE;FT 92026/603;7609936;;OR16;OR16;OR19;OR19;;OCC;MCO;OK;15/02/2024;;E;C;T;;OHN;;;;;;;;;;;;;;;;
7859351;TERRITOIRE;FT 94068/1271;7859351;;OR16;OR16;OR19;OR19;;OCC;MCO;OK;11/04/2024;;E;C;I;;OHN;;;;;;;;;;;;;;;;
7637432;TERRITOIRE;FT 94033/686;7637432;;OR16;OR16;OR19;OR19;;OCC;MCO;OK;22/02/2024;;E;C;T;;OHN;;;;;;;;;;;;;;;;
7796180;TERRITOIRE;FT 93048/2494;7796180;;OR16;OR16;OR19;OR19;;OCC;MCO;OK;25/03/2024;;E;C;I;;OHN;;;;;;;;;;;;;;;;
7553593;TERRITOIRE;FT 92036/950;7553593;;OR16;OR16;OR19;OR19;;OCC;MCO;OK;06/02/2024;;E;C;T;;L2T;;;;;;;;;;;;;;;;
7883833;TERRITOIRE;FT 78646/592;7883833;;OR16;OR16;OR19;OR19;;OCC;MCO;OK;18/04/2024;;E;C;I;;D4;;;;;;;;;;;;;;;;
7861430;TERRITOIRE;FT 94081/529;7861430;;OR16;OR16;OR19;OR19;;OCC;MCO;OK;12/04/2024;;E;C;I;;L3T;;;;;;;;;;;;;;;;
7991669;TERRITOIRE;FT 93077/583;7991669;;OR16;OR16;OR19;OR19;;OCC;MCO;OK;13/05/2024;;E;C;I;;L1T;;;;;;;;;;;;;;;;
7819855;TERRITOIRE;FT 94073/53;7819855;;OR16;OR16;OR19;OR19;;OCC;MCO;OK;28/03/2024;;E;C;I;;OHN;;;;;;;;;;;;;;;;
7553594;TERRITOIRE;FT 92036/108;7553594;;OR16;OR16;OR19;OR19;;OCC;MCO;OK;06/02/2024;;E;C;T;;S3T;;;;;;;;;;;;;;;;
7876802;TERRITOIRE;FT 78686/478;7876802;;OR16;OR16;OR19;OR19;;OCC;MCO;OK;17/04/2024;;E;C;I;;OHN;;;;;;;;;;;;;;;;
7672305;TERRITOIRE;FT 93029/236;7672305;;OR16;OR16;OR19;OR19;;OCC;MCO;OK;29/02/2024;;E;C;T;;OHN;;;;;;;;;;;;;;;;
7991691;TERRITOIRE;FT 93010/16;7991691;;OR16;OR16;OR19;OR19;;OCC;MCO;OK;13/05/2024;;E;C;I;;A2;;;;;;;;;;;;;;;;
7883524;TERRITOIRE;FT 78646/797;7883524;;OR16;OR16;OR19;OR19;;OCC;MCO;OK;18/04/2024;;E;C;I;;A2;;;;;;;;;;;;;;;;
7651549;TERRITOIRE;FT 92036/1778;7651549;;OR16;OR16;OR19;OR19;;OCC;MCO;OK;26/02/2024;;E;C;T;;U5T;;;;;;;;;;;;;;;;
7850306;TERRITOIRE;FT 94022/727;7850306;;OR16;OR16;OR19;OR19;;OCC;MCO;OK;08/04/2024;;E;C;I;;K3C;;;;;;;;;;;;;;;;
7607484;TERRITOIRE;FT 92026/891;7607484;;OR16;OR16;OR19;OR19;;OCC;MCO;OK;14/02/2024;;E;C;T;;S3T;;;;;;;;;;;;;;;;
7838412;TERRITOIRE;FT 92009/222;7838412;;OR16;OR16;OR19;OR19;;OCC;MCO;OK;04/04/2024;;E;C;I;;S3T;;;;;;;;;;;;;;;;
7991424;TERRITOIRE;FT 93077/370;7991424;;OR16;OR16;OR19;OR19;;OCC;MCO;OK;13/05/2024;;E;C;I;;A2B;;;;;;;;;;;;;;;;
7838408;TERRITOIRE;FT 92009/346;7838408;;OR16;OR16;OR19;OR19;;OCC;MCO;OK;04/04/2024;;E;C;I;;OHN;;;;;;;;;;;;;;;;
7859193;TERRITOIRE;FT 94068/2084;7859193;;OR16;OR16;OR19;OR19;;OCC;MCO;OK;11/04/2024;;E;C;I;;OHN;;;;;;;;;;;;;;;;
7630065;TERRITOIRE;FT 93064/1827;7630065;;OR16;OR16;OR19;OR19;;OCC;MCO;OK;21/02/2024;;E;C;T;;OHN;;;;;;;;;;;;;;;;
7877121;TERRITOIRE;FT 92012/26;7877121;;OR16;OR16;OR19;OR19;;OCC;MCO;OK;17/04/2024;;E;C;I;;OHN;;;;;;;;;;;;;;;;
7800306;TERRITOIRE;FT 92075/54;7800306;;OR16;OR16;OR19;OR19;;OCC;MCO;OK;26/03/2024;;E;C;I;;S5T;;;;;;;;;;;;;;;;
7991409;TERRITOIRE;FT 93010/1230;7991409;;OR16;OR16;OR19;OR19;;OCC;MCO;OK;13/05/2024;;E;C;I;;OHN;;;;;;;;;;;;;;;;
7827185;TERRITOIRE;FT 92046/83;7827185;;OR16;OR16;OR19;OR19;;OCC;MCO;OK;02/04/2024;;E;C;I;;S4T;;;;;;;;;;;;;;;;
7850264;TERRITOIRE;FT 94022/883;7850264;;OR16;OR16;OR19;OR19;;OCC;MCO;OK;08/04/2024;;E;C;I;;L1T;;;;;;;;;;;;;;;;
7607465;TERRITOIRE;FT 92026/214;7607465;;OR16;OR16;OR19;OR19;;OCC;MCO;OK;14/02/2024;;E;C;T;;S4T;;;;;;;;;;;;;;;;
7718071;TERRITOIRE;FT 94016/60;7718071;;OR16;OR16;OR19;OR19;;OCC;MCO;OK;11/03/2024;;E;C;T;;S4T;;;;;;;;;;;;;;;;
7827247;TERRITOIRE;FT 92046/663;7827247;;OR16;OR16;OR19;OR19;;OCC;MCO;OK;02/04/2024;;E;C;I;;L2T;;;;;;;;;;;;;;;;
7912692;TERRITOIRE;FT 94077/926;7912692;;OR16;OR16;OR19;OR19;;OCC;MCO;OK;24/04/2024;;E;C;I;;L2T;;;;;;;;;;;;;;;;
7856638;TERRITOIRE;FT 92019/173;7856638;;OR16;OR16;OR19;OR19;;OCC;MCO;OK;10/04/2024;;E;C;I;;V5T;;;;;;;;;;;;;;;;
7761606;TERRITOIRE;FT 93057/229;7761606;;OR16;OR16;OR19;OR19;;OCC;MCO;OK;18/03/2024;;E;C;T;;L3T;;;;;;;;;;;;;;;;
7635204;TERRITOIRE;FT 93072/921;7635204;;OR16;OR16;OR19;OR19;;OCC;MCO;OK;22/02/2024;;E;C;T;;P2C;;;;;;;;;;;;;;;;
7731205;TERRITOIRE;FT 94028/1089;7731205;;OR16;OR16;OR19;OR19;;OCC;MCO;OK;13/03/2024;;E;C;T;;OHN;;;;;;;;;;;;;;;;
7905912;TERRITOIRE;FT 92051/206;7905912;;OR16;OR16;OR19;OR19;;OCC;MCO;OK;23/04/2024;;E;C;I;;S3T;;;;;;;;;;;;;;;;
7618875;TERRITOIRE;FT 93079/63;7618875;;OR16;OR16;OR19;OR19;;OCC;MCO;OK;19/02/2024;;E;C;T;;L5T;;;;;;;;;;;;;;;;
7948815;TERRITOIRE;FT 94080/39;7948815;;OR16;OR16;OR19;OR19;;OCC;MCO;OK;02/05/2024;;E;C;I;;S4T;;;;;;;;;;;;;;;;
7607456;TERRITOIRE;FT 92026/753;7607456;;OR16;OR16;OR19;OR19;;OCC;MCO;OK;14/02/2024;;E;C;T;;S4T;;;;;;;;;;;;;;;;
7615674;TERRITOIRE;FT 94033/1031;7615674;;OR16;OR16;OR19;OR19;;OCC;MCO;OK;16/02/2024;;E;C;T;;L3T;;;;;;;;;;;;;;;;
8004797;TERRITOIRE;FT 94015/1057;8004797;;OR16;OR16;OR19;OR19;;OCC;MCO;OK;15/05/2024;;E;C;I;;L1T;;;;;;;;;;;;;;;;
7963535;TERRITOIRE;FT 94043/93;7963535;;OR16;OR16;OR19;OR19;;OCC;MCO;OK;06/05/2024;;E;C;I;;L3T;;;;;;;;;;;;;;;;
7859259;TERRITOIRE;FT 94068/661;7859259;;OR16;OR16;OR19;OR19;;OCC;MCO;OK;11/04/2024;;E;C;I;;OHN;;;;;;;;;;;;;;;;
7654798;TERRITOIRE;FT 93027/222;7654798;;OR16;OR16;OR19;OR19;;OCC;MCO;OK;27/02/2024;;E;C;T;;U6T;;;;;;;;;;;;;;;;
7948840;TERRITOIRE;FT 94080/70;7948840;;OR16;OR16;OR19;OR19;;OCC;MCO;OK;02/05/2024;;E;C;I;;OHN;;;;;;;;;;;;;;;;
7553658;TERRITOIRE;FT 92036/952;7553658;;OR16;OR16;OR19;OR19;;OCC;MCO;OK;06/02/2024;;E;C;T;;L2T;;;;;;;;;;;;;;;;
7600641;TERRITOIRE;FT 92044/784;7600641;;OR16;OR16;OR19;OR19;;OCC;MCO;OK;13/02/2024;;E;C;T;;S3T;;;;;;;;;;;;;;;;
7605105;TERRITOIRE;FT 92035/1048;7605105;;OR16;OR16;OR19;OR19;;OCC;MCO;OK;14/02/2024;;E;C;T;;L2T;;;;;;;;;;;;;;;;
7883529;TERRITOIRE;FT 78646/1324;7883529;;OR16;OR16;OR19;OR19;;OCC;MCO;OK;18/04/2024;;E;C;I;;L2T;;;;;;;;;;;;;;;;
7991430;TERRITOIRE;FT 93077/183;7991430;;OR16;OR16;OR19;OR19;;OCC;MCO;OK;13/05/2024;;E;C;I;;OHN;;;;;;;;;;;;;;;;
8007030;TERRITOIRE;FT 94058/808;8007030;;OR16;OR16;OR19;OR19;;OCC;MCO;OK;15/05/2024;;E;C;I;;OHN;;;;;;;;;;;;;;;;
7883532;TERRITOIRE;FT 78646/811;7883532;;OR16;OR16;OR19;OR19;;OCC;MCO;OK;18/04/2024;;E;C;I;;A1;;;;;;;;;;;;;;;;
7883858;TERRITOIRE;FT 78646/4344;7883858;;OR16;OR16;OR19;OR19;;OCC;MCO;OK;18/04/2024;;E;C;I;;OHN;;;;;;;;;;;;;;;;
7603544;TERRITOIRE;FT 92035/139;7603544;;OR16;OR16;OR19;OR19;;OCC;MCO;OK;14/02/2024;;E;C;T;;U5T;;;;;;;;;;;;;;;;
7615999;TERRITOIRE;FT 93070/624;7615999;;OR16;OR16;OR19;OR19;;OCC;MCO;OK;16/02/2024;;E;C;T;;OHN;;;;;;;;;;;;;;;;
7859390;TERRITOIRE;FT 94068/2842;7859390;;OR16;OR16;OR19;OR19;;OCC;MCO;OK;11/04/2024;;E;C;I;;S5T;;;;;;;;;;;;;;;;
7859378;TERRITOIRE;FT 94068/2270;7859378;;OR16;OR16;OR19;OR19;;OCC;MCO;OK;11/04/2024;;E;C;I;;S3T;;;;;;;;;;;;;;;;
7731204;TERRITOIRE;FT 94028/1043;7731204;;OR16;OR16;OR19;OR19;;OCC;MCO;OK;13/03/2024;;E;C;T;;L3T;;;;;;;;;;;;;;;;
7630102;TERRITOIRE;FT 93064/1616;7630102;;OR16;OR16;OR19;OR19;;OCC;MCO;OK;21/02/2024;;E;C;T;;OHN;;;;;;;;;;;;;;;;
7904630;TERRITOIRE;FT 78646/1296;7904630;;OR16;OR16;OR19;OR19;;OCC;MCO;OK;18/04/2024;;E;C;I;;A2;;;;;;;;;;;;;;;;
7630069;TERRITOIRE;FT 93064/2503;7630069;;OR16;OR16;OR19;OR19;;OCC;MCO;OK;21/02/2024;;E;C;T;;L2T;;;;;;;;;;;;;;;;
7830080;TERRITOIRE;FT 92019/462;7830080;;OR16;OR16;OR19;OR19;;OCC;MCO;OK;02/04/2024;;E;C;I;;L2T;;;;;;;;;;;;;;;;
7855709;TERRITOIRE;FT 92019/12;7855709;;OR16;OR16;OR19;OR19;;OCC;MCO;OK;10/04/2024;;E;C;I;;S4T;;;;;;;;;;;;;;;;
7630194;TERRITOIRE;FT 93064/1395;7630194;;OR16;OR16;OR19;OR19;;OCC;MCO;OK;21/02/2024;;E;C;T;;OHN;;;;;;;;;;;;;;;;
7912697;TERRITOIRE;FT 94077/558;7912697;;OR16;OR16;OR19;OR19;;OCC;MCO;OK;24/04/2024;;E;C;I;;L5T;;;;;;;;;;;;;;;;
7905271;TERRITOIRE;FT 92051/1181;7905271;;OR16;OR16;OR19;OR19;;OCC;MCO;OK;23/04/2024;;E;C;I;;S4T;;;;;;;;;;;;;;;;
7630111;TERRITOIRE;FT 93064/2123;7630111;;OR16;OR16;OR19;OR19;;OCC;MCO;OK;21/02/2024;;E;C;T;;L3T;;;;;;;;;;;;;;;;
7714577;TERRITOIRE;FT 92004/1966;7714577;;OR16;OR16;OR19;OR19;;OCC;MCO;OK;08/03/2024;;E;C;T;;L3T;;;;;;;;;;;;;;;;
7796207;TERRITOIRE;FT 92020/401;7796207;;OR16;OR16;OR19;OR19;;OCC;MCO;OK;25/03/2024;;E;C;I;;L5T;;;;;;;;;;;;;;;;
7906231;TERRITOIRE;FT 92051/1501;7906231;;OR16;OR16;OR19;OR19;;OCC;MCO;OK;23/04/2024;;E;C;I;;L3T;;;;;;;;;;;;;;;;
7568319;TERRITOIRE;FT 94015/422;7568319;;OR16;OR16;OR19;OR19;;OCC;MCO;OK;08/02/2024;;E;C;T;;OHN;;;;;;;;;;;;;;;;
7761613;TERRITOIRE;FT 93010/592;7761613;;OR16;OR16;OR19;OR19;;OCC;MCO;OK;18/03/2024;;E;C;T;;OHN;;;;;;;;;;;;;;;;
7568330;TERRITOIRE;FT 94015/997;7568330;;OR16;OR16;OR19;OR19;;OCC;MCO;OK;08/02/2024;;E;C;T;;OHN;;;;;;;;;;;;;;;;
7833920;TERRITOIRE;FT 94019/673;7833920;;OR16;OR16;OR19;OR19;;OCC;MCO;OK;03/04/2024;;E;C;I;;OHN;;;;;;;;;;;;;;;;
7714612;TERRITOIRE;FT 92004/992;7714612;;OR16;OR16;OR19;OR19;;OCC;MCO;OK;08/03/2024;;E;C;T;;S3T;;;;;;;;;;;;;;;;
7883280;TERRITOIRE;FT 78646/1358;7883280;;OR16;OR16;OR19;OR19;;OCC;MCO;OK;18/04/2024;;E;C;I;;B1;;;;;;;;;;;;;;;;
7926411;TERRITOIRE;FT 94038/56;7926411;;OR16;OR16;OR19;OR19;;OCC;MCO;OK;26/04/2024;;E;C;I;;L2T;;;;;;;;;;;;;;;;
7859358;TERRITOIRE;FT 94068/1967;7859358;;OR16;OR16;OR19;OR19;;OCC;MCO;OK;11/04/2024;;E;C;I;;OHN;;;;;;;;;;;;;;;;
7877141;TERRITOIRE;FT 92012/410;7877141;;OR16;OR16;OR19;OR19;;OCC;MCO;OK;17/04/2024;;E;C;I;;S4T;;;;;;;;;;;;;;;;
7991360;TERRITOIRE;FT 93077/263;7991360;;OR16;OR16;OR19;OR19;;OCC;MCO;OK;13/05/2024;;E;C;I;;U4T;;;;;;;;;;;;;;;;
7783061;TERRITOIRE;FT 92002/2117;7783061;;OR16;OR16;OR19;OR19;;OCC;MCO;OK;21/03/2024;;E;C;I;;U4T;;;;;;;;;;;;;;;;
7620486;TERRITOIRE;FT 93048/131;7620486;;OR16;OR16;OR19;OR19;;OCC;MCO;OK;19/02/2024;;E;C;T;;U5T;;;;;;;;;;;;;;;;
7912722;TERRITOIRE;FT 94077/580;7912722;;OR16;OR16;OR19;OR19;;OCC;MCO;OK;24/04/2024;;E;C;I;;L4T;;;;;;;;;;;;;;;;
7610233;TERRITOIRE;FT 92026/234;7610233;;OR16;OR16;OR19;OR19;;OCC;MCO;OK;15/02/2024;;E;C;T;;S5T;;;;;;;;;;;;;;;;
7771194;TERRITOIRE;FT 92002/3401;7771194;;OR16;OR16;OR19;OR19;;OCC;MCO;OK;20/03/2024;;E;C;T;;S3T;;;;;;;;;;;;;;;;
7826562;TERRITOIRE;FT 92046/777;7826562;;OR16;OR16;OR19;OR19;;OCC;MCO;OK;02/04/2024;;E;C;I;;S6T;;;;;;;;;;;;;;;;
7883278;TERRITOIRE;FT 78646/812;7883278;;OR16;OR16;OR19;OR19;;OCC;MCO;OK;18/04/2024;;E;C;I;;A1;;;;;;;;;;;;;;;;
7859265;TERRITOIRE;FT 94068/3238;7859265;;OR16;OR16;OR19;OR19;;OCC;MCO;OK;11/04/2024;;E;C;I;;L2T;;;;;;;;;;;;;;;;
7991684;TERRITOIRE;FT 93010/263;7991684;;OR16;OR16;OR19;OR19;;OCC;MCO;OK;13/05/2024;;E;C;I;;OHN;;;;;;;;;;;;;;;;
7609957;TERRITOIRE;FT 92004/469;7609957;;OR16;OR16;OR19;OR19;;OCC;MCO;OK;15/02/2024;;E;C;T;;U5T;;;;;;;;;;;;;;;;
7607387;TERRITOIRE;FT 92026/429;7607387;;OR16;OR16;OR19;OR19;;OCC;MCO;OK;14/02/2024;;E;C;T;;S3T;;;;;;;;;;;;;;;;
7714614;TERRITOIRE;FT 92004/1940;7714614;;OR16;OR16;OR19;OR19;;OCC;MCO;OK;08/03/2024;;E;C;T;;L4T;;;;;;;;;;;;;;;;
7698617;TERRITOIRE;FT 92020/749;7698617;;OR16;OR16;OR19;OR19;;OCC;MCO;OK;06/03/2024;;E;C;T;;S3T;;;;;;;;;;;;;;;;
7594907;TERRITOIRE;FT 94002/61;7594907;;OR16;OR16;OR19;OR19;;OCC;MCO;OK;13/02/2024;;E;C;T;;L0T;;;;;;;;;;;;;;;;
7800353;TERRITOIRE;FT 92075/283;7800353;;OR16;OR16;OR19;OR19;;OCC;MCO;OK;26/03/2024;;E;C;I;;S4T;;;;;;;;;;;;;;;;
7651522;TERRITOIRE;FT 92024/293;7651522;;OR16;OR16;OR19;OR19;;OCC;MCO;OK;26/02/2024;;E;C;T;;S4T;;;;;;;;;;;;;;;;
7795512;TERRITOIRE;FT 93048/1701;7795512;;OR16;OR16;OR19;OR19;;OCC;MCO;OK;25/03/2024;;E;C;I;;OHN;;;;;;;;;;;;;;;;
7926404;TERRITOIRE;FT 94038/139;7926404;;OR16;OR16;OR19;OR19;;OCC;MCO;OK;26/04/2024;;E;C;I;;L4T;;;;;;;;;;;;;;;;
7827230;TERRITOIRE;FT 92046/716;7827230;;OR16;OR16;OR19;OR19;;OCC;MCO;OK;02/04/2024;;E;C;I;;L2T;;;;;;;;;;;;;;;;
8133747;TERRITOIRE;FT 93005/2216;8133747;;OR16;OR16;OR19;OR19;;OCC;MCO;OK;08/02/2024;;E;C;I;;K2C;;;;;;;;;;;;;;;;
7600651;TERRITOIRE;FT 92044/378;7600651;;OR16;OR16;OR19;OR19;;OCC;MCO;OK;13/02/2024;;E;C;T;;U5T;;;;;;;;;;;;;;;;
7635189;TERRITOIRE;FT 93072/725;7635189;;OR16;OR16;OR19;OR19;;OCC;MCO;OK;22/02/2024;;E;C;T;;OHN;;;;;;;;;;;;;;;;
7883840;TERRITOIRE;FT 78646/798;7883840;;OR16;OR16;OR19;OR19;;OCC;MCO;OK;18/04/2024;;E;C;I;;A2;;;;;;;;;;;;;;;;
7991460;TERRITOIRE;FT 93077/361;7991460;;OR16;OR16;OR19;OR19;;OCC;MCO;OK;13/05/2024;;E;C;I;;A2;;;;;;;;;;;;;;;;
7838100;TERRITOIRE;FT 92025/370;7838100;;OR16;OR16;OR19;OR19;;OCC;MCO;OK;04/04/2024;;E;C;I;;L2T;;;;;;;;;;;;;;;;
7593514;TERRITOIRE;FT 94002/411;7593514;;OR16;OR16;OR19;OR19;;OCC;MCO;OK;13/02/2024;;E;C;T;;L5T;;;;;;;;;;;;;;;;
7553636;TERRITOIRE;FT 92036/978;7553636;;OR16;OR16;OR19;OR19;;OCC;MCO;OK;06/02/2024;;E;C;T;;S3T;;;;;;;;;;;;;;;;
7731194;TERRITOIRE;FT 94028/925;7731194;;OR16;OR16;OR19;OR19;;OCC;MCO;OK;13/03/2024;;E;C;T;;OHN;;;;;;;;;;;;;;;;
7731210;TERRITOIRE;FT 94028/1088;7731210;;OR16;OR16;OR19;OR19;;OCC;MCO;OK;13/03/2024;;E;C;T;;OHN;;;;;;;;;;;;;;;;
7827197;TERRITOIRE;FT 92046/522;7827197;;OR16;OR16;OR19;OR19;;OCC;MCO;OK;02/04/2024;;E;C;I;;S3T;;;;;;;;;;;;;;;;
7542414;TERRITOIRE;FT 92024/765;7542414;;OR16;OR16;OR19;OR19;;OCC;MCO;OK;02/02/2024;;E;C;T;;S3T;;;;;;;;;;;;;;;;
7838091;TERRITOIRE;FT 92009/530;7838091;;OR16;OR16;OR19;OR19;;OCC;MCO;OK;04/04/2024;;E;C;I;;S3T;;;;;;;;;;;;;;;;
7991418;TERRITOIRE;FT 93010/273;7991418;;OR16;OR16;OR19;OR19;;OCC;MCO;OK;13/05/2024;;E;C;I;;OHN;;;;;;;;;;;;;;;;
7837762;TERRITOIRE;FT 92025/62;7837762;;OR16;OR16;OR19;OR19;;OCC;MCO;OK;04/04/2024;;E;C;I;;OHN;;;;;;;;;;;;;;;;
7619852;TERRITOIRE;FT 93031/1289;7619852;;OR16;OR16;OR19;OR19;;OCC;MCO;OK;19/02/2024;;E;C;T;;L4T;;;;;;;;;;;;;;;;
7883197;TERRITOIRE;FT 92012/1380;7883197;;OR16;OR16;OR19;OR19;;OCC;MCO;OK;18/04/2024;;E;C;I;;U6T;;;;;;;;;;;;;;;;
7519705;TERRITOIRE;FT 94033/760;7519705;;OR16;OR16;OR19;OR19;;OCC;MCO;OK;31/01/2024;;E;C;T;;S3T;;;;;;;;;;;;;;;;
7519668;TERRITOIRE;FT 94033/1718;7519668;;OR16;OR16;OR19;OR19;;OCC;MCO;OK;31/01/2024;;E;C;T;;L2T;;;;;;;;;;;;;;;;
7819859;TERRITOIRE;FT 94073/1423;7819859;;OR16;OR16;OR19;OR19;;OCC;MCO;OK;28/03/2024;;E;C;I;;OHN;;;;;;;;;;;;;;;;
7594866;TERRITOIRE;FT 94002/138;7594866;;OR16;OR16;OR19;OR19;;OCC;MCO;OK;13/02/2024;;E;C;T;;OHN;;;;;;;;;;;;;;;;
7615988;TERRITOIRE;FT 93070/616;7615988;;OR16;OR16;OR19;OR19;;OCC;MCO;OK;16/02/2024;;E;C;T;;OHN;;;;;;;;;;;;;;;;
7827243;TERRITOIRE;FT 92046/991;7827243;;OR16;OR16;OR19;OR19;;OCC;MCO;OK;02/04/2024;;E;C;I;;L2T;;;;;;;;;;;;;;;;
7871378;TERRITOIRE;FT 94052/759;7871378;;OR16;OR16;OR19;OR19;;OCC;MCO;OK;16/04/2024;;E;C;I;;OHN;;;;;;;;;;;;;;;;
7714629;TERRITOIRE;FT 92004/535;7714629;;OR16;OR16;OR19;OR19;;OCC;MCO;OK;08/03/2024;;E;C;T;;S4T;;;;;;;;;;;;;;;;
7626550;TERRITOIRE;FT 93031/325;7626550;;OR16;OR16;OR19;OR19;;OCC;MCO;OK;21/02/2024;;E;C;T;;S5T;;;;;;;;;;;;;;;;
7899885;TERRITOIRE;FT 78646/3359;7899885;;OR16;OR16;OR19;OR19;;OCC;MCO;OK;23/04/2024;;E;C;I;;OHN;;;;;;;;;;;;;;;;
7672649;TERRITOIRE;FT 93066/882;7672649;;OR16;OR16;OR19;OR19;;OCC;MCO;OK;29/02/2024;;E;C;T;;OHN;;;;;;;;;;;;;;;;
7829428;TERRITOIRE;FT 92019/33;7829428;;OR16;OR16;OR19;OR19;;OCC;MCO;OK;02/04/2024;;E;C;I;;OHN;;;;;;;;;;;;;;;;
7731206;TERRITOIRE;FT 94028/1087;7731206;;OR16;OR16;OR19;OR19;;OCC;MCO;OK;13/03/2024;;E;C;T;;OHN;;;;;;;;;;;;;;;;
7777077;TERRITOIRE;FT 92002/850;7777077;;OR16;OR16;OR19;OR19;;OCC;MCO;OK;20/03/2024;;E;C;T;;S3T;;;;;;;;;;;;;;;;
7915827;TERRITOIRE;FT 94018/385;7915827;;OR16;OR16;OR19;OR19;;OCC;MCO;OK;24/04/2024;;E;C;I;;S3T;;;;;;;;;;;;;;;;
7519703;TERRITOIRE;FT 94033/325;7519703;;OR16;OR16;OR19;OR19;;OCC;MCO;OK;31/01/2024;;E;C;T;;L3T;;;;;;;;;;;;;;;;
7991039;TERRITOIRE;FT 93046/347;7991039;;OR16;OR16;OR19;OR19;;OCC;MCO;OK;13/05/2024;;E;C;I;;L5T;;;;;;;;;;;;;;;;
7915879;TERRITOIRE;FT 94018/290;7915879;;OR16;OR16;OR19;OR19;;OCC;MCO;OK;24/04/2024;;E;C;I;;OHN;;;;;;;;;;;;;;;;
8000309;TERRITOIRE;FT 94033/2246;8000309;;OR16;OR16;OR19;OR19;;OCC;MCO;OK;15/05/2024;;E;C;I;;L4T;;;;;;;;;;;;;;;;
7883251;TERRITOIRE;FT 92050/383;7883251;;OR16;OR16;OR19;OR19;;OCC;MCO;OK;18/04/2024;;E;C;I;;OHN;;;;;;;;;;;;;;;;
7530588;TERRITOIRE;FT 93010/879;7530588;;OR16;OR16;OR19;OR19;;OCC;MCO;OK;01/02/2024;;E;C;T;;OHN;;;;;;;;;;;;;;;;
7519729;TERRITOIRE;FT 94033/763;7519729;;OR16;OR16;OR19;OR19;;OCC;MCO;OK;31/01/2024;;E;C;T;;OHN;;;;;;;;;;;;;;;;
7714613;TERRITOIRE;FT 92004/2123;7714613;;OR16;OR16;OR19;OR19;;OCC;MCO;OK;08/03/2024;;E;C;T;;S3T;;;;;;;;;;;;;;;;
7654707;TERRITOIRE;FT 93013/185;7654707;;OR16;OR16;OR19;OR19;;OCC;MCO;OK;27/02/2024;;E;C;T;;OHN;;;;;;;;;;;;;;;;
7566399;TERRITOIRE;FT 93005/2869;7566399;;OR16;OR16;OR19;OR19;;OCC;MCO;OK;08/02/2024;;E;C;T;;M2T;;;;;;;;;;;;;;;;
7609915;TERRITOIRE;FT 92026/1475;7609915;;OR16;OR16;OR19;OR19;;OCC;MCO;OK;15/02/2024;;E;C;T;;OHN;;;;;;;;;;;;;;;;
7634880;TERRITOIRE;FT 94052/264;7634880;;OR16;OR16;OR19;OR19;;OCC;MCO;OK;22/02/2024;;E;C;T;;OHN;;;;;;;;;;;;;;;;
7902740;TERRITOIRE;FT 94033/1625;7902740;;OR16;OR16;OR19;OR19;;OCC;MCO;OK;23/04/2024;;E;C;I;;L4T;;;;;;;;;;;;;;;;
7800363;TERRITOIRE;FT 92007/232;7800363;;OR16;OR16;OR19;OR19;;OCC;MCO;OK;26/03/2024;;E;C;I;;OHN;;;;;;;;;;;;;;;;
7859392;TERRITOIRE;FT 94068/2672;7859392;;OR16;OR16;OR19;OR19;;OCC;MCO;OK;11/04/2024;;E;C;I;;OHN;;;;;;;;;;;;;;;;
7905292;TERRITOIRE;FT 92051/358;7905292;;OR16;OR16;OR19;OR19;;OCC;MCO;OK;23/04/2024;;E;C;I;;S4T;;;;;;;;;;;;;;;;
7568328;TERRITOIRE;FT 94015/740;7568328;;OR16;OR16;OR19;OR19;;OCC;MCO;OK;08/02/2024;;E;C;T;;OHN;;;;;;;;;;;;;;;;
7609594;TERRITOIRE;FT 92004/105;7609594;;OR16;OR16;OR19;OR19;;OCC;MCO;OK;15/02/2024;;E;C;T;;S1T;;;;;;;;;;;;;;;;
7646395;TERRITOIRE;FT 93029/1737;7646395;;OR16;OR16;OR19;OR19;;OCC;MCO;OK;23/02/2024;;E;C;T;;L2T;;;;;;;;;;;;;;;;
7861454;TERRITOIRE;FT 94076/1662;7861454;;OR16;OR16;OR19;OR19;;OCC;MCO;OK;12/04/2024;;E;C;I;;L3T;;;;;;;;;;;;;;;;
7991370;TERRITOIRE;FT 93077/593;7991370;;OR16;OR16;OR19;OR19;;OCC;MCO;OK;13/05/2024;;E;C;I;;OHN;;;;;;;;;;;;;;;;
7609595;TERRITOIRE;FT 92004/777;7609595;;OR16;OR16;OR19;OR19;;OCC;MCO;OK;15/02/2024;;E;C;T;;S4T;;;;;;;;;;;;;;;;
7861457;TERRITOIRE;FT 94076/1313;7861457;;OR16;OR16;OR19;OR19;;OCC;MCO;OK;12/04/2024;;E;C;I;;L4T;;;;;;;;;;;;;;;;
7607399;TERRITOIRE;FT 92026/777;7607399;;OR16;OR16;OR19;OR19;;OCC;MCO;OK;14/02/2024;;E;C;T;;S3T;;;;;;;;;;;;;;;;
7654770;TERRITOIRE;FT 93007/617;7654770;;OR16;OR16;OR19;OR19;;OCC;MCO;OK;27/02/2024;;E;C;T;;A2;;;;;;;;;;;;;;;;
7654718;TERRITOIRE;FT 93013/293;7654718;;OR16;OR16;OR19;OR19;;OCC;MCO;OK;27/02/2024;;E;C;T;;OHN;;;;;;;;;;;;;;;;
7803200;TERRITOIRE;FT 92020/1023;7803200;;OR16;OR16;OR19;OR19;;OCC;MCO;OK;26/03/2024;;E;C;I;;L2T;;;;;;;;;;;;;;;;
7859195;TERRITOIRE;FT 94068/2080;7859195;;OR16;OR16;OR19;OR19;;OCC;MCO;OK;11/04/2024;;E;C;I;;OHN;;;;;;;;;;;;;;;;
7790078;TERRITOIRE;FT 93039/143;7790078;;OR16;OR16;OR19;OR19;;OCC;MCO;OK;22/03/2024;;E;C;I;;OHN;;;;;;;;;;;;;;;;
7761615;TERRITOIRE;FT 93010/520;7761615;;OR16;OR16;OR19;OR19;;OCC;MCO;OK;18/03/2024;;E;C;T;;OHN;;;;;;;;;;;;;;;;
7607381;TERRITOIRE;FT 92026/513;7607381;;OR16;OR16;OR19;OR19;;OCC;MCO;OK;14/02/2024;;E;C;T;;U5T;;;;;;;;;;;;;;;;
7877128;TERRITOIRE;FT 92012/1140;7877128;;OR16;OR16;OR19;OR19;;OCC;MCO;OK;17/04/2024;;E;C;I;;OHN;;;;;;;;;;;;;;;;
7877110;TERRITOIRE;FT 92012/2166;7877110;;OR16;OR16;OR19;OR19;;OCC;MCO;OK;17/04/2024;;E;C;I;;S3T;;;;;;;;;;;;;;;;
7871365;TERRITOIRE;FT 94052/363;7871365;;OR16;OR16;OR19;OR19;;OCC;MCO;OK;16/04/2024;;E;C;I;;U5T;;;;;;;;;;;;;;;;
7596174;TERRITOIRE;FT 94017/2354;7596174;;OR16;OR16;OR19;OR19;;OCC;MCO;OK;13/02/2024;;E;C;T;;OHN;;;;;;;;;;;;;;;;
7912726;TERRITOIRE;FT 94077/625;7912726;;OR16;OR16;OR19;OR19;;OCC;MCO;OK;24/04/2024;;E;C;I;;L4T;;;;;;;;;;;;;;;;
7630175;TERRITOIRE;FT 93064/1884;7630175;;OR16;OR16;OR19;OR19;;OCC;MCO;OK;21/02/2024;;E;C;T;;OHN;;;;;;;;;;;;;;;;
7651547;TERRITOIRE;FT 92036/1363;7651547;;OR16;OR16;OR19;OR19;;OCC;MCO;OK;26/02/2024;;E;C;T;;OHN;;;;;;;;;;;;;;;;
7838112;TERRITOIRE;FT 92009/311;7838112;;OR16;OR16;OR19;OR19;;OCC;MCO;OK;04/04/2024;;E;C;I;;S4T;;;;;;;;;;;;;;;;
7905296;TERRITOIRE;FT 92051/359;7905296;;OR16;OR16;OR19;OR19;;OCC;MCO;OK;23/04/2024;;E;C;I;;U5T;;;;;;;;;;;;;;;;
7850268;TERRITOIRE;FT 94022/699;7850268;;OR16;OR16;OR19;OR19;;OCC;MCO;OK;08/04/2024;;E;C;I;;P1T;;;;;;;;;;;;;;;;
7553602;TERRITOIRE;FT 92036/972;7553602;;OR16;OR16;OR19;OR19;;OCC;MCO;OK;06/02/2024;;E;C;T;;L2T;;;;;;;;;;;;;;;;
7763196;TERRITOIRE;FT 92036/1068;7763196;;OR16;OR16;OR19;OR19;;OCC;MCO;OK;18/03/2024;;E;C;T;;L2T;;;;;;;;;;;;;;;;
7827213;TERRITOIRE;FT 92046/875;7827213;;OR16;OR16;OR19;OR19;;OCC;MCO;OK;02/04/2024;;E;C;I;;L2T;;;;;;;;;;;;;;;;
7861473;TERRITOIRE;FT 94076/846;7861473;;OR16;OR16;OR19;OR19;;OCC;MCO;OK;12/04/2024;;E;C;I;;L2T;;;;;;;;;;;;;;;;
7861458;TERRITOIRE;FT 94081/581;7861458;;OR16;OR16;OR19;OR19;;OCC;MCO;OK;12/04/2024;;E;C;I;;L3T;;;;;;;;;;;;;;;;
7594931;TERRITOIRE;FT 94081/2113;7594931;;OR16;OR16;OR19;OR19;;OCC;MCO;OK;13/02/2024;;E;C;T;;L4T;;;;;;;;;;;;;;;;
7522241;TERRITOIRE;FT 93010/693;7522241;;OR16;OR16;OR19;OR19;;OCC;MCO;OK;31/01/2024;;E;C;T;;A2;;;;;;;;;;;;;;;;
7883191;TERRITOIRE;FT 92012/2095;7883191;;OR16;OR16;OR19;OR19;;OCC;MCO;OK;18/04/2024;;E;C;I;;S1T;;;;;;;;;;;;;;;;
7795872;TERRITOIRE;FT 93048/1728;7795872;;OR16;OR16;OR19;OR19;;OCC;MCO;OK;25/03/2024;;E;C;I;;OHN;;;;;;;;;;;;;;;;
7568348;TERRITOIRE;FT 94002/648;7568348;;OR16;OR16;OR19;OR19;;OCC;MCO;OK;08/02/2024;;E;C;T;;OHN;;;;;;;;;;;;;;;;
7572149;TERRITOIRE;FT 94046/903;7572149;;OR16;OR16;OR19;OR19;;OCC;MCO;OK;09/02/2024;;E;C;T;;OHN;;;;;;;;;;;;;;;;
7750404;TERRITOIRE;FT 94028/1705;7750404;;OR16;OR16;OR19;OR19;;OCC;MCO;OK;15/03/2024;;E;C;T;;L6T;;;;;;;;;;;;;;;;
7688318;TERRITOIRE;FT 93001/1050;7688318;;OR16;OR16;OR19;OR19;;OCC;MCO;OK;05/03/2024;;E;C;T;;S3T;;;;;;;;;;;;;;;;
7883195;TERRITOIRE;FT 92012/2096;7883195;;OR16;OR16;OR19;OR19;;OCC;MCO;OK;18/04/2024;;E;C;I;;S3T;;;;;;;;;;;;;;;;
7789114;TERRITOIRE;FT 92071/887;7789114;;OR16;OR16;OR19;OR19;;OCC;MCO;OK;22/03/2024;;E;C;I;;OHN;;;;;;;;;;;;;;;;
7830073;TERRITOIRE;FT 92019/518;7830073;;OR16;OR16;OR19;OR19;;OCC;MCO;OK;02/04/2024;;E;C;I;;S4T;;;;;;;;;;;;;;;;
7514237;TERRITOIRE;FT 93055/159;7514237;;OR16;OR16;OR19;OR19;;OCC;MCO;OK;30/01/2024;;E;C;T;;S4T;;;;;;;;;;;;;;;;
7883853;TERRITOIRE;FT 78646/4454;7883853;;OR16;OR16;OR19;OR19;;OCC;MCO;OK;18/04/2024;;E;C;I;;A2;;;;;;;;;;;;;;;;
7963534;TERRITOIRE;FT 94043/184;7963534;;OR16;OR16;OR19;OR19;;OCC;MCO;OK;06/05/2024;;E;C;I;;L4T;;;;;;;;;;;;;;;;
7906868;TERRITOIRE;FT 92051/1248;7906868;;OR16;OR16;OR19;OR19;;OCC;MCO;OK;23/04/2024;;E;C;I;;S3T;;;;;;;;;;;;;;;;
7877124;TERRITOIRE;FT 92012/1676;7877124;;OR16;OR16;OR19;OR19;;OCC;MCO;OK;17/04/2024;;E;C;I;;OHN;;;;;;;;;;;;;;;;
7616311;TERRITOIRE;FT 93048/2722;7616311;;OR16;OR16;OR19;OR19;;OCC;MCO;OK;16/02/2024;;E;C;T;;OHN;;;;;;;;;;;;;;;;
7830098;TERRITOIRE;FT 92019/640;7830098;;OR16;OR16;OR19;OR19;;OCC;MCO;OK;02/04/2024;;E;C;I;;L1T;;;;;;;;;;;;;;;;
7635187;TERRITOIRE;FT 93072/860;7635187;;OR16;OR16;OR19;OR19;;OCC;MCO;OK;22/02/2024;;E;C;T;;L2T;;;;;;;;;;;;;;;;
7912643;TERRITOIRE;FT 94077/1037;7912643;;OR16;OR16;OR19;OR19;;OCC;MCO;OK;24/04/2024;;E;C;I;;L2T;;;;;;;;;;;;;;;;
7607378;TERRITOIRE;FT 92026/800;7607378;;OR16;OR16;OR19;OR19;;OCC;MCO;OK;14/02/2024;;E;C;T;;OHN;;;;;;;;;;;;;;;;
7837751;TERRITOIRE;FT 92025/539;7837751;;OR16;OR16;OR19;OR19;;OCC;MCO;OK;04/04/2024;;E;C;I;;S3T;;;;;;;;;;;;;;;;
7837759;TERRITOIRE;FT 92025/1167;7837759;;OR16;OR16;OR19;OR19;;OCC;MCO;OK;04/04/2024;;E;C;I;;S3T;;;;;;;;;;;;;;;;
7887675;TERRITOIRE;FT 92073/746;7887675;;OR16;OR16;OR19;OR19;;OCC;MCO;OK;19/04/2024;;E;C;I;;S4T;;;;;;;;;;;;;;;;
7800309;TERRITOIRE;FT 92075/295;7800309;;OR16;OR16;OR19;OR19;;OCC;MCO;OK;26/03/2024;;E;C;I;;S4T;;;;;;;;;;;;;;;;
7859210;TERRITOIRE;FT 94068/565;7859210;;OR16;OR16;OR19;OR19;;OCC;MCO;OK;11/04/2024;;E;C;I;;OHN;;;;;;;;;;;;;;;;
7850242;TERRITOIRE;FT 94022/299;7850242;;OR16;OR16;OR19;OR19;;OCC;MCO;OK;08/04/2024;;E;C;I;;L4T;;;;;;;;;;;;;;;;
7603505;TERRITOIRE;FT 92050/1874;7603505;;OR16;OR16;OR19;OR19;;OCC;MCO;OK;14/02/2024;;E;C;T;;OHN;;;;;;;;;;;;;;;;
7789112;TERRITOIRE;FT 92071/365;7789112;;OR16;OR16;OR19;OR19;;OCC;MCO;OK;22/03/2024;;E;C;I;;S3T;;;;;;;;;;;;;;;;
7600649;TERRITOIRE;FT 92044/549;7600649;;OR16;OR16;OR19;OR19;;OCC;MCO;OK;13/02/2024;;E;C;T;;L6T;;;;;;;;;;;;;;;;
7871395;TERRITOIRE;FT 92073/68;7871395;;OR16;OR16;OR19;OR19;;OCC;MCO;OK;16/04/2024;;E;C;I;;U6T;;;;;;;;;;;;;;;;
7572148;TERRITOIRE;FT 94046/900;7572148;;OR16;OR16;OR19;OR19;;OCC;MCO;OK;09/02/2024;;E;C;T;;OHN;;;;;;;;;;;;;;;;
7827251;TERRITOIRE;FT 92046/478;7827251;;OR16;OR16;OR19;OR19;;OCC;MCO;OK;02/04/2024;;E;C;I;;S1T;;;;;;;;;;;;;;;;
7811827;TERRITOIRE;FT 94054/601;7811827;;OR16;OR16;OR19;OR19;;OCC;MCO;OK;27/03/2024;;E;C;I;;P1T;;;;;;;;;;;;;;;;
7883255;TERRITOIRE;FT 92050/218;7883255;;OR16;OR16;OR19;OR19;;OCC;MCO;OK;18/04/2024;;E;C;I;;S3T;;;;;;;;;;;;;;;;
7630156;TERRITOIRE;FT 93064/1825;7630156;;OR16;OR16;OR19;OR19;;OCC;MCO;OK;21/02/2024;;E;C;T;;OHN;;;;;;;;;;;;;;;;
7607437;TERRITOIRE;FT 92026/820;7607437;;OR16;OR16;OR19;OR19;;OCC;MCO;OK;14/02/2024;;E;C;T;;S3T;;;;;;;;;;;;;;;;
7871402;TERRITOIRE;FT 92073/1947;7871402;;OR16;OR16;OR19;OR19;;OCC;MCO;OK;16/04/2024;;E;C;I;;U5T;;;;;;;;;;;;;;;;
7803213;TERRITOIRE;FT 92007/189;7803213;;OR16;OR16;OR19;OR19;;OCC;MCO;OK;26/03/2024;;E;C;I;;OHN;;;;;;;;;;;;;;;;
7565760;TERRITOIRE;FT 94015/655;7565760;;OR16;OR16;OR19;OR19;;OCC;MCO;OK;08/02/2024;;E;C;T;;OHN;;;;;;;;;;;;;;;;
7642229;TERRITOIRE;FT 93006/691;7642229;;OR16;OR16;OR19;OR19;;OCC;MCO;OK;23/02/2024;;E;C;T;;P3T;;;;;;;;;;;;;;;;
7901108;TERRITOIRE;FT 92025/1023;7901108;;OR16;OR16;OR19;OR19;;OCC;MCO;OK;23/04/2024;;E;C;I;;U6T;;;;;;;;;;;;;;;;
7763223;TERRITOIRE;FT 92036/1074;7763223;;OR16;OR16;OR19;OR19;;OCC;MCO;OK;18/03/2024;;E;C;T;;S3T;;;;;;;;;;;;;;;;
7731527;TERRITOIRE;FT 94028/317;7731527;;OR16;OR16;OR19;OR19;;OCC;MCO;OK;13/03/2024;;E;C;T;;S4T;;;;;;;;;;;;;;;;
7761594;TERRITOIRE;FT 93010/908;7761594;;OR16;OR16;OR19;OR19;;OCC;MCO;OK;18/03/2024;;E;C;T;;OHN;;;;;;;;;;;;;;;;
7519722;TERRITOIRE;FT 94033/118;7519722;;OR16;OR16;OR19;OR19;;OCC;MCO;OK;31/01/2024;;E;C;T;;OHN;;;;;;;;;;;;;;;;
7798440;TERRITOIRE;FT 92020/778;7798440;;OR16;OR16;OR19;OR19;;OCC;MCO;OK;25/03/2024;;E;C;I;;S3T;;;;;;;;;;;;;;;;
7568347;TERRITOIRE;FT 94015/444;7568347;;OR16;OR16;OR19;OR19;;OCC;MCO;OK;08/02/2024;;E;C;T;;OHN;;;;;;;;;;;;;;;;
7638078;TERRITOIRE;FT 94033/851;7638078;;OR16;OR16;OR19;OR19;;OCC;MCO;OK;22/02/2024;;E;C;T;;U5T;;;;;;;;;;;;;;;;
7873586;TERRITOIRE;FT 94065/213;7873586;;OR16;OR16;OR19;OR19;;OCC;MCO;OK;16/04/2024;;E;C;I;;OHN;;;;;;;;;;;;;;;;
7827259;TERRITOIRE;FT 92046/187;7827259;;OR16;OR16;OR19;OR19;;OCC;MCO;OK;02/04/2024;;E;C;I;;S4T;;;;;;;;;;;;;;;;
7645435;TERRITOIRE;FT 93007/1809;7645435;;OR16;OR16;OR19;OR19;;OCC;MCO;OK;23/02/2024;;E;C;T;;OHN;;;;;;;;;;;;;;;;
7652943;TERRITOIRE;FT 93013/171;7652943;;OR16;OR16;OR19;OR19;;OCC;MCO;OK;27/02/2024;;E;C;T;;S3T;;;;;;;;;;;;;;;;
7630114;TERRITOIRE;FT 93064/1417;7630114;;OR16;OR16;OR19;OR19;;OCC;MCO;OK;21/02/2024;;E;C;T;;OHN;;;;;;;;;;;;;;;;
7654800;TERRITOIRE;FT 93027/189;7654800;;OR16;OR16;OR19;OR19;;OCC;MCO;OK;27/02/2024;;E;C;T;;OHN;;;;;;;;;;;;;;;;
7948821;TERRITOIRE;FT 94080/41;7948821;;OR16;OR16;OR19;OR19;;OCC;MCO;OK;02/05/2024;;E;C;I;;S4T;;;;;;;;;;;;;;;;
7994564;TERRITOIRE;FT 93046/1814;7994564;;OR16;OR16;OR19;OR19;;OCC;MCO;OK;13/05/2024;;E;C;I;;K2C;;;;;;;;;;;;;;;;
7783124;TERRITOIRE;FT 92014/240;7783124;;OR16;OR16;OR19;OR19;;OCC;MCO;OK;21/03/2024;;E;C;I;;OHN;;;;;;;;;;;;;;;;
7603529;TERRITOIRE;FT 92050/2216;7603529;;OR16;OR16;OR19;OR19;;OCC;MCO;OK;14/02/2024;;E;C;T;;S4T;;;;;;;;;;;;;;;;
7899846;TERRITOIRE;FT 78646/4839;7899846;;OR16;OR16;OR19;OR19;;OCC;MCO;OK;23/04/2024;;E;C;I;;OHN;;;;;;;;;;;;;;;;
7618873;TERRITOIRE;FT 93079/506;7618873;;OR16;OR16;OR19;OR19;;OCC;MCO;OK;19/02/2024;;E;C;T;;L3T;;;;;;;;;;;;;;;;
7683831;TERRITOIRE;FT 93029/1239;7683831;;OR16;OR16;OR19;OR19;;OCC;MCO;OK;04/03/2024;;E;C;T;;OHN;;;;;;;;;;;;;;;;
7861475;TERRITOIRE;FT 94076/1352;7861475;;OR16;OR16;OR19;OR19;;OCC;MCO;OK;12/04/2024;;E;C;I;;L4T;;;;;;;;;;;;;;;;
7777087;TERRITOIRE;FT 92002/1119;7777087;;OR16;OR16;OR19;OR19;;OCC;MCO;OK;20/03/2024;;E;C;T;;S3T;;;;;;;;;;;;;;;;
7638070;TERRITOIRE;FT 94033/772;7638070;;OR16;OR16;OR19;OR19;;OCC;MCO;OK;22/02/2024;;E;C;T;;L2T;;;;;;;;;;;;;;;;
7607391;TERRITOIRE;FT 92026/212;7607391;;OR16;OR16;OR19;OR19;;OCC;MCO;OK;14/02/2024;;E;C;T;;S3T;;;;;;;;;;;;;;;;
7856643;TERRITOIRE;FT 92019/310;7856643;;OR16;OR16;OR19;OR19;;OCC;MCO;OK;10/04/2024;;E;C;I;;OHN;;;;;;;;;;;;;;;;
7899867;TERRITOIRE;FT 78646/5406;7899867;;OR16;OR16;OR19;OR19;;OCC;MCO;OK;23/04/2024;;E;C;I;;A2;;;;;;;;;;;;;;;;
7796194;TERRITOIRE;FT 93048/2098;7796194;;OR16;OR16;OR19;OR19;;OCC;MCO;OK;25/03/2024;;E;C;I;;U6T;;;;;;;;;;;;;;;;
7698870;TERRITOIRE;FT 92020/203;7698870;;OR16;OR16;OR19;OR19;;OCC;MCO;OK;06/03/2024;;E;C;T;;S3T;;;;;;;;;;;;;;;;
7594906;TERRITOIRE;FT 94002/92;7594906;;OR16;OR16;OR19;OR19;;OCC;MCO;OK;13/02/2024;;E;C;T;;OHN;;;;;;;;;;;;;;;;
7856679;TERRITOIRE;FT 92019/4;7856679;;OR16;OR16;OR19;OR19;;OCC;MCO;OK;10/04/2024;;E;C;I;;OHN;;;;;;;;;;;;;;;;
7608948;TERRITOIRE;FT 92026/960;7608948;;OR16;OR16;OR19;OR19;;OCC;MCO;OK;14/02/2024;;E;C;T;;V5T;;;;;;;;;;;;;;;;
7859326;TERRITOIRE;FT 94068/2295;7859326;;OR16;OR16;OR19;OR19;;OCC;MCO;OK;11/04/2024;;E;C;I;;OHN;;;;;;;;;;;;;;;;
7859242;TERRITOIRE;FT 94068/219;7859242;;OR16;OR16;OR19;OR19;;OCC;MCO;OK;11/04/2024;;E;C;I;;OHN;;;;;;;;;;;;;;;;
7912687;TERRITOIRE;FT 94077/596;7912687;;OR16;OR16;OR19;OR19;;OCC;MCO;OK;24/04/2024;;E;C;I;;L5T;;;;;;;;;;;;;;;;
7827209;TERRITOIRE;FT 92046/579;7827209;;OR16;OR16;OR19;OR19;;OCC;MCO;OK;02/04/2024;;E;C;I;;S3T;;;;;;;;;;;;;;;;
7761270;TERRITOIRE;FT 93057/1008;7761270;;OR16;OR16;OR19;OR19;;OCC;MCO;OK;18/03/2024;;E;C;T;;S3T;;;;;;;;;;;;;;;;
7811873;TERRITOIRE;FT 94081/169;7811873;;OR16;OR16;OR19;OR19;;OCC;MCO;OK;27/03/2024;;E;C;I;;L2T;;;;;;;;;;;;;;;;
7899843;TERRITOIRE;FT 78646/2977;7899843;;OR16;OR16;OR19;OR19;;OCC;MCO;OK;23/04/2024;;E;C;I;;L2T;;;;;;;;;;;;;;;;
7511357;TERRITOIRE;FT 93059/174;7511357;;OR16;OR16;OR19;OR19;;OCC;MCO;OK;30/01/2024;;E;C;T;;OHN;;;;;;;;;;;;;;;;
7511360;TERRITOIRE;FT 93059/232;7511360;;OR16;OR16;OR19;OR19;;OCC;MCO;OK;30/01/2024;;E;C;T;;OHN;;;;;;;;;;;;;;;;
7604478;TERRITOIRE;FT 92025/1946;7604478;;OR16;OR16;OR19;OR19;;OCC;MCO;OK;14/02/2024;;E;C;T;;S3T;;;;;;;;;;;;;;;;
7837809;TERRITOIRE;FT 92025/2435;7837809;;OR16;OR16;OR19;OR19;;OCC;MCO;OK;04/04/2024;;E;C;I;;L3T;;;;;;;;;;;;;;;;
7630095;TERRITOIRE;FT 93064/255;7630095;;OR16;OR16;OR19;OR19;;OCC;MCO;OK;21/02/2024;;E;C;T;;OHN;;;;;;;;;;;;;;;;
7798396;TERRITOIRE;FT 92020/317;7798396;;OR16;OR16;OR19;OR19;;OCC;MCO;OK;25/03/2024;;E;C;I;;S4T;;;;;;;;;;;;;;;;
7838066;TERRITOIRE;FT 92025/364;7838066;;OR16;OR16;OR19;OR19;;OCC;MCO;OK;04/04/2024;;E;C;I;;L2T;;;;;;;;;;;;;;;;
7859232;TERRITOIRE;FT 94068/224;7859232;;OR16;OR16;OR19;OR19;;OCC;MCO;OK;11/04/2024;;E;C;I;;OHN;;;;;;;;;;;;;;;;
7848008;TERRITOIRE;FT 92050/154;7848008;;OR16;OR16;OR19;OR19;;OCC;MCO;OK;07/04/2024;;E;C;I;;S4T;;;;;;;;;;;;;;;;
7761295;TERRITOIRE;FT 93010/954;7761295;;OR16;OR16;OR19;OR19;;OCC;MCO;OK;18/03/2024;;E;C;T;;A2B;;;;;;;;;;;;;;;;
7565433;TERRITOIRE;FT 94015/645;7565433;;OR16;OR16;OR19;OR19;;OCC;MCO;OK;08/02/2024;;E;C;T;;OHN;;;;;;;;;;;;;;;;
7646394;TERRITOIRE;FT 93029/948;7646394;;OR16;OR16;OR19;OR19;;OCC;MCO;OK;23/02/2024;;E;C;T;;L3T;;;;;;;;;;;;;;;;
7798460;TERRITOIRE;FT 92020/234;7798460;;OR16;OR16;OR19;OR19;;OCC;MCO;OK;25/03/2024;;E;C;I;;S3T;;;;;;;;;;;;;;;;
7654710;TERRITOIRE;FT 93013/198;7654710;;OR16;OR16;OR19;OR19;;OCC;MCO;OK;27/02/2024;;E;C;T;;U6T;;;;;;;;;;;;;;;;
7690258;TERRITOIRE;FT 93055/555;7690258;;OR16;OR16;OR19;OR19;;OCC;MCO;OK;05/03/2024;;E;C;T;;OHN;;;;;;;;;;;;;;;;
7796186;TERRITOIRE;FT 93048/2130;7796186;;OR16;OR16;OR19;OR19;;OCC;MCO;OK;25/03/2024;;E;C;I;;OHN;;;;;;;;;;;;;;;;
7796200;TERRITOIRE;FT 92020/283;7796200;;OR16;OR16;OR19;OR19;;OCC;MCO;OK;25/03/2024;;E;C;I;;S3T;;;;;;;;;;;;;;;;
7973751;TERRITOIRE;FT 95063/512;7973751;;OR16;OR16;OR19;OR19;;OCC;MCO;OK;07/05/2024;;E;C;I;;OHN;;;;;;;;;;;;;;;;
2802226;TERRITOIRE;FT 93027/708;2802226;;OR16;OR16;OR19;OR19;;OCC;MCO;OK;16/08/2019;;E;C;T;;U6T;;;;;;;;;;;;;;;;
7553597;TERRITOIRE;FT 92036/937;7553597;;OR16;OR16;OR19;OR19;;OCC;MCO;OK;06/02/2024;;E;C;T;;L2T;;;;;;;;;;;;;;;;
7731198;TERRITOIRE;FT 94028/1002;7731198;;OR16;OR16;OR19;OR19;;OCC;MCO;OK;13/03/2024;;E;C;T;;OHN;;;;;;;;;;;;;;;;
7533109;TERRITOIRE;FT 93059/117;7533109;;OR16;OR16;OR19;OR19;;OCC;MCO;OK;01/02/2024;;E;C;T;;OHN;;;;;;;;;;;;;;;;
7798436;TERRITOIRE;FT 92020/36;7798436;;OR16;OR16;OR19;OR19;;OCC;MCO;OK;25/03/2024;;E;C;I;;S4T;;;;;;;;;;;;;;;;
7695986;TERRITOIRE;FT 93027/768;7695986;;OR16;OR16;OR19;OR19;;OCC;MCO;OK;06/03/2024;;E;C;T;;OHN;;;;;;;;;;;;;;;;
7692487;TERRITOIRE;FT 92007/561;7692487;;OR16;OR16;OR19;OR19;;OCC;MCO;OK;05/03/2024;;E;C;T;;S3T;;;;;;;;;;;;;;;;
7926386;TERRITOIRE;FT 94038/126;7926386;;OR16;OR16;OR19;OR19;;OCC;MCO;OK;26/04/2024;;E;C;I;;L3T;;;;;;;;;;;;;;;;
7783028;TERRITOIRE;FT 92002/1810;7783028;;OR16;OR16;OR19;OR19;;OCC;MCO;OK;21/03/2024;;E;C;I;;L2T;;;;;;;;;;;;;;;;
7561597;TERRITOIRE;FT 93046/1036;7561597;;OR16;OR16;OR19;OR19;;OCC;MCO;OK;07/02/2024;;E;C;T;;A2B;;;;;;;;;;;;;;;;
7530549;TERRITOIRE;FT 93077/839;7530549;;OR16;OR16;OR19;OR19;;OCC;MCO;OK;01/02/2024;;E;C;T;;OHN;;;;;;;;;;;;;;;;
7837821;TERRITOIRE;FT 92025/313;7837821;;OR16;OR16;OR19;OR19;;OCC;MCO;OK;04/04/2024;;E;C;I;;S4T;;;;;;;;;;;;;;;;
7519726;TERRITOIRE;FT 94080/1165;7519726;;OR16;OR16;OR19;OR19;;OCC;MCO;OK;31/01/2024;;E;C;T;;OHN;;;;;;;;;;;;;;;;
7683533;TERRITOIRE;FT 93029/889;7683533;;OR16;OR16;OR19;OR19;;OCC;MCO;OK;04/03/2024;;E;C;T;;OHN;;;;;;;;;;;;;;;;
7679355;TERRITOIRE;FT 94046/854;7679355;;OR16;OR16;OR19;OR19;;OCC;MCO;OK;04/03/2024;;E;C;T;;OHN;;;;;;;;;;;;;;;;
7561586;TERRITOIRE;FT 93046/1088;7561586;;OR16;OR16;OR19;OR19;;OCC;MCO;OK;07/02/2024;;E;C;T;;OHN;;;;;;;;;;;;;;;;
7690230;TERRITOIRE;FT 93001/1469;7690230;;OR16;OR16;OR19;OR19;;OCC;MCO;OK;05/03/2024;;E;C;T;;OHN;;;;;;;;;;;;;;;;
7800319;TERRITOIRE;FT 92075/128;7800319;;OR16;OR16;OR19;OR19;;OCC;MCO;OK;26/03/2024;;E;C;I;;L2T;;;;;;;;;;;;;;;;
7552958;TERRITOIRE;FT 92036/81;7552958;;OR16;OR16;OR19;OR19;;OCC;MCO;OK;06/02/2024;;E;C;T;;L2T;;;;;;;;;;;;;;;;
7838407;TERRITOIRE;FT 92009/385;7838407;;OR16;OR16;OR19;OR19;;OCC;MCO;OK;04/04/2024;;E;C;I;;S3T;;;;;;;;;;;;;;;;
7871757;TERRITOIRE;FT 92073/26;7871757;;OR16;OR16;OR19;OR19;;OCC;MCO;OK;16/04/2024;;E;C;I;;S5T;;;;;;;;;;;;;;;;
7607385;TERRITOIRE;FT 92026/436;7607385;;OR16;OR16;OR19;OR19;;OCC;MCO;OK;14/02/2024;;E;C;T;;U5T;;;;;;;;;;;;;;;;
7761612;TERRITOIRE;FT 93010/530;7761612;;OR16;OR16;OR19;OR19;;OCC;MCO;OK;18/03/2024;;E;C;T;;OHN;;;;;;;;;;;;;;;;
7603530;TERRITOIRE;FT 92050/2228;7603530;;OR16;OR16;OR19;OR19;;OCC;MCO;OK;14/02/2024;;E;C;T;;L2T;;;;;;;;;;;;;;;;
7690247;TERRITOIRE;FT 93027/431;7690247;;OR16;OR16;OR19;OR19;;OCC;MCO;OK;05/03/2024;;E;C;T;;S4T;;;;;;;;;;;;;;;;
7731507;TERRITOIRE;FT 94028/1017;7731507;;OR16;OR16;OR19;OR19;;OCC;MCO;OK;13/03/2024;;E;C;T;;S3T;;;;;;;;;;;;;;;;
7795514;TERRITOIRE;FT 93048/1635;7795514;;OR16;OR16;OR19;OR19;;OCC;MCO;OK;25/03/2024;;E;C;I;;OHN;;;;;;;;;;;;;;;;
7838422;TERRITOIRE;FT 92025/158;7838422;;OR16;OR16;OR19;OR19;;OCC;MCO;OK;04/04/2024;;E;C;I;;S4T;;;;;;;;;;;;;;;;
7827189;TERRITOIRE;FT 92046/804;7827189;;OR16;OR16;OR19;OR19;;OCC;MCO;OK;02/04/2024;;E;C;I;;L2T;;;;;;;;;;;;;;;;
7795508;TERRITOIRE;FT 93048/1750;7795508;;OR16;OR16;OR19;OR19;;OCC;MCO;OK;25/03/2024;;E;C;I;;S4T;;;;;;;;;;;;;;;;
7609958;TERRITOIRE;FT 92004/471;7609958;;OR16;OR16;OR19;OR19;;OCC;MCO;OK;15/02/2024;;E;C;T;;S4T;;;;;;;;;;;;;;;;
7763226;TERRITOIRE;FT 92004/42;7763226;;OR16;OR16;OR19;OR19;;OCC;MCO;OK;18/03/2024;;E;C;T;;OHN;;;;;;;;;;;;;;;;
7651531;TERRITOIRE;FT 92036/1374;7651531;;OR16;OR16;OR19;OR19;;OCC;MCO;OK;26/02/2024;;E;C;T;;L2T;;;;;;;;;;;;;;;;
7963530;TERRITOIRE;FT 94034/395;7963530;;OR16;OR16;OR19;OR19;;OCC;MCO;OK;06/05/2024;;E;C;I;;OHN;;;;;;;;;;;;;;;;
7827203;TERRITOIRE;FT 92046/179;7827203;;OR16;OR16;OR19;OR19;;OCC;MCO;OK;02/04/2024;;E;C;I;;S6T;;;;;;;;;;;;;;;;
7655034;TERRITOIRE;FT 93029/1862;7655034;;OR16;OR16;OR19;OR19;;OCC;MCO;OK;27/02/2024;;E;C;T;;P1T;;;;;;;;;;;;;;;;
7783048;TERRITOIRE;FT 92002/1729;7783048;;OR16;OR16;OR19;OR19;;OCC;MCO;OK;21/03/2024;;E;C;I;;S4T;;;;;;;;;;;;;;;;
7731190;TERRITOIRE;FT 94028/1743;7731190;;OR16;OR16;OR19;OR19;;OCC;MCO;OK;13/03/2024;;E;C;T;;L3T;;;;;;;;;;;;;;;;
7607446;TERRITOIRE;FT 92026/68;7607446;;OR16;OR16;OR19;OR19;;OCC;MCO;OK;14/02/2024;;E;C;T;;OHN;;;;;;;;;;;;;;;;
7695985;TERRITOIRE;FT 93027/767;7695985;;OR16;OR16;OR19;OR19;;OCC;MCO;OK;06/03/2024;;E;C;T;;OHN;;;;;;;;;;;;;;;;
7782705;TERRITOIRE;FT 92032/279;7782705;;OR16;OR16;OR19;OR19;;OCC;MCO;OK;21/03/2024;;E;C;I;;S4T;;;;;;;;;;;;;;;;
7798398;TERRITOIRE;FT 92020/399;7798398;;OR16;OR16;OR19;OR19;;OCC;MCO;OK;25/03/2024;;E;C;I;;S3T;;;;;;;;;;;;;;;;
7672653;TERRITOIRE;FT 93066/833;7672653;;OR16;OR16;OR19;OR19;;OCC;MCO;OK;29/02/2024;;E;C;T;;L4T;;;;;;;;;;;;;;;;
7883249;TERRITOIRE;FT 92050/340;7883249;;OR16;OR16;OR19;OR19;;OCC;MCO;OK;18/04/2024;;E;C;I;;OHN;;;;;;;;;;;;;;;;
7838102;TERRITOIRE;FT 92025/103;7838102;;OR16;OR16;OR19;OR19;;OCC;MCO;OK;04/04/2024;;E;C;I;;L2T;;;;;;;;;;;;;;;;
7714620;TERRITOIRE;FT 92004/497;7714620;;OR16;OR16;OR19;OR19;;OCC;MCO;OK;08/03/2024;;E;C;T;;S3T;;;;;;;;;;;;;;;;
7695995;TERRITOIRE;FT 93029/48;7695995;;OR16;OR16;OR19;OR19;;OCC;MCO;OK;06/03/2024;;E;C;T;;OHN;;;;;;;;;;;;;;;;
7883198;TERRITOIRE;FT 92012/29;7883198;;OR16;OR16;OR19;OR19;;OCC;MCO;OK;18/04/2024;;E;C;I;;U6T;;;;;;;;;;;;;;;;
8007033;TERRITOIRE;FT 94058/252;8007033;;OR16;OR16;OR19;OR19;;OCC;MCO;OK;15/05/2024;;E;C;I;;L3T;;;;;;;;;;;;;;;;
7833913;TERRITOIRE;FT 94017/3025;7833913;;OR16;OR16;OR19;OR19;;OCC;MCO;OK;03/04/2024;;E;C;I;;OHN;;;;;;;;;;;;;;;;
7840967;TERRITOIRE;FT 92009/200;7840967;;OR16;OR16;OR19;OR19;;OCC;MCO;OK;04/04/2024;;E;C;I;;OHN;;;;;;;;;;;;;;;;
7572168;TERRITOIRE;FT 94046/1643;7572168;;OR16;OR16;OR19;OR19;;OCC;MCO;OK;09/02/2024;;E;C;T;;L4T;;;;;;;;;;;;;;;;
7811880;TERRITOIRE;FT 94081/176;7811880;;OR16;OR16;OR19;OR19;;OCC;MCO;OK;27/03/2024;;E;C;I;;L4T;;;;;;;;;;;;;;;;
7906870;TERRITOIRE;FT 92051/1245;7906870;;OR16;OR16;OR19;OR19;;OCC;MCO;OK;23/04/2024;;E;C;I;;S5T;;;;;;;;;;;;;;;;
7837446;TERRITOIRE;FT 92025/395;7837446;;OR16;OR16;OR19;OR19;;OCC;MCO;OK;04/04/2024;;E;C;I;;S3T;;;;;;;;;;;;;;;;
7530613;TERRITOIRE;FT 93010/402;7530613;;OR16;OR16;OR19;OR19;;OCC;MCO;OK;01/02/2024;;E;C;T;;OHN;;;;;;;;;;;;;;;;
7837433;TERRITOIRE;FT 92025/123;7837433;;OR16;OR16;OR19;OR19;;OCC;MCO;OK;04/04/2024;;E;C;I;;U6T;;;;;;;;;;;;;;;;
7905286;TERRITOIRE;FT 92051/399;7905286;;OR16;OR16;OR19;OR19;;OCC;MCO;OK;23/04/2024;;E;C;I;;OHN;;;;;;;;;;;;;;;;
7906866;TERRITOIRE;FT 92051/714;7906866;;OR16;OR16;OR19;OR19;;OCC;MCO;OK;23/04/2024;;E;C;I;;U4T;;;;;;;;;;;;;;;;
7552954;TERRITOIRE;FT 92036/82;7552954;;OR16;OR16;OR19;OR19;;OCC;MCO;OK;06/02/2024;;E;C;T;;L2T;;;;;;;;;;;;;;;;
7570872;TERRITOIRE;FT 94017/313;7570872;;OR16;OR16;OR19;OR19;;OCC;MCO;OK;09/02/2024;;E;C;T;;OHN;;;;;;;;;;;;;;;;
7694396;TERRITOIRE;FT 93029/84;7694396;;OR16;OR16;OR19;OR19;;OCC;MCO;OK;06/03/2024;;E;C;T;;OHN;;;;;;;;;;;;;;;;
7683507;TERRITOIRE;FT 93029/468;7683507;;OR16;OR16;OR19;OR19;;OCC;MCO;OK;04/03/2024;;E;C;T;;OHN;;;;;;;;;;;;;;;;
7837803;TERRITOIRE;FT 92025/707;7837803;;OR16;OR16;OR19;OR19;;OCC;MCO;OK;04/04/2024;;E;C;I;;L2T;;;;;;;;;;;;;;;;
7654763;TERRITOIRE;FT 93007/593;7654763;;OR16;OR16;OR19;OR19;;OCC;MCO;OK;27/02/2024;;E;C;T;;A2;;;;;;;;;;;;;;;;
7796156;TERRITOIRE;FT 93048/2602;7796156;;OR16;OR16;OR19;OR19;;OCC;MCO;OK;25/03/2024;;E;C;I;;OHN;;;;;;;;;;;;;;;;
7511359;TERRITOIRE;FT 93059/191;7511359;;OR16;OR16;OR19;OR19;;OCC;MCO;OK;30/01/2024;;E;C;T;;OHN;;;;;;;;;;;;;;;;
7608946;TERRITOIRE;FT 92026/432;7608946;;OR16;OR16;OR19;OR19;;OCC;MCO;OK;14/02/2024;;E;C;T;;S3T;;;;;;;;;;;;;;;;
7915858;TERRITOIRE;FT 94018/282;7915858;;OR16;OR16;OR19;OR19;;OCC;MCO;OK;24/04/2024;;E;C;I;;OHN;;;;;;;;;;;;;;;;
7795510;TERRITOIRE;FT 93048/1603;7795510;;OR16;OR16;OR19;OR19;;OCC;MCO;OK;25/03/2024;;E;C;I;;OHN;;;;;;;;;;;;;;;;
7887359;TERRITOIRE;FT 92073/1416;7887359;;OR16;OR16;OR19;OR19;;OCC;MCO;OK;19/04/2024;;E;C;I;;S4T;;;;;;;;;;;;;;;;
7848007;TERRITOIRE;FT 92050/3096;7848007;;OR16;OR16;OR19;OR19;;OCC;MCO;OK;07/04/2024;;E;C;I;;OHN;;;;;;;;;;;;;;;;
7550718;TERRITOIRE;FT 92036/949;7550718;;OR16;OR16;OR19;OR19;;OCC;MCO;OK;06/02/2024;;E;C;T;;L2T;;;;;;;;;;;;;;;;
7519681;TERRITOIRE;FT 94033/471;7519681;;OR16;OR16;OR19;OR19;;OCC;MCO;OK;31/01/2024;;E;C;T;;S4T;;;;;;;;;;;;;;;;
7926407;TERRITOIRE;FT 94038/140;7926407;;OR16;OR16;OR19;OR19;;OCC;MCO;OK;26/04/2024;;E;C;I;;L2T;;;;;;;;;;;;;;;;
7683530;TERRITOIRE;FT 93029/928;7683530;;OR16;OR16;OR19;OR19;;OCC;MCO;OK;04/03/2024;;E;C;T;;OHN;;;;;;;;;;;;;;;;
7859412;TERRITOIRE;FT 94068/2761;7859412;;OR16;OR16;OR19;OR19;;OCC;MCO;OK;11/04/2024;;E;C;I;;OHN;;;;;;;;;;;;;;;;
7838413;TERRITOIRE;FT 92009/237;7838413;;OR16;OR16;OR19;OR19;;OCC;MCO;OK;04/04/2024;;E;C;I;;S3T;;;;;;;;;;;;;;;;
7542744;TERRITOIRE;FT 92024/248;7542744;;OR16;OR16;OR19;OR19;;OCC;MCO;OK;02/02/2024;;E;C;T;;S3T;;;;;;;;;;;;;;;;
7994570;TERRITOIRE;FT 93057/722;7994570;;OR16;OR16;OR19;OR19;;OCC;MCO;OK;13/05/2024;;E;C;I;;OHN;;;;;;;;;;;;;;;;
7803206;TERRITOIRE;FT 92007/75;7803206;;OR16;OR16;OR19;OR19;;OCC;MCO;OK;26/03/2024;;E;C;I;;OHN;;;;;;;;;;;;;;;;
7683506;TERRITOIRE;FT 93008/743;7683506;;OR16;OR16;OR19;OR19;;OCC;MCO;OK;04/03/2024;;E;C;T;;S4T;;;;;;;;;;;;;;;;
7651513;TERRITOIRE;FT 92078/205;7651513;;OR16;OR16;OR19;OR19;;OCC;MCO;OK;26/02/2024;;E;C;T;;S3T;;;;;;;;;;;;;;;;
7761912;TERRITOIRE;FT 92078/100;7761912;;OR16;OR16;OR19;OR19;;OCC;MCO;OK;18/03/2024;;E;C;T;;OHN;;;;;;;;;;;;;;;;
7594938;TERRITOIRE;FT 94002/7;7594938;;OR16;OR16;OR19;OR19;;OCC;MCO;OK;13/02/2024;;E;C;T;;L2T;;;;;;;;;;;;;;;;
7905274;TERRITOIRE;FT 92051/1158;7905274;;OR16;OR16;OR19;OR19;;OCC;MCO;OK;23/04/2024;;E;C;I;;OHN;;;;;;;;;;;;;;;;
7798394;TERRITOIRE;FT 92020/403;7798394;;OR16;OR16;OR19;OR19;;OCC;MCO;OK;25/03/2024;;E;C;I;;L3T;;;;;;;;;;;;;;;;
7803192;TERRITOIRE;FT 92020/824;7803192;;OR16;OR16;OR19;OR19;;OCC;MCO;OK;26/03/2024;;E;C;I;;L3T;;;;;;;;;;;;;;;;
7902746;TERRITOIRE;FT 94080/1225;7902746;;OR16;OR16;OR19;OR19;;OCC;MCO;OK;23/04/2024;;E;C;I;;S4T;;;;;;;;;;;;;;;;
7902741;TERRITOIRE;FT 94033/1666;7902741;;OR16;OR16;OR19;OR19;;OCC;MCO;OK;23/04/2024;;E;C;I;;S4T;;;;;;;;;;;;;;;;
7761302;TERRITOIRE;FT 93010/924;7761302;;OR16;OR16;OR19;OR19;;OCC;MCO;OK;18/03/2024;;E;C;T;;S4T;;;;;;;;;;;;;;;;
7761282;TERRITOIRE;FT 93010/927;7761282;;OR16;OR16;OR19;OR19;;OCC;MCO;OK;18/03/2024;;E;C;T;;OHN;;;;;;;;;;;;;;;;
7761284;TERRITOIRE;FT 93010/932;7761284;;OR16;OR16;OR19;OR19;;OCC;MCO;OK;18/03/2024;;E;C;T;;OHN;;;;;;;;;;;;;;;;
7695990;TERRITOIRE;FT 93027/773;7695990;;OR16;OR16;OR19;OR19;;OCC;MCO;OK;06/03/2024;;E;C;T;;S5T;;;;;;;;;;;;;;;;
7811834;TERRITOIRE;FT 94054/600;7811834;;OR16;OR16;OR19;OR19;;OCC;MCO;OK;27/03/2024;;E;C;I;;L4T;;;;;;;;;;;;;;;;
7905917;TERRITOIRE;FT 92051/208;7905917;;OR16;OR16;OR19;OR19;;OCC;MCO;OK;23/04/2024;;E;C;I;;U5T;;;;;;;;;;;;;;;;
7649277;TERRITOIRE;FT 92078/198;7649277;;OR16;OR16;OR19;OR19;;OCC;MCO;OK;26/02/2024;;E;C;T;;S4T;;;;;;;;;;;;;;;;
7522251;TERRITOIRE;FT 93010/709;7522251;;OR16;OR16;OR19;OR19;;OCC;MCO;OK;31/01/2024;;E;C;T;;S4T;;;;;;;;;;;;;;;;
7607438;TERRITOIRE;FT 92026/372;7607438;;OR16;OR16;OR19;OR19;;OCC;MCO;OK;14/02/2024;;E;C;T;;OHN;;;;;;;;;;;;;;;;
7763218;TERRITOIRE;FT 92036/1042;7763218;;OR16;OR16;OR19;OR19;;OCC;MCO;OK;18/03/2024;;E;C;T;;L2T;;;;;;;;;;;;;;;;
7861452;TERRITOIRE;FT 94081/505;7861452;;OR16;OR16;OR19;OR19;;OCC;MCO;OK;12/04/2024;;E;C;I;;L4T;;;;;;;;;;;;;;;;
7861428;TERRITOIRE;FT 94081/927;7861428;;OR16;OR16;OR19;OR19;;OCC;MCO;OK;12/04/2024;;E;C;I;;L4T;;;;;;;;;;;;;;;;
7873274;TERRITOIRE;FT 94065/315;7873274;;OR16;OR16;OR19;OR19;;OCC;MCO;OK;16/04/2024;;E;C;I;;P1T;;;;;;;;;;;;;;;;
7948785;TERRITOIRE;FT 93063/1080;7948785;;OR16;OR16;OR19;OR19;;OCC;MCO;OK;02/05/2024;;E;C;I;;OHN;;;;;;;;;;;;;;;;
7619834;TERRITOIRE;FT 93031/132;7619834;;OR16;OR16;OR19;OR19;;OCC;MCO;OK;19/02/2024;;E;C;T;;S3T;;;;;;;;;;;;;;;;
7832960;TERRITOIRE;FT 94017/2499;7832960;;OR16;OR16;OR19;OR19;;OCC;MCO;OK;03/04/2024;;E;C;I;;L3T;;;;;;;;;;;;;;;;
7638068;TERRITOIRE;FT 94033/769;7638068;;OR16;OR16;OR19;OR19;;OCC;MCO;OK;22/02/2024;;E;C;T;;OHN;;;;;;;;;;;;;;;;
7991030;TERRITOIRE;FT 93057/771;7991030;;OR16;OR16;OR19;OR19;;OCC;MCO;OK;13/05/2024;;E;C;I;;OHN;;;;;;;;;;;;;;;;
7830094;TERRITOIRE;FT 92019/1356;7830094;;OR16;OR16;OR19;OR19;;OCC;MCO;OK;02/04/2024;;E;C;I;;OHN;;;;;;;;;;;;;;;;
7803201;TERRITOIRE;FT 92007/233;7803201;;OR16;OR16;OR19;OR19;;OCC;MCO;OK;26/03/2024;;E;C;I;;S3T;;;;;;;;;;;;;;;;
7837812;TERRITOIRE;FT 92025/1114;7837812;;OR16;OR16;OR19;OR19;;OCC;MCO;OK;04/04/2024;;E;C;I;;L2T;;;;;;;;;;;;;;;;
7837787;TERRITOIRE;FT 92025/1285;7837787;;OR16;OR16;OR19;OR19;;OCC;MCO;OK;04/04/2024;;E;C;I;;S4T;;;;;;;;;;;;;;;;
7549758;TERRITOIRE;FT 92078/254;7549758;;OR16;OR16;OR19;OR19;;OCC;MCO;OK;06/02/2024;;E;C;T;;S4T;;;;;;;;;;;;;;;;
7565440;TERRITOIRE;FT 94015/391;7565440;;OR16;OR16;OR19;OR19;;OCC;MCO;OK;08/02/2024;;E;C;T;;OHN;;;;;;;;;;;;;;;;
7859349;TERRITOIRE;FT 94068/1999;7859349;;OR16;OR16;OR19;OR19;;OCC;MCO;OK;11/04/2024;;E;C;I;;S4T;;;;;;;;;;;;;;;;
7850290;TERRITOIRE;FT 94022/1239;7850290;;OR16;OR16;OR19;OR19;;OCC;MCO;OK;08/04/2024;;E;C;I;;L3T;;;;;;;;;;;;;;;;
8000315;TERRITOIRE;FT 94033/1367;8000315;;OR16;OR16;OR19;OR19;;OCC;MCO;OK;15/05/2024;;E;C;I;;L6T;;;;;;;;;;;;;;;;
7533106;TERRITOIRE;FT 93059/81;7533106;;OR16;OR16;OR19;OR19;;OCC;MCO;OK;01/02/2024;;E;C;T;;OHN;;;;;;;;;;;;;;;;
7519678;TERRITOIRE;FT 94033/359;7519678;;OR16;OR16;OR19;OR19;;OCC;MCO;OK;31/01/2024;;E;C;T;;OHN;;;;;;;;;;;;;;;;
7782730;TERRITOIRE;FT 92032/282;7782730;;OR16;OR16;OR19;OR19;;OCC;MCO;OK;21/03/2024;;E;C;I;;S3T;;;;;;;;;;;;;;;;
7859198;TERRITOIRE;FT 94068/524;7859198;;OR16;OR16;OR19;OR19;;OCC;MCO;OK;11/04/2024;;E;C;I;;S4T;;;;;;;;;;;;;;;;
7798466;TERRITOIRE;FT 92023/2398;7798466;;OR16;OR16;OR19;OR19;;OCC;MCO;OK;25/03/2024;;E;C;I;;S1T;;;;;;;;;;;;;;;;
7672645;TERRITOIRE;FT 93066/861;7672645;;OR16;OR16;OR19;OR19;;OCC;MCO;OK;29/02/2024;;E;C;T;;OHN;;;;;;;;;;;;;;;;
7827258;TERRITOIRE;FT 92046/610;7827258;;OR16;OR16;OR19;OR19;;OCC;MCO;OK;02/04/2024;;E;C;I;;S4T;;;;;;;;;;;;;;;;
7948798;TERRITOIRE;FT 93063/642;7948798;;OR16;OR16;OR19;OR19;;OCC;MCO;OK;02/05/2024;;E;C;I;;OHN;;;;;;;;;;;;;;;;
7720000;TERRITOIRE;FT 92046/141;7720000;;OR16;OR16;OR19;OR19;;OCC;MCO;OK;11/03/2024;;E;C;T;;S4T;;;;;;;;;;;;;;;;
7731526;TERRITOIRE;FT 94028/273;7731526;;OR16;OR16;OR19;OR19;;OCC;MCO;OK;13/03/2024;;E;C;T;;OHN;;;;;;;;;;;;;;;;
7991437;TERRITOIRE;FT 93077/462;7991437;;OR16;OR16;OR19;OR19;;OCC;MCO;OK;13/05/2024;;E;C;I;;OHN;;;;;;;;;;;;;;;;
7659205;TERRITOIRE;FT 92025/1609;7659205;;OR16;OR16;OR19;OR19;;OCC;MCO;OK;14/02/2024;;E;C;T;;L2T;;;;;;;;;;;;;;;;
7615038;TERRITOIRE;FT 94033/1047;7615038;;OR16;OR16;OR19;OR19;;OCC;MCO;OK;16/02/2024;;E;C;T;;L3T;;;;;;;;;;;;;;;;
7859228;TERRITOIRE;FT 94068/217;7859228;;OR16;OR16;OR19;OR19;;OCC;MCO;OK;11/04/2024;;E;C;I;;OHN;;;;;;;;;;;;;;;;
7973753;TERRITOIRE;FT 95063/363;7973753;;OR16;OR16;OR19;OR19;;OCC;MCO;OK;07/05/2024;;E;C;I;;OHN;;;;;;;;;;;;;;;;
7553619;TERRITOIRE;FT 92036/281;7553619;;OR16;OR16;OR19;OR19;;OCC;MCO;OK;06/02/2024;;E;C;T;;L2T;;;;;;;;;;;;;;;;
7607410;TERRITOIRE;FT 92026/1088;7607410;;OR16;OR16;OR19;OR19;;OCC;MCO;OK;14/02/2024;;E;C;T;;S3T;;;;;;;;;;;;;;;;
7679677;TERRITOIRE;FT 93008/674;7679677;;OR16;OR16;OR19;OR19;;OCC;MCO;OK;04/03/2024;;E;C;T;;L4T;;;;;;;;;;;;;;;;
7683836;TERRITOIRE;FT 93008/608;7683836;;OR16;OR16;OR19;OR19;;OCC;MCO;OK;04/03/2024;;E;C;T;;S4T;;;;;;;;;;;;;;;;
7830387;TERRITOIRE;FT 92019/349;7830387;;OR16;OR16;OR19;OR19;;OCC;MCO;OK;02/04/2024;;E;C;I;;S4T;;;;;;;;;;;;;;;;
7718710;TERRITOIRE;FT 94003/582;7718710;;OR16;OR16;OR19;OR19;;OCC;MCO;OK;11/03/2024;;E;C;T;;S4T;;;;;;;;;;;;;;;;
7572154;TERRITOIRE;FT 94046/1031;7572154;;OR16;OR16;OR19;OR19;;OCC;MCO;OK;09/02/2024;;E;C;T;;OHN;;;;;;;;;;;;;;;;
7991438;TERRITOIRE;FT 93077/707;7991438;;OR16;OR16;OR19;OR19;;OCC;MCO;OK;13/05/2024;;E;C;I;;OHN;;;;;;;;;;;;;;;;
7530620;TERRITOIRE;FT 93010/337;7530620;;OR16;OR16;OR19;OR19;;OCC;MCO;OK;01/02/2024;;E;C;T;;L5T;;;;;;;;;;;;;;;;
8201906;TERRITOIRE;FT 92019/914;8201906;;OR16;OR16;OR19;OR19;;OCC;MCO;OK;19/06/2024;;E;C;I;;NC;;;;;;;;;;;;;;;;
7654766;TERRITOIRE;FT 93007/954;7654766;;OR16;OR16;OR19;OR19;;OCC;MCO;OK;27/02/2024;;E;C;T;;A2B;;;;;;;;;;;;;;;;
7616010;TERRITOIRE;FT 93070/625;7616010;;OR16;OR16;OR19;OR19;;OCC;MCO;OK;16/02/2024;;E;C;T;;OHN;;;;;;;;;;;;;;;;
7568336;TERRITOIRE;FT 94015/1285;7568336;;OR16;OR16;OR19;OR19;;OCC;MCO;OK;08/02/2024;;E;C;T;;L2T;;;;;;;;;;;;;;;;
7819872;TERRITOIRE;FT 94041/951;7819872;;OR16;OR16;OR19;OR19;;OCC;MCO;OK;28/03/2024;;E;C;I;;L4T;;;;;;;;;;;;;;;;
7683508;TERRITOIRE;FT 93029/527;7683508;;OR16;OR16;OR19;OR19;;OCC;MCO;OK;04/03/2024;;E;C;T;;OHN;;;;;;;;;;;;;;;;
7646079;TERRITOIRE;FT 93007/1169;7646079;;OR16;OR16;OR19;OR19;;OCC;MCO;OK;23/02/2024;;E;C;T;;A2B;;;;;;;;;;;;;;;;
7912637;TERRITOIRE;FT 94077/1003;7912637;;OR16;OR16;OR19;OR19;;OCC;MCO;OK;24/04/2024;;E;C;I;;OHN;;;;;;;;;;;;;;;;
7833912;TERRITOIRE;FT 94019/1157;7833912;;OR16;OR16;OR19;OR19;;OCC;MCO;OK;03/04/2024;;E;C;I;;OHN;;;;;;;;;;;;;;;;
7838087;TERRITOIRE;FT 92009/505;7838087;;OR16;OR16;OR19;OR19;;OCC;MCO;OK;04/04/2024;;E;C;I;;S3T;;;;;;;;;;;;;;;;
7679673;TERRITOIRE;FT 93008/1470;7679673;;OR16;OR16;OR19;OR19;;OCC;MCO;OK;04/03/2024;;E;C;T;;S4T;;;;;;;;;;;;;;;;
7837455;TERRITOIRE;FT 92025/2443;7837455;;OR16;OR16;OR19;OR19;;OCC;MCO;OK;04/04/2024;;E;C;I;;L3T;;;;;;;;;;;;;;;;
7902748;TERRITOIRE;FT 94080/1245;7902748;;OR16;OR16;OR19;OR19;;OCC;MCO;OK;23/04/2024;;E;C;I;;S3T;;;;;;;;;;;;;;;;
7827215;TERRITOIRE;FT 92046/585;7827215;;OR16;OR16;OR19;OR19;;OCC;MCO;OK;02/04/2024;;E;C;I;;L2T;;;;;;;;;;;;;;;;
7847989;TERRITOIRE;FT 93048/2612;7847989;;OR16;OR16;OR19;OR19;;OCC;MCO;OK;07/04/2024;;E;C;I;;OHN;;;;;;;;;;;;;;;;
7607426;TERRITOIRE;FT 92026/294;7607426;;OR16;OR16;OR19;OR19;;OCC;MCO;OK;14/02/2024;;E;C;T;;S3T;;;;;;;;;;;;;;;;
7654799;TERRITOIRE;FT 93027/188;7654799;;OR16;OR16;OR19;OR19;;OCC;MCO;OK;27/02/2024;;E;C;T;;OHN;;;;;;;;;;;;;;;;
7850245;TERRITOIRE;FT 94022/296;7850245;;OR16;OR16;OR19;OR19;;OCC;MCO;OK;08/04/2024;;E;C;I;;K2C;;;;;;;;;;;;;;;;
7672307;TERRITOIRE;FT 93029/232;7672307;;OR16;OR16;OR19;OR19;;OCC;MCO;OK;29/02/2024;;E;C;T;;OHN;;;;;;;;;;;;;;;;
7883830;TERRITOIRE;FT 78646/606;7883830;;OR16;OR16;OR19;OR19;;OCC;MCO;OK;18/04/2024;;E;C;I;;B2;;;;;;;;;;;;;;;;
7607405;TERRITOIRE;FT 92026/658;7607405;;OR16;OR16;OR19;OR19;;OCC;MCO;OK;14/02/2024;;E;C;T;;S3T;;;;;;;;;;;;;;;;
7620490;TERRITOIRE;FT 93048/108;7620490;;OR16;OR16;OR19;OR19;;OCC;MCO;OK;19/02/2024;;E;C;T;;OHN;;;;;;;;;;;;;;;;
7690229;TERRITOIRE;FT 93001/1601;7690229;;OR16;OR16;OR19;OR19;;OCC;MCO;OK;05/03/2024;;E;C;T;;S4T;;;;;;;;;;;;;;;;
7610228;TERRITOIRE;FT 92004/473;7610228;;OR16;OR16;OR19;OR19;;OCC;MCO;OK;15/02/2024;;E;C;T;;U4T;;;;;;;;;;;;;;;;
7783083;TERRITOIRE;FT 92002/2141;7783083;;OR16;OR16;OR19;OR19;;OCC;MCO;OK;21/03/2024;;E;C;I;;S3T;;;;;;;;;;;;;;;;
7902730;TERRITOIRE;FT 94080/821;7902730;;OR16;OR16;OR19;OR19;;OCC;MCO;OK;23/04/2024;;E;C;I;;U5T;;;;;;;;;;;;;;;;
7838082;TERRITOIRE;FT 92025/1120;7838082;;OR16;OR16;OR19;OR19;;OCC;MCO;OK;04/04/2024;;E;C;I;;S3T;;;;;;;;;;;;;;;;
7530546;TERRITOIRE;FT 93077/134;7530546;;OR16;OR16;OR19;OR19;;OCC;MCO;OK;01/02/2024;;E;C;T;;A2;;;;;;;;;;;;;;;;
7827190;TERRITOIRE;FT 92046/793;7827190;;OR16;OR16;OR19;OR19;;OCC;MCO;OK;02/04/2024;;E;C;I;;L2T;;;;;;;;;;;;;;;;
7651572;TERRITOIRE;FT 92036/1316;7651572;;OR16;OR16;OR19;OR19;;OCC;MCO;OK;26/02/2024;;E;C;T;;L5T;;;;;;;;;;;;;;;;
7572173;TERRITOIRE;FT 94046/661;7572173;;OR16;OR16;OR19;OR19;;OCC;MCO;OK;09/02/2024;;E;C;T;;OHN;;;;;;;;;;;;;;;;
7783119;TERRITOIRE;FT 92014/239;7783119;;OR16;OR16;OR19;OR19;;OCC;MCO;OK;21/03/2024;;E;C;I;;L2T;;;;;;;;;;;;;;;;
7530545;TERRITOIRE;FT 93077/138;7530545;;OR16;OR16;OR19;OR19;;OCC;MCO;OK;01/02/2024;;E;C;T;;OHN;;;;;;;;;;;;;;;;
7519671;TERRITOIRE;FT 94033/455;7519671;;OR16;OR16;OR19;OR19;;OCC;MCO;OK;31/01/2024;;E;C;T;;OHN;;;;;;;;;;;;;;;;
7832634;TERRITOIRE;FT 94059/46;7832634;;OR16;OR16;OR19;OR19;;OCC;MCO;OK;03/04/2024;;E;C;I;;OHN;;;;;;;;;;;;;;;;
7607428;TERRITOIRE;FT 92026/481;7607428;;OR16;OR16;OR19;OR19;;OCC;MCO;OK;14/02/2024;;E;C;T;;U4T;;;;;;;;;;;;;;;;
7859379;TERRITOIRE;FT 94068/2370;7859379;;OR16;OR16;OR19;OR19;;OCC;MCO;OK;11/04/2024;;E;C;I;;OHN;;;;;;;;;;;;;;;;
7789118;TERRITOIRE;FT 92071/888;7789118;;OR16;OR16;OR19;OR19;;OCC;MCO;OK;22/03/2024;;E;C;I;;L2T;;;;;;;;;;;;;;;;
7690244;TERRITOIRE;FT 93001/1621;7690244;;OR16;OR16;OR19;OR19;;OCC;MCO;OK;05/03/2024;;E;C;T;;V5T;;;;;;;;;;;;;;;;
7833600;TERRITOIRE;FT 94017/2157;7833600;;OR16;OR16;OR19;OR19;;OCC;MCO;OK;03/04/2024;;E;C;I;;OHN;;;;;;;;;;;;;;;;
7876847;TERRITOIRE;FT 92012/1751;7876847;;OR16;OR16;OR19;OR19;;OCC;MCO;OK;17/04/2024;;E;C;I;;S4T;;;;;;;;;;;;;;;;
7761299;TERRITOIRE;FT 93010/1078;7761299;;OR16;OR16;OR19;OR19;;OCC;MCO;OK;18/03/2024;;E;C;T;;S3T;;;;;;;;;;;;;;;;
7783127;TERRITOIRE;FT 92014/383;7783127;;OR16;OR16;OR19;OR19;;OCC;MCO;OK;21/03/2024;;E;C;I;;S4T;;;;;;;;;;;;;;;;
7915848;TERRITOIRE;FT 94018/119;7915848;;OR16;OR16;OR19;OR19;;OCC;MCO;OK;24/04/2024;;E;C;I;;S3T;;;;;;;;;;;;;;;;
7694399;TERRITOIRE;FT 93027/751;7694399;;OR16;OR16;OR19;OR19;;OCC;MCO;OK;06/03/2024;;E;C;T;;OHN;;;;;;;;;;;;;;;;
7798470;TERRITOIRE;FT 92023/2374;7798470;;OR16;OR16;OR19;OR19;;OCC;MCO;OK;25/03/2024;;E;C;I;;S1T;;;;;;;;;;;;;;;;
7915868;TERRITOIRE;FT 94018/296;7915868;;OR16;OR16;OR19;OR19;;OCC;MCO;OK;24/04/2024;;E;C;I;;S3T;;;;;;;;;;;;;;;;
7559036;TERRITOIRE;FT 93046/1162;7559036;;OR16;OR16;OR19;OR19;;OCC;MCO;OK;07/02/2024;;E;C;T;;A2;;;;;;;;;;;;;;;;
7859320;TERRITOIRE;FT 94068/1253;7859320;;OR16;OR16;OR19;OR19;;OCC;MCO;OK;11/04/2024;;E;C;I;;OHN;;;;;;;;;;;;;;;;
7651552;TERRITOIRE;FT 92036/345;7651552;;OR16;OR16;OR19;OR19;;OCC;MCO;OK;26/02/2024;;E;C;T;;U5T;;;;;;;;;;;;;;;;
7796151;TERRITOIRE;FT 93048/2607;7796151;;OR16;OR16;OR19;OR19;;OCC;MCO;OK;25/03/2024;;E;C;I;;OHN;;;;;;;;;;;;;;;;
7830071;TERRITOIRE;FT 92019/1004;7830071;;OR16;OR16;OR19;OR19;;OCC;MCO;OK;02/04/2024;;E;C;I;;L2T;;;;;;;;;;;;;;;;
7991406;TERRITOIRE;FT 93010/1285;7991406;;OR16;OR16;OR19;OR19;;OCC;MCO;OK;13/05/2024;;E;C;I;;S4T;;;;;;;;;;;;;;;;
7859381;TERRITOIRE;FT 94068/2371;7859381;;OR16;OR16;OR19;OR19;;OCC;MCO;OK;11/04/2024;;E;C;I;;OHN;;;;;;;;;;;;;;;;
7749440;TERRITOIRE;FT 94069/127;7749440;;OR16;OR16;OR19;OR19;;OCC;MCO;OK;15/03/2024;;E;C;T;;OHN;;;;;;;;;;;;;;;;
7848012;TERRITOIRE;FT 92050/160;7848012;;OR16;OR16;OR19;OR19;;OCC;MCO;OK;07/04/2024;;E;C;I;;S4T;;;;;;;;;;;;;;;;
7607427;TERRITOIRE;FT 92026/480;7607427;;OR16;OR16;OR19;OR19;;OCC;MCO;OK;14/02/2024;;E;C;T;;S4T;;;;;;;;;;;;;;;;
7771191;TERRITOIRE;FT 92002/488;7771191;;OR16;OR16;OR19;OR19;;OCC;MCO;OK;20/03/2024;;E;C;T;;L2T;;;;;;;;;;;;;;;;
7777131;TERRITOIRE;FT 92002/668;7777131;;OR16;OR16;OR19;OR19;;OCC;MCO;OK;20/03/2024;;E;C;T;;S4T;;;;;;;;;;;;;;;;
7519688;TERRITOIRE;FT 94033/538;7519688;;OR16;OR16;OR19;OR19;;OCC;MCO;OK;31/01/2024;;E;C;T;;S3T;;;;;;;;;;;;;;;;
7855671;TERRITOIRE;FT 92060/56;7855671;;OR16;OR16;OR19;OR19;;OCC;MCO;OK;10/04/2024;;E;C;I;;S4T;;;;;;;;;;;;;;;;
7948828;TERRITOIRE;FT 94080/51;7948828;;OR16;OR16;OR19;OR19;;OCC;MCO;OK;02/05/2024;;E;C;I;;S3T;;;;;;;;;;;;;;;;
7796160;TERRITOIRE;FT 93048/2603;7796160;;OR16;OR16;OR19;OR19;;OCC;MCO;OK;25/03/2024;;E;C;I;;OHN;;;;;;;;;;;;;;;;
7566447;TERRITOIRE;FT 93005/1876;7566447;;OR16;OR16;OR19;OR19;;OCC;MCO;OK;08/02/2024;;E;C;T;;OHN;;;;;;;;;;;;;;;;
7609592;TERRITOIRE;FT 92004/104;7609592;;OR16;OR16;OR19;OR19;;OCC;MCO;OK;15/02/2024;;E;C;T;;S4T;;;;;;;;;;;;;;;;
7692496;TERRITOIRE;FT 92007/535;7692496;;OR16;OR16;OR19;OR19;;OCC;MCO;OK;05/03/2024;;E;C;T;;S3T;;;;;;;;;;;;;;;;
7890546;TERRITOIRE;FT 78646/620;7890546;;OR16;OR16;OR19;OR19;;OCC;MCO;OK;18/04/2024;;E;C;I;;OHN;;;;;;;;;;;;;;;;
7833594;TERRITOIRE;FT 94017/2162;7833594;;OR16;OR16;OR19;OR19;;OCC;MCO;OK;03/04/2024;;E;C;I;;OHN;;;;;;;;;;;;;;;;
7833273;TERRITOIRE;FT 94017/1910;7833273;;OR16;OR16;OR19;OR19;;OCC;MCO;OK;03/04/2024;;E;C;I;;OHN;;;;;;;;;;;;;;;;
7859208;TERRITOIRE;FT 94068/559;7859208;;OR16;OR16;OR19;OR19;;OCC;MCO;OK;11/04/2024;;E;C;I;;OHN;;;;;;;;;;;;;;;;
7899878;TERRITOIRE;FT 78646/5315;7899878;;OR16;OR16;OR19;OR19;;OCC;MCO;OK;23/04/2024;;E;C;I;;L2T;;;;;;;;;;;;;;;;
7518416;TERRITOIRE;FT 94033/364;7518416;;OR16;OR16;OR19;OR19;;OCC;MCO;OK;31/01/2024;;E;C;T;;OHN;;;;;;;;;;;;;;;;
7856669;TERRITOIRE;FT 92019/172;7856669;;OR16;OR16;OR19;OR19;;OCC;MCO;OK;10/04/2024;;E;C;I;;M3C;;;;;;;;;;;;;;;;
7861746;TERRITOIRE;FT 94076/1347;7861746;;OR16;OR16;OR19;OR19;;OCC;MCO;OK;12/04/2024;;E;C;I;;L4T;;;;;;;;;;;;;;;;
7796182;TERRITOIRE;FT 93048/2083;7796182;;OR16;OR16;OR19;OR19;;OCC;MCO;OK;25/03/2024;;E;C;I;;OHN;;;;;;;;;;;;;;;;
7519674;TERRITOIRE;FT 94033/755;7519674;;OR16;OR16;OR19;OR19;;OCC;MCO;OK;31/01/2024;;E;C;T;;S4T;;;;;;;;;;;;;;;;
7690237;TERRITOIRE;FT 93001/1449;7690237;;OR16;OR16;OR19;OR19;;OCC;MCO;OK;05/03/2024;;E;C;T;;V7T;;;;;;;;;;;;;;;;
7630192;TERRITOIRE;FT 93064/1478;7630192;;OR16;OR16;OR19;OR19;;OCC;MCO;OK;21/02/2024;;E;C;T;;OHN;;;;;;;;;;;;;;;;
7594910;TERRITOIRE;FT 94002/90;7594910;;OR16;OR16;OR19;OR19;;OCC;MCO;OK;13/02/2024;;E;C;T;;OHN;;;;;;;;;;;;;;;;
7542752;TERRITOIRE;FT 93066/2142;7542752;;OR16;OR16;OR19;OR19;;OCC;MCO;OK;02/02/2024;;E;C;T;;S4T;;;;;;;;;;;;;;;;
7838410;TERRITOIRE;FT 92009/522;7838410;;OR16;OR16;OR19;OR19;;OCC;MCO;OK;04/04/2024;;E;C;I;;S3T;;;;;;;;;;;;;;;;
7698620;TERRITOIRE;FT 92020/202;7698620;;OR16;OR16;OR19;OR19;;OCC;MCO;OK;06/03/2024;;E;C;T;;S3T;;;;;;;;;;;;;;;;
7763198;TERRITOIRE;FT 92036/1073;7763198;;OR16;OR16;OR19;OR19;;OCC;MCO;OK;18/03/2024;;E;C;T;;S4T;;;;;;;;;;;;;;;;
7991471;TERRITOIRE;FT 93077/113;7991471;;OR16;OR16;OR19;OR19;;OCC;MCO;OK;13/05/2024;;E;C;I;;OHN;;;;;;;;;;;;;;;;
7531840;TERRITOIRE;FT 93059/82;7531840;;OR16;OR16;OR19;OR19;;OCC;MCO;OK;01/02/2024;;E;C;T;;OHN;;;;;;;;;;;;;;;;
7672651;TERRITOIRE;FT 93066/881;7672651;;OR16;OR16;OR19;OR19;;OCC;MCO;OK;29/02/2024;;E;C;T;;S4T;;;;;;;;;;;;;;;;
7696008;TERRITOIRE;FT 93029/87;7696008;;OR16;OR16;OR19;OR19;;OCC;MCO;OK;06/03/2024;;E;C;T;;OHN;;;;;;;;;;;;;;;;
7782707;TERRITOIRE;FT 92032/85;7782707;;OR16;OR16;OR19;OR19;;OCC;MCO;OK;21/03/2024;;E;C;I;;OHN;;;;;;;;;;;;;;;;
7912712;TERRITOIRE;FT 94077/671;7912712;;OR16;OR16;OR19;OR19;;OCC;MCO;OK;24/04/2024;;E;C;I;;OHN;;;;;;;;;;;;;;;;
7596172;TERRITOIRE;FT 94017/2109;7596172;;OR16;OR16;OR19;OR19;;OCC;MCO;OK;13/02/2024;;E;C;T;;L2T;;;;;;;;;;;;;;;;
7783035;TERRITOIRE;FT 92002/1807;7783035;;OR16;OR16;OR19;OR19;;OCC;MCO;OK;21/03/2024;;E;C;I;;S1T;;;;;;;;;;;;;;;;
7912680;TERRITOIRE;FT 94077/108;7912680;;OR16;OR16;OR19;OR19;;OCC;MCO;OK;24/04/2024;;E;C;I;;L6T;;;;;;;;;;;;;;;;
7871406;TERRITOIRE;FT 92073/205;7871406;;OR16;OR16;OR19;OR19;;OCC;MCO;OK;16/04/2024;;E;C;I;;OHN;;;;;;;;;;;;;;;;
7877152;TERRITOIRE;FT 92012/1319;7877152;;OR16;OR16;OR19;OR19;;OCC;MCO;OK;17/04/2024;;E;C;I;;S4T;;;;;;;;;;;;;;;;
7605117;TERRITOIRE;FT 92025/1949;7605117;;OR16;OR16;OR19;OR19;;OCC;MCO;OK;14/02/2024;;E;C;T;;OHN;;;;;;;;;;;;;;;;
7630090;TERRITOIRE;FT 93064/2268;7630090;;OR16;OR16;OR19;OR19;;OCC;MCO;OK;21/02/2024;;E;C;T;;L1T;;;;;;;;;;;;;;;;
7553622;TERRITOIRE;FT 92036/852;7553622;;OR16;OR16;OR19;OR19;;OCC;MCO;OK;06/02/2024;;E;C;T;;S5T;;;;;;;;;;;;;;;;
7695992;TERRITOIRE;FT 93027/771;7695992;;OR16;OR16;OR19;OR19;;OCC;MCO;OK;06/03/2024;;E;C;T;;U5T;;;;;;;;;;;;;;;;
7603196;TERRITOIRE;FT 92025/1613;7603196;;OR16;OR16;OR19;OR19;;OCC;MCO;OK;14/02/2024;;E;C;T;;S4T;;;;;;;;;;;;;;;;
7798479;TERRITOIRE;FT 92023/2385;7798479;;OR16;OR16;OR19;OR19;;OCC;MCO;OK;25/03/2024;;E;C;I;;L2T;;;;;;;;;;;;;;;;
7607380;TERRITOIRE;FT 92026/510;7607380;;OR16;OR16;OR19;OR19;;OCC;MCO;OK;14/02/2024;;E;C;T;;L2C;;;;;;;;;;;;;;;;
7750407;TERRITOIRE;FT 94028/1694;7750407;;OR16;OR16;OR19;OR19;;OCC;MCO;OK;15/03/2024;;E;C;T;;OHN;;;;;;;;;;;;;;;;
7850311;TERRITOIRE;FT 94022/743;7850311;;OR16;OR16;OR19;OR19;;OCC;MCO;OK;08/04/2024;;E;C;I;;K3C;;;;;;;;;;;;;;;;
7777281;TERRITOIRE;FT 92002/1157;7777281;;OR16;OR16;OR19;OR19;;OCC;MCO;OK;20/03/2024;;E;C;T;;S3T;;;;;;;;;;;;;;;;
7819871;TERRITOIRE;FT 94041/943;7819871;;OR16;OR16;OR19;OR19;;OCC;MCO;OK;28/03/2024;;E;C;I;;L2T;;;;;;;;;;;;;;;;
7915833;TERRITOIRE;FT 94018/339;7915833;;OR16;OR16;OR19;OR19;;OCC;MCO;OK;24/04/2024;;E;C;I;;OHN;;;;;;;;;;;;;;;;
7718069;TERRITOIRE;FT 94016/67;7718069;;OR16;OR16;OR19;OR19;;OCC;MCO;OK;11/03/2024;;E;C;T;;S4T;;;;;;;;;;;;;;;;
7655025;TERRITOIRE;FT 93027/208;7655025;;OR16;OR16;OR19;OR19;;OCC;MCO;OK;27/02/2024;;E;C;T;;L0T;;;;;;;;;;;;;;;;
7594903;TERRITOIRE;FT 94002/199;7594903;;OR16;OR16;OR19;OR19;;OCC;MCO;OK;13/02/2024;;E;C;T;;L3T;;;;;;;;;;;;;;;;
7991411;TERRITOIRE;FT 93077/882;7991411;;OR16;OR16;OR19;OR19;;OCC;MCO;OK;13/05/2024;;E;C;I;;OHN;;;;;;;;;;;;;;;;
7837817;TERRITOIRE;FT 92025/365;7837817;;OR16;OR16;OR19;OR19;;OCC;MCO;OK;04/04/2024;;E;C;I;;S4T;;;;;;;;;;;;;;;;
7522230;TERRITOIRE;FT 93010/742;7522230;;OR16;OR16;OR19;OR19;;OCC;MCO;OK;31/01/2024;;E;C;T;;A2;;;;;;;;;;;;;;;;
7616014;TERRITOIRE;FT 93048/2698;7616014;;OR16;OR16;OR19;OR19;;OCC;MCO;OK;16/02/2024;;E;C;T;;OHN;;;;;;;;;;;;;;;;
8005117;TERRITOIRE;FT 94015/202;8005117;;OR16;OR16;OR19;OR19;;OCC;MCO;OK;15/05/2024;;E;C;I;;OHN;;;;;;;;;;;;;;;;
7837772;TERRITOIRE;FT 92025/231;7837772;;OR16;OR16;OR19;OR19;;OCC;MCO;OK;04/04/2024;;E;C;I;;L2T;;;;;;;;;;;;;;;;
7607419;TERRITOIRE;FT 92035/485;7607419;;OR16;OR16;OR19;OR19;;OCC;MCO;OK;14/02/2024;;E;C;T;;OHN;;;;;;;;;;;;;;;;
7838142;TERRITOIRE;FT 92009/870;7838142;;OR16;OR16;OR19;OR19;;OCC;MCO;OK;04/04/2024;;E;C;I;;L4T;;;;;;;;;;;;;;;;
7714626;TERRITOIRE;FT 92004/544;7714626;;OR16;OR16;OR19;OR19;;OCC;MCO;OK;08/03/2024;;E;C;T;;U4T;;;;;;;;;;;;;;;;
7991449;TERRITOIRE;FT 93077/465;7991449;;OR16;OR16;OR19;OR19;;OCC;MCO;OK;13/05/2024;;E;C;I;;OHN;;;;;;;;;;;;;;;;
7607457;TERRITOIRE;FT 92026/141;7607457;;OR16;OR16;OR19;OR19;;OCC;MCO;OK;14/02/2024;;E;C;T;;S3T;;;;;;;;;;;;;;;;
7519693;TERRITOIRE;FT 94033/1575;7519693;;OR16;OR16;OR19;OR19;;OCC;MCO;OK;31/01/2024;;E;C;T;;L2T;;;;;;;;;;;;;;;;
7750402;TERRITOIRE;FT 94028/1692;7750402;;OR16;OR16;OR19;OR19;;OCC;MCO;OK;15/03/2024;;E;C;T;;OHN;;;;;;;;;;;;;;;;
7561593;TERRITOIRE;FT 93046/1168;7561593;;OR16;OR16;OR19;OR19;;OCC;MCO;OK;07/02/2024;;E;C;T;;A2;;;;;;;;;;;;;;;;
7619848;TERRITOIRE;FT 93031/1340;7619848;;OR16;OR16;OR19;OR19;;OCC;MCO;OK;19/02/2024;;E;C;T;;L3T;;;;;;;;;;;;;;;;
7795243;TERRITOIRE;FT 93048/1550;7795243;;OR16;OR16;OR19;OR19;;OCC;MCO;OK;25/03/2024;;E;C;I;;OHN;;;;;;;;;;;;;;;;
7991367;TERRITOIRE;FT 93077/199;7991367;;OR16;OR16;OR19;OR19;;OCC;MCO;OK;13/05/2024;;E;C;I;;OHN;;;;;;;;;;;;;;;;
7559032;TERRITOIRE;FT 93046/1158;7559032;;OR16;OR16;OR19;OR19;;OCC;MCO;OK;07/02/2024;;E;C;T;;A2B;;;;;;;;;;;;;;;;
7761324;TERRITOIRE;FT 93057/431;7761324;;OR16;OR16;OR19;OR19;;OCC;MCO;OK;18/03/2024;;E;C;T;;OHN;;;;;;;;;;;;;;;;
7714604;TERRITOIRE;FT 92004/987;7714604;;OR16;OR16;OR19;OR19;;OCC;MCO;OK;08/03/2024;;E;C;T;;U6T;;;;;;;;;;;;;;;;
7761599;TERRITOIRE;FT 93057/364;7761599;;OR16;OR16;OR19;OR19;;OCC;MCO;OK;18/03/2024;;E;C;T;;OHN;;;;;;;;;;;;;;;;
7994575;TERRITOIRE;FT 93057/735;7994575;;OR16;OR16;OR19;OR19;;OCC;MCO;OK;13/05/2024;;E;C;I;;OHN;;;;;;;;;;;;;;;;
7798475;TERRITOIRE;FT 92023/2832;7798475;;OR16;OR16;OR19;OR19;;OCC;MCO;OK;25/03/2024;;E;C;I;;L3T;;;;;;;;;;;;;;;;
7542718;TERRITOIRE;FT 92024/636;7542718;;OR16;OR16;OR19;OR19;;OCC;MCO;OK;02/02/2024;;E;C;T;;S4T;;;;;;;;;;;;;;;;
7714569;TERRITOIRE;FT 92004/1002;7714569;;OR16;OR16;OR19;OR19;;OCC;MCO;OK;08/03/2024;;E;C;T;;S4T;;;;;;;;;;;;;;;;
7566436;TERRITOIRE;FT 93046/575;7566436;;OR16;OR16;OR19;OR19;;OCC;MCO;OK;08/02/2024;;E;C;T;;L2T;;;;;;;;;;;;;;;;
7991359;TERRITOIRE;FT 93077/243;7991359;;OR16;OR16;OR19;OR19;;OCC;MCO;OK;13/05/2024;;E;C;I;;U5T;;;;;;;;;;;;;;;;
7926387;TERRITOIRE;FT 94021/280;7926387;;OR16;OR16;OR19;OR19;;OCC;MCO;OK;26/04/2024;;E;C;I;;P1T;;;;;;;;;;;;;;;;
7630172;TERRITOIRE;FT 93064/1730;7630172;;OR16;OR16;OR19;OR19;;OCC;MCO;OK;21/02/2024;;E;C;T;;OHN;;;;;;;;;;;;;;;;
7873587;TERRITOIRE;FT 94065/160;7873587;;OR16;OR16;OR19;OR19;;OCC;MCO;OK;16/04/2024;;E;C;I;;L3T;;;;;;;;;;;;;;;;
7859257;TERRITOIRE;FT 94068/1246;7859257;;OR16;OR16;OR19;OR19;;OCC;MCO;OK;11/04/2024;;E;C;I;;OHN;;;;;;;;;;;;;;;;
7783056;TERRITOIRE;FT 92002/1889;7783056;;OR16;OR16;OR19;OR19;;OCC;MCO;OK;21/03/2024;;E;C;I;;L3T;;;;;;;;;;;;;;;;
7991429;TERRITOIRE;FT 93077/460;7991429;;OR16;OR16;OR19;OR19;;OCC;MCO;OK;13/05/2024;;E;C;I;;OHN;;;;;;;;;;;;;;;;
7616008;TERRITOIRE;FT 93070/612;7616008;;OR16;OR16;OR19;OR19;;OCC;MCO;OK;16/02/2024;;E;C;T;;S4T;;;;;;;;;;;;;;;;
7530615;TERRITOIRE;FT 93010/400;7530615;;OR16;OR16;OR19;OR19;;OCC;MCO;OK;01/02/2024;;E;C;T;;OHN;;;;;;;;;;;;;;;;
7566428;TERRITOIRE;FT 93046/816;7566428;;OR16;OR16;OR19;OR19;;OCC;MCO;OK;08/02/2024;;E;C;T;;OHN;;;;;;;;;;;;;;;;
7926401;TERRITOIRE;FT 94038/938;7926401;;OR16;OR16;OR19;OR19;;OCC;MCO;OK;26/04/2024;;E;C;I;;L1T;;;;;;;;;;;;;;;;
7718075;TERRITOIRE;FT 94016/168;7718075;;OR16;OR16;OR19;OR19;;OCC;MCO;OK;11/03/2024;;E;C;T;;S4T;;;;;;;;;;;;;;;;
7859350;TERRITOIRE;FT 94068/1983;7859350;;OR16;OR16;OR19;OR19;;OCC;MCO;OK;11/04/2024;;E;C;I;;OHN;;;;;;;;;;;;;;;;
7912695;TERRITOIRE;FT 94077/617;7912695;;OR16;OR16;OR19;OR19;;OCC;MCO;OK;24/04/2024;;E;C;I;;L2T;;;;;;;;;;;;;;;;
7887677;TERRITOIRE;FT 92073/899;7887677;;OR16;OR16;OR19;OR19;;OCC;MCO;OK;19/04/2024;;E;C;I;;S3T;;;;;;;;;;;;;;;;
7772476;TERRITOIRE;FT 94068/1951;7772476;;OR16;OR16;OR19;OR19;;OCC;MCO;OK;20/03/2024;;E;C;T;;OHN;;;;;;;;;;;;;;;;
7906869;TERRITOIRE;FT 92051/791;7906869;;OR16;OR16;OR19;OR19;;OCC;MCO;OK;23/04/2024;;E;C;I;;OHN;;;;;;;;;;;;;;;;
7819869;TERRITOIRE;FT 94081/1485;7819869;;OR16;OR16;OR19;OR19;;OCC;MCO;OK;28/03/2024;;E;C;I;;L0T;;;;;;;;;;;;;;;;
7948834;TERRITOIRE;FT 94080/97;7948834;;OR16;OR16;OR19;OR19;;OCC;MCO;OK;02/05/2024;;E;C;I;;OHN;;;;;;;;;;;;;;;;
7789194;TERRITOIRE;FT 93039/168;7789194;;OR16;OR16;OR19;OR19;;OCC;MCO;OK;22/03/2024;;E;C;I;;OHN;;;;;;;;;;;;;;;;
7799038;TERRITOIRE;FT 92023/2395;7799038;;OR16;OR16;OR19;OR19;;OCC;MCO;OK;25/03/2024;;E;C;I;;S4T;;;;;;;;;;;;;;;;
7789116;TERRITOIRE;FT 92071/363;7789116;;OR16;OR16;OR19;OR19;;OCC;MCO;OK;22/03/2024;;E;C;I;;L3T;;;;;;;;;;;;;;;;
7607467;TERRITOIRE;FT 92026/411;7607467;;OR16;OR16;OR19;OR19;;OCC;MCO;OK;14/02/2024;;E;C;T;;S3T;;;;;;;;;;;;;;;;
7811829;TERRITOIRE;FT 94054/1088;7811829;;OR16;OR16;OR19;OR19;;OCC;MCO;OK;27/03/2024;;E;C;I;;L3T;;;;;;;;;;;;;;;;
7833916;TERRITOIRE;FT 94017/3039;7833916;;OR16;OR16;OR19;OR19;;OCC;MCO;OK;03/04/2024;;E;C;I;;A2B;;;;;;;;;;;;;;;;
7789747;TERRITOIRE;FT 93039/162;7789747;;OR16;OR16;OR19;OR19;;OCC;MCO;OK;22/03/2024;;E;C;I;;OHN;;;;;;;;;;;;;;;;
7829426;TERRITOIRE;FT 92019/624;7829426;;OR16;OR16;OR19;OR19;;OCC;MCO;OK;02/04/2024;;E;C;I;;S4T;;;;;;;;;;;;;;;;
7654784;TERRITOIRE;FT 93057/79;7654784;;OR16;OR16;OR19;OR19;;OCC;MCO;OK;27/02/2024;;E;C;T;;OHN;;;;;;;;;;;;;;;;
7692481;TERRITOIRE;FT 92007/97;7692481;;OR16;OR16;OR19;OR19;;OCC;MCO;OK;05/03/2024;;E;C;T;;S4T;;;;;;;;;;;;;;;;
7690260;TERRITOIRE;FT 92007/351;7690260;;OR16;OR16;OR19;OR19;;OCC;MCO;OK;05/03/2024;;E;C;T;;S4T;;;;;;;;;;;;;;;;
7522246;TERRITOIRE;FT 93010/744;7522246;;OR16;OR16;OR19;OR19;;OCC;MCO;OK;31/01/2024;;E;C;T;;A2B;;;;;;;;;;;;;;;;
7519706;TERRITOIRE;FT 94033/353;7519706;;OR16;OR16;OR19;OR19;;OCC;MCO;OK;31/01/2024;;E;C;T;;OHN;;;;;;;;;;;;;;;;
7994569;TERRITOIRE;FT 93057/957;7994569;;OR16;OR16;OR19;OR19;;OCC;MCO;OK;13/05/2024;;E;C;I;;L3T;;;;;;;;;;;;;;;;
7530240;TERRITOIRE;FT 93059/104;7530240;;OR16;OR16;OR19;OR19;;OCC;MCO;OK;01/02/2024;;E;C;T;;OHN;;;;;;;;;;;;;;;;
7620494;TERRITOIRE;FT 93006/163;7620494;;OR16;OR16;OR19;OR19;;OCC;MCO;OK;19/02/2024;;E;C;T;;OHN;;;;;;;;;;;;;;;;
7859327;TERRITOIRE;FT 94068/1757;7859327;;OR16;OR16;OR19;OR19;;OCC;MCO;OK;11/04/2024;;E;C;I;;S4T;;;;;;;;;;;;;;;;
7731511;TERRITOIRE;FT 94011/159;7731511;;OR16;OR16;OR19;OR19;;OCC;MCO;OK;13/03/2024;;E;C;T;;L6T;;;;;;;;;;;;;;;;
7566407;TERRITOIRE;FT 93005/2435;7566407;;OR16;OR16;OR19;OR19;;OCC;MCO;OK;08/02/2024;;E;C;T;;M2T;;;;;;;;;;;;;;;;
7565431;TERRITOIRE;FT 94015/347;7565431;;OR16;OR16;OR19;OR19;;OCC;MCO;OK;08/02/2024;;E;C;T;;OHN;;;;;;;;;;;;;;;;
7566453;TERRITOIRE;FT 93046/854;7566453;;OR16;OR16;OR19;OR19;;OCC;MCO;OK;08/02/2024;;E;C;T;;OHN;;;;;;;;;;;;;;;;
7761919;TERRITOIRE;FT 92036/6;7761919;;OR16;OR16;OR19;OR19;;OCC;MCO;OK;18/03/2024;;E;C;T;;V6T;;;;;;;;;;;;;;;;
7811860;TERRITOIRE;FT 94081/1708;7811860;;OR16;OR16;OR19;OR19;;OCC;MCO;OK;27/03/2024;;E;C;I;;L3T;;;;;;;;;;;;;;;;
7798404;TERRITOIRE;FT 92023/2742;7798404;;OR16;OR16;OR19;OR19;;OCC;MCO;OK;25/03/2024;;E;C;I;;S1T;;;;;;;;;;;;;;;;
7522234;TERRITOIRE;FT 93010/720;7522234;;OR16;OR16;OR19;OR19;;OCC;MCO;OK;31/01/2024;;E;C;T;;OHN;;;;;;;;;;;;;;;;
7541469;TERRITOIRE;FT 93001/522;7541469;;OR16;OR16;OR19;OR19;;OCC;MCO;OK;02/02/2024;;E;C;T;;OHN;;;;;;;;;;;;;;;;
7837790;TERRITOIRE;FT 92025/1268;7837790;;OR16;OR16;OR19;OR19;;OCC;MCO;OK;04/04/2024;;E;C;I;;U4T;;;;;;;;;;;;;;;;
8007031;TERRITOIRE;FT 94058/844;8007031;;OR16;OR16;OR19;OR19;;OCC;MCO;OK;15/05/2024;;E;C;I;;OHN;;;;;;;;;;;;;;;;
7890557;TERRITOIRE;FT 78646/6003;7890557;;OR16;OR16;OR19;OR19;;OCC;MCO;OK;18/04/2024;;E;C;I;;OHN;;;;;;;;;;;;;;;;
7963517;TERRITOIRE;FT 94034/29;7963517;;OR16;OR16;OR19;OR19;;OCC;MCO;OK;06/05/2024;;E;C;I;;L2T;;;;;;;;;;;;;;;;
7948803;TERRITOIRE;FT 93063/635;7948803;;OR16;OR16;OR19;OR19;;OCC;MCO;OK;02/05/2024;;E;C;I;;OHN;;;;;;;;;;;;;;;;
7542741;TERRITOIRE;FT 92024/262;7542741;;OR16;OR16;OR19;OR19;;OCC;MCO;OK;02/02/2024;;E;C;T;;S3T;;;;;;;;;;;;;;;;
7798422;TERRITOIRE;FT 92020/736;7798422;;OR16;OR16;OR19;OR19;;OCC;MCO;OK;25/03/2024;;E;C;I;;S3T;;;;;;;;;;;;;;;;
7609966;TERRITOIRE;FT 92004/100;7609966;;OR16;OR16;OR19;OR19;;OCC;MCO;OK;15/02/2024;;E;C;T;;OHN;;;;;;;;;;;;;;;;
7683841;TERRITOIRE;FT 93008/633;7683841;;OR16;OR16;OR19;OR19;;OCC;MCO;OK;04/03/2024;;E;C;T;;L2T;;;;;;;;;;;;;;;;
7603516;TERRITOIRE;FT 92050/2224;7603516;;OR16;OR16;OR19;OR19;;OCC;MCO;OK;14/02/2024;;E;C;T;;L2T;;;;;;;;;;;;;;;;
7749755;TERRITOIRE;FT 94028/692;7749755;;OR16;OR16;OR19;OR19;;OCC;MCO;OK;15/03/2024;;E;C;T;;OHN;;;;;;;;;;;;;;;;
7838086;TERRITOIRE;FT 92009/503;7838086;;OR16;OR16;OR19;OR19;;OCC;MCO;OK;04/04/2024;;E;C;I;;S3T;;;;;;;;;;;;;;;;
7991468;TERRITOIRE;FT 93077/609;7991468;;OR16;OR16;OR19;OR19;;OCC;MCO;OK;13/05/2024;;E;C;I;;OHN;;;;;;;;;;;;;;;;
7915860;TERRITOIRE;FT 94018/285;7915860;;OR16;OR16;OR19;OR19;;OCC;MCO;OK;24/04/2024;;E;C;I;;S5T;;;;;;;;;;;;;;;;
7696000;TERRITOIRE;FT 93029/2049;7696000;;OR16;OR16;OR19;OR19;;OCC;MCO;OK;06/03/2024;;E;C;T;;L2T;;;;;;;;;;;;;;;;
7543029;TERRITOIRE;FT 93066/2149;7543029;;OR16;OR16;OR19;OR19;;OCC;MCO;OK;02/02/2024;;E;C;T;;S4T;;;;;;;;;;;;;;;;
7763194;TERRITOIRE;FT 92036/1053;7763194;;OR16;OR16;OR19;OR19;;OCC;MCO;OK;18/03/2024;;E;C;T;;S3T;;;;;;;;;;;;;;;;
7568351;TERRITOIRE;FT 94002/526;7568351;;OR16;OR16;OR19;OR19;;OCC;MCO;OK;08/02/2024;;E;C;T;;V6T;;;;;;;;;;;;;;;;
7654734;TERRITOIRE;FT 93008/46;7654734;;OR16;OR16;OR19;OR19;;OCC;MCO;OK;27/02/2024;;E;C;T;;OHN;;;;;;;;;;;;;;;;
7654749;TERRITOIRE;FT 93055/798;7654749;;OR16;OR16;OR19;OR19;;OCC;MCO;OK;27/02/2024;;E;C;T;;L6T;;;;;;;;;;;;;;;;
7789126;TERRITOIRE;FT 92071/373;7789126;;OR16;OR16;OR19;OR19;;OCC;MCO;OK;22/03/2024;;E;C;I;;U5T;;;;;;;;;;;;;;;;
7876786;TERRITOIRE;FT 92022/219;7876786;;OR16;OR16;OR19;OR19;;OCC;MCO;OK;17/04/2024;;E;C;I;;A2C;;;;;;;;;;;;;;;;
7783040;TERRITOIRE;FT 92002/1891;7783040;;OR16;OR16;OR19;OR19;;OCC;MCO;OK;21/03/2024;;E;C;I;;S1T;;;;;;;;;;;;;;;;
7859341;TERRITOIRE;FT 94068/1308;7859341;;OR16;OR16;OR19;OR19;;OCC;MCO;OK;11/04/2024;;E;C;I;;OHN;;;;;;;;;;;;;;;;
7811884;TERRITOIRE;FT 94021/723;7811884;;OR16;OR16;OR19;OR19;;OCC;MCO;OK;27/03/2024;;E;C;I;;P1T;;;;;;;;;;;;;;;;
7833277;TERRITOIRE;FT 94019/695;7833277;;OR16;OR16;OR19;OR19;;OCC;MCO;OK;03/04/2024;;E;C;I;;L2T;;;;;;;;;;;;;;;;
7566411;TERRITOIRE;FT 93046/634;7566411;;OR16;OR16;OR19;OR19;;OCC;MCO;OK;08/02/2024;;E;C;T;;L3T;;;;;;;;;;;;;;;;
7830392;TERRITOIRE;FT 92019/32;7830392;;OR16;OR16;OR19;OR19;;OCC;MCO;OK;02/04/2024;;E;C;I;;OHN;;;;;;;;;;;;;;;;
7553604;TERRITOIRE;FT 92036/936;7553604;;OR16;OR16;OR19;OR19;;OCC;MCO;OK;06/02/2024;;E;C;T;;OHN;;;;;;;;;;;;;;;;
7883825;TERRITOIRE;FT 78646/650;7883825;;OR16;OR16;OR19;OR19;;OCC;MCO;OK;18/04/2024;;E;C;I;;D3;;;;;;;;;;;;;;;;
7619840;TERRITOIRE;FT 93031/171;7619840;;OR16;OR16;OR19;OR19;;OCC;MCO;OK;19/02/2024;;E;C;T;;OHN;;;;;;;;;;;;;;;;
7714553;TERRITOIRE;FT 92036/554;7714553;;OR16;OR16;OR19;OR19;;OCC;MCO;OK;08/03/2024;;E;C;T;;L4T;;;;;;;;;;;;;;;;
7850272;TERRITOIRE;FT 94022/583;7850272;;OR16;OR16;OR19;OR19;;OCC;MCO;OK;08/04/2024;;E;C;I;;OHN;;;;;;;;;;;;;;;;
7912704;TERRITOIRE;FT 94077/616;7912704;;OR16;OR16;OR19;OR19;;OCC;MCO;OK;24/04/2024;;E;C;I;;L2T;;;;;;;;;;;;;;;;
7615675;TERRITOIRE;FT 94033/1981;7615675;;OR16;OR16;OR19;OR19;;OCC;MCO;OK;16/02/2024;;E;C;T;;L2T;;;;;;;;;;;;;;;;
7630085;TERRITOIRE;FT 93064/460;7630085;;OR16;OR16;OR19;OR19;;OCC;MCO;OK;21/02/2024;;E;C;T;;OHN;;;;;;;;;;;;;;;;
7618871;TERRITOIRE;FT 93079/22;7618871;;OR16;OR16;OR19;OR19;;OCC;MCO;OK;19/02/2024;;E;C;T;;OHN;;;;;;;;;;;;;;;;
7635206;TERRITOIRE;FT 93072/576;7635206;;OR16;OR16;OR19;OR19;;OCC;MCO;OK;22/02/2024;;E;C;T;;OHN;;;;;;;;;;;;;;;;
7838125;TERRITOIRE;FT 92009/213;7838125;;OR16;OR16;OR19;OR19;;OCC;MCO;OK;04/04/2024;;E;C;I;;S4T;;;;;;;;;;;;;;;;
7876833;TERRITOIRE;FT 92022/896;7876833;;OR16;OR16;OR19;OR19;;OCC;MCO;OK;17/04/2024;;E;C;I;;OHN;;;;;;;;;;;;;;;;
7605112;TERRITOIRE;FT 92025/1371;7605112;;OR16;OR16;OR19;OR19;;OCC;MCO;OK;14/02/2024;;E;C;T;;S3T;;;;;;;;;;;;;;;;
7566432;TERRITOIRE;FT 93046/576;7566432;;OR16;OR16;OR19;OR19;;OCC;MCO;OK;08/02/2024;;E;C;T;;L2T;;;;;;;;;;;;;;;;
7915870;TERRITOIRE;FT 94018/258;7915870;;OR16;OR16;OR19;OR19;;OCC;MCO;OK;24/04/2024;;E;C;I;;OHN;;;;;;;;;;;;;;;;
7594916;TERRITOIRE;FT 94002/812;7594916;;OR16;OR16;OR19;OR19;;OCC;MCO;OK;13/02/2024;;E;C;T;;S4T;;;;;;;;;;;;;;;;
7798435;TERRITOIRE;FT 92020/754;7798435;;OR16;OR16;OR19;OR19;;OCC;MCO;OK;25/03/2024;;E;C;I;;L1T;;;;;;;;;;;;;;;;
7508155;TERRITOIRE;FT 93059/229;7508155;;OR16;OR16;OR19;OR19;;OCC;MCO;OK;30/01/2024;;E;C;T;;OHN;;;;;;;;;;;;;;;;
7630104;TERRITOIRE;FT 93064/455;7630104;;OR16;OR16;OR19;OR19;;OCC;MCO;OK;21/02/2024;;E;C;T;;OHN;;;;;;;;;;;;;;;;
7837814;TERRITOIRE;FT 92025/1115;7837814;;OR16;OR16;OR19;OR19;;OCC;MCO;OK;04/04/2024;;E;C;I;;L2T;;;;;;;;;;;;;;;;
7609907;TERRITOIRE;FT 92004/108;7609907;;OR16;OR16;OR19;OR19;;OCC;MCO;OK;15/02/2024;;E;C;T;;S3T;;;;;;;;;;;;;;;;
8001585;TERRITOIRE;FT 94033/2250;8001585;;OR16;OR16;OR19;OR19;;OCC;MCO;OK;15/05/2024;;E;C;I;;L5T;;;;;;;;;;;;;;;;
7609934;TERRITOIRE;FT 92026/1002;7609934;;OR16;OR16;OR19;OR19;;OCC;MCO;OK;15/02/2024;;E;C;T;;S4T;;;;;;;;;;;;;;;;
7991046;TERRITOIRE;FT 93046/365;7991046;;OR16;OR16;OR19;OR19;;OCC;MCO;OK;13/05/2024;;E;C;I;;L5T;;;;;;;;;;;;;;;;
7730866;TERRITOIRE;FT 94028/1742;7730866;;OR16;OR16;OR19;OR19;;OCC;MCO;OK;13/03/2024;;E;C;T;;U5T;;;;;;;;;;;;;;;;
7873592;TERRITOIRE;FT 94065/293;7873592;;OR16;OR16;OR19;OR19;;OCC;MCO;OK;16/04/2024;;E;C;I;;L3T;;;;;;;;;;;;;;;;
7514231;TERRITOIRE;FT 93055/226;7514231;;OR16;OR16;OR19;OR19;;OCC;MCO;OK;30/01/2024;;E;C;T;;OHN;;;;;;;;;;;;;;;;
7777083;TERRITOIRE;FT 92002/880;7777083;;OR16;OR16;OR19;OR19;;OCC;MCO;OK;20/03/2024;;E;C;T;;S4T;;;;;;;;;;;;;;;;
7530585;TERRITOIRE;FT 93010/875;7530585;;OR16;OR16;OR19;OR19;;OCC;MCO;OK;01/02/2024;;E;C;T;;OHN;;;;;;;;;;;;;;;;
7687039;TERRITOIRE;FT 93001/1446;7687039;;OR16;OR16;OR19;OR19;;OCC;MCO;OK;05/03/2024;;E;C;T;;OHN;;;;;;;;;;;;;;;;
7783052;TERRITOIRE;FT 92002/467;7783052;;OR16;OR16;OR19;OR19;;OCC;MCO;OK;21/03/2024;;E;C;I;;S3T;;;;;;;;;;;;;;;;
7833911;TERRITOIRE;FT 94019/882;7833911;;OR16;OR16;OR19;OR19;;OCC;MCO;OK;03/04/2024;;E;C;I;;A2B;;;;;;;;;;;;;;;;
7838097;TERRITOIRE;FT 92025/107;7838097;;OR16;OR16;OR19;OR19;;OCC;MCO;OK;04/04/2024;;E;C;I;;S3T;;;;;;;;;;;;;;;;
7651560;TERRITOIRE;FT 92036/1673;7651560;;OR16;OR16;OR19;OR19;;OCC;MCO;OK;26/02/2024;;E;C;T;;S4T;;;;;;;;;;;;;;;;
7646398;TERRITOIRE;FT 93029/887;7646398;;OR16;OR16;OR19;OR19;;OCC;MCO;OK;23/02/2024;;E;C;T;;OHN;;;;;;;;;;;;;;;;
7832957;TERRITOIRE;FT 94017/2536;7832957;;OR16;OR16;OR19;OR19;;OCC;MCO;OK;03/04/2024;;E;C;I;;OHN;;;;;;;;;;;;;;;;
7783102;TERRITOIRE;FT 92002/5040;7783102;;OR16;OR16;OR19;OR19;;OCC;MCO;OK;21/03/2024;;E;C;I;;L2T;;;;;;;;;;;;;;;;
7566405;TERRITOIRE;FT 93046/622;7566405;;OR16;OR16;OR19;OR19;;OCC;MCO;OK;08/02/2024;;E;C;T;;L3T;;;;;;;;;;;;;;;;
7652146;TERRITOIRE;FT 92078/178;7652146;;OR16;OR16;OR19;OR19;;OCC;MCO;OK;26/02/2024;;E;C;T;;OHN;;;;;;;;;;;;;;;;
7761313;TERRITOIRE;FT 93057/331;7761313;;OR16;OR16;OR19;OR19;;OCC;MCO;OK;18/03/2024;;E;C;T;;OHN;;;;;;;;;;;;;;;;
7890545;TERRITOIRE;FT 78646/601;7890545;;OR16;OR16;OR19;OR19;;OCC;MCO;OK;18/04/2024;;E;C;I;;OHN;;;;;;;;;;;;;;;;
7850239;TERRITOIRE;FT 94022/298;7850239;;OR16;OR16;OR19;OR19;;OCC;MCO;OK;08/04/2024;;E;C;I;;L4T;;;;;;;;;;;;;;;;
7651600;TERRITOIRE;FT 92036/1216;7651600;;OR16;OR16;OR19;OR19;;OCC;MCO;OK;26/02/2024;;E;C;T;;OHN;;;;;;;;;;;;;;;;
7519676;TERRITOIRE;FT 94033/362;7519676;;OR16;OR16;OR19;OR19;;OCC;MCO;OK;31/01/2024;;E;C;T;;OHN;;;;;;;;;;;;;;;;
7877135;TERRITOIRE;FT 92012/591;7877135;;OR16;OR16;OR19;OR19;;OCC;MCO;OK;17/04/2024;;E;C;I;;S3T;;;;;;;;;;;;;;;;
7772472;TERRITOIRE;FT 94068/1963;7772472;;OR16;OR16;OR19;OR19;;OCC;MCO;OK;20/03/2024;;E;C;T;;OHN;;;;;;;;;;;;;;;;
7630195;TERRITOIRE;FT 93064/1386;7630195;;OR16;OR16;OR19;OR19;;OCC;MCO;OK;21/02/2024;;E;C;T;;OHN;;;;;;;;;;;;;;;;
7796193;TERRITOIRE;FT 93048/2127;7796193;;OR16;OR16;OR19;OR19;;OCC;MCO;OK;25/03/2024;;E;C;I;;OHN;;;;;;;;;;;;;;;;
7883526;TERRITOIRE;FT 78646/783;7883526;;OR16;OR16;OR19;OR19;;OCC;MCO;OK;18/04/2024;;E;C;I;;A2;;;;;;;;;;;;;;;;
7615037;TERRITOIRE;FT 94033/1088;7615037;;OR16;OR16;OR19;OR19;;OCC;MCO;OK;16/02/2024;;E;C;T;;OHN;;;;;;;;;;;;;;;;
7568349;TERRITOIRE;FT 94002/662;7568349;;OR16;OR16;OR19;OR19;;OCC;MCO;OK;08/02/2024;;E;C;T;;OHN;;;;;;;;;;;;;;;;
7991365;TERRITOIRE;FT 93077/189;7991365;;OR16;OR16;OR19;OR19;;OCC;MCO;OK;13/05/2024;;E;C;I;;OHN;;;;;;;;;;;;;;;;
7859313;TERRITOIRE;FT 94068/616;7859313;;OR16;OR16;OR19;OR19;;OCC;MCO;OK;11/04/2024;;E;C;I;;OHN;;;;;;;;;;;;;;;;
7566392;TERRITOIRE;FT 93005/1880;7566392;;OR16;OR16;OR19;OR19;;OCC;MCO;OK;08/02/2024;;E;C;T;;A2;;;;;;;;;;;;;;;;
7830079;TERRITOIRE;FT 92019/465;7830079;;OR16;OR16;OR19;OR19;;OCC;MCO;OK;02/04/2024;;E;C;I;;L2T;;;;;;;;;;;;;;;;
7796184;TERRITOIRE;FT 93048/2166;7796184;;OR16;OR16;OR19;OR19;;OCC;MCO;OK;25/03/2024;;E;C;I;;OHN;;;;;;;;;;;;;;;;
7683847;TERRITOIRE;FT 93029/463;7683847;;OR16;OR16;OR19;OR19;;OCC;MCO;OK;04/03/2024;;E;C;T;;OHN;;;;;;;;;;;;;;;;
7609913;TERRITOIRE;FT 92004/795;7609913;;OR16;OR16;OR19;OR19;;OCC;MCO;OK;15/02/2024;;E;C;T;;S3T;;;;;;;;;;;;;;;;
7645432;TERRITOIRE;FT 93008/1380;7645432;;OR16;OR16;OR19;OR19;;OCC;MCO;OK;23/02/2024;;E;C;T;;S3T;;;;;;;;;;;;;;;;
7991456;TERRITOIRE;FT 93077/160;7991456;;OR16;OR16;OR19;OR19;;OCC;MCO;OK;13/05/2024;;E;C;I;;OHN;;;;;;;;;;;;;;;;
7850310;TERRITOIRE;FT 94022/635;7850310;;OR16;OR16;OR19;OR19;;OCC;MCO;OK;08/04/2024;;E;C;I;;L4T;;;;;;;;;;;;;;;;
7776996;TERRITOIRE;FT 92002/700;7776996;;OR16;OR16;OR19;OR19;;OCC;MCO;OK;20/03/2024;;E;C;T;;S3T;;;;;;;;;;;;;;;;
7991687;TERRITOIRE;FT 93010/317;7991687;;OR16;OR16;OR19;OR19;;OCC;MCO;OK;13/05/2024;;E;C;I;;OHN;;;;;;;;;;;;;;;;
7926410;TERRITOIRE;FT 94076/283;7926410;;OR16;OR16;OR19;OR19;;OCC;MCO;OK;26/04/2024;;E;C;I;;L1T;;;;;;;;;;;;;;;;
7603512;TERRITOIRE;FT 92025/1655;7603512;;OR16;OR16;OR19;OR19;;OCC;MCO;OK;14/02/2024;;E;C;T;;S5T;;;;;;;;;;;;;;;;
7883534;TERRITOIRE;FT 78646/1323;7883534;;OR16;OR16;OR19;OR19;;OCC;MCO;OK;18/04/2024;;E;C;I;;A2B;;;;;;;;;;;;;;;;
7651596;TERRITOIRE;FT 92036/1260;7651596;;OR16;OR16;OR19;OR19;;OCC;MCO;OK;26/02/2024;;E;C;T;;S5T;;;;;;;;;;;;;;;;
7698616;TERRITOIRE;FT 92020/83;7698616;;OR16;OR16;OR19;OR19;;OCC;MCO;OK;06/03/2024;;E;C;T;;L2T;;;;;;;;;;;;;;;;
7915876;TERRITOIRE;FT 94018/111;7915876;;OR16;OR16;OR19;OR19;;OCC;MCO;OK;24/04/2024;;E;C;I;;OHN;;;;;;;;;;;;;;;;
7803196;TERRITOIRE;FT 92020/19;7803196;;OR16;OR16;OR19;OR19;;OCC;MCO;OK;26/03/2024;;E;C;I;;OHN;;;;;;;;;;;;;;;;
7859409;TERRITOIRE;FT 94068/2708;7859409;;OR16;OR16;OR19;OR19;;OCC;MCO;OK;11/04/2024;;E;C;I;;OHN;;;;;;;;;;;;;;;;
7796166;TERRITOIRE;FT 93048/2287;7796166;;OR16;OR16;OR19;OR19;;OCC;MCO;OK;25/03/2024;;E;C;I;;OHN;;;;;;;;;;;;;;;;
7565759;TERRITOIRE;FT 94015/340;7565759;;OR16;OR16;OR19;OR19;;OCC;MCO;OK;08/02/2024;;E;C;T;;OHN;;;;;;;;;;;;;;;;
7730871;TERRITOIRE;FT 94028/1747;7730871;;OR16;OR16;OR19;OR19;;OCC;MCO;OK;13/03/2024;;E;C;T;;L2T;;;;;;;;;;;;;;;;
7549759;TERRITOIRE;FT 92036/1070;7549759;;OR16;OR16;OR19;OR19;;OCC;MCO;OK;06/02/2024;;E;C;T;;S4T;;;;;;;;;;;;;;;;
7607389;TERRITOIRE;FT 92026/427;7607389;;OR16;OR16;OR19;OR19;;OCC;MCO;OK;14/02/2024;;E;C;T;;S3T;;;;;;;;;;;;;;;;
7859372;TERRITOIRE;FT 94068/788;7859372;;OR16;OR16;OR19;OR19;;OCC;MCO;OK;11/04/2024;;E;C;I;;OHN;;;;;;;;;;;;;;;;
7830397;TERRITOIRE;FT 92019/28;7830397;;OR16;OR16;OR19;OR19;;OCC;MCO;OK;02/04/2024;;E;C;I;;S4T;;;;;;;;;;;;;;;;
7772483;TERRITOIRE;FT 94068/2035;7772483;;OR16;OR16;OR19;OR19;;OCC;MCO;OK;20/03/2024;;E;C;T;;OHN;;;;;;;;;;;;;;;;
7699512;TERRITOIRE;FT 92020/820;7699512;;OR16;OR16;OR19;OR19;;OCC;MCO;OK;06/03/2024;;E;C;T;;S3T;;;;;;;;;;;;;;;;
7912626;TERRITOIRE;FT 94077/849;7912626;;OR16;OR16;OR19;OR19;;OCC;MCO;OK;24/04/2024;;E;C;I;;L3T;;;;;;;;;;;;;;;;
7654722;TERRITOIRE;FT 93013/413;7654722;;OR16;OR16;OR19;OR19;;OCC;MCO;OK;27/02/2024;;E;C;T;;OHN;;;;;;;;;;;;;;;;
7887674;TERRITOIRE;FT 92073/653;7887674;;OR16;OR16;OR19;OR19;;OCC;MCO;OK;19/04/2024;;E;C;I;;S3T;;;;;;;;;;;;;;;;
7542731;TERRITOIRE;FT 92024/152;7542731;;OR16;OR16;OR19;OR19;;OCC;MCO;OK;02/02/2024;;E;C;T;;U5T;;;;;;;;;;;;;;;;
7798431;TERRITOIRE;FT 92020/735;7798431;;OR16;OR16;OR19;OR19;;OCC;MCO;OK;25/03/2024;;E;C;I;;S4T;;;;;;;;;;;;;;;;
7830400;TERRITOIRE;FT 92019/236;7830400;;OR16;OR16;OR19;OR19;;OCC;MCO;OK;02/04/2024;;E;C;I;;L2T;;;;;;;;;;;;;;;;
7566435;TERRITOIRE;FT 93046/579;7566435;;OR16;OR16;OR19;OR19;;OCC;MCO;OK;08/02/2024;;E;C;T;;L1T;;;;;;;;;;;;;;;;
7883848;TERRITOIRE;FT 78646/4492;7883848;;OR16;OR16;OR19;OR19;;OCC;MCO;OK;18/04/2024;;E;C;I;;OHN;;;;;;;;;;;;;;;;
7654765;TERRITOIRE;FT 93007/953;7654765;;OR16;OR16;OR19;OR19;;OCC;MCO;OK;27/02/2024;;E;C;T;;A2;;;;;;;;;;;;;;;;
7609948;TERRITOIRE;FT 92026/1707;7609948;;OR16;OR16;OR19;OR19;;OCC;MCO;OK;15/02/2024;;E;C;T;;M1C;;;;;;;;;;;;;;;;
7679356;TERRITOIRE;FT 94046/915;7679356;;OR16;OR16;OR19;OR19;;OCC;MCO;OK;04/03/2024;;E;C;T;;U7T;;;;;;;;;;;;;;;;
7783106;TERRITOIRE;FT 92002/2254;7783106;;OR16;OR16;OR19;OR19;;OCC;MCO;OK;21/03/2024;;E;C;I;;S3T;;;;;;;;;;;;;;;;
7859364;TERRITOIRE;FT 94068/781;7859364;;OR16;OR16;OR19;OR19;;OCC;MCO;OK;11/04/2024;;E;C;I;;U5T;;;;;;;;;;;;;;;;
7630112;TERRITOIRE;FT 93064/1421;7630112;;OR16;OR16;OR19;OR19;;OCC;MCO;OK;21/02/2024;;E;C;T;;OHN;;;;;;;;;;;;;;;;
7873272;TERRITOIRE;FT 94065/62;7873272;;OR16;OR16;OR19;OR19;;OCC;MCO;OK;16/04/2024;;E;C;I;;L2T;;;;;;;;;;;;;;;;
7877118;TERRITOIRE;FT 92012/1611;7877118;;OR16;OR16;OR19;OR19;;OCC;MCO;OK;17/04/2024;;E;C;I;;OHN;;;;;;;;;;;;;;;;
7991440;TERRITOIRE;FT 93077/461;7991440;;OR16;OR16;OR19;OR19;;OCC;MCO;OK;13/05/2024;;E;C;I;;OHN;;;;;;;;;;;;;;;;
7829427;TERRITOIRE;FT 92019/34;7829427;;OR16;OR16;OR19;OR19;;OCC;MCO;OK;02/04/2024;;E;C;I;;S4T;;;;;;;;;;;;;;;;
7610235;TERRITOIRE;FT 92026/997;7610235;;OR16;OR16;OR19;OR19;;OCC;MCO;OK;15/02/2024;;E;C;T;;S3T;;;;;;;;;;;;;;;;
7783043;TERRITOIRE;FT 92002/1882;7783043;;OR16;OR16;OR19;OR19;;OCC;MCO;OK;21/03/2024;;E;C;I;;S1T;;;;;;;;;;;;;;;;
7646388;TERRITOIRE;FT 93007/1167;7646388;;OR16;OR16;OR19;OR19;;OCC;MCO;OK;23/02/2024;;E;C;T;;A2;;;;;;;;;;;;;;;;
7688315;TERRITOIRE;FT 93001/1322;7688315;;OR16;OR16;OR19;OR19;;OCC;MCO;OK;05/03/2024;;E;C;T;;S4T;;;;;;;;;;;;;;;;
7690225;TERRITOIRE;FT 93001/1468;7690225;;OR16;OR16;OR19;OR19;;OCC;MCO;OK;05/03/2024;;E;C;T;;OHN;;;;;;;;;;;;;;;;
7689280;TERRITOIRE;FT 93001/1035;7689280;;OR16;OR16;OR19;OR19;;OCC;MCO;OK;05/03/2024;;E;C;T;;OHN;;;;;;;;;;;;;;;;
7651533;TERRITOIRE;FT 92036/1368;7651533;;OR16;OR16;OR19;OR19;;OCC;MCO;OK;26/02/2024;;E;C;T;;L4T;;;;;;;;;;;;;;;;
7912674;TERRITOIRE;FT 94077/97;7912674;;OR16;OR16;OR19;OR19;;OCC;MCO;OK;24/04/2024;;E;C;I;;L3T;;;;;;;;;;;;;;;;
7827202;TERRITOIRE;FT 92046/178;7827202;;OR16;OR16;OR19;OR19;;OCC;MCO;OK;02/04/2024;;E;C;I;;L1T;;;;;;;;;;;;;;;;
7642231;TERRITOIRE;FT 93048/628;7642231;;OR16;OR16;OR19;OR19;;OCC;MCO;OK;23/02/2024;;E;C;T;;S4T;;;;;;;;;;;;;;;;
7566408;TERRITOIRE;FT 93071/110;7566408;;OR16;OR16;OR19;OR19;;OCC;MCO;OK;08/02/2024;;E;C;T;;OHN;;;;;;;;;;;;;;;;
7607488;TERRITOIRE;FT 92026/415;7607488;;OR16;OR16;OR19;OR19;;OCC;MCO;OK;14/02/2024;;E;C;T;;U5T;;;;;;;;;;;;;;;;
7994558;TERRITOIRE;FT 93057/741;7994558;;OR16;OR16;OR19;OR19;;OCC;MCO;OK;13/05/2024;;E;C;I;;OHN;;;;;;;;;;;;;;;;
7783133;TERRITOIRE;FT 92014/231;7783133;;OR16;OR16;OR19;OR19;;OCC;MCO;OK;21/03/2024;;E;C;I;;S4T;;;;;;;;;;;;;;;;
7530584;TERRITOIRE;FT 93010/874;7530584;;OR16;OR16;OR19;OR19;;OCC;MCO;OK;01/02/2024;;E;C;T;;OHN;;;;;;;;;;;;;;;;
7912689;TERRITOIRE;FT 94077/590;7912689;;OR16;OR16;OR19;OR19;;OCC;MCO;OK;24/04/2024;;E;C;I;;L5T;;;;;;;;;;;;;;;;
7651595;TERRITOIRE;FT 92036/1264;7651595;;OR16;OR16;OR19;OR19;;OCC;MCO;OK;26/02/2024;;E;C;T;;L2T;;;;;;;;;;;;;;;;
7904947;TERRITOIRE;FT 92051/1175;7904947;;OR16;OR16;OR19;OR19;;OCC;MCO;OK;23/04/2024;;E;C;I;;S3T;;;;;;;;;;;;;;;;
7600632;TERRITOIRE;FT 92044/734;7600632;;OR16;OR16;OR19;OR19;;OCC;MCO;OK;13/02/2024;;E;C;T;;U5T;;;;;;;;;;;;;;;;
7572171;TERRITOIRE;FT 94046/771;7572171;;OR16;OR16;OR19;OR19;;OCC;MCO;OK;09/02/2024;;E;C;T;;L0T;;;;;;;;;;;;;;;;
7771185;TERRITOIRE;FT 91377/1454;7771185;;OR16;OR16;OR19;OR19;;OCC;MCO;OK;20/03/2024;;E;C;T;;P6T;;;;;;;;;;;;;;;;
7973769;TERRITOIRE;FT 95063/749;7973769;;OR16;OR16;OR19;OR19;;OCC;MCO;OK;07/05/2024;;E;C;I;;OHN;;;;;;;;;;;;;;;;
7719987;TERRITOIRE;FT 94003/583;7719987;;OR16;OR16;OR19;OR19;;OCC;MCO;OK;11/03/2024;;E;C;T;;S3T;;;;;;;;;;;;;;;;
7830395;TERRITOIRE;FT 92019/1123;7830395;;OR16;OR16;OR19;OR19;;OCC;MCO;OK;02/04/2024;;E;C;I;;L5T;;;;;;;;;;;;;;;;
7714586;TERRITOIRE;FT 92004/2302;7714586;;OR16;OR16;OR19;OR19;;OCC;MCO;OK;08/03/2024;;E;C;T;;L5T;;;;;;;;;;;;;;;;
7542715;TERRITOIRE;FT 92024/71;7542715;;OR16;OR16;OR19;OR19;;OCC;MCO;OK;02/02/2024;;E;C;T;;S4T;;;;;;;;;;;;;;;;
7795518;TERRITOIRE;FT 93048/1619;7795518;;OR16;OR16;OR19;OR19;;OCC;MCO;OK;25/03/2024;;E;C;I;;U4T;;;;;;;;;;;;;;;;
7973772;TERRITOIRE;FT 95063/323;7973772;;OR16;OR16;OR19;OR19;;OCC;MCO;OK;07/05/2024;;E;C;I;;OHN;;;;;;;;;;;;;;;;
7730877;TERRITOIRE;FT 94028/1739;7730877;;OR16;OR16;OR19;OR19;;OCC;MCO;OK;13/03/2024;;E;C;T;;L3T;;;;;;;;;;;;;;;;
7607413;TERRITOIRE;FT 92026/311;7607413;;OR16;OR16;OR19;OR19;;OCC;MCO;OK;14/02/2024;;E;C;T;;S3T;;;;;;;;;;;;;;;;
7607416;TERRITOIRE;FT 92026/312;7607416;;OR16;OR16;OR19;OR19;;OCC;MCO;OK;14/02/2024;;E;C;T;;S4T;;;;;;;;;;;;;;;;
7902715;TERRITOIRE;FT 94080/1015;7902715;;OR16;OR16;OR19;OR19;;OCC;MCO;OK;23/04/2024;;E;C;I;;S3T;;;;;;;;;;;;;;;;
7830394;TERRITOIRE;FT 92019/227;7830394;;OR16;OR16;OR19;OR19;;OCC;MCO;OK;02/04/2024;;E;C;I;;OHN;;;;;;;;;;;;;;;;
7651588;TERRITOIRE;FT 92036/1248;7651588;;OR16;OR16;OR19;OR19;;OCC;MCO;OK;26/02/2024;;E;C;T;;OHN;;;;;;;;;;;;;;;;
7688311;TERRITOIRE;FT 93001/1768;7688311;;OR16;OR16;OR19;OR19;;OCC;MCO;OK;05/03/2024;;E;C;T;;S4T;;;;;;;;;;;;;;;;
7607415;TERRITOIRE;FT 92026/314;7607415;;OR16;OR16;OR19;OR19;;OCC;MCO;OK;14/02/2024;;E;C;T;;S4T;;;;;;;;;;;;;;;;
7973770;TERRITOIRE;FT 95063/324;7973770;;OR16;OR16;OR19;OR19;;OCC;MCO;OK;07/05/2024;;E;C;I;;OHN;;;;;;;;;;;;;;;;
7838120;TERRITOIRE;FT 92009/611;7838120;;OR16;OR16;OR19;OR19;;OCC;MCO;OK;04/04/2024;;E;C;I;;S3T;;;;;;;;;;;;;;;;
7626549;TERRITOIRE;FT 93031/1310;7626549;;OR16;OR16;OR19;OR19;;OCC;MCO;OK;21/02/2024;;E;C;T;;L6T;;;;;;;;;;;;;;;;
7859255;TERRITOIRE;FT 94068/2297;7859255;;OR16;OR16;OR19;OR19;;OCC;MCO;OK;11/04/2024;;E;C;I;;OHN;;;;;;;;;;;;;;;;
7838420;TERRITOIRE;FT 92025/155;7838420;;OR16;OR16;OR19;OR19;;OCC;MCO;OK;04/04/2024;;E;C;I;;S4T;;;;;;;;;;;;;;;;
7859229;TERRITOIRE;FT 94068/218;7859229;;OR16;OR16;OR19;OR19;;OCC;MCO;OK;11/04/2024;;E;C;I;;OHN;;;;;;;;;;;;;;;;
7518412;TERRITOIRE;FT 94033/497;7518412;;OR16;OR16;OR19;OR19;;OCC;MCO;OK;31/01/2024;;E;C;T;;OHN;;;;;;;;;;;;;;;;
7859335;TERRITOIRE;FT 94068/2354;7859335;;OR16;OR16;OR19;OR19;;OCC;MCO;OK;11/04/2024;;E;C;I;;OHN;;;;;;;;;;;;;;;;
7721270;TERRITOIRE;FT 92046/269;7721270;;OR16;OR16;OR19;OR19;;OCC;MCO;OK;11/03/2024;;E;C;T;;S4T;;;;;;;;;;;;;;;;
7683834;TERRITOIRE;FT 93029/464;7683834;;OR16;OR16;OR19;OR19;;OCC;MCO;OK;04/03/2024;;E;C;T;;OHN;;;;;;;;;;;;;;;;
7830099;TERRITOIRE;FT 92019/945;7830099;;OR16;OR16;OR19;OR19;;OCC;MCO;OK;02/04/2024;;E;C;I;;L2T;;;;;;;;;;;;;;;;
7800364;TERRITOIRE;FT 92020/1026;7800364;;OR16;OR16;OR19;OR19;;OCC;MCO;OK;26/03/2024;;E;C;I;;S4T;;;;;;;;;;;;;;;;
7829439;TERRITOIRE;FT 92019/1111;7829439;;OR16;OR16;OR19;OR19;;OCC;MCO;OK;02/04/2024;;E;C;I;;L2T;;;;;;;;;;;;;;;;
7649280;TERRITOIRE;FT 92078/180;7649280;;OR16;OR16;OR19;OR19;;OCC;MCO;OK;26/02/2024;;E;C;T;;U4T;;;;;;;;;;;;;;;;
7838084;TERRITOIRE;FT 92025/1097;7838084;;OR16;OR16;OR19;OR19;;OCC;MCO;OK;04/04/2024;;E;C;I;;S3T;;;;;;;;;;;;;;;;
7883514;TERRITOIRE;FT 78646/4623;7883514;;OR16;OR16;OR19;OR19;;OCC;MCO;OK;18/04/2024;;E;C;I;;OHN;;;;;;;;;;;;;;;;
7795866;TERRITOIRE;FT 93048/1704;7795866;;OR16;OR16;OR19;OR19;;OCC;MCO;OK;25/03/2024;;E;C;I;;OHN;;;;;;;;;;;;;;;;
7904953;TERRITOIRE;FT 92051/1242;7904953;;OR16;OR16;OR19;OR19;;OCC;MCO;OK;23/04/2024;;E;C;I;;S5T;;;;;;;;;;;;;;;;
7646387;TERRITOIRE;FT 93007/1170;7646387;;OR16;OR16;OR19;OR19;;OCC;MCO;OK;23/02/2024;;E;C;T;;OHN;;;;;;;;;;;;;;;;
7777209;TERRITOIRE;FT 92002/1110;7777209;;OR16;OR16;OR19;OR19;;OCC;MCO;OK;20/03/2024;;E;C;T;;S3T;;;;;;;;;;;;;;;;
7861477;TERRITOIRE;FT 94076/849;7861477;;OR16;OR16;OR19;OR19;;OCC;MCO;OK;12/04/2024;;E;C;I;;L4T;;;;;;;;;;;;;;;;
7698880;TERRITOIRE;FT 92020/751;7698880;;OR16;OR16;OR19;OR19;;OCC;MCO;OK;06/03/2024;;E;C;T;;S3T;;;;;;;;;;;;;;;;
7991694;TERRITOIRE;FT 93010/14;7991694;;OR16;OR16;OR19;OR19;;OCC;MCO;OK;13/05/2024;;E;C;I;;A2;;;;;;;;;;;;;;;;
7637425;TERRITOIRE;FT 94052/265;7637425;;OR16;OR16;OR19;OR19;;OCC;MCO;OK;22/02/2024;;E;C;T;;OHN;;;;;;;;;;;;;;;;
7827257;TERRITOIRE;FT 92046/1253;7827257;;OR16;OR16;OR19;OR19;;OCC;MCO;OK;02/04/2024;;E;C;I;;L1T;;;;;;;;;;;;;;;;
7991031;TERRITOIRE;FT 93057/714;7991031;;OR16;OR16;OR19;OR19;;OCC;MCO;OK;13/05/2024;;E;C;I;;U6T;;;;;;;;;;;;;;;;
7549753;TERRITOIRE;FT 92036/640;7549753;;OR16;OR16;OR19;OR19;;OCC;MCO;OK;06/02/2024;;E;C;T;;S3T;;;;;;;;;;;;;;;;
7838136;TERRITOIRE;FT 92009/904;7838136;;OR16;OR16;OR19;OR19;;OCC;MCO;OK;04/04/2024;;E;C;I;;L2T;;;;;;;;;;;;;;;;
7615989;TERRITOIRE;FT 93070/640;7615989;;OR16;OR16;OR19;OR19;;OCC;MCO;OK;16/02/2024;;E;C;T;;OHN;;;;;;;;;;;;;;;;
7596168;TERRITOIRE;FT 94017/2259;7596168;;OR16;OR16;OR19;OR19;;OCC;MCO;OK;13/02/2024;;E;C;T;;OHN;;;;;;;;;;;;;;;;
7837434;TERRITOIRE;FT 92025/391;7837434;;OR16;OR16;OR19;OR19;;OCC;MCO;OK;04/04/2024;;E;C;I;;L4T;;;;;;;;;;;;;;;;
7904958;TERRITOIRE;FT 92051/513;7904958;;OR16;OR16;OR19;OR19;;OCC;MCO;OK;23/04/2024;;E;C;I;;V6T;;;;;;;;;;;;;;;;
7750409;TERRITOIRE;FT 94028/1702;7750409;;OR16;OR16;OR19;OR19;;OCC;MCO;OK;15/03/2024;;E;C;T;;L6T;;;;;;;;;;;;;;;;
7926398;TERRITOIRE;FT 94038/679;7926398;;OR16;OR16;OR19;OR19;;OCC;MCO;OK;26/04/2024;;E;C;I;;L0T;;;;;;;;;;;;;;;;
7630202;TERRITOIRE;FT 93048/3406;7630202;;OR16;OR16;OR19;OR19;;OCC;MCO;OK;21/02/2024;;E;C;T;;S1T;;;;;;;;;;;;;;;;
7837758;TERRITOIRE;FT 92025/234;7837758;;OR16;OR16;OR19;OR19;;OCC;MCO;OK;04/04/2024;;E;C;I;;U6T;;;;;;;;;;;;;;;;
7651585;TERRITOIRE;FT 92036/1256;7651585;;OR16;OR16;OR19;OR19;;OCC;MCO;OK;26/02/2024;;E;C;T;;OHN;;;;;;;;;;;;;;;;
7905906;TERRITOIRE;FT 92051/222;7905906;;OR16;OR16;OR19;OR19;;OCC;MCO;OK;23/04/2024;;E;C;I;;S3T;;;;;;;;;;;;;;;;
7566451;TERRITOIRE;FT 93005/1931;7566451;;OR16;OR16;OR19;OR19;;OCC;MCO;OK;08/02/2024;;E;C;T;;A2;;;;;;;;;;;;;;;;
7651511;TERRITOIRE;FT 92078/48;7651511;;OR16;OR16;OR19;OR19;;OCC;MCO;OK;26/02/2024;;E;C;T;;S3T;;;;;;;;;;;;;;;;
7963536;TERRITOIRE;FT 94043/173;7963536;;OR16;OR16;OR19;OR19;;OCC;MCO;OK;06/05/2024;;E;C;I;;OHN;;;;;;;;;;;;;;;;
7692482;TERRITOIRE;FT 92007/363;7692482;;OR16;OR16;OR19;OR19;;OCC;MCO;OK;05/03/2024;;E;C;T;;L2T;;;;;;;;;;;;;;;;
7690271;TERRITOIRE;FT 92007/412;7690271;;OR16;OR16;OR19;OR19;;OCC;MCO;OK;05/03/2024;;E;C;T;;S1T;;;;;;;;;;;;;;;;
7838418;TERRITOIRE;FT 92025/1338;7838418;;OR16;OR16;OR19;OR19;;OCC;MCO;OK;04/04/2024;;E;C;I;;S4T;;;;;;;;;;;;;;;;
7605759;TERRITOIRE;FT 92026/101;7605759;;OR16;OR16;OR19;OR19;;OCC;MCO;OK;14/02/2024;;E;C;T;;L2T;;;;;;;;;;;;;;;;
7832636;TERRITOIRE;FT 94017/1579;7832636;;OR16;OR16;OR19;OR19;;OCC;MCO;OK;03/04/2024;;E;C;I;;OHN;;;;;;;;;;;;;;;;
7651583;TERRITOIRE;FT 92036/1244;7651583;;OR16;OR16;OR19;OR19;;OCC;MCO;OK;26/02/2024;;E;C;T;;V6T;;;;;;;;;;;;;;;;
7620481;TERRITOIRE;FT 93048/175;7620481;;OR16;OR16;OR19;OR19;;OCC;MCO;OK;19/02/2024;;E;C;T;;S3T;;;;;;;;;;;;;;;;
7761320;TERRITOIRE;FT 93010/918;7761320;;OR16;OR16;OR19;OR19;;OCC;MCO;OK;18/03/2024;;E;C;T;;OHN;;;;;;;;;;;;;;;;
7832950;TERRITOIRE;FT 94017/2110;7832950;;OR16;OR16;OR19;OR19;;OCC;MCO;OK;03/04/2024;;E;C;I;;L3T;;;;;;;;;;;;;;;;
7906227;TERRITOIRE;FT 92051/233;7906227;;OR16;OR16;OR19;OR19;;OCC;MCO;OK;23/04/2024;;E;C;I;;U4T;;;;;;;;;;;;;;;;
7605748;TERRITOIRE;FT 92025/1112;7605748;;OR16;OR16;OR19;OR19;;OCC;MCO;OK;14/02/2024;;E;C;T;;OHN;;;;;;;;;;;;;;;;
8201907;TERRITOIRE;FT 92019/913;8201907;;OR16;OR16;OR19;OR19;;OCC;MCO;OK;19/06/2024;;E;C;I;;NC;;;;;;;;;;;;;;;;
7679679;TERRITOIRE;FT 93029/1623;7679679;;OR16;OR16;OR19;OR19;;OCC;MCO;OK;04/03/2024;;E;C;T;;S4T;;;;;;;;;;;;;;;;
7630072;TERRITOIRE;FT 93064/1656;7630072;;OR16;OR16;OR19;OR19;;OCC;MCO;OK;21/02/2024;;E;C;T;;OHN;;;;;;;;;;;;;;;;
7798455;TERRITOIRE;FT 92020/231;7798455;;OR16;OR16;OR19;OR19;;OCC;MCO;OK;25/03/2024;;E;C;I;;S3T;;;;;;;;;;;;;;;;
7827211;TERRITOIRE;FT 92046/569;7827211;;OR16;OR16;OR19;OR19;;OCC;MCO;OK;02/04/2024;;E;C;I;;L2T;;;;;;;;;;;;;;;;
7651543;TERRITOIRE;FT 92036/1204;7651543;;OR16;OR16;OR19;OR19;;OCC;MCO;OK;26/02/2024;;E;C;T;;L5T;;;;;;;;;;;;;;;;
7991357;TERRITOIRE;FT 93077/261;7991357;;OR16;OR16;OR19;OR19;;OCC;MCO;OK;13/05/2024;;E;C;I;;U4T;;;;;;;;;;;;;;;;
7609965;TERRITOIRE;FT 92004/702;7609965;;OR16;OR16;OR19;OR19;;OCC;MCO;OK;15/02/2024;;E;C;T;;U5T;;;;;;;;;;;;;;;;
7630122;TERRITOIRE;FT 93064/1459;7630122;;OR16;OR16;OR19;OR19;;OCC;MCO;OK;21/02/2024;;E;C;T;;OHN;;;;;;;;;;;;;;;;
7607434;TERRITOIRE;FT 92026/488;7607434;;OR16;OR16;OR19;OR19;;OCC;MCO;OK;14/02/2024;;E;C;T;;S4T;;;;;;;;;;;;;;;;
7630088;TERRITOIRE;FT 93064/1619;7630088;;OR16;OR16;OR19;OR19;;OCC;MCO;OK;21/02/2024;;E;C;T;;OHN;;;;;;;;;;;;;;;;
7855717;TERRITOIRE;FT 92060/503;7855717;;OR16;OR16;OR19;OR19;;OCC;MCO;OK;10/04/2024;;E;C;I;;L1T;;;;;;;;;;;;;;;;
7600625;TERRITOIRE;FT 92044/194;7600625;;OR16;OR16;OR19;OR19;;OCC;MCO;OK;13/02/2024;;E;C;T;;L2T;;;;;;;;;;;;;;;;
7859397;TERRITOIRE;FT 94068/2656;7859397;;OR16;OR16;OR19;OR19;;OCC;MCO;OK;11/04/2024;;E;C;I;;OHN;;;;;;;;;;;;;;;;
7600646;TERRITOIRE;FT 92044/547;7600646;;OR16;OR16;OR19;OR19;;OCC;MCO;OK;13/02/2024;;E;C;T;;L6T;;;;;;;;;;;;;;;;
7777210;TERRITOIRE;FT 92002/1205;7777210;;OR16;OR16;OR19;OR19;;OCC;MCO;OK;20/03/2024;;E;C;T;;L2T;;;;;;;;;;;;;;;;
7948808;TERRITOIRE;FT 93053/846;7948808;;OR16;OR16;OR19;OR19;;OCC;MCO;OK;02/05/2024;;E;C;I;;OHN;;;;;;;;;;;;;;;;
7782709;TERRITOIRE;FT 92032/277;7782709;;OR16;OR16;OR19;OR19;;OCC;MCO;OK;21/03/2024;;E;C;I;;S3T;;;;;;;;;;;;;;;;
7645438;TERRITOIRE;FT 93007/1875;7645438;;OR16;OR16;OR19;OR19;;OCC;MCO;OK;23/02/2024;;E;C;T;;D3;;;;;;;;;;;;;;;;
7716152;TERRITOIRE;FT 94016/86;7716152;;OR16;OR16;OR19;OR19;;OCC;MCO;OK;11/03/2024;;E;C;T;;S6T;;;;;;;;;;;;;;;;
7600654;TERRITOIRE;FT 92044/40;7600654;;OR16;OR16;OR19;OR19;;OCC;MCO;OK;13/02/2024;;E;C;T;;S4T;;;;;;;;;;;;;;;;
7604796;TERRITOIRE;FT 92025/1351;7604796;;OR16;OR16;OR19;OR19;;OCC;MCO;OK;14/02/2024;;E;C;T;;S3T;;;;;;;;;;;;;;;;
7973774;TERRITOIRE;FT 95063/409;7973774;;OR16;OR16;OR19;OR19;;OCC;MCO;OK;07/05/2024;;E;C;I;;OHN;;;;;;;;;;;;;;;;
7616005;TERRITOIRE;FT 93070/714;7616005;;OR16;OR16;OR19;OR19;;OCC;MCO;OK;16/02/2024;;E;C;T;;S4T;;;;;;;;;;;;;;;;
7837764;TERRITOIRE;FT 92025/839;7837764;;OR16;OR16;OR19;OR19;;OCC;MCO;OK;04/04/2024;;E;C;I;;L3T;;;;;;;;;;;;;;;;
7861481;TERRITOIRE;FT 94081/947;7861481;;OR16;OR16;OR19;OR19;;OCC;MCO;OK;12/04/2024;;E;C;I;;OHN;;;;;;;;;;;;;;;;
7829430;TERRITOIRE;FT 92019/56;7829430;;OR16;OR16;OR19;OR19;;OCC;MCO;OK;02/04/2024;;E;C;I;;U5T;;;;;;;;;;;;;;;;
7603521;TERRITOIRE;FT 92050/1878;7603521;;OR16;OR16;OR19;OR19;;OCC;MCO;OK;14/02/2024;;E;C;T;;P1T;;;;;;;;;;;;;;;;
7602238;TERRITOIRE;FT 92050/1872;7602238;;OR16;OR16;OR19;OR19;;OCC;MCO;OK;14/02/2024;;E;C;T;;L4T;;;;;;;;;;;;;;;;
7511349;TERRITOIRE;FT 93059/227;7511349;;OR16;OR16;OR19;OR19;;OCC;MCO;OK;30/01/2024;;E;C;T;;OHN;;;;;;;;;;;;;;;;
7855702;TERRITOIRE;FT 92019/15;7855702;;OR16;OR16;OR19;OR19;;OCC;MCO;OK;10/04/2024;;E;C;I;;V7T;;;;;;;;;;;;;;;;
7819863;TERRITOIRE;FT 94081/1538;7819863;;OR16;OR16;OR19;OR19;;OCC;MCO;OK;28/03/2024;;E;C;I;;L3T;;;;;;;;;;;;;;;;
7850227;TERRITOIRE;FT 94022/864;7850227;;OR16;OR16;OR19;OR19;;OCC;MCO;OK;08/04/2024;;E;C;I;;L4T;;;;;;;;;;;;;;;;
7827237;TERRITOIRE;FT 92046/661;7827237;;OR16;OR16;OR19;OR19;;OCC;MCO;OK;02/04/2024;;E;C;I;;L2T;;;;;;;;;;;;;;;;
7926395;TERRITOIRE;FT 94076/9;7926395;;OR16;OR16;OR19;OR19;;OCC;MCO;OK;26/04/2024;;E;C;I;;L3T;;;;;;;;;;;;;;;;
7876828;TERRITOIRE;FT 92022/530;7876828;;OR16;OR16;OR19;OR19;;OCC;MCO;OK;17/04/2024;;E;C;I;;A2;;;;;;;;;;;;;;;;
7906233;TERRITOIRE;FT 92051/911;7906233;;OR16;OR16;OR19;OR19;;OCC;MCO;OK;23/04/2024;;E;C;I;;S1T;;;;;;;;;;;;;;;;
7994577;TERRITOIRE;FT 93057/739;7994577;;OR16;OR16;OR19;OR19;;OCC;MCO;OK;13/05/2024;;E;C;I;;OHN;;;;;;;;;;;;;;;;
7833599;TERRITOIRE;FT 94017/2156;7833599;;OR16;OR16;OR19;OR19;;OCC;MCO;OK;03/04/2024;;E;C;I;;L2T;;;;;;;;;;;;;;;;
7899835;TERRITOIRE;FT 78646/5410;7899835;;OR16;OR16;OR19;OR19;;OCC;MCO;OK;23/04/2024;;E;C;I;;A2;;;;;;;;;;;;;;;;
7838127;TERRITOIRE;FT 92009/218;7838127;;OR16;OR16;OR19;OR19;;OCC;MCO;OK;04/04/2024;;E;C;I;;S5T;;;;;;;;;;;;;;;;
7850307;TERRITOIRE;FT 94022/741;7850307;;OR16;OR16;OR19;OR19;;OCC;MCO;OK;08/04/2024;;E;C;I;;L4T;;;;;;;;;;;;;;;;
7905283;TERRITOIRE;FT 92051/414;7905283;;OR16;OR16;OR19;OR19;;OCC;MCO;OK;23/04/2024;;E;C;I;;V7T;;;;;;;;;;;;;;;;
7877105;TERRITOIRE;FT 92012/2165;7877105;;OR16;OR16;OR19;OR19;;OCC;MCO;OK;17/04/2024;;E;C;I;;S3T;;;;;;;;;;;;;;;;
7607447;TERRITOIRE;FT 92026/44;7607447;;OR16;OR16;OR19;OR19;;OCC;MCO;OK;14/02/2024;;E;C;T;;K2C;;;;;;;;;;;;;;;;
7915861;TERRITOIRE;FT 94018/65;7915861;;OR16;OR16;OR19;OR19;;OCC;MCO;OK;24/04/2024;;E;C;I;;OHN;;;;;;;;;;;;;;;;
7514226;TERRITOIRE;FT 93055/202;7514226;;OR16;OR16;OR19;OR19;;OCC;MCO;OK;30/01/2024;;E;C;T;;OHN;;;;;;;;;;;;;;;;
7620495;TERRITOIRE;FT 93006/178;7620495;;OR16;OR16;OR19;OR19;;OCC;MCO;OK;19/02/2024;;E;C;T;;S4T;;;;;;;;;;;;;;;;
7912658;TERRITOIRE;FT 94077/472;7912658;;OR16;OR16;OR19;OR19;;OCC;MCO;OK;24/04/2024;;E;C;I;;L3T;;;;;;;;;;;;;;;;
7811839;TERRITOIRE;FT 94054/678;7811839;;OR16;OR16;OR19;OR19;;OCC;MCO;OK;27/03/2024;;E;C;I;;P1T;;;;;;;;;;;;;;;;
7912656;TERRITOIRE;FT 94077/375;7912656;;OR16;OR16;OR19;OR19;;OCC;MCO;OK;24/04/2024;;E;C;I;;L5T;;;;;;;;;;;;;;;;
7630164;TERRITOIRE;FT 93064/1996;7630164;;OR16;OR16;OR19;OR19;;OCC;MCO;OK;21/02/2024;;E;C;T;;L2T;;;;;;;;;;;;;;;;
7630119;TERRITOIRE;FT 93064/1397;7630119;;OR16;OR16;OR19;OR19;;OCC;MCO;OK;21/02/2024;;E;C;T;;U7T;;;;;;;;;;;;;;;;
7915844;TERRITOIRE;FT 94018/89;7915844;;OR16;OR16;OR19;OR19;;OCC;MCO;OK;24/04/2024;;E;C;I;;OHN;;;;;;;;;;;;;;;;
7553632;TERRITOIRE;FT 92036/947;7553632;;OR16;OR16;OR19;OR19;;OCC;MCO;OK;06/02/2024;;E;C;T;;S4T;;;;;;;;;;;;;;;;
7789187;TERRITOIRE;FT 93039/28;7789187;;OR16;OR16;OR19;OR19;;OCC;MCO;OK;22/03/2024;;E;C;I;;S3T;;;;;;;;;;;;;;;;
7811842;TERRITOIRE;FT 94081/1280;7811842;;OR16;OR16;OR19;OR19;;OCC;MCO;OK;27/03/2024;;E;C;I;;L4T;;;;;;;;;;;;;;;;
7719994;TERRITOIRE;FT 92046/123;7719994;;OR16;OR16;OR19;OR19;;OCC;MCO;OK;11/03/2024;;E;C;T;;S4T;;;;;;;;;;;;;;;;
7654792;TERRITOIRE;FT 93010/1032;7654792;;OR16;OR16;OR19;OR19;;OCC;MCO;OK;27/02/2024;;E;C;T;;OHN;;;;;;;;;;;;;;;;
7619851;TERRITOIRE;FT 93031/1283;7619851;;OR16;OR16;OR19;OR19;;OCC;MCO;OK;19/02/2024;;E;C;T;;L4T;;;;;;;;;;;;;;;;
7832956;TERRITOIRE;FT 94017/2554;7832956;;OR16;OR16;OR19;OR19;;OCC;MCO;OK;03/04/2024;;E;C;I;;OHN;;;;;;;;;;;;;;;;
7542710;TERRITOIRE;FT 92024/191;7542710;;OR16;OR16;OR19;OR19;;OCC;MCO;OK;02/02/2024;;E;C;T;;S4T;;;;;;;;;;;;;;;;
7899851;TERRITOIRE;FT 78646/5172;7899851;;OR16;OR16;OR19;OR19;;OCC;MCO;OK;23/04/2024;;E;C;I;;A2B;;;;;;;;;;;;;;;;
7991672;TERRITOIRE;FT 93077/584;7991672;;OR16;OR16;OR19;OR19;;OCC;MCO;OK;13/05/2024;;E;C;I;;L1T;;;;;;;;;;;;;;;;
7796168;TERRITOIRE;FT 93048/2295;7796168;;OR16;OR16;OR19;OR19;;OCC;MCO;OK;25/03/2024;;E;C;I;;OHN;;;;;;;;;;;;;;;;
7553651;TERRITOIRE;FT 92036/388;7553651;;OR16;OR16;OR19;OR19;;OCC;MCO;OK;06/02/2024;;E;C;T;;S4T;;;;;;;;;;;;;;;;
7859402;TERRITOIRE;FT 94068/2077;7859402;;OR16;OR16;OR19;OR19;;OCC;MCO;OK;11/04/2024;;E;C;I;;OHN;;;;;;;;;;;;;;;;
7616006;TERRITOIRE;FT 93070/633;7616006;;OR16;OR16;OR19;OR19;;OCC;MCO;OK;16/02/2024;;E;C;T;;OHN;;;;;;;;;;;;;;;;
7615027;TERRITOIRE;FT 93048/3025;7615027;;OR16;OR16;OR19;OR19;;OCC;MCO;OK;16/02/2024;;E;C;T;;L3T;;;;;;;;;;;;;;;;
7912701;TERRITOIRE;FT 94077/579;7912701;;OR16;OR16;OR19;OR19;;OCC;MCO;OK;24/04/2024;;E;C;I;;L6T;;;;;;;;;;;;;;;;
7827208;TERRITOIRE;FT 92046/511;7827208;;OR16;OR16;OR19;OR19;;OCC;MCO;OK;02/04/2024;;E;C;I;;L2T;;;;;;;;;;;;;;;;
7912725;TERRITOIRE;FT 94077/619;7912725;;OR16;OR16;OR19;OR19;;OCC;MCO;OK;24/04/2024;;E;C;I;;L4T;;;;;;;;;;;;;;;;
7714634;TERRITOIRE;FT 92004/499;7714634;;OR16;OR16;OR19;OR19;;OCC;MCO;OK;08/03/2024;;E;C;T;;S5T;;;;;;;;;;;;;;;;
7761343;TERRITOIRE;FT 93057/439;7761343;;OR16;OR16;OR19;OR19;;OCC;MCO;OK;18/03/2024;;E;C;T;;OHN;;;;;;;;;;;;;;;;
7602239;TERRITOIRE;FT 92050/1875;7602239;;OR16;OR16;OR19;OR19;;OCC;MCO;OK;14/02/2024;;E;C;T;;S4T;;;;;;;;;;;;;;;;
7912645;TERRITOIRE;FT 94077/1228;7912645;;OR16;OR16;OR19;OR19;;OCC;MCO;OK;24/04/2024;;E;C;I;;L2T;;;;;;;;;;;;;;;;
7859236;TERRITOIRE;FT 94068/183;7859236;;OR16;OR16;OR19;OR19;;OCC;MCO;OK;11/04/2024;;E;C;I;;OHN;;;;;;;;;;;;;;;;
7568650;TERRITOIRE;FT 94002/541;7568650;;OR16;OR16;OR19;OR19;;OCC;MCO;OK;08/02/2024;;E;C;T;;U6T;;;;;;;;;;;;;;;;
7963521;TERRITOIRE;FT 94034/404;7963521;;OR16;OR16;OR19;OR19;;OCC;MCO;OK;06/05/2024;;E;C;I;;L2T;;;;;;;;;;;;;;;;
8005760;TERRITOIRE;FT 94058/256;8005760;;OR16;OR16;OR19;OR19;;OCC;MCO;OK;15/05/2024;;E;C;I;;OHN;;;;;;;;;;;;;;;;
7651514;TERRITOIRE;FT 92078/49;7651514;;OR16;OR16;OR19;OR19;;OCC;MCO;OK;26/02/2024;;E;C;T;;OHN;;;;;;;;;;;;;;;;
7530553;TERRITOIRE;FT 93077/132;7530553;;OR16;OR16;OR19;OR19;;OCC;MCO;OK;01/02/2024;;E;C;T;;A2;;;;;;;;;;;;;;;;
7859322;TERRITOIRE;FT 94068/2294;7859322;;OR16;OR16;OR19;OR19;;OCC;MCO;OK;11/04/2024;;E;C;I;;OHN;;;;;;;;;;;;;;;;
7530556;TERRITOIRE;FT 93077/130;7530556;;OR16;OR16;OR19;OR19;;OCC;MCO;OK;01/02/2024;;E;C;T;;A2;;;;;;;;;;;;;;;;
7626555;TERRITOIRE;FT 93031/578;7626555;;OR16;OR16;OR19;OR19;;OCC;MCO;OK;21/02/2024;;E;C;T;;OHN;;;;;;;;;;;;;;;;
7887668;TERRITOIRE;FT 92073/710;7887668;;OR16;OR16;OR19;OR19;;OCC;MCO;OK;19/04/2024;;E;C;I;;S3T;;;;;;;;;;;;;;;;
7572158;TERRITOIRE;FT 94046/1024;7572158;;OR16;OR16;OR19;OR19;;OCC;MCO;OK;09/02/2024;;E;C;T;;OHN;;;;;;;;;;;;;;;;
7798457;TERRITOIRE;FT 92023/2425;7798457;;OR16;OR16;OR19;OR19;;OCC;MCO;OK;25/03/2024;;E;C;I;;S4T;;;;;;;;;;;;;;;;
7973763;TERRITOIRE;FT 95063/767;7973763;;OR16;OR16;OR19;OR19;;OCC;MCO;OK;07/05/2024;;E;C;I;;OHN;;;;;;;;;;;;;;;;
7651589;TERRITOIRE;FT 92036/1261;7651589;;OR16;OR16;OR19;OR19;;OCC;MCO;OK;26/02/2024;;E;C;T;;S3T;;;;;;;;;;;;;;;;
7719986;TERRITOIRE;FT 94003/580;7719986;;OR16;OR16;OR19;OR19;;OCC;MCO;OK;11/03/2024;;E;C;T;;S3T;;;;;;;;;;;;;;;;
7827210;TERRITOIRE;FT 92046/568;7827210;;OR16;OR16;OR19;OR19;;OCC;MCO;OK;02/04/2024;;E;C;I;;OHN;;;;;;;;;;;;;;;;
7654733;TERRITOIRE;FT 93008/45;7654733;;OR16;OR16;OR19;OR19;;OCC;MCO;OK;27/02/2024;;E;C;T;;OHN;;;;;;;;;;;;;;;;
7683544;TERRITOIRE;FT 93029/1552;7683544;;OR16;OR16;OR19;OR19;;OCC;MCO;OK;04/03/2024;;E;C;T;;L2T;;;;;;;;;;;;;;;;
7798409;TERRITOIRE;FT 92023/1894;7798409;;OR16;OR16;OR19;OR19;;OCC;MCO;OK;25/03/2024;;E;C;I;;OHN;;;;;;;;;;;;;;;;
7861426;TERRITOIRE;FT 94081/2221;7861426;;OR16;OR16;OR19;OR19;;OCC;MCO;OK;12/04/2024;;E;C;I;;L2T;;;;;;;;;;;;;;;;
7883536;TERRITOIRE;FT 78646/4481;7883536;;OR16;OR16;OR19;OR19;;OCC;MCO;OK;18/04/2024;;E;C;I;;OHN;;;;;;;;;;;;;;;;
7683531;TERRITOIRE;FT 93029/888;7683531;;OR16;OR16;OR19;OR19;;OCC;MCO;OK;04/03/2024;;E;C;T;;OHN;;;;;;;;;;;;;;;;
7566414;TERRITOIRE;FT 93046/632;7566414;;OR16;OR16;OR19;OR19;;OCC;MCO;OK;08/02/2024;;E;C;T;;OHN;;;;;;;;;;;;;;;;
7519679;TERRITOIRE;FT 94033/540;7519679;;OR16;OR16;OR19;OR19;;OCC;MCO;OK;31/01/2024;;E;C;T;;OHN;;;;;;;;;;;;;;;;
7798418;TERRITOIRE;FT 92020/782;7798418;;OR16;OR16;OR19;OR19;;OCC;MCO;OK;25/03/2024;;E;C;I;;U4T;;;;;;;;;;;;;;;;
7829438;TERRITOIRE;FT 92019/1110;7829438;;OR16;OR16;OR19;OR19;;OCC;MCO;OK;02/04/2024;;E;C;I;;L3T;;;;;;;;;;;;;;;;
7798443;TERRITOIRE;FT 92023/2949;7798443;;OR16;OR16;OR19;OR19;;OCC;MCO;OK;25/03/2024;;E;C;I;;L3T;;;;;;;;;;;;;;;;
7861456;TERRITOIRE;FT 94081/584;7861456;;OR16;OR16;OR19;OR19;;OCC;MCO;OK;12/04/2024;;E;C;I;;L3T;;;;;;;;;;;;;;;;
7630173;TERRITOIRE;FT 93064/1733;7630173;;OR16;OR16;OR19;OR19;;OCC;MCO;OK;21/02/2024;;E;C;T;;OHN;;;;;;;;;;;;;;;;
7761327;TERRITOIRE;FT 93057/438;7761327;;OR16;OR16;OR19;OR19;;OCC;MCO;OK;18/03/2024;;E;C;T;;OHN;;;;;;;;;;;;;;;;
7991708;TERRITOIRE;FT 93010/11;7991708;;OR16;OR16;OR19;OR19;;OCC;MCO;OK;13/05/2024;;E;C;I;;OHN;;;;;;;;;;;;;;;;
7777203;TERRITOIRE;FT 92002/651;7777203;;OR16;OR16;OR19;OR19;;OCC;MCO;OK;20/03/2024;;E;C;T;;S3T;;;;;;;;;;;;;;;;
7856654;TERRITOIRE;FT 92019/897;7856654;;OR16;OR16;OR19;OR19;;OCC;MCO;OK;10/04/2024;;E;C;I;;S3T;;;;;;;;;;;;;;;;
7651535;TERRITOIRE;FT 92036/1196;7651535;;OR16;OR16;OR19;OR19;;OCC;MCO;OK;26/02/2024;;E;C;T;;OHN;;;;;;;;;;;;;;;;
7827224;TERRITOIRE;FT 92046/795;7827224;;OR16;OR16;OR19;OR19;;OCC;MCO;OK;02/04/2024;;E;C;I;;OHN;;;;;;;;;;;;;;;;
7859256;TERRITOIRE;FT 94068/2366;7859256;;OR16;OR16;OR19;OR19;;OCC;MCO;OK;11/04/2024;;E;C;I;;OHN;;;;;;;;;;;;;;;;
7750394;TERRITOIRE;FT 94028/1953;7750394;;OR16;OR16;OR19;OR19;;OCC;MCO;OK;15/03/2024;;E;C;T;;P6C;;;;;;;;;;;;;;;;
7850288;TERRITOIRE;FT 94022/705;7850288;;OR16;OR16;OR19;OR19;;OCC;MCO;OK;08/04/2024;;E;C;I;;L4T;;;;;;;;;;;;;;;;
7654794;TERRITOIRE;FT 93010/1452;7654794;;OR16;OR16;OR19;OR19;;OCC;MCO;OK;27/02/2024;;E;C;T;;OHN;;;;;;;;;;;;;;;;
7871370;TERRITOIRE;FT 94052/765;7871370;;OR16;OR16;OR19;OR19;;OCC;MCO;OK;16/04/2024;;E;C;I;;OHN;;;;;;;;;;;;;;;;
7607458;TERRITOIRE;FT 92026/213;7607458;;OR16;OR16;OR19;OR19;;OCC;MCO;OK;14/02/2024;;E;C;T;;S3T;;;;;;;;;;;;;;;;
7837456;TERRITOIRE;FT 92025/852;7837456;;OR16;OR16;OR19;OR19;;OCC;MCO;OK;04/04/2024;;E;C;I;;L3T;;;;;;;;;;;;;;;;
7871759;TERRITOIRE;FT 92073/41;7871759;;OR16;OR16;OR19;OR19;;OCC;MCO;OK;16/04/2024;;E;C;I;;OHN;;;;;;;;;;;;;;;;
7603536;TERRITOIRE;FT 92050/1891;7603536;;OR16;OR16;OR19;OR19;;OCC;MCO;OK;14/02/2024;;E;C;T;;L5T;;;;;;;;;;;;;;;;
8000311;TERRITOIRE;FT 94033/1459;8000311;;OR16;OR16;OR19;OR19;;OCC;MCO;OK;15/05/2024;;E;C;I;;OHN;;;;;;;;;;;;;;;;
7568337;TERRITOIRE;FT 94015/443;7568337;;OR16;OR16;OR19;OR19;;OCC;MCO;OK;08/02/2024;;E;C;T;;S4T;;;;;;;;;;;;;;;;
7838143;TERRITOIRE;FT 92009/879;7838143;;OR16;OR16;OR19;OR19;;OCC;MCO;OK;04/04/2024;;E;C;I;;S4T;;;;;;;;;;;;;;;;
7837436;TERRITOIRE;FT 92025/396;7837436;;OR16;OR16;OR19;OR19;;OCC;MCO;OK;04/04/2024;;E;C;I;;S3T;;;;;;;;;;;;;;;;
7803190;TERRITOIRE;FT 92020/874;7803190;;OR16;OR16;OR19;OR19;;OCC;MCO;OK;26/03/2024;;E;C;I;;OHN;;;;;;;;;;;;;;;;
7565756;TERRITOIRE;FT 94015/324;7565756;;OR16;OR16;OR19;OR19;;OCC;MCO;OK;08/02/2024;;E;C;T;;OHN;;;;;;;;;;;;;;;;
7630083;TERRITOIRE;FT 93049/204;7630083;;OR16;OR16;OR19;OR19;;OCC;MCO;OK;21/02/2024;;E;C;T;;OHN;;;;;;;;;;;;;;;;
7543028;TERRITOIRE;FT 93066/2162;7543028;;OR16;OR16;OR19;OR19;;OCC;MCO;OK;02/02/2024;;E;C;T;;S4T;;;;;;;;;;;;;;;;
7761288;TERRITOIRE;FT 93010/936;7761288;;OR16;OR16;OR19;OR19;;OCC;MCO;OK;18/03/2024;;E;C;T;;OHN;;;;;;;;;;;;;;;;
7790386;TERRITOIRE;FT 93010/1051;7790386;;OR16;OR16;OR19;OR19;;OCC;MCO;OK;22/03/2024;;E;C;I;;OHN;;;;;;;;;;;;;;;;
7991376;TERRITOIRE;FT 93077/682;7991376;;OR16;OR16;OR19;OR19;;OCC;MCO;OK;13/05/2024;;E;C;I;;OHN;;;;;;;;;;;;;;;;
7553647;TERRITOIRE;FT 92036/966;7553647;;OR16;OR16;OR19;OR19;;OCC;MCO;OK;06/02/2024;;E;C;T;;L2T;;;;;;;;;;;;;;;;
7637430;TERRITOIRE;FT 94033/404;7637430;;OR16;OR16;OR19;OR19;;OCC;MCO;OK;22/02/2024;;E;C;T;;OHN;;;;;;;;;;;;;;;;
7654736;TERRITOIRE;FT 93008/44;7654736;;OR16;OR16;OR19;OR19;;OCC;MCO;OK;27/02/2024;;E;C;T;;OHN;;;;;;;;;;;;;;;;
7694388;TERRITOIRE;FT 92007/36;7694388;;OR16;OR16;OR19;OR19;;OCC;MCO;OK;06/03/2024;;E;C;T;;OHN;;;;;;;;;;;;;;;;
7542709;TERRITOIRE;FT 92024/67;7542709;;OR16;OR16;OR19;OR19;;OCC;MCO;OK;02/02/2024;;E;C;T;;S5T;;;;;;;;;;;;;;;;
7912714;TERRITOIRE;FT 94077/675;7912714;;OR16;OR16;OR19;OR19;;OCC;MCO;OK;24/04/2024;;E;C;I;;OHN;;;;;;;;;;;;;;;;
7859185;TERRITOIRE;FT 94068/2725;7859185;;OR16;OR16;OR19;OR19;;OCC;MCO;OK;11/04/2024;;E;C;I;;OHN;;;;;;;;;;;;;;;;
7838107;TERRITOIRE;FT 92025/110;7838107;;OR16;OR16;OR19;OR19;;OCC;MCO;OK;04/04/2024;;E;C;I;;S3T;;;;;;;;;;;;;;;;
7649279;TERRITOIRE;FT 92078/233;7649279;;OR16;OR16;OR19;OR19;;OCC;MCO;OK;26/02/2024;;E;C;T;;S4T;;;;;;;;;;;;;;;;
7651601;TERRITOIRE;FT 92036/1217;7651601;;OR16;OR16;OR19;OR19;;OCC;MCO;OK;26/02/2024;;E;C;T;;U5T;;;;;;;;;;;;;;;;
7800354;TERRITOIRE;FT 92075/155;7800354;;OR16;OR16;OR19;OR19;;OCC;MCO;OK;26/03/2024;;E;C;I;;S5T;;;;;;;;;;;;;;;;
7519733;TERRITOIRE;FT 94033/486;7519733;;OR16;OR16;OR19;OR19;;OCC;MCO;OK;31/01/2024;;E;C;T;;OHN;;;;;;;;;;;;;;;;
7859187;TERRITOIRE;FT 94068/2698;7859187;;OR16;OR16;OR19;OR19;;OCC;MCO;OK;11/04/2024;;E;C;I;;OHN;;;;;;;;;;;;;;;;
7859353;TERRITOIRE;FT 94068/1270;7859353;;OR16;OR16;OR19;OR19;;OCC;MCO;OK;11/04/2024;;E;C;I;;L2T;;;;;;;;;;;;;;;;
7566454;TERRITOIRE;FT 93046/1028;7566454;;OR16;OR16;OR19;OR19;;OCC;MCO;OK;08/02/2024;;E;C;T;;L1T;;;;;;;;;;;;;;;;
7646400;TERRITOIRE;FT 93029/892;7646400;;OR16;OR16;OR19;OR19;;OCC;MCO;OK;23/02/2024;;E;C;T;;L4T;;;;;;;;;;;;;;;;
7803198;TERRITOIRE;FT 92020/1024;7803198;;OR16;OR16;OR19;OR19;;OCC;MCO;OK;26/03/2024;;E;C;I;;L2T;;;;;;;;;;;;;;;;
7855725;TERRITOIRE;FT 92060/297;7855725;;OR16;OR16;OR19;OR19;;OCC;MCO;OK;10/04/2024;;E;C;I;;L2T;;;;;;;;;;;;;;;;
7789107;TERRITOIRE;FT 92071/869;7789107;;OR16;OR16;OR19;OR19;;OCC;MCO;OK;22/03/2024;;E;C;I;;S3T;;;;;;;;;;;;;;;;
7871381;TERRITOIRE;FT 92073/204;7871381;;OR16;OR16;OR19;OR19;;OCC;MCO;OK;16/04/2024;;E;C;I;;OHN;;;;;;;;;;;;;;;;
7847993;TERRITOIRE;FT 94067/27;7847993;;OR16;OR16;OR19;OR19;;OCC;MCO;OK;07/04/2024;;E;C;I;;S4T;;;;;;;;;;;;;;;;
7912708;TERRITOIRE;FT 94077/586;7912708;;OR16;OR16;OR19;OR19;;OCC;MCO;OK;24/04/2024;;E;C;I;;L5T;;;;;;;;;;;;;;;;
7905270;TERRITOIRE;FT 92051/1418;7905270;;OR16;OR16;OR19;OR19;;OCC;MCO;OK;23/04/2024;;E;C;I;;S3T;;;;;;;;;;;;;;;;
7714582;TERRITOIRE;FT 92004/1968;7714582;;OR16;OR16;OR19;OR19;;OCC;MCO;OK;08/03/2024;;E;C;T;;L4T;;;;;;;;;;;;;;;;
7795241;TERRITOIRE;FT 93048/1712;7795241;;OR16;OR16;OR19;OR19;;OCC;MCO;OK;25/03/2024;;E;C;I;;OHN;;;;;;;;;;;;;;;;
7859258;TERRITOIRE;FT 94068/1243;7859258;;OR16;OR16;OR19;OR19;;OCC;MCO;OK;11/04/2024;;E;C;I;;OHN;;;;;;;;;;;;;;;;
7552960;TERRITOIRE;FT 92036/418;7552960;;OR16;OR16;OR19;OR19;;OCC;MCO;OK;06/02/2024;;E;C;T;;U5T;;;;;;;;;;;;;;;;
7838123;TERRITOIRE;FT 92009/214;7838123;;OR16;OR16;OR19;OR19;;OCC;MCO;OK;04/04/2024;;E;C;I;;S4T;;;;;;;;;;;;;;;;
7630066;TERRITOIRE;FT 93064/2464;7630066;;OR16;OR16;OR19;OR19;;OCC;MCO;OK;21/02/2024;;E;C;T;;L2T;;;;;;;;;;;;;;;;
7861450;TERRITOIRE;FT 94081/2219;7861450;;OR16;OR16;OR19;OR19;;OCC;MCO;OK;12/04/2024;;E;C;I;;L2T;;;;;;;;;;;;;;;;
7646406;TERRITOIRE;FT 93064/1381;7646406;;OR16;OR16;OR19;OR19;;OCC;MCO;OK;21/02/2024;;E;C;T;;U7T;;;;;;;;;;;;;;;;
7607472;TERRITOIRE;FT 92026/557;7607472;;OR16;OR16;OR19;OR19;;OCC;MCO;OK;14/02/2024;;E;C;T;;S5T;;;;;;;;;;;;;;;;
7994556;TERRITOIRE;FT 93057/723;7994556;;OR16;OR16;OR19;OR19;;OCC;MCO;OK;13/05/2024;;E;C;I;;OHN;;;;;;;;;;;;;;;;
7861441;TERRITOIRE;FT 94041/1618;7861441;;OR16;OR16;OR19;OR19;;OCC;MCO;OK;12/04/2024;;E;C;I;;L4T;;;;;;;;;;;;;;;;
7607435;TERRITOIRE;FT 92026/351;7607435;;OR16;OR16;OR19;OR19;;OCC;MCO;OK;14/02/2024;;E;C;T;;U5T;;;;;;;;;;;;;;;;
7607407;TERRITOIRE;FT 92026/107;7607407;;OR16;OR16;OR19;OR19;;OCC;MCO;OK;14/02/2024;;E;C;T;;S3T;;;;;;;;;;;;;;;;
7566456;TERRITOIRE;FT 93046/1519;7566456;;OR16;OR16;OR19;OR19;;OCC;MCO;OK;08/02/2024;;E;C;T;;OHN;;;;;;;;;;;;;;;;
7777213;TERRITOIRE;FT 92002/1107;7777213;;OR16;OR16;OR19;OR19;;OCC;MCO;OK;20/03/2024;;E;C;T;;S3T;;;;;;;;;;;;;;;;
7654729;TERRITOIRE;FT 93013/414;7654729;;OR16;OR16;OR19;OR19;;OCC;MCO;OK;27/02/2024;;E;C;T;;OHN;;;;;;;;;;;;;;;;
7859206;TERRITOIRE;FT 94068/519;7859206;;OR16;OR16;OR19;OR19;;OCC;MCO;OK;11/04/2024;;E;C;I;;OHN;;;;;;;;;;;;;;;;
7761267;TERRITOIRE;FT 93057/162;7761267;;OR16;OR16;OR19;OR19;;OCC;MCO;OK;18/03/2024;;E;C;T;;S3T;;;;;;;;;;;;;;;;
7643830;TERRITOIRE;FT 93007/384;7643830;;OR16;OR16;OR19;OR19;;OCC;MCO;OK;23/02/2024;;E;C;T;;A2B;;;;;;;;;;;;;;;;
7565758;TERRITOIRE;FT 94015/313;7565758;;OR16;OR16;OR19;OR19;;OCC;MCO;OK;08/02/2024;;E;C;T;;OHN;;;;;;;;;;;;;;;;
7883187;TERRITOIRE;FT 92012/1103;7883187;;OR16;OR16;OR19;OR19;;OCC;MCO;OK;18/04/2024;;E;C;I;;V7T;;;;;;;;;;;;;;;;
7991353;TERRITOIRE;FT 93077/188;7991353;;OR16;OR16;OR19;OR19;;OCC;MCO;OK;13/05/2024;;E;C;I;;OHN;;;;;;;;;;;;;;;;
7597116;TERRITOIRE;FT 94017/1832;7597116;;OR16;OR16;OR19;OR19;;OCC;MCO;OK;13/02/2024;;E;C;T;;L6T;;;;;;;;;;;;;;;;
7654712;TERRITOIRE;FT 93013/402;7654712;;OR16;OR16;OR19;OR19;;OCC;MCO;OK;27/02/2024;;E;C;T;;OHN;;;;;;;;;;;;;;;;
7798430;TERRITOIRE;FT 92020/757;7798430;;OR16;OR16;OR19;OR19;;OCC;MCO;OK;25/03/2024;;E;C;I;;S3T;;;;;;;;;;;;;;;;
7798451;TERRITOIRE;FT 92023/1859;7798451;;OR16;OR16;OR19;OR19;;OCC;MCO;OK;25/03/2024;;E;C;I;;L4T;;;;;;;;;;;;;;;;
7566439;TERRITOIRE;FT 93005/2247;7566439;;OR16;OR16;OR19;OR19;;OCC;MCO;OK;08/02/2024;;E;C;T;;OHN;;;;;;;;;;;;;;;;
7790385;TERRITOIRE;FT 93010/1050;7790385;;OR16;OR16;OR19;OR19;;OCC;MCO;OK;22/03/2024;;E;C;I;;S4T;;;;;;;;;;;;;;;;
7777126;TERRITOIRE;FT 92002/893;7777126;;OR16;OR16;OR19;OR19;;OCC;MCO;OK;20/03/2024;;E;C;T;;L2T;;;;;;;;;;;;;;;;
7777130;TERRITOIRE;FT 92002/1204;7777130;;OR16;OR16;OR19;OR19;;OCC;MCO;OK;20/03/2024;;E;C;T;;S1T;;;;;;;;;;;;;;;;
7827191;TERRITOIRE;FT 92046/785;7827191;;OR16;OR16;OR19;OR19;;OCC;MCO;OK;02/04/2024;;E;C;I;;S3T;;;;;;;;;;;;;;;;
7570871;TERRITOIRE;FT 94017/314;7570871;;OR16;OR16;OR19;OR19;;OCC;MCO;OK;09/02/2024;;E;C;T;;OHN;;;;;;;;;;;;;;;;
7833597;TERRITOIRE;FT 94017/2151;7833597;;OR16;OR16;OR19;OR19;;OCC;MCO;OK;03/04/2024;;E;C;I;;L2T;;;;;;;;;;;;;;;;
7915867;TERRITOIRE;FT 94018/291;7915867;;OR16;OR16;OR19;OR19;;OCC;MCO;OK;24/04/2024;;E;C;I;;S4T;;;;;;;;;;;;;;;;
7888947;TERRITOIRE;FT 78646/6014;7888947;;OR16;OR16;OR19;OR19;;OCC;MCO;OK;18/04/2024;;E;C;I;;A2B;;;;;;;;;;;;;;;;
7772471;TERRITOIRE;FT 94068/1999;7772471;;OR16;OR16;OR19;OR19;;OCC;MCO;OK;20/03/2024;;E;C;T;;S4T;;;;;;;;;;;;;;;;
7565757;TERRITOIRE;FT 94015/368;7565757;;OR16;OR16;OR19;OR19;;OCC;MCO;OK;08/02/2024;;E;C;T;;OHN;;;;;;;;;;;;;;;;
7519711;TERRITOIRE;FT 94033/450;7519711;;OR16;OR16;OR19;OR19;;OCC;MCO;OK;31/01/2024;;E;C;T;;L5T;;;;;;;;;;;;;;;;
7689276;TERRITOIRE;FT 93001/1013;7689276;;OR16;OR16;OR19;OR19;;OCC;MCO;OK;05/03/2024;;E;C;T;;S3T;;;;;;;;;;;;;;;;
7859339;TERRITOIRE;FT 94068/2086;7859339;;OR16;OR16;OR19;OR19;;OCC;MCO;OK;11/04/2024;;E;C;I;;OHN;;;;;;;;;;;;;;;;
7827207;TERRITOIRE;FT 92046/483;7827207;;OR16;OR16;OR19;OR19;;OCC;MCO;OK;02/04/2024;;E;C;I;;S3T;;;;;;;;;;;;;;;;
7594893;TERRITOIRE;FT 94002/130;7594893;;OR16;OR16;OR19;OR19;;OCC;MCO;OK;13/02/2024;;E;C;T;;L2T;;;;;;;;;;;;;;;;
7777007;TERRITOIRE;FT 92002/675;7777007;;OR16;OR16;OR19;OR19;;OCC;MCO;OK;20/03/2024;;E;C;T;;S3T;;;;;;;;;;;;;;;;
7991412;TERRITOIRE;FT 93010/819;7991412;;OR16;OR16;OR19;OR19;;OCC;MCO;OK;13/05/2024;;E;C;I;;OHN;;;;;;;;;;;;;;;;
7683543;TERRITOIRE;FT 93029/1194;7683543;;OR16;OR16;OR19;OR19;;OCC;MCO;OK;04/03/2024;;E;C;T;;OHN;;;;;;;;;;;;;;;;
7905599;TERRITOIRE;FT 92051/1362;7905599;;OR16;OR16;OR19;OR19;;OCC;MCO;OK;23/04/2024;;E;C;I;;S4T;;;;;;;;;;;;;;;;
7915864;TERRITOIRE;FT 94018/4;7915864;;OR16;OR16;OR19;OR19;;OCC;MCO;OK;24/04/2024;;E;C;I;;OHN;;;;;;;;;;;;;;;;
7899872;TERRITOIRE;FT 78646/5843;7899872;;OR16;OR16;OR19;OR19;;OCC;MCO;OK;23/04/2024;;E;C;I;;A2;;;;;;;;;;;;;;;;
7600642;TERRITOIRE;FT 92044/551;7600642;;OR16;OR16;OR19;OR19;;OCC;MCO;OK;13/02/2024;;E;C;T;;S4T;;;;;;;;;;;;;;;;
7800324;TERRITOIRE;FT 92075/625;7800324;;OR16;OR16;OR19;OR19;;OCC;MCO;OK;26/03/2024;;E;C;I;;S1T;;;;;;;;;;;;;;;;
7855675;TERRITOIRE;FT 92060/210;7855675;;OR16;OR16;OR19;OR19;;OCC;MCO;OK;10/04/2024;;E;C;I;;OHN;;;;;;;;;;;;;;;;
7798438;TERRITOIRE;FT 92020/761;7798438;;OR16;OR16;OR19;OR19;;OCC;MCO;OK;25/03/2024;;E;C;I;;S4T;;;;;;;;;;;;;;;;
7902708;TERRITOIRE;FT 93048/1421;7902708;;OR16;OR16;OR19;OR19;;OCC;MCO;OK;23/04/2024;;E;C;I;;OHN;;;;;;;;;;;;;;;;
7838423;TERRITOIRE;FT 92025/152;7838423;;OR16;OR16;OR19;OR19;;OCC;MCO;OK;04/04/2024;;E;C;I;;OHN;;;;;;;;;;;;;;;;
7643192;TERRITOIRE;FT 93007/188;7643192;;OR16;OR16;OR19;OR19;;OCC;MCO;OK;23/02/2024;;E;C;T;;OHN;;;;;;;;;;;;;;;;
7566387;TERRITOIRE;FT 93005/1725;7566387;;OR16;OR16;OR19;OR19;;OCC;MCO;OK;08/02/2024;;E;C;T;;M2T;;;;;;;;;;;;;;;;
7619845;TERRITOIRE;FT 93031/166;7619845;;OR16;OR16;OR19;OR19;;OCC;MCO;OK;19/02/2024;;E;C;T;;OHN;;;;;;;;;;;;;;;;
7519680;TERRITOIRE;FT 94033/472;7519680;;OR16;OR16;OR19;OR19;;OCC;MCO;OK;31/01/2024;;E;C;T;;S3T;;;;;;;;;;;;;;;;
7782724;TERRITOIRE;FT 92032/329;7782724;;OR16;OR16;OR19;OR19;;OCC;MCO;OK;21/03/2024;;E;C;I;;L2T;;;;;;;;;;;;;;;;
7994568;TERRITOIRE;FT 93057/967;7994568;;OR16;OR16;OR19;OR19;;OCC;MCO;OK;13/05/2024;;E;C;I;;L1T;;;;;;;;;;;;;;;;
7783082;TERRITOIRE;FT 92002/2841;7783082;;OR16;OR16;OR19;OR19;;OCC;MCO;OK;21/03/2024;;E;C;I;;L5T;;;;;;;;;;;;;;;;
7850312;TERRITOIRE;FT 94022/1254;7850312;;OR16;OR16;OR19;OR19;;OCC;MCO;OK;08/04/2024;;E;C;I;;K3C;;;;;;;;;;;;;;;;
7519677;TERRITOIRE;FT 94033/477;7519677;;OR16;OR16;OR19;OR19;;OCC;MCO;OK;31/01/2024;;E;C;T;;S3T;;;;;;;;;;;;;;;;
7827229;TERRITOIRE;FT 92046/618;7827229;;OR16;OR16;OR19;OR19;;OCC;MCO;OK;02/04/2024;;E;C;I;;L2T;;;;;;;;;;;;;;;;
7899875;TERRITOIRE;FT 78646/5844;7899875;;OR16;OR16;OR19;OR19;;OCC;MCO;OK;23/04/2024;;E;C;I;;A2B;;;;;;;;;;;;;;;;
7861453;TERRITOIRE;FT 94081/2898;7861453;;OR16;OR16;OR19;OR19;;OCC;MCO;OK;12/04/2024;;E;C;I;;OHN;;;;;;;;;;;;;;;;
7679675;TERRITOIRE;FT 93008/553;7679675;;OR16;OR16;OR19;OR19;;OCC;MCO;OK;04/03/2024;;E;C;T;;OHN;;;;;;;;;;;;;;;;
7871374;TERRITOIRE;FT 94052/767;7871374;;OR16;OR16;OR19;OR19;;OCC;MCO;OK;16/04/2024;;E;C;I;;OHN;;;;;;;;;;;;;;;;
7991668;TERRITOIRE;FT 93077/543;7991668;;OR16;OR16;OR19;OR19;;OCC;MCO;OK;13/05/2024;;E;C;I;;OHN;;;;;;;;;;;;;;;;
7542415;TERRITOIRE;FT 92024/112;7542415;;OR16;OR16;OR19;OR19;;OCC;MCO;OK;02/02/2024;;E;C;T;;S3T;;;;;;;;;;;;;;;;
7672314;TERRITOIRE;FT 93066/162;7672314;;OR16;OR16;OR19;OR19;;OCC;MCO;OK;29/02/2024;;E;C;T;;OHN;;;;;;;;;;;;;;;;
7615036;TERRITOIRE;FT 93048/2324;7615036;;OR16;OR16;OR19;OR19;;OCC;MCO;OK;21/06/2024;;E;C;T;;OHN;;;;;;;;;;;;;;;;
7991692;TERRITOIRE;FT 93010/17;7991692;;OR16;OR16;OR19;OR19;;OCC;MCO;OK;13/05/2024;;E;C;I;;OHN;;;;;;;;;;;;;;;;
7698869;TERRITOIRE;FT 92020/254;7698869;;OR16;OR16;OR19;OR19;;OCC;MCO;OK;06/03/2024;;E;C;T;;S1T;;;;;;;;;;;;;;;;
7871403;TERRITOIRE;FT 92073/159;7871403;;OR16;OR16;OR19;OR19;;OCC;MCO;OK;16/04/2024;;E;C;I;;S3T;;;;;;;;;;;;;;;;
7530552;TERRITOIRE;FT 93077/136;7530552;;OR16;OR16;OR19;OR19;;OCC;MCO;OK;01/02/2024;;E;C;T;;A2;;;;;;;;;;;;;;;;
7796154;TERRITOIRE;FT 93048/2635;7796154;;OR16;OR16;OR19;OR19;;OCC;MCO;OK;25/03/2024;;E;C;I;;OHN;;;;;;;;;;;;;;;;
7912696;TERRITOIRE;FT 94077/928;7912696;;OR16;OR16;OR19;OR19;;OCC;MCO;OK;24/04/2024;;E;C;I;;L2T;;;;;;;;;;;;;;;;
7973776;TERRITOIRE;FT 95063/403;7973776;;OR16;OR16;OR19;OR19;;OCC;MCO;OK;07/05/2024;;E;C;I;;OHN;;;;;;;;;;;;;;;;
7855713;TERRITOIRE;FT 92019/1082;7855713;;OR16;OR16;OR19;OR19;;OCC;MCO;OK;10/04/2024;;E;C;I;;S3T;;;;;;;;;;;;;;;;
7803194;TERRITOIRE;FT 92020/836;7803194;;OR16;OR16;OR19;OR19;;OCC;MCO;OK;26/03/2024;;E;C;I;;L3T;;;;;;;;;;;;;;;;
7607425;TERRITOIRE;FT 92026/491;7607425;;OR16;OR16;OR19;OR19;;OCC;MCO;OK;14/02/2024;;E;C;T;;U5T;;;;;;;;;;;;;;;;
7838116;TERRITOIRE;FT 92009/504;7838116;;OR16;OR16;OR19;OR19;;OCC;MCO;OK;04/04/2024;;E;C;I;;OHN;;;;;;;;;;;;;;;;
7861451;TERRITOIRE;FT 94081/2174;7861451;;OR16;OR16;OR19;OR19;;OCC;MCO;OK;12/04/2024;;E;C;I;;L6T;;;;;;;;;;;;;;;;
7683547;TERRITOIRE;FT 93029/1174;7683547;;OR16;OR16;OR19;OR19;;OCC;MCO;OK;04/03/2024;;E;C;T;;OHN;;;;;;;;;;;;;;;;
7888948;TERRITOIRE;FT 78646/6016;7888948;;OR16;OR16;OR19;OR19;;OCC;MCO;OK;18/04/2024;;E;C;I;;L3T;;;;;;;;;;;;;;;;
7615026;TERRITOIRE;FT 93048/2344;7615026;;OR16;OR16;OR19;OR19;;OCC;MCO;OK;16/02/2024;;E;C;T;;OHN;;;;;;;;;;;;;;;;
7883275;TERRITOIRE;FT 78646/4499;7883275;;OR16;OR16;OR19;OR19;;OCC;MCO;OK;18/04/2024;;E;C;I;;OHN;;;;;;;;;;;;;;;;
7883535;TERRITOIRE;FT 78646/1356;7883535;;OR16;OR16;OR19;OR19;;OCC;MCO;OK;18/04/2024;;E;C;I;;B2;;;;;;;;;;;;;;;;
7915874;TERRITOIRE;FT 94018/261;7915874;;OR16;OR16;OR19;OR19;;OCC;MCO;OK;24/04/2024;;E;C;I;;S3T;;;;;;;;;;;;;;;;
7514227;TERRITOIRE;FT 93001/905;7514227;;OR16;OR16;OR19;OR19;;OCC;MCO;OK;30/01/2024;;E;C;T;;OHN;;;;;;;;;;;;;;;;
7626554;TERRITOIRE;FT 93031/310;7626554;;OR16;OR16;OR19;OR19;;OCC;MCO;OK;21/02/2024;;E;C;T;;L2T;;;;;;;;;;;;;;;;
7553625;TERRITOIRE;FT 92036/783;7553625;;OR16;OR16;OR19;OR19;;OCC;MCO;OK;06/02/2024;;E;C;T;;S3T;;;;;;;;;;;;;;;;
7789111;TERRITOIRE;FT 92071/850;7789111;;OR16;OR16;OR19;OR19;;OCC;MCO;OK;22/03/2024;;E;C;I;;S3T;;;;;;;;;;;;;;;;
7811855;TERRITOIRE;FT 94081/1201;7811855;;OR16;OR16;OR19;OR19;;OCC;MCO;OK;27/03/2024;;E;C;I;;L4T;;;;;;;;;;;;;;;;
7906225;TERRITOIRE;FT 92051/1388;7906225;;OR16;OR16;OR19;OR19;;OCC;MCO;OK;23/04/2024;;E;C;I;;S3T;;;;;;;;;;;;;;;;
7597112;TERRITOIRE;FT 94017/1916;7597112;;OR16;OR16;OR19;OR19;;OCC;MCO;OK;13/02/2024;;E;C;T;;L6T;;;;;;;;;;;;;;;;
8007029;TERRITOIRE;FT 94058/805;8007029;;OR16;OR16;OR19;OR19;;OCC;MCO;OK;15/05/2024;;E;C;I;;OHN;;;;;;;;;;;;;;;;
7991688;TERRITOIRE;FT 93010/318;7991688;;OR16;OR16;OR19;OR19;;OCC;MCO;OK;13/05/2024;;E;C;I;;OHN;;;;;;;;;;;;;;;;
7519732;TERRITOIRE;FT 94033/535;7519732;;OR16;OR16;OR19;OR19;;OCC;MCO;OK;31/01/2024;;E;C;T;;S3T;;;;;;;;;;;;;;;;
7991414;TERRITOIRE;FT 93010/821;7991414;;OR16;OR16;OR19;OR19;;OCC;MCO;OK;13/05/2024;;E;C;I;;S3T;;;;;;;;;;;;;;;;
7761296;TERRITOIRE;FT 93010/955;7761296;;OR16;OR16;OR19;OR19;;OCC;MCO;OK;18/03/2024;;E;C;T;;OHN;;;;;;;;;;;;;;;;
7594869;TERRITOIRE;FT 94002/239;7594869;;OR16;OR16;OR19;OR19;;OCC;MCO;OK;13/02/2024;;E;C;T;;L3T;;;;;;;;;;;;;;;;
7973773;TERRITOIRE;FT 95063/408;7973773;;OR16;OR16;OR19;OR19;;OCC;MCO;OK;07/05/2024;;E;C;I;;OHN;;;;;;;;;;;;;;;;
7530618;TERRITOIRE;FT 93010/370;7530618;;OR16;OR16;OR19;OR19;;OCC;MCO;OK;01/02/2024;;E;C;T;;OHN;;;;;;;;;;;;;;;;
7690228;TERRITOIRE;FT 93001/1379;7690228;;OR16;OR16;OR19;OR19;;OCC;MCO;OK;05/03/2024;;E;C;T;;V7T;;;;;;;;;;;;;;;;
7530612;TERRITOIRE;FT 93010/371;7530612;;OR16;OR16;OR19;OR19;;OCC;MCO;OK;01/02/2024;;E;C;T;;OHN;;;;;;;;;;;;;;;;
7776999;TERRITOIRE;FT 92002/650;7776999;;OR16;OR16;OR19;OR19;;OCC;MCO;OK;20/03/2024;;E;C;T;;S3T;;;;;;;;;;;;;;;;
7798415;TERRITOIRE;FT 92023/2427;7798415;;OR16;OR16;OR19;OR19;;OCC;MCO;OK;25/03/2024;;E;C;I;;S1T;;;;;;;;;;;;;;;;
7553656;TERRITOIRE;FT 92036/969;7553656;;OR16;OR16;OR19;OR19;;OCC;MCO;OK;06/02/2024;;E;C;T;;S3T;;;;;;;;;;;;;;;;
7991426;TERRITOIRE;FT 93077/350;7991426;;OR16;OR16;OR19;OR19;;OCC;MCO;OK;13/05/2024;;E;C;I;;L2T;;;;;;;;;;;;;;;;
7796205;TERRITOIRE;FT 92020/162;7796205;;OR16;OR16;OR19;OR19;;OCC;MCO;OK;25/03/2024;;E;C;I;;S3T;;;;;;;;;;;;;;;;
7530235;TERRITOIRE;FT 93072/43;7530235;;OR16;OR16;OR19;OR19;;OCC;MCO;OK;01/02/2024;;E;C;T;;L2T;;;;;;;;;;;;;;;;
7654768;TERRITOIRE;FT 93007/956;7654768;;OR16;OR16;OR19;OR19;;OCC;MCO;OK;27/02/2024;;E;C;T;;A2;;;;;;;;;;;;;;;;
7783128;TERRITOIRE;FT 92014/378;7783128;;OR16;OR16;OR19;OR19;;OCC;MCO;OK;21/03/2024;;E;C;I;;S4T;;;;;;;;;;;;;;;;
7905273;TERRITOIRE;FT 92051/1128;7905273;;OR16;OR16;OR19;OR19;;OCC;MCO;OK;23/04/2024;;E;C;I;;U5T;;;;;;;;;;;;;;;;
7696004;TERRITOIRE;FT 93029/148;7696004;;OR16;OR16;OR19;OR19;;OCC;MCO;OK;06/03/2024;;E;C;T;;OHN;;;;;;;;;;;;;;;;
7811869;TERRITOIRE;FT 94081/1202;7811869;;OR16;OR16;OR19;OR19;;OCC;MCO;OK;27/03/2024;;E;C;I;;L3T;;;;;;;;;;;;;;;;
7861455;TERRITOIRE;FT 94041/22;7861455;;OR16;OR16;OR19;OR19;;OCC;MCO;OK;12/04/2024;;E;C;I;;L3T;;;;;;;;;;;;;;;;
8104306;TERRITOIRE;FT 94033/449;8104306;;OR16;OR16;OR19;OR19;;OCC;MCO;OK;31/01/2024;;E;C;I;;L5T;;;;;;;;;;;;;;;;
7654753;TERRITOIRE;FT 93007/899;7654753;;OR16;OR16;OR19;OR19;;OCC;MCO;OK;27/02/2024;;E;C;T;;OHN;;;;;;;;;;;;;;;;
7698615;TERRITOIRE;FT 92020/259;7698615;;OR16;OR16;OR19;OR19;;OCC;MCO;OK;06/03/2024;;E;C;T;;L3T;;;;;;;;;;;;;;;;
7877155;TERRITOIRE;FT 92012/1464;7877155;;OR16;OR16;OR19;OR19;;OCC;MCO;OK;17/04/2024;;E;C;I;;V5T;;;;;;;;;;;;;;;;
7597752;TERRITOIRE;FT 94017/2353;7597752;;OR16;OR16;OR19;OR19;;OCC;MCO;OK;13/02/2024;;E;C;T;;OHN;;;;;;;;;;;;;;;;
7630108;TERRITOIRE;FT 93064/1705;7630108;;OR16;OR16;OR19;OR19;;OCC;MCO;OK;21/02/2024;;E;C;T;;U6T;;;;;;;;;;;;;;;;
7519696;TERRITOIRE;FT 94033/360;7519696;;OR16;OR16;OR19;OR19;;OCC;MCO;OK;31/01/2024;;E;C;T;;OHN;;;;;;;;;;;;;;;;
7615670;TERRITOIRE;FT 94033/1108;7615670;;OR16;OR16;OR19;OR19;;OCC;MCO;OK;16/02/2024;;E;C;T;;OHN;;;;;;;;;;;;;;;;
7994545;TERRITOIRE;FT 93057/712;7994545;;OR16;OR16;OR19;OR19;;OCC;MCO;OK;13/05/2024;;E;C;I;;OHN;;;;;;;;;;;;;;;;
7568651;TERRITOIRE;FT 94002/41;7568651;;OR16;OR16;OR19;OR19;;OCC;MCO;OK;08/02/2024;;E;C;T;;S3T;;;;;;;;;;;;;;;;
7604475;TERRITOIRE;FT 92025/1344;7604475;;OR16;OR16;OR19;OR19;;OCC;MCO;OK;14/02/2024;;E;C;T;;L3T;;;;;;;;;;;;;;;;
7800355;TERRITOIRE;FT 92075/454;7800355;;OR16;OR16;OR19;OR19;;OCC;MCO;OK;26/03/2024;;E;C;I;;S4T;;;;;;;;;;;;;;;;
7553659;TERRITOIRE;FT 92036/963;7553659;;OR16;OR16;OR19;OR19;;OCC;MCO;OK;06/02/2024;;E;C;T;;S3T;;;;;;;;;;;;;;;;
7749434;TERRITOIRE;FT 94069/110;7749434;;OR16;OR16;OR19;OR19;;OCC;MCO;OK;15/03/2024;;E;C;T;;L3T;;;;;;;;;;;;;;;;
7991697;TERRITOIRE;FT 93010/286;7991697;;OR16;OR16;OR19;OR19;;OCC;MCO;OK;13/05/2024;;E;C;I;;OHN;;;;;;;;;;;;;;;;
7646390;TERRITOIRE;FT 93007/879;7646390;;OR16;OR16;OR19;OR19;;OCC;MCO;OK;23/02/2024;;E;C;T;;OHN;;;;;;;;;;;;;;;;
7651570;TERRITOIRE;FT 92036/1312;7651570;;OR16;OR16;OR19;OR19;;OCC;MCO;OK;26/02/2024;;E;C;T;;S4T;;;;;;;;;;;;;;;;
7798456;TERRITOIRE;FT 92023/2253;7798456;;OR16;OR16;OR19;OR19;;OCC;MCO;OK;25/03/2024;;E;C;I;;S3T;;;;;;;;;;;;;;;;
7603548;TERRITOIRE;FT 92035/358;7603548;;OR16;OR16;OR19;OR19;;OCC;MCO;OK;14/02/2024;;E;C;T;;S3T;;;;;;;;;;;;;;;;
7600634;TERRITOIRE;FT 92044/18;7600634;;OR16;OR16;OR19;OR19;;OCC;MCO;OK;13/02/2024;;E;C;T;;OHN;;;;;;;;;;;;;;;;
7827212;TERRITOIRE;FT 92046/46;7827212;;OR16;OR16;OR19;OR19;;OCC;MCO;OK;02/04/2024;;E;C;I;;S4T;;;;;;;;;;;;;;;;
7850246;TERRITOIRE;FT 94022/961;7850246;;OR16;OR16;OR19;OR19;;OCC;MCO;OK;08/04/2024;;E;C;I;;L2T;;;;;;;;;;;;;;;;
7688312;TERRITOIRE;FT 93001/1355;7688312;;OR16;OR16;OR19;OR19;;OCC;MCO;OK;05/03/2024;;E;C;T;;S4T;;;;;;;;;;;;;;;;
7883837;TERRITOIRE;FT 78646/818;7883837;;OR16;OR16;OR19;OR19;;OCC;MCO;OK;18/04/2024;;E;C;I;;D4;;;;;;;;;;;;;;;;
7994576;TERRITOIRE;FT 93057/738;7994576;;OR16;OR16;OR19;OR19;;OCC;MCO;OK;13/05/2024;;E;C;I;;OHN;;;;;;;;;;;;;;;;
7883271;TERRITOIRE;FT 92050/654;7883271;;OR16;OR16;OR19;OR19;;OCC;MCO;OK;18/04/2024;;E;C;I;;S5T;;;;;;;;;;;;;;;;
7683840;TERRITOIRE;FT 93008/599;7683840;;OR16;OR16;OR19;OR19;;OCC;MCO;OK;04/03/2024;;E;C;T;;S4T;;;;;;;;;;;;;;;;
7761918;TERRITOIRE;FT 92004/882;7761918;;OR16;OR16;OR19;OR19;;OCC;MCO;OK;18/03/2024;;E;C;T;;OHN;;;;;;;;;;;;;;;;
7763197;TERRITOIRE;FT 92036/809;7763197;;OR16;OR16;OR19;OR19;;OCC;MCO;OK;18/03/2024;;E;C;T;;OHN;;;;;;;;;;;;;;;;
7859370;TERRITOIRE;FT 94068/690;7859370;;OR16;OR16;OR19;OR19;;OCC;MCO;OK;11/04/2024;;E;C;I;;OHN;;;;;;;;;;;;;;;;
7688319;TERRITOIRE;FT 93001/1016;7688319;;OR16;OR16;OR19;OR19;;OCC;MCO;OK;05/03/2024;;E;C;T;;OHN;;;;;;;;;;;;;;;;
7850284;TERRITOIRE;FT 94022/771;7850284;;OR16;OR16;OR19;OR19;;OCC;MCO;OK;08/04/2024;;E;C;I;;OHN;;;;;;;;;;;;;;;;
7796149;TERRITOIRE;FT 93048/2627;7796149;;OR16;OR16;OR19;OR19;;OCC;MCO;OK;25/03/2024;;E;C;I;;OHN;;;;;;;;;;;;;;;;
7692505;TERRITOIRE;FT 92007/558;7692505;;OR16;OR16;OR19;OR19;;OCC;MCO;OK;05/03/2024;;E;C;T;;OHN;;;;;;;;;;;;;;;;
7605114;TERRITOIRE;FT 92025/1358;7605114;;OR16;OR16;OR19;OR19;;OCC;MCO;OK;14/02/2024;;E;C;T;;OHN;;;;;;;;;;;;;;;;
7963531;TERRITOIRE;FT 94034/389;7963531;;OR16;OR16;OR19;OR19;;OCC;MCO;OK;06/05/2024;;E;C;I;;S4T;;;;;;;;;;;;;;;;
7855724;TERRITOIRE;FT 92060/296;7855724;;OR16;OR16;OR19;OR19;;OCC;MCO;OK;10/04/2024;;E;C;I;;L2T;;;;;;;;;;;;;;;;
7877125;TERRITOIRE;FT 92012/495;7877125;;OR16;OR16;OR19;OR19;;OCC;MCO;OK;17/04/2024;;E;C;I;;S1T;;;;;;;;;;;;;;;;
7859191;TERRITOIRE;FT 94068/2680;7859191;;OR16;OR16;OR19;OR19;;OCC;MCO;OK;11/04/2024;;E;C;I;;OHN;;;;;;;;;;;;;;;;
7871399;TERRITOIRE;FT 92073/1561;7871399;;OR16;OR16;OR19;OR19;;OCC;MCO;OK;16/04/2024;;E;C;I;;S4T;;;;;;;;;;;;;;;;
7856642;TERRITOIRE;FT 92019/921;7856642;;OR16;OR16;OR19;OR19;;OCC;MCO;OK;10/04/2024;;E;C;I;;OHN;;;;;;;;;;;;;;;;
7690232;TERRITOIRE;FT 93001/1600;7690232;;OR16;OR16;OR19;OR19;;OCC;MCO;OK;05/03/2024;;E;C;T;;S4T;;;;;;;;;;;;;;;;
7798450;TERRITOIRE;FT 92023/1843;7798450;;OR16;OR16;OR19;OR19;;OCC;MCO;OK;25/03/2024;;E;C;I;;OHN;;;;;;;;;;;;;;;;
7761595;TERRITOIRE;FT 93010/917;7761595;;OR16;OR16;OR19;OR19;;OCC;MCO;OK;18/03/2024;;E;C;T;;OHN;;;;;;;;;;;;;;;;
7819832;TERRITOIRE;FT 94041/846;7819832;;OR16;OR16;OR19;OR19;;OCC;MCO;OK;28/03/2024;;E;C;I;;OHN;;;;;;;;;;;;;;;;
7899866;TERRITOIRE;FT 78646/6283;7899866;;OR16;OR16;OR19;OR19;;OCC;MCO;OK;23/04/2024;;E;C;I;;A2B;;;;;;;;;;;;;;;;
7761590;TERRITOIRE;FT 93010/436;7761590;;OR16;OR16;OR19;OR19;;OCC;MCO;OK;18/03/2024;;E;C;T;;OHN;;;;;;;;;;;;;;;;
7568307;TERRITOIRE;FT 94015/332;7568307;;OR16;OR16;OR19;OR19;;OCC;MCO;OK;08/02/2024;;E;C;T;;OHN;;;;;;;;;;;;;;;;
7963508;TERRITOIRE;FT 94034/543;7963508;;OR16;OR16;OR19;OR19;;OCC;MCO;OK;06/05/2024;;E;C;I;;L2T;;;;;;;;;;;;;;;;
7912730;TERRITOIRE;FT 94077/937;7912730;;OR16;OR16;OR19;OR19;;OCC;MCO;OK;24/04/2024;;E;C;I;;L3T;;;;;;;;;;;;;;;;
7763204;TERRITOIRE;FT 92078/8;7763204;;OR16;OR16;OR19;OR19;;OCC;MCO;OK;18/03/2024;;E;C;T;;S4T;;;;;;;;;;;;;;;;
7749750;TERRITOIRE;FT 94018/369;7749750;;OR16;OR16;OR19;OR19;;OCC;MCO;OK;15/03/2024;;E;C;T;;OHN;;;;;;;;;;;;;;;;
7651529;TERRITOIRE;FT 92036/1479;7651529;;OR16;OR16;OR19;OR19;;OCC;MCO;OK;26/02/2024;;E;C;T;;OHN;;;;;;;;;;;;;;;;
7522244;TERRITOIRE;FT 93010/739;7522244;;OR16;OR16;OR19;OR19;;OCC;MCO;OK;31/01/2024;;E;C;T;;A2;;;;;;;;;;;;;;;;
7572152;TERRITOIRE;FT 94046/922;7572152;;OR16;OR16;OR19;OR19;;OCC;MCO;OK;09/02/2024;;E;C;T;;S3T;;;;;;;;;;;;;;;;
7912641;TERRITOIRE;FT 94077/902;7912641;;OR16;OR16;OR19;OR19;;OCC;MCO;OK;24/04/2024;;E;C;I;;L2T;;;;;;;;;;;;;;;;
7603200;TERRITOIRE;FT 92025/1466;7603200;;OR16;OR16;OR19;OR19;;OCC;MCO;OK;14/02/2024;;E;C;T;;L2T;;;;;;;;;;;;;;;;
7690241;TERRITOIRE;FT 93001/1604;7690241;;OR16;OR16;OR19;OR19;;OCC;MCO;OK;05/03/2024;;E;C;T;;V5T;;;;;;;;;;;;;;;;
7718714;TERRITOIRE;FT 94016/425;7718714;;OR16;OR16;OR19;OR19;;OCC;MCO;OK;11/03/2024;;E;C;T;;OHN;;;;;;;;;;;;;;;;
7654706;TERRITOIRE;FT 93013/170;7654706;;OR16;OR16;OR19;OR19;;OCC;MCO;OK;27/02/2024;;E;C;T;;OHN;;;;;;;;;;;;;;;;
7731522;TERRITOIRE;FT 94011/175;7731522;;OR16;OR16;OR19;OR19;;OCC;MCO;OK;13/03/2024;;E;C;T;;S3T;;;;;;;;;;;;;;;;
7651575;TERRITOIRE;FT 92036/1309;7651575;;OR16;OR16;OR19;OR19;;OCC;MCO;OK;26/02/2024;;E;C;T;;S3T;;;;;;;;;;;;;;;;
7679347;TERRITOIRE;FT 94046/829;7679347;;OR16;OR16;OR19;OR19;;OCC;MCO;OK;04/03/2024;;E;C;T;;OHN;;;;;;;;;;;;;;;;
7847987;TERRITOIRE;FT 93048/3253;7847987;;OR16;OR16;OR19;OR19;;OCC;MCO;OK;07/04/2024;;E;C;I;;L1T;;;;;;;;;;;;;;;;
7553663;TERRITOIRE;FT 92036/960;7553663;;OR16;OR16;OR19;OR19;;OCC;MCO;OK;06/02/2024;;E;C;T;;V6T;;;;;;;;;;;;;;;;
7519743;TERRITOIRE;FT 94033/238;7519743;;OR16;OR16;OR19;OR19;;OCC;MCO;OK;31/01/2024;;E;C;T;;S4T;;;;;;;;;;;;;;;;
7796206;TERRITOIRE;FT 92020/314;7796206;;OR16;OR16;OR19;OR19;;OCC;MCO;OK;25/03/2024;;E;C;I;;L2T;;;;;;;;;;;;;;;;
7890548;TERRITOIRE;FT 78646/637;7890548;;OR16;OR16;OR19;OR19;;OCC;MCO;OK;18/04/2024;;E;C;I;;K3C;;;;;;;;;;;;;;;;
7519741;TERRITOIRE;FT 94033/489;7519741;;OR16;OR16;OR19;OR19;;OCC;MCO;OK;31/01/2024;;E;C;T;;L3T;;;;;;;;;;;;;;;;
7859314;TERRITOIRE;FT 94068/1294;7859314;;OR16;OR16;OR19;OR19;;OCC;MCO;OK;11/04/2024;;E;C;I;;OHN;;;;;;;;;;;;;;;;
7714552;TERRITOIRE;FT 92036/46;7714552;;OR16;OR16;OR19;OR19;;OCC;MCO;OK;08/03/2024;;E;C;T;;OHN;;;;;;;;;;;;;;;;
7783051;TERRITOIRE;FT 92002/1890;7783051;;OR16;OR16;OR19;OR19;;OCC;MCO;OK;21/03/2024;;E;C;I;;S3T;;;;;;;;;;;;;;;;
7607388;TERRITOIRE;FT 92026/509;7607388;;OR16;OR16;OR19;OR19;;OCC;MCO;OK;14/02/2024;;E;C;T;;S3T;;;;;;;;;;;;;;;;
7651525;TERRITOIRE;FT 92024/990;7651525;;OR16;OR16;OR19;OR19;;OCC;MCO;OK;26/02/2024;;E;C;T;;S3T;;;;;;;;;;;;;;;;
7608945;TERRITOIRE;FT 92026/433;7608945;;OR16;OR16;OR19;OR19;;OCC;MCO;OK;14/02/2024;;E;C;T;;S3T;;;;;;;;;;;;;;;;
7859415;TERRITOIRE;FT 94068/657;7859415;;OR16;OR16;OR19;OR19;;OCC;MCO;OK;11/04/2024;;E;C;I;;OHN;;;;;;;;;;;;;;;;
7763216;TERRITOIRE;FT 92036/1035;7763216;;OR16;OR16;OR19;OR19;;OCC;MCO;OK;18/03/2024;;E;C;T;;S3T;;;;;;;;;;;;;;;;
7883841;TERRITOIRE;FT 78646/799;7883841;;OR16;OR16;OR19;OR19;;OCC;MCO;OK;18/04/2024;;E;C;I;;A2;;;;;;;;;;;;;;;;
7761332;TERRITOIRE;FT 93057/435;7761332;;OR16;OR16;OR19;OR19;;OCC;MCO;OK;18/03/2024;;E;C;T;;OHN;;;;;;;;;;;;;;;;
7568637;TERRITOIRE;FT 94046/97;7568637;;OR16;OR16;OR19;OR19;;OCC;MCO;OK;08/02/2024;;E;C;T;;OHN;;;;;;;;;;;;;;;;
8031987;TERRITOIRE;FT 92025/174;8031987;;OR16;OR16;OR19;OR19;;OCC;MCO;OK;04/04/2024;;E;C;I;;V7T;;;;;;;;;;;;;;;;
7672312;TERRITOIRE;FT 93029/197;7672312;;OR16;OR16;OR19;OR19;;OCC;MCO;OK;29/02/2024;;E;C;T;;L1T;;;;;;;;;;;;;;;;
7861751;TERRITOIRE;FT 94081/397;7861751;;OR16;OR16;OR19;OR19;;OCC;MCO;OK;12/04/2024;;E;C;I;;L4T;;;;;;;;;;;;;;;;
7679345;TERRITOIRE;FT 94028/365;7679345;;OR16;OR16;OR19;OR19;;OCC;MCO;OK;04/03/2024;;E;C;T;;OHN;;;;;;;;;;;;;;;;
7698874;TERRITOIRE;FT 92020/256;7698874;;OR16;OR16;OR19;OR19;;OCC;MCO;OK;06/03/2024;;E;C;T;;L3T;;;;;;;;;;;;;;;;
7855711;TERRITOIRE;FT 92019/955;7855711;;OR16;OR16;OR19;OR19;;OCC;MCO;OK;10/04/2024;;E;C;I;;OHN;;;;;;;;;;;;;;;;
7859277;TERRITOIRE;FT 94068/1298;7859277;;OR16;OR16;OR19;OR19;;OCC;MCO;OK;11/04/2024;;E;C;I;;OHN;;;;;;;;;;;;;;;;
7827194;TERRITOIRE;FT 92046/148;7827194;;OR16;OR16;OR19;OR19;;OCC;MCO;OK;02/04/2024;;E;C;I;;S4T;;;;;;;;;;;;;;;;
7600656;TERRITOIRE;FT 92044/196;7600656;;OR16;OR16;OR19;OR19;;OCC;MCO;OK;13/02/2024;;E;C;T;;L3T;;;;;;;;;;;;;;;;
7877148;TERRITOIRE;FT 92012/1502;7877148;;OR16;OR16;OR19;OR19;;OCC;MCO;OK;17/04/2024;;E;C;I;;S3T;;;;;;;;;;;;;;;;
7926394;TERRITOIRE;FT 94076/15;7926394;;OR16;OR16;OR19;OR19;;OCC;MCO;OK;26/04/2024;;E;C;I;;L3T;;;;;;;;;;;;;;;;
7642228;TERRITOIRE;FT 93006/385;7642228;;OR16;OR16;OR19;OR19;;OCC;MCO;OK;23/02/2024;;E;C;T;;L6T;;;;;;;;;;;;;;;;
7948795;TERRITOIRE;FT 93048/1848;7948795;;OR16;OR16;OR19;OR19;;OCC;MCO;OK;02/05/2024;;E;C;I;;S3T;;;;;;;;;;;;;;;;
7597749;TERRITOIRE;FT 94017/2305;7597749;;OR16;OR16;OR19;OR19;;OCC;MCO;OK;13/02/2024;;E;C;T;;OHN;;;;;;;;;;;;;;;;
7610236;TERRITOIRE;FT 92026/980;7610236;;OR16;OR16;OR19;OR19;;OCC;MCO;OK;15/02/2024;;E;C;T;;S4T;;;;;;;;;;;;;;;;
7731211;TERRITOIRE;FT 94028/1160;7731211;;OR16;OR16;OR19;OR19;;OCC;MCO;OK;13/03/2024;;E;C;T;;S3T;;;;;;;;;;;;;;;;
7714603;TERRITOIRE;FT 92004/1128;7714603;;OR16;OR16;OR19;OR19;;OCC;MCO;OK;08/03/2024;;E;C;T;;S4T;;;;;;;;;;;;;;;;
7902717;TERRITOIRE;FT 94080/1011;7902717;;OR16;OR16;OR19;OR19;;OCC;MCO;OK;23/04/2024;;E;C;I;;S3T;;;;;;;;;;;;;;;;
7855720;TERRITOIRE;FT 92060/48;7855720;;OR16;OR16;OR19;OR19;;OCC;MCO;OK;10/04/2024;;E;C;I;;OHN;;;;;;;;;;;;;;;;
7776994;TERRITOIRE;FT 92002/876;7776994;;OR16;OR16;OR19;OR19;;OCC;MCO;OK;20/03/2024;;E;C;T;;S3T;;;;;;;;;;;;;;;;
7615671;TERRITOIRE;FT 94033/1030;7615671;;OR16;OR16;OR19;OR19;;OCC;MCO;OK;16/02/2024;;E;C;T;;OHN;;;;;;;;;;;;;;;;
7568642;TERRITOIRE;FT 94002/710;7568642;;OR16;OR16;OR19;OR19;;OCC;MCO;OK;08/02/2024;;E;C;T;;OHN;;;;;;;;;;;;;;;;
7761908;TERRITOIRE;FT 93010/591;7761908;;OR16;OR16;OR19;OR19;;OCC;MCO;OK;18/03/2024;;E;C;T;;OHN;;;;;;;;;;;;;;;;
7855697;TERRITOIRE;FT 92060/320;7855697;;OR16;OR16;OR19;OR19;;OCC;MCO;OK;10/04/2024;;E;C;I;;S3T;;;;;;;;;;;;;;;;
7679669;TERRITOIRE;FT 94046/535;7679669;;OR16;OR16;OR19;OR19;;OCC;MCO;OK;04/03/2024;;E;C;I;;L3T;;;;;;;;;;;;;;;;
7651505;TERRITOIRE;FT 92078/232;7651505;;OR16;OR16;OR19;OR19;;OCC;MCO;OK;26/02/2024;;E;C;T;;S4T;;;;;;;;;;;;;;;;
7838077;TERRITOIRE;FT 92025/1125;7838077;;OR16;OR16;OR19;OR19;;OCC;MCO;OK;04/04/2024;;E;C;I;;S3T;;;;;;;;;;;;;;;;
7594897;TERRITOIRE;FT 94002/126;7594897;;OR16;OR16;OR19;OR19;;OCC;MCO;OK;13/02/2024;;E;C;T;;OHN;;;;;;;;;;;;;;;;
7991381;TERRITOIRE;FT 93077/683;7991381;;OR16;OR16;OR19;OR19;;OCC;MCO;OK;13/05/2024;;E;C;I;;OHN;;;;;;;;;;;;;;;;
7994571;TERRITOIRE;FT 93057/721;7994571;;OR16;OR16;OR19;OR19;;OCC;MCO;OK;13/05/2024;;E;C;I;;OHN;;;;;;;;;;;;;;;;
7800362;TERRITOIRE;FT 92020/1031;7800362;;OR16;OR16;OR19;OR19;;OCC;MCO;OK;26/03/2024;;E;C;I;;S3T;;;;;;;;;;;;;;;;
7549756;TERRITOIRE;FT 92078/402;7549756;;OR16;OR16;OR19;OR19;;OCC;MCO;OK;06/02/2024;;E;C;T;;S3T;;;;;;;;;;;;;;;;
7609926;TERRITOIRE;FT 92026/1018;7609926;;OR16;OR16;OR19;OR19;;OCC;MCO;OK;15/02/2024;;E;C;T;;U4T;;;;;;;;;;;;;;;;
7651556;TERRITOIRE;FT 92036/1671;7651556;;OR16;OR16;OR19;OR19;;OCC;MCO;OK;26/02/2024;;E;C;T;;S4T;;;;;;;;;;;;;;;;
7651534;TERRITOIRE;FT 92036/1376;7651534;;OR16;OR16;OR19;OR19;;OCC;MCO;OK;26/02/2024;;E;C;T;;S4T;;;;;;;;;;;;;;;;
7850253;TERRITOIRE;FT 94022/907;7850253;;OR16;OR16;OR19;OR19;;OCC;MCO;OK;08/04/2024;;E;C;I;;OHN;;;;;;;;;;;;;;;;
7630166;TERRITOIRE;FT 93064/2000;7630166;;OR16;OR16;OR19;OR19;;OCC;MCO;OK;21/02/2024;;E;C;T;;L2T;;;;;;;;;;;;;;;;
7632313;TERRITOIRE;FT 93031/361;7632313;;OR16;OR16;OR19;OR19;;OCC;MCO;OK;21/02/2024;;E;C;T;;OHN;;;;;;;;;;;;;;;;
7522252;TERRITOIRE;FT 93010/718;7522252;;OR16;OR16;OR19;OR19;;OCC;MCO;OK;31/01/2024;;E;C;T;;OHN;;;;;;;;;;;;;;;;
7654716;TERRITOIRE;FT 93013/400;7654716;;OR16;OR16;OR19;OR19;;OCC;MCO;OK;27/02/2024;;E;C;T;;OHN;;;;;;;;;;;;;;;;
7609598;TERRITOIRE;FT 92004/107;7609598;;OR16;OR16;OR19;OR19;;OCC;MCO;OK;15/02/2024;;E;C;T;;S4T;;;;;;;;;;;;;;;;
7905285;TERRITOIRE;FT 92051/1518;7905285;;OR16;OR16;OR19;OR19;;OCC;MCO;OK;23/04/2024;;E;C;I;;OHN;;;;;;;;;;;;;;;;
7750387;TERRITOIRE;FT 94028/1941;7750387;;OR16;OR16;OR19;OR19;;OCC;MCO;OK;15/03/2024;;E;C;T;;L3T;;;;;;;;;;;;;;;;
7883516;TERRITOIRE;FT 78646/5632;7883516;;OR16;OR16;OR19;OR19;;OCC;MCO;OK;18/04/2024;;E;C;I;;OHN;;;;;;;;;;;;;;;;
7566403;TERRITOIRE;FT 93046/621;7566403;;OR16;OR16;OR19;OR19;;OCC;MCO;OK;08/02/2024;;E;C;T;;L2T;;;;;;;;;;;;;;;;
7749435;TERRITOIRE;FT 94069/118;7749435;;OR16;OR16;OR19;OR19;;OCC;MCO;OK;15/03/2024;;E;C;T;;L1T;;;;;;;;;;;;;;;;
7838099;TERRITOIRE;FT 92025/109;7838099;;OR16;OR16;OR19;OR19;;OCC;MCO;OK;04/04/2024;;E;C;I;;S3T;;;;;;;;;;;;;;;;
7876834;TERRITOIRE;FT 92022/433;7876834;;OR16;OR16;OR19;OR19;;OCC;MCO;OK;17/04/2024;;E;C;I;;L2T;;;;;;;;;;;;;;;;
7714545;TERRITOIRE;FT 92004/2305;7714545;;OR16;OR16;OR19;OR19;;OCC;MCO;OK;08/03/2024;;E;C;T;;L4T;;;;;;;;;;;;;;;;
7761323;TERRITOIRE;FT 93057/442;7761323;;OR16;OR16;OR19;OR19;;OCC;MCO;OK;18/03/2024;;E;C;T;;OHN;;;;;;;;;;;;;;;;
7887679;TERRITOIRE;FT 92073/712;7887679;;OR16;OR16;OR19;OR19;;OCC;MCO;OK;19/04/2024;;E;C;I;;L2T;;;;;;;;;;;;;;;;
7615028;TERRITOIRE;FT 93048/2329;7615028;;OR16;OR16;OR19;OR19;;OCC;MCO;OK;16/02/2024;;E;C;T;;L3C;;;;;;;;;;;;;;;;
7800348;TERRITOIRE;FT 92075/293;7800348;;OR16;OR16;OR19;OR19;;OCC;MCO;OK;26/03/2024;;E;C;I;;U5T;;;;;;;;;;;;;;;;
7991395;TERRITOIRE;FT 93077/90;7991395;;OR16;OR16;OR19;OR19;;OCC;MCO;OK;13/05/2024;;E;C;I;;A2;;;;;;;;;;;;;;;;
8003512;TERRITOIRE;FT 94058/1051;8003512;;OR16;OR16;OR19;OR19;;OCC;MCO;OK;15/05/2024;;E;C;I;;OHN;;;;;;;;;;;;;;;;
7594909;TERRITOIRE;FT 94002/91;7594909;;OR16;OR16;OR19;OR19;;OCC;MCO;OK;13/02/2024;;E;C;T;;OHN;;;;;;;;;;;;;;;;
7568634;TERRITOIRE;FT 94046/94;7568634;;OR16;OR16;OR19;OR19;;OCC;MCO;OK;08/02/2024;;E;C;T;;OHN;;;;;;;;;;;;;;;;
7721267;TERRITOIRE;FT 92046/273;7721267;;OR16;OR16;OR19;OR19;;OCC;MCO;OK;11/03/2024;;E;C;T;;S3T;;;;;;;;;;;;;;;;
7683535;TERRITOIRE;FT 93029/891;7683535;;OR16;OR16;OR19;OR19;;OCC;MCO;OK;04/03/2024;;E;C;T;;L2T;;;;;;;;;;;;;;;;
7819874;TERRITOIRE;FT 94041/970;7819874;;OR16;OR16;OR19;OR19;;OCC;MCO;OK;28/03/2024;;E;C;I;;L4T;;;;;;;;;;;;;;;;
7683825;TERRITOIRE;FT 93029/1166;7683825;;OR16;OR16;OR19;OR19;;OCC;MCO;OK;04/03/2024;;E;C;T;;S4T;;;;;;;;;;;;;;;;
7973766;TERRITOIRE;FT 95063/722;7973766;;OR16;OR16;OR19;OR19;;OCC;MCO;OK;07/05/2024;;E;C;I;;OHN;;;;;;;;;;;;;;;;
7877134;TERRITOIRE;FT 92012/1156;7877134;;OR16;OR16;OR19;OR19;;OCC;MCO;OK;17/04/2024;;E;C;I;;S4T;;;;;;;;;;;;;;;;
7615672;TERRITOIRE;FT 94033/1023;7615672;;OR16;OR16;OR19;OR19;;OCC;MCO;OK;16/02/2024;;E;C;T;;L0T;;;;;;;;;;;;;;;;
7655028;TERRITOIRE;FT 93027/207;7655028;;OR16;OR16;OR19;OR19;;OCC;MCO;OK;27/02/2024;;E;C;T;;S4T;;;;;;;;;;;;;;;;
7855676;TERRITOIRE;FT 92060/323;7855676;;OR16;OR16;OR19;OR19;;OCC;MCO;OK;10/04/2024;;E;C;I;;L5T;;;;;;;;;;;;;;;;
7877120;TERRITOIRE;FT 92012/25;7877120;;OR16;OR16;OR19;OR19;;OCC;MCO;OK;17/04/2024;;E;C;I;;U4T;;;;;;;;;;;;;;;;
7991393;TERRITOIRE;FT 93077/20;7991393;;OR16;OR16;OR19;OR19;;OCC;MCO;OK;13/05/2024;;E;C;I;;S4T;;;;;;;;;;;;;;;;
7763207;TERRITOIRE;FT 92078/39;7763207;;OR16;OR16;OR19;OR19;;OCC;MCO;OK;18/03/2024;;E;C;T;;S4T;;;;;;;;;;;;;;;;
7963547;TERRITOIRE;FT 94043/132;7963547;;OR16;OR16;OR19;OR19;;OCC;MCO;OK;06/05/2024;;E;C;I;;L4T;;;;;;;;;;;;;;;;
7690266;TERRITOIRE;FT 92007/568;7690266;;OR16;OR16;OR19;OR19;;OCC;MCO;OK;05/03/2024;;E;C;T;;L2T;;;;;;;;;;;;;;;;
7615030;TERRITOIRE;FT 93048/2323;7615030;;OR16;OR16;OR19;OR19;;OCC;MCO;OK;16/02/2024;;E;C;T;;OHN;;;;;;;;;;;;;;;;
7789131;TERRITOIRE;FT 93057/99;7789131;;OR16;OR16;OR19;OR19;;OCC;MCO;OK;22/03/2024;;E;C;I;;OHN;;;;;;;;;;;;;;;;
7859317;TERRITOIRE;FT 94068/1297;7859317;;OR16;OR16;OR19;OR19;;OCC;MCO;OK;11/04/2024;;E;C;I;;OHN;;;;;;;;;;;;;;;;
7654711;TERRITOIRE;FT 93013/169;7654711;;OR16;OR16;OR19;OR19;;OCC;MCO;OK;27/02/2024;;E;C;T;;OHN;;;;;;;;;;;;;;;;
7905594;TERRITOIRE;FT 92051/1337;7905594;;OR16;OR16;OR19;OR19;;OCC;MCO;OK;23/04/2024;;E;C;I;;S3T;;;;;;;;;;;;;;;;
7692484;TERRITOIRE;FT 92007/362;7692484;;OR16;OR16;OR19;OR19;;OCC;MCO;OK;05/03/2024;;E;C;T;;S4T;;;;;;;;;;;;;;;;
7861436;TERRITOIRE;FT 94081/577;7861436;;OR16;OR16;OR19;OR19;;OCC;MCO;OK;12/04/2024;;E;C;I;;OHN;;;;;;;;;;;;;;;;
7654725;TERRITOIRE;FT 93013/296;7654725;;OR16;OR16;OR19;OR19;;OCC;MCO;OK;27/02/2024;;E;C;T;;OHN;;;;;;;;;;;;;;;;
7635192;TERRITOIRE;FT 93072/727;7635192;;OR16;OR16;OR19;OR19;;OCC;MCO;OK;22/02/2024;;E;C;T;;L6T;;;;;;;;;;;;;;;;
7542719;TERRITOIRE;FT 92024/737;7542719;;OR16;OR16;OR19;OR19;;OCC;MCO;OK;02/02/2024;;E;C;T;;L3T;;;;;;;;;;;;;;;;
7651555;TERRITOIRE;FT 92036/1672;7651555;;OR16;OR16;OR19;OR19;;OCC;MCO;OK;26/02/2024;;E;C;T;;S4T;;;;;;;;;;;;;;;;
7716158;TERRITOIRE;FT 94016/65;7716158;;OR16;OR16;OR19;OR19;;OCC;MCO;OK;11/03/2024;;E;C;T;;L2T;;;;;;;;;;;;;;;;
8005118;TERRITOIRE;FT 94015/238;8005118;;OR16;OR16;OR19;OR19;;OCC;MCO;OK;15/05/2024;;E;C;I;;S3T;;;;;;;;;;;;;;;;
7603528;TERRITOIRE;FT 92050/2220;7603528;;OR16;OR16;OR19;OR19;;OCC;MCO;OK;14/02/2024;;E;C;T;;S1T;;;;;;;;;;;;;;;;
7859382;TERRITOIRE;FT 94068/2844;7859382;;OR16;OR16;OR19;OR19;;OCC;MCO;OK;11/04/2024;;E;C;I;;S4T;;;;;;;;;;;;;;;;
7848016;TERRITOIRE;FT 92050/155;7848016;;OR16;OR16;OR19;OR19;;OCC;MCO;OK;07/04/2024;;E;C;I;;S4T;;;;;;;;;;;;;;;;
7519666;TERRITOIRE;FT 94033/365;7519666;;OR16;OR16;OR19;OR19;;OCC;MCO;OK;31/01/2024;;E;C;T;;OHN;;;;;;;;;;;;;;;;
7543030;TERRITOIRE;FT 93066/1975;7543030;;OR16;OR16;OR19;OR19;;OCC;MCO;OK;02/02/2024;;E;C;T;;OHN;;;;;;;;;;;;;;;;
7871352;TERRITOIRE;FT 94052/401;7871352;;OR16;OR16;OR19;OR19;;OCC;MCO;OK;16/04/2024;;E;C;I;;OHN;;;;;;;;;;;;;;;;
7811849;TERRITOIRE;FT 94081/1274;7811849;;OR16;OR16;OR19;OR19;;OCC;MCO;OK;27/03/2024;;E;C;I;;L3T;;;;;;;;;;;;;;;;
7811853;TERRITOIRE;FT 94081/1287;7811853;;OR16;OR16;OR19;OR19;;OCC;MCO;OK;27/03/2024;;E;C;I;;K3C;;;;;;;;;;;;;;;;
7654781;TERRITOIRE;FT 93007/875;7654781;;OR16;OR16;OR19;OR19;;OCC;MCO;OK;27/02/2024;;E;C;T;;A2B;;;;;;;;;;;;;;;;
7811828;TERRITOIRE;FT 94054/478;7811828;;OR16;OR16;OR19;OR19;;OCC;MCO;OK;27/03/2024;;E;C;I;;L6T;;;;;;;;;;;;;;;;
7654735;TERRITOIRE;FT 93008/47;7654735;;OR16;OR16;OR19;OR19;;OCC;MCO;OK;27/02/2024;;E;C;T;;OHN;;;;;;;;;;;;;;;;
7912644;TERRITOIRE;FT 94077/1000;7912644;;OR16;OR16;OR19;OR19;;OCC;MCO;OK;24/04/2024;;E;C;I;;OHN;;;;;;;;;;;;;;;;
7530603;TERRITOIRE;FT 93010/832;7530603;;OR16;OR16;OR19;OR19;;OCC;MCO;OK;01/02/2024;;E;C;T;;S4T;;;;;;;;;;;;;;;;
7672317;TERRITOIRE;FT 93066/133;7672317;;OR16;OR16;OR19;OR19;;OCC;MCO;OK;29/02/2024;;E;C;T;;OHN;;;;;;;;;;;;;;;;
7899830;TERRITOIRE;FT 78646/3329;7899830;;OR16;OR16;OR19;OR19;;OCC;MCO;OK;23/04/2024;;E;C;I;;OHN;;;;;;;;;;;;;;;;
7883861;TERRITOIRE;FT 78646/4317;7883861;;OR16;OR16;OR19;OR19;;OCC;MCO;OK;18/04/2024;;E;C;I;;OHN;;;;;;;;;;;;;;;;
7542734;TERRITOIRE;FT 92024/259;7542734;;OR16;OR16;OR19;OR19;;OCC;MCO;OK;02/02/2024;;E;C;T;;S4T;;;;;;;;;;;;;;;;
7607451;TERRITOIRE;FT 92026/377;7607451;;OR16;OR16;OR19;OR19;;OCC;MCO;OK;14/02/2024;;E;C;T;;S3T;;;;;;;;;;;;;;;;
7859222;TERRITOIRE;FT 94068/743;7859222;;OR16;OR16;OR19;OR19;;OCC;MCO;OK;11/04/2024;;E;C;I;;OHN;;;;;;;;;;;;;;;;
7679678;TERRITOIRE;FT 93008/613;7679678;;OR16;OR16;OR19;OR19;;OCC;MCO;OK;04/03/2024;;E;C;T;;S4T;;;;;;;;;;;;;;;;
7694389;TERRITOIRE;FT 92007/11;7694389;;OR16;OR16;OR19;OR19;;OCC;MCO;OK;06/03/2024;;E;C;T;;OHN;;;;;;;;;;;;;;;;
7568334;TERRITOIRE;FT 94015/745;7568334;;OR16;OR16;OR19;OR19;;OCC;MCO;OK;08/02/2024;;E;C;T;;OHN;;;;;;;;;;;;;;;;
7859253;TERRITOIRE;FT 94068/2341;7859253;;OR16;OR16;OR19;OR19;;OCC;MCO;OK;11/04/2024;;E;C;I;;OHN;;;;;;;;;;;;;;;;
7559038;TERRITOIRE;FT 93046/1165;7559038;;OR16;OR16;OR19;OR19;;OCC;MCO;OK;07/02/2024;;E;C;T;;A2B;;;;;;;;;;;;;;;;
7566446;TERRITOIRE;FT 93005/1740;7566446;;OR16;OR16;OR19;OR19;;OCC;MCO;OK;08/02/2024;;E;C;T;;M2T;;;;;;;;;;;;;;;;
7850225;TERRITOIRE;FT 94022/858;7850225;;OR16;OR16;OR19;OR19;;OCC;MCO;OK;08/04/2024;;E;C;I;;L3T;;;;;;;;;;;;;;;;
7830067;TERRITOIRE;FT 92019/593;7830067;;OR16;OR16;OR19;OR19;;OCC;MCO;OK;02/04/2024;;E;C;I;;L2T;;;;;;;;;;;;;;;;
7783118;TERRITOIRE;FT 92014/215;7783118;;OR16;OR16;OR19;OR19;;OCC;MCO;OK;21/03/2024;;E;C;I;;V7T;;;;;;;;;;;;;;;;
8082253;TERRITOIRE;FT 94022/832;8082253;;OR16;OR16;OR19;OR19;;OCC;MCO;OK;08/04/2024;;E;C;I;;L3T;;;;;;;;;;;;;;;;
7600636;TERRITOIRE;FT 92044/593;7600636;;OR16;OR16;OR19;OR19;;OCC;MCO;OK;13/02/2024;;E;C;T;;S3T;;;;;;;;;;;;;;;;
7798458;TERRITOIRE;FT 92023/2401;7798458;;OR16;OR16;OR19;OR19;;OCC;MCO;OK;25/03/2024;;E;C;I;;S1T;;;;;;;;;;;;;;;;
7530597;TERRITOIRE;FT 93010/344;7530597;;OR16;OR16;OR19;OR19;;OCC;MCO;OK;01/02/2024;;E;C;T;;S4T;;;;;;;;;;;;;;;;
7856653;TERRITOIRE;FT 92019/169;7856653;;OR16;OR16;OR19;OR19;;OCC;MCO;OK;10/04/2024;;E;C;I;;OHN;;;;;;;;;;;;;;;;
7594934;TERRITOIRE;FT 94081/2115;7594934;;OR16;OR16;OR19;OR19;;OCC;MCO;OK;13/02/2024;;E;C;T;;L3T;;;;;;;;;;;;;;;;
7604480;TERRITOIRE;FT 92025/3042;7604480;;OR16;OR16;OR19;OR19;;OCC;MCO;OK;14/02/2024;;E;C;T;;L2T;;;;;;;;;;;;;;;;
7559028;TERRITOIRE;FT 93039/135;7559028;;OR16;OR16;OR19;OR19;;OCC;MCO;OK;07/02/2024;;E;C;T;;OHN;;;;;;;;;;;;;;;;
7761911;TERRITOIRE;FT 92078/61;7761911;;OR16;OR16;OR19;OR19;;OCC;MCO;OK;18/03/2024;;E;C;T;;S4T;;;;;;;;;;;;;;;;
7861462;TERRITOIRE;FT 94081/92;7861462;;OR16;OR16;OR19;OR19;;OCC;MCO;OK;12/04/2024;;E;C;I;;L3T;;;;;;;;;;;;;;;;
7883838;TERRITOIRE;FT 78646/804;7883838;;OR16;OR16;OR19;OR19;;OCC;MCO;OK;18/04/2024;;E;C;I;;A2;;;;;;;;;;;;;;;;
7568342;TERRITOIRE;FT 94015/483;7568342;;OR16;OR16;OR19;OR19;;OCC;MCO;OK;08/02/2024;;E;C;T;;OHN;;;;;;;;;;;;;;;;
7652942;TERRITOIRE;FT 92036/FT2;7652942;;OR16;OR16;OR19;OR19;;OCC;MCO;OK;27/02/2024;;E;C;T;;OHN;;;;;;;;;;;;;;;;
7603527;TERRITOIRE;FT 92050/2218;7603527;;OR16;OR16;OR19;OR19;;OCC;MCO;OK;14/02/2024;;E;C;T;;OHN;;;;;;;;;;;;;;;;
7651544;TERRITOIRE;FT 92036/1372;7651544;;OR16;OR16;OR19;OR19;;OCC;MCO;OK;26/02/2024;;E;C;T;;L2T;;;;;;;;;;;;;;;;
7568635;TERRITOIRE;FT 94046/95;7568635;;OR16;OR16;OR19;OR19;;OCC;MCO;OK;08/02/2024;;E;C;T;;OHN;;;;;;;;;;;;;;;;
7748467;TERRITOIRE;FT 93029/1195;7748467;;OR16;OR16;OR19;OR19;;OCC;MCO;OK;04/03/2024;;E;C;T;;OHN;;;;;;;;;;;;;;;;
7798406;TERRITOIRE;FT 92023/1683;7798406;;OR16;OR16;OR19;OR19;;OCC;MCO;OK;25/03/2024;;E;C;I;;S4T;;;;;;;;;;;;;;;;
7991035;TERRITOIRE;FT 93057/706;7991035;;OR16;OR16;OR19;OR19;;OCC;MCO;OK;13/05/2024;;E;C;I;;OHN;;;;;;;;;;;;;;;;
7811841;TERRITOIRE;FT 94054/708;7811841;;OR16;OR16;OR19;OR19;;OCC;MCO;OK;27/03/2024;;E;C;I;;P1T;;;;;;;;;;;;;;;;
7876820;TERRITOIRE;FT 92022/478;7876820;;OR16;OR16;OR19;OR19;;OCC;MCO;OK;17/04/2024;;E;C;I;;L2T;;;;;;;;;;;;;;;;
7873276;TERRITOIRE;FT 94065/298;7873276;;OR16;OR16;OR19;OR19;;OCC;MCO;OK;16/04/2024;;E;C;I;;OHN;;;;;;;;;;;;;;;;
7607397;TERRITOIRE;FT 92026/814;7607397;;OR16;OR16;OR19;OR19;;OCC;MCO;OK;14/02/2024;;E;C;T;;S4T;;;;;;;;;;;;;;;;
7630109;TERRITOIRE;FT 93064/254;7630109;;OR16;OR16;OR19;OR19;;OCC;MCO;OK;21/02/2024;;E;C;T;;OHN;;;;;;;;;;;;;;;;
7618870;TERRITOIRE;FT 93079/507;7618870;;OR16;OR16;OR19;OR19;;OCC;MCO;OK;19/02/2024;;E;C;T;;S4T;;;;;;;;;;;;;;;;
7530617;TERRITOIRE;FT 93010/401;7530617;;OR16;OR16;OR19;OR19;;OCC;MCO;OK;01/02/2024;;E;C;T;;OHN;;;;;;;;;;;;;;;;
7937905;TERRITOIRE;FT 94038/78;7937905;;OR16;OR16;OR19;OR19;;OCC;MCO;OK;26/04/2024;;E;C;I;;L4T;;;;;;;;;;;;;;;;
7761286;TERRITOIRE;FT 93010/934;7761286;;OR16;OR16;OR19;OR19;;OCC;MCO;OK;18/03/2024;;E;C;T;;OHN;;;;;;;;;;;;;;;;
7883511;TERRITOIRE;FT 78646/784;7883511;;OR16;OR16;OR19;OR19;;OCC;MCO;OK;18/04/2024;;E;C;I;;OHN;;;;;;;;;;;;;;;;
7683512;TERRITOIRE;FT 93029/469;7683512;;OR16;OR16;OR19;OR19;;OCC;MCO;OK;04/03/2024;;E;C;T;;OHN;;;;;;;;;;;;;;;;
7796159;TERRITOIRE;FT 93048/2604;7796159;;OR16;OR16;OR19;OR19;;OCC;MCO;OK;25/03/2024;;E;C;I;;OHN;;;;;;;;;;;;;;;;
7838119;TERRITOIRE;FT 92009/310;7838119;;OR16;OR16;OR19;OR19;;OCC;MCO;OK;04/04/2024;;E;C;I;;C1;;;;;;;;;;;;;;;;
7902735;TERRITOIRE;FT 94033/101;7902735;;OR16;OR16;OR19;OR19;;OCC;MCO;OK;23/04/2024;;E;C;I;;OHN;;;;;;;;;;;;;;;;
7630125;TERRITOIRE;FT 93064/1424;7630125;;OR16;OR16;OR19;OR19;;OCC;MCO;OK;21/02/2024;;E;C;T;;OHN;;;;;;;;;;;;;;;;
7830075;TERRITOIRE;FT 92019/45;7830075;;OR16;OR16;OR19;OR19;;OCC;MCO;OK;02/04/2024;;E;C;I;;S3T;;;;;;;;;;;;;;;;
7542725;TERRITOIRE;FT 92024/727;7542725;;OR16;OR16;OR19;OR19;;OCC;MCO;OK;02/02/2024;;E;C;T;;OHN;;;;;;;;;;;;;;;;
7694386;TERRITOIRE;FT 92007/469;7694386;;OR16;OR16;OR19;OR19;;OCC;MCO;OK;06/03/2024;;E;C;T;;OHN;;;;;;;;;;;;;;;;
7777202;TERRITOIRE;FT 92002/654;7777202;;OR16;OR16;OR19;OR19;;OCC;MCO;OK;20/03/2024;;E;C;T;;S3T;;;;;;;;;;;;;;;;
7899887;TERRITOIRE;FT 78646/2756;7899887;;OR16;OR16;OR19;OR19;;OCC;MCO;OK;23/04/2024;;E;C;I;;A2;;;;;;;;;;;;;;;;
7796153;TERRITOIRE;FT 93048/2620;7796153;;OR16;OR16;OR19;OR19;;OCC;MCO;OK;25/03/2024;;E;C;I;;OHN;;;;;;;;;;;;;;;;
7561588;TERRITOIRE;FT 93046/1080;7561588;;OR16;OR16;OR19;OR19;;OCC;MCO;OK;07/02/2024;;E;C;T;;OHN;;;;;;;;;;;;;;;;
7902709;TERRITOIRE;FT 93048/3165;7902709;;OR16;OR16;OR19;OR19;;OCC;MCO;OK;23/04/2024;;E;C;I;;L2T;;;;;;;;;;;;;;;;
7638085;TERRITOIRE;FT 93006/295;7638085;;OR16;OR16;OR19;OR19;;OCC;MCO;OK;22/02/2024;;E;C;T;;OHN;;;;;;;;;;;;;;;;
7643189;TERRITOIRE;FT 93007/186;7643189;;OR16;OR16;OR19;OR19;;OCC;MCO;OK;23/02/2024;;E;C;T;;A2;;;;;;;;;;;;;;;;
7948797;TERRITOIRE;FT 93053/1285;7948797;;OR16;OR16;OR19;OR19;;OCC;MCO;OK;02/05/2024;;E;C;I;;OHN;;;;;;;;;;;;;;;;
7948802;TERRITOIRE;FT 93063/634;7948802;;OR16;OR16;OR19;OR19;;OCC;MCO;OK;02/05/2024;;E;C;I;;OHN;;;;;;;;;;;;;;;;
7542708;TERRITOIRE;FT 92024/110;7542708;;OR16;OR16;OR19;OR19;;OCC;MCO;OK;02/02/2024;;E;C;T;;S3T;;;;;;;;;;;;;;;;
7731186;TERRITOIRE;FT 94028/1735;7731186;;OR16;OR16;OR19;OR19;;OCC;MCO;OK;13/03/2024;;E;C;T;;L3T;;;;;;;;;;;;;;;;
7600676;TERRITOIRE;FT 92044/186;7600676;;OR16;OR16;OR19;OR19;;OCC;MCO;OK;13/02/2024;;E;C;T;;S3T;;;;;;;;;;;;;;;;
7761605;TERRITOIRE;FT 93057/226;7761605;;OR16;OR16;OR19;OR19;;OCC;MCO;OK;18/03/2024;;E;C;T;;L4T;;;;;;;;;;;;;;;;
7901118;TERRITOIRE;FT 93048/1358;7901118;;OR16;OR16;OR19;OR19;;OCC;MCO;OK;23/04/2024;;E;C;I;;OHN;;;;;;;;;;;;;;;;
7994579;TERRITOIRE;FT 93057/742;7994579;;OR16;OR16;OR19;OR19;;OCC;MCO;OK;13/05/2024;;E;C;I;;OHN;;;;;;;;;;;;;;;;
7763219;TERRITOIRE;FT 92036/1075;7763219;;OR16;OR16;OR19;OR19;;OCC;MCO;OK;18/03/2024;;E;C;T;;S3T;;;;;;;;;;;;;;;;
7561587;TERRITOIRE;FT 93046/1176;7561587;;OR16;OR16;OR19;OR19;;OCC;MCO;OK;07/02/2024;;E;C;T;;A2;;;;;;;;;;;;;;;;
7800307;TERRITOIRE;FT 92075/806;7800307;;OR16;OR16;OR19;OR19;;OCC;MCO;OK;26/03/2024;;E;C;I;;S4T;;;;;;;;;;;;;;;;
7683839;TERRITOIRE;FT 93008/607;7683839;;OR16;OR16;OR19;OR19;;OCC;MCO;OK;04/03/2024;;E;C;T;;L2T;;;;;;;;;;;;;;;;
7798399;TERRITOIRE;FT 92020/413;7798399;;OR16;OR16;OR19;OR19;;OCC;MCO;OK;25/03/2024;;E;C;I;;S4T;;;;;;;;;;;;;;;;
7761279;TERRITOIRE;FT 93010/929;7761279;;OR16;OR16;OR19;OR19;;OCC;MCO;OK;18/03/2024;;E;C;T;;OHN;;;;;;;;;;;;;;;;
7643194;TERRITOIRE;FT 93007/185;7643194;;OR16;OR16;OR19;OR19;;OCC;MCO;OK;23/02/2024;;E;C;T;;L4T;;;;;;;;;;;;;;;;
7887666;TERRITOIRE;FT 92073/1418;7887666;;OR16;OR16;OR19;OR19;;OCC;MCO;OK;19/04/2024;;E;C;I;;L3T;;;;;;;;;;;;;;;;
7619825;TERRITOIRE;FT 93031/1347;7619825;;OR16;OR16;OR19;OR19;;OCC;MCO;OK;19/02/2024;;E;C;T;;L3T;;;;;;;;;;;;;;;;
7877138;TERRITOIRE;FT 92012/1396;7877138;;OR16;OR16;OR19;OR19;;OCC;MCO;OK;17/04/2024;;E;C;I;;S3T;;;;;;;;;;;;;;;;
7837771;TERRITOIRE;FT 92025/43;7837771;;OR16;OR16;OR19;OR19;;OCC;MCO;OK;04/04/2024;;E;C;I;;S3T;;;;;;;;;;;;;;;;
7568340;TERRITOIRE;FT 94015/445;7568340;;OR16;OR16;OR19;OR19;;OCC;MCO;OK;08/02/2024;;E;C;T;;OHN;;;;;;;;;;;;;;;;
7883252;TERRITOIRE;FT 92050/385;7883252;;OR16;OR16;OR19;OR19;;OCC;MCO;OK;18/04/2024;;E;C;I;;S3T;;;;;;;;;;;;;;;;
7654739;TERRITOIRE;FT 93008/87;7654739;;OR16;OR16;OR19;OR19;;OCC;MCO;OK;27/02/2024;;E;C;T;;L2T;;;;;;;;;;;;;;;;
7749436;TERRITOIRE;FT 94069/32;7749436;;OR16;OR16;OR19;OR19;;OCC;MCO;OK;15/03/2024;;E;C;T;;S3T;;;;;;;;;;;;;;;;
7568316;TERRITOIRE;FT 94015/461;7568316;;OR16;OR16;OR19;OR19;;OCC;MCO;OK;08/02/2024;;E;C;T;;OHN;;;;;;;;;;;;;;;;
7876811;TERRITOIRE;FT 78640/1666;7876811;;OR16;OR16;OR19;OR19;;OCC;MCO;OK;17/04/2024;;E;C;I;;OHN;;;;;;;;;;;;;;;;
7827205;TERRITOIRE;FT 92046/491;7827205;;OR16;OR16;OR19;OR19;;OCC;MCO;OK;02/04/2024;;E;C;I;;U5T;;;;;;;;;;;;;;;;
7906551;TERRITOIRE;FT 92051/1472;7906551;;OR16;OR16;OR19;OR19;;OCC;MCO;OK;23/04/2024;;E;C;I;;S4T;;;;;;;;;;;;;;;;
7607475;TERRITOIRE;FT 92026/1188;7607475;;OR16;OR16;OR19;OR19;;OCC;MCO;OK;14/02/2024;;E;C;T;;S4T;;;;;;;;;;;;;;;;
8007028;TERRITOIRE;FT 94058/809;8007028;;OR16;OR16;OR19;OR19;;OCC;MCO;OK;15/05/2024;;E;C;I;;OHN;;;;;;;;;;;;;;;;
7699510;TERRITOIRE;FT 92020/762;7699510;;OR16;OR16;OR19;OR19;;OCC;MCO;OK;06/03/2024;;E;C;T;;S3T;;;;;;;;;;;;;;;;
7838430;TERRITOIRE;FT 92025/94;7838430;;OR16;OR16;OR19;OR19;;OCC;MCO;OK;04/04/2024;;E;C;I;;OHN;;;;;;;;;;;;;;;;
7761586;TERRITOIRE;FT 93010/432;7761586;;OR16;OR16;OR19;OR19;;OCC;MCO;OK;18/03/2024;;E;C;T;;OHN;;;;;;;;;;;;;;;;
7991462;TERRITOIRE;FT 93077/362;7991462;;OR16;OR16;OR19;OR19;;OCC;MCO;OK;13/05/2024;;E;C;I;;A2;;;;;;;;;;;;;;;;
7789127;TERRITOIRE;FT 92071/399;7789127;;OR16;OR16;OR19;OR19;;OCC;MCO;OK;22/03/2024;;E;C;I;;S3T;;;;;;;;;;;;;;;;
7811864;TERRITOIRE;FT 94081/1684;7811864;;OR16;OR16;OR19;OR19;;OCC;MCO;OK;27/03/2024;;E;C;I;;L4T;;;;;;;;;;;;;;;;
7963532;TERRITOIRE;FT 94043/92;7963532;;OR16;OR16;OR19;OR19;;OCC;MCO;OK;06/05/2024;;E;C;I;;L4T;;;;;;;;;;;;;;;;
7618877;TERRITOIRE;FT 93079/25;7618877;;OR16;OR16;OR19;OR19;;OCC;MCO;OK;19/02/2024;;E;C;T;;L6T;;;;;;;;;;;;;;;;
7672318;TERRITOIRE;FT 93066/131;7672318;;OR16;OR16;OR19;OR19;;OCC;MCO;OK;29/02/2024;;E;C;T;;OHN;;;;;;;;;;;;;;;;
7800332;TERRITOIRE;FT 92075/500;7800332;;OR16;OR16;OR19;OR19;;OCC;MCO;OK;26/03/2024;;E;C;I;;S4T;;;;;;;;;;;;;;;;
7837810;TERRITOIRE;FT 92025/310;7837810;;OR16;OR16;OR19;OR19;;OCC;MCO;OK;04/04/2024;;E;C;I;;OHN;;;;;;;;;;;;;;;;
7570866;TERRITOIRE;FT 94017/3342;7570866;;OR16;OR16;OR19;OR19;;OCC;MCO;OK;09/02/2024;;E;C;T;;L4T;;;;;;;;;;;;;;;;
7514235;TERRITOIRE;FT 93055/235;7514235;;OR16;OR16;OR19;OR19;;OCC;MCO;OK;30/01/2024;;E;C;T;;OHN;;;;;;;;;;;;;;;;
7654773;TERRITOIRE;FT 93007/869;7654773;;OR16;OR16;OR19;OR19;;OCC;MCO;OK;27/02/2024;;E;C;T;;D1;;;;;;;;;;;;;;;;
7847995;TERRITOIRE;FT 94067/28;7847995;;OR16;OR16;OR19;OR19;;OCC;MCO;OK;07/04/2024;;E;C;I;;S4T;;;;;;;;;;;;;;;;
7926414;TERRITOIRE;FT 94076/13;7926414;;OR16;OR16;OR19;OR19;;OCC;MCO;OK;26/04/2024;;E;C;I;;L3T;;;;;;;;;;;;;;;;
7679352;TERRITOIRE;FT 94046/914;7679352;;OR16;OR16;OR19;OR19;;OCC;MCO;OK;04/03/2024;;E;C;T;;U7T;;;;;;;;;;;;;;;;
7568324;TERRITOIRE;FT 94015/460;7568324;;OR16;OR16;OR19;OR19;;OCC;MCO;OK;08/02/2024;;E;C;T;;OHN;;;;;;;;;;;;;;;;
7646391;TERRITOIRE;FT 93007/1846;7646391;;OR16;OR16;OR19;OR19;;OCC;MCO;OK;23/02/2024;;E;C;T;;D3;;;;;;;;;;;;;;;;
7654727;TERRITOIRE;FT 93013/310;7654727;;OR16;OR16;OR19;OR19;;OCC;MCO;OK;27/02/2024;;E;C;T;;OHN;;;;;;;;;;;;;;;;
7603513;TERRITOIRE;FT 92050/1113;7603513;;OR16;OR16;OR19;OR19;;OCC;MCO;OK;14/02/2024;;E;C;T;;S4T;;;;;;;;;;;;;;;;
7876837;TERRITOIRE;FT 92022/550;7876837;;OR16;OR16;OR19;OR19;;OCC;MCO;OK;17/04/2024;;E;C;I;;A2;;;;;;;;;;;;;;;;
7718717;TERRITOIRE;FT 94016/84;7718717;;OR16;OR16;OR19;OR19;;OCC;MCO;OK;11/03/2024;;E;C;T;;L1T;;;;;;;;;;;;;;;;
7530559;TERRITOIRE;FT 93077/128;7530559;;OR16;OR16;OR19;OR19;;OCC;MCO;OK;01/02/2024;;E;C;T;;OHN;;;;;;;;;;;;;;;;
7850292;TERRITOIRE;FT 94022/1053;7850292;;OR16;OR16;OR19;OR19;;OCC;MCO;OK;08/04/2024;;E;C;I;;L4T;;;;;;;;;;;;;;;;
7883860;TERRITOIRE;FT 78646/4271;7883860;;OR16;OR16;OR19;OR19;;OCC;MCO;OK;18/04/2024;;E;C;I;;OHN;;;;;;;;;;;;;;;;
7899876;TERRITOIRE;FT 78646/5841;7899876;;OR16;OR16;OR19;OR19;;OCC;MCO;OK;23/04/2024;;E;C;I;;A2;;;;;;;;;;;;;;;;
7826576;TERRITOIRE;FT 92046/806;7826576;;OR16;OR16;OR19;OR19;;OCC;MCO;OK;02/04/2024;;E;C;I;;OHN;;;;;;;;;;;;;;;;
7651536;TERRITOIRE;FT 92036/1365;7651536;;OR16;OR16;OR19;OR19;;OCC;MCO;OK;26/02/2024;;E;C;T;;S3T;;;;;;;;;;;;;;;;
7902706;TERRITOIRE;FT 93048/1322;7902706;;OR16;OR16;OR19;OR19;;OCC;MCO;OK;23/04/2024;;E;C;I;;OHN;;;;;;;;;;;;;;;;
7750390;TERRITOIRE;FT 94028/1945;7750390;;OR16;OR16;OR19;OR19;;OCC;MCO;OK;15/03/2024;;E;C;T;;L3T;;;;;;;;;;;;;;;;
7761309;TERRITOIRE;FT 93057/268;7761309;;OR16;OR16;OR19;OR19;;OCC;MCO;OK;18/03/2024;;E;C;T;;OHN;;;;;;;;;;;;;;;;
7991436;TERRITOIRE;FT 93077/173;7991436;;OR16;OR16;OR19;OR19;;OCC;MCO;OK;13/05/2024;;E;C;I;;OHN;;;;;;;;;;;;;;;;
8003511;TERRITOIRE;FT 94058/1052;8003511;;OR16;OR16;OR19;OR19;;OCC;MCO;OK;15/05/2024;;E;C;I;;OHN;;;;;;;;;;;;;;;;
7783057;TERRITOIRE;FT 92002/1884;7783057;;OR16;OR16;OR19;OR19;;OCC;MCO;OK;21/03/2024;;E;C;I;;S1T;;;;;;;;;;;;;;;;
7566438;TERRITOIRE;FT 93046/873;7566438;;OR16;OR16;OR19;OR19;;OCC;MCO;OK;08/02/2024;;E;C;T;;OHN;;;;;;;;;;;;;;;;
7519712;TERRITOIRE;FT 94033/484;7519712;;OR16;OR16;OR19;OR19;;OCC;MCO;OK;31/01/2024;;E;C;T;;OHN;;;;;;;;;;;;;;;;
7854389;TERRITOIRE;FT 94022/944;7854389;;OR16;OR16;OR19;OR19;;OCC;MCO;OK;08/04/2024;;E;C;I;;OHN;;;;;;;;;;;;;;;;
7871373;TERRITOIRE;FT 94052/770;7871373;;OR16;OR16;OR19;OR19;;OCC;MCO;OK;16/04/2024;;E;C;I;;OHN;;;;;;;;;;;;;;;;
7859391;TERRITOIRE;FT 94068/2368;7859391;;OR16;OR16;OR19;OR19;;OCC;MCO;OK;11/04/2024;;E;C;I;;S3T;;;;;;;;;;;;;;;;
7683851;TERRITOIRE;FT 93008/71371;7683851;;OR16;OR16;OR19;OR19;;OCC;MCO;OK;04/03/2024;;E;C;T;;S4T;;;;;;;;;;;;;;;;
7630197;TERRITOIRE;FT 93064/1391;7630197;;OR16;OR16;OR19;OR19;;OCC;MCO;OK;21/02/2024;;E;C;T;;OHN;;;;;;;;;;;;;;;;
7833274;TERRITOIRE;FT 94017/1909;7833274;;OR16;OR16;OR19;OR19;;OCC;MCO;OK;03/04/2024;;E;C;I;;OHN;;;;;;;;;;;;;;;;
7883277;TERRITOIRE;FT 78646/1396;7883277;;OR16;OR16;OR19;OR19;;OCC;MCO;OK;18/04/2024;;E;C;I;;OHN;;;;;;;;;;;;;;;;
7838070;TERRITOIRE;FT 92025/360;7838070;;OR16;OR16;OR19;OR19;;OCC;MCO;OK;04/04/2024;;E;C;I;;OHN;;;;;;;;;;;;;;;;
7837818;TERRITOIRE;FT 92025/317;7837818;;OR16;OR16;OR19;OR19;;OCC;MCO;OK;04/04/2024;;E;C;I;;S3T;;;;;;;;;;;;;;;;
7827188;TERRITOIRE;FT 92046/792;7827188;;OR16;OR16;OR19;OR19;;OCC;MCO;OK;02/04/2024;;E;C;I;;S1T;;;;;;;;;;;;;;;;
7991667;TERRITOIRE;FT 93077/608;7991667;;OR16;OR16;OR19;OR19;;OCC;MCO;OK;13/05/2024;;E;C;I;;L3T;;;;;;;;;;;;;;;;
7630146;TERRITOIRE;FT 93064/1310;7630146;;OR16;OR16;OR19;OR19;;OCC;MCO;OK;21/02/2024;;E;C;T;;OHN;;;;;;;;;;;;;;;;
7761297;TERRITOIRE;FT 93010/1076;7761297;;OR16;OR16;OR19;OR19;;OCC;MCO;OK;18/03/2024;;E;C;T;;S4T;;;;;;;;;;;;;;;;
7888330;TERRITOIRE;FT 92073/1419;7888330;;OR16;OR16;OR19;OR19;;OCC;MCO;OK;19/04/2024;;E;C;I;;OHN;;;;;;;;;;;;;;;;
7645437;TERRITOIRE;FT 93007/1806;7645437;;OR16;OR16;OR19;OR19;;OCC;MCO;OK;23/02/2024;;E;C;T;;OHN;;;;;;;;;;;;;;;;
7783103;TERRITOIRE;FT 92002/1814;7783103;;OR16;OR16;OR19;OR19;;OCC;MCO;OK;21/03/2024;;E;C;I;;S4T;;;;;;;;;;;;;;;;
7620492;TERRITOIRE;FT 93048/46;7620492;;OR16;OR16;OR19;OR19;;OCC;MCO;OK;19/02/2024;;E;C;T;;OHN;;;;;;;;;;;;;;;;
7683529;TERRITOIRE;FT 93029/894;7683529;;OR16;OR16;OR19;OR19;;OCC;MCO;OK;04/03/2024;;E;C;T;;L1T;;;;;;;;;;;;;;;;
7800368;TERRITOIRE;FT 92007/199;7800368;;OR16;OR16;OR19;OR19;;OCC;MCO;OK;26/03/2024;;E;C;I;;OHN;;;;;;;;;;;;;;;;
7796191;TERRITOIRE;FT 93048/2165;7796191;;OR16;OR16;OR19;OR19;;OCC;MCO;OK;25/03/2024;;E;C;I;;OHN;;;;;;;;;;;;;;;;
7782732;TERRITOIRE;FT 92032/84;7782732;;OR16;OR16;OR19;OR19;;OCC;MCO;OK;21/03/2024;;E;C;I;;OHN;;;;;;;;;;;;;;;;
7616013;TERRITOIRE;FT 93048/2699;7616013;;OR16;OR16;OR19;OR19;;OCC;MCO;OK;16/02/2024;;E;C;T;;OHN;;;;;;;;;;;;;;;;
7568633;TERRITOIRE;FT 94046/89;7568633;;OR16;OR16;OR19;OR19;;OCC;MCO;OK;08/02/2024;;E;C;T;;OHN;;;;;;;;;;;;;;;;
7651607;TERRITOIRE;FT 92036/1239;7651607;;OR16;OR16;OR19;OR19;;OCC;MCO;OK;26/02/2024;;E;C;T;;S3T;;;;;;;;;;;;;;;;
7811863;TERRITOIRE;FT 94081/1683;7811863;;OR16;OR16;OR19;OR19;;OCC;MCO;OK;27/03/2024;;E;C;I;;L4T;;;;;;;;;;;;;;;;
7777134;TERRITOIRE;FT 92002/1087;7777134;;OR16;OR16;OR19;OR19;;OCC;MCO;OK;20/03/2024;;E;C;T;;S4T;;;;;;;;;;;;;;;;
7991346;TERRITOIRE;FT 93077/592;7991346;;OR16;OR16;OR19;OR19;;OCC;MCO;OK;13/05/2024;;E;C;I;;OHN;;;;;;;;;;;;;;;;
7714546;TERRITOIRE;FT 92004/2306;7714546;;OR16;OR16;OR19;OR19;;OCC;MCO;OK;08/03/2024;;E;C;T;;L2T;;;;;;;;;;;;;;;;
7901107;TERRITOIRE;FT 92025/1016;7901107;;OR16;OR16;OR19;OR19;;OCC;MCO;OK;23/04/2024;;E;C;I;;OHN;;;;;;;;;;;;;;;;
7963515;TERRITOIRE;FT 94034/545;7963515;;OR16;OR16;OR19;OR19;;OCC;MCO;OK;06/05/2024;;E;C;I;;S3T;;;;;;;;;;;;;;;;
7603507;TERRITOIRE;FT 92050/1871;7603507;;OR16;OR16;OR19;OR19;;OCC;MCO;OK;14/02/2024;;E;C;T;;S3T;;;;;;;;;;;;;;;;
7811835;TERRITOIRE;FT 94054/596;7811835;;OR16;OR16;OR19;OR19;;OCC;MCO;OK;27/03/2024;;E;C;I;;K2C;;;;;;;;;;;;;;;;
7902733;TERRITOIRE;FT 94033/1683;7902733;;OR16;OR16;OR19;OR19;;OCC;MCO;OK;23/04/2024;;E;C;I;;S3T;;;;;;;;;;;;;;;;
7761616;TERRITOIRE;FT 93010/521;7761616;;OR16;OR16;OR19;OR19;;OCC;MCO;OK;18/03/2024;;E;C;T;;A2B;;;;;;;;;;;;;;;;
7620793;TERRITOIRE;FT 93006/193;7620793;;OR16;OR16;OR19;OR19;;OCC;MCO;OK;19/02/2024;;E;C;T;;OHN;;;;;;;;;;;;;;;;
7553624;TERRITOIRE;FT 92036/322;7553624;;OR16;OR16;OR19;OR19;;OCC;MCO;OK;06/02/2024;;E;C;T;;L5T;;;;;;;;;;;;;;;;
7902745;TERRITOIRE;FT 94080/1224;7902745;;OR16;OR16;OR19;OR19;;OCC;MCO;OK;23/04/2024;;E;C;I;;S4T;;;;;;;;;;;;;;;;
7714548;TERRITOIRE;FT 92004/1153;7714548;;OR16;OR16;OR19;OR19;;OCC;MCO;OK;08/03/2024;;E;C;T;;OHN;;;;;;;;;;;;;;;;
7761314;TERRITOIRE;FT 93057/334;7761314;;OR16;OR16;OR19;OR19;;OCC;MCO;OK;18/03/2024;;E;C;T;;OHN;;;;;;;;;;;;;;;;
7837765;TERRITOIRE;FT 92025/1208;7837765;;OR16;OR16;OR19;OR19;;OCC;MCO;OK;04/04/2024;;E;C;I;;S4T;;;;;;;;;;;;;;;;
7777215;TERRITOIRE;FT 92002/1154;7777215;;OR16;OR16;OR19;OR19;;OCC;MCO;OK;20/03/2024;;E;C;T;;S3T;;;;;;;;;;;;;;;;
7654705;TERRITOIRE;FT 93013/186;7654705;;OR16;OR16;OR19;OR19;;OCC;MCO;OK;27/02/2024;;E;C;T;;S4T;;;;;;;;;;;;;;;;
7830074;TERRITOIRE;FT 92019/597;7830074;;OR16;OR16;OR19;OR19;;OCC;MCO;OK;02/04/2024;;E;C;I;;L2T;;;;;;;;;;;;;;;;
7761334;TERRITOIRE;FT 93057/365;7761334;;OR16;OR16;OR19;OR19;;OCC;MCO;OK;18/03/2024;;E;C;T;;OHN;;;;;;;;;;;;;;;;
7905278;TERRITOIRE;FT 92051/1182;7905278;;OR16;OR16;OR19;OR19;;OCC;MCO;OK;23/04/2024;;E;C;I;;S3T;;;;;;;;;;;;;;;;
7991455;TERRITOIRE;FT 93077/159;7991455;;OR16;OR16;OR19;OR19;;OCC;MCO;OK;13/05/2024;;E;C;I;;OHN;;;;;;;;;;;;;;;;
7615677;TERRITOIRE;FT 94033/1032;7615677;;OR16;OR16;OR19;OR19;;OCC;MCO;OK;16/02/2024;;E;C;T;;S4T;;;;;;;;;;;;;;;;
7859220;TERRITOIRE;FT 94068/615;7859220;;OR16;OR16;OR19;OR19;;OCC;MCO;OK;11/04/2024;;E;C;I;;OHN;;;;;;;;;;;;;;;;
7876797;TERRITOIRE;FT 92022/214;7876797;;OR16;OR16;OR19;OR19;;OCC;MCO;OK;17/04/2024;;E;C;I;;OHN;;;;;;;;;;;;;;;;
7540800;TERRITOIRE;FT 93001/542;7540800;;OR16;OR16;OR19;OR19;;OCC;MCO;OK;02/02/2024;;E;C;T;;OHN;;;;;;;;;;;;;;;;
7605110;TERRITOIRE;FT 92025/1367;7605110;;OR16;OR16;OR19;OR19;;OCC;MCO;OK;14/02/2024;;E;C;T;;S4T;;;;;;;;;;;;;;;;
7883856;TERRITOIRE;FT 78646/4450;7883856;;OR16;OR16;OR19;OR19;;OCC;MCO;OK;18/04/2024;;E;C;I;;OHN;;;;;;;;;;;;;;;;
7603545;TERRITOIRE;FT 92035/33;7603545;;OR16;OR16;OR19;OR19;;OCC;MCO;OK;14/02/2024;;E;C;T;;S3T;;;;;;;;;;;;;;;;
7912707;TERRITOIRE;FT 94077/624;7912707;;OR16;OR16;OR19;OR19;;OCC;MCO;OK;24/04/2024;;E;C;I;;L2T;;;;;;;;;;;;;;;;
7915869;TERRITOIRE;FT 94018/198;7915869;;OR16;OR16;OR19;OR19;;OCC;MCO;OK;24/04/2024;;E;C;I;;S4T;;;;;;;;;;;;;;;;
7991432;TERRITOIRE;FT 93077/146;7991432;;OR16;OR16;OR19;OR19;;OCC;MCO;OK;13/05/2024;;E;C;I;;OHN;;;;;;;;;;;;;;;;
7609925;TERRITOIRE;FT 92026/1017;7609925;;OR16;OR16;OR19;OR19;;OCC;MCO;OK;15/02/2024;;E;C;T;;S3T;;;;;;;;;;;;;;;;
7542746;TERRITOIRE;FT 92024/766;7542746;;OR16;OR16;OR19;OR19;;OCC;MCO;OK;02/02/2024;;E;C;T;;S4T;;;;;;;;;;;;;;;;
7568631;TERRITOIRE;FT 94046/82;7568631;;OR16;OR16;OR19;OR19;;OCC;MCO;OK;08/02/2024;;E;C;T;;OHN;;;;;;;;;;;;;;;;
7798412;TERRITOIRE;FT 92023/2430;7798412;;OR16;OR16;OR19;OR19;;OCC;MCO;OK;25/03/2024;;E;C;I;;S1T;;;;;;;;;;;;;;;;
7991458;TERRITOIRE;FT 93077/184;7991458;;OR16;OR16;OR19;OR19;;OCC;MCO;OK;13/05/2024;;E;C;I;;OHN;;;;;;;;;;;;;;;;
7915882;TERRITOIRE;FT 94018/180;7915882;;OR16;OR16;OR19;OR19;;OCC;MCO;OK;24/04/2024;;E;C;I;;OHN;;;;;;;;;;;;;;;;
7973759;TERRITOIRE;FT 95063/728;7973759;;OR16;OR16;OR19;OR19;;OCC;MCO;OK;07/05/2024;;E;C;I;;OHN;;;;;;;;;;;;;;;;
7530238;TERRITOIRE;FT 93059/811;7530238;;OR16;OR16;OR19;OR19;;OCC;MCO;OK;01/02/2024;;E;C;T;;L2T;;;;;;;;;;;;;;;;
7603197;TERRITOIRE;FT 92025/1464;7603197;;OR16;OR16;OR19;OR19;;OCC;MCO;OK;14/02/2024;;E;C;T;;S4T;;;;;;;;;;;;;;;;
7859400;TERRITOIRE;FT 94068/2076;7859400;;OR16;OR16;OR19;OR19;;OCC;MCO;OK;11/04/2024;;E;C;I;;OHN;;;;;;;;;;;;;;;;
7714584;TERRITOIRE;FT 92004/1956;7714584;;OR16;OR16;OR19;OR19;;OCC;MCO;OK;08/03/2024;;E;C;T;;S3T;;;;;;;;;;;;;;;;
7902738;TERRITOIRE;FT 94080/1016;7902738;;OR16;OR16;OR19;OR19;;OCC;MCO;OK;23/04/2024;;E;C;I;;S3T;;;;;;;;;;;;;;;;
7630158;TERRITOIRE;FT 93064/1385;7630158;;OR16;OR16;OR19;OR19;;OCC;MCO;OK;21/02/2024;;E;C;T;;OHN;;;;;;;;;;;;;;;;
7871398;TERRITOIRE;FT 92073/44;7871398;;OR16;OR16;OR19;OR19;;OCC;MCO;OK;16/04/2024;;E;C;I;;S3T;;;;;;;;;;;;;;;;
7798425;TERRITOIRE;FT 92020/772;7798425;;OR16;OR16;OR19;OR19;;OCC;MCO;OK;25/03/2024;;E;C;I;;S3T;;;;;;;;;;;;;;;;
7683521;TERRITOIRE;FT 93029/518;7683521;;OR16;OR16;OR19;OR19;;OCC;MCO;OK;04/03/2024;;E;C;T;;OHN;;;;;;;;;;;;;;;;
7948793;TERRITOIRE;FT 93048/1831;7948793;;OR16;OR16;OR19;OR19;;OCC;MCO;OK;02/05/2024;;E;C;I;;OHN;;;;;;;;;;;;;;;;
7561594;TERRITOIRE;FT 93046/1038;7561594;;OR16;OR16;OR19;OR19;;OCC;MCO;OK;07/02/2024;;E;C;T;;L6T;;;;;;;;;;;;;;;;
7859340;TERRITOIRE;FT 94068/1985;7859340;;OR16;OR16;OR19;OR19;;OCC;MCO;OK;11/04/2024;;E;C;I;;OHN;;;;;;;;;;;;;;;;
7566395;TERRITOIRE;FT 93005/1792;7566395;;OR16;OR16;OR19;OR19;;OCC;MCO;OK;08/02/2024;;E;C;T;;M1C;;;;;;;;;;;;;;;;
7915859;TERRITOIRE;FT 94018/157;7915859;;OR16;OR16;OR19;OR19;;OCC;MCO;OK;24/04/2024;;E;C;I;;S3T;;;;;;;;;;;;;;;;
7833909;TERRITOIRE;FT 94017/2498;7833909;;OR16;OR16;OR19;OR19;;OCC;MCO;OK;03/04/2024;;E;C;I;;L3T;;;;;;;;;;;;;;;;
7615996;TERRITOIRE;FT 93070/747;7615996;;OR16;OR16;OR19;OR19;;OCC;MCO;OK;16/02/2024;;E;C;T;;L6T;;;;;;;;;;;;;;;;
7638069;TERRITOIRE;FT 94033/845;7638069;;OR16;OR16;OR19;OR19;;OCC;MCO;OK;22/02/2024;;E;C;T;;OHN;;;;;;;;;;;;;;;;
7963512;TERRITOIRE;FT 94034/454;7963512;;OR16;OR16;OR19;OR19;;OCC;MCO;OK;06/05/2024;;E;C;I;;L2T;;;;;;;;;;;;;;;;
7672637;TERRITOIRE;FT 93066/888;7672637;;OR16;OR16;OR19;OR19;;OCC;MCO;OK;29/02/2024;;E;C;T;;S4T;;;;;;;;;;;;;;;;
7572153;TERRITOIRE;FT 94046/851;7572153;;OR16;OR16;OR19;OR19;;OCC;MCO;OK;09/02/2024;;E;C;T;;OHN;;;;;;;;;;;;;;;;
7827223;TERRITOIRE;FT 92046/106;7827223;;OR16;OR16;OR19;OR19;;OCC;MCO;OK;02/04/2024;;E;C;I;;S3T;;;;;;;;;;;;;;;;
7833271;TERRITOIRE;FT 94017/1912;7833271;;OR16;OR16;OR19;OR19;;OCC;MCO;OK;03/04/2024;;E;C;I;;OHN;;;;;;;;;;;;;;;;
7694387;TERRITOIRE;FT 92007/817;7694387;;OR16;OR16;OR19;OR19;;OCC;MCO;OK;06/03/2024;;E;C;T;;S3T;;;;;;;;;;;;;;;;
7838144;TERRITOIRE;FT 92009/877;7838144;;OR16;OR16;OR19;OR19;;OCC;MCO;OK;04/04/2024;;E;C;I;;S3T;;;;;;;;;;;;;;;;
7783027;TERRITOIRE;FT 92002/1835;7783027;;OR16;OR16;OR19;OR19;;OCC;MCO;OK;21/03/2024;;E;C;I;;S3T;;;;;;;;;;;;;;;;
7643828;TERRITOIRE;FT 93007/383;7643828;;OR16;OR16;OR19;OR19;;OCC;MCO;OK;23/02/2024;;E;C;T;;L5T;;;;;;;;;;;;;;;;
8007034;TERRITOIRE;FT 94058/1451;8007034;;OR16;OR16;OR19;OR19;;OCC;MCO;OK;15/05/2024;;E;C;I;;L2T;;;;;;;;;;;;;;;;
7635201;TERRITOIRE;FT 93072/1215;7635201;;OR16;OR16;OR19;OR19;;OCC;MCO;OK;22/02/2024;;E;C;T;;L5T;;;;;;;;;;;;;;;;
7651506;TERRITOIRE;FT 92078/206;7651506;;OR16;OR16;OR19;OR19;;OCC;MCO;OK;26/02/2024;;E;C;T;;S3T;;;;;;;;;;;;;;;;
7904627;TERRITOIRE;FT 78646/1298;7904627;;OR16;OR16;OR19;OR19;;OCC;MCO;OK;18/04/2024;;E;C;I;;A2T;;;;;;;;;;;;;;;;
7850263;TERRITOIRE;FT 94022/886;7850263;;OR16;OR16;OR19;OR19;;OCC;MCO;OK;08/04/2024;;E;C;I;;L1T;;;;;;;;;;;;;;;;
7572147;TERRITOIRE;FT 94046/899;7572147;;OR16;OR16;OR19;OR19;;OCC;MCO;OK;09/02/2024;;E;C;T;;V6T;;;;;;;;;;;;;;;;
7991469;TERRITOIRE;FT 93077/542;7991469;;OR16;OR16;OR19;OR19;;OCC;MCO;OK;13/05/2024;;E;C;I;;A2B;;;;;;;;;;;;;;;;
7630177;TERRITOIRE;FT 93064/1769;7630177;;OR16;OR16;OR19;OR19;;OCC;MCO;OK;21/02/2024;;E;C;T;;OHN;;;;;;;;;;;;;;;;
7991421;TERRITOIRE;FT 93010/334;7991421;;OR16;OR16;OR19;OR19;;OCC;MCO;OK;13/05/2024;;E;C;I;;OHN;;;;;;;;;;;;;;;;
7912668;TERRITOIRE;FT 94077/83;7912668;;OR16;OR16;OR19;OR19;;OCC;MCO;OK;24/04/2024;;E;C;I;;L3T;;;;;;;;;;;;;;;;
7859204;TERRITOIRE;FT 94068/599;7859204;;OR16;OR16;OR19;OR19;;OCC;MCO;OK;11/04/2024;;E;C;I;;OHN;;;;;;;;;;;;;;;;
7912703;TERRITOIRE;FT 94077/582;7912703;;OR16;OR16;OR19;OR19;;OCC;MCO;OK;24/04/2024;;E;C;I;;L4T;;;;;;;;;;;;;;;;
7566400;TERRITOIRE;FT 93005/1923;7566400;;OR16;OR16;OR19;OR19;;OCC;MCO;OK;08/02/2024;;E;C;T;;L4T;;;;;;;;;;;;;;;;
7634879;TERRITOIRE;FT 94052/1033;7634879;;OR16;OR16;OR19;OR19;;OCC;MCO;OK;22/02/2024;;E;C;T;;OHN;;;;;;;;;;;;;;;;
7632316;TERRITOIRE;FT 93031/369;7632316;;OR16;OR16;OR19;OR19;;OCC;MCO;OK;21/02/2024;;E;C;T;;OHN;;;;;;;;;;;;;;;;
7883260;TERRITOIRE;FT 92050/249;7883260;;OR16;OR16;OR19;OR19;;OCC;MCO;OK;18/04/2024;;E;C;I;;S4T;;;;;;;;;;;;;;;;
7906559;TERRITOIRE;FT 92051/1246;7906559;;OR16;OR16;OR19;OR19;;OCC;MCO;OK;23/04/2024;;E;C;I;;S3T;;;;;;;;;;;;;;;;
7530610;TERRITOIRE;FT 93010/403;7530610;;OR16;OR16;OR19;OR19;;OCC;MCO;OK;01/02/2024;;E;C;T;;OHN;;;;;;;;;;;;;;;;
7902742;TERRITOIRE;FT 94080/1019;7902742;;OR16;OR16;OR19;OR19;;OCC;MCO;OK;23/04/2024;;E;C;I;;OHN;;;;;;;;;;;;;;;;
7973756;TERRITOIRE;FT 95063/530;7973756;;OR16;OR16;OR19;OR19;;OCC;MCO;OK;07/05/2024;;E;C;I;;OHN;;;;;;;;;;;;;;;;
7800338;TERRITOIRE;FT 92075/52;7800338;;OR16;OR16;OR19;OR19;;OCC;MCO;OK;26/03/2024;;E;C;I;;S3T;;;;;;;;;;;;;;;;
7777122;TERRITOIRE;FT 92002/879;7777122;;OR16;OR16;OR19;OR19;;OCC;MCO;OK;20/03/2024;;E;C;T;;S4T;;;;;;;;;;;;;;;;
7568317;TERRITOIRE;FT 94015/41;7568317;;OR16;OR16;OR19;OR19;;OCC;MCO;OK;08/02/2024;;E;C;T;;OHN;;;;;;;;;;;;;;;;
7905279;TERRITOIRE;FT 92051/1209;7905279;;OR16;OR16;OR19;OR19;;OCC;MCO;OK;23/04/2024;;E;C;I;;S4T;;;;;;;;;;;;;;;;
7963538;TERRITOIRE;FT 94043/89;7963538;;OR16;OR16;OR19;OR19;;OCC;MCO;OK;06/05/2024;;E;C;I;;K3C;;;;;;;;;;;;;;;;
7607474;TERRITOIRE;FT 92026/381;7607474;;OR16;OR16;OR19;OR19;;OCC;MCO;OK;14/02/2024;;E;C;T;;S3T;;;;;;;;;;;;;;;;
7553609;TERRITOIRE;FT 92036/976;7553609;;OR16;OR16;OR19;OR19;;OCC;MCO;OK;06/02/2024;;E;C;T;;L2T;;;;;;;;;;;;;;;;
7906554;TERRITOIRE;FT 92051/1481;7906554;;OR16;OR16;OR19;OR19;;OCC;MCO;OK;23/04/2024;;E;C;I;;U5T;;;;;;;;;;;;;;;;
7552949;TERRITOIRE;FT 92036/644;7552949;;OR16;OR16;OR19;OR19;;OCC;MCO;OK;06/02/2024;;E;C;T;;S3T;;;;;;;;;;;;;;;;
7519731;TERRITOIRE;FT 94033/761;7519731;;OR16;OR16;OR19;OR19;;OCC;MCO;OK;31/01/2024;;E;C;T;;OHN;;;;;;;;;;;;;;;;
7530596;TERRITOIRE;FT 93010/336;7530596;;OR16;OR16;OR19;OR19;;OCC;MCO;OK;01/02/2024;;E;C;T;;S3T;;;;;;;;;;;;;;;;
7830077;TERRITOIRE;FT 92019/466;7830077;;OR16;OR16;OR19;OR19;;OCC;MCO;OK;02/04/2024;;E;C;I;;S4T;;;;;;;;;;;;;;;;
7948813;TERRITOIRE;FT 93045/122;7948813;;OR16;OR16;OR19;OR19;;OCC;MCO;OK;02/05/2024;;E;C;I;;OHN;;;;;;;;;;;;;;;;
7519675;TERRITOIRE;FT 94033/882;7519675;;OR16;OR16;OR19;OR19;;OCC;MCO;OK;31/01/2024;;E;C;T;;OHN;;;;;;;;;;;;;;;;
7688309;TERRITOIRE;FT 93001/1359;7688309;;OR16;OR16;OR19;OR19;;OCC;MCO;OK;05/03/2024;;E;C;T;;U6T;;;;;;;;;;;;;;;;
7837454;TERRITOIRE;FT 92025/842;7837454;;OR16;OR16;OR19;OR19;;OCC;MCO;OK;04/04/2024;;E;C;I;;L4T;;;;;;;;;;;;;;;;
7833919;TERRITOIRE;FT 94017/3057;7833919;;OR16;OR16;OR19;OR19;;OCC;MCO;OK;03/04/2024;;E;C;I;;OHN;;;;;;;;;;;;;;;;
7719985;TERRITOIRE;FT 94016/85;7719985;;OR16;OR16;OR19;OR19;;OCC;MCO;OK;11/03/2024;;E;C;T;;L2T;;;;;;;;;;;;;;;;
7566452;TERRITOIRE;FT 93046/1027;7566452;;OR16;OR16;OR19;OR19;;OCC;MCO;OK;08/02/2024;;E;C;T;;A2;;;;;;;;;;;;;;;;
7859230;TERRITOIRE;FT 94068/201;7859230;;OR16;OR16;OR19;OR19;;OCC;MCO;OK;11/04/2024;;E;C;I;;OHN;;;;;;;;;;;;;;;;
7763186;TERRITOIRE;FT 92036/723;7763186;;OR16;OR16;OR19;OR19;;OCC;MCO;OK;18/03/2024;;E;C;T;;V6T;;;;;;;;;;;;;;;;
7596170;TERRITOIRE;FT 94017/2304;7596170;;OR16;OR16;OR19;OR19;;OCC;MCO;OK;13/02/2024;;E;C;T;;U5T;;;;;;;;;;;;;;;;
7561592;TERRITOIRE;FT 93046/1167;7561592;;OR16;OR16;OR19;OR19;;OCC;MCO;OK;07/02/2024;;E;C;T;;A2;;;;;;;;;;;;;;;;
7609954;TERRITOIRE;FT 92026/979;7609954;;OR16;OR16;OR19;OR19;;OCC;MCO;OK;15/02/2024;;E;C;T;;S3T;;;;;;;;;;;;;;;;
7915841;TERRITOIRE;FT 94018/146;7915841;;OR16;OR16;OR19;OR19;;OCC;MCO;OK;24/04/2024;;E;C;I;;S3T;;;;;;;;;;;;;;;;
7694067;TERRITOIRE;FT 92007/758;7694067;;OR16;OR16;OR19;OR19;;OCC;MCO;OK;06/03/2024;;E;C;T;;S3T;;;;;;;;;;;;;;;;
7714547;TERRITOIRE;FT 92004/2307;7714547;;OR16;OR16;OR19;OR19;;OCC;MCO;OK;08/03/2024;;E;C;T;;L4T;;;;;;;;;;;;;;;;
7991348;TERRITOIRE;FT 93077/591;7991348;;OR16;OR16;OR19;OR19;;OCC;MCO;OK;13/05/2024;;E;C;I;;OHN;;;;;;;;;;;;;;;;
7651520;TERRITOIRE;FT 92078/282;7651520;;OR16;OR16;OR19;OR19;;OCC;MCO;OK;26/02/2024;;E;C;T;;S4T;;;;;;;;;;;;;;;;
7699515;TERRITOIRE;FT 92032/532;7699515;;OR16;OR16;OR19;OR19;;OCC;MCO;OK;06/03/2024;;E;C;T;;S4T;;;;;;;;;;;;;;;;
7991413;TERRITOIRE;FT 93010/820;7991413;;OR16;OR16;OR19;OR19;;OCC;MCO;OK;13/05/2024;;E;C;I;;S3T;;;;;;;;;;;;;;;;
7991054;TERRITOIRE;FT 93057/807;7991054;;OR16;OR16;OR19;OR19;;OCC;MCO;OK;13/05/2024;;E;C;I;;OHN;;;;;;;;;;;;;;;;
7991434;TERRITOIRE;FT 93077/164;7991434;;OR16;OR16;OR19;OR19;;OCC;MCO;OK;13/05/2024;;E;C;I;;OHN;;;;;;;;;;;;;;;;
7730879;TERRITOIRE;FT 94028/1745;7730879;;OR16;OR16;OR19;OR19;;OCC;MCO;OK;13/03/2024;;E;C;T;;L3T;;;;;;;;;;;;;;;;
7761322;TERRITOIRE;FT 93010/958;7761322;;OR16;OR16;OR19;OR19;;OCC;MCO;OK;18/03/2024;;E;C;T;;L3T;;;;;;;;;;;;;;;;
7552957;TERRITOIRE;FT 92036/437;7552957;;OR16;OR16;OR19;OR19;;OCC;MCO;OK;06/02/2024;;E;C;T;;L6T;;;;;;;;;;;;;;;;
7643827;TERRITOIRE;FT 93007/382;7643827;;OR16;OR16;OR19;OR19;;OCC;MCO;OK;23/02/2024;;E;C;T;;OHN;;;;;;;;;;;;;;;;
7566396;TERRITOIRE;FT 93005/1873;7566396;;OR16;OR16;OR19;OR19;;OCC;MCO;OK;08/02/2024;;E;C;T;;OHN;;;;;;;;;;;;;;;;
7511356;TERRITOIRE;FT 93059/175;7511356;;OR16;OR16;OR19;OR19;;OCC;MCO;OK;30/01/2024;;E;C;T;;OHN;;;;;;;;;;;;;;;;
7630154;TERRITOIRE;FT 93064/1824;7630154;;OR16;OR16;OR19;OR19;;OCC;MCO;OK;21/02/2024;;E;C;T;;OHN;;;;;;;;;;;;;;;;
7630089;TERRITOIRE;FT 93064/454;7630089;;OR16;OR16;OR19;OR19;;OCC;MCO;OK;21/02/2024;;E;C;T;;OHN;;;;;;;;;;;;;;;;
7604794;TERRITOIRE;FT 92025/1915;7604794;;OR16;OR16;OR19;OR19;;OCC;MCO;OK;14/02/2024;;E;C;T;;S4T;;;;;;;;;;;;;;;;
7719993;TERRITOIRE;FT 92046/94;7719993;;OR16;OR16;OR19;OR19;;OCC;MCO;OK;11/03/2024;;E;C;T;;L3T;;;;;;;;;;;;;;;;
7827239;TERRITOIRE;FT 92046/691;7827239;;OR16;OR16;OR19;OR19;;OCC;MCO;OK;02/04/2024;;E;C;I;;S4T;;;;;;;;;;;;;;;;
7570877;TERRITOIRE;FT 94017/396;7570877;;OR16;OR16;OR19;OR19;;OCC;MCO;OK;09/02/2024;;E;C;T;;OHN;;;;;;;;;;;;;;;;
7948814;TERRITOIRE;FT 93045/123;7948814;;OR16;OR16;OR19;OR19;;OCC;MCO;OK;02/05/2024;;E;C;I;;OHN;;;;;;;;;;;;;;;;
7594902;TERRITOIRE;FT 94002/198;7594902;;OR16;OR16;OR19;OR19;;OCC;MCO;OK;13/02/2024;;E;C;T;;L3T;;;;;;;;;;;;;;;;
7519708;TERRITOIRE;FT 94033/498;7519708;;OR16;OR16;OR19;OR19;;OCC;MCO;OK;31/01/2024;;E;C;T;;OHN;;;;;;;;;;;;;;;;
7593510;TERRITOIRE;FT 94002/415;7593510;;OR16;OR16;OR19;OR19;;OCC;MCO;OK;13/02/2024;;E;C;T;;L4T;;;;;;;;;;;;;;;;
7859383;TERRITOIRE;FT 94068/2736;7859383;;OR16;OR16;OR19;OR19;;OCC;MCO;OK;11/04/2024;;E;C;I;;U5T;;;;;;;;;;;;;;;;
7530555;TERRITOIRE;FT 93077/137;7530555;;OR16;OR16;OR19;OR19;;OCC;MCO;OK;01/02/2024;;E;C;T;;A2;;;;;;;;;;;;;;;;
7692490;TERRITOIRE;FT 92007/795;7692490;;OR16;OR16;OR19;OR19;;OCC;MCO;OK;05/03/2024;;E;C;T;;L3T;;;;;;;;;;;;;;;;
7991388;TERRITOIRE;FT 93077/652;7991388;;OR16;OR16;OR19;OR19;;OCC;MCO;OK;13/05/2024;;E;C;I;;OHN;;;;;;;;;;;;;;;;
7626548;TERRITOIRE;FT 93031/1276;7626548;;OR16;OR16;OR19;OR19;;OCC;MCO;OK;21/02/2024;;E;C;T;;L6T;;;;;;;;;;;;;;;;
7876843;TERRITOIRE;FT 92022/552;7876843;;OR16;OR16;OR19;OR19;;OCC;MCO;OK;17/04/2024;;E;C;I;;A2;;;;;;;;;;;;;;;;
7618868;TERRITOIRE;FT 93031/1033;7618868;;OR16;OR16;OR19;OR19;;OCC;MCO;OK;19/02/2024;;E;C;T;;OHN;;;;;;;;;;;;;;;;
7603514;TERRITOIRE;FT 92050/1115;7603514;;OR16;OR16;OR19;OR19;;OCC;MCO;OK;14/02/2024;;E;C;T;;OHN;;;;;;;;;;;;;;;;
7772480;TERRITOIRE;FT 94068/1873;7772480;;OR16;OR16;OR19;OR19;;OCC;MCO;OK;20/03/2024;;E;C;T;;S1T;;;;;;;;;;;;;;;;
7690236;TERRITOIRE;FT 93001/1456;7690236;;OR16;OR16;OR19;OR19;;OCC;MCO;OK;05/03/2024;;E;C;T;;OHN;;;;;;;;;;;;;;;;
7834233;TERRITOIRE;FT 94019/909;7834233;;OR16;OR16;OR19;OR19;;OCC;MCO;OK;03/04/2024;;E;C;I;;OHN;;;;;;;;;;;;;;;;
7973762;TERRITOIRE;FT 95063/766;7973762;;OR16;OR16;OR19;OR19;;OCC;MCO;OK;07/05/2024;;E;C;I;;OHN;;;;;;;;;;;;;;;;
7819854;TERRITOIRE;FT 94073/1433;7819854;;OR16;OR16;OR19;OR19;;OCC;MCO;OK;28/03/2024;;E;C;I;;P1T;;;;;;;;;;;;;;;;
7991444;TERRITOIRE;FT 93077/727;7991444;;OR16;OR16;OR19;OR19;;OCC;MCO;OK;13/05/2024;;E;C;I;;S5T;;;;;;;;;;;;;;;;
7542732;TERRITOIRE;FT 92024/337;7542732;;OR16;OR16;OR19;OR19;;OCC;MCO;OK;02/02/2024;;E;C;T;;U5T;;;;;;;;;;;;;;;;
7811831;TERRITOIRE;FT 94054/1026;7811831;;OR16;OR16;OR19;OR19;;OCC;MCO;OK;27/03/2024;;E;C;I;;L2T;;;;;;;;;;;;;;;;
7714573;TERRITOIRE;FT 92004/999;7714573;;OR16;OR16;OR19;OR19;;OCC;MCO;OK;08/03/2024;;E;C;T;;S4T;;;;;;;;;;;;;;;;
7630101;TERRITOIRE;FT 93064/1759;7630101;;OR16;OR16;OR19;OR19;;OCC;MCO;OK;21/02/2024;;E;C;T;;OHN;;;;;;;;;;;;;;;;
7783113;TERRITOIRE;FT 92002/1575;7783113;;OR16;OR16;OR19;OR19;;OCC;MCO;OK;21/03/2024;;E;C;I;;S3T;;;;;;;;;;;;;;;;
7609906;TERRITOIRE;FT 92004/778;7609906;;OR16;OR16;OR19;OR19;;OCC;MCO;OK;15/02/2024;;E;C;T;;S4T;;;;;;;;;;;;;;;;
7789198;TERRITOIRE;FT 93039/145;7789198;;OR16;OR16;OR19;OR19;;OCC;MCO;OK;22/03/2024;;E;C;I;;OHN;;;;;;;;;;;;;;;;
7655032;TERRITOIRE;FT 93027/209;7655032;;OR16;OR16;OR19;OR19;;OCC;MCO;OK;27/02/2024;;E;C;T;;S3T;;;;;;;;;;;;;;;;
7699506;TERRITOIRE;FT 92020/189;7699506;;OR16;OR16;OR19;OR19;;OCC;MCO;OK;06/03/2024;;E;C;T;;S4T;;;;;;;;;;;;;;;;
7761339;TERRITOIRE;FT 93057/430;7761339;;OR16;OR16;OR19;OR19;;OCC;MCO;OK;18/03/2024;;E;C;T;;U6T;;;;;;;;;;;;;;;;
8005116;TERRITOIRE;FT 94015/203;8005116;;OR16;OR16;OR19;OR19;;OCC;MCO;OK;15/05/2024;;E;C;I;;OHN;;;;;;;;;;;;;;;;
7565430;TERRITOIRE;FT 94015/341;7565430;;OR16;OR16;OR19;OR19;;OCC;MCO;OK;08/02/2024;;E;C;T;;OHN;;;;;;;;;;;;;;;;
7630188;TERRITOIRE;FT 93064/1768;7630188;;OR16;OR16;OR19;OR19;;OCC;MCO;OK;21/02/2024;;E;C;T;;OHN;;;;;;;;;;;;;;;;
7906557;TERRITOIRE;FT 92051/220;7906557;;OR16;OR16;OR19;OR19;;OCC;MCO;OK;23/04/2024;;E;C;I;;L2T;;;;;;;;;;;;;;;;
7848013;TERRITOIRE;FT 92050/1180;7848013;;OR16;OR16;OR19;OR19;;OCC;MCO;OK;07/04/2024;;E;C;I;;U6T;;;;;;;;;;;;;;;;
7783044;TERRITOIRE;FT 92002/1883;7783044;;OR16;OR16;OR19;OR19;;OCC;MCO;OK;21/03/2024;;E;C;I;;L3T;;;;;;;;;;;;;;;;
7912683;TERRITOIRE;FT 94077/407;7912683;;OR16;OR16;OR19;OR19;;OCC;MCO;OK;24/04/2024;;E;C;I;;L5T;;;;;;;;;;;;;;;;
7761909;TERRITOIRE;FT 93010/516;7761909;;OR16;OR16;OR19;OR19;;OCC;MCO;OK;18/03/2024;;E;C;T;;OHN;;;;;;;;;;;;;;;;
7915873;TERRITOIRE;FT 94018/289;7915873;;OR16;OR16;OR19;OR19;;OCC;MCO;OK;24/04/2024;;E;C;I;;OHN;;;;;;;;;;;;;;;;
7783074;TERRITOIRE;FT 92002/167;7783074;;OR16;OR16;OR19;OR19;;OCC;MCO;OK;21/03/2024;;E;C;I;;S4T;;;;;;;;;;;;;;;;
7530599;TERRITOIRE;FT 93010/368;7530599;;OR16;OR16;OR19;OR19;;OCC;MCO;OK;01/02/2024;;E;C;T;;OHN;;;;;;;;;;;;;;;;
7594886;TERRITOIRE;FT 94002/323;7594886;;OR16;OR16;OR19;OR19;;OCC;MCO;OK;13/02/2024;;E;C;T;;OHN;;;;;;;;;;;;;;;;
7838139;TERRITOIRE;FT 92009/934;7838139;;OR16;OR16;OR19;OR19;;OCC;MCO;OK;04/04/2024;;E;C;I;;S4T;;;;;;;;;;;;;;;;
7714627;TERRITOIRE;FT 92004/975;7714627;;OR16;OR16;OR19;OR19;;OCC;MCO;OK;08/03/2024;;E;C;T;;S3T;;;;;;;;;;;;;;;;
7695994;TERRITOIRE;FT 93027/714;7695994;;OR16;OR16;OR19;OR19;;OCC;MCO;OK;06/03/2024;;E;C;T;;OHN;;;;;;;;;;;;;;;;
7607431;TERRITOIRE;FT 92026/310;7607431;;OR16;OR16;OR19;OR19;;OCC;MCO;OK;14/02/2024;;E;C;T;;S3T;;;;;;;;;;;;;;;;
7777133;TERRITOIRE;FT 92002/4349;7777133;;OR16;OR16;OR19;OR19;;OCC;MCO;OK;20/03/2024;;E;C;T;;L2T;;;;;;;;;;;;;;;;
7654757;TERRITOIRE;FT 93007/591;7654757;;OR16;OR16;OR19;OR19;;OCC;MCO;OK;27/02/2024;;E;C;T;;A2;;;;;;;;;;;;;;;;
7620795;TERRITOIRE;FT 93006/169;7620795;;OR16;OR16;OR19;OR19;;OCC;MCO;OK;19/02/2024;;E;C;T;;S3T;;;;;;;;;;;;;;;;
7731202;TERRITOIRE;FT 94028/1041;7731202;;OR16;OR16;OR19;OR19;;OCC;MCO;OK;13/03/2024;;E;C;T;;L2T;;;;;;;;;;;;;;;;
7912715;TERRITOIRE;FT 94077/680;7912715;;OR16;OR16;OR19;OR19;;OCC;MCO;OK;24/04/2024;;E;C;I;;L2T;;;;;;;;;;;;;;;;
7838101;TERRITOIRE;FT 92025/108;7838101;;OR16;OR16;OR19;OR19;;OCC;MCO;OK;04/04/2024;;E;C;I;;S4T;;;;;;;;;;;;;;;;
7607414;TERRITOIRE;FT 92026/313;7607414;;OR16;OR16;OR19;OR19;;OCC;MCO;OK;14/02/2024;;E;C;T;;S3T;;;;;;;;;;;;;;;;
7948827;TERRITOIRE;FT 94080/108;7948827;;OR16;OR16;OR19;OR19;;OCC;MCO;OK;02/05/2024;;E;C;I;;OHN;;;;;;;;;;;;;;;;
7616310;TERRITOIRE;FT 93048/2738;7616310;;OR16;OR16;OR19;OR19;;OCC;MCO;OK;16/02/2024;;E;C;T;;OHN;;;;;;;;;;;;;;;;
7991427;TERRITOIRE;FT 93077/496;7991427;;OR16;OR16;OR19;OR19;;OCC;MCO;OK;13/05/2024;;E;C;I;;OHN;;;;;;;;;;;;;;;;
7790071;TERRITOIRE;FT 93039/144;7790071;;OR16;OR16;OR19;OR19;;OCC;MCO;OK;22/03/2024;;E;C;I;;OHN;;;;;;;;;;;;;;;;
7761915;TERRITOIRE;FT 92078/69;7761915;;OR16;OR16;OR19;OR19;;OCC;MCO;OK;18/03/2024;;E;C;T;;OHN;;;;;;;;;;;;;;;;
7749758;TERRITOIRE;FT 94028/695;7749758;;OR16;OR16;OR19;OR19;;OCC;MCO;OK;15/03/2024;;E;C;T;;OHN;;;;;;;;;;;;;;;;
7859342;TERRITOIRE;FT 94068/1966;7859342;;OR16;OR16;OR19;OR19;;OCC;MCO;OK;11/04/2024;;E;C;I;;OHN;;;;;;;;;;;;;;;;
7607459;TERRITOIRE;FT 92026/1184;7607459;;OR16;OR16;OR19;OR19;;OCC;MCO;OK;14/02/2024;;E;C;T;;L3T;;;;;;;;;;;;;;;;
7991384;TERRITOIRE;FT 93077/653;7991384;;OR16;OR16;OR19;OR19;;OCC;MCO;OK;13/05/2024;;E;C;I;;OHN;;;;;;;;;;;;;;;;
7761298;TERRITOIRE;FT 93010/1077;7761298;;OR16;OR16;OR19;OR19;;OCC;MCO;OK;18/03/2024;;E;C;T;;S4T;;;;;;;;;;;;;;;;
7871369;TERRITOIRE;FT 94052/764;7871369;;OR16;OR16;OR19;OR19;;OCC;MCO;OK;16/04/2024;;E;C;I;;OHN;;;;;;;;;;;;;;;;
7609951;TERRITOIRE;FT 92026/998;7609951;;OR16;OR16;OR19;OR19;;OCC;MCO;OK;15/02/2024;;E;C;T;;S4T;;;;;;;;;;;;;;;;
7749438;TERRITOIRE;FT 94069/7;7749438;;OR16;OR16;OR19;OR19;;OCC;MCO;OK;15/03/2024;;E;C;T;;OHN;;;;;;;;;;;;;;;;
7912639;TERRITOIRE;FT 94077/1039;7912639;;OR16;OR16;OR19;OR19;;OCC;MCO;OK;24/04/2024;;E;C;I;;A2;;;;;;;;;;;;;;;;
7566415;TERRITOIRE;FT 93046/605;7566415;;OR16;OR16;OR19;OR19;;OCC;MCO;OK;08/02/2024;;E;C;T;;M2T;;;;;;;;;;;;;;;;
7991374;TERRITOIRE;FT 93077/1002;7991374;;OR16;OR16;OR19;OR19;;OCC;MCO;OK;13/05/2024;;E;C;I;;OHN;;;;;;;;;;;;;;;;
7803191;TERRITOIRE;FT 92020/835;7803191;;OR16;OR16;OR19;OR19;;OCC;MCO;OK;26/03/2024;;E;C;I;;S4T;;;;;;;;;;;;;;;;
7855708;TERRITOIRE;FT 92019/16;7855708;;OR16;OR16;OR19;OR19;;OCC;MCO;OK;10/04/2024;;E;C;I;;OHN;;;;;;;;;;;;;;;;
7714632;TERRITOIRE;FT 92004/500;7714632;;OR16;OR16;OR19;OR19;;OCC;MCO;OK;08/03/2024;;E;C;T;;S3T;;;;;;;;;;;;;;;;
7800365;TERRITOIRE;FT 92007/292;7800365;;OR16;OR16;OR19;OR19;;OCC;MCO;OK;26/03/2024;;E;C;I;;S4T;;;;;;;;;;;;;;;;
7899848;TERRITOIRE;FT 78646/2815;7899848;;OR16;OR16;OR19;OR19;;OCC;MCO;OK;23/04/2024;;E;C;I;;OHN;;;;;;;;;;;;;;;;
7646389;TERRITOIRE;FT 93007/875;7646389;;OR16;OR16;OR19;OR19;;OCC;MCO;OK;23/02/2024;;E;C;T;;A2B;;;;;;;;;;;;;;;;
7646080;TERRITOIRE;FT 93007/1174;7646080;;OR16;OR16;OR19;OR19;;OCC;MCO;OK;23/02/2024;;E;C;T;;L6T;;;;;;;;;;;;;;;;
7963520;TERRITOIRE;FT 94034/210;7963520;;OR16;OR16;OR19;OR19;;OCC;MCO;OK;06/05/2024;;E;C;I;;OHN;;;;;;;;;;;;;;;;
7883259;TERRITOIRE;FT 92050/215;7883259;;OR16;OR16;OR19;OR19;;OCC;MCO;OK;18/04/2024;;E;C;I;;OHN;;;;;;;;;;;;;;;;
7994550;TERRITOIRE;FT 93057/708;7994550;;OR16;OR16;OR19;OR19;;OCC;MCO;OK;13/05/2024;;E;C;I;;OHN;;;;;;;;;;;;;;;;
7837761;TERRITOIRE;FT 92025/536;7837761;;OR16;OR16;OR19;OR19;;OCC;MCO;OK;04/04/2024;;E;C;I;;L4T;;;;;;;;;;;;;;;;
7811826;TERRITOIRE;FT 94054/595;7811826;;OR16;OR16;OR19;OR19;;OCC;MCO;OK;27/03/2024;;E;C;I;;K2C;;;;;;;;;;;;;;;;
7783116;TERRITOIRE;FT 92014/191;7783116;;OR16;OR16;OR19;OR19;;OCC;MCO;OK;21/03/2024;;E;C;I;;S4T;;;;;;;;;;;;;;;;
7553614;TERRITOIRE;FT 92036/245;7553614;;OR16;OR16;OR19;OR19;;OCC;MCO;OK;06/02/2024;;E;C;T;;S3T;;;;;;;;;;;;;;;;
7991442;TERRITOIRE;FT 93077/490;7991442;;OR16;OR16;OR19;OR19;;OCC;MCO;OK;13/05/2024;;E;C;I;;OHN;;;;;;;;;;;;;;;;
7618869;TERRITOIRE;FT 93079/487;7618869;;OR16;OR16;OR19;OR19;;OCC;MCO;OK;19/02/2024;;E;C;T;;OHN;;;;;;;;;;;;;;;;
7915852;TERRITOIRE;FT 94018/155;7915852;;OR16;OR16;OR19;OR19;;OCC;MCO;OK;24/04/2024;;E;C;I;;S3T;;;;;;;;;;;;;;;;
7856655;TERRITOIRE;FT 92019/165;7856655;;OR16;OR16;OR19;OR19;;OCC;MCO;OK;10/04/2024;;E;C;I;;S1T;;;;;;;;;;;;;;;;
7855710;TERRITOIRE;FT 92019/8;7855710;;OR16;OR16;OR19;OR19;;OCC;MCO;OK;10/04/2024;;E;C;I;;L2T;;;;;;;;;;;;;;;;
7683537;TERRITOIRE;FT 93029/942;7683537;;OR16;OR16;OR19;OR19;;OCC;MCO;OK;04/03/2024;;E;C;T;;OHN;;;;;;;;;;;;;;;;
7654785;TERRITOIRE;FT 93057/96;7654785;;OR16;OR16;OR19;OR19;;OCC;MCO;OK;27/02/2024;;E;C;T;;OHN;;;;;;;;;;;;;;;;
7761301;TERRITOIRE;FT 93010/1483;7761301;;OR16;OR16;OR19;OR19;;OCC;MCO;OK;18/03/2024;;E;C;T;;OHN;;;;;;;;;;;;;;;;
7838129;TERRITOIRE;FT 92009/867;7838129;;OR16;OR16;OR19;OR19;;OCC;MCO;OK;04/04/2024;;E;C;I;;L2T;;;;;;;;;;;;;;;;
7654771;TERRITOIRE;FT 93007/590;7654771;;OR16;OR16;OR19;OR19;;OCC;MCO;OK;27/02/2024;;E;C;T;;A2;;;;;;;;;;;;;;;;
7859401;TERRITOIRE;FT 94068/2666;7859401;;OR16;OR16;OR19;OR19;;OCC;MCO;OK;11/04/2024;;E;C;I;;OHN;;;;;;;;;;;;;;;;
7645118;TERRITOIRE;FT 93008/916;7645118;;OR16;OR16;OR19;OR19;;OCC;MCO;OK;23/02/2024;;E;C;T;;OHN;;;;;;;;;;;;;;;;
7830390;TERRITOIRE;FT 92019/364;7830390;;OR16;OR16;OR19;OR19;;OCC;MCO;OK;02/04/2024;;E;C;I;;S4T;;;;;;;;;;;;;;;;
7630117;TERRITOIRE;FT 93064/1420;7630117;;OR16;OR16;OR19;OR19;;OCC;MCO;OK;21/02/2024;;E;C;T;;L6T;;;;;;;;;;;;;;;;
7827236;TERRITOIRE;FT 92046/612;7827236;;OR16;OR16;OR19;OR19;;OCC;MCO;OK;02/04/2024;;E;C;I;;L2T;;;;;;;;;;;;;;;;
7530548;TERRITOIRE;FT 93077/42;7530548;;OR16;OR16;OR19;OR19;;OCC;MCO;OK;01/02/2024;;E;C;T;;OHN;;;;;;;;;;;;;;;;
7873593;TERRITOIRE;FT 94065/247;7873593;;OR16;OR16;OR19;OR19;;OCC;MCO;OK;16/04/2024;;E;C;I;;L3T;;;;;;;;;;;;;;;;
7761283;TERRITOIRE;FT 93010/906;7761283;;OR16;OR16;OR19;OR19;;OCC;MCO;OK;18/03/2024;;E;C;T;;OHN;;;;;;;;;;;;;;;;
7609916;TERRITOIRE;FT 92026/1014;7609916;;OR16;OR16;OR19;OR19;;OCC;MCO;OK;15/02/2024;;E;C;T;;S6T;;;;;;;;;;;;;;;;
7871347;TERRITOIRE;FT 94052/753;7871347;;OR16;OR16;OR19;OR19;;OCC;MCO;OK;16/04/2024;;E;C;I;;OHN;;;;;;;;;;;;;;;;
7826574;TERRITOIRE;FT 92046/1109;7826574;;OR16;OR16;OR19;OR19;;OCC;MCO;OK;02/04/2024;;E;C;I;;L2T;;;;;;;;;;;;;;;;
7948791;TERRITOIRE;FT 93063/1142;7948791;;OR16;OR16;OR19;OR19;;OCC;MCO;OK;02/05/2024;;E;C;I;;OHN;;;;;;;;;;;;;;;;
7901114;TERRITOIRE;FT 95018/4144;7901114;;OR16;OR16;OR19;OR19;;OCC;MCO;OK;23/04/2024;;E;C;I;;OHN;;;;;;;;;;;;;;;;
7519724;TERRITOIRE;FT 94033/167;7519724;;OR16;OR16;OR19;OR19;;OCC;MCO;OK;31/01/2024;;E;C;T;;U5T;;;;;;;;;;;;;;;;
7761285;TERRITOIRE;FT 93010/933;7761285;;OR16;OR16;OR19;OR19;;OCC;MCO;OK;18/03/2024;;E;C;T;;OHN;;;;;;;;;;;;;;;;
7568648;TERRITOIRE;FT 94046/463;7568648;;OR16;OR16;OR19;OR19;;OCC;MCO;OK;08/02/2024;;E;C;T;;OHN;;;;;;;;;;;;;;;;
7796190;TERRITOIRE;FT 93048/1764;7796190;;OR16;OR16;OR19;OR19;;OCC;MCO;OK;25/03/2024;;E;C;I;;OHN;;;;;;;;;;;;;;;;
7991051;TERRITOIRE;FT 93057/748;7991051;;OR16;OR16;OR19;OR19;;OCC;MCO;OK;13/05/2024;;E;C;I;;OHN;;;;;;;;;;;;;;;;
7859275;TERRITOIRE;FT 94068/1224;7859275;;OR16;OR16;OR19;OR19;;OCC;MCO;OK;11/04/2024;;E;C;I;;OHN;;;;;;;;;;;;;;;;
7838105;TERRITOIRE;FT 92025/373;7838105;;OR16;OR16;OR19;OR19;;OCC;MCO;OK;04/04/2024;;E;C;I;;L2T;;;;;;;;;;;;;;;;
7763215;TERRITOIRE;FT 92036/1080;7763215;;OR16;OR16;OR19;OR19;;OCC;MCO;OK;18/03/2024;;E;C;T;;S5T;;;;;;;;;;;;;;;;
7638088;TERRITOIRE;FT 93006/185;7638088;;OR16;OR16;OR19;OR19;;OCC;MCO;OK;22/02/2024;;E;C;T;;OHN;;;;;;;;;;;;;;;;
7834227;TERRITOIRE;FT 94017/2136;7834227;;OR16;OR16;OR19;OR19;;OCC;MCO;OK;03/04/2024;;E;C;I;;OHN;;;;;;;;;;;;;;;;
7838391;TERRITOIRE;FT 92009/878;7838391;;OR16;OR16;OR19;OR19;;OCC;MCO;OK;04/04/2024;;E;C;I;;S3T;;;;;;;;;;;;;;;;
7861464;TERRITOIRE;FT 94076/1287;7861464;;OR16;OR16;OR19;OR19;;OCC;MCO;OK;12/04/2024;;E;C;I;;L4T;;;;;;;;;;;;;;;;
7642232;TERRITOIRE;FT 93048/630;7642232;;OR16;OR16;OR19;OR19;;OCC;MCO;OK;23/02/2024;;E;C;T;;S4T;;;;;;;;;;;;;;;;
7848000;TERRITOIRE;FT 94067/171;7848000;;OR16;OR16;OR19;OR19;;OCC;MCO;OK;07/04/2024;;E;C;I;;OHN;;;;;;;;;;;;;;;;
7605760;TERRITOIRE;FT 92026/94;7605760;;OR16;OR16;OR19;OR19;;OCC;MCO;OK;14/02/2024;;E;C;T;;S4T;;;;;;;;;;;;;;;;
7915842;TERRITOIRE;FT 94018/471;7915842;;OR16;OR16;OR19;OR19;;OCC;MCO;OK;24/04/2024;;E;C;I;;OHN;;;;;;;;;;;;;;;;
7694076;TERRITOIRE;FT 92007/20;7694076;;OR16;OR16;OR19;OR19;;OCC;MCO;OK;06/03/2024;;E;C;T;;OHN;;;;;;;;;;;;;;;;
7837819;TERRITOIRE;FT 92025/359;7837819;;OR16;OR16;OR19;OR19;;OCC;MCO;OK;04/04/2024;;E;C;I;;S1T;;;;;;;;;;;;;;;;
7899844;TERRITOIRE;FT 78646/2957;7899844;;OR16;OR16;OR19;OR19;;OCC;MCO;OK;23/04/2024;;E;C;I;;P1T;;;;;;;;;;;;;;;;
7609912;TERRITOIRE;FT 92004/89;7609912;;OR16;OR16;OR19;OR19;;OCC;MCO;OK;15/02/2024;;E;C;T;;S3T;;;;;;;;;;;;;;;;
7761588;TERRITOIRE;FT 93010/434;7761588;;OR16;OR16;OR19;OR19;;OCC;MCO;OK;18/03/2024;;E;C;T;;OHN;;;;;;;;;;;;;;;;
7541470;TERRITOIRE;FT 93001/541;7541470;;OR16;OR16;OR19;OR19;;OCC;MCO;OK;02/02/2024;;E;C;T;;OHN;;;;;;;;;;;;;;;;
7750393;TERRITOIRE;FT 94028/833;7750393;;OR16;OR16;OR19;OR19;;OCC;MCO;OK;15/03/2024;;E;C;T;;M3C;;;;;;;;;;;;;;;;
7651611;TERRITOIRE;FT 92036/1236;7651611;;OR16;OR16;OR19;OR19;;OCC;MCO;OK;26/02/2024;;E;C;T;;V6T;;;;;;;;;;;;;;;;
7772486;TERRITOIRE;FT 94068/1896;7772486;;OR16;OR16;OR19;OR19;;OCC;MCO;OK;20/03/2024;;E;C;T;;OHN;;;;;;;;;;;;;;;;
7837439;TERRITOIRE;FT 92025/150;7837439;;OR16;OR16;OR19;OR19;;OCC;MCO;OK;04/04/2024;;E;C;I;;S4T;;;;;;;;;;;;;;;;
7607487;TERRITOIRE;FT 92026/786;7607487;;OR16;OR16;OR19;OR19;;OCC;MCO;OK;14/02/2024;;E;C;T;;U5T;;;;;;;;;;;;;;;;
7542722;TERRITOIRE;FT 92024/689;7542722;;OR16;OR16;OR19;OR19;;OCC;MCO;OK;02/02/2024;;E;C;T;;S4T;;;;;;;;;;;;;;;;
7859329;TERRITOIRE;FT 94068/2345;7859329;;OR16;OR16;OR19;OR19;;OCC;MCO;OK;11/04/2024;;E;C;I;;OHN;;;;;;;;;;;;;;;;
7654724;TERRITOIRE;FT 93013/408;7654724;;OR16;OR16;OR19;OR19;;OCC;MCO;OK;27/02/2024;;E;C;T;;OHN;;;;;;;;;;;;;;;;
7690251;TERRITOIRE;FT 93027/457;7690251;;OR16;OR16;OR19;OR19;;OCC;MCO;OK;05/03/2024;;E;C;T;;U4T;;;;;;;;;;;;;;;;
7859194;TERRITOIRE;FT 94068/2082;7859194;;OR16;OR16;OR19;OR19;;OCC;MCO;OK;11/04/2024;;E;C;I;;OHN;;;;;;;;;;;;;;;;
7553607;TERRITOIRE;FT 92036/386;7553607;;OR16;OR16;OR19;OR19;;OCC;MCO;OK;06/02/2024;;E;C;T;;S4T;;;;;;;;;;;;;;;;
7714583;TERRITOIRE;FT 92004/1531;7714583;;OR16;OR16;OR19;OR19;;OCC;MCO;OK;08/03/2024;;E;C;T;;S4T;;;;;;;;;;;;;;;;
7871390;TERRITOIRE;FT 92073/37;7871390;;OR16;OR16;OR19;OR19;;OCC;MCO;OK;16/04/2024;;E;C;I;;U4T;;;;;;;;;;;;;;;;
7795247;TERRITOIRE;FT 93048/2480;7795247;;OR16;OR16;OR19;OR19;;OCC;MCO;OK;25/03/2024;;E;C;I;;OHN;;;;;;;;;;;;;;;;
8000312;TERRITOIRE;FT 94033/1438;8000312;;OR16;OR16;OR19;OR19;;OCC;MCO;OK;15/05/2024;;E;C;I;;S3T;;;;;;;;;;;;;;;;
7873268;TERRITOIRE;FT 94065/203;7873268;;OR16;OR16;OR19;OR19;;OCC;MCO;OK;16/04/2024;;E;C;I;;L2T;;;;;;;;;;;;;;;;
7991049;TERRITOIRE;FT 93057/810;7991049;;OR16;OR16;OR19;OR19;;OCC;MCO;OK;13/05/2024;;E;C;I;;OHN;;;;;;;;;;;;;;;;
7616307;TERRITOIRE;FT 93048/2677;7616307;;OR16;OR16;OR19;OR19;;OCC;MCO;OK;16/02/2024;;E;C;T;;OHN;;;;;;;;;;;;;;;;
7651518;TERRITOIRE;FT 92078/237;7651518;;OR16;OR16;OR19;OR19;;OCC;MCO;OK;26/02/2024;;E;C;T;;L1T;;;;;;;;;;;;;;;;
7749753;TERRITOIRE;FT 94018/381;7749753;;OR16;OR16;OR19;OR19;;OCC;MCO;OK;15/03/2024;;E;C;T;;OHN;;;;;;;;;;;;;;;;
7572172;TERRITOIRE;FT 94046/772;7572172;;OR16;OR16;OR19;OR19;;OCC;MCO;OK;09/02/2024;;E;C;T;;L0T;;;;;;;;;;;;;;;;
7630196;TERRITOIRE;FT 93064/1388;7630196;;OR16;OR16;OR19;OR19;;OCC;MCO;OK;21/02/2024;;E;C;T;;OHN;;;;;;;;;;;;;;;;
7926399;TERRITOIRE;FT 94021/1083;7926399;;OR16;OR16;OR19;OR19;;OCC;MCO;OK;26/04/2024;;E;C;I;;P1T;;;;;;;;;;;;;;;;
7690257;TERRITOIRE;FT 93027/707;7690257;;OR16;OR16;OR19;OR19;;OCC;MCO;OK;05/03/2024;;E;C;T;;OHN;;;;;;;;;;;;;;;;
7620786;TERRITOIRE;FT 93006/162;7620786;;OR16;OR16;OR19;OR19;;OCC;MCO;OK;19/02/2024;;E;C;T;;OHN;;;;;;;;;;;;;;;;
7850302;TERRITOIRE;FT 94022/691;7850302;;OR16;OR16;OR19;OR19;;OCC;MCO;OK;08/04/2024;;E;C;I;;P1T;;;;;;;;;;;;;;;;
7604797;TERRITOIRE;FT 92025/1355;7604797;;OR16;OR16;OR19;OR19;;OCC;MCO;OK;14/02/2024;;E;C;T;;L3T;;;;;;;;;;;;;;;;
7731525;TERRITOIRE;FT 94028/290;7731525;;OR16;OR16;OR19;OR19;;OCC;MCO;OK;13/03/2024;;E;C;T;;OHN;;;;;;;;;;;;;;;;
7991385;TERRITOIRE;FT 93077/685;7991385;;OR16;OR16;OR19;OR19;;OCC;MCO;OK;13/05/2024;;E;C;I;;A2;;;;;;;;;;;;;;;;
7905287;TERRITOIRE;FT 92051/1179;7905287;;OR16;OR16;OR19;OR19;;OCC;MCO;OK;23/04/2024;;E;C;I;;U6T;;;;;;;;;;;;;;;;
7568339;TERRITOIRE;FT 94015/454;7568339;;OR16;OR16;OR19;OR19;;OCC;MCO;OK;08/02/2024;;E;C;T;;S3T;;;;;;;;;;;;;;;;
7672639;TERRITOIRE;FT 93066/889;7672639;;OR16;OR16;OR19;OR19;;OCC;MCO;OK;29/02/2024;;E;C;T;;S4T;;;;;;;;;;;;;;;;
7834225;TERRITOIRE;FT 94017/2112;7834225;;OR16;OR16;OR19;OR19;;OCC;MCO;OK;03/04/2024;;E;C;I;;L2T;;;;;;;;;;;;;;;;
7859271;TERRITOIRE;FT 94068/1228;7859271;;OR16;OR16;OR19;OR19;;OCC;MCO;OK;11/04/2024;;E;C;I;;OHN;;;;;;;;;;;;;;;;
7519715;TERRITOIRE;FT 94033/352;7519715;;OR16;OR16;OR19;OR19;;OCC;MCO;OK;31/01/2024;;E;C;T;;OHN;;;;;;;;;;;;;;;;
7634873;TERRITOIRE;FT 94052/292;7634873;;OR16;OR16;OR19;OR19;;OCC;MCO;OK;22/02/2024;;E;C;T;;OHN;;;;;;;;;;;;;;;;
7635194;TERRITOIRE;FT 93072/580;7635194;;OR16;OR16;OR19;OR19;;OCC;MCO;OK;22/02/2024;;E;C;T;;L4T;;;;;;;;;;;;;;;;
7861482;TERRITOIRE;FT 94041/1604;7861482;;OR16;OR16;OR19;OR19;;OCC;MCO;OK;12/04/2024;;E;C;I;;L4T;;;;;;;;;;;;;;;;
8003520;TERRITOIRE;FT 94058/752;8003520;;OR16;OR16;OR19;OR19;;OCC;MCO;OK;15/05/2024;;E;C;I;;OHN;;;;;;;;;;;;;;;;
7798467;TERRITOIRE;FT 92023/2304;7798467;;OR16;OR16;OR19;OR19;;OCC;MCO;OK;25/03/2024;;E;C;I;;S5T;;;;;;;;;;;;;;;;
7654720;TERRITOIRE;FT 93013/299;7654720;;OR16;OR16;OR19;OR19;;OCC;MCO;OK;27/02/2024;;E;C;T;;OHN;;;;;;;;;;;;;;;;
8003518;TERRITOIRE;FT 94058/834;8003518;;OR16;OR16;OR19;OR19;;OCC;MCO;OK;15/05/2024;;E;C;I;;OHN;;;;;;;;;;;;;;;;
8005119;TERRITOIRE;FT 94015/125;8005119;;OR16;OR16;OR19;OR19;;OCC;MCO;OK;15/05/2024;;E;C;I;;OHN;;;;;;;;;;;;;;;;
7761905;TERRITOIRE;FT 93010/522;7761905;;OR16;OR16;OR19;OR19;;OCC;MCO;OK;18/03/2024;;E;C;T;;A2B;;;;;;;;;;;;;;;;
7699511;TERRITOIRE;FT 92020/190;7699511;;OR16;OR16;OR19;OR19;;OCC;MCO;OK;06/03/2024;;E;C;T;;U4T;;;;;;;;;;;;;;;;
7876813;TERRITOIRE;FT 92022/355;7876813;;OR16;OR16;OR19;OR19;;OCC;MCO;OK;17/04/2024;;E;C;I;;A2C;;;;;;;;;;;;;;;;
7731193;TERRITOIRE;FT 94028/1059;7731193;;OR16;OR16;OR19;OR19;;OCC;MCO;OK;13/03/2024;;E;C;T;;OHN;;;;;;;;;;;;;;;;
7672315;TERRITOIRE;FT 93066/161;7672315;;OR16;OR16;OR19;OR19;;OCC;MCO;OK;29/02/2024;;E;C;T;;L4T;;;;;;;;;;;;;;;;
7763225;TERRITOIRE;FT 92036/733;7763225;;OR16;OR16;OR19;OR19;;OCC;MCO;OK;18/03/2024;;E;C;T;;V6T;;;;;;;;;;;;;;;;
7963509;TERRITOIRE;FT 94034/455;7963509;;OR16;OR16;OR19;OR19;;OCC;MCO;OK;06/05/2024;;E;C;I;;OHN;;;;;;;;;;;;;;;;
7926403;TERRITOIRE;FT 94038/77;7926403;;OR16;OR16;OR19;OR19;;OCC;MCO;OK;26/04/2024;;E;C;I;;L4T;;;;;;;;;;;;;;;;
7859225;TERRITOIRE;FT 94068/346;7859225;;OR16;OR16;OR19;OR19;;OCC;MCO;OK;11/04/2024;;E;C;I;;OHN;;;;;;;;;;;;;;;;
7615033;TERRITOIRE;FT 93048/2321;7615033;;OR16;OR16;OR19;OR19;;OCC;MCO;OK;16/02/2024;;E;C;T;;OHN;;;;;;;;;;;;;;;;
7861438;TERRITOIRE;FT 94081/531;7861438;;OR16;OR16;OR19;OR19;;OCC;MCO;OK;12/04/2024;;E;C;I;;L2T;;;;;;;;;;;;;;;;
7795242;TERRITOIRE;FT 93048/1705;7795242;;OR16;OR16;OR19;OR19;;OCC;MCO;OK;25/03/2024;;E;C;I;;OHN;;;;;;;;;;;;;;;;
7859395;TERRITOIRE;FT 94068/2669;7859395;;OR16;OR16;OR19;OR19;;OCC;MCO;OK;11/04/2024;;E;C;I;;OHN;;;;;;;;;;;;;;;;
7790388;TERRITOIRE;FT 93010/1054;7790388;;OR16;OR16;OR19;OR19;;OCC;MCO;OK;22/03/2024;;E;C;I;;OHN;;;;;;;;;;;;;;;;
7731513;TERRITOIRE;FT 94011/196;7731513;;OR16;OR16;OR19;OR19;;OCC;MCO;OK;13/03/2024;;E;C;T;;OHN;;;;;;;;;;;;;;;;
7687037;TERRITOIRE;FT 93001/1324;7687037;;OR16;OR16;OR19;OR19;;OCC;MCO;OK;05/03/2024;;E;C;T;;S3T;;;;;;;;;;;;;;;;
7783063;TERRITOIRE;FT 92002/2511;7783063;;OR16;OR16;OR19;OR19;;OCC;MCO;OK;21/03/2024;;E;C;I;;S3T;;;;;;;;;;;;;;;;
7859380;TERRITOIRE;FT 94068/2738;7859380;;OR16;OR16;OR19;OR19;;OCC;MCO;OK;11/04/2024;;E;C;I;;S4T;;;;;;;;;;;;;;;;
7899833;TERRITOIRE;FT 78646/5405;7899833;;OR16;OR16;OR19;OR19;;OCC;MCO;OK;23/04/2024;;E;C;I;;A2;;;;;;;;;;;;;;;;
7683539;TERRITOIRE;FT 93029/1169;7683539;;OR16;OR16;OR19;OR19;;OCC;MCO;OK;04/03/2024;;E;C;T;;S3T;;;;;;;;;;;;;;;;
7553634;TERRITOIRE;FT 92036/935;7553634;;OR16;OR16;OR19;OR19;;OCC;MCO;OK;06/02/2024;;E;C;T;;L2T;;;;;;;;;;;;;;;;
7906547;TERRITOIRE;FT 92051/408;7906547;;OR16;OR16;OR19;OR19;;OCC;MCO;OK;23/04/2024;;E;C;I;;OHN;;;;;;;;;;;;;;;;
7827261;TERRITOIRE;FT 92046/584;7827261;;OR16;OR16;OR19;OR19;;OCC;MCO;OK;02/04/2024;;E;C;I;;L2T;;;;;;;;;;;;;;;;
7570869;TERRITOIRE;FT 94017/358;7570869;;OR16;OR16;OR19;OR19;;OCC;MCO;OK;09/02/2024;;E;C;T;;OHN;;;;;;;;;;;;;;;;
7604473;TERRITOIRE;FT 92025/1610;7604473;;OR16;OR16;OR19;OR19;;OCC;MCO;OK;14/02/2024;;E;C;T;;S3T;;;;;;;;;;;;;;;;
7549754;TERRITOIRE;FT 92036/856;7549754;;OR16;OR16;OR19;OR19;;OCC;MCO;OK;06/02/2024;;E;C;T;;L5T;;;;;;;;;;;;;;;;
7906553;TERRITOIRE;FT 92051/221;7906553;;OR16;OR16;OR19;OR19;;OCC;MCO;OK;23/04/2024;;E;C;I;;S3T;;;;;;;;;;;;;;;;
7603535;TERRITOIRE;FT 92050/1832;7603535;;OR16;OR16;OR19;OR19;;OCC;MCO;OK;14/02/2024;;E;C;T;;L5T;;;;;;;;;;;;;;;;
7855695;TERRITOIRE;FT 92060/322;7855695;;OR16;OR16;OR19;OR19;;OCC;MCO;OK;10/04/2024;;E;C;I;;L3T;;;;;;;;;;;;;;;;
7838114;TERRITOIRE;FT 92025/102;7838114;;OR16;OR16;OR19;OR19;;OCC;MCO;OK;04/04/2024;;E;C;I;;S4T;;;;;;;;;;;;;;;;
7568343;TERRITOIRE;FT 94015/996;7568343;;OR16;OR16;OR19;OR19;;OCC;MCO;OK;08/02/2024;;E;C;T;;OHN;;;;;;;;;;;;;;;;
7688310;TERRITOIRE;FT 93001/1445;7688310;;OR16;OR16;OR19;OR19;;OCC;MCO;OK;05/03/2024;;E;C;T;;S4T;;;;;;;;;;;;;;;;
7772475;TERRITOIRE;FT 94068/1967;7772475;;OR16;OR16;OR19;OR19;;OCC;MCO;OK;20/03/2024;;E;C;T;;OHN;;;;;;;;;;;;;;;;
7905294;TERRITOIRE;FT 92051/309;7905294;;OR16;OR16;OR19;OR19;;OCC;MCO;OK;23/04/2024;;E;C;I;;OHN;;;;;;;;;;;;;;;;
7838393;TERRITOIRE;FT 92009/884;7838393;;OR16;OR16;OR19;OR19;;OCC;MCO;OK;04/04/2024;;E;C;I;;S3T;;;;;;;;;;;;;;;;
7566409;TERRITOIRE;FT 93046/620;7566409;;OR16;OR16;OR19;OR19;;OCC;MCO;OK;08/02/2024;;E;C;T;;L2T;;;;;;;;;;;;;;;;
7651578;TERRITOIRE;FT 92036/1310;7651578;;OR16;OR16;OR19;OR19;;OCC;MCO;OK;26/02/2024;;E;C;T;;OHN;;;;;;;;;;;;;;;;
7963524;TERRITOIRE;FT 94034/970;7963524;;OR16;OR16;OR19;OR19;;OCC;MCO;OK;06/05/2024;;E;C;I;;L2T;;;;;;;;;;;;;;;;
7837782;TERRITOIRE;FT 92025/1335;7837782;;OR16;OR16;OR19;OR19;;OCC;MCO;OK;04/04/2024;;E;C;I;;S4T;;;;;;;;;;;;;;;;
7905268;TERRITOIRE;FT 92051/1157;7905268;;OR16;OR16;OR19;OR19;;OCC;MCO;OK;23/04/2024;;E;C;I;;S3T;;;;;;;;;;;;;;;;
7904948;TERRITOIRE;FT 92051/433;7904948;;OR16;OR16;OR19;OR19;;OCC;MCO;OK;23/04/2024;;E;C;I;;S5T;;;;;;;;;;;;;;;;
7542743;TERRITOIRE;FT 92024/65;7542743;;OR16;OR16;OR19;OR19;;OCC;MCO;OK;02/02/2024;;E;C;T;;U6T;;;;;;;;;;;;;;;;
7850271;TERRITOIRE;FT 94022/797;7850271;;OR16;OR16;OR19;OR19;;OCC;MCO;OK;08/04/2024;;E;C;I;;L4T;;;;;;;;;;;;;;;;
7683552;TERRITOIRE;FT 93029/1144;7683552;;OR16;OR16;OR19;OR19;;OCC;MCO;OK;04/03/2024;;E;C;T;;S4T;;;;;;;;;;;;;;;;
7837806;TERRITOIRE;FT 92025/1109;7837806;;OR16;OR16;OR19;OR19;;OCC;MCO;OK;04/04/2024;;E;C;I;;S3T;;;;;;;;;;;;;;;;
7561589;TERRITOIRE;FT 93046/1035;7561589;;OR16;OR16;OR19;OR19;;OCC;MCO;OK;07/02/2024;;E;C;T;;A2B;;;;;;;;;;;;;;;;
7597747;TERRITOIRE;FT 94017/2368;7597747;;OR16;OR16;OR19;OR19;;OCC;MCO;OK;13/02/2024;;E;C;T;;S3T;;;;;;;;;;;;;;;;
7877145;TERRITOIRE;FT 92012/1500;7877145;;OR16;OR16;OR19;OR19;;OCC;MCO;OK;17/04/2024;;E;C;I;;S4T;;;;;;;;;;;;;;;;
7837796;TERRITOIRE;FT 92025/279;7837796;;OR16;OR16;OR19;OR19;;OCC;MCO;OK;04/04/2024;;E;C;I;;OHN;;;;;;;;;;;;;;;;
7948818;TERRITOIRE;FT 94080/38;7948818;;OR16;OR16;OR19;OR19;;OCC;MCO;OK;02/05/2024;;E;C;I;;S4T;;;;;;;;;;;;;;;;
7991396;TERRITOIRE;FT 93077/677;7991396;;OR16;OR16;OR19;OR19;;OCC;MCO;OK;13/05/2024;;E;C;I;;OHN;;;;;;;;;;;;;;;;
7915832;TERRITOIRE;FT 94018/352;7915832;;OR16;OR16;OR19;OR19;;OCC;MCO;OK;24/04/2024;;E;C;I;;OHN;;;;;;;;;;;;;;;;
7603506;TERRITOIRE;FT 92050/1868;7603506;;OR16;OR16;OR19;OR19;;OCC;MCO;OK;14/02/2024;;E;C;T;;OHN;;;;;;;;;;;;;;;;
7783094;TERRITOIRE;FT 92002/2147;7783094;;OR16;OR16;OR19;OR19;;OCC;MCO;OK;21/03/2024;;E;C;I;;S4T;;;;;;;;;;;;;;;;
7904626;TERRITOIRE;FT 78646/1300;7904626;;OR16;OR16;OR19;OR19;;OCC;MCO;OK;18/04/2024;;E;C;I;;A2;;;;;;;;;;;;;;;;
7991459;TERRITOIRE;FT 93077/393;7991459;;OR16;OR16;OR19;OR19;;OCC;MCO;OK;13/05/2024;;E;C;I;;OHN;;;;;;;;;;;;;;;;
7904629;TERRITOIRE;FT 78646/1299;7904629;;OR16;OR16;OR19;OR19;;OCC;MCO;OK;18/04/2024;;E;C;I;;A2;;;;;;;;;;;;;;;;
7761300;TERRITOIRE;FT 93010/1134;7761300;;OR16;OR16;OR19;OR19;;OCC;MCO;OK;18/03/2024;;E;C;T;;A2;;;;;;;;;;;;;;;;
7827220;TERRITOIRE;FT 92046/1256;7827220;;OR16;OR16;OR19;OR19;;OCC;MCO;OK;02/04/2024;;E;C;I;;L2T;;;;;;;;;;;;;;;;
7798439;TERRITOIRE;FT 92020/759;7798439;;OR16;OR16;OR19;OR19;;OCC;MCO;OK;25/03/2024;;E;C;I;;S3T;;;;;;;;;;;;;;;;
7777081;TERRITOIRE;FT 92002/873;7777081;;OR16;OR16;OR19;OR19;;OCC;MCO;OK;20/03/2024;;E;C;T;;S4T;;;;;;;;;;;;;;;;
7837784;TERRITOIRE;FT 92025/1328;7837784;;OR16;OR16;OR19;OR19;;OCC;MCO;OK;04/04/2024;;E;C;I;;S4T;;;;;;;;;;;;;;;;
7603541;TERRITOIRE;FT 92035/31;7603541;;OR16;OR16;OR19;OR19;;OCC;MCO;OK;14/02/2024;;E;C;T;;S3T;;;;;;;;;;;;;;;;
7561600;TERRITOIRE;FT 93046/1537;7561600;;OR16;OR16;OR19;OR19;;OCC;MCO;OK;07/02/2024;;E;C;T;;L1T;;;;;;;;;;;;;;;;
7782725;TERRITOIRE;FT 92032/286;7782725;;OR16;OR16;OR19;OR19;;OCC;MCO;OK;21/03/2024;;E;C;I;;U6T;;;;;;;;;;;;;;;;
7859403;TERRITOIRE;FT 94068/2094;7859403;;OR16;OR16;OR19;OR19;;OCC;MCO;OK;11/04/2024;;E;C;I;;OHN;;;;;;;;;;;;;;;;
7522247;TERRITOIRE;FT 93010/745;7522247;;OR16;OR16;OR19;OR19;;OCC;MCO;OK;31/01/2024;;E;C;T;;A2;;;;;;;;;;;;;;;;
7714599;TERRITOIRE;FT 92004/993;7714599;;OR16;OR16;OR19;OR19;;OCC;MCO;OK;08/03/2024;;E;C;T;;S3T;;;;;;;;;;;;;;;;
7811847;TERRITOIRE;FT 94081/1275;7811847;;OR16;OR16;OR19;OR19;;OCC;MCO;OK;27/03/2024;;E;C;I;;L4T;;;;;;;;;;;;;;;;
7542716;TERRITOIRE;FT 92024/72;7542716;;OR16;OR16;OR19;OR19;;OCC;MCO;OK;02/02/2024;;E;C;T;;S5T;;;;;;;;;;;;;;;;
7694069;TERRITOIRE;FT 92007/748;7694069;;OR16;OR16;OR19;OR19;;OCC;MCO;OK;06/03/2024;;E;C;T;;S3T;;;;;;;;;;;;;;;;
7871758;TERRITOIRE;FT 92073/40;7871758;;OR16;OR16;OR19;OR19;;OCC;MCO;OK;16/04/2024;;E;C;I;;S3T;;;;;;;;;;;;;;;;
7593517;TERRITOIRE;FT 94002/820;7593517;;OR16;OR16;OR19;OR19;;OCC;MCO;OK;13/02/2024;;E;C;T;;S4T;;;;;;;;;;;;;;;;
7811878;TERRITOIRE;FT 94081/2211;7811878;;OR16;OR16;OR19;OR19;;OCC;MCO;OK;27/03/2024;;E;C;I;;L2T;;;;;;;;;;;;;;;;
7731516;TERRITOIRE;FT 94011/158;7731516;;OR16;OR16;OR19;OR19;;OCC;MCO;OK;13/03/2024;;E;C;T;;S4T;;;;;;;;;;;;;;;;
7642237;TERRITOIRE;FT 93006/930;7642237;;OR16;OR16;OR19;OR19;;OCC;MCO;OK;23/02/2024;;E;C;T;;OHN;;;;;;;;;;;;;;;;
7899841;TERRITOIRE;FT 78646/2979;7899841;;OR16;OR16;OR19;OR19;;OCC;MCO;OK;23/04/2024;;E;C;I;;L2T;;;;;;;;;;;;;;;;
7522253;TERRITOIRE;FT 93010/715;7522253;;OR16;OR16;OR19;OR19;;OCC;MCO;OK;31/01/2024;;E;C;T;;OHN;;;;;;;;;;;;;;;;
7837747;TERRITOIRE;FT 92025/227;7837747;;OR16;OR16;OR19;OR19;;OCC;MCO;OK;04/04/2024;;E;C;I;;U5T;;;;;;;;;;;;;;;;
7899868;TERRITOIRE;FT 78646/2980;7899868;;OR16;OR16;OR19;OR19;;OCC;MCO;OK;23/04/2024;;E;C;I;;L2T;;;;;;;;;;;;;;;;
7915830;TERRITOIRE;FT 94018/383;7915830;;OR16;OR16;OR19;OR19;;OCC;MCO;OK;24/04/2024;;E;C;I;;OHN;;;;;;;;;;;;;;;;
7789748;TERRITOIRE;FT 93039/115;7789748;;OR16;OR16;OR19;OR19;;OCC;MCO;OK;22/03/2024;;E;C;I;;OHN;;;;;;;;;;;;;;;;
7750403;TERRITOIRE;FT 94028/1706;7750403;;OR16;OR16;OR19;OR19;;OCC;MCO;OK;15/03/2024;;E;C;T;;OHN;;;;;;;;;;;;;;;;
7861476;TERRITOIRE;FT 94076/847;7861476;;OR16;OR16;OR19;OR19;;OCC;MCO;OK;12/04/2024;;E;C;I;;L4T;;;;;;;;;;;;;;;;
7572151;TERRITOIRE;FT 94046/897;7572151;;OR16;OR16;OR19;OR19;;OCC;MCO;OK;09/02/2024;;E;C;T;;L6T;;;;;;;;;;;;;;;;
7876824;TERRITOIRE;FT 92022/1178;7876824;;OR16;OR16;OR19;OR19;;OCC;MCO;OK;17/04/2024;;E;C;I;;A2T;;;;;;;;;;;;;;;;
7800315;TERRITOIRE;FT 92075/78;7800315;;OR16;OR16;OR19;OR19;;OCC;MCO;OK;26/03/2024;;E;C;I;;S3T;;;;;;;;;;;;;;;;
7690245;TERRITOIRE;FT 93001/1623;7690245;;OR16;OR16;OR19;OR19;;OCC;MCO;OK;05/03/2024;;E;C;T;;S3T;;;;;;;;;;;;;;;;
7948825;TERRITOIRE;FT 94080/46;7948825;;OR16;OR16;OR19;OR19;;OCC;MCO;OK;02/05/2024;;E;C;I;;S3T;;;;;;;;;;;;;;;;
7877146;TERRITOIRE;FT 92012/1504;7877146;;OR16;OR16;OR19;OR19;;OCC;MCO;OK;17/04/2024;;E;C;I;;U4T;;;;;;;;;;;;;;;;
7683832;TERRITOIRE;FT 93029/1250;7683832;;OR16;OR16;OR19;OR19;;OCC;MCO;OK;04/03/2024;;E;C;T;;OHN;;;;;;;;;;;;;;;;
7948805;TERRITOIRE;FT 93048/1871;7948805;;OR16;OR16;OR19;OR19;;OCC;MCO;OK;02/05/2024;;E;C;I;;OHN;;;;;;;;;;;;;;;;
7991394;TERRITOIRE;FT 93077/89;7991394;;OR16;OR16;OR19;OR19;;OCC;MCO;OK;13/05/2024;;E;C;I;;A2B;;;;;;;;;;;;;;;;
7645431;TERRITOIRE;FT 93008/1472;7645431;;OR16;OR16;OR19;OR19;;OCC;MCO;OK;23/02/2024;;E;C;T;;L6T;;;;;;;;;;;;;;;;
7837789;TERRITOIRE;FT 92025/1284;7837789;;OR16;OR16;OR19;OR19;;OCC;MCO;OK;04/04/2024;;E;C;I;;U6T;;;;;;;;;;;;;;;;
7915884;TERRITOIRE;FT 94018/276;7915884;;OR16;OR16;OR19;OR19;;OCC;MCO;OK;24/04/2024;;E;C;I;;OHN;;;;;;;;;;;;;;;;
7991450;TERRITOIRE;FT 93077/493;7991450;;OR16;OR16;OR19;OR19;;OCC;MCO;OK;13/05/2024;;E;C;I;;A2B;;;;;;;;;;;;;;;;
7594877;TERRITOIRE;FT 94002/238;7594877;;OR16;OR16;OR19;OR19;;OCC;MCO;OK;13/02/2024;;E;C;T;;OHN;;;;;;;;;;;;;;;;
7948819;TERRITOIRE;FT 94080/42;7948819;;OR16;OR16;OR19;OR19;;OCC;MCO;OK;02/05/2024;;E;C;I;;S4T;;;;;;;;;;;;;;;;
7565755;TERRITOIRE;FT 94015/1021;7565755;;OR16;OR16;OR19;OR19;;OCC;MCO;OK;08/02/2024;;E;C;T;;M1C;;;;;;;;;;;;;;;;
7718067;TERRITOIRE;FT 94016/81;7718067;;OR16;OR16;OR19;OR19;;OCC;MCO;OK;11/03/2024;;E;C;T;;OHN;;;;;;;;;;;;;;;;
7796202;TERRITOIRE;FT 92020/163;7796202;;OR16;OR16;OR19;OR19;;OCC;MCO;OK;25/03/2024;;E;C;I;;S3T;;;;;;;;;;;;;;;;
7572175;TERRITOIRE;FT 94046/656;7572175;;OR16;OR16;OR19;OR19;;OCC;MCO;OK;09/02/2024;;E;C;T;;OHN;;;;;;;;;;;;;;;;
7600674;TERRITOIRE;FT 92044/168;7600674;;OR16;OR16;OR19;OR19;;OCC;MCO;OK;13/02/2024;;E;C;T;;S3T;;;;;;;;;;;;;;;;
7905915;TERRITOIRE;FT 92051/217;7905915;;OR16;OR16;OR19;OR19;;OCC;MCO;OK;23/04/2024;;E;C;I;;S3T;;;;;;;;;;;;;;;;
7850237;TERRITOIRE;FT 94022/1165;7850237;;OR16;OR16;OR19;OR19;;OCC;MCO;OK;08/04/2024;;E;C;I;;L3T;;;;;;;;;;;;;;;;
7651545;TERRITOIRE;FT 92036/1373;7651545;;OR16;OR16;OR19;OR19;;OCC;MCO;OK;26/02/2024;;E;C;T;;OHN;;;;;;;;;;;;;;;;
7877150;TERRITOIRE;FT 92012/259;7877150;;OR16;OR16;OR19;OR19;;OCC;MCO;OK;17/04/2024;;E;C;I;;OHN;;;;;;;;;;;;;;;;
7819828;TERRITOIRE;FT 94041/820;7819828;;OR16;OR16;OR19;OR19;;OCC;MCO;OK;28/03/2024;;E;C;I;;L3T;;;;;;;;;;;;;;;;
7687038;TERRITOIRE;FT 93001/1321;7687038;;OR16;OR16;OR19;OR19;;OCC;MCO;OK;05/03/2024;;E;C;T;;S5T;;;;;;;;;;;;;;;;
7819844;TERRITOIRE;FT 94041/847;7819844;;OR16;OR16;OR19;OR19;;OCC;MCO;OK;28/03/2024;;E;C;I;;OHN;;;;;;;;;;;;;;;;
7800342;TERRITOIRE;FT 92075/553;7800342;;OR16;OR16;OR19;OR19;;OCC;MCO;OK;26/03/2024;;E;C;I;;L2T;;;;;;;;;;;;;;;;
7643825;TERRITOIRE;FT 93007/212;7643825;;OR16;OR16;OR19;OR19;;OCC;MCO;OK;23/02/2024;;E;C;T;;OHN;;;;;;;;;;;;;;;;
7871385;TERRITOIRE;FT 92073/164;7871385;;OR16;OR16;OR19;OR19;;OCC;MCO;OK;16/04/2024;;E;C;I;;S3T;;;;;;;;;;;;;;;;
8003515;TERRITOIRE;FT 94058/726;8003515;;OR16;OR16;OR19;OR19;;OCC;MCO;OK;15/05/2024;;E;C;I;;S3T;;;;;;;;;;;;;;;;
7861444;TERRITOIRE;FT 94081/843;7861444;;OR16;OR16;OR19;OR19;;OCC;MCO;OK;12/04/2024;;E;C;I;;P1T;;;;;;;;;;;;;;;;
7782736;TERRITOIRE;FT 92002/1837;7782736;;OR16;OR16;OR19;OR19;;OCC;MCO;OK;21/03/2024;;E;C;I;;S3T;;;;;;;;;;;;;;;;
7782729;TERRITOIRE;FT 92032/330;7782729;;OR16;OR16;OR19;OR19;;OCC;MCO;OK;21/03/2024;;E;C;I;;K2C;;;;;;;;;;;;;;;;
7566401;TERRITOIRE;FT 93005/1928;7566401;;OR16;OR16;OR19;OR19;;OCC;MCO;OK;08/02/2024;;E;C;T;;L4T;;;;;;;;;;;;;;;;
7856648;TERRITOIRE;FT 92019/164;7856648;;OR16;OR16;OR19;OR19;;OCC;MCO;OK;10/04/2024;;E;C;I;;S3T;;;;;;;;;;;;;;;;
7730874;TERRITOIRE;FT 94028/1792;7730874;;OR16;OR16;OR19;OR19;;OCC;MCO;OK;13/03/2024;;E;C;T;;S4T;;;;;;;;;;;;;;;;
7618876;TERRITOIRE;FT 93079/24;7618876;;OR16;OR16;OR19;OR19;;OCC;MCO;OK;19/02/2024;;E;C;T;;S4T;;;;;;;;;;;;;;;;
7905266;TERRITOIRE;FT 92051/1127;7905266;;OR16;OR16;OR19;OR19;;OCC;MCO;OK;23/04/2024;;E;C;I;;U5T;;;;;;;;;;;;;;;;
7973747;TERRITOIRE;FT 95063/360;7973747;;OR16;OR16;OR19;OR19;;OCC;MCO;OK;07/05/2024;;E;C;I;;OHN;;;;;;;;;;;;;;;;
7593520;TERRITOIRE;FT 94002/819;7593520;;OR16;OR16;OR19;OR19;;OCC;MCO;OK;13/02/2024;;E;C;T;;OHN;;;;;;;;;;;;;;;;
7833914;TERRITOIRE;FT 94019/838;7833914;;OR16;OR16;OR19;OR19;;OCC;MCO;OK;03/04/2024;;E;C;I;;A2B;;;;;;;;;;;;;;;;
7565439;TERRITOIRE;FT 94015/348;7565439;;OR16;OR16;OR19;OR19;;OCC;MCO;OK;08/02/2024;;E;C;T;;OHN;;;;;;;;;;;;;;;;
7899886;TERRITOIRE;FT 78646/6232;7899886;;OR16;OR16;OR19;OR19;;OCC;MCO;OK;23/04/2024;;E;C;I;;A2;;;;;;;;;;;;;;;;
7783055;TERRITOIRE;FT 92002/1886;7783055;;OR16;OR16;OR19;OR19;;OCC;MCO;OK;21/03/2024;;E;C;I;;S1T;;;;;;;;;;;;;;;;
7530236;TERRITOIRE;FT 93072/49;7530236;;OR16;OR16;OR19;OR19;;OCC;MCO;OK;01/02/2024;;E;C;T;;L2T;;;;;;;;;;;;;;;;
7789189;TERRITOIRE;FT 93039/25;7789189;;OR16;OR16;OR19;OR19;;OCC;MCO;OK;22/03/2024;;E;C;I;;S3T;;;;;;;;;;;;;;;;
7638080;TERRITOIRE;FT 94033/753;7638080;;OR16;OR16;OR19;OR19;;OCC;MCO;OK;22/02/2024;;E;C;T;;S3T;;;;;;;;;;;;;;;;
7912731;TERRITOIRE;FT 94077/1041;7912731;;OR16;OR16;OR19;OR19;;OCC;MCO;OK;24/04/2024;;E;C;I;;L2T;;;;;;;;;;;;;;;;
7630094;TERRITOIRE;FT 93064/1620;7630094;;OR16;OR16;OR19;OR19;;OCC;MCO;OK;21/02/2024;;E;C;T;;OHN;;;;;;;;;;;;;;;;
7519723;TERRITOIRE;FT 94033/251;7519723;;OR16;OR16;OR19;OR19;;OCC;MCO;OK;31/01/2024;;E;C;T;;L2T;;;;;;;;;;;;;;;;
7607442;TERRITOIRE;FT 92026/45;7607442;;OR16;OR16;OR19;OR19;;OCC;MCO;OK;14/02/2024;;E;C;T;;OHN;;;;;;;;;;;;;;;;
7991044;TERRITOIRE;FT 93046/378;7991044;;OR16;OR16;OR19;OR19;;OCC;MCO;OK;13/05/2024;;E;C;I;;A2;;;;;;;;;;;;;;;;
7519667;TERRITOIRE;FT 94033/356;7519667;;OR16;OR16;OR19;OR19;;OCC;MCO;OK;31/01/2024;;E;C;T;;OHN;;;;;;;;;;;;;;;;
7899859;TERRITOIRE;FT 78646/2732;7899859;;OR16;OR16;OR19;OR19;;OCC;MCO;OK;23/04/2024;;E;C;I;;L3T;;;;;;;;;;;;;;;;
7783067;TERRITOIRE;FT 92002/2119;7783067;;OR16;OR16;OR19;OR19;;OCC;MCO;OK;21/03/2024;;E;C;I;;S4T;;;;;;;;;;;;;;;;
7609596;TERRITOIRE;FT 92004/102;7609596;;OR16;OR16;OR19;OR19;;OCC;MCO;OK;15/02/2024;;E;C;T;;S5T;;;;;;;;;;;;;;;;
7530563;TERRITOIRE;FT 93077/838;7530563;;OR16;OR16;OR19;OR19;;OCC;MCO;OK;01/02/2024;;E;C;T;;OHN;;;;;;;;;;;;;;;;
7783105;TERRITOIRE;FT 92002/2255;7783105;;OR16;OR16;OR19;OR19;;OCC;MCO;OK;21/03/2024;;E;C;I;;OHN;;;;;;;;;;;;;;;;
7714575;TERRITOIRE;FT 92004/1967;7714575;;OR16;OR16;OR19;OR19;;OCC;MCO;OK;08/03/2024;;E;C;T;;S4T;;;;;;;;;;;;;;;;
7594878;TERRITOIRE;FT 94002/122;7594878;;OR16;OR16;OR19;OR19;;OCC;MCO;OK;13/02/2024;;E;C;T;;S5T;;;;;;;;;;;;;;;;
7761272;TERRITOIRE;FT 93057/164;7761272;;OR16;OR16;OR19;OR19;;OCC;MCO;OK;18/03/2024;;E;C;T;;S3T;;;;;;;;;;;;;;;;
7570874;TERRITOIRE;FT 94017/377;7570874;;OR16;OR16;OR19;OR19;;OCC;MCO;OK;09/02/2024;;E;C;T;;OHN;;;;;;;;;;;;;;;;
7800360;TERRITOIRE;FT 92007/287;7800360;;OR16;OR16;OR19;OR19;;OCC;MCO;OK;26/03/2024;;E;C;I;;OHN;;;;;;;;;;;;;;;;
7607443;TERRITOIRE;FT 92026/64;7607443;;OR16;OR16;OR19;OR19;;OCC;MCO;OK;14/02/2024;;E;C;T;;OHN;;;;;;;;;;;;;;;;
7877111;TERRITOIRE;FT 92012/328;7877111;;OR16;OR16;OR19;OR19;;OCC;MCO;OK;17/04/2024;;E;C;I;;S3T;;;;;;;;;;;;;;;;
7861750;TERRITOIRE;FT 94076/1349;7861750;;OR16;OR16;OR19;OR19;;OCC;MCO;OK;12/04/2024;;E;C;I;;L2T;;;;;;;;;;;;;;;;
7859252;TERRITOIRE;FT 94068/2362;7859252;;OR16;OR16;OR19;OR19;;OCC;MCO;OK;11/04/2024;;E;C;I;;OHN;;;;;;;;;;;;;;;;
7991428;TERRITOIRE;FT 93077/172;7991428;;OR16;OR16;OR19;OR19;;OCC;MCO;OK;13/05/2024;;E;C;I;;OHN;;;;;;;;;;;;;;;;
7856664;TERRITOIRE;FT 92019/799;7856664;;OR16;OR16;OR19;OR19;;OCC;MCO;OK;10/04/2024;;E;C;I;;OHN;;;;;;;;;;;;;;;;
7782728;TERRITOIRE;FT 92032/328;7782728;;OR16;OR16;OR19;OR19;;OCC;MCO;OK;21/03/2024;;E;C;I;;OHN;;;;;;;;;;;;;;;;
7618880;TERRITOIRE;FT 93031/1285;7618880;;OR16;OR16;OR19;OR19;;OCC;MCO;OK;19/02/2024;;E;C;T;;L4T;;;;;;;;;;;;;;;;
7763208;TERRITOIRE;FT 92078/10;7763208;;OR16;OR16;OR19;OR19;;OCC;MCO;OK;18/03/2024;;E;C;T;;OHN;;;;;;;;;;;;;;;;
7876831;TERRITOIRE;FT 92022/1160;7876831;;OR16;OR16;OR19;OR19;;OCC;MCO;OK;17/04/2024;;E;C;I;;OHN;;;;;;;;;;;;;;;;
7873277;TERRITOIRE;FT 94065/314;7873277;;OR16;OR16;OR19;OR19;;OCC;MCO;OK;16/04/2024;;E;C;I;;L4T;;;;;;;;;;;;;;;;
7610226;TERRITOIRE;FT 92004/838;7610226;;OR16;OR16;OR19;OR19;;OCC;MCO;OK;15/02/2024;;E;C;T;;U4T;;;;;;;;;;;;;;;;
7777216;TERRITOIRE;FT 92002/1153;7777216;;OR16;OR16;OR19;OR19;;OCC;MCO;OK;20/03/2024;;E;C;T;;S3T;;;;;;;;;;;;;;;;
7568341;TERRITOIRE;FT 94015/482;7568341;;OR16;OR16;OR19;OR19;;OCC;MCO;OK;08/02/2024;;E;C;T;;OHN;;;;;;;;;;;;;;;;
7619837;TERRITOIRE;FT 93031/1346;7619837;;OR16;OR16;OR19;OR19;;OCC;MCO;OK;19/02/2024;;E;C;T;;L2T;;;;;;;;;;;;;;;;
7609597;TERRITOIRE;FT 92004/779;7609597;;OR16;OR16;OR19;OR19;;OCC;MCO;OK;15/02/2024;;E;C;T;;S3T;;;;;;;;;;;;;;;;
7876787;TERRITOIRE;FT 92022/180;7876787;;OR16;OR16;OR19;OR19;;OCC;MCO;OK;17/04/2024;;E;C;I;;OHN;;;;;;;;;;;;;;;;
7630171;TERRITOIRE;FT 93064/1877;7630171;;OR16;OR16;OR19;OR19;;OCC;MCO;OK;21/02/2024;;E;C;T;;OHN;;;;;;;;;;;;;;;;
7827204;TERRITOIRE;FT 92046/487;7827204;;OR16;OR16;OR19;OR19;;OCC;MCO;OK;02/04/2024;;E;C;I;;S3T;;;;;;;;;;;;;;;;
7594914;TERRITOIRE;FT 94002/82;7594914;;OR16;OR16;OR19;OR19;;OCC;MCO;OK;13/02/2024;;E;C;T;;S4T;;;;;;;;;;;;;;;;
7830107;TERRITOIRE;FT 92019/997;7830107;;OR16;OR16;OR19;OR19;;OCC;MCO;OK;02/04/2024;;E;C;I;;L1T;;;;;;;;;;;;;;;;
7899883;TERRITOIRE;FT 78646/2759;7899883;;OR16;OR16;OR19;OR19;;OCC;MCO;OK;23/04/2024;;E;C;I;;A2;;;;;;;;;;;;;;;;
7904957;TERRITOIRE;FT 92051/409;7904957;;OR16;OR16;OR19;OR19;;OCC;MCO;OK;23/04/2024;;E;C;I;;U5T;;;;;;;;;;;;;;;;
7855677;TERRITOIRE;FT 92060/1352;7855677;;OR16;OR16;OR19;OR19;;OCC;MCO;OK;10/04/2024;;E;C;I;;L5T;;;;;;;;;;;;;;;;
7811830;TERRITOIRE;FT 94054/514;7811830;;OR16;OR16;OR19;OR19;;OCC;MCO;OK;27/03/2024;;E;C;I;;L4T;;;;;;;;;;;;;;;;
7692474;TERRITOIRE;FT 92007/560;7692474;;OR16;OR16;OR19;OR19;;OCC;MCO;OK;05/03/2024;;E;C;T;;L6T;;;;;;;;;;;;;;;;
7890555;TERRITOIRE;FT 78646/523;7890555;;OR16;OR16;OR19;OR19;;OCC;MCO;OK;18/04/2024;;E;C;I;;A2B;;;;;;;;;;;;;;;;
7651523;TERRITOIRE;FT 92024/348;7651523;;OR16;OR16;OR19;OR19;;OCC;MCO;OK;26/02/2024;;E;C;T;;S4T;;;;;;;;;;;;;;;;
7568322;TERRITOIRE;FT 94015/462;7568322;;OR16;OR16;OR19;OR19;;OCC;MCO;OK;08/02/2024;;E;C;T;;OHN;;;;;;;;;;;;;;;;
7796183;TERRITOIRE;FT 93048/2128;7796183;;OR16;OR16;OR19;OR19;;OCC;MCO;OK;25/03/2024;;E;C;I;;OHN;;;;;;;;;;;;;;;;
7837447;TERRITOIRE;FT 92025/51;7837447;;OR16;OR16;OR19;OR19;;OCC;MCO;OK;04/04/2024;;E;C;I;;OHN;;;;;;;;;;;;;;;;
7570865;TERRITOIRE;FT 94017/3347;7570865;;OR16;OR16;OR19;OR19;;OCC;MCO;OK;09/02/2024;;E;C;T;;L4T;;;;;;;;;;;;;;;;
7651540;TERRITOIRE;FT 92036/1171;7651540;;OR16;OR16;OR19;OR19;;OCC;MCO;OK;26/02/2024;;E;C;T;;OHN;;;;;;;;;;;;;;;;
7654732;TERRITOIRE;FT 93008/42;7654732;;OR16;OR16;OR19;OR19;;OCC;MCO;OK;27/02/2024;;E;C;T;;L6T;;;;;;;;;;;;;;;;
7690231;TERRITOIRE;FT 93001/1599;7690231;;OR16;OR16;OR19;OR19;;OCC;MCO;OK;05/03/2024;;E;C;T;;S4T;;;;;;;;;;;;;;;;
7749433;TERRITOIRE;FT 94069/6;7749433;;OR16;OR16;OR19;OR19;;OCC;MCO;OK;15/03/2024;;E;C;T;;OHN;;;;;;;;;;;;;;;;
7692495;TERRITOIRE;FT 92007/534;7692495;;OR16;OR16;OR19;OR19;;OCC;MCO;OK;05/03/2024;;E;C;T;;K2C;;;;;;;;;;;;;;;;
7859262;TERRITOIRE;FT 94068/1303;7859262;;OR16;OR16;OR19;OR19;;OCC;MCO;OK;11/04/2024;;E;C;I;;OHN;;;;;;;;;;;;;;;;
7572174;TERRITOIRE;FT 94046/769;7572174;;OR16;OR16;OR19;OR19;;OCC;MCO;OK;09/02/2024;;E;C;T;;L0T;;;;;;;;;;;;;;;;
7607477;TERRITOIRE;FT 92026/1189;7607477;;OR16;OR16;OR19;OR19;;OCC;MCO;OK;14/02/2024;;E;C;T;;S1T;;;;;;;;;;;;;;;;
7553588;TERRITOIRE;FT 92036/951;7553588;;OR16;OR16;OR19;OR19;;OCC;MCO;OK;06/02/2024;;E;C;T;;L2T;;;;;;;;;;;;;;;;
7905272;TERRITOIRE;FT 92051/1180;7905272;;OR16;OR16;OR19;OR19;;OCC;MCO;OK;23/04/2024;;E;C;I;;S3T;;;;;;;;;;;;;;;;
7859201;TERRITOIRE;FT 94068/534;7859201;;OR16;OR16;OR19;OR19;;OCC;MCO;OK;11/04/2024;;E;C;I;;OHN;;;;;;;;;;;;;;;;
7948786;TERRITOIRE;FT 93063/1120;7948786;;OR16;OR16;OR19;OR19;;OCC;MCO;OK;02/05/2024;;E;C;I;;OHN;;;;;;;;;;;;;;;;
7871354;TERRITOIRE;FT 94052/792;7871354;;OR16;OR16;OR19;OR19;;OCC;MCO;OK;16/04/2024;;E;C;I;;OHN;;;;;;;;;;;;;;;;
7859249;TERRITOIRE;FT 94068/2367;7859249;;OR16;OR16;OR19;OR19;;OCC;MCO;OK;11/04/2024;;E;C;I;;OHN;;;;;;;;;;;;;;;;
7848003;TERRITOIRE;FT 92073/205;7848003;;OR16;OR16;OR19;OR19;;OCC;MCO;OK;07/04/2024;;E;C;I;;OHN;;;;;;;;;;;;;;;;
7838126;TERRITOIRE;FT 92009/547;7838126;;OR16;OR16;OR19;OR19;;OCC;MCO;OK;04/04/2024;;E;C;I;;S4T;;;;;;;;;;;;;;;;
7783037;TERRITOIRE;FT 92002/1802;7783037;;OR16;OR16;OR19;OR19;;OCC;MCO;OK;21/03/2024;;E;C;I;;S3T;;;;;;;;;;;;;;;;
7963529;TERRITOIRE;FT 94034/388;7963529;;OR16;OR16;OR19;OR19;;OCC;MCO;OK;06/05/2024;;E;C;I;;S4T;;;;;;;;;;;;;;;;
7991433;TERRITOIRE;FT 93077/158;7991433;;OR16;OR16;OR19;OR19;;OCC;MCO;OK;13/05/2024;;E;C;I;;OHN;;;;;;;;;;;;;;;;
7607402;TERRITOIRE;FT 92026/210;7607402;;OR16;OR16;OR19;OR19;;OCC;MCO;OK;14/02/2024;;E;C;T;;S4T;;;;;;;;;;;;;;;;
7618867;TERRITOIRE;FT 93079/475;7618867;;OR16;OR16;OR19;OR19;;OCC;MCO;OK;19/02/2024;;E;C;T;;S3T;;;;;;;;;;;;;;;;
7915855;TERRITOIRE;FT 94018/460;7915855;;OR16;OR16;OR19;OR19;;OCC;MCO;OK;24/04/2024;;E;C;I;;OHN;;;;;;;;;;;;;;;;
7830404;TERRITOIRE;FT 92019/226;7830404;;OR16;OR16;OR19;OR19;;OCC;MCO;OK;02/04/2024;;E;C;I;;L2T;;;;;;;;;;;;;;;;
7783047;TERRITOIRE;FT 92002/1731;7783047;;OR16;OR16;OR19;OR19;;OCC;MCO;OK;21/03/2024;;E;C;I;;OHN;;;;;;;;;;;;;;;;
7861749;TERRITOIRE;FT 94076/1348;7861749;;OR16;OR16;OR19;OR19;;OCC;MCO;OK;12/04/2024;;E;C;I;;L2T;;;;;;;;;;;;;;;;
7912650;TERRITOIRE;FT 94077/373;7912650;;OR16;OR16;OR19;OR19;;OCC;MCO;OK;24/04/2024;;E;C;I;;L5T;;;;;;;;;;;;;;;;
7615985;TERRITOIRE;FT 93070/623;7615985;;OR16;OR16;OR19;OR19;;OCC;MCO;OK;16/02/2024;;E;C;T;;OHN;;;;;;;;;;;;;;;;
7772467;TERRITOIRE;FT 94068/2037;7772467;;OR16;OR16;OR19;OR19;;OCC;MCO;OK;20/03/2024;;E;C;T;;OHN;;;;;;;;;;;;;;;;
7730875;TERRITOIRE;FT 94028/1758;7730875;;OR16;OR16;OR19;OR19;;OCC;MCO;OK;13/03/2024;;E;C;T;;OHN;;;;;;;;;;;;;;;;
7552950;TERRITOIRE;FT 92036/91;7552950;;OR16;OR16;OR19;OR19;;OCC;MCO;OK;06/02/2024;;E;C;T;;OHN;;;;;;;;;;;;;;;;
7926390;TERRITOIRE;FT 94021/627;7926390;;OR16;OR16;OR19;OR19;;OCC;MCO;OK;26/04/2024;;E;C;I;;P1T;;;;;;;;;;;;;;;;
7915854;TERRITOIRE;FT 94018/127;7915854;;OR16;OR16;OR19;OR19;;OCC;MCO;OK;24/04/2024;;E;C;I;;OHN;;;;;;;;;;;;;;;;
7607445;TERRITOIRE;FT 92026/65;7607445;;OR16;OR16;OR19;OR19;;OCC;MCO;OK;14/02/2024;;E;C;T;;U6T;;;;;;;;;;;;;;;;
7651594;TERRITOIRE;FT 92036/1263;7651594;;OR16;OR16;OR19;OR19;;OCC;MCO;OK;26/02/2024;;E;C;T;;L2T;;;;;;;;;;;;;;;;
7783060;TERRITOIRE;FT 92002/2845;7783060;;OR16;OR16;OR19;OR19;;OCC;MCO;OK;21/03/2024;;E;C;I;;S3T;;;;;;;;;;;;;;;;
7763202;TERRITOIRE;FT 92078/16;7763202;;OR16;OR16;OR19;OR19;;OCC;MCO;OK;18/03/2024;;E;C;T;;OHN;;;;;;;;;;;;;;;;
7645430;TERRITOIRE;FT 93008/1048;7645430;;OR16;OR16;OR19;OR19;;OCC;MCO;OK;23/02/2024;;E;C;T;;OHN;;;;;;;;;;;;;;;;
7566448;TERRITOIRE;FT 93005/2231;7566448;;OR16;OR16;OR19;OR19;;OCC;MCO;OK;08/02/2024;;E;C;T;;M2T;;;;;;;;;;;;;;;;
7731187;TERRITOIRE;FT 94028/1729;7731187;;OR16;OR16;OR19;OR19;;OCC;MCO;OK;13/03/2024;;E;C;T;;OHN;;;;;;;;;;;;;;;;
7620792;TERRITOIRE;FT 93006/153;7620792;;OR16;OR16;OR19;OR19;;OCC;MCO;OK;19/02/2024;;E;C;T;;OHN;;;;;;;;;;;;;;;;
7761316;TERRITOIRE;FT 93010/962;7761316;;OR16;OR16;OR19;OR19;;OCC;MCO;OK;18/03/2024;;E;C;T;;L2T;;;;;;;;;;;;;;;;
7811862;TERRITOIRE;FT 94081/1686;7811862;;OR16;OR16;OR19;OR19;;OCC;MCO;OK;27/03/2024;;E;C;I;;K3C;;;;;;;;;;;;;;;;
7926405;TERRITOIRE;FT 94076/284;7926405;;OR16;OR16;OR19;OR19;;OCC;MCO;OK;26/04/2024;;E;C;I;;L3T;;;;;;;;;;;;;;;;
7594890;TERRITOIRE;FT 94002/274;7594890;;OR16;OR16;OR19;OR19;;OCC;MCO;OK;13/02/2024;;E;C;T;;S3T;;;;;;;;;;;;;;;;
7559037;TERRITOIRE;FT 93046/1027;7559037;;OR16;OR16;OR19;OR19;;OCC;MCO;OK;07/02/2024;;E;C;T;;A2;;;;;;;;;;;;;;;;
7837792;TERRITOIRE;FT 92025/275;7837792;;OR16;OR16;OR19;OR19;;OCC;MCO;OK;04/04/2024;;E;C;I;;L2T;;;;;;;;;;;;;;;;
7553648;TERRITOIRE;FT 92036/968;7553648;;OR16;OR16;OR19;OR19;;OCC;MCO;OK;06/02/2024;;E;C;T;;L2T;;;;;;;;;;;;;;;;
7871359;TERRITOIRE;FT 94052/609;7871359;;OR16;OR16;OR19;OR19;;OCC;MCO;OK;16/04/2024;;E;C;I;;OHN;;;;;;;;;;;;;;;;
7718078;TERRITOIRE;FT 94016/179;7718078;;OR16;OR16;OR19;OR19;;OCC;MCO;OK;11/03/2024;;E;C;T;;L2T;;;;;;;;;;;;;;;;
7672628;TERRITOIRE;FT 93039/161;7672628;;OR16;OR16;OR19;OR19;;OCC;MCO;OK;29/02/2024;;E;C;T;;OHN;;;;;;;;;;;;;;;;
7730870;TERRITOIRE;FT 94028/1763;7730870;;OR16;OR16;OR19;OR19;;OCC;MCO;OK;13/03/2024;;E;C;T;;L2T;;;;;;;;;;;;;;;;
7973761;TERRITOIRE;FT 95063/765;7973761;;OR16;OR16;OR19;OR19;;OCC;MCO;OK;07/05/2024;;E;C;I;;OHN;;;;;;;;;;;;;;;;
7519687;TERRITOIRE;FT 94033/491;7519687;;OR16;OR16;OR19;OR19;;OCC;MCO;OK;31/01/2024;;E;C;T;;OHN;;;;;;;;;;;;;;;;
7890554;TERRITOIRE;FT 78646/522;7890554;;OR16;OR16;OR19;OR19;;OCC;MCO;OK;18/04/2024;;E;C;I;;A2B;;;;;;;;;;;;;;;;
7859189;TERRITOIRE;FT 94068/2699;7859189;;OR16;OR16;OR19;OR19;;OCC;MCO;OK;11/04/2024;;E;C;I;;OHN;;;;;;;;;;;;;;;;
7635198;TERRITOIRE;FT 93072/472;7635198;;OR16;OR16;OR19;OR19;;OCC;MCO;OK;22/02/2024;;E;C;T;;OHN;;;;;;;;;;;;;;;;
7763187;TERRITOIRE;FT 92036/828;7763187;;OR16;OR16;OR19;OR19;;OCC;MCO;OK;18/03/2024;;E;C;T;;V6T;;;;;;;;;;;;;;;;
7798395;TERRITOIRE;FT 92020/415;7798395;;OR16;OR16;OR19;OR19;;OCC;MCO;OK;25/03/2024;;E;C;I;;L5T;;;;;;;;;;;;;;;;
7607464;TERRITOIRE;FT 92026/887;7607464;;OR16;OR16;OR19;OR19;;OCC;MCO;OK;14/02/2024;;E;C;T;;S3T;;;;;;;;;;;;;;;;
7994561;TERRITOIRE;FT 93057/707;7994561;;OR16;OR16;OR19;OR19;;OCC;MCO;OK;13/05/2024;;E;C;I;;OHN;;;;;;;;;;;;;;;;
7646386;TERRITOIRE;FT 93007/1168;7646386;;OR16;OR16;OR19;OR19;;OCC;MCO;OK;23/02/2024;;E;C;T;;L2T;;;;;;;;;;;;;;;;
7861463;TERRITOIRE;FT 94081/583;7861463;;OR16;OR16;OR19;OR19;;OCC;MCO;OK;12/04/2024;;E;C;I;;L3T;;;;;;;;;;;;;;;;
7698875;TERRITOIRE;FT 92020/117;7698875;;OR16;OR16;OR19;OR19;;OCC;MCO;OK;06/03/2024;;E;C;T;;OHN;;;;;;;;;;;;;;;;
7855723;TERRITOIRE;FT 92060/290;7855723;;OR16;OR16;OR19;OR19;;OCC;MCO;OK;10/04/2024;;E;C;I;;L5T;;;;;;;;;;;;;;;;
7530573;TERRITOIRE;FT 93077/37;7530573;;OR16;OR16;OR19;OR19;;OCC;MCO;OK;01/02/2024;;E;C;T;;OHN;;;;;;;;;;;;;;;;
7672638;TERRITOIRE;FT 93066/879;7672638;;OR16;OR16;OR19;OR19;;OCC;MCO;OK;29/02/2024;;E;C;T;;S4T;;;;;;;;;;;;;;;;
7861478;TERRITOIRE;FT 94076/842;7861478;;OR16;OR16;OR19;OR19;;OCC;MCO;OK;12/04/2024;;E;C;I;;L3T;;;;;;;;;;;;;;;;
7963540;TERRITOIRE;FT 94043/87;7963540;;OR16;OR16;OR19;OR19;;OCC;MCO;OK;06/05/2024;;E;C;I;;L3T;;;;;;;;;;;;;;;;
7948837;TERRITOIRE;FT 94080/71;7948837;;OR16;OR16;OR19;OR19;;OCC;MCO;OK;02/05/2024;;E;C;I;;S3T;;;;;;;;;;;;;;;;
7883193;TERRITOIRE;FT 92012/2064;7883193;;OR16;OR16;OR19;OR19;;OCC;MCO;OK;18/04/2024;;E;C;I;;L2T;;;;;;;;;;;;;;;;
7600626;TERRITOIRE;FT 92044/350;7600626;;OR16;OR16;OR19;OR19;;OCC;MCO;OK;13/02/2024;;E;C;T;;V5T;;;;;;;;;;;;;;;;
7609961;TERRITOIRE;FT 92004/475;7609961;;OR16;OR16;OR19;OR19;;OCC;MCO;OK;15/02/2024;;E;C;T;;OHN;;;;;;;;;;;;;;;;
7600643;TERRITOIRE;FT 92044/716;7600643;;OR16;OR16;OR19;OR19;;OCC;MCO;OK;13/02/2024;;E;C;T;;S3T;;;;;;;;;;;;;;;;
7553649;TERRITOIRE;FT 92036/962;7553649;;OR16;OR16;OR19;OR19;;OCC;MCO;OK;06/02/2024;;E;C;T;;L2T;;;;;;;;;;;;;;;;
7973775;TERRITOIRE;FT 95063/366;7973775;;OR16;OR16;OR19;OR19;;OCC;MCO;OK;07/05/2024;;E;C;I;;OHN;;;;;;;;;;;;;;;;
7838081;TERRITOIRE;FT 92025/1117;7838081;;OR16;OR16;OR19;OR19;;OCC;MCO;OK;04/04/2024;;E;C;I;;L2T;;;;;;;;;;;;;;;;
7694080;TERRITOIRE;FT 92007/44;7694080;;OR16;OR16;OR19;OR19;;OCC;MCO;OK;06/03/2024;;E;C;T;;L3T;;;;;;;;;;;;;;;;
7620488;TERRITOIRE;FT 93048/132;7620488;;OR16;OR16;OR19;OR19;;OCC;MCO;OK;19/02/2024;;E;C;T;;S3T;;;;;;;;;;;;;;;;
7850281;TERRITOIRE;FT 94022/714;7850281;;OR16;OR16;OR19;OR19;;OCC;MCO;OK;08/04/2024;;E;C;I;;OHN;;;;;;;;;;;;;;;;
7654745;TERRITOIRE;FT 93029/6;7654745;;OR16;OR16;OR19;OR19;;OCC;MCO;OK;27/02/2024;;E;C;T;;S5T;;;;;;;;;;;;;;;;
7630150;TERRITOIRE;FT 93064/2050;7630150;;OR16;OR16;OR19;OR19;;OCC;MCO;OK;21/02/2024;;E;C;T;;L2T;;;;;;;;;;;;;;;;
7630180;TERRITOIRE;FT 93064/1787;7630180;;OR16;OR16;OR19;OR19;;OCC;MCO;OK;21/02/2024;;E;C;T;;OHN;;;;;;;;;;;;;;;;
7679667;TERRITOIRE;FT 94046/489;7679667;;OR16;OR16;OR19;OR19;;OCC;MCO;OK;04/03/2024;;E;C;T;;OHN;;;;;;;;;;;;;;;;
7616009;TERRITOIRE;FT 93070/622;7616009;;OR16;OR16;OR19;OR19;;OCC;MCO;OK;16/02/2024;;E;C;T;;U7T;;;;;;;;;;;;;;;;
7859357;TERRITOIRE;FT 94068/2009;7859357;;OR16;OR16;OR19;OR19;;OCC;MCO;OK;11/04/2024;;E;C;I;;OHN;;;;;;;;;;;;;;;;
7522231;TERRITOIRE;FT 93010/743;7522231;;OR16;OR16;OR19;OR19;;OCC;MCO;OK;31/01/2024;;E;C;T;;A2;;;;;;;;;;;;;;;;
7615673;TERRITOIRE;FT 94033/1039;7615673;;OR16;OR16;OR19;OR19;;OCC;MCO;OK;16/02/2024;;E;C;T;;OHN;;;;;;;;;;;;;;;;
7514243;TERRITOIRE;FT 93055/227;7514243;;OR16;OR16;OR19;OR19;;OCC;MCO;OK;30/01/2024;;E;C;T;;OHN;;;;;;;;;;;;;;;;
7757105;TERRITOIRE;"FT 94028/1955
";7757105;;OR16;OR16;OR19;OR19;;OCC;MCO;OK;15/03/2024;;E;C;T;;M3C;;;;;;;;;;;;;;;;
7761318;TERRITOIRE;FT 93010/957;7761318;;OR16;OR16;OR19;OR19;;OCC;MCO;OK;18/03/2024;;E;C;T;;L3T;;;;;;;;;;;;;;;;
7630179;TERRITOIRE;FT 93064/1767;7630179;;OR16;OR16;OR19;OR19;;OCC;MCO;OK;21/02/2024;;E;C;T;;OHN;;;;;;;;;;;;;;;;
7830078;TERRITOIRE;FT 92019/528;7830078;;OR16;OR16;OR19;OR19;;OCC;MCO;OK;02/04/2024;;E;C;I;;S4T;;;;;;;;;;;;;;;;
7991452;TERRITOIRE;FT 93077/702;7991452;;OR16;OR16;OR19;OR19;;OCC;MCO;OK;13/05/2024;;E;C;I;;OHN;;;;;;;;;;;;;;;;
7561598;TERRITOIRE;FT 93046/1106;7561598;;OR16;OR16;OR19;OR19;;OCC;MCO;OK;07/02/2024;;E;C;T;;OHN;;;;;;;;;;;;;;;;
7530565;TERRITOIRE;FT 93077/1120;7530565;;OR16;OR16;OR19;OR19;;OCC;MCO;OK;01/02/2024;;E;C;T;;OHN;;;;;;;;;;;;;;;;
7876842;TERRITOIRE;FT 92022/554;7876842;;OR16;OR16;OR19;OR19;;OCC;MCO;OK;17/04/2024;;E;C;I;;A2;;;;;;;;;;;;;;;;
7683534;TERRITOIRE;FT 93029/939;7683534;;OR16;OR16;OR19;OR19;;OCC;MCO;OK;04/03/2024;;E;C;T;;L5T;;;;;;;;;;;;;;;;
7630186;TERRITOIRE;FT 93064/1734;7630186;;OR16;OR16;OR19;OR19;;OCC;MCO;OK;21/02/2024;;E;C;T;;OHN;;;;;;;;;;;;;;;;
7783090;TERRITOIRE;FT 92002/2142;7783090;;OR16;OR16;OR19;OR19;;OCC;MCO;OK;21/03/2024;;E;C;I;;L1T;;;;;;;;;;;;;;;;
7654742;TERRITOIRE;FT 93008/70;7654742;;OR16;OR16;OR19;OR19;;OCC;MCO;OK;27/02/2024;;E;C;T;;S4T;;;;;;;;;;;;;;;;
7850238;TERRITOIRE;FT 94022/397;7850238;;OR16;OR16;OR19;OR19;;OCC;MCO;OK;08/04/2024;;E;C;I;;L4T;;;;;;;;;;;;;;;;
7568649;TERRITOIRE;FT 94046/1350;7568649;;OR16;OR16;OR19;OR19;;OCC;MCO;OK;08/02/2024;;E;C;T;;OHN;;;;;;;;;;;;;;;;
7646401;TERRITOIRE;FT 93029/1257;7646401;;OR16;OR16;OR19;OR19;;OCC;MCO;OK;23/02/2024;;E;C;T;;OHN;;;;;;;;;;;;;;;;
7904628;TERRITOIRE;FT 78646/1297;7904628;;OR16;OR16;OR19;OR19;;OCC;MCO;OK;18/04/2024;;E;C;I;;A2;;;;;;;;;;;;;;;;
8133745;TERRITOIRE;FT 93005/2239;8133745;;OR16;OR16;OR19;OR19;;OCC;MCO;OK;08/02/2024;;E;C;I;;OHN;;;;;;;;;;;;;;;;
7615992;TERRITOIRE;FT 93070/304;7615992;;OR16;OR16;OR19;OR19;;OCC;MCO;OK;16/02/2024;;E;C;T;;S5T;;;;;;;;;;;;;;;;
7518413;TERRITOIRE;FT 94033/539;7518413;;OR16;OR16;OR19;OR19;;OCC;MCO;OK;31/01/2024;;E;C;T;;S3T;;;;;;;;;;;;;;;;
7883525;TERRITOIRE;FT 78646/803;7883525;;OR16;OR16;OR19;OR19;;OCC;MCO;OK;18/04/2024;;E;C;I;;A2;;;;;;;;;;;;;;;;
7530550;TERRITOIRE;FT 93077/124;7530550;;OR16;OR16;OR19;OR19;;OCC;MCO;OK;01/02/2024;;E;C;T;;A2T;;;;;;;;;;;;;;;;
7795517;TERRITOIRE;FT 93048/1601;7795517;;OR16;OR16;OR19;OR19;;OCC;MCO;OK;25/03/2024;;E;C;I;;OHN;;;;;;;;;;;;;;;;
7994557;TERRITOIRE;FT 93057/729;7994557;;OR16;OR16;OR19;OR19;;OCC;MCO;OK;13/05/2024;;E;C;I;;OHN;;;;;;;;;;;;;;;;
7777129;TERRITOIRE;FT 92002/678;7777129;;OR16;OR16;OR19;OR19;;OCC;MCO;OK;20/03/2024;;E;C;T;;L2T;;;;;;;;;;;;;;;;
7912642;TERRITOIRE;FT 94077/878;7912642;;OR16;OR16;OR19;OR19;;OCC;MCO;OK;24/04/2024;;E;C;I;;OHN;;;;;;;;;;;;;;;;
7963546;TERRITOIRE;FT 94043/181;7963546;;OR16;OR16;OR19;OR19;;OCC;MCO;OK;06/05/2024;;E;C;I;;L2T;;;;;;;;;;;;;;;;
7830399;TERRITOIRE;FT 92019/235;7830399;;OR16;OR16;OR19;OR19;;OCC;MCO;OK;02/04/2024;;E;C;I;;L4T;;;;;;;;;;;;;;;;
7782714;TERRITOIRE;FT 92032/385;7782714;;OR16;OR16;OR19;OR19;;OCC;MCO;OK;21/03/2024;;E;C;I;;S4T;;;;;;;;;;;;;;;;
7607486;TERRITOIRE;FT 92026/137;7607486;;OR16;OR16;OR19;OR19;;OCC;MCO;OK;14/02/2024;;E;C;T;;S4T;;;;;;;;;;;;;;;;
7688316;TERRITOIRE;FT 93001/1098;7688316;;OR16;OR16;OR19;OR19;;OCC;MCO;OK;05/03/2024;;E;C;T;;S3T;;;;;;;;;;;;;;;;
7777211;TERRITOIRE;FT 92002/895;7777211;;OR16;OR16;OR19;OR19;;OCC;MCO;OK;20/03/2024;;E;C;T;;S3T;;;;;;;;;;;;;;;;
7883506;TERRITOIRE;FT 78646/1307;7883506;;OR16;OR16;OR19;OR19;;OCC;MCO;OK;18/04/2024;;E;C;I;;A2;;;;;;;;;;;;;;;;
7609952;TERRITOIRE;FT 92026/1001;7609952;;OR16;OR16;OR19;OR19;;OCC;MCO;OK;15/02/2024;;E;C;T;;S6T;;;;;;;;;;;;;;;;
7683520;TERRITOIRE;FT 93029/924;7683520;;OR16;OR16;OR19;OR19;;OCC;MCO;OK;04/03/2024;;E;C;T;;OHN;;;;;;;;;;;;;;;;
7568315;TERRITOIRE;FT 94015/424;7568315;;OR16;OR16;OR19;OR19;;OCC;MCO;OK;08/02/2024;;E;C;T;;OHN;;;;;;;;;;;;;;;;
7603520;TERRITOIRE;FT 92050/1902;7603520;;OR16;OR16;OR19;OR19;;OCC;MCO;OK;14/02/2024;;E;C;T;;S3T;;;;;;;;;;;;;;;;
7991358;TERRITOIRE;FT 93077/237;7991358;;OR16;OR16;OR19;OR19;;OCC;MCO;OK;13/05/2024;;E;C;I;;A2;;;;;;;;;;;;;;;;
7651528;TERRITOIRE;FT 92036/1381;7651528;;OR16;OR16;OR19;OR19;;OCC;MCO;OK;26/02/2024;;E;C;T;;OHN;;;;;;;;;;;;;;;;
8201910;TERRITOIRE;FT 92060/328;8201910;;OR16;OR16;OR19;OR19;;OCC;MCO;OK;19/06/2024;;E;C;I;;NC;;;;;;;;;;;;;;;;
7973758;TERRITOIRE;FT 95063/407;7973758;;OR16;OR16;OR19;OR19;;OCC;MCO;OK;07/05/2024;;E;C;I;;OHN;;;;;;;;;;;;;;;;
7651507;TERRITOIRE;FT 92078/204;7651507;;OR16;OR16;OR19;OR19;;OCC;MCO;OK;26/02/2024;;E;C;T;;OHN;;;;;;;;;;;;;;;;
7553623;TERRITOIRE;FT 92036/796;7553623;;OR16;OR16;OR19;OR19;;OCC;MCO;OK;06/02/2024;;E;C;T;;S3T;;;;;;;;;;;;;;;;
7568312;TERRITOIRE;FT 94015/314;7568312;;OR16;OR16;OR19;OR19;;OCC;MCO;OK;08/02/2024;;E;C;T;;OHN;;;;;;;;;;;;;;;;
7819865;TERRITOIRE;FT 94081/1499;7819865;;OR16;OR16;OR19;OR19;;OCC;MCO;OK;28/03/2024;;E;C;I;;L3T;;;;;;;;;;;;;;;;
7615676;TERRITOIRE;FT 94033/1033;7615676;;OR16;OR16;OR19;OR19;;OCC;MCO;OK;16/02/2024;;E;C;T;;S4T;;;;;;;;;;;;;;;;
7635205;TERRITOIRE;FT 93072/569;7635205;;OR16;OR16;OR19;OR19;;OCC;MCO;OK;22/02/2024;;E;C;T;;OHN;;;;;;;;;;;;;;;;
7604472;TERRITOIRE;FT 92025/1343;7604472;;OR16;OR16;OR19;OR19;;OCC;MCO;OK;14/02/2024;;E;C;T;;L2T;;;;;;;;;;;;;;;;
7559035;TERRITOIRE;FT 93046/1163;7559035;;OR16;OR16;OR19;OR19;;OCC;MCO;OK;07/02/2024;;E;C;T;;A2B;;;;;;;;;;;;;;;;
7615031;TERRITOIRE;FT 93048/2360;7615031;;OR16;OR16;OR19;OR19;;OCC;MCO;OK;16/02/2024;;E;C;T;;OHN;;;;;;;;;;;;;;;;
7616945;TERRITOIRE;FT 94033/1275;7616945;;OR16;OR16;OR19;OR19;;OCC;MCO;OK;16/02/2024;;E;C;T;;S3T;;;;;;;;;;;;;;;;
7615998;TERRITOIRE;FT 93070/641;7615998;;OR16;OR16;OR19;OR19;;OCC;MCO;OK;16/02/2024;;E;C;T;;OHN;;;;;;;;;;;;;;;;
7798386;TERRITOIRE;FT 92020/313;7798386;;OR16;OR16;OR19;OR19;;OCC;MCO;OK;25/03/2024;;E;C;I;;L3T;;;;;;;;;;;;;;;;
7568310;TERRITOIRE;FT 94015/305;7568310;;OR16;OR16;OR19;OR19;;OCC;MCO;OK;08/02/2024;;E;C;T;;OHN;;;;;;;;;;;;;;;;
7783026;TERRITOIRE;FT 92002/1815;7783026;;OR16;OR16;OR19;OR19;;OCC;MCO;OK;21/03/2024;;E;C;I;;S3T;;;;;;;;;;;;;;;;
7649267;TERRITOIRE;FT 92078/238;7649267;;OR16;OR16;OR19;OR19;;OCC;MCO;OK;26/02/2024;;E;C;T;;U4T;;;;;;;;;;;;;;;;
7859396;TERRITOIRE;FT 94068/2079;7859396;;OR16;OR16;OR19;OR19;;OCC;MCO;OK;11/04/2024;;E;C;I;;OHN;;;;;;;;;;;;;;;;
7871756;TERRITOIRE;FT 94052/711;7871756;;OR16;OR16;OR19;OR19;;OCC;MCO;OK;16/04/2024;;E;C;I;;S4T;;;;;;;;;;;;;;;;
7876810;TERRITOIRE;FT 92022/353;7876810;;OR16;OR16;OR19;OR19;;OCC;MCO;OK;17/04/2024;;E;C;I;;A2;;;;;;;;;;;;;;;;
7832946;TERRITOIRE;FT 94019/923;7832946;;OR16;OR16;OR19;OR19;;OCC;MCO;OK;03/04/2024;;E;C;I;;OHN;;;;;;;;;;;;;;;;
7948823;TERRITOIRE;FT 94080/123;7948823;;OR16;OR16;OR19;OR19;;OCC;MCO;OK;02/05/2024;;E;C;I;;S4T;;;;;;;;;;;;;;;;
7651510;TERRITOIRE;FT 92078/177;7651510;;OR16;OR16;OR19;OR19;;OCC;MCO;OK;26/02/2024;;E;C;T;;OHN;;;;;;;;;;;;;;;;
7632312;TERRITOIRE;FT 93031/312;7632312;;OR16;OR16;OR19;OR19;;OCC;MCO;OK;21/02/2024;;E;C;T;;OHN;;;;;;;;;;;;;;;;
7731515;TERRITOIRE;FT 94011/164;7731515;;OR16;OR16;OR19;OR19;;OCC;MCO;OK;13/03/2024;;E;C;T;;S1T;;;;;;;;;;;;;;;;
7714595;TERRITOIRE;FT 92004/2126;7714595;;OR16;OR16;OR19;OR19;;OCC;MCO;OK;08/03/2024;;E;C;T;;OHN;;;;;;;;;;;;;;;;
7604788;TERRITOIRE;FT 92025/1468;7604788;;OR16;OR16;OR19;OR19;;OCC;MCO;OK;14/02/2024;;E;C;T;;OHN;;;;;;;;;;;;;;;;
7796162;TERRITOIRE;FT 93048/2585;7796162;;OR16;OR16;OR19;OR19;;OCC;MCO;OK;25/03/2024;;E;C;I;;OHN;;;;;;;;;;;;;;;;
7915837;TERRITOIRE;FT 94018/150;7915837;;OR16;OR16;OR19;OR19;;OCC;MCO;OK;24/04/2024;;E;C;I;;OHN;;;;;;;;;;;;;;;;
7672647;TERRITOIRE;FT 93066/858;7672647;;OR16;OR16;OR19;OR19;;OCC;MCO;OK;29/02/2024;;E;C;T;;L5T;;;;;;;;;;;;;;;;
7795509;TERRITOIRE;FT 93048/1706;7795509;;OR16;OR16;OR19;OR19;;OCC;MCO;OK;25/03/2024;;E;C;I;;OHN;;;;;;;;;;;;;;;;
7912673;TERRITOIRE;FT 94077/510;7912673;;OR16;OR16;OR19;OR19;;OCC;MCO;OK;24/04/2024;;E;C;I;;OHN;;;;;;;;;;;;;;;;
7899826;TERRITOIRE;FT 78646/2752;7899826;;OR16;OR16;OR19;OR19;;OCC;MCO;OK;23/04/2024;;E;C;I;;L4T;;;;;;;;;;;;;;;;
7991464;TERRITOIRE;FT 93077/476;7991464;;OR16;OR16;OR19;OR19;;OCC;MCO;OK;13/05/2024;;E;C;I;;L2T;;;;;;;;;;;;;;;;
7566457;TERRITOIRE;FT 93046/1016;7566457;;OR16;OR16;OR19;OR19;;OCC;MCO;OK;08/02/2024;;E;C;T;;OHN;;;;;;;;;;;;;;;;
7553627;TERRITOIRE;FT 92036/319;7553627;;OR16;OR16;OR19;OR19;;OCC;MCO;OK;06/02/2024;;E;C;T;;L5T;;;;;;;;;;;;;;;;
7620791;TERRITOIRE;FT 93006/161;7620791;;OR16;OR16;OR19;OR19;;OCC;MCO;OK;19/02/2024;;E;C;T;;OHN;;;;;;;;;;;;;;;;
7811851;TERRITOIRE;FT 94081/1255;7811851;;OR16;OR16;OR19;OR19;;OCC;MCO;OK;27/03/2024;;E;C;I;;L2T;;;;;;;;;;;;;;;;
7861483;TERRITOIRE;FT 94041/1616;7861483;;OR16;OR16;OR19;OR19;;OCC;MCO;OK;12/04/2024;;E;C;I;;L3T;;;;;;;;;;;;;;;;
7991389;TERRITOIRE;FT 93077/676;7991389;;OR16;OR16;OR19;OR19;;OCC;MCO;OK;13/05/2024;;E;C;I;;OHN;;;;;;;;;;;;;;;;
7772478;TERRITOIRE;FT 94068/2521;7772478;;OR16;OR16;OR19;OR19;;OCC;MCO;OK;20/03/2024;;E;C;T;;OHN;;;;;;;;;;;;;;;;
7615666;TERRITOIRE;FT 94033/1038;7615666;;OR16;OR16;OR19;OR19;;OCC;MCO;OK;16/02/2024;;E;C;T;;S3T;;;;;;;;;;;;;;;;
7798478;TERRITOIRE;FT 92023/2388;7798478;;OR16;OR16;OR19;OR19;;OCC;MCO;OK;25/03/2024;;E;C;I;;S1T;;;;;;;;;;;;;;;;
7652940;TERRITOIRE;FT 92036/FT4;7652940;;OR16;OR16;OR19;OR19;;OCC;MCO;OK;27/02/2024;;E;C;T;;OHN;;;;;;;;;;;;;;;;
7796152;TERRITOIRE;FT 93048/2634;7796152;;OR16;OR16;OR19;OR19;;OCC;MCO;OK;25/03/2024;;E;C;I;;OHN;;;;;;;;;;;;;;;;
7829435;TERRITOIRE;FT 92019/601;7829435;;OR16;OR16;OR19;OR19;;OCC;MCO;OK;02/04/2024;;E;C;I;;L1T;;;;;;;;;;;;;;;;
7568326;TERRITOIRE;FT 94015/737;7568326;;OR16;OR16;OR19;OR19;;OCC;MCO;OK;08/02/2024;;E;C;T;;OHN;;;;;;;;;;;;;;;;
7718073;TERRITOIRE;FT 94016/43;7718073;;OR16;OR16;OR19;OR19;;OCC;MCO;OK;11/03/2024;;E;C;T;;S3T;;;;;;;;;;;;;;;;
7594918;TERRITOIRE;FT 94002/46;7594918;;OR16;OR16;OR19;OR19;;OCC;MCO;OK;13/02/2024;;E;C;T;;OHN;;;;;;;;;;;;;;;;
7553618;TERRITOIRE;FT 92036/1884;7553618;;OR16;OR16;OR19;OR19;;OCC;MCO;OK;06/02/2024;;E;C;T;;L5T;;;;;;;;;;;;;;;;
7883272;TERRITOIRE;FT 92050/1491;7883272;;OR16;OR16;OR19;OR19;;OCC;MCO;OK;18/04/2024;;E;C;I;;U6T;;;;;;;;;;;;;;;;
7565436;TERRITOIRE;FT 94015/338;7565436;;OR16;OR16;OR19;OR19;;OCC;MCO;OK;08/02/2024;;E;C;T;;OHN;;;;;;;;;;;;;;;;
7530600;TERRITOIRE;FT 93010/342;7530600;;OR16;OR16;OR19;OR19;;OCC;MCO;OK;01/02/2024;;E;C;T;;S3T;;;;;;;;;;;;;;;;
8000320;TERRITOIRE;FT 94033/1364;8000320;;OR16;OR16;OR19;OR19;;OCC;MCO;OK;15/05/2024;;E;C;I;;OHN;;;;;;;;;;;;;;;;
7782727;TERRITOIRE;FT 92032/334;7782727;;OR16;OR16;OR19;OR19;;OCC;MCO;OK;21/03/2024;;E;C;I;;L2T;;;;;;;;;;;;;;;;
7904956;TERRITOIRE;FT 92051/395;7904956;;OR16;OR16;OR19;OR19;;OCC;MCO;OK;23/04/2024;;E;C;I;;S3T;;;;;;;;;;;;;;;;
7568629;TERRITOIRE;FT 94046/107;7568629;;OR16;OR16;OR19;OR19;;OCC;MCO;OK;08/02/2024;;E;C;T;;S3T;;;;;;;;;;;;;;;;
7838417;TERRITOIRE;FT 92009/861;7838417;;OR16;OR16;OR19;OR19;;OCC;MCO;OK;04/04/2024;;E;C;I;;S3T;;;;;;;;;;;;;;;;
7905593;TERRITOIRE;FT 92051/1336;7905593;;OR16;OR16;OR19;OR19;;OCC;MCO;OK;23/04/2024;;E;C;I;;S3T;;;;;;;;;;;;;;;;
7994572;TERRITOIRE;FT 93057/719;7994572;;OR16;OR16;OR19;OR19;;OCC;MCO;OK;13/05/2024;;E;C;I;;OHN;;;;;;;;;;;;;;;;
7877113;TERRITOIRE;FT 92012/327;7877113;;OR16;OR16;OR19;OR19;;OCC;MCO;OK;17/04/2024;;E;C;I;;S6T;;;;;;;;;;;;;;;;
7915863;TERRITOIRE;FT 94018/259;7915863;;OR16;OR16;OR19;OR19;;OCC;MCO;OK;24/04/2024;;E;C;I;;OHN;;;;;;;;;;;;;;;;
7565751;TERRITOIRE;FT 93051/58;7565751;;OR16;OR16;OR19;OR19;;OCC;MCO;OK;08/02/2024;;E;C;T;;A2;;;;;;;;;;;;;;;;
7689274;TERRITOIRE;FT 93001/1026;7689274;;OR16;OR16;OR19;OR19;;OCC;MCO;OK;05/03/2024;;E;C;T;;OHN;;;;;;;;;;;;;;;;
7776997;TERRITOIRE;FT 92002/636;7776997;;OR16;OR16;OR19;OR19;;OCC;MCO;OK;20/03/2024;;E;C;T;;S3T;;;;;;;;;;;;;;;;
7837451;TERRITOIRE;FT 92025/841;7837451;;OR16;OR16;OR19;OR19;;OCC;MCO;OK;04/04/2024;;E;C;I;;L3T;;;;;;;;;;;;;;;;
7883520;TERRITOIRE;FT 78646/1359;7883520;;OR16;OR16;OR19;OR19;;OCC;MCO;OK;18/04/2024;;E;C;I;;OHN;;;;;;;;;;;;;;;;
7660465;TERRITOIRE;FT 92025/1936;7660465;;OR16;OR16;OR19;OR19;;OCC;MCO;OK;14/02/2024;;E;C;T;;S3T;;;;;;;;;;;;;;;;
7887680;TERRITOIRE;FT 92073/747;7887680;;OR16;OR16;OR19;OR19;;OCC;MCO;OK;19/04/2024;;E;C;I;;S4T;;;;;;;;;;;;;;;;
7699507;TERRITOIRE;FT 92020/821;7699507;;OR16;OR16;OR19;OR19;;OCC;MCO;OK;06/03/2024;;E;C;T;;S1T;;;;;;;;;;;;;;;;
8003510;TERRITOIRE;FT 94058/819;8003510;;OR16;OR16;OR19;OR19;;OCC;MCO;OK;15/05/2024;;E;C;I;;OHN;;;;;;;;;;;;;;;;
7593519;TERRITOIRE;FT 94002/816;7593519;;OR16;OR16;OR19;OR19;;OCC;MCO;OK;13/02/2024;;E;C;T;;OHN;;;;;;;;;;;;;;;;
7877122;TERRITOIRE;FT 92012/2422;7877122;;OR16;OR16;OR19;OR19;;OCC;MCO;OK;17/04/2024;;E;C;I;;S4T;;;;;;;;;;;;;;;;
7749757;TERRITOIRE;FT 94028/689;7749757;;OR16;OR16;OR19;OR19;;OCC;MCO;OK;15/03/2024;;E;C;T;;OHN;;;;;;;;;;;;;;;;
7630189;TERRITOIRE;FT 93064/1900;7630189;;OR16;OR16;OR19;OR19;;OCC;MCO;OK;21/02/2024;;E;C;T;;OHN;;;;;;;;;;;;;;;;
7609938;TERRITOIRE;FT 92026/1003;7609938;;OR16;OR16;OR19;OR19;;OCC;MCO;OK;15/02/2024;;E;C;T;;L2T;;;;;;;;;;;;;;;;
7771188;TERRITOIRE;FT 92002/484;7771188;;OR16;OR16;OR19;OR19;;OCC;MCO;OK;20/03/2024;;E;C;T;;S3T;;;;;;;;;;;;;;;;
7904950;TERRITOIRE;FT 92051/417;7904950;;OR16;OR16;OR19;OR19;;OCC;MCO;OK;23/04/2024;;E;C;I;;S4T;;;;;;;;;;;;;;;;
7912635;TERRITOIRE;FT 94077/1005;7912635;;OR16;OR16;OR19;OR19;;OCC;MCO;OK;24/04/2024;;E;C;I;;L4T;;;;;;;;;;;;;;;;
7838111;TERRITOIRE;FT 92009/43;7838111;;OR16;OR16;OR19;OR19;;OCC;MCO;OK;04/04/2024;;E;C;I;;U5T;;;;;;;;;;;;;;;;
7782726;TERRITOIRE;FT 92032/873;7782726;;OR16;OR16;OR19;OR19;;OCC;MCO;OK;21/03/2024;;E;C;I;;L2T;;;;;;;;;;;;;;;;
7566441;TERRITOIRE;FT 93005/2191;7566441;;OR16;OR16;OR19;OR19;;OCC;MCO;OK;08/02/2024;;E;C;T;;M2T;;;;;;;;;;;;;;;;
7771199;TERRITOIRE;FT 94068/2033;7771199;;OR16;OR16;OR19;OR19;;OCC;MCO;OK;20/03/2024;;E;C;T;;OHN;;;;;;;;;;;;;;;;
7796177;TERRITOIRE;FT 93048/2957;7796177;;OR16;OR16;OR19;OR19;;OCC;MCO;OK;25/03/2024;;E;C;I;;L3T;;;;;;;;;;;;;;;;
7837426;TERRITOIRE;FT 92025/129;7837426;;OR16;OR16;OR19;OR19;;OCC;MCO;OK;04/04/2024;;E;C;I;;OHN;;;;;;;;;;;;;;;;
8201912;TERRITOIRE;FT 92060/330;8201912;;OR16;OR16;OR19;OR19;;OCC;MCO;OK;19/06/2024;;E;C;I;;NC;;;;;;;;;;;;;;;;
7694075;TERRITOIRE;FT 92007/8;7694075;;OR16;OR16;OR19;OR19;;OCC;MCO;OK;06/03/2024;;E;C;T;;OHN;;;;;;;;;;;;;;;;
7609953;TERRITOIRE;FT 92026/1401;7609953;;OR16;OR16;OR19;OR19;;OCC;MCO;OK;15/02/2024;;E;C;T;;L2T;;;;;;;;;;;;;;;;
7634877;TERRITOIRE;FT 94052/1031;7634877;;OR16;OR16;OR19;OR19;;OCC;MCO;OK;22/02/2024;;E;C;T;;OHN;;;;;;;;;;;;;;;;
7619828;TERRITOIRE;FT 93031/162;7619828;;OR16;OR16;OR19;OR19;;OCC;MCO;OK;19/02/2024;;E;C;T;;OHN;;;;;;;;;;;;;;;;
7690264;TERRITOIRE;FT 92007/404;7690264;;OR16;OR16;OR19;OR19;;OCC;MCO;OK;05/03/2024;;E;C;T;;S4T;;;;;;;;;;;;;;;;
7761291;TERRITOIRE;FT 93010/940;7761291;;OR16;OR16;OR19;OR19;;OCC;MCO;OK;18/03/2024;;E;C;T;;OHN;;;;;;;;;;;;;;;;
7761342;TERRITOIRE;FT 93057/436;7761342;;OR16;OR16;OR19;OR19;;OCC;MCO;OK;18/03/2024;;E;C;T;;OHN;;;;;;;;;;;;;;;;
8003513;TERRITOIRE;FT 94058/720;8003513;;OR16;OR16;OR19;OR19;;OCC;MCO;OK;15/05/2024;;E;C;I;;OHN;;;;;;;;;;;;;;;;
7811872;TERRITOIRE;FT 94081/165;7811872;;OR16;OR16;OR19;OR19;;OCC;MCO;OK;27/03/2024;;E;C;I;;L4T;;;;;;;;;;;;;;;;
7566426;TERRITOIRE;FT 93046/577;7566426;;OR16;OR16;OR19;OR19;;OCC;MCO;OK;08/02/2024;;E;C;T;;L4T;;;;;;;;;;;;;;;;
7514232;TERRITOIRE;FT 93055/228;7514232;;OR16;OR16;OR19;OR19;;OCC;MCO;OK;30/01/2024;;E;C;T;;OHN;;;;;;;;;;;;;;;;
7763206;TERRITOIRE;FT 92078/103;7763206;;OR16;OR16;OR19;OR19;;OCC;MCO;OK;18/03/2024;;E;C;T;;S4T;;;;;;;;;;;;;;;;
7651548;TERRITOIRE;FT 92036/1377;7651548;;OR16;OR16;OR19;OR19;;OCC;MCO;OK;26/02/2024;;E;C;T;;S4T;;;;;;;;;;;;;;;;
7876815;TERRITOIRE;FT 78640/756;7876815;;OR16;OR16;OR19;OR19;;OCC;MCO;OK;17/04/2024;;E;C;I;;OHN;;;;;;;;;;;;;;;;
7915871;TERRITOIRE;FT 94018/260;7915871;;OR16;OR16;OR19;OR19;;OCC;MCO;OK;24/04/2024;;E;C;I;;OHN;;;;;;;;;;;;;;;;
7714565;TERRITOIRE;FT 92004/529;7714565;;OR16;OR16;OR19;OR19;;OCC;MCO;OK;08/03/2024;;E;C;T;;S4T;;;;;;;;;;;;;;;;
7731201;TERRITOIRE;FT 94028/1039;7731201;;OR16;OR16;OR19;OR19;;OCC;MCO;OK;13/03/2024;;E;C;T;;L2T;;;;;;;;;;;;;;;;
7568335;TERRITOIRE;FT 94015/651;7568335;;OR16;OR16;OR19;OR19;;OCC;MCO;OK;08/02/2024;;E;C;T;;OHN;;;;;;;;;;;;;;;;
7714564;TERRITOIRE;FT 92004/531;7714564;;OR16;OR16;OR19;OR19;;OCC;MCO;OK;08/03/2024;;E;C;T;;S4T;;;;;;;;;;;;;;;;
7600650;TERRITOIRE;FT 92044/473;7600650;;OR16;OR16;OR19;OR19;;OCC;MCO;OK;13/02/2024;;E;C;T;;OHN;;;;;;;;;;;;;;;;
7994555;TERRITOIRE;FT 93057/698;7994555;;OR16;OR16;OR19;OR19;;OCC;MCO;OK;13/05/2024;;E;C;I;;OHN;;;;;;;;;;;;;;;;
7906867;TERRITOIRE;FT 92051/396;7906867;;OR16;OR16;OR19;OR19;;OCC;MCO;OK;23/04/2024;;E;C;I;;S4T;;;;;;;;;;;;;;;;
7566425;TERRITOIRE;FT 93046/578;7566425;;OR16;OR16;OR19;OR19;;OCC;MCO;OK;08/02/2024;;E;C;T;;L4T;;;;;;;;;;;;;;;;
7651597;TERRITOIRE;FT 92036/1247;7651597;;OR16;OR16;OR19;OR19;;OCC;MCO;OK;26/02/2024;;E;C;T;;S4T;;;;;;;;;;;;;;;;
7859214;TERRITOIRE;FT 94068/515;7859214;;OR16;OR16;OR19;OR19;;OCC;MCO;OK;11/04/2024;;E;C;I;;OHN;;;;;;;;;;;;;;;;
7654746;TERRITOIRE;FT 93055/1040;7654746;;OR16;OR16;OR19;OR19;;OCC;MCO;OK;27/02/2024;;E;C;T;;L5T;;;;;;;;;;;;;;;;
7826571;TERRITOIRE;FT 92046/81;7826571;;OR16;OR16;OR19;OR19;;OCC;MCO;OK;02/04/2024;;E;C;I;;OHN;;;;;;;;;;;;;;;;
7915831;TERRITOIRE;FT 94018/384;7915831;;OR16;OR16;OR19;OR19;;OCC;MCO;OK;24/04/2024;;E;C;I;;OHN;;;;;;;;;;;;;;;;
7811840;TERRITOIRE;FT 94054/680;7811840;;OR16;OR16;OR19;OR19;;OCC;MCO;OK;27/03/2024;;E;C;I;;L4T;;;;;;;;;;;;;;;;
7731208;TERRITOIRE;FT 94028/1159;7731208;;OR16;OR16;OR19;OR19;;OCC;MCO;OK;13/03/2024;;E;C;T;;S5T;;;;;;;;;;;;;;;;
7777005;TERRITOIRE;FT 92002/1151;7777005;;OR16;OR16;OR19;OR19;;OCC;MCO;OK;20/03/2024;;E;C;T;;S3T;;;;;;;;;;;;;;;;
7615665;TERRITOIRE;FT 94033/1025;7615665;;OR16;OR16;OR19;OR19;;OCC;MCO;OK;16/02/2024;;E;C;T;;L0T;;;;;;;;;;;;;;;;
7899874;TERRITOIRE;FT 78646/5834;7899874;;OR16;OR16;OR19;OR19;;OCC;MCO;OK;23/04/2024;;E;C;I;;OHN;;;;;;;;;;;;;;;;
7772485;TERRITOIRE;FT 94068/1938;7772485;;OR16;OR16;OR19;OR19;;OCC;MCO;OK;20/03/2024;;E;C;T;;OHN;;;;;;;;;;;;;;;;
7761280;TERRITOIRE;FT 93010/925;7761280;;OR16;OR16;OR19;OR19;;OCC;MCO;OK;18/03/2024;;E;C;T;;OHN;;;;;;;;;;;;;;;;
7926396;TERRITOIRE;FT 94021/600;7926396;;OR16;OR16;OR19;OR19;;OCC;MCO;OK;26/04/2024;;E;C;I;;L3T;;;;;;;;;;;;;;;;
7991040;TERRITOIRE;FT 93046/346;7991040;;OR16;OR16;OR19;OR19;;OCC;MCO;OK;13/05/2024;;E;C;I;;A2;;;;;;;;;;;;;;;;
7912700;TERRITOIRE;FT 94077/886;7912700;;OR16;OR16;OR19;OR19;;OCC;MCO;OK;24/04/2024;;E;C;I;;L4T;;;;;;;;;;;;;;;;
7694385;TERRITOIRE;FT 92007/35;7694385;;OR16;OR16;OR19;OR19;;OCC;MCO;OK;06/03/2024;;E;C;T;;L3T;;;;;;;;;;;;;;;;
7790077;TERRITOIRE;FT 93039/133;7790077;;OR16;OR16;OR19;OR19;;OCC;MCO;OK;22/03/2024;;E;C;I;;OHN;;;;;;;;;;;;;;;;
7731519;TERRITOIRE;FT 94011/841;7731519;;OR16;OR16;OR19;OR19;;OCC;MCO;OK;13/03/2024;;E;C;T;;L6T;;;;;;;;;;;;;;;;
7542726;TERRITOIRE;FT 92024/153;7542726;;OR16;OR16;OR19;OR19;;OCC;MCO;OK;02/02/2024;;E;C;T;;L6T;;;;;;;;;;;;;;;;
7991036;TERRITOIRE;FT 93057/709;7991036;;OR16;OR16;OR19;OR19;;OCC;MCO;OK;13/05/2024;;E;C;I;;OHN;;;;;;;;;;;;;;;;
7811852;TERRITOIRE;FT 94081/1256;7811852;;OR16;OR16;OR19;OR19;;OCC;MCO;OK;27/03/2024;;E;C;I;;L4T;;;;;;;;;;;;;;;;
7876822;TERRITOIRE;FT 92022/905;7876822;;OR16;OR16;OR19;OR19;;OCC;MCO;OK;17/04/2024;;E;C;I;;A2T;;;;;;;;;;;;;;;;
7855668;TERRITOIRE;FT 92060/482;7855668;;OR16;OR16;OR19;OR19;;OCC;MCO;OK;10/04/2024;;E;C;I;;S4T;;;;;;;;;;;;;;;;
7902720;TERRITOIRE;FT 94080/817;7902720;;OR16;OR16;OR19;OR19;;OCC;MCO;OK;23/04/2024;;E;C;I;;S4T;;;;;;;;;;;;;;;;
7761914;TERRITOIRE;FT 92078/143;7761914;;OR16;OR16;OR19;OR19;;OCC;MCO;OK;18/03/2024;;E;C;T;;S4T;;;;;;;;;;;;;;;;
7607392;TERRITOIRE;FT 92026/1079;7607392;;OR16;OR16;OR19;OR19;;OCC;MCO;OK;14/02/2024;;E;C;T;;OHN;;;;;;;;;;;;;;;;
7912688;TERRITOIRE;FT 94077/1382;7912688;;OR16;OR16;OR19;OR19;;OCC;MCO;OK;24/04/2024;;E;C;I;;L6T;;;;;;;;;;;;;;;;
7826573;TERRITOIRE;FT 92046/803;7826573;;OR16;OR16;OR19;OR19;;OCC;MCO;OK;02/04/2024;;E;C;I;;L2T;;;;;;;;;;;;;;;;
7679674;TERRITOIRE;FT 93008/742;7679674;;OR16;OR16;OR19;OR19;;OCC;MCO;OK;04/03/2024;;E;C;T;;L4T;;;;;;;;;;;;;;;;
7679348;TERRITOIRE;FT 94046/838;7679348;;OR16;OR16;OR19;OR19;;OCC;MCO;OK;04/03/2024;;E;C;I;;S4T;;;;;;;;;;;;;;;;
7876848;TERRITOIRE;FT 92012/229;7876848;;OR16;OR16;OR19;OR19;;OCC;MCO;OK;17/04/2024;;E;C;I;;S4T;;;;;;;;;;;;;;;;
7683846;TERRITOIRE;FT 93029/440;7683846;;OR16;OR16;OR19;OR19;;OCC;MCO;OK;04/03/2024;;E;C;T;;OHN;;;;;;;;;;;;;;;;
7514225;TERRITOIRE;FT 93001/1267;7514225;;OR16;OR16;OR19;OR19;;OCC;MCO;OK;30/01/2024;;E;C;T;;OHN;;;;;;;;;;;;;;;;
7855669;TERRITOIRE;FT 92060/31;7855669;;OR16;OR16;OR19;OR19;;OCC;MCO;OK;10/04/2024;;E;C;I;;OHN;;;;;;;;;;;;;;;;
7883844;TERRITOIRE;FT 78646/661;7883844;;OR16;OR16;OR19;OR19;;OCC;MCO;OK;18/04/2024;;E;C;I;;OHN;;;;;;;;;;;;;;;;
7798408;TERRITOIRE;FT 92020/107;7798408;;OR16;OR16;OR19;OR19;;OCC;MCO;OK;25/03/2024;;E;C;I;;S4T;;;;;;;;;;;;;;;;
7679676;TERRITOIRE;FT 93008/672;7679676;;OR16;OR16;OR19;OR19;;OCC;MCO;OK;04/03/2024;;E;C;T;;OHN;;;;;;;;;;;;;;;;
7777004;TERRITOIRE;FT 92002/1089;7777004;;OR16;OR16;OR19;OR19;;OCC;MCO;OK;20/03/2024;;E;C;T;;S3T;;;;;;;;;;;;;;;;
7594917;TERRITOIRE;FT 94002/74;7594917;;OR16;OR16;OR19;OR19;;OCC;MCO;OK;13/02/2024;;E;C;T;;OHN;;;;;;;;;;;;;;;;
7915839;TERRITOIRE;FT 94018/147;7915839;;OR16;OR16;OR19;OR19;;OCC;MCO;OK;24/04/2024;;E;C;I;;OHN;;;;;;;;;;;;;;;;
7783058;TERRITOIRE;FT 92002/2148;7783058;;OR16;OR16;OR19;OR19;;OCC;MCO;OK;21/03/2024;;E;C;I;;S3T;;;;;;;;;;;;;;;;
7973767;TERRITOIRE;FT 95063/723;7973767;;OR16;OR16;OR19;OR19;;OCC;MCO;OK;07/05/2024;;E;C;I;;OHN;;;;;;;;;;;;;;;;
7692483;TERRITOIRE;FT 92007/283;7692483;;OR16;OR16;OR19;OR19;;OCC;MCO;OK;05/03/2024;;E;C;T;;S3T;;;;;;;;;;;;;;;;
7568332;TERRITOIRE;FT 94015/757;7568332;;OR16;OR16;OR19;OR19;;OCC;MCO;OK;08/02/2024;;E;C;T;;L1T;;;;;;;;;;;;;;;;
7840965;TERRITOIRE;FT 92025/845;7840965;;OR16;OR16;OR19;OR19;;OCC;MCO;OK;04/04/2024;;E;C;I;;L4T;;;;;;;;;;;;;;;;
7630067;TERRITOIRE;FT 93064/1901;7630067;;OR16;OR16;OR19;OR19;;OCC;MCO;OK;21/02/2024;;E;C;T;;OHN;;;;;;;;;;;;;;;;
7687033;TERRITOIRE;FT 93001/1014;7687033;;OR16;OR16;OR19;OR19;;OCC;MCO;OK;05/03/2024;;E;C;T;;S3T;;;;;;;;;;;;;;;;
7973760;TERRITOIRE;FT 95063/769;7973760;;OR16;OR16;OR19;OR19;;OCC;MCO;OK;07/05/2024;;E;C;I;;OHN;;;;;;;;;;;;;;;;
7850229;TERRITOIRE;FT 94022/1227;7850229;;OR16;OR16;OR19;OR19;;OCC;MCO;OK;08/04/2024;;E;C;I;;L1T;;;;;;;;;;;;;;;;
7698619;TERRITOIRE;FT 92020/747;7698619;;OR16;OR16;OR19;OR19;;OCC;MCO;OK;06/03/2024;;E;C;T;;S3T;;;;;;;;;;;;;;;;
7948801;TERRITOIRE;FT 93063/637;7948801;;OR16;OR16;OR19;OR19;;OCC;MCO;OK;02/05/2024;;E;C;I;;OHN;;;;;;;;;;;;;;;;
7859384;TERRITOIRE;FT 94068/2735;7859384;;OR16;OR16;OR19;OR19;;OCC;MCO;OK;11/04/2024;;E;C;I;;OHN;;;;;;;;;;;;;;;;
7651599;TERRITOIRE;FT 92036/1214;7651599;;OR16;OR16;OR19;OR19;;OCC;MCO;OK;26/02/2024;;E;C;T;;OHN;;;;;;;;;;;;;;;;
7654795;TERRITOIRE;FT 93010/1048;7654795;;OR16;OR16;OR19;OR19;;OCC;MCO;OK;27/02/2024;;E;C;T;;S4T;;;;;;;;;;;;;;;;
7609919;TERRITOIRE;FT 92026/1287;7609919;;OR16;OR16;OR19;OR19;;OCC;MCO;OK;15/02/2024;;E;C;T;;OHN;;;;;;;;;;;;;;;;
7859239;TERRITOIRE;FT 94068/223;7859239;;OR16;OR16;OR19;OR19;;OCC;MCO;OK;11/04/2024;;E;C;I;;OHN;;;;;;;;;;;;;;;;
7542711;TERRITOIRE;FT 92024/48;7542711;;OR16;OR16;OR19;OR19;;OCC;MCO;OK;02/02/2024;;E;C;T;;OHN;;;;;;;;;;;;;;;;
7832637;TERRITOIRE;FT 94017/1572;7832637;;OR16;OR16;OR19;OR19;;OCC;MCO;OK;03/04/2024;;E;C;I;;OHN;;;;;;;;;;;;;;;;
7856652;TERRITOIRE;FT 92019/171;7856652;;OR16;OR16;OR19;OR19;;OCC;MCO;OK;10/04/2024;;E;C;I;;S3T;;;;;;;;;;;;;;;;
7566410;TERRITOIRE;FT 93071/99;7566410;;OR16;OR16;OR19;OR19;;OCC;MCO;OK;08/02/2024;;E;C;T;;OHN;;;;;;;;;;;;;;;;
7763209;TERRITOIRE;FT 92036/1036;7763209;;OR16;OR16;OR19;OR19;;OCC;MCO;OK;18/03/2024;;E;C;T;;OHN;;;;;;;;;;;;;;;;
7790072;TERRITOIRE;FT 93039/134;7790072;;OR16;OR16;OR19;OR19;;OCC;MCO;OK;22/03/2024;;E;C;I;;U7T;;;;;;;;;;;;;;;;
7899857;TERRITOIRE;FT 78646/5411;7899857;;OR16;OR16;OR19;OR19;;OCC;MCO;OK;23/04/2024;;E;C;I;;A2;;;;;;;;;;;;;;;;
7859190;TERRITOIRE;FT 94068/2684;7859190;;OR16;OR16;OR19;OR19;;OCC;MCO;OK;11/04/2024;;E;C;I;;S6T;;;;;;;;;;;;;;;;
7912649;TERRITOIRE;FT 94077/1034;7912649;;OR16;OR16;OR19;OR19;;OCC;MCO;OK;24/04/2024;;E;C;I;;L4T;;;;;;;;;;;;;;;;
7777075;TERRITOIRE;FT 92002/845;7777075;;OR16;OR16;OR19;OR19;;OCC;MCO;OK;20/03/2024;;E;C;T;;S3T;;;;;;;;;;;;;;;;
7568647;TERRITOIRE;FT 94046/501;7568647;;OR16;OR16;OR19;OR19;;OCC;MCO;OK;08/02/2024;;E;C;T;;OHN;;;;;;;;;;;;;;;;
7876807;TERRITOIRE;FT 92022/354;7876807;;OR16;OR16;OR19;OR19;;OCC;MCO;OK;17/04/2024;;E;C;I;;A2;;;;;;;;;;;;;;;;
7654764;TERRITOIRE;FT 93007/957;7654764;;OR16;OR16;OR19;OR19;;OCC;MCO;OK;27/02/2024;;E;C;T;;S4T;;;;;;;;;;;;;;;;
7811881;TERRITOIRE;FT 94081/162;7811881;;OR16;OR16;OR19;OR19;;OCC;MCO;OK;27/03/2024;;E;C;I;;L3T;;;;;;;;;;;;;;;;
7749754;TERRITOIRE;FT 94069/109;7749754;;OR16;OR16;OR19;OR19;;OCC;MCO;OK;15/03/2024;;E;C;T;;L0T;;;;;;;;;;;;;;;;
7991690;TERRITOIRE;FT 93010/2;7991690;;OR16;OR16;OR19;OR19;;OCC;MCO;OK;13/05/2024;;E;C;I;;OHN;;;;;;;;;;;;;;;;
7833591;TERRITOIRE;FT 94017/2153;7833591;;OR16;OR16;OR19;OR19;;OCC;MCO;OK;03/04/2024;;E;C;I;;L2T;;;;;;;;;;;;;;;;
7827195;TERRITOIRE;FT 92046/517;7827195;;OR16;OR16;OR19;OR19;;OCC;MCO;OK;02/04/2024;;E;C;I;;L2T;;;;;;;;;;;;;;;;
7783062;TERRITOIRE;FT 92002/2839;7783062;;OR16;OR16;OR19;OR19;;OCC;MCO;OK;21/03/2024;;E;C;I;;S3T;;;;;;;;;;;;;;;;
7763205;TERRITOIRE;FT 92078/99;7763205;;OR16;OR16;OR19;OR19;;OCC;MCO;OK;18/03/2024;;E;C;T;;S3T;;;;;;;;;;;;;;;;
7645428;TERRITOIRE;FT 93008/1364;7645428;;OR16;OR16;OR19;OR19;;OCC;MCO;OK;23/02/2024;;E;C;T;;S3T;;;;;;;;;;;;;;;;
7714568;TERRITOIRE;FT 92004/1504;7714568;;OR16;OR16;OR19;OR19;;OCC;MCO;OK;08/03/2024;;E;C;T;;L4T;;;;;;;;;;;;;;;;
7837775;TERRITOIRE;FT 92025/221;7837775;;OR16;OR16;OR19;OR19;;OCC;MCO;OK;04/04/2024;;E;C;I;;S4T;;;;;;;;;;;;;;;;
7750392;TERRITOIRE;FT 94028/1938;7750392;;OR16;OR16;OR19;OR19;;OCC;MCO;OK;15/03/2024;;E;C;T;;L3T;;;;;;;;;;;;;;;;
7731517;TERRITOIRE;FT 94011/892;7731517;;OR16;OR16;OR19;OR19;;OCC;MCO;OK;13/03/2024;;E;C;T;;L3T;;;;;;;;;;;;;;;;
7553586;TERRITOIRE;FT 92036/858;7553586;;OR16;OR16;OR19;OR19;;OCC;MCO;OK;06/02/2024;;E;C;T;;L5T;;;;;;;;;;;;;;;;
7626551;TERRITOIRE;FT 93031/313;7626551;;OR16;OR16;OR19;OR19;;OCC;MCO;OK;21/02/2024;;E;C;T;;OHN;;;;;;;;;;;;;;;;
7540791;TERRITOIRE;FT 93001/1998;7540791;;OR16;OR16;OR19;OR19;;OCC;MCO;OK;02/02/2024;;E;C;T;;P2T;;;;;;;;;;;;;;;;
7899829;TERRITOIRE;FT 78646/2761;7899829;;OR16;OR16;OR19;OR19;;OCC;MCO;OK;23/04/2024;;E;C;I;;A2B;;;;;;;;;;;;;;;;
7763220;TERRITOIRE;FT 92036/1079;7763220;;OR16;OR16;OR19;OR19;;OCC;MCO;OK;18/03/2024;;E;C;T;;S3T;;;;;;;;;;;;;;;;
7833915;TERRITOIRE;FT 94019/672;7833915;;OR16;OR16;OR19;OR19;;OCC;MCO;OK;03/04/2024;;E;C;I;;OHN;;;;;;;;;;;;;;;;
7630145;TERRITOIRE;FT 93064/1444;7630145;;OR16;OR16;OR19;OR19;;OCC;MCO;OK;21/02/2024;;E;C;T;;OHN;;;;;;;;;;;;;;;;
7915881;TERRITOIRE;FT 94018/170;7915881;;OR16;OR16;OR19;OR19;;OCC;MCO;OK;24/04/2024;;E;C;I;;L4T;;;;;;;;;;;;;;;;
7761598;TERRITOIRE;FT 93010/915;7761598;;OR16;OR16;OR19;OR19;;OCC;MCO;OK;18/03/2024;;E;C;T;;OHN;;;;;;;;;;;;;;;;
7690242;TERRITOIRE;FT 93001/1624;7690242;;OR16;OR16;OR19;OR19;;OCC;MCO;OK;05/03/2024;;E;C;T;;S4T;;;;;;;;;;;;;;;;
7826568;TERRITOIRE;FT 92046/814;7826568;;OR16;OR16;OR19;OR19;;OCC;MCO;OK;02/04/2024;;E;C;I;;S4T;;;;;;;;;;;;;;;;
7694072;TERRITOIRE;FT 92007/477;7694072;;OR16;OR16;OR19;OR19;;OCC;MCO;OK;06/03/2024;;E;C;T;;S4T;;;;;;;;;;;;;;;;
7616946;TERRITOIRE;FT 94033/1196;7616946;;OR16;OR16;OR19;OR19;;OCC;MCO;OK;16/02/2024;;E;C;T;;L0T;;;;;;;;;;;;;;;;
7915850;TERRITOIRE;FT 94018/459;7915850;;OR16;OR16;OR19;OR19;;OCC;MCO;OK;24/04/2024;;E;C;I;;S3T;;;;;;;;;;;;;;;;
7566386;TERRITOIRE;FT 93005/1882;7566386;;OR16;OR16;OR19;OR19;;OCC;MCO;OK;08/02/2024;;E;C;T;;L4T;;;;;;;;;;;;;;;;
7991676;TERRITOIRE;FT 93077/357;7991676;;OR16;OR16;OR19;OR19;;OCC;MCO;OK;13/05/2024;;E;C;I;;A2;;;;;;;;;;;;;;;;
7763221;TERRITOIRE;FT 92036/1054;7763221;;OR16;OR16;OR19;OR19;;OCC;MCO;OK;18/03/2024;;E;C;T;;OHN;;;;;;;;;;;;;;;;
7519684;TERRITOIRE;FT 94033/788;7519684;;OR16;OR16;OR19;OR19;;OCC;MCO;OK;31/01/2024;;E;C;T;;OHN;;;;;;;;;;;;;;;;
7991702;TERRITOIRE;FT 93010/268;7991702;;OR16;OR16;OR19;OR19;;OCC;MCO;OK;13/05/2024;;E;C;I;;OHN;;;;;;;;;;;;;;;;
7811865;TERRITOIRE;FT 94081/1687;7811865;;OR16;OR16;OR19;OR19;;OCC;MCO;OK;27/03/2024;;E;C;I;;L6T;;;;;;;;;;;;;;;;
7991681;TERRITOIRE;FT 93010/260;7991681;;OR16;OR16;OR19;OR19;;OCC;MCO;OK;13/05/2024;;E;C;I;;OHN;;;;;;;;;;;;;;;;
7819838;TERRITOIRE;FT 94041/842;7819838;;OR16;OR16;OR19;OR19;;OCC;MCO;OK;28/03/2024;;E;C;I;;L0T;;;;;;;;;;;;;;;;
7783071;TERRITOIRE;FT 92002/2843;7783071;;OR16;OR16;OR19;OR19;;OCC;MCO;OK;21/03/2024;;E;C;I;;S4T;;;;;;;;;;;;;;;;
7861480;TERRITOIRE;FT 94076/852;7861480;;OR16;OR16;OR19;OR19;;OCC;MCO;OK;12/04/2024;;E;C;I;;L2T;;;;;;;;;;;;;;;;
7615668;TERRITOIRE;FT 94033/1029;7615668;;OR16;OR16;OR19;OR19;;OCC;MCO;OK;16/02/2024;;E;C;T;;L3T;;;;;;;;;;;;;;;;
7714562;TERRITOIRE;FT 92004/528;7714562;;OR16;OR16;OR19;OR19;;OCC;MCO;OK;08/03/2024;;E;C;T;;S3T;;;;;;;;;;;;;;;;
7609591;TERRITOIRE;FT 92026/235;7609591;;OR16;OR16;OR19;OR19;;OCC;MCO;OK;15/02/2024;;E;C;T;;S3T;;;;;;;;;;;;;;;;
7542742;TERRITOIRE;FT 92024/633;7542742;;OR16;OR16;OR19;OR19;;OCC;MCO;OK;02/02/2024;;E;C;T;;S4T;;;;;;;;;;;;;;;;
7692486;TERRITOIRE;FT 92007/570;7692486;;OR16;OR16;OR19;OR19;;OCC;MCO;OK;05/03/2024;;E;C;T;;K2C;;;;;;;;;;;;;;;;
7830086;TERRITOIRE;FT 92019/245;7830086;;OR16;OR16;OR19;OR19;;OCC;MCO;OK;02/04/2024;;E;C;I;;OHN;;;;;;;;;;;;;;;;
7800328;TERRITOIRE;FT 92075/556;7800328;;OR16;OR16;OR19;OR19;;OCC;MCO;OK;26/03/2024;;E;C;I;;S4T;;;;;;;;;;;;;;;;
7991431;TERRITOIRE;FT 93077/170;7991431;;OR16;OR16;OR19;OR19;;OCC;MCO;OK;13/05/2024;;E;C;I;;OHN;;;;;;;;;;;;;;;;
7877123;TERRITOIRE;FT 92012/1762;7877123;;OR16;OR16;OR19;OR19;;OCC;MCO;OK;17/04/2024;;E;C;I;;OHN;;;;;;;;;;;;;;;;
7761913;TERRITOIRE;FT 92078/245;7761913;;OR16;OR16;OR19;OR19;;OCC;MCO;OK;18/03/2024;;E;C;T;;OHN;;;;;;;;;;;;;;;;
7783096;TERRITOIRE;FT 92002/2262;7783096;;OR16;OR16;OR19;OR19;;OCC;MCO;OK;21/03/2024;;E;C;I;;L3T;;;;;;;;;;;;;;;;
7901113;TERRITOIRE;FT 95018/2697;7901113;;OR16;OR16;OR19;OR19;;OCC;MCO;OK;23/04/2024;;E;C;I;;OHN;;;;;;;;;;;;;;;;
7991380;TERRITOIRE;FT 93077/651;7991380;;OR16;OR16;OR19;OR19;;OCC;MCO;OK;13/05/2024;;E;C;I;;OHN;;;;;;;;;;;;;;;;
7777208;TERRITOIRE;FT 92002/890;7777208;;OR16;OR16;OR19;OR19;;OCC;MCO;OK;20/03/2024;;E;C;T;;V7T;;;;;;;;;;;;;;;;
7630168;TERRITOIRE;FT 93064/1880;7630168;;OR16;OR16;OR19;OR19;;OCC;MCO;OK;21/02/2024;;E;C;T;;OHN;;;;;;;;;;;;;;;;
7553640;TERRITOIRE;FT 92036/977;7553640;;OR16;OR16;OR19;OR19;;OCC;MCO;OK;06/02/2024;;E;C;T;;L2T;;;;;;;;;;;;;;;;
7694394;TERRITOIRE;FT 93013/36;7694394;;OR16;OR16;OR19;OR19;;OCC;MCO;OK;06/03/2024;;E;C;T;;OHN;;;;;;;;;;;;;;;;
7619841;TERRITOIRE;FT 93031/304;7619841;;OR16;OR16;OR19;OR19;;OCC;MCO;OK;19/02/2024;;E;C;T;;P2C;;;;;;;;;;;;;;;;
7991673;TERRITOIRE;FT 93077/606;7991673;;OR16;OR16;OR19;OR19;;OCC;MCO;OK;13/05/2024;;E;C;I;;A2;;;;;;;;;;;;;;;;
7731510;TERRITOIRE;FT 94011/202;7731510;;OR16;OR16;OR19;OR19;;OCC;MCO;OK;13/03/2024;;E;C;T;;V7T;;;;;;;;;;;;;;;;
7859375;TERRITOIRE;FT 94068/2841;7859375;;OR16;OR16;OR19;OR19;;OCC;MCO;OK;11/04/2024;;E;C;I;;S4T;;;;;;;;;;;;;;;;
7654709;TERRITOIRE;FT 93013/240;7654709;;OR16;OR16;OR19;OR19;;OCC;MCO;OK;27/02/2024;;E;C;T;;OHN;;;;;;;;;;;;;;;;
7798446;TERRITOIRE;FT 92023/2947;7798446;;OR16;OR16;OR19;OR19;;OCC;MCO;OK;25/03/2024;;E;C;I;;L4T;;;;;;;;;;;;;;;;
7904951;TERRITOIRE;FT 92051/1215;7904951;;OR16;OR16;OR19;OR19;;OCC;MCO;OK;23/04/2024;;E;C;I;;S4T;;;;;;;;;;;;;;;;
7553660;TERRITOIRE;FT 92036/89;7553660;;OR16;OR16;OR19;OR19;;OCC;MCO;OK;06/02/2024;;E;C;T;;L2T;;;;;;;;;;;;;;;;
7850291;TERRITOIRE;FT 94022/1055;7850291;;OR16;OR16;OR19;OR19;;OCC;MCO;OK;08/04/2024;;E;C;I;;L4T;;;;;;;;;;;;;;;;
7837822;TERRITOIRE;FT 92025/362;7837822;;OR16;OR16;OR19;OR19;;OCC;MCO;OK;04/04/2024;;E;C;I;;S4T;;;;;;;;;;;;;;;;
7518410;TERRITOIRE;FT 94033/767;7518410;;OR16;OR16;OR19;OR19;;OCC;MCO;OK;31/01/2024;;E;C;T;;S3T;;;;;;;;;;;;;;;;
7901119;TERRITOIRE;FT 93048/1427;7901119;;OR16;OR16;OR19;OR19;;OCC;MCO;OK;23/04/2024;;E;C;I;;L4T;;;;;;;;;;;;;;;;
7519740;TERRITOIRE;FT 94033/368;7519740;;OR16;OR16;OR19;OR19;;OCC;MCO;OK;31/01/2024;;E;C;T;;OHN;;;;;;;;;;;;;;;;
7553650;TERRITOIRE;FT 92036/373;7553650;;OR16;OR16;OR19;OR19;;OCC;MCO;OK;06/02/2024;;E;C;T;;OHN;;;;;;;;;;;;;;;;
7519736;TERRITOIRE;FT 94033/246;7519736;;OR16;OR16;OR19;OR19;;OCC;MCO;OK;31/01/2024;;E;C;T;;L4T;;;;;;;;;;;;;;;;
7683541;TERRITOIRE;FT 93029/1243;7683541;;OR16;OR16;OR19;OR19;;OCC;MCO;OK;04/03/2024;;E;C;T;;OHN;;;;;;;;;;;;;;;;
7861745;TERRITOIRE;FT 94076/1346;7861745;;OR16;OR16;OR19;OR19;;OCC;MCO;OK;12/04/2024;;E;C;I;;L3T;;;;;;;;;;;;;;;;
7833918;TERRITOIRE;FT 94019/908;7833918;;OR16;OR16;OR19;OR19;;OCC;MCO;OK;03/04/2024;;E;C;I;;OHN;;;;;;;;;;;;;;;;
7609589;TERRITOIRE;FT 92004/719;7609589;;OR16;OR16;OR19;OR19;;OCC;MCO;OK;15/02/2024;;E;C;T;;OHN;;;;;;;;;;;;;;;;
7568641;TERRITOIRE;FT 94002/850;7568641;;OR16;OR16;OR19;OR19;;OCC;MCO;OK;08/02/2024;;E;C;T;;OHN;;;;;;;;;;;;;;;;
7859264;TERRITOIRE;FT 94068/1251;7859264;;OR16;OR16;OR19;OR19;;OCC;MCO;OK;11/04/2024;;E;C;I;;OHN;;;;;;;;;;;;;;;;
7572176;TERRITOIRE;FT 94046/660;7572176;;OR16;OR16;OR19;OR19;;OCC;MCO;OK;09/02/2024;;E;C;T;;OHN;;;;;;;;;;;;;;;;
7800367;TERRITOIRE;FT 92007/333;7800367;;OR16;OR16;OR19;OR19;;OCC;MCO;OK;26/03/2024;;E;C;I;;OHN;;;;;;;;;;;;;;;;
7991401;TERRITOIRE;FT 93010/1256;7991401;;OR16;OR16;OR19;OR19;;OCC;MCO;OK;13/05/2024;;E;C;I;;OHN;;;;;;;;;;;;;;;;
7783032;TERRITOIRE;FT 92002/1806;7783032;;OR16;OR16;OR19;OR19;;OCC;MCO;OK;21/03/2024;;E;C;I;;L2T;;;;;;;;;;;;;;;;
7695993;TERRITOIRE;FT 93029/47;7695993;;OR16;OR16;OR19;OR19;;OCC;MCO;OK;06/03/2024;;E;C;T;;OHN;;;;;;;;;;;;;;;;
7795870;TERRITOIRE;FT 93048/1727;7795870;;OR16;OR16;OR19;OR19;;OCC;MCO;OK;25/03/2024;;E;C;I;;OHN;;;;;;;;;;;;;;;;
7607403;TERRITOIRE;FT 92026/104;7607403;;OR16;OR16;OR19;OR19;;OCC;MCO;OK;14/02/2024;;E;C;T;;S3T;;;;;;;;;;;;;;;;
7838386;TERRITOIRE;FT 92009/882;7838386;;OR16;OR16;OR19;OR19;;OCC;MCO;OK;04/04/2024;;E;C;I;;S3T;;;;;;;;;;;;;;;;
7905295;TERRITOIRE;FT 92051/1334;7905295;;OR16;OR16;OR19;OR19;;OCC;MCO;OK;23/04/2024;;E;C;I;;U5T;;;;;;;;;;;;;;;;
7604795;TERRITOIRE;FT 92025/1948;7604795;;OR16;OR16;OR19;OR19;;OCC;MCO;OK;14/02/2024;;E;C;T;;S3T;;;;;;;;;;;;;;;;
7698618;TERRITOIRE;FT 92020/750;7698618;;OR16;OR16;OR19;OR19;;OCC;MCO;OK;06/03/2024;;E;C;T;;OHN;;;;;;;;;;;;;;;;
7830111;TERRITOIRE;FT 92019/233;7830111;;OR16;OR16;OR19;OR19;;OCC;MCO;OK;02/04/2024;;E;C;I;;S3T;;;;;;;;;;;;;;;;
7600673;TERRITOIRE;FT 92044/184;7600673;;OR16;OR16;OR19;OR19;;OCC;MCO;OK;13/02/2024;;E;C;T;;S3T;;;;;;;;;;;;;;;;
7750396;TERRITOIRE;FT 94028/848;7750396;;OR16;OR16;OR19;OR19;;OCC;MCO;OK;15/03/2024;;E;C;T;;L6T;;;;;;;;;;;;;;;;
7848006;TERRITOIRE;FT 92050/2738;7848006;;OR16;OR16;OR19;OR19;;OCC;MCO;OK;07/04/2024;;E;C;I;;L3T;;;;;;;;;;;;;;;;
7749760;TERRITOIRE;FT 94028/693;7749760;;OR16;OR16;OR19;OR19;;OCC;MCO;OK;15/03/2024;;E;C;T;;S4T;;;;;;;;;;;;;;;;
7630162;TERRITOIRE;FT 93064/2011;7630162;;OR16;OR16;OR19;OR19;;OCC;MCO;OK;21/02/2024;;E;C;T;;L2T;;;;;;;;;;;;;;;;
7714607;TERRITOIRE;FT 92004/2121;7714607;;OR16;OR16;OR19;OR19;;OCC;MCO;OK;08/03/2024;;E;C;T;;S3T;;;;;;;;;;;;;;;;
7830069;TERRITOIRE;FT 92019/457;7830069;;OR16;OR16;OR19;OR19;;OCC;MCO;OK;02/04/2024;;E;C;I;;L2T;;;;;;;;;;;;;;;;
7607471;TERRITOIRE;FT 92026/413;7607471;;OR16;OR16;OR19;OR19;;OCC;MCO;OK;14/02/2024;;E;C;T;;S3T;;;;;;;;;;;;;;;;
7787505;TERRITOIRE;FT 92002/2260;7787505;;OR16;OR16;OR19;OR19;;OCC;MCO;OK;21/03/2024;;E;C;I;;S4T;;;;;;;;;;;;;;;;
7530608;TERRITOIRE;FT 93010/1654;7530608;;OR16;OR16;OR19;OR19;;OCC;MCO;OK;01/02/2024;;E;C;T;;L2T;;;;;;;;;;;;;;;;
7761311;TERRITOIRE;FT 93057/252;7761311;;OR16;OR16;OR19;OR19;;OCC;MCO;OK;18/03/2024;;E;C;T;;S3T;;;;;;;;;;;;;;;;
7991446;TERRITOIRE;FT 93077/724;7991446;;OR16;OR16;OR19;OR19;;OCC;MCO;OK;13/05/2024;;E;C;I;;OHN;;;;;;;;;;;;;;;;
7906230;TERRITOIRE;FT 92051/211;7906230;;OR16;OR16;OR19;OR19;;OCC;MCO;OK;23/04/2024;;E;C;I;;S3T;;;;;;;;;;;;;;;;
7553629;TERRITOIRE;FT 92036/659;7553629;;OR16;OR16;OR19;OR19;;OCC;MCO;OK;06/02/2024;;E;C;T;;S4T;;;;;;;;;;;;;;;;
7553610;TERRITOIRE;FT 92036/961;7553610;;OR16;OR16;OR19;OR19;;OCC;MCO;OK;06/02/2024;;E;C;T;;S4T;;;;;;;;;;;;;;;;
7991363;TERRITOIRE;FT 93077/197;7991363;;OR16;OR16;OR19;OR19;;OCC;MCO;OK;13/05/2024;;E;C;I;;OHN;;;;;;;;;;;;;;;;
7654738;TERRITOIRE;FT 93008/78;7654738;;OR16;OR16;OR19;OR19;;OCC;MCO;OK;27/02/2024;;E;C;T;;L6T;;;;;;;;;;;;;;;;
7654755;TERRITOIRE;FT 93007/592;7654755;;OR16;OR16;OR19;OR19;;OCC;MCO;OK;27/02/2024;;E;C;T;;A2B;;;;;;;;;;;;;;;;
7838403;TERRITOIRE;FT 92009/220;7838403;;OR16;OR16;OR19;OR19;;OCC;MCO;OK;04/04/2024;;E;C;I;;S5T;;;;;;;;;;;;;;;;
7620797;TERRITOIRE;FT 93006/755;7620797;;OR16;OR16;OR19;OR19;;OCC;MCO;OK;19/02/2024;;E;C;T;;L4T;;;;;;;;;;;;;;;;
7991686;TERRITOIRE;FT 93010/316;7991686;;OR16;OR16;OR19;OR19;;OCC;MCO;OK;13/05/2024;;E;C;I;;OHN;;;;;;;;;;;;;;;;
7838426;TERRITOIRE;FT 92025/157;7838426;;OR16;OR16;OR19;OR19;;OCC;MCO;OK;04/04/2024;;E;C;I;;L2T;;;;;;;;;;;;;;;;
7859186;TERRITOIRE;FT 94068/3791;7859186;;OR16;OR16;OR19;OR19;;OCC;MCO;OK;11/04/2024;;E;C;I;;M2T;;;;;;;;;;;;;;;;
7819873;TERRITOIRE;FT 94041/978;7819873;;OR16;OR16;OR19;OR19;;OCC;MCO;OK;28/03/2024;;E;C;I;;P1C;;;;;;;;;;;;;;;;
7819875;TERRITOIRE;FT 94041/977;7819875;;OR16;OR16;OR19;OR19;;OCC;MCO;OK;28/03/2024;;E;C;I;;P1C;;;;;;;;;;;;;;;;
7565753;TERRITOIRE;FT 93051/57;7565753;;OR16;OR16;OR19;OR19;;OCC;MCO;OK;08/02/2024;;E;C;T;;A2B;;;;;;;;;;;;;;;;
7672640;TERRITOIRE;FT 93066/878;7672640;;OR16;OR16;OR19;OR19;;OCC;MCO;OK;29/02/2024;;E;C;T;;S4T;;;;;;;;;;;;;;;;
7859240;TERRITOIRE;FT 94068/153;7859240;;OR16;OR16;OR19;OR19;;OCC;MCO;OK;11/04/2024;;E;C;I;;S3T;;;;;;;;;;;;;;;;
7683835;TERRITOIRE;FT 93008/610;7683835;;OR16;OR16;OR19;OR19;;OCC;MCO;OK;04/03/2024;;E;C;T;;S4T;;;;;;;;;;;;;;;;
7883248;TERRITOIRE;FT 92050/381;7883248;;OR16;OR16;OR19;OR19;;OCC;MCO;OK;18/04/2024;;E;C;I;;S3T;;;;;;;;;;;;;;;;
7912660;TERRITOIRE;FT 94077/848;7912660;;OR16;OR16;OR19;OR19;;OCC;MCO;OK;24/04/2024;;E;C;I;;L3T;;;;;;;;;;;;;;;;
7883854;TERRITOIRE;FT 78646/4455;7883854;;OR16;OR16;OR19;OR19;;OCC;MCO;OK;18/04/2024;;E;C;I;;B3;;;;;;;;;;;;;;;;
7519670;TERRITOIRE;FT 94033/166;7519670;;OR16;OR16;OR19;OR19;;OCC;MCO;OK;31/01/2024;;E;C;T;;L3T;;;;;;;;;;;;;;;;
7991362;TERRITOIRE;FT 93077/242;7991362;;OR16;OR16;OR19;OR19;;OCC;MCO;OK;13/05/2024;;E;C;I;;L2T;;;;;;;;;;;;;;;;
7730873;TERRITOIRE;FT 94028/1767;7730873;;OR16;OR16;OR19;OR19;;OCC;MCO;OK;13/03/2024;;E;C;T;;L2T;;;;;;;;;;;;;;;;
7796164;TERRITOIRE;FT 93048/2276;7796164;;OR16;OR16;OR19;OR19;;OCC;MCO;OK;25/03/2024;;E;C;I;;OHN;;;;;;;;;;;;;;;;
7566388;TERRITOIRE;FT 93005/1711;7566388;;OR16;OR16;OR19;OR19;;OCC;MCO;OK;08/02/2024;;E;C;T;;P2C;;;;;;;;;;;;;;;;
7655029;TERRITOIRE;FT 93027/211;7655029;;OR16;OR16;OR19;OR19;;OCC;MCO;OK;27/02/2024;;E;C;T;;OHN;;;;;;;;;;;;;;;;
7826561;TERRITOIRE;FT 94073/1428;7826561;;OR16;OR16;OR19;OR19;;OCC;MCO;OK;28/03/2024;;E;C;I;;P1C;;;;;;;;;;;;;;;;
7659505;TERRITOIRE;FT 93057/881;7659505;;OR16;OR16;OR19;OR19;;OCC;MCO;OK;27/02/2024;;E;C;T;;L3T;;;;;;;;;;;;;;;;
7771200;TERRITOIRE;FT 94068/1971;7771200;;OR16;OR16;OR19;OR19;;OCC;MCO;OK;20/03/2024;;E;C;T;;OHN;;;;;;;;;;;;;;;;
7511347;TERRITOIRE;FT 93059/160;7511347;;OR16;OR16;OR19;OR19;;OCC;MCO;OK;30/01/2024;;E;C;T;;OHN;;;;;;;;;;;;;;;;
7837804;TERRITOIRE;FT 92009/281;7837804;;OR16;OR16;OR19;OR19;;OCC;MCO;OK;04/04/2024;;E;C;I;;S3T;;;;;;;;;;;;;;;;
7600648;TERRITOIRE;FT 92044/546;7600648;;OR16;OR16;OR19;OR19;;OCC;MCO;OK;13/02/2024;;E;C;T;;L6T;;;;;;;;;;;;;;;;
7883513;TERRITOIRE;FT 78646/1302;7883513;;OR16;OR16;OR19;OR19;;OCC;MCO;OK;18/04/2024;;E;C;I;;A2;;;;;;;;;;;;;;;;
7654772;TERRITOIRE;FT 93007/898;7654772;;OR16;OR16;OR19;OR19;;OCC;MCO;OK;27/02/2024;;E;C;T;;D4;;;;;;;;;;;;;;;;
7594927;TERRITOIRE;FT 94002/77;7594927;;OR16;OR16;OR19;OR19;;OCC;MCO;OK;13/02/2024;;E;C;T;;L3T;;;;;;;;;;;;;;;;
7861427;TERRITOIRE;FT 94081/528;7861427;;OR16;OR16;OR19;OR19;;OCC;MCO;OK;12/04/2024;;E;C;I;;L3T;;;;;;;;;;;;;;;;
7679668;TERRITOIRE;FT 94046/534;7679668;;OR16;OR16;OR19;OR19;;OCC;MCO;OK;04/03/2024;;E;C;I;;L2T;;;;;;;;;;;;;;;;
7566449;TERRITOIRE;FT 93005/1930;7566449;;OR16;OR16;OR19;OR19;;OCC;MCO;OK;08/02/2024;;E;C;T;;A2;;;;;;;;;;;;;;;;
7837779;TERRITOIRE;FT 92025/66;7837779;;OR16;OR16;OR19;OR19;;OCC;MCO;OK;04/04/2024;;E;C;I;;OHN;;;;;;;;;;;;;;;;
7714560;TERRITOIRE;FT 92004/1113;7714560;;OR16;OR16;OR19;OR19;;OCC;MCO;OK;08/03/2024;;E;C;T;;S4T;;;;;;;;;;;;;;;;
7714558;TERRITOIRE;FT 92004/59;7714558;;OR16;OR16;OR19;OR19;;OCC;MCO;OK;08/03/2024;;E;C;T;;OHN;;;;;;;;;;;;;;;;
7714559;TERRITOIRE;FT 92004/527;7714559;;OR16;OR16;OR19;OR19;;OCC;MCO;OK;08/03/2024;;E;C;T;;S4T;;;;;;;;;;;;;;;;
1345090;TERRITOIRE;OPALYS;1345090;;OR227;OR227;OR20;OR20;;OCC;MCO;OK;04/10/2012;;E;C;T;;L2T;;;;;;;;;;;;;;;;
1346808;TERRITOIRE;OPALYS;1346808;;OR227;OR227;OR20;OR20;;OCC;MCO;OK;04/10/2012;;E;C;T;;L2T;;;;;;;;;;;;;;;;
168412;TERRITOIRE;L2T - IRISE;168412;;OR227;OR227;OR21;OR21;;CST;MCO;OK;27/02/2019;;E;C;T;;L2T;;;;;;;;;;;;;;;;
1353379;TERRITOIRE;RUE COUTURIER;1353379;;OR227;OR227;OR21;OR21;;CST;MCO;OK;15/09/2016;;E;C;T;;L1T;;;;;;;;;;;;;;;;
2481586;TERRITOIRE;21 RUE RASPAIL;2481586;;OR227;OR227;OR21;OR21;;CST;MCO;OK;22/08/2018;;E;C;T;;L1T;;;;;;;;;;;;;;;;
1937937;TERRITOIRE;CHAMBRE L2T RUE GUSTAVE EIFFEL - 01;1937937;;OR228;OR228;OR21;OR21;;CST;MCO;OK;16/02/2017;;E;C;T;;L2T;;;;;;;;;;;;;;;;
189817;TERRITOIRE;BD G.LECLERC/AVE BENOIT FRACHON (NANTERRE);189817;;OR228;OR228;OR21;OR21;;CST;MCO;OK;15/12/2011;;E;C;R;;L3T;;;;;;;;;;;;;;;;
476805;TERRITOIRE;RUE MAUREPAS (THIAIS);476805;;OR228;OR228;OR21;OR21;;CST;MCO;OK;16/07/2013;;E;C;T;;L3T;;;;;;;;;;;;;;;;
1341210;TERRITOIRE;IRISE;1341210;;OR228;OR228;OR21;OR21;;CST;MCO;OK;28/06/2013;;E;C;T;;K2C;;;;;;;;;;;;;;;;
1392990;TERRITOIRE;IRISE - A SUPPRIMER;1392990;;OR228;OR228;OR21;OR21;;CST;MCO;OK;02/04/2015;;E;C;T;;L3T;;;;;;;;;;;;;;;;
6474878;TERRITOIRE;CH6474878;6474878;;OR265;OR265;OR21;OR21;;CST;MCO;OK;30/07/2023;;E;C;T;;L3T;;;;;;;;;;;;;;;;
153672;TERRITOIRE;L3T - AVENUE DE LATTRE DE TASSIGNY;153672;;OR228;OR228;OR21;OR21;;CST;MCO;OK;26/09/2018;;E;C;T;;L3T;;;;;;;;;;;;;;;;
560322;HORS TERRITOIRE;RUE DE NORMANDIE;560322;;OR228;OR228;OR21;OR21;;CST;MCO;OK;09/09/2013;;E;C;T;;K2C;;;;;;;;;;;;;;;;
2417586;TERRITOIRE;SEVERINE / SEMBAT;2417586;;OR228;OR228;OR21;OR21;;CST;MCO;OK;12/04/2018;;E;C;T;;L4T;;;;;;;;;;;;;;;;
1344315;TERRITOIRE;RUE G.LEBIGOT / RUE PAUL BERT;1344315;;OR265;OR265;OR21;OR21;;CST;MCO;OK;16/08/2010;;E;C;T;;L3T;;;;;;;;;;;;;;;;
1339259;TERRITOIRE;L3T - RUE MARCEL CACHIN;1339259;;OR265;OR265;OR21;OR21;;CST;MCO;OK;20/09/2018;;E;C;T;;L3T;;;;;;;;;;;;;;;;
1475908;TERRITOIRE;MH1475908;1475908;;OR228;OR228;OR21;OR21;;CST;MCO;OK;10/08/2015;;E;C;T;;L3T;;;;;;;;;;;;;;;;
1344814;TERRITOIRE;L3T - N-1 VILLENEUVE LE ROI (HAUT);1344814;;OR228;OR228;OR21;OR21;;CST;MCO;OK;26/09/2018;;E;C;T;;L3T;;;;;;;;;;;;;;;;
175435;TERRITOIRE;48 AVENUE ROGER SALENGRO;175435;;OR265;OR265;OR21;OR21;;CST;MCO;OK;02/02/2012;;E;C;R;;L3T;;;;;;;;;;;;;;;;
193279;TERRITOIRE;BI 32 RUE JEAN MERMOZ ( NOISY LE SEC);193279;;OR12;OR12;OR21;OR21;;CST;MCO;OK;31/01/2012;;E;C;T;;;;;;;;;;;;;;;;;;
174623;TERRITOIRE;AVENUE EDOUARD VAILLANT;174623;;OR228;OR228;OR21;OR21;;CST;MCO;OK;21/05/2012;;E;C;R;;L3T;;;;;;;;;;;;;;;;
2414391;TERRITOIRE;76 RUE LEON GEFFROY;2414391;;OR228;OR228;OR21;OR21;;CST;MCO;OK;10/04/2018;;E;C;T;;L3T;;;;;;;;;;;;;;;;
355523;TERRITOIRE;L3T - AVENUE BARBUSSE-RUE DE LA CONVENTION;355523;;OR228;OR228;OR21;OR21;;CST;MCO;OK;10/08/2018;;E;C;T;;L3T;;;;;;;;;;;;;;;;
6291832;TERRITOIRE;CH6291832;6291832;;OR228;OR228;OR21;OR21;;CST;MCO;OK;06/09/2023;;E;C;R;;L2T;;;;;;;;;;;;;;;;
112643;TERRITOIRE;CHEMIN DES BASSINS;112643;;OR265;OR265;OR21;OR21;;CST;MCO;OK;26/11/2012;;E;C;T;;L3T;;;;;;;;;;;;;;;;
153671;TERRITOIRE;AV DE LATTRE DE TASSIGNY (ST MAUR) - 2;153671;;OR227;OR227;OR21;OR21;;CST;MCO;OK;26/09/2018;;E;C;T;;L3T;;;;;;;;;;;;;;;;
1345203;HORS TERRITOIRE;2Z13T02S01Z103;1345203;;OR282;OR282;OR21;OR21;;CST;MCO;OK;08/10/2012;;E;C;T;;L3T;;;;;;;;;;;;;;;;
174333;HORS TERRITOIRE;2Z13T02S01Z104;174333;;OR228;OR228;OR21;OR21;;CST;MCO;OK;22/11/2011;;E;C;R;;L3T;;;;;;;;;;;;;;;;
192745;HORS TERRITOIRE;20 RUE DE SURESNES;192745;;OR228;OR228;OR21;OR21;;CST;MCO;OK;12/03/2012;;E;C;R;;L3T;;;;;;;;;;;;;;;;
174481;TERRITOIRE;AV DE LATTRE DE TASSIGNY (ST MAUR) - 3;174481;;OR227;OR227;OR21;OR21;;CST;MCO;OK;26/09/2018;;E;C;T;;L3T;;;;;;;;;;;;;;;;
2587192;TERRITOIRE;L1T - SUEUR / RUFFINS;2587192;;OR265;OR265;OR21;OR21;;CST;MCO;OK;05/12/2018;;E;C;T;;L1T;;;;;;;;;;;;;;;;
7927026;TERRITOIRE;CH7927026;7927026;;OR228;OR228;OR21;OR21;;CST;MCO;OK;02/07/2024;;E;C;I;;K2C;;;;;;;;;;;;;;;;
2567025;TERRITOIRE;L3T - 96 AVENUE DU 8 MAI 1945;2567025;;OR265;OR265;OR21;OR21;;CST;MCO;OK;14/11/2018;;E;C;T;;L3T;;;;;;;;;;;;;;;;
587525;HORS TERRITOIRE;IRS - PROMENADE DE LA CHOCOLATERIE (NOISIEL) - BPE 1;587525;;OR265;OR265;OR21;OR21;;CST;MCO;OK;18/09/2013;;E;C;R;;L3T;;;;;;;;;;;;;;;;
647362;HORS TERRITOIRE;ROUTE DE LA LIBERATION;647362;;OR265;OR265;OR21;OR21;;CST;MCO;OK;23/10/2013;;E;C;T;;L3T;;;;;;;;;;;;;;;;
174580;HORS TERRITOIRE;CH174580;174580;;OR265;OR265;OR21;OR21;;CST;MCO;OK;17/02/2012;;E;C;R;;L3T;;;;;;;;;;;;;;;;
1391362;TERRITOIRE;RUE AUGER;1391362;;OR228;OR228;OR21;OR21;;CST;MCO;OK;30/03/2015;;E;C;T;;L1T;;;;;;;;;;;;;;;;
2495037;HORS TERRITOIRE;AVENUE DES TROIS FONTAINES I;2495037;;OR228;OR228;OR21;OR21;;CST;MCO;OK;12/09/2018;;E;C;T;;K2C;;;;;;;;;;;;;;;;
1344816;TERRITOIRE;L3T - N-1 POP FTTS LE PERREUX PISCINE;1344816;;OR228;OR228;OR21;OR21;;CST;MCO;OK;26/09/2018;;E;C;T;;L3T;;;;;;;;;;;;;;;;
192520;HORS TERRITOIRE;CHAMBRE L3T EXIST. INTERCO;192520;;OR228;OR228;OR21;OR21;;CST;MCO;OK;10/01/2008;;E;C;R;;L3T;;;;;;;;;;;;;;;;
181622;TERRITOIRE;235 RUE DE LA GARENNE;181622;;OR228;OR228;OR21;OR21;;CST;MCO;OK;19/12/2011;;E;C;R;;L3T;;;;;;;;;;;;;;;;
2587193;TERRITOIRE;L3C - SUEUR / GARE ROUTIERE;2587193;;OR265;OR265;OR21;OR21;;CST;MCO;OK;05/12/2018;;E;C;T;;HC;;;;;;;;;;;;;;;;
2499186;TERRITOIRE;AVENUE FRANCOIS ARAGO;2499186;;OR228;OR228;OR21;OR21;;CST;MCO;OK;17/09/2018;;E;C;T;;L3T;;;;;;;;;;;;;;;;
1476804;TERRITOIRE;MH1476804;1476804;;OR228;OR228;OR21;OR21;;CST;MCO;OK;11/08/2015;;E;C;T;;K2C;;;;;;;;;;;;;;;;
2514226;TERRITOIRE;L3T - N-1 2 ALLEE EUGENE BRUN;2514226;;OR228;OR228;OR21;OR21;;CST;MCO;OK;28/09/2018;;E;C;T;;L3T;;;;;;;;;;;;;;;;
1622401;TERRITOIRE;CHAMBRE L3T 92 AVENUE ARISTIDE BRIAND;1622401;;OR228;OR228;OR21;OR21;;CST;MCO;OK;21/12/2015;;E;C;T;;L3T;;;;;;;;;;;;;;;;
150021;TERRITOIRE;RUE FRANCOIS MITTERRAND;150021;;OR265;OR265;OR21;OR21;;CST;MCO;OK;20/12/2005;;E;C;R;;K2C;;;;;;;;;;;;;;;;
1476840;TERRITOIRE;MH1476840;1476840;;OR228;OR228;OR21;OR21;;CST;MCO;OK;11/08/2015;;E;C;T;;L3T;;;;;;;;;;;;;;;;
2417588;TERRITOIRE;84 RUE GABRIEL PERI;2417588;;OR227;OR227;OR21;OR21;;CST;MCO;OK;12/04/2018;;E;C;T;;K2C;;;;;;;;;;;;;;;;
5793595;TERRITOIRE;CH5793595;5793595;;;;OR21;OR21;;CST;MCO;OK;30/07/2023;;E;C;T;;L3T;;;;;;;;;;;;;;;;
150322;TERRITOIRE;IRS - RUE ANATOLE FRANCE CHAVILLE;150322;;OR265;OR265;OR21;OR21;;CST;MCO;OK;05/07/2004;;E;C;R;;L3T;;;;;;;;;;;;;;;;
1897282;TERRITOIRE;CINEMA CONRAD ADENAUER;1897282;;OR228;OR228;OR21;OR21;;CST;MCO;OK;11/01/2017;;E;C;T;;L3T;;;;;;;;;;;;;;;;
2567026;TERRITOIRE;L3T - VILLA MARCEL;2567026;;OR228;OR228;OR21;OR21;;CST;MCO;OK;14/11/2018;;E;C;T;;L3T;;;;;;;;;;;;;;;;
190173;TERRITOIRE;IRS - 1 RUE DE LA MOTTE - BPE 2;190173;;OR228;OR228;OR21;OR21;;CST;MCO;OK;05/12/2011;;E;C;R;;L3T;;;;;;;;;;;;;;;;
1806710;TERRITOIRE;QUAI BIR HAKEM;1806710;;OR227;OR227;OR21;OR21;;CST;MCO;OK;20/09/2016;;E;C;T;;L3T;;;;;;;;;;;;;;;;
1536002;TERRITOIRE;RUE CHARLES PATHE;1536002;;OR228;OR228;OR21;OR21;;CST;MCO;OK;19/10/2015;;E;C;T;;L3T;;;;;;;;;;;;;;;;
5793594;TERRITOIRE;CH5793594;5793594;;;;OR21;OR21;;CST;MCO;OK;30/07/2023;;E;C;T;;L2T;;;;;;;;;;;;;;;;
1886742;TERRITOIRE;20 MARCEL BOYER;1886742;;OR228;OR228;OR21;OR21;;CST;MCO;OK;05/01/2017;;E;C;T;;L3T;;;;;;;;;;;;;;;;
1392961;TERRITOIRE;L3T - N-1 BOBIGNY (PREFECTURE);1392961;;OR228;OR228;OR21;OR21;;CST;MCO;OK;26/09/2018;;E;C;T;;L3T;;;;;;;;;;;;;;;;
3124785;TERRITOIRE;CH3124785;3124785;;;;OR21;OR21;;CST;MCO;OK;30/07/2023;;E;C;T;;L3T;;;;;;;;;;;;;;;;
3124150;TERRITOIRE;CH3124150;3124150;;;;OR21;OR21;;CST;MCO;OK;30/07/2023;;E;C;T;;L3T;;;;;;;;;;;;;;;;
1370564;TERRITOIRE;AVENUE LENINE;1370564;;OR265;OR265;OR21;OR21;;CST;MCO;OK;27/02/2015;;E;C;T;;L3T;;;;;;;;;;;;;;;;
165519;TERRITOIRE;IRS - 63 AV EDOUARD HENRIOT;165519;;OR265;OR265;OR21;OR21;;CST;MCO;OK;07/10/2002;;E;C;R;;L3T;;;;;;;;;;;;;;;;
1476836;TERRITOIRE;MH1476836;1476836;;OR265;OR265;OR21;OR21;;CST;MCO;OK;11/08/2015;;E;C;T;;L3T;;;;;;;;;;;;;;;;
1391365;TERRITOIRE;RUE SALENGRO II;1391365;;OR265;OR265;OR21;OR21;;CST;MCO;OK;30/03/2015;;E;C;T;;L3T;;;;;;;;;;;;;;;;
1472685;TERRITOIRE;L3T IRISE;1472685;;;;OR21;OR21;;CST;MCO;OK;04/08/2015;;E;C;T;;L3T;;;;;;;;;;;;;;;;
3121927;TERRITOIRE;CH3121927;3121927;;;;OR21;OR21;;CST;MCO;OK;23/10/2020;;E;C;T;;L3T;;;;;;;;;;;;;;;;
3117433;TERRITOIRE;CH3117433;3117433;;;;OR21;OR21;;CST;MCO;OK;16/10/2020;;E;C;T;;L3T;;;;;;;;;;;;;;;;
476801;TERRITOIRE;BD DE STALINGRAD (THIAIS);476801;;OR265;OR265;OR21;OR21;;CST;MCO;OK;16/07/2013;;E;C;T;;L3T;;;;;;;;;;;;;;;;
428161;HORS TERRITOIRE;IRS - 29 RUE FRIEDBERG (VILLIERS SUR MARNE);428161;;OR265;OR265;OR21;OR21;;CST;MCO;OK;14/06/2013;;E;C;R;;L3T;;;;;;;;;;;;;;;;
2496631;TERRITOIRE;AVENUE DE LA METALLURGIE;2496631;;OR228;OR228;OR21;OR21;;CST;MCO;OK;13/09/2018;;E;C;T;;L1T;;;;;;;;;;;;;;;;
179577;HORS TERRITOIRE;112 AVENUE DU GENERAL LECLERC;179577;;OR228;OR228;OR21;OR21;;CST;MCO;OK;29/02/2012;;E;C;R;;L3T;;;;;;;;;;;;;;;;
1897281;TERRITOIRE;PARKING BLUM;1897281;;OR228;OR228;OR21;OR21;;CST;MCO;OK;11/01/2017;;E;C;T;;L3T;;;;;;;;;;;;;;;;
1344784;TERRITOIRE;IRS - 54 RUE FRATACCI (VANVES);1344784;;OR265;OR265;OR21;OR21;;CST;MCO;OK;13/08/2018;;E;C;T;;L3T;;;;;;;;;;;;;;;;
156552;TERRITOIRE;IRS - COSMONAUTES_BOUQUIN (LE BLANC-MESNIL);156552;;OR228;OR228;OR21;OR21;;CST;MCO;OK;12/06/2009;;E;C;R;;L3T;;;;;;;;;;;;;;;;
1369929;TERRITOIRE;L3T - IRISE;1369929;;OR228;OR228;OR21;OR21;;CST;MCO;OK;26/09/2018;;E;C;T;;L3T;;;;;;;;;;;;;;;;
1348500;TERRITOIRE;CH1348500;1348500;;OR228;OR228;OR21;OR21;;CST;MCO;OK;26/06/2013;;E;C;T;;L3T;;;;;;;;;;;;;;;;
173513;TERRITOIRE;IRS - PLACE MOREAU DAVID (FONTENAY-SOUS-BOIS);173513;;OR265;OR265;OR21;OR21;;CST;MCO;OK;01/02/2011;;E;C;R;;L3T;;;;;;;;;;;;;;;;
1536001;TERRITOIRE;L3T - RUE MARCEL CACHIN;1536001;;OR228;OR228;OR21;OR21;;CST;MCO;OK;20/09/2018;;E;C;T;;L3T;;;;;;;;;;;;;;;;
3071088;HORS TERRITOIRE;CH3071088;3071088;;OR287;OR287;OR21;OR21;;CST;MCO;OK;18/09/2020;;E;C;T;;L2T;;;;;;;;;;;;;;;;
1340911;TERRITOIRE;CHAMBRE IRISE L3T 67 AVENUE ARISTIDE BRIAND;1340911;;OR228;OR228;OR21;OR21;;CST;MCO;OK;08/07/2013;;E;C;T;;L3T;;;;;;;;;;;;;;;;
1333861;TERRITOIRE;RUE DES MARAIS;1333861;;OR228;OR228;OR21;OR21;;CST;MCO;OK;06/05/2014;;E;C;T;;L3T;;;;;;;;;;;;;;;;
156096;TERRITOIRE;2 RUE DE FONTENAY (SCEAUX);156096;;OR265;OR265;OR21;OR21;;CST;MCO;OK;29/12/2011;;E;C;R;;L3T;;;;;;;;;;;;;;;;
2602549;TERRITOIRE;LISBONNE / BOISSIERE;2602549;;OR228;OR228;OR21;OR21;;CST;MCO;OK;18/12/2018;;E;C;T;;L3T;;;;;;;;;;;;;;;;
3069751;HORS TERRITOIRE;CH3069751;3069751;;OR287;OR287;OR21;OR21;;CST;MCO;OK;18/09/2020;;E;C;T;;L2T;;;;;;;;;;;;;;;;
173698;TERRITOIRE;N-1 18 PLACE M DAVID;173698;;OR228;OR228;OR21;OR21;;CST;MCO;OK;20/02/2012;;E;C;R;;L3T;;;;;;;;;;;;;;;;
1391364;TERRITOIRE;RUE SALENGRO I;1391364;;OR265;OR265;OR21;OR21;;CST;MCO;OK;30/03/2015;;E;C;T;;L3T;;;;;;;;;;;;;;;;
1346061;HORS TERRITOIRE;CHAMBRE L3T LIBERTE/GOBELINS;1346061;;OR228;OR228;OR21;OR21;;CST;MCO;OK;25/10/2013;;E;C;T;;L3T;;;;;;;;;;;;;;;;
428162;HORS TERRITOIRE;IRS - RUE MARIE LOUISE - ROUTE DE BRY  (VILLIERS SUR MARNE);428162;;OR265;OR265;OR21;OR21;;CST;MCO;OK;14/06/2013;;E;C;R;;L3T;;;;;;;;;;;;;;;;
2495038;HORS TERRITOIRE;AVENUE DES TROIS FONTAINES II;2495038;;OR228;OR228;OR21;OR21;;CST;MCO;OK;12/09/2018;;E;C;T;;K2C;;;;;;;;;;;;;;;;
1886741;TERRITOIRE;CHAMBRE L1T IRISE;1886741;;OR228;OR228;OR21;OR21;;CST;MCO;OK;05/01/2017;;E;C;T;;L1T;;;;;;;;;;;;;;;;
2631360;TERRITOIRE;1 LEON GAMBETTA;2631360;;OR228;OR228;OR21;OR21;;CST;MCO;OK;21/01/2019;;E;C;T;;L1T;;;;;;;;;;;;;;;;
1456009;HORS TERRITOIRE;MH1456009;1456009;;OR228;OR228;OR21;OR21;;CST;MCO;OK;16/07/2015;;E;C;T;;L3T;;;;;;;;;;;;;;;;
2417618;TERRITOIRE;IBIS BODET;2417618;;OR265;OR265;OR21;OR21;;CST;MCO;OK;12/04/2018;;E;C;T;;L3T;;;;;;;;;;;;;;;;
1392978;TERRITOIRE;88 RUE ANATOLE FRANCE N-1;1392978;;OR265;OR265;OR21;OR21;;CST;MCO;OK;02/04/2015;;E;C;T;;L3T;;;;;;;;;;;;;;;;
1809587;TERRITOIRE;AVENUE DE LA RESISTANCE;1809587;;OR228;OR228;OR21;OR21;;CST;MCO;OK;22/09/2016;;E;C;T;;L1T;;;;;;;;;;;;;;;;
647361;HORS TERRITOIRE;IRS - RUE DE BRY-RUE GENERAL DE GAULLE (CHENNEVIERE SUR MARNE);647361;;OR228;OR228;OR21;OR21;;CST;MCO;OK;23/10/2013;;E;C;T;;L3T;;;;;;;;;;;;;;;;
192738;TERRITOIRE;2 AVENUE HOCHE (THIAIS);192738;;OR265;OR265;OR21;OR21;;CST;MCO;OK;21/02/2012;;E;C;R;;L3T;;;;;;;;;;;;;;;;
1392967;TERRITOIRE;39 AVENUE DE LUGO;1392967;;OR265;OR265;OR21;OR21;;CST;MCO;OK;02/04/2015;;E;C;T;;L3T;;;;;;;;;;;;;;;;
1476830;TERRITOIRE;MH1476830;1476830;;OR265;OR265;OR21;OR21;;CST;MCO;OK;11/08/2015;;E;C;T;;L3T;;;;;;;;;;;;;;;;
2481587;TERRITOIRE;19 RUE RASPAIL;2481587;;OR265;OR265;OR21;OR21;;CST;MCO;OK;22/08/2018;;E;C;T;;L1T;;;;;;;;;;;;;;;;
2495039;HORS TERRITOIRE;RUE DE LA PREFECTURE;2495039;;OR228;OR228;OR21;OR21;;CST;MCO;OK;12/09/2018;;E;C;T;;L3T;;;;;;;;;;;;;;;;
1373764;TERRITOIRE;ROUTE CHARLES TILLON;1373764;;OR228;OR228;OR21;OR21;;CST;MCO;OK;04/03/2015;;E;C;T;;L3T;;;;;;;;;;;;;;;;
3124158;TERRITOIRE;RUE LOUIS VICAT;3124158;;;;OR21;OR21;;CST;MCO;OK;30/07/2023;;E;C;T;;L2T;;;;;;;;;;;;;;;;
2417591;TERRITOIRE;ROND-POINT BICETRE;2417591;;OR227;OR227;OR21;OR21;;CST;MCO;OK;12/04/2018;;E;C;T;;K2C;;;;;;;;;;;;;;;;
5793586;TERRITOIRE;BOULEVARD ARISTIDE BRIAND;5793586;;;;OR21;OR21;;CST;MCO;OK;30/07/2023;;E;C;T;;L3T;;;;;;;;;;;;;;;;
5793590;TERRITOIRE;CH5793590;5793590;;;;OR21;OR21;;CST;MCO;OK;30/07/2023;;E;C;T;;L2T;;;;;;;;;;;;;;;;
1336522;TERRITOIRE;RUE  DE L OUEST;1336522;;OR228;OR228;OR21;OR21;;CST;MCO;OK;04/12/2012;;E;C;T;;L3T;;;;;;;;;;;;;;;;
1366721;TERRITOIRE;IRISE;1366721;;OR282;OR282;OR21;OR21;;CST;MCO;OK;25/02/2015;;E;C;T;;L3T;;;;;;;;;;;;;;;;
192513;HORS TERRITOIRE;IRISE - AVENUE DU GROS CHENE;192513;;OR228;OR228;OR21;OR21;;CST;MCO;OK;03/05/2012;;E;C;R;;L3T;;;;;;;;;;;;;;;;
1476803;HORS TERRITOIRE;K2C - IRISE;1476803;;OR228;OR228;OR21;OR21;;CST;MCO;OK;26/06/2019;;E;C;T;;K2C;;;;;;;;;;;;;;;;
1368645;TERRITOIRE;SFRCOLL_MH1368645;1368645;;OR228;OR228;OR21;OR21;;CST;MCO;OK;26/02/2015;;E;C;T;;L3T;;;;;;;;;;;;;;;;
4050227;TERRITOIRE;CHAMBRE POS?ÎE;4050227;;OR228;OR228;OR21;OR21;;CST;MCO;OK;19/11/2021;;E;C;T;;L2T;;;;;;;;;;;;;;;;
2602548;TERRITOIRE;BOISSIERE / NEUILLY;2602548;;OR228;OR228;OR21;OR21;;CST;MCO;OK;18/12/2018;;E;C;T;;K3C;;;;;;;;;;;;;;;;
2481585;TERRITOIRE;23 RUE RASPAIL;2481585;;OR228;OR228;OR21;OR21;;CST;MCO;OK;22/08/2018;;E;C;T;;L3T;;;;;;;;;;;;;;;;
3137707;TERRITOIRE;CH3137707;3137707;;;;OR21;OR21;;CST;MCO;OK;10/11/2020;;E;C;T;;L4T;;;;;;;;;;;;;;;;
1886740;TERRITOIRE;CHAMBRE L3T 14 JJ ROUSSEAU;1886740;;OR228;OR228;OR21;OR21;;CST;MCO;OK;05/01/2017;;E;C;T;;L3T;;;;;;;;;;;;;;;;
587522;HORS TERRITOIRE;IRS - AVENUE PASTEUR (NOISIEL) - BPE 1;587522;;OR265;OR265;OR21;OR21;;CST;MCO;OK;18/09/2013;;E;C;R;;L3T;;;;;;;;;;;;;;;;
373459;TERRITOIRE;IRS - 63 AVENUE CHARLES  FLOQUET (LE BLANC MESNIL);373459;;OR228;OR228;OR21;OR21;;CST;MCO;OK;15/05/2013;;E;C;T;;L3T;;;;;;;;;;;;;;;;
1345205;HORS TERRITOIRE;2Z13T02S01Z102;1345205;;OR282;OR282;OR21;OR21;;CST;MCO;OK;08/10/2012;;E;C;T;;L3T;;;;;;;;;;;;;;;;
1367048;HORS TERRITOIRE;SFRCOLL_MH1367048;1367048;;OR265;OR265;OR21;OR21;;CST;MCO;OK;25/02/2015;;E;C;T;;L3T;;;;;;;;;;;;;;;;
1393289;HORS TERRITOIRE;MH1393289;1393289;;OR228;OR228;OR21;OR21;;CST;MCO;OK;02/04/2015;;E;C;T;;L3T;;;;;;;;;;;;;;;;
1389144;TERRITOIRE;26 RUE JEAN MERMOZ;1389144;;OR228;OR228;OR21;OR21;;CST;MCO;OK;27/03/2015;;E;C;R;;L3T;;;;;;;;;;;;;;;;
1476838;TERRITOIRE;MH1476838;1476838;;OR265;OR265;OR21;OR21;;CST;MCO;OK;11/08/2015;;E;C;T;;L3T;;;;;;;;;;;;;;;;
184932;TERRITOIRE;IRS-AV ARISTIDE BRIAND SORTIE PARKING LAPEYRE(ARCUEIL);184932;;OR228;OR228;OR21;OR21;;CST;MCO;OK;29/08/2012;;E;C;R;;L3T;;;;;;;;;;;;;;;;
180601;TERRITOIRE;IRS - RUE GALILEE;180601;;OR228;OR228;OR21;OR21;;CST;MCO;OK;05/02/2004;;E;C;R;;L3T;;;;;;;;;;;;;;;;
2195842;HORS TERRITOIRE;CHAMBRE L2T 13 RUE DE PICASSO;2195842;;OR228;OR228;OR21;OR21;;CST;MCO;OK;14/09/2017;;E;C;T;;L2T;;;;;;;;;;;;;;;;
647364;HORS TERRITOIRE;IRS - 41 RUE DES FUSILLES DE CHATEAUBRIANT (CHENNEVIERE SUR MARNE);647364;;OR265;OR265;OR21;OR21;;CST;MCO;OK;23/10/2013;;E;C;T;;L3T;;;;;;;;;;;;;;;;
1472738;TERRITOIRE;MH1472738;1472738;;OR228;OR228;OR21;OR21;;CST;MCO;OK;04/08/2015;;E;C;T;;L3T;;;;;;;;;;;;;;;;
167641;TERRITOIRE;IRS - PAPIN/MOLIERE IVRY;167641;;OR228;OR228;OR21;OR21;;CST;MCO;OK;08/03/2005;;E;C;R;;K2C;;;;;;;;;;;;;;;;
1392987;TERRITOIRE;CHAMBRE L3T 2 RUE LOUIS BLERIOT;1392987;;OR228;OR228;OR21;OR21;;CST;MCO;OK;02/04/2015;;E;C;T;;L3T;;;;;;;;;;;;;;;;
792961;TERRITOIRE;IRS - CENTRE GEOTHERMIQUE_HAY_LES_ROSES 3;792961;;OR265;OR265;OR21;OR21;;CST;MCO;OK;18/02/2014;;E;C;T;;L3T;;;;;;;;;;;;;;;;
173366;TERRITOIRE;L3T - N-1 CHOISY LE ROI GARE(CHOISY LE ROI);173366;;OR228;OR228;OR21;OR21;;CST;MCO;OK;26/09/2018;;E;C;T;;L3T;;;;;;;;;;;;;;;;
154027;TERRITOIRE;N-1 CHAVILLE (GARE);154027;;OR265;OR265;OR21;OR21;;CST;MCO;OK;17/01/2012;;E;C;R;;L3T;;;;;;;;;;;;;;;;
1348705;TERRITOIRE;CH1348705;1348705;;OR265;OR265;OR21;OR21;;CST;MCO;OK;08/07/2013;;E;C;T;;K2C;;;;;;;;;;;;;;;;
476803;TERRITOIRE;RUE DES AUBEPINES (THIAIS);476803;;OR228;OR228;OR21;OR21;;CST;MCO;OK;16/07/2013;;E;C;T;;L3T;;;;;;;;;;;;;;;;
1392657;HORS TERRITOIRE;MH1392657;1392657;;OR228;OR228;OR21;OR21;;CST;MCO;OK;01/04/2015;;E;C;T;;L3T;;;;;;;;;;;;;;;;
1368641;TERRITOIRE;RUE GEYTER;1368641;;OR228;OR228;OR21;OR21;;CST;MCO;OK;10/08/2018;;E;C;T;;L1T;;;;;;;;;;;;;;;;
6155831;TERRITOIRE;CH6155831;6155831;;OR265;OR265;OR21;OR21;;CST;MCO;OK;06/09/2023;;E;C;R;;L3T;;;;;;;;;;;;;;;;
3069748;HORS TERRITOIRE;CH3069748;3069748;;OR287;OR287;OR21;OR21;;CST;MCO;OK;18/09/2020;;E;C;T;;L3T;;;;;;;;;;;;;;;;
3121925;TERRITOIRE;CH3121925;3121925;;;;OR21;OR21;;CST;MCO;OK;23/10/2020;;E;C;T;;L3T;;;;;;;;;;;;;;;;
3137703;TERRITOIRE;CH3137703;3137703;;;;OR21;OR21;;CST;MCO;OK;10/11/2020;;E;C;T;;L4T;;;;;;;;;;;;;;;;
3128317;TERRITOIRE;CH3128317;3128317;;;;OR21;OR21;;CST;MCO;OK;28/10/2020;;E;C;T;;L3T;;;;;;;;;;;;;;;;
3069749;HORS TERRITOIRE;CH3069749;3069749;;OR287;OR287;OR21;OR21;;CST;MCO;OK;18/09/2020;;E;C;T;;L3T;;;;;;;;;;;;;;;;
1336785;TERRITOIRE;RUE JULES VALLES;1336785;;OR228;OR228;OR21;OR21;;CST;MCO;OK;06/01/2014;;E;C;T;;L3T;;;;;;;;;;;;;;;;
3121921;TERRITOIRE;CH3121921;3121921;;;;OR21;OR21;;CST;MCO;OK;22/10/2020;;E;C;T;;L3T;;;;;;;;;;;;;;;;
174336;HORS TERRITOIRE;N-1_27 RUE DE REPUBLIQUE (VILLIERS SUR MARNE);174336;;OR228;OR228;OR21;OR21;;CST;MCO;OK;09/02/2012;;E;C;R;;L3T;;;;;;;;;;;;;;;;
189884;HORS TERRITOIRE;IRS - MORBRAS;189884;;OR227;OR227;OR21;OR21;;CST;MCO;OK;29/09/2004;;E;C;R;;L3T;;;;;;;;;;;;;;;;
3121930;TERRITOIRE;CH3121930;3121930;;;;OR21;OR21;;CST;MCO;OK;23/10/2020;;E;C;T;;L3T;;;;;;;;;;;;;;;;
3121932;TERRITOIRE;CH3121932;3121932;;;;OR21;OR21;;CST;MCO;OK;23/10/2020;;E;C;T;;L4T;;;;;;;;;;;;;;;;
3121923;TERRITOIRE;CH3121923;3121923;;;;OR21;OR21;;CST;MCO;OK;23/10/2020;;E;C;T;;L3T;;;;;;;;;;;;;;;;
1345033;HORS TERRITOIRE;ANGLE RUE DU GENERAL LECLERC / ALLEE MORBRAS;1345033;;OR265;OR265;OR21;OR21;;CST;MCO;OK;20/01/2014;;E;C;T;;L3T;;;;;;;;;;;;;;;;
3121933;TERRITOIRE;CH3121933;3121933;;;;OR21;OR21;;CST;MCO;OK;22/10/2020;;E;C;T;;L2T;;;;;;;;;;;;;;;;
3124151;TERRITOIRE;CH3124151;3124151;;;;OR21;OR21;;CST;MCO;OK;26/02/2024;;E;C;T;;L3T;;;;;;;;;;;;;;;;
3069750;HORS TERRITOIRE;CH3069750;3069750;;OR287;OR287;OR21;OR21;;CST;MCO;OK;18/09/2020;;E;C;T;;L3T;;;;;;;;;;;;;;;;
3121937;TERRITOIRE;CH3121937;3121937;;;;OR21;OR21;;CST;MCO;OK;21/10/2020;;E;C;T;;L3T;;;;;;;;;;;;;;;;
3137701;TERRITOIRE;CH3137701;3137701;;;;OR21;OR21;;CST;MCO;OK;10/11/2020;;E;C;T;;L3T;;;;;;;;;;;;;;;;
3117435;TERRITOIRE;CH3117435;3117435;;;;OR21;OR21;;CST;MCO;OK;16/10/2020;;E;C;T;;L3T;;;;;;;;;;;;;;;;
3128311;TERRITOIRE;CH3128311;3128311;;;;OR21;OR21;;CST;MCO;OK;28/10/2020;;E;C;T;;L3T;;;;;;;;;;;;;;;;
3128315;TERRITOIRE;CH3128315;3128315;;;;OR21;OR21;;CST;MCO;OK;28/10/2020;;E;C;T;;L2T;;;;;;;;;;;;;;;;
3121936;TERRITOIRE;CH3121936;3121936;;;;OR21;OR21;;CST;MCO;OK;23/10/2020;;E;C;T;;K2C;;;;;;;;;;;;;;;;
3148467;TERRITOIRE;CH3148467;3148467;;;;OR21;OR21;;CST;MCO;OK;23/11/2020;;E;C;T;;L3T;;;;;;;;;;;;;;;;
615682;TERRITOIRE;RUE ERNEST RENAN;615682;;OR228;OR228;OR21;OR21;;CST;MCO;OK;02/10/2013;;E;C;T;;HC;;;;;;;;;;;;;;;;
1333327;TERRITOIRE;CHAMBRE L2T;1333327;;OR265;OR265;OR21;OR21;;CST;MCO;OK;04/12/2012;;E;C;T;;L2T;;;;;;;;;;;;;;;;
1348095;TERRITOIRE;Rue de Chalais;1348095;;OR228;OR228;OR21;OR21;;CST;MCO;OK;07/05/2010;;E;C;T;;L3T;;;;;;;;;;;;;;;;
1373765;TERRITOIRE;AVENUE DE LA VICTOIRE 1;1373765;;OR228;OR228;OR21;OR21;;CST;MCO;OK;04/03/2015;;E;C;T;;L3T;;;;;;;;;;;;;;;;
1473282;TERRITOIRE;RUE LUZERNIERE;1473282;;OR228;OR228;OR21;OR21;;CST;MCO;OK;05/08/2015;;E;C;T;;L3T;;;;;;;;;;;;;;;;
649281;TERRITOIRE;AVENUE DE LA METALLURGIE I;649281;;OR228;OR228;OR21;OR21;;CST;MCO;OK;24/10/2013;;E;C;T;;L3T;;;;;;;;;;;;;;;;
1339256;TERRITOIRE;L3T - RD POINT DES 6 ROUTES (LA COURNEUVE);1339256;;OR227;OR227;OR21;OR21;;CST;MCO;OK;08/07/2013;;E;C;T;;L3T;;;;;;;;;;;;;;;;
469442;TERRITOIRE;AVENUE DU MARECHAL DE LATTRE DE TASSIGNY;469442;;OR228;OR228;OR21;OR21;;CST;MCO;OK;11/07/2013;;E;C;T;;L3T;;;;;;;;;;;;;;;;
1065926;TERRITOIRE;ROUTE CHARLES TILLON;1065926;;OR265;OR265;OR21;OR21;;CST;MCO;OK;24/07/2014;;E;C;T;;L3T;;;;;;;;;;;;;;;;
1346809;TERRITOIRE;RUE GUY DE GOUYON;1346809;;OR228;OR228;OR21;OR21;;CST;MCO;OK;04/10/2012;;E;C;T;;L3T;;;;;;;;;;;;;;;;
652482;TERRITOIRE;105 RUE GUY MOQUET (CHAMPIGNY/MARNE);652482;;OR228;OR228;OR21;OR21;;CST;MCO;OK;25/10/2013;;E;C;R;;L3T;;;;;;;;;;;;;;;;
1368644;TERRITOIRE;RUE DU HAMEAU;1368644;;OR228;OR228;OR21;OR21;;CST;MCO;OK;10/08/2018;;E;C;T;;L3T;;;;;;;;;;;;;;;;
1937938;TERRITOIRE;CHAMBRE L3T RUE GUSTAVE EIFFEL;1937938;;OR228;OR228;OR21;OR21;;CST;MCO;OK;16/02/2017;;E;C;T;;L3T;;;;;;;;;;;;;;;;
1391366;TERRITOIRE;RUE SALENGRO III;1391366;;OR265;OR265;OR21;OR21;;CST;MCO;OK;30/03/2015;;E;C;T;;L3T;;;;;;;;;;;;;;;;
690241;TERRITOIRE;BOULEVARD DE LA MARNE;690241;;OR228;OR228;OR21;OR21;;CST;MCO;OK;25/11/2013;;E;C;R;;L3T;;;;;;;;;;;;;;;;
1334779;TERRITOIRE;AVENUE BODES;1334779;;OR228;OR228;OR21;OR21;;CST;MCO;OK;15/09/2016;;E;C;T;;L3T;;;;;;;;;;;;;;;;
1065925;TERRITOIRE;IRS - 131 AV DE LA VICTOIRE (ORLY);1065925;;OR265;OR265;OR21;OR21;;CST;MCO;OK;24/07/2014;;E;C;T;;L3T;;;;;;;;;;;;;;;;
1333355;TERRITOIRE;L3T - IRISE;1333355;;OR228;OR228;OR21;OR21;;CST;MCO;OK;29/11/2012;;E;C;T;;L3T;;;;;;;;;;;;;;;;
7927025;TERRITOIRE;CH7927025;7927025;;OR228;OR228;OR21;OR21;;CST;MCO;OK;02/07/2024;;E;C;I;;K2C;;;;;;;;;;;;;;;;
2481588;TERRITOIRE;CH2481588;2481588;;OR227;OR227;OR229;OR229;;OCC;MCO;OK;22/08/2018;;E;C;T;;L1T;;;;;;;;;;;;;;;;
1340922;TERRITOIRE;IRISE I;1340922;;OR227;OR227;OR229;OR229;;OCC;MCO;OK;08/07/2013;;E;C;T;;L1T;;;;;;;;;;;;;;;;
1346927;TERRITOIRE;L1T - ECLAIRAGE PUBLIC;1346927;;OR227;OR227;OR229;OR229;;OCC;MCO;OK;10/08/2018;;E;C;T;;L1T;;;;;;;;;;;;;;;;
3128313;TERRITOIRE;CH3128313;3128313;;;;OR229;OR21;;OCC;MCO;OK;28/10/2020;;E;C;T;;L2T;;;;;;;;;;;;;;;;
2851510;TERRITOIRE;CH2851510;2851510;;OR287;OR287;OR229;OR229;;OCC;MCO;OK;06/11/2019;;E;C;T;;L2T;;;;;;;;;;;;;;;;
2495989;TERRITOIRE;CH2495989;2495989;;OR227;OR227;OR23;OR23;;OCC;MCO;OK;13/09/2018;;E;C;T;;L3T;;;;;;;;;;;;;;;;
1493446;HORS TERRITOIRE;SITER;1493446;;OR265;OR265;OR5;OR5;;OCC;MCO;OK;03/09/2015;;E;C;T;;L3T;;;;;;;;;;;;;;;;
